run,clientPid,callback,generation,requestId,client_resolveNs,client_registerNs,client_encodeNs,request_transportNs,server_admissionNs,server_queueNs,server_dispatchNs,server_businessNs,server_reply_encodeNs,reply_transportNs,client_resumeNs,totalNs
traceon5,10079,137475335,1,51,140000,1009584,145000,118437,307136,162656,469792,29635,14115,113125,377291,2416979
traceon5,10079,137475335,1,52,233229,82239,336667,312917,132968,151094,284062,18750,13594,366354,195833,1843645
traceon5,10079,137475335,1,53,152552,87604,62656,90729,137969,119375,257344,23125,12708,104844,248281,1039843
traceon5,10079,137475335,1,54,136615,72291,68386,105052,104010,109532,213542,19062,16354,81875,207657,920834
traceon5,10079,137475335,1,55,108750,58489,56875,96823,112240,104114,216354,16302,10625,101303,206510,872031
traceon5,10079,137475335,1,56,104531,56355,72812,90208,98542,105833,204375,18907,38906,131458,194375,911927
traceon5,10079,137475335,1,57,169688,67239,72865,109531,94011,122291,216302,47292,15365,111354,188958,998594
traceon5,10079,137475335,1,58,115261,69375,68542,94791,100469,94271,194740,15937,11667,74375,189635,834323
traceon5,10079,137475335,1,59,128854,84011,62083,102969,100573,155729,256302,17812,12709,78125,475416,1218281
traceon5,10079,137475335,1,60,122187,59948,55885,136250,122396,108229,230625,17032,14218,99532,177760,913437
traceon5,10079,137475335,1,61,119844,78750,63594,112916,102188,116823,219011,19479,14115,118750,196770,943229
traceon5,10079,137475335,1,62,132344,66823,66145,107709,115729,98958,214687,15313,13021,81927,148802,846771
traceon5,10079,137475335,1,63,104323,79844,69896,80937,109636,95989,205625,16927,14792,74219,143281,789844
traceon5,10079,137475335,1,64,100260,54063,75052,80000,102344,104687,207031,14740,11094,72552,228333,843125
traceon5,10079,137475335,1,65,112968,58594,100886,90416,99063,104739,203802,16459,13958,76562,206719,880364
traceon5,10079,137475335,1,66,99895,57448,59271,94219,131250,145625,276875,16302,12292,96666,164271,877239
traceon5,10079,137475335,1,67,210469,68594,328125,120000,100468,101719,202187,19375,12344,85833,168125,1215052
traceon5,10079,137475335,1,68,156406,66094,72239,96354,110834,104166,215000,20521,13021,117292,288646,1045573
traceon5,10079,137475335,1,69,142917,85625,77291,97969,96198,102083,198281,18803,12343,90313,134687,858229
traceon5,10079,137475335,1,70,106667,55104,76146,78802,102760,126042,228802,14114,10313,80312,145834,796094
traceon5,10079,137475335,1,71,103490,53073,65312,104011,103489,98906,202395,15313,10052,73854,136823,764323
traceon5,10079,137475335,1,72,107709,57812,61719,117187,115834,97135,212969,24844,12448,75052,177083,846823
traceon5,10079,137475335,1,73,116198,68125,61875,106562,99636,121979,221615,16198,11354,82500,152344,836771
traceon5,10079,137475335,1,74,104948,61771,69531,85677,101927,86354,188281,13959,11250,69062,139167,743646
traceon5,10079,137475335,1,75,181927,72135,74948,97448,101615,103385,205000,18750,12813,111614,274323,1048958
traceon5,10079,137475335,1,76,114427,78906,58021,115156,117135,118698,235833,15990,11614,85365,181823,897135
traceon5,10079,137475335,1,77,121875,67187,85469,115573,131146,116145,247291,13750,34271,76563,149739,911718
traceon5,10079,137475335,1,78,109011,93542,61093,93125,106615,90833,197448,14063,12396,70781,191666,843125
traceon5,10079,137475335,1,79,155833,73438,71198,121041,151823,116094,267917,13906,12083,77657,153854,946927
traceon5,10079,137475335,1,80,125885,77084,64427,120468,114480,102812,217292,16042,15416,72552,151198,860364
traceon5,10079,137475335,1,81,627552,56510,71927,102865,105885,97813,203698,14896,11510,80260,157344,1326562
traceon5,10079,137475335,1,82,148229,67240,83593,104948,127292,149167,276459,15937,12240,112187,172448,993281
traceon5,10079,137475335,1,83,97916,61980,56198,92395,121771,122917,244688,14635,13021,104740,144739,830312
traceon5,10079,137475335,1,84,112240,58073,66093,84740,112552,132708,245260,14584,12135,90625,180052,863802
traceon5,10079,137475335,1,85,102083,54948,55416,86459,110052,94323,204375,13541,14844,84740,144583,760989
traceon5,10079,137475335,1,86,102031,52500,81771,96458,113646,102761,216407,14114,12604,88750,153907,818542
traceon5,10079,137475335,1,87,98750,53125,70729,97813,109739,101563,211302,13489,11875,88073,140886,786042
traceon5,10079,137475335,1,88,101823,53177,69271,157136,135937,100938,236875,25573,12343,92136,166406,914740
traceon5,10079,137475335,1,89,114688,60625,53854,100781,130677,108698,239375,13854,11771,88021,167187,850156
traceon5,10079,137475335,1,90,91198,50989,60157,106145,120573,122344,242917,19271,13125,111302,181979,877083
traceon5,10079,137475335,1,91,439114,96198,75729,112657,106770,95521,202291,13386,10573,86406,161042,1197396
traceon5,10079,137475335,1,92,229584,865885,61615,111823,140625,118750,259375,17031,12760,103802,176771,1838646
traceon5,10079,137475335,1,93,131198,60156,64323,82969,103698,103281,206979,16979,30521,86198,167031,846354
traceon5,10079,137475335,1,94,126510,67240,72135,98594,96927,154010,250937,14948,11667,102083,140157,884271
traceon5,10079,137475335,1,95,106667,79114,66250,84427,100938,98385,199323,16250,14323,80521,138854,785729
traceon5,10079,137475335,1,96,215365,79271,79427,102239,101459,107291,208750,15678,11302,73541,157500,943073
traceon5,10079,137475335,1,97,104531,72552,62552,77917,97604,89740,187344,15156,11510,84063,155937,771562
traceon5,10079,137475335,1,98,183490,57500,274583,104063,122760,103594,226354,14115,10989,118177,175677,1164948
traceon5,10079,137475335,1,99,104166,52657,80364,85208,97448,412188,509636,18646,12604,169427,174844,1207552
traceon5,10079,137475335,1,100,110781,59740,66719,116041,97448,118438,215886,22344,15208,119792,183281,909792
traceon5,10079,137475335,1,101,124011,63646,83229,89583,117292,96510,213802,17917,14323,78489,139167,824167
traceon5,10079,137475335,1,102,110937,60677,73959,79843,107500,102344,209844,17709,11562,73229,132084,769844
traceon5,10079,137475335,1,103,111719,70573,83281,85729,104375,94167,198542,16146,12604,84792,215208,878594
traceon5,10079,137475335,1,104,93438,71250,72291,80521,100729,90313,191042,16406,11615,125781,133906,796250
traceon5,10079,137475335,1,105,112083,81042,60416,111198,127292,97396,224688,15208,11667,82344,160729,859375
traceon5,10079,137475335,1,106,136615,66250,68750,88802,106719,91666,198385,16719,12031,92709,147916,828177
traceon5,10079,137475335,1,107,167083,62292,64011,216875,291197,95313,386510,16406,103854,388282,212916,1618229
traceon5,10079,137475335,1,108,112083,58646,74896,96302,111875,121563,233438,19166,12917,145000,194687,947135
traceon5,10079,137475335,1,109,125938,60000,63802,94323,111875,163125,275000,19010,11042,78958,154583,882656
traceon5,10079,137475335,1,110,71458,45886,35416,59063,112760,117448,230208,17708,12084,113281,248750,833854
traceon5,10079,137475335,1,111,137916,64115,68177,97188,110208,116927,227135,23229,13334,85625,207812,924531
traceon5,10079,137475335,1,112,969531,107657,67864,201198,321875,123021,444896,13594,11666,502344,167761,2486511
traceon5,10079,137475335,1,113,53020,44323,28021,1047344,145989,149375,295364,14219,11459,1050468,256250,2800468
traceon5,10079,137475335,1,114,165573,90937,67448,96771,127083,132031,259114,28334,12812,89323,896302,1706614
traceon5,10079,137475335,1,115,137240,91719,61302,108854,125729,123125,248854,19063,13177,105677,188281,974167
traceon5,10079,137475335,1,116,230312,83073,85677,111302,243698,108438,352136,20104,12813,116197,199271,1210885
traceon5,10079,137475335,1,117,233177,99740,68020,119688,118333,120052,238385,19740,12552,156823,381927,1330052
traceon5,10079,137475335,1,118,283177,288385,86042,103542,159531,127552,287083,20625,13646,102291,187448,1372239
traceon5,10079,137475335,1,119,126719,66666,60521,117969,106615,89791,196406,13646,33698,78385,242500,936510
traceon5,10079,137475335,1,120,131094,67604,74688,94479,108750,137656,246406,16979,13073,119011,187864,951198
traceon5,10079,137475335,1,121,132813,78021,55729,76979,99219,100000,199219,15729,11875,84427,171875,826667
traceon5,10079,137475335,1,122,123906,63021,68229,99427,96667,104844,201511,16406,58073,64375,164010,858958
traceon5,10079,137475335,1,123,102969,84062,56511,105000,105416,94948,200364,15104,11042,243802,205781,1024635
traceon5,10079,137475335,1,124,130625,61927,60000,78594,94010,105573,199583,14844,10520,129948,204532,890573
traceon5,10079,137475335,1,125,139114,57136,58333,120521,97917,117187,215104,13490,9479,312448,489166,1414791
traceon5,10079,137475335,1,126,100209,60625,63021,214114,119479,124063,243542,19271,12656,102708,200573,1016719
traceon5,10079,137475335,1,127,162291,99323,68802,110209,150520,122552,273072,19480,11979,128541,240313,1114010
traceon5,10079,137475335,1,128,133281,98229,106407,111822,112865,111719,224584,16458,10833,95678,201041,998333
traceon5,10079,137475335,1,129,136666,101927,76823,98906,107761,114375,222136,14479,12917,123802,271614,1059270
traceon5,10079,137475335,1,130,128073,77604,67865,128125,101718,106823,208541,12605,10729,105937,229427,968906
traceon5,10079,137475335,1,131,124584,105416,68386,252864,119792,166094,285886,16250,53333,108646,217344,1232709
traceon5,10079,137475335,1,132,120781,69740,69323,138750,174531,129114,303645,14427,10417,130417,276510,1134010
traceon5,10079,137475335,1,133,103281,100990,58073,169792,120000,105677,225677,13437,9479,135261,212031,1028021
traceon5,10079,137475335,1,134,175833,75938,65052,117604,117604,115937,233541,14323,10000,89011,223073,1004375
traceon5,10079,137475335,1,135,203542,85833,80938,133750,114010,149948,263958,26927,12813,109166,204896,1121823
traceon5,10079,137475335,1,136,152969,107500,60573,99896,110156,113438,223594,17291,10730,81770,191198,945521
traceon5,10079,137475335,1,137,134323,94167,83177,92031,96250,91719,187969,15468,10573,110209,196302,924219
traceon5,10079,137475335,1,138,133021,159583,89428,120156,98229,165885,264114,12448,10417,106562,249428,1145157
traceon5,10079,137475335,1,139,197917,92969,68489,97604,97969,195156,293125,19375,12813,111875,235104,1129271
traceon5,10079,137475335,1,140,145573,111302,61771,122500,145052,135156,280208,16719,39948,92083,272761,1142865
traceon5,10079,137475335,1,141,63020,50782,31458,63385,140573,154115,294688,17135,11615,142500,264375,938958
traceon5,10079,137475335,1,142,165834,99010,81094,123646,108802,109739,218541,14896,10365,93906,260104,1067396
traceon5,10079,137475335,1,143,161198,79583,73229,103802,108958,127292,236250,16927,11511,125833,273750,1082083
traceon5,10079,137475335,1,144,147552,82604,64479,93542,122135,200781,322916,22084,12604,141354,200833,1087968
traceon5,10079,137475335,1,145,180625,94688,58542,133437,191198,144271,335469,14531,9636,113281,272916,1213125
traceon5,10079,137475335,1,146,144584,67864,62604,191667,114219,110469,224688,15364,9688,98125,263125,1077709
traceon5,10079,137475335,1,147,152448,78385,76303,150208,104219,124635,228854,15573,11198,112708,348594,1174271
traceon5,10079,137475335,1,148,170886,97916,64532,107500,110989,141719,252708,14427,11302,135000,212604,1066875
traceon5,10079,137475335,1,149,148646,81771,74792,123802,101979,104115,206094,14479,10729,94896,248698,1003907
traceon5,10079,137475335,1,150,156979,108177,71094,109063,99114,124688,223802,16823,11666,126979,269011,1093594
traceon5,10079,137475335,1,151,129375,85938,58125,280781,96198,138490,234688,13177,9948,261250,235677,1308959
traceon5,10079,137475335,1,152,136042,240729,99688,95468,99219,170209,269428,19635,12344,89218,307865,1270417
traceon5,10079,137475335,1,153,138125,77240,70521,259687,123854,129167,253021,15885,11302,125573,270104,1221458
traceon5,10079,137475335,1,154,153438,113646,74791,177656,99011,108073,207084,19583,12031,107709,280260,1146198
traceon5,10079,137475335,1,155,167813,104583,70625,114271,107031,129219,236250,16094,12812,128073,271979,1122500
traceon5,10079,137475335,1,156,235000,92135,91355,103906,106250,119844,226094,26510,12604,119063,265208,1171875
traceon5,10079,137475335,1,157,169218,71042,80156,124219,125156,117865,243021,15312,10105,106979,284062,1104114
traceon5,10079,137475335,1,158,158542,211354,91042,133020,100782,131510,232292,12500,9063,94948,216718,1159479
traceon5,10079,137475335,1,159,159011,81041,56719,117604,113073,107344,220417,14635,10521,102084,246145,1008177
traceon5,10079,137475335,1,160,210885,74115,68906,116562,106250,131979,238229,19115,13073,129479,227292,1097656
traceon5,10079,137475335,1,161,140729,79375,58854,151563,99323,121823,221146,39166,12709,89427,222343,1015312
traceon5,10079,137475335,1,162,123854,85833,64479,113177,96927,106146,203073,15938,10573,92968,260573,970468
traceon5,10079,137475335,1,163,167500,85104,59427,108125,106302,125417,231719,16666,11928,116510,262135,1059114
traceon5,10079,137475335,1,164,163646,115208,78490,96979,99271,116302,215573,13854,11406,105469,270937,1071562
traceon5,10079,137475335,1,165,150521,67240,67500,132916,119792,132448,252240,14531,11719,124688,284010,1105365
traceon5,10079,137475335,1,166,391198,232657,78489,129479,111615,117604,229219,16823,23177,95573,277917,1474532
traceon5,10079,137475335,1,167,153854,115157,63697,98803,114166,131250,245416,15886,11145,115313,227083,1046354
traceon5,10079,137475335,1,168,130364,78229,64427,109844,96823,149635,246458,14480,11354,89375,231354,975885
traceon5,10079,137475335,1,169,119271,80260,75521,120885,100625,102084,202709,14739,10469,145052,210885,979791
traceon5,10079,137475335,1,170,137396,74010,66615,117812,131198,118750,249948,12865,11823,119218,214011,1003698
traceon5,10079,137475335,1,171,118958,121250,67552,116458,110313,103854,214167,13542,9948,90312,269583,1021770
traceon5,10079,137475335,1,172,142968,81407,57187,112865,119948,115729,235677,18177,10677,97239,278803,1035000
traceon5,10079,137475335,1,173,135417,86667,70000,110312,220469,125625,346094,18021,12395,173542,196250,1148698
traceon5,10079,137475335,1,174,146614,112552,68490,111875,109167,173073,282240,15781,10833,107604,168698,1024687
traceon5,10079,137475335,1,175,71615,41198,35052,125781,142135,136198,278333,52136,13646,107343,272344,997448
traceon5,10079,137475335,1,176,169688,91927,71458,111406,108125,111459,219584,16094,10468,93698,215417,999740
traceon5,10079,137475335,1,177,171771,114323,87969,134062,108646,103802,212448,11719,10260,108594,229792,1080938
traceon5,10079,137475335,1,178,146303,93385,69479,116927,100938,109271,210209,15052,11302,98958,213385,975000
traceon5,10079,137475335,1,179,158385,84375,61719,239896,102187,110469,212656,16302,12969,99218,195573,1081093
traceon5,10079,137475335,1,180,141198,84062,54323,284584,150781,199062,349843,25209,13125,126406,231458,1310208
traceon5,10079,137475335,1,181,152604,74896,77864,95886,97916,108490,206406,18021,12083,96146,228229,962135
traceon5,10079,137475335,1,182,137968,74375,77813,107396,116250,110521,226771,13541,8386,82187,251042,979479
traceon5,10079,137475335,1,183,189896,86875,69687,97604,107500,114271,221771,13646,10781,88021,199063,977344
traceon5,10079,137475335,1,184,126458,109480,72916,87604,108646,107084,215730,14635,11198,82396,261458,981875
traceon5,10079,137475335,1,185,158958,99844,68177,95990,98125,100729,198854,24115,9583,79531,331302,1066354
traceon5,10079,137475335,1,186,168230,72187,72031,104896,117188,115000,232188,12448,10364,130365,203489,1006198
traceon5,10079,137475335,1,187,135313,73385,57500,240000,379167,126510,505677,15625,12813,111718,241563,1393594
traceon5,10079,137475335,1,188,156667,83021,58021,209062,112708,127136,239844,15521,11718,101094,206719,1081667
traceon5,10079,137475335,1,189,132291,94375,91823,108959,114531,121927,236458,19219,11823,82760,170417,948125
traceon5,10079,137475335,1,190,121354,56719,31406,58437,112292,128229,240521,16667,22500,90312,215625,853541
traceon5,10079,137475335,1,191,158177,78229,73073,111719,122552,162916,285468,13907,10937,80104,229479,1041093
traceon5,10079,137475335,1,192,129479,101094,75364,99063,94323,94635,188958,14375,10625,78385,197813,895156
traceon5,10079,137475335,1,193,134792,75573,66875,153593,126615,199010,325625,13177,10677,97761,398333,1276406
traceon5,10079,137475335,1,194,167917,67292,73906,254948,273385,117032,390417,16979,11458,240260,228438,1451615
traceon5,10079,137475335,1,195,129271,76979,67448,97031,111719,112031,223750,16511,11875,139687,189688,952240
traceon5,10079,137475335,1,196,137343,97969,82813,102083,114375,110312,224687,16563,10989,77657,195104,945208
traceon5,10079,137475335,1,197,126719,76667,68906,91510,128490,166615,295105,14739,9948,79375,178125,941094
traceon5,10079,137475335,1,198,127448,85052,78490,107604,97709,100312,198021,14271,9531,85156,209167,914740
traceon5,10079,137475335,1,199,130834,82812,58854,98646,112344,110625,222969,13906,9844,77031,217917,912813
traceon5,10079,137475335,1,200,121146,81145,68855,113958,110781,102344,213125,12812,9844,136354,214480,971719
traceon5,10079,137475335,1,201,115625,80208,56302,119428,217656,120937,338593,14896,9688,172552,551510,1458802
traceon5,10079,137475335,1,202,135989,73959,75416,120365,115781,118229,234010,18125,11875,116823,212813,999375
traceon5,10079,137475335,1,203,142552,89583,69896,101979,111511,111875,223386,16927,10833,120104,212500,987760
traceon5,10079,137475335,1,204,144167,92968,72865,96302,98542,99687,198229,15261,11354,79739,189740,900625
traceon5,10079,137475335,1,205,135520,89740,63125,92865,93125,101354,194479,14791,11094,80677,187448,869739
traceon5,10079,137475335,1,206,131614,86459,63229,93594,104114,101511,205625,27031,12083,84115,192187,895937
traceon5,10079,137475335,1,207,173645,76198,73282,95208,90677,93385,184062,13282,10156,210677,345781,1182291
traceon5,10079,137475335,1,208,134375,89427,58229,243542,125625,180364,305989,22761,13229,120104,258594,1246250
traceon5,10079,137475335,1,209,152135,106719,64167,97812,113802,113073,226875,17865,11875,79375,204895,961718
traceon5,10079,137475335,1,210,157917,83021,80469,115364,120781,101302,222083,15521,12396,93490,193593,973854
traceon5,10079,137475335,1,211,155000,91563,67344,126770,100730,107968,208698,17448,22917,99792,190312,979844
traceon5,10079,137475335,1,212,133073,103073,59010,113021,181302,94740,276042,18021,14322,96303,162447,975312
traceon5,10079,137475335,1,213,119583,92136,79739,109011,98854,101146,200000,15520,10990,85833,168907,881719
traceon5,10079,137475335,1,214,105416,83386,54427,102656,110677,111302,221979,16927,12344,92969,333229,1023333
traceon5,10079,137475335,1,215,584896,267865,90521,170729,1140937,187084,1328021,8802,8594,253697,219375,2932500
traceon5,10079,137475335,1,216,117031,85260,67761,249114,138906,9177657,9316563,36562,17656,297136,357500,10544583
traceon5,10079,137475335,1,217,177240,103385,73802,92292,133906,92344,226250,5937,6302,106094,221875,1013177
traceon5,10079,137475335,1,218,196980,98802,71666,120261,137708,170885,308593,20469,14011,113125,203020,1146927
traceon5,10079,137475335,1,219,164115,93542,58906,262969,132031,866302,998333,127239,12188,102604,282500,2102396
traceon5,10079,137475335,1,220,143438,86406,57344,106510,137187,154375,291562,197813,24375,102917,209843,1220208
traceon5,10079,137475335,1,221,151718,76563,70156,113750,124896,123594,248490,18750,12656,115573,207969,1015625
traceon5,10079,137475335,1,222,81823,54219,38229,39375,120469,170156,290625,16875,11771,124218,215573,872708
traceon5,10079,137475335,1,223,114948,68125,76354,117500,144896,157083,301979,19479,394063,155365,235416,1483229
traceon5,10079,137475335,1,224,140261,92604,62552,97292,123177,195052,318229,14062,11146,274427,1294688,2305261
traceon5,10079,137475335,1,225,164635,98594,69896,238021,145885,373854,519739,18386,12292,120989,350313,1592865
traceon5,10079,137475335,1,226,167083,89219,66510,99636,125989,127917,253906,18854,12552,100729,297136,1105625
traceon5,10079,137475335,1,227,180260,98750,64636,125260,142292,128489,270781,29219,13073,91667,204166,1077812
traceon5,10079,137475335,1,228,136041,102292,82708,90104,105990,110417,216407,17604,12396,93437,193073,944062
traceon5,10079,137475335,1,229,139063,78073,63021,87812,96354,102500,198854,15990,11823,83229,182708,860573
traceon5,10079,137475335,1,230,107500,59843,32240,62969,117812,532865,650677,16823,11875,2352135,254844,3548906
traceon5,10079,137475335,1,231,128958,63906,40834,105833,222604,192084,414688,14948,14947,89219,173073,1046406
traceon5,10079,137475335,1,232,67135,72292,32343,51250,105261,111510,216771,21719,10208,71302,150677,693697
traceon5,10079,137475335,1,233,51250,47292,28542,46041,101875,112136,214011,11354,9948,66198,147969,622605
traceon5,10079,137475335,1,234,52083,41563,28802,42760,96459,102135,198594,9375,8281,58646,143750,583854
traceon5,10079,137475335,1,235,53750,41719,26250,43750,96771,111354,208125,11458,10104,58907,133073,587136
traceon5,10079,137475335,1,236,51354,42552,32864,39948,106927,100730,207657,11198,10104,75781,125000,596458
traceon5,10079,137475335,1,237,50625,43750,25573,44011,94219,106197,200416,10469,27188,60677,139479,602188
traceon5,10079,137475335,1,238,48958,40729,31198,55834,93489,106406,199895,11563,8906,83386,131458,611927
traceon5,10079,137475335,1,239,52239,36302,28594,43386,93072,103021,196093,11354,9375,77032,132864,587239
traceon5,10079,137475335,1,240,54427,43490,25312,44948,106042,109010,215052,9792,10417,59062,139167,601667
traceon5,10079,137475335,1,241,48073,39479,25885,42084,94687,105677,200364,11563,9062,65209,125260,566979
traceon5,10079,137475335,1,242,53542,39375,30416,40730,108229,108385,216614,11875,9740,74114,131042,607448
traceon5,10079,137475335,1,243,52708,40260,27500,43802,96198,105990,202188,11979,8229,63281,143282,593229
traceon5,10079,137475335,1,244,48750,37865,26823,43281,93958,134584,228542,11666,8542,56146,140260,601875
traceon5,10079,137475335,1,245,51354,43177,24791,42917,97761,106666,204427,11354,8542,85260,132813,604635
traceon5,10079,137475335,1,246,54740,46145,25000,44896,98386,107760,206146,11354,8334,61979,136458,595052
traceon5,10079,137475335,1,247,61615,40625,28125,43229,96667,106562,203229,12084,8489,72604,130365,600365
traceon5,10079,137475335,1,248,51354,44428,25572,43021,94167,109271,203438,11719,9531,79948,132448,601459
traceon5,10079,137475335,1,249,48750,48802,27604,44375,121250,166510,287760,15000,11302,94375,124844,702812
traceon5,10079,137475335,1,250,51510,39844,28333,45208,96875,125313,222188,12083,9167,74635,127917,610885
traceon5,10079,137475335,1,251,54844,47656,27605,42500,93645,103282,196927,12187,8646,80677,144948,615990
traceon5,10079,137475335,1,252,48854,42812,27969,40052,99011,102656,201667,10156,8594,59635,137500,577239
traceon5,10079,137475335,1,253,54114,44531,28750,41980,106822,105417,212239,18438,12083,61406,122136,595677
traceon5,10079,137475335,1,254,54063,36823,25520,43125,95209,109583,204792,11979,8542,68958,115938,569740
traceon5,10079,137475335,1,255,50156,39948,29115,43489,100365,103073,203438,10104,8542,63906,152917,601615
traceon5,10079,137475335,1,256,52343,40209,26823,41718,95990,110208,206198,12031,9219,68334,156302,613177
traceon5,10079,137475335,1,257,57135,44011,29218,81563,129583,104636,234219,11979,8698,64687,133333,664843
traceon5,10079,137475335,1,258,47708,41250,28490,51042,118489,128438,246927,12187,34896,77396,133541,673437
traceon5,10079,137475335,1,259,52708,37500,26250,48385,108438,113333,221771,11615,9531,70000,130677,608437
traceon5,10079,137475335,1,260,58542,46354,26094,45104,97344,109739,207083,12032,10364,65990,122916,594479
traceon5,10079,137475335,1,261,53386,37708,28229,43542,93438,107916,201354,11823,9531,107813,139479,632865
traceon5,10079,137475335,1,262,88698,36719,28437,47552,116042,110625,226667,29479,10417,64844,136562,669375
traceon5,10079,137475335,1,263,62448,61979,26615,50000,95052,107135,202187,12083,9323,75469,131823,631927
traceon5,10079,137475335,1,264,63698,38594,25885,48177,103281,113386,216667,12552,12656,69844,133646,621719
traceon5,10079,137475335,1,265,68282,35468,26042,46406,98802,114584,213386,12395,9636,68281,137656,617552
traceon5,10079,137475335,1,266,67396,36250,27656,45156,117344,116198,233542,11823,9531,68281,134584,634219
traceon5,10079,137475335,1,267,68281,45209,28906,46719,101875,108489,210364,10104,10104,71980,125729,617396
traceon5,10079,137475335,1,268,67239,54011,26666,45156,99115,130208,229323,12136,9739,80365,338542,863177
traceon5,10079,137475335,1,269,57761,41562,25261,61041,123855,134895,258750,13021,11146,73906,219948,762396
traceon5,10079,137475335,1,270,218073,115781,72708,231198,114427,131042,245469,12604,11146,72396,206875,1186250
traceon5,10079,137475335,1,271,186719,98281,70417,209271,119844,186822,306666,15261,11458,88177,143177,1129427
traceon5,10079,137475335,1,272,52812,37656,44480,56041,102813,119479,222292,12760,8750,69740,212292,716823
traceon5,10079,137475335,1,273,210209,99427,72760,214740,111927,124792,236719,9739,9948,72240,182031,1107813
traceon5,10079,137475335,1,274,210000,82448,87344,215521,105416,125209,230625,21979,11041,73282,185156,1117396
traceon5,10079,137475335,1,275,193229,78490,78646,209531,115312,122396,237708,12709,46562,77083,238334,1172292
traceon5,10079,137475335,1,276,181979,106771,68437,202500,114740,112031,226771,11510,9375,72136,171510,1050989
traceon5,10079,137475335,1,277,195885,77240,80156,212656,103750,115105,218855,11250,11302,66823,178281,1052448
traceon5,10079,137475335,1,278,667136,101458,73177,247760,142553,132395,274948,10521,9688,75208,128698,1588594
traceon5,10079,137475335,1,279,51510,44115,26510,51667,117969,137760,255729,31719,13542,74895,216615,766302
traceon5,10079,137475335,1,280,179531,98698,77396,228906,103594,132084,235678,17708,12239,119532,222083,1191771
traceon5,10079,137475335,1,281,159115,109687,71406,100157,111875,131406,243281,13437,10469,118906,275209,1101667
traceon5,10079,137475335,1,282,194739,101719,104323,109010,102969,120209,223178,16302,12239,121875,292969,1176354
traceon5,10079,137475335,1,283,134635,94479,74323,112917,93802,101563,195365,15625,11302,97291,232448,968385
traceon5,10079,137475335,1,284,149428,107395,66875,99063,125052,122083,247135,15157,20833,104167,255885,1065938
traceon5,10079,137475335,1,285,143438,94583,63177,116354,127813,115260,243073,13906,12657,89010,263125,1039323
traceon5,10079,137475335,1,286,160260,94844,64740,102031,96614,119896,216510,14740,11667,113229,247031,1025052
traceon5,10079,137475335,1,287,143958,84948,74271,102916,99636,119427,219063,15573,11198,108958,236094,996979
traceon5,10079,137475335,1,288,151094,91719,63281,94948,107187,118803,225990,15052,11718,112032,249062,1014896
traceon5,10079,137475335,1,289,153593,105157,72083,95417,100104,117083,217187,15000,11198,121094,252239,1042968
traceon5,10079,137475335,1,290,166719,74584,71093,93282,100156,107604,207760,12865,11927,115260,275208,1028698
traceon5,10079,137475335,1,291,147135,108542,77500,98125,98906,117604,216510,15938,10468,109792,282500,1066510
traceon5,10079,137475335,1,292,136094,94218,57188,242708,122709,103854,226563,14531,11354,91667,254219,1128542
traceon5,10079,137475335,1,293,158386,78437,82084,100312,110469,120625,231094,14479,11979,116563,245885,1039219
traceon5,10079,137475335,1,294,145937,93333,68698,101094,100573,117240,217813,14895,10730,115989,249323,1017812
traceon5,10079,137475335,1,295,129115,92760,84063,124323,96562,100469,197031,26354,11198,96563,239218,1000625
traceon5,10079,137475335,1,296,115625,64636,79062,120313,96823,101718,198541,14480,10260,98021,230104,931042
traceon5,10079,137475335,1,297,148281,96719,79687,106459,118802,124218,243020,14688,11719,118698,256302,1075573
traceon5,10079,137475335,1,298,163802,82291,63282,93385,100365,118802,219167,14479,11458,108386,244010,1000260
traceon5,10079,137475335,1,299,171667,80104,73438,195677,118593,103855,222448,12343,73125,97969,210156,1136927
traceon5,10079,137475335,1,300,159114,85990,74791,85313,94479,99896,194375,36667,12083,75885,187084,911302
traceon5,10079,137475335,1,301,117605,92864,70052,81511,117448,98541,215989,14896,10833,73646,201250,878646
traceon5,10079,137475335,1,302,124063,67760,74688,91354,91250,96875,188125,14583,9948,78698,189584,838803
traceon5,10079,137475335,1,303,142083,104375,75990,78958,95156,96302,191458,13594,10000,118229,209219,943906
traceon5,10079,137475335,1,304,158803,86979,62291,81667,90990,96458,187448,15312,9896,76615,190469,869480
traceon5,10079,137475335,1,305,141406,82344,60990,80885,92083,113438,205521,14115,25312,79792,207656,898021
traceon5,10079,137475335,1,306,148854,87916,62032,126666,97917,103542,201459,13750,10781,85573,201927,938958
traceon5,10079,137475335,1,307,168959,70468,80261,102760,100886,126771,227657,14010,11979,119792,251771,1047657
traceon5,10079,137475335,1,308,146042,112083,66354,101406,103542,120677,224219,13177,12500,112448,331563,1119792
traceon5,10079,137475335,1,309,188959,102083,71250,115729,113542,125000,238542,13125,11406,94844,215885,1051823
traceon5,10079,137475335,1,310,200520,87344,74011,91145,196146,109011,305157,16875,12343,98282,190520,1076197
traceon5,10079,137475335,1,311,193698,101979,73489,89427,101928,93229,195157,12604,10364,77865,233906,988489
traceon5,10079,137475335,1,312,198230,72604,78437,89792,97604,94375,191979,11615,11354,94323,188125,936459
traceon5,10079,137475335,1,313,178490,86666,70886,85104,98125,91771,189896,14062,10000,78542,208750,922396
traceon5,10079,137475335,1,314,176146,65729,90938,80156,109114,92865,201979,11667,9323,73177,190104,899219
traceon5,10079,137475335,1,315,119896,69427,68698,100833,94896,94792,189688,11666,8594,77136,141614,787552
traceon5,10079,137475335,1,316,112187,59167,87760,87813,96927,93854,190781,12500,9427,73906,136146,769687
traceon5,10079,137475335,1,317,104010,88802,64219,82448,98021,96979,195000,13073,8906,75417,141146,773021
traceon5,10079,137475335,1,318,98594,55416,82084,91718,96042,123490,219532,11197,7865,68646,146562,781614
traceon5,10079,137475335,1,319,102291,54115,79219,89010,102083,96146,198229,13073,9583,73230,148802,767552
traceon5,10079,137475335,1,320,102083,67917,65416,79011,99166,97240,196406,12917,10208,81094,171562,786614
traceon5,10079,137475335,1,321,101823,61511,68854,91979,101302,96146,197448,34688,12447,70938,168750,808438
traceon5,10079,137475335,1,322,106407,76875,63020,115209,92760,96615,189375,13854,8802,71042,140364,784948
traceon5,10079,137475335,1,323,158907,62031,63490,123750,112395,99792,212187,12031,79896,65729,148802,926823
traceon5,10079,137475335,1,324,103646,84010,64010,111094,131615,109166,240781,13125,9428,93385,167865,887344
traceon5,10079,137475335,1,325,139479,57032,80989,85365,105729,94583,200312,12813,9271,70052,138333,793646
traceon5,10079,137475335,1,326,111042,54167,62291,79792,105781,98855,204636,11093,18750,76094,135781,753646
traceon5,10079,137475335,1,327,107500,87396,63697,85313,155677,138750,294427,12396,8854,75313,137864,872760
traceon5,10079,137475335,1,328,105677,57292,69896,77291,102657,96666,199323,11927,9375,66042,139740,736563
traceon5,10079,137475335,1,329,97709,69166,79271,83698,97240,90208,187448,12552,8177,69688,150729,758438
traceon5,10079,137475335,1,330,103541,54063,78177,84323,100312,93698,194010,13177,11563,72344,136771,747969
traceon5,10079,137475335,1,331,103750,54219,91667,119687,95105,105520,200625,12032,19218,67917,140573,809688
traceon5,10079,137475335,1,332,126771,60312,78282,94114,99636,95052,194688,11927,9531,74479,137188,787292
traceon5,10079,137475335,1,333,101771,68177,93021,87240,98802,94531,193333,11615,9166,73959,161823,800105
traceon5,10079,137475335,1,334,111771,60312,75313,84114,96250,93594,189844,13333,11355,70156,138750,754948
traceon5,10079,137475335,1,335,103646,81927,73437,87396,97552,100573,198125,12813,9635,74167,139895,781041
traceon5,10079,137475335,1,336,102500,63333,67813,74375,120677,89896,210573,10989,9063,128281,135156,802083
traceon5,10079,137475335,1,337,103750,59635,82344,92812,102396,91146,193542,12240,9427,72500,143645,769895
traceon5,10079,137475335,1,338,96458,78177,73229,85469,98542,94114,192656,11927,8125,76875,134428,757344
traceon5,10079,137475335,1,339,107552,59844,76979,81302,99636,94375,194011,11198,8541,73542,140938,753907
traceon5,10079,137475335,1,340,103906,70365,61875,80208,102813,153229,256042,17500,11615,235833,415625,1252969
traceon5,10079,137475335,1,341,125833,81094,73854,105625,106771,123594,230365,17864,11927,1741511,310833,2698906
traceon5,10079,137475335,1,342,125989,70573,62292,97604,101979,106250,208229,43177,10469,131094,222031,971458
traceon5,10079,137475335,1,343,124635,62552,80209,90052,93958,110000,203958,16615,9843,293594,254740,1136198
traceon5,10079,137475335,1,344,140105,67083,56979,87031,106771,118854,225625,15782,10520,301980,284323,1189428
traceon5,10079,137475335,1,345,113125,82292,50208,160990,116927,109323,226250,14062,10157,109010,164167,930261
traceon5,10079,137475335,1,346,109636,79323,57656,80677,117604,113281,230885,14271,10677,125156,200990,909271
traceon5,10079,137475335,1,347,111302,57709,66458,95208,92969,102187,195156,29948,10469,82865,168385,817500
traceon5,10079,137475335,1,348,136667,93020,59792,123229,99531,102605,202136,15052,10052,79166,142917,862031
traceon5,10079,137475335,1,349,106667,82916,48959,88958,112187,98230,210417,12239,10104,66979,139532,766771
traceon5,10079,137475335,1,350,109427,60625,54479,78750,100573,94583,195156,12657,9948,149739,173229,844010
traceon5,10079,137475335,1,351,118385,59792,58021,82448,99635,90313,189948,11875,9218,74948,137396,742031
traceon5,10079,137475335,1,352,109062,60365,58125,83385,101198,100521,201719,13177,21979,77292,130312,755416
traceon5,10079,137475335,1,353,112552,55365,54271,79218,127292,91458,218750,11667,8490,224635,184740,949688
traceon5,10079,137475335,1,354,116354,59427,61354,131198,105729,108125,213854,16146,10521,145208,233802,987864
traceon5,10079,137475335,1,355,158698,67448,65833,99896,93490,108854,202344,12708,9896,86302,182761,885886
traceon5,10079,137475335,1,356,135625,58333,74427,92448,91146,101510,192656,16042,9635,89427,234323,902916
traceon5,10079,137475335,1,357,129427,103542,57760,126407,114739,145261,260000,16458,10625,118594,179479,1002292
traceon5,10079,137475335,1,358,139584,58229,68333,104115,108698,121823,230521,16666,10990,88542,260989,977969
traceon5,10079,137475335,1,359,105313,64687,56979,95469,93646,99948,193594,16458,10833,80209,197708,821250
traceon5,10079,137475335,1,360,125260,62500,70365,84375,91250,93906,185156,14115,9375,84479,160052,795677
traceon5,10079,137475335,1,361,143490,60468,75677,88021,106459,102916,209375,15104,10625,82813,194635,880208
traceon5,10079,137475335,1,362,130729,61250,63229,115208,106563,96771,203334,12187,10417,84218,230782,911354
traceon5,10079,137475335,1,363,106302,64271,76406,82188,95625,98489,194114,13594,10469,81927,179948,809219
traceon5,10079,137475335,1,364,129375,68281,64166,92344,98698,104948,203646,13698,9792,80000,191041,852343
traceon5,10079,137475335,1,365,122604,64375,76094,85417,95416,104584,200000,15729,11302,80677,198385,854583
traceon5,10079,137475335,1,366,105573,63125,62865,88385,105625,105625,211250,15260,10782,79010,189844,826094
traceon5,10079,137475335,1,367,107396,63698,106354,129948,91250,97136,188386,14010,11042,81927,194948,897709
traceon5,10079,137475335,1,368,104479,52188,70208,88125,95104,100417,195521,27343,9896,80209,193541,821510
traceon5,10079,137475335,1,369,100729,86511,55885,92500,92812,102969,195781,15313,10208,79896,198125,834948
traceon5,10079,137475335,1,370,107500,56510,55261,95260,95209,134635,229844,12240,9895,204219,180313,951042
traceon5,10079,137475335,1,371,107240,57708,68698,89115,125208,114011,239219,12135,9479,80625,216615,880834
traceon5,10079,137475335,1,372,146458,60157,63593,93646,91719,94219,185938,12552,9167,80312,175521,827344
traceon5,10079,137475335,1,373,150521,60781,60625,86094,92344,98177,190521,15469,22812,83125,208229,878177
traceon5,10079,137475335,1,374,143594,61875,57083,78750,87500,96146,183646,14167,10000,74948,194322,818385
traceon5,10079,137475335,1,375,122031,53177,64480,88854,105364,102448,207812,16146,9688,112708,195260,870156
traceon5,10079,137475335,1,376,101875,68230,51875,89322,95365,98385,193750,14323,10521,74427,205886,810209
traceon5,10079,137475335,1,377,159480,67135,58490,81458,89427,92604,182031,13646,9687,240157,257083,1069167
traceon5,10079,137475335,1,378,156197,68125,59115,79323,115312,99896,215208,14063,22083,121094,244114,979322
traceon5,10079,137475335,1,379,147969,72656,66407,89687,102761,151718,254479,13230,11250,112135,182396,950209
traceon5,10079,137475335,1,380,107708,93750,66146,85261,92395,99636,192031,14792,10625,82031,182500,834844
traceon5,10079,137475335,1,381,117813,53229,54791,82396,90365,94791,185156,14636,9427,70365,192031,779844
traceon5,10079,137475335,1,382,167969,75781,82761,100208,90677,86667,177344,12916,9792,80625,176302,883698
traceon5,10079,137475335,1,383,132188,57031,75261,94531,93333,106927,200260,14011,10104,96146,231823,911355
traceon5,10079,137475335,1,384,121094,68177,71146,81875,92448,99323,191771,13906,11198,79479,191562,830208
traceon5,10079,137475335,1,385,110364,59063,80364,89896,97396,97500,194896,15104,10625,77552,197240,835104
traceon5,10079,137475335,1,386,145573,57865,84114,93959,92656,95938,188594,13854,10573,85885,195521,875938
traceon5,10079,137475335,1,387,131666,61511,76041,103959,98281,100677,198958,13698,10260,84532,191250,871875
traceon5,10079,137475335,1,388,134844,51719,63281,96614,124792,105000,229792,13021,10729,90313,155989,846302
traceon5,10079,137475335,1,389,111302,49323,52865,84114,99167,105052,204219,28021,9687,82188,178073,799792
traceon5,10079,137475335,1,390,128646,62187,82604,98073,100417,103646,204063,13385,10157,81510,143385,824010
traceon5,10079,137475335,1,391,125261,53385,63281,84428,96406,101614,198020,14167,9583,73021,132604,753750
traceon5,10079,137475335,1,392,115261,50781,62292,83437,144011,103229,247240,12864,10573,81563,132135,796146
traceon5,10079,137475335,1,393,131459,51823,62500,83489,102083,102240,204323,12917,11406,81042,130833,769792
traceon5,10079,137475335,1,394,115365,54531,67865,85885,97865,99062,196927,30990,10573,75573,129010,766719
traceon5,10079,137475335,1,395,126250,52916,59531,82344,112709,98072,210781,12396,9532,75156,132448,761354
traceon5,10079,137475335,1,396,110833,49011,54843,120052,97917,115677,213594,15104,10052,84844,194636,852969
traceon5,10079,137475335,1,397,110156,64427,57240,112812,134323,128438,262761,14271,11093,85209,154270,872239
traceon5,10079,137475335,1,398,125417,48385,61615,121145,113386,102969,216355,13125,10104,85781,131563,813490
traceon5,10079,137475335,1,399,119896,66614,64792,88281,100208,103386,203594,13437,24219,86042,137083,803958
traceon5,10079,137475335,1,400,113750,47656,58750,87708,97865,100365,198230,13645,11302,85053,128645,744739
traceon5,10079,137475335,1,401,115937,50053,76041,88438,224635,123646,348281,15990,12239,89427,132917,929323
traceon5,10079,137475335,1,402,118959,51354,68958,92813,102968,103282,206250,13333,11562,85990,135677,784896
traceon5,10079,137475335,1,403,116510,48229,92448,94896,101198,107500,208698,12708,10990,90416,138490,813385
traceon5,10079,137475335,1,404,114792,48854,78177,95209,102812,104271,207083,12917,11093,109636,139843,817604
traceon5,10079,137475335,1,405,188438,65833,98542,102552,151719,156770,308489,14896,11927,92917,151927,1035521
traceon5,10079,137475335,1,406,134114,61406,78334,99114,117813,115989,233802,16355,11354,95781,156927,887187
traceon5,10079,137475335,1,407,136927,81875,63594,113646,118802,126354,245156,14844,11771,97396,153385,918594
traceon5,10079,137475335,1,408,133854,60781,74584,102083,121823,117969,239792,15208,12083,98594,152709,889688
traceon5,10079,137475335,1,409,138385,60521,76042,98906,115937,191980,307917,16093,12240,127969,149896,987969
traceon5,10079,137475335,1,410,143855,58229,80781,111146,122135,121302,243437,14740,13021,98073,167291,930573
traceon5,10079,137475335,1,411,127031,65208,82396,98386,120000,120208,240208,15260,13542,99115,151145,892291
traceon5,10079,137475335,1,412,137500,59948,77448,102343,135000,126146,261146,15365,12708,148542,210104,1025104
traceon5,10079,137475335,1,413,166927,76250,139739,133073,150000,148698,298698,19115,14635,117500,199844,1165781
traceon5,10079,137475335,1,414,179532,74791,96615,121823,171406,150156,321562,20261,14427,112500,176458,1117969
traceon5,10079,137475335,1,415,158489,73438,77448,121510,152500,150938,303438,40885,15729,111615,188854,1091406
traceon5,10079,137475335,1,416,173750,98125,87500,114062,219271,161615,380886,20573,16614,130573,215625,1237708
traceon5,10079,137475335,1,417,175781,76511,91927,130677,162760,156459,319219,20677,17500,124739,202604,1159635
traceon5,10079,137475335,1,418,267604,73646,77604,89114,123386,129010,252396,14636,11510,87552,149219,1023281
traceon5,10079,137475335,1,419,140313,54010,72865,149375,166875,169479,336354,21927,16042,139531,202188,1132605
traceon5,10079,137475335,1,420,178020,81511,119219,125729,170416,146980,317396,20156,31094,111614,199636,1184375
traceon5,10079,137475335,1,421,173437,80886,98593,135730,162864,152292,315156,18646,17187,114531,197709,1151875
traceon5,10079,137475335,1,422,179636,81250,117708,124583,166094,191406,357500,18021,13542,364635,264740,1521615
traceon5,10079,137475335,1,423,190469,79114,95469,125469,163021,162552,325573,21094,15781,123698,230781,1207448
traceon5,10079,137475335,1,424,175209,82031,112656,131250,167083,154532,321615,19531,14896,116302,206667,1180157
traceon5,10079,137475335,1,425,265468,108073,121980,166979,259271,192343,451614,26615,70521,152864,257084,1621198
traceon5,10079,137475335,1,426,223333,103542,137239,168438,207917,189479,397396,26146,17656,127656,250365,1451771
traceon5,10079,137475335,1,427,200417,97291,108698,155729,221771,181823,403594,28750,20729,132657,314062,1461927
traceon5,10079,137475335,1,428,226666,102604,143490,192760,223490,194479,417969,25469,20000,139427,273542,1541927
traceon5,10079,137475335,1,429,216198,102656,132240,166042,233593,198490,432083,26719,19166,137917,299844,1532865
traceon5,10079,137475335,1,430,247396,102188,183697,175000,227448,199636,427084,26094,19114,155625,272761,1608959
traceon5,10079,137475335,1,431,215625,102864,141823,183282,326197,204167,530364,25052,20677,136927,284688,1641302
traceon5,10079,137475335,1,432,273489,100782,127812,155625,357188,222031,579219,31667,21145,223855,383281,1896875
traceon5,10079,137475335,1,433,283385,123854,151719,226667,300885,260834,561719,29166,24375,191927,318438,1911250
traceon5,10079,137475335,1,434,334010,126354,133646,271302,257032,249218,506250,31563,24010,190573,323854,1941562
traceon5,10079,137475335,1,435,271198,128750,130000,197188,259114,273750,532864,31563,24791,182240,311354,1809948
traceon5,10079,137475335,1,436,283333,128125,288959,252343,277084,263489,540573,63125,25677,201459,392604,2176198
traceon5,10079,137475335,1,437,264219,216302,146041,213646,289427,264063,553490,38125,27968,316250,449844,2225885
traceon5,10079,137475335,1,438,317760,161928,166875,223281,297864,281459,579323,39739,28438,325833,491927,2335104
traceon5,10079,137475335,1,439,307552,173698,158125,255157,453437,300625,754062,39115,25833,236927,467969,2418438
traceon5,10079,137475335,1,440,304948,143698,157395,230938,341510,272969,614479,33802,26094,252917,547552,2311823
traceon5,10079,137475335,1,441,437656,156146,204583,254063,301510,308594,610104,74114,31667,288281,494115,2550729
traceon5,10079,137475335,1,442,321927,143125,187031,236042,491458,303803,795261,39375,29010,211094,447760,2410625
traceon5,10079,137475335,1,443,277031,138542,231406,215417,273125,272968,546093,39636,26927,633333,371094,2479479
traceon5,10079,137475335,1,444,199375,90312,114063,163437,191927,168438,360365,23958,17969,173958,352500,1495937
traceon5,10079,137475335,1,445,249323,81927,132448,172031,164584,183333,347917,23281,17969,185469,309219,1519584
traceon5,10079,137475335,1,446,191250,81667,108385,195104,190000,176146,366146,25104,65313,148021,269896,1450886
traceon5,10079,137475335,1,447,172657,76822,86771,150052,166823,173802,340625,25209,16354,138177,279219,1285886
traceon5,10079,137475335,1,448,171406,87761,99479,132916,158803,268177,426980,24791,16979,135053,278281,1373646
traceon5,10079,137475335,1,449,198282,74947,89375,125053,150468,152657,303125,18281,14479,146719,254739,1225000
traceon5,10079,137475335,1,450,166354,72552,95990,143073,140260,154115,294375,22083,15313,130729,258073,1198542
traceon5,10079,137475335,1,451,165468,73334,88489,159115,179166,185886,365052,29896,18802,188802,325000,1413958
traceon5,10079,137475335,1,452,202240,75260,83177,144532,189531,183750,373281,25000,16198,134062,258073,1311823
traceon5,10079,137475335,1,453,166197,75053,99479,127968,175886,173125,349011,24219,17239,136250,226146,1221562
traceon5,10079,137475335,1,454,198698,80209,79323,148020,165469,161667,327136,21719,15937,155260,246146,1272448
traceon5,10079,137475335,1,455,147136,77708,89688,153489,253854,201875,455729,22969,18281,169688,245937,1380625
traceon5,10079,137475335,1,456,163854,98177,87188,170104,194688,172916,367604,20365,18125,148125,219583,1293125
traceon5,10079,137475335,1,457,159740,76041,73646,130000,214323,204636,418959,18750,13020,129375,223438,1242969
traceon5,10079,137475335,1,458,152760,99688,87031,147656,200521,146875,347396,18959,13802,138125,311510,1316927
traceon5,10079,137475335,1,459,157916,73698,93334,154583,143490,161927,305417,26406,16979,181198,346250,1355781
traceon5,10079,137475335,1,460,176615,75885,122188,181562,161667,180989,342656,26042,19427,152813,275937,1373125
traceon5,10079,137475335,1,461,160469,72656,101875,132188,158385,189584,347969,24375,16979,143229,266458,1266198
traceon5,10079,137475335,1,462,163906,78437,115782,143020,151459,166458,317917,46250,18281,137917,242031,1263541
traceon5,10079,137475335,1,463,244375,82187,87760,140730,165156,153489,318645,21615,16719,125625,241458,1279114
traceon5,10079,137475335,1,464,169219,73333,110834,130364,157969,157969,315938,24219,17812,127708,226980,1196407
traceon5,10079,137475335,1,465,149063,71198,88802,127760,142813,151875,294688,20104,15625,193750,248437,1209427
traceon5,10079,137475335,1,466,203177,89948,95157,142083,161354,142865,304219,21250,14062,120000,215156,1205052
traceon5,10079,137475335,1,467,134687,62553,70885,109062,133334,139896,273230,22500,51458,173490,215416,1113281
traceon5,10079,137475335,1,468,144062,65313,76406,119167,133281,148698,281979,21667,15989,110990,228646,1064219
traceon5,10079,137475335,1,469,142343,71042,87604,122031,275782,153333,429115,20677,16302,110104,207969,1207187
traceon5,10079,137475335,1,470,149271,72188,80677,133177,194167,156354,350521,23229,15521,135625,231875,1192084
traceon5,10079,137475335,1,471,152760,77083,78646,139115,195521,145208,340729,22240,14583,424740,243958,1493854
traceon5,10079,137475335,1,472,121511,51979,105833,116875,107865,124948,232813,17083,12761,132812,189583,981250
traceon5,10079,137475335,1,473,134948,52604,67136,99791,103178,122395,225573,16667,10990,95625,182291,885625
traceon5,10079,137475335,1,474,116354,49219,66979,91511,102812,149323,252135,17656,11094,97917,212604,915469
traceon5,10079,137475335,1,475,118386,72135,64011,102812,104948,118333,223281,16719,11771,103802,191198,904115
traceon5,10079,137475335,1,476,122708,109635,120261,102396,107187,117500,224687,16615,10729,91042,210833,1008906
traceon5,10079,137475335,1,477,138386,81823,68541,107709,117968,128646,246614,18959,14375,126927,210521,1013855
traceon5,10079,137475335,1,478,130886,56875,75833,107604,119844,130469,250313,19896,11875,108020,207917,969219
traceon5,10079,137475335,1,479,118698,83541,58959,147187,113177,116146,229323,17084,11718,100261,213906,980677
traceon5,10079,137475335,1,480,109740,46875,63750,97396,119323,119531,238854,16927,10677,97500,178594,860313
traceon5,10079,137475335,1,481,119010,47552,73125,98907,103281,122864,226145,17344,11042,101146,178593,872864
traceon5,10079,137475335,1,482,110156,46927,57865,99791,98646,119479,218125,17969,11250,100365,189531,851979
traceon5,10079,137475335,1,483,112187,47708,79375,100157,115364,122396,237760,29948,9896,96927,186250,900208
traceon5,10079,137475335,1,484,196042,51927,64479,91562,140313,118958,259271,16927,11146,102813,184062,978229
traceon5,10079,137475335,1,485,110260,46927,76980,94843,97240,114792,212032,18125,10208,98229,187292,854896
traceon5,10079,137475335,1,486,116563,48229,69792,96093,96355,115781,212136,16094,10989,98542,186771,855209
traceon5,10079,137475335,1,487,115468,47605,63958,122135,94532,131822,226354,16823,10677,101459,198489,902968
traceon5,10079,137475335,1,488,183020,58750,64271,95573,112656,115417,228073,45260,15782,107552,189479,987760
traceon5,10079,137475335,1,489,118021,58125,69063,101875,102656,111250,213906,17500,12604,116927,199479,907500
traceon5,10079,137475335,1,490,128385,47969,59115,93594,99739,125052,224791,15521,10833,102084,175989,858281
traceon5,10079,137475335,1,491,125677,47708,64219,105104,100261,115573,215834,15625,11562,98906,170521,855156
traceon5,10079,137475335,1,492,177239,47813,58958,86979,122448,108125,230573,15000,9011,91302,163750,880625
traceon5,10079,137475335,1,493,106145,58542,62031,88177,95938,103437,199375,16615,21667,84166,129584,766302
traceon5,10079,137475335,1,494,126458,54479,55729,89480,95625,90781,186406,11406,9479,168594,158646,860677
traceon5,10079,137475335,1,495,102656,46354,53907,87604,97291,106198,203489,14584,9895,135157,175260,828906
traceon5,10079,137475335,1,496,61458,75990,53125,86406,108333,133594,241927,13698,9271,85156,154896,781927
traceon5,10079,137475335,1,497,146822,52969,63542,92656,109271,110573,219844,15521,9427,93750,168229,862760
traceon5,10079,137475335,1,498,108281,65208,61875,89948,95313,105520,200833,15573,10365,102031,164011,818125
traceon5,10079,137475335,1,499,108542,85625,53177,79895,91823,103907,195730,14531,9427,93854,154740,795521
traceon5,10079,137475335,1,500,105625,44375,76510,90938,92291,121667,213958,15677,10365,88437,168021,813906
traceon5,10079,137475335,1,501,101145,45677,61563,84687,98125,109948,208073,15209,10208,90000,165573,782135
traceon5,10079,137475335,1,502,106511,52396,75468,86615,95208,107709,202917,14687,10000,83542,166823,798959
traceon5,10079,137475335,1,503,107448,45417,59114,85990,96406,107761,204167,15521,9739,89636,161979,779011
traceon5,10079,137475335,1,504,109948,57812,81979,93959,94687,105521,200208,13594,9323,122656,181771,871250
traceon5,10079,137475335,1,505,114063,43437,59323,89011,147812,103907,251719,15833,9375,99114,165209,847084
traceon5,10079,137475335,1,506,108698,43229,53907,103125,99114,112188,211302,16145,9896,94636,164479,805417
traceon5,10079,137475335,1,507,111406,52604,65417,87604,96198,108229,204427,15417,10573,83593,170782,801823
traceon5,10079,137475335,1,508,105052,45678,63489,87136,100989,111354,212343,15052,10417,94427,175417,809011
traceon5,10079,137475335,1,509,106459,45677,58906,87240,124010,111302,235312,53438,11197,84792,204011,887032
traceon5,10079,137475335,1,510,106406,44428,63645,96250,98802,108542,207344,15573,11406,89792,169375,804219
traceon5,10079,137475335,1,511,117969,46145,61198,84948,100990,112344,213334,15885,9948,89583,175156,814166
traceon5,10079,137475335,1,512,107552,47031,60938,91614,96355,109843,206198,16667,11198,89323,162239,792760
traceon5,10079,137475335,1,513,131303,51614,57396,89479,97500,107969,205469,15000,10417,86927,164791,812396
traceon5,10079,137475335,1,514,109114,46771,57188,119531,128542,107395,235937,14636,22604,91927,197708,895416
traceon5,10079,137475335,1,515,102188,67135,55886,81770,143646,116354,260000,17032,12500,297604,198385,1092500
traceon5,10079,137475335,1,516,115833,52605,64218,95677,90938,105521,196459,17760,12656,289896,207917,1053021
traceon5,10079,137475335,1,517,110729,65469,57813,90364,93021,110000,203021,17031,11979,294792,257396,1108594
traceon5,10079,137475335,1,518,110781,49115,57292,85208,107135,112500,219635,16511,12083,297188,181302,1029115
traceon5,10079,137475335,1,519,141510,68906,81355,107187,95000,101667,196667,15260,11927,117813,184479,925104
traceon5,10079,137475335,1,520,114531,50990,60469,91093,97032,113177,210209,16666,9896,88854,175573,818281
traceon5,10079,137475335,1,521,127344,48906,83333,91979,97709,108385,206094,15261,12656,89323,179271,854167
traceon5,10079,137475335,1,522,124375,53593,68282,93646,104114,106146,210260,14531,10625,98906,159323,833541
traceon5,10079,137475335,1,523,115990,50156,75885,94531,93855,111458,205313,17760,11302,85678,159739,816354
traceon5,10079,137475335,1,524,119271,54635,66459,90260,96042,104687,200729,14636,10260,104688,168854,829792
traceon5,10079,137475335,1,525,106198,49896,65625,103386,94375,107656,202031,14948,9010,95781,168750,815625
traceon5,10079,137475335,1,526,112136,52292,109062,90260,91563,105990,197553,17604,13646,93593,169427,855573
traceon5,10079,137475335,1,527,112657,51406,64010,96980,122708,109323,232031,14687,10886,97812,169584,850053
traceon5,10079,137475335,1,528,116198,50157,63854,91875,98750,108437,207187,16407,10364,94583,161198,811823
traceon5,10079,137475335,1,529,123281,55052,67084,100677,94791,114844,209635,16927,11927,143177,158698,886458
traceon5,10079,137475335,1,530,118021,56146,68541,96146,161198,114948,276146,47969,12396,200989,162604,1038958
traceon5,10079,137475335,1,531,113698,49948,62292,94219,130937,121406,252343,17240,12552,97865,176146,876303
traceon5,10079,137475335,1,532,132083,49375,74219,98698,101718,116615,218333,18646,11614,97500,163959,864427
traceon5,10079,137475335,1,533,111771,51406,60156,91771,97292,106614,203906,15521,11042,96875,182760,825208
traceon5,10079,137475335,1,534,114843,64844,57031,93438,97448,146250,243698,15156,11563,89843,153646,844062
traceon5,10079,137475335,1,535,112500,52916,59740,94687,109271,105469,214740,27187,11980,90000,177916,841666
traceon5,10079,137475335,1,536,121198,69480,62447,93959,98021,118281,216302,18073,11406,99688,172916,865469
traceon5,10079,137475335,1,537,105417,47604,63802,82917,94479,104219,198698,15677,10989,85365,157448,767917
traceon5,10079,137475335,1,538,106094,75677,58490,90260,94479,111250,205729,16927,12396,95833,209115,870521
traceon5,10079,137475335,1,539,108594,56666,64115,85781,96771,110208,206979,16459,10677,86823,176146,812240
traceon5,10079,137475335,1,540,106563,47448,69948,85625,105625,111250,216875,17396,25937,89531,155990,815313
traceon5,10079,137475335,1,541,107396,49114,82188,88177,93906,107552,201458,14584,10833,98594,158073,810417
traceon5,10079,137475335,1,542,108594,53125,74791,87969,94115,99271,193386,13541,10261,90260,167656,799583
traceon5,10079,137475335,1,543,111927,48386,68802,123333,202865,98489,301354,15521,11042,90781,160833,931979
traceon5,10079,137475335,1,544,111093,46667,85625,91458,122084,110625,232709,15364,9896,86146,164323,843281
traceon5,10079,137475335,1,545,104739,52657,65833,88750,96927,108333,205260,17032,11771,99322,170000,815364
traceon5,10079,137475335,1,546,104635,55625,62709,105104,93021,108906,201927,17812,11198,87032,262291,908333
traceon5,10079,137475335,1,547,107239,47032,57396,89062,94583,141355,235938,17395,10730,82447,176250,823489
traceon5,10079,137475335,1,548,103541,48490,61458,87084,114635,100469,215104,15364,10730,84114,149531,775416
traceon5,10079,137475335,1,549,111823,50052,62240,84375,95573,101146,196719,13906,10000,90416,149219,768750
traceon5,10079,137475335,1,550,109740,46250,67552,91145,93334,109844,203178,16354,10625,87448,150573,782865
traceon5,10079,137475335,1,551,132761,52396,61197,83073,92813,105208,198021,25938,11406,93125,173073,830990
traceon5,10079,137475335,1,552,114115,112500,106146,122760,96771,110260,207031,16198,10417,87448,168489,945104
traceon5,10079,137475335,1,553,119011,51666,66250,93386,110156,113229,223385,15781,11667,90052,155313,826511
traceon5,10079,137475335,1,554,109011,51458,66927,91354,95886,105520,201406,15834,10781,94792,162343,803906
traceon5,10079,137475335,1,555,111979,77917,61250,95156,92292,108958,201250,15365,11458,130313,157239,861927
traceon5,10079,137475335,1,556,105261,53281,58750,80000,181094,112864,293958,22709,9739,81406,165053,870157
traceon5,10079,137475335,1,557,150261,72812,65157,91614,108281,108073,216354,18334,11823,105208,166614,898177
traceon5,10079,137475335,1,558,122448,57761,71302,98594,101197,112396,213593,17917,11302,97344,179375,869636
traceon5,10079,137475335,1,559,115365,52969,81666,95573,98542,112396,210938,17552,12916,96667,157552,841198
traceon5,10079,137475335,1,560,113177,57916,65990,93021,103229,114687,217916,60938,13437,123282,176979,922656
traceon5,10079,137475335,1,561,118646,49479,82656,96667,102656,146198,248854,16667,28958,95573,180469,917969
traceon5,10079,137475335,1,562,111146,49687,71719,93594,101198,111406,212604,18229,12083,91719,173594,834375
traceon5,10079,137475335,1,563,111510,48073,91250,105312,100052,118021,218073,17813,12396,93177,163750,861354
traceon5,10079,137475335,1,564,165208,59062,66302,98855,99895,110990,210885,16354,12031,95834,185104,909635
traceon5,10079,137475335,1,565,109792,51771,66146,106198,121197,114375,235572,14063,10677,86510,177240,857969
traceon5,10079,137475335,1,566,117969,50729,70625,101459,114218,116928,231146,16354,11510,104219,182239,886250
traceon5,10079,137475335,1,567,118698,58020,69480,94010,102500,119219,221719,18906,11198,89583,161354,842968
traceon5,10079,137475335,1,568,113750,51875,71667,96406,99740,111146,210886,14531,10937,102552,227396,900000
traceon5,10079,137475335,1,569,143229,49688,80156,101771,96406,116042,212448,17448,12500,94948,169114,881302
traceon5,10079,137475335,1,570,135157,50104,70677,98750,109115,110781,219896,13489,10938,97708,166511,863230
traceon5,10079,137475335,1,571,114584,45625,75989,102188,104687,121875,226562,17917,11406,99219,163802,857292
traceon5,10079,137475335,1,572,136458,53282,63854,138854,107344,120000,227344,15156,11875,109635,260313,1016771
traceon5,10079,137475335,1,573,117292,44739,80782,109531,96042,118020,214062,18542,10833,97240,170365,863386
traceon5,10079,137475335,1,574,121771,68021,61250,96094,97187,129584,226771,15208,11719,104687,184323,889844
traceon5,10079,137475335,1,575,115677,46771,77187,110104,99636,120416,220052,18959,11198,99271,172864,872083
traceon5,10079,137475335,1,576,115000,72292,74948,98646,98385,123333,221718,17709,11458,96458,185730,893959
traceon5,10079,137475335,1,577,157187,56615,73698,99844,100104,118802,218906,35208,11563,94739,173594,921354
traceon5,10079,137475335,1,578,114271,46719,79479,97969,97187,115417,212604,16979,11042,95104,160000,834167
traceon5,10079,137475335,1,579,113177,54323,62864,117552,148021,132500,280521,19531,12553,126666,182761,969948
traceon5,10079,137475335,1,580,113229,47708,89063,147396,107812,126979,234791,16875,10625,111719,225208,996614
traceon5,10079,137475335,1,581,112396,48229,60833,90469,97031,120521,217552,14844,12552,106198,176354,839427
traceon5,10079,137475335,1,582,112605,51614,79688,97552,115625,118073,233698,16250,29843,104636,165521,891407
traceon5,10079,137475335,1,583,119740,49896,78542,101458,111719,109739,221458,13177,10261,97968,184063,876563
traceon5,10079,137475335,1,584,127083,51250,70781,117031,96407,117760,214167,16458,12917,99792,181198,890677
traceon5,10079,137475335,1,585,211146,53125,66927,98229,98698,123594,222292,15468,10469,102188,179322,959166
traceon5,10079,137475335,1,586,112917,50677,66250,97865,100260,119011,219271,14739,11458,102657,183541,859375
traceon5,10079,137475335,1,587,113177,48906,55990,94271,98593,138802,237395,16823,26823,98021,162708,854114
traceon5,10079,137475335,1,588,111303,51979,73646,97083,97448,150312,247760,13125,10261,98593,181407,885157
traceon5,10079,137475335,1,589,148698,51407,66458,116719,121979,124062,246041,13802,10261,110677,189948,954011
traceon5,10079,137475335,1,590,108177,46823,58854,107292,99948,122031,221979,13802,11146,104896,171614,844583
traceon5,10079,137475335,1,591,134792,45833,67553,95000,100208,110677,210885,12708,9375,101979,197084,875209
traceon5,10079,137475335,1,592,118802,49219,63593,103854,108386,114948,223334,13750,10937,126407,185156,895052
traceon5,10079,137475335,1,593,109584,67344,116302,145625,95520,120469,215989,16406,10886,98854,179740,960730
traceon5,10079,137475335,1,594,108594,49115,68489,97552,99011,120989,220000,14844,10365,100260,164427,833646
traceon5,10079,137475335,1,595,108542,65313,55729,97604,95833,116042,211875,16562,11771,96615,161354,825365
traceon5,10079,137475335,1,596,120937,50365,64375,97344,134062,117969,252031,12969,10989,144167,202916,956093
traceon5,10079,137475335,1,597,120729,93177,102656,111146,109011,126614,235625,17396,11510,102605,184739,979583
traceon5,10079,137475335,1,598,114010,52812,61094,104688,100312,120625,220937,31094,11979,277865,194948,1069427
traceon5,10079,137475335,1,599,126927,53750,82344,99323,120625,116094,236719,15885,11302,116979,197032,940261
traceon5,10079,137475335,1,600,117500,49167,59791,100625,95886,128854,224740,14948,10625,98021,181093,856510
traceon5,10079,137475335,1,601,150677,111250,82292,98802,98281,122708,220989,15157,11406,100104,175313,965990
traceon5,10079,137475335,1,602,115729,47813,60520,98282,101146,121041,222187,16250,10261,98802,182135,851979
traceon5,10079,137475335,1,603,107865,48021,73646,103802,96093,118125,214218,32917,10781,99271,162396,852917
traceon5,10079,137475335,1,604,110885,46875,57708,107032,259948,116927,376875,12760,9948,96354,170990,989427
traceon5,10079,137475335,1,605,136146,49531,69323,129584,112604,118073,230677,17656,10469,105521,168489,917396
traceon5,10079,137475335,1,606,110938,45156,66823,108802,95469,114375,209844,17656,11823,95885,168334,835261
traceon5,10079,137475335,1,607,109479,47084,59739,101511,99271,117395,216666,16667,11042,96302,172135,830625
traceon5,10079,137475335,1,608,115990,51875,73489,95521,101250,102396,203646,13281,27656,98698,170573,850729
traceon5,10079,137475335,1,609,111666,46250,58750,94584,107395,98646,206041,12396,11511,105937,190573,837708
traceon5,10079,137475335,1,610,137343,48542,60938,111145,101146,117552,218698,14011,10937,105000,181875,888489
traceon5,10079,137475335,1,611,114063,53281,65208,102084,99323,114322,213645,15573,11615,105156,175729,856354
traceon5,10079,137475335,1,612,118802,49792,58646,98802,97813,114531,212344,16406,10833,105938,171927,843490
traceon5,10079,137475335,1,613,118698,47396,65260,93490,99948,143333,243281,12344,8958,135417,196250,921094
traceon5,10079,137475335,1,614,116614,83750,54115,104271,103541,124427,227968,16250,12292,99479,171979,886718
traceon5,10079,137475335,1,615,108125,49271,63542,106771,99895,116355,216250,14687,10677,103177,171094,843594
traceon5,10079,137475335,1,616,110417,75364,67032,100416,115573,116719,232292,14844,11823,100000,173593,885781
traceon5,10079,137475335,1,617,136615,50156,58489,96042,96823,109531,206354,14792,10208,149323,169896,891875
traceon5,10079,137475335,1,618,149062,51667,79167,87083,102083,112969,215052,14167,11719,104218,184584,896719
traceon5,10079,137475335,1,619,107239,49271,59115,103073,98281,116094,214375,16510,11927,95417,180937,837864
traceon5,10079,137475335,1,620,94792,48750,74114,85573,91979,114323,206302,16250,11719,110156,164375,812031
traceon5,10079,137475335,1,621,111042,48333,66719,104271,95990,112343,208333,16875,11667,105729,286250,959219
traceon5,10079,137475335,1,622,112031,50052,84635,111198,109948,119427,229375,15990,10364,100105,180572,894322
traceon5,10079,137475335,1,623,110000,83073,59479,94740,96719,111198,207917,14166,9688,106146,164427,849636
traceon5,10079,137475335,1,624,114114,47761,67031,118854,95677,113386,209063,30052,12500,95729,169531,864635
traceon5,10079,137475335,1,625,114532,47760,66979,91719,98542,109687,208229,14740,10104,101146,181458,836667
traceon5,10079,137475335,1,626,148229,53959,70260,110521,97135,127084,224219,16406,10885,101250,174427,910156
traceon5,10079,137475335,1,627,112656,46823,67292,104895,92813,114114,206927,16615,10729,98802,174688,839427
traceon5,10079,137475335,1,628,107656,46302,73281,103802,98229,115105,213334,16093,10886,100573,167396,839323
traceon5,10079,137475335,1,629,123177,47969,72292,104010,96250,108229,204479,14428,25260,98385,172865,862865
traceon5,10079,137475335,1,630,108385,90000,58907,102656,97812,114011,211823,15573,11406,98698,173750,871198
traceon5,10079,137475335,1,631,131875,55833,63854,102396,127604,111875,239479,16771,10625,101927,177500,900260
traceon5,10079,137475335,1,632,111459,50468,68490,101823,100833,118959,219792,16562,10625,99010,161146,839375
traceon5,10079,137475335,1,633,108333,71563,67240,100520,111563,113698,225261,15521,12135,98333,182344,881250
traceon5,10079,137475335,1,634,103593,47552,72396,129584,155000,115260,270260,17500,43958,97188,177292,959323
traceon5,10079,137475335,1,635,107708,72448,70260,101667,109115,115729,224844,15885,11771,101771,177864,884218
traceon5,10079,137475335,1,636,108802,48490,57188,88802,97708,112344,210052,14843,9428,98385,174479,810469
traceon5,10079,137475335,1,637,107760,48646,78646,107917,97656,115781,213437,16042,11094,134114,166250,883906
traceon5,10079,137475335,1,638,107760,48021,67708,96511,97239,151458,248697,16928,12239,98125,173594,869583
traceon5,10079,137475335,1,639,106198,48437,94427,106563,100156,131875,232031,14479,11354,116250,175000,904739
traceon5,10079,137475335,1,640,109427,51666,71146,100625,101094,118177,219271,16927,10729,104844,177813,862448
traceon5,10079,137475335,1,641,115677,50677,80833,106042,96979,115625,212604,17188,10260,101146,186719,881146
traceon5,10079,137475335,1,642,113281,49323,68802,101198,99687,106250,205937,14219,9583,146198,170782,879323
traceon5,10079,137475335,1,643,103386,45625,78541,108177,99844,108594,208438,13385,10625,101667,174010,843854
traceon5,10079,137475335,1,644,111459,47552,60937,101146,111042,120468,231510,17396,10886,94791,166667,842344
traceon5,10079,137475335,1,645,107084,44739,68750,97396,101563,112343,213906,30573,11511,98489,169011,841459
traceon5,10079,137475335,1,646,107969,47240,60989,103594,96354,115260,211614,15000,11719,98490,206562,863177
traceon5,10079,137475335,1,647,107656,56302,63177,97605,97968,110990,208958,15469,11354,93750,162187,816458
traceon5,10079,137475335,1,648,111406,47084,66771,99375,127812,116927,244739,15781,12813,91667,173177,862813
traceon5,10079,137475335,1,649,104323,45521,58490,93541,94532,104010,198542,14844,11458,88333,168282,783334
traceon5,10079,137475335,1,650,115000,45573,57343,90834,110208,106406,216614,25000,11302,80417,159271,801354
traceon5,10079,137475335,1,651,106823,46250,69115,140573,97239,103229,200468,16198,10781,94792,163177,848177
traceon5,10079,137475335,1,652,104011,69843,64792,92188,100572,125678,226250,15416,11615,98177,172031,854323
traceon5,10079,137475335,1,653,110885,46146,64792,99635,99480,116145,215625,16615,11250,90729,176094,831771
traceon5,10079,137475335,1,654,105000,71875,64219,93385,95990,110156,206146,15208,10990,95156,193073,855052
traceon5,10079,137475335,1,655,101771,45521,66927,95312,95157,114479,209636,15260,80000,85625,169219,869271
traceon5,10079,137475335,1,656,117135,80000,60521,102448,98281,109480,207761,15208,10260,99532,180364,873229
traceon5,10079,137475335,1,657,111042,46875,65260,97188,109844,116718,226562,15678,11354,99479,157083,830521
traceon5,10079,137475335,1,658,105209,48802,74895,94219,99427,115573,215000,16719,10521,97031,177188,839584
traceon5,10079,137475335,1,659,107604,45261,55989,98021,97031,111459,208490,16145,10157,92239,167084,800990
traceon5,10079,137475335,1,660,143541,48021,84896,99375,98802,118125,216927,16511,11822,106667,175208,902968
traceon5,10079,137475335,1,661,109479,48073,58281,101667,101302,109688,210990,15677,10729,180990,159843,895729
traceon5,10079,137475335,1,662,109167,45833,84323,100677,95938,116979,212917,15052,9740,96823,189687,864219
traceon5,10079,137475335,1,663,108542,50677,59896,134948,102291,117136,219427,13958,10677,103073,167813,869011
traceon5,10079,137475335,1,664,160000,49896,63229,127136,104843,115678,220521,16093,11771,98229,170782,917657
traceon5,10079,137475335,1,665,117917,48697,61407,101250,102343,160730,263073,16458,11094,96875,184166,900937
traceon5,10079,137475335,1,666,114531,54948,68437,97708,103021,118125,221146,15729,10625,100573,179011,862708
traceon5,10079,137475335,1,667,114948,48281,60886,102604,118958,119115,238073,16458,11354,100521,174271,867396
traceon5,10079,137475335,1,668,113385,103281,114271,104375,101719,123437,225156,15417,12188,101718,169427,959218
traceon5,10079,137475335,1,669,127709,47812,54792,103698,102500,119427,221927,15989,11719,98281,184011,865938
traceon5,10079,137475335,1,670,113698,49844,72708,102709,116406,123906,240312,15417,11666,98386,182917,887657
traceon5,10079,137475335,1,671,124167,50677,71250,101041,106042,150313,256355,28229,11093,100573,176355,919740
traceon5,10079,137475335,1,672,108959,86041,60782,88125,103750,116406,220156,14844,10885,94010,173907,857709
traceon5,10079,137475335,1,673,102188,84687,58281,94896,95625,115000,210625,14531,10886,97812,173230,847136
traceon5,10079,137475335,1,674,103698,45000,54479,93229,110105,113489,223594,15000,11198,92969,171719,810886
traceon5,10079,137475335,1,675,105468,61302,54844,92448,97917,112656,210573,15260,10625,94063,156615,801198
traceon5,10079,137475335,1,676,105469,45781,67657,96718,98021,147396,245417,15052,87865,103177,171146,938282
traceon5,10079,137475335,1,677,115886,46822,75053,103750,96406,119062,215468,17188,11094,94427,150000,829688
traceon5,10079,137475335,1,678,111823,47136,65520,95000,95469,119011,214480,14166,9271,98490,164166,820052
traceon5,10079,137475335,1,679,102083,44219,75729,90156,99063,105156,204219,14114,11928,99791,175729,817968
traceon5,10079,137475335,1,680,172031,51511,66302,100781,95417,117864,213281,14792,11406,101667,198073,929844
traceon5,10079,137475335,1,681,114427,45781,84480,103541,102084,110364,212448,13177,24479,101303,175885,875521
traceon5,10079,137475335,1,682,147188,48021,54896,93437,92760,116823,209583,15625,12761,106198,174896,862605
traceon5,10079,137475335,1,683,109844,45937,58386,98750,128333,160417,288750,17604,12083,313646,187604,1132604
traceon5,10079,137475335,1,684,111875,47240,60625,101823,114219,110104,224323,15521,11406,125260,179532,877605
traceon5,10079,137475335,1,685,112760,54115,66667,101354,95989,107865,203854,13802,9896,113698,191771,867917
traceon5,10079,137475335,1,686,119843,49948,75677,99636,101198,120468,221666,17084,12552,115417,187187,899010
traceon5,10079,137475335,1,687,110365,51510,72761,103385,113542,122083,235625,17240,11927,106823,182396,892032
traceon5,10079,137475335,1,688,169271,51198,80625,102135,97500,114271,211771,17500,10469,127396,190677,961042
traceon5,10079,137475335,1,689,108802,89011,54427,89218,91355,109947,201302,15313,12187,267969,189531,1027760
traceon5,10079,137475335,1,690,145000,56302,70052,109271,97813,112708,210521,15521,12969,114635,201146,935417
traceon5,10079,137475335,1,691,113334,44687,65833,101980,98698,130520,229218,16875,12136,110469,170572,865104
traceon5,10079,137475335,1,692,108021,58854,60104,102604,101146,114844,215990,31979,12969,153229,188073,931823
traceon5,10079,137475335,1,693,111615,46927,64271,100833,92917,108593,201510,14479,11511,105156,173438,829740
traceon5,10079,137475335,1,694,106250,60520,56980,100885,98333,112500,210833,18854,11198,99115,167500,832135
traceon5,10079,137475335,1,695,105365,49843,68490,96979,95052,112813,207865,14948,11875,91666,183698,830729
traceon5,10079,137475335,1,696,128750,44479,76511,118802,101146,115312,216458,16250,12292,114739,183021,911302
traceon5,10079,137475335,1,697,107344,44687,69427,99167,100781,114896,215677,50313,13645,93177,173334,866771
traceon5,10079,137475335,1,698,104323,43750,90417,101875,95677,104167,199844,17291,12136,99114,170730,839480
traceon5,10079,137475335,1,699,103646,44479,60886,94687,95990,111458,207448,16927,11771,94896,243021,877761
traceon5,10079,137475335,1,700,197448,101406,127136,163385,256979,218334,475313,26979,20573,157500,318802,1588542
traceon5,10079,137475335,1,701,98646,43958,68542,101354,108281,106823,215104,16615,11614,96927,157917,810677
traceon5,10079,137475335,1,702,108959,46354,68437,128750,100417,109219,209636,17292,25572,87344,166042,858386
traceon5,10079,137475335,1,703,108125,46823,68385,96979,97813,112604,210417,16719,11822,94584,165312,819166
traceon5,10079,137475335,1,704,103542,46979,61719,100364,101563,121614,223177,45053,14062,99219,172187,866302
traceon5,10079,137475335,1,705,108854,49740,70468,94271,100938,108437,209375,18073,11510,106459,172135,840885
traceon5,10079,137475335,1,706,105156,46042,76302,97135,141667,110156,251823,16146,10625,240677,165729,1009635
traceon5,10079,137475335,1,707,115729,48334,69843,97396,139375,97396,236771,23229,11875,126094,211146,940417
traceon5,10079,137475335,1,708,110520,52136,68958,94375,98854,189167,288021,29219,11666,287396,202917,1145208
traceon5,10079,137475335,1,709,123020,48594,66094,97708,113594,115313,228907,16041,10886,326041,209219,1126510
traceon5,10079,137475335,1,710,104584,46406,54896,91823,99010,106771,205781,15416,10157,289896,211250,1030209
traceon5,10079,137475335,1,711,116562,50938,63593,147032,92500,106614,199114,14323,10886,262916,208177,1073541
traceon5,10079,137475335,1,712,106354,43906,59375,93281,92448,115208,207656,15625,10521,117136,184323,838177
traceon5,10079,137475335,1,713,101042,93541,55209,94114,103229,100365,203594,15260,10834,110416,163386,847396
traceon5,10079,137475335,1,714,104218,45678,63593,97761,95677,108750,204427,14583,11146,100260,171146,812812
traceon5,10079,137475335,1,715,92761,81406,52656,98021,95052,110625,205677,14427,10886,104635,154687,815156
traceon5,10079,137475335,1,716,99896,43646,102760,90885,95313,100000,195313,13958,10938,129531,183698,870625
traceon5,10079,137475335,1,717,108281,42136,72708,79219,92031,130469,222500,13698,11718,99271,146146,795677
traceon5,10079,137475335,1,718,95781,41146,50885,84584,112448,103541,215989,41511,11614,89688,146875,778073
traceon5,10079,137475335,1,719,97031,41875,68230,88802,96250,103750,200000,13750,10573,90781,156667,767709
traceon5,10079,137475335,1,720,141979,52032,68541,95625,91406,105000,196406,13750,10730,87812,180781,847656
traceon5,10079,137475335,1,721,97656,42760,71615,95416,90678,100625,191303,13177,9895,80521,194636,796979
traceon5,10079,137475335,1,722,104583,50833,59323,112292,133698,132448,266146,14531,9531,99636,152864,869739
traceon5,10079,137475335,1,723,101875,42031,64584,110833,97604,105313,202917,15312,26250,85260,161875,810937
traceon5,10079,137475335,1,724,90885,41823,63334,87916,92865,99740,192605,12395,10313,234323,177344,910938
traceon5,10079,137475335,1,725,165677,57969,66823,129167,120260,124011,244271,18750,12083,117917,181666,994323
traceon5,10079,137475335,1,726,108698,51615,60260,111667,121094,116250,237344,20312,12500,117032,172708,892136
traceon5,10079,137475335,1,727,99271,47552,54427,101198,107552,108125,215677,14219,10104,111667,159427,813542
traceon5,10079,137475335,1,728,114010,45052,58334,110885,98281,137136,235417,11510,8281,112240,149948,845677
traceon5,10079,137475335,1,729,99271,43333,54792,133125,95833,103490,199323,14063,9583,90469,166406,810365
traceon5,10079,137475335,1,730,106458,44479,52761,90677,92135,114010,206145,16563,9479,85625,197917,810104
traceon5,10079,137475335,1,731,88281,44010,57032,88750,92239,94792,187031,15052,8489,93959,149844,732448
traceon5,10079,137475335,1,732,99375,71094,51563,88750,89166,100677,189843,15834,9479,87656,171146,784740
traceon5,10079,137475335,1,733,97604,45990,56093,88750,93907,100885,194792,15521,9375,96927,165469,770521
traceon5,10079,137475335,1,734,93385,56771,58334,85937,89792,96041,185833,15782,9427,88541,154167,748177
traceon5,10079,137475335,1,735,95052,42709,57135,98281,124896,103854,228750,15938,9687,88281,141042,776875
traceon5,10079,137475335,1,736,125989,48698,72136,84427,89687,105000,194687,13698,9948,120677,195156,865416
traceon5,10079,137475335,1,737,96614,43282,56510,89375,95469,102396,197865,14010,10104,157136,167708,832604
traceon5,10079,137475335,1,738,114844,54791,81719,92656,141563,115677,257240,15521,10989,90313,175573,893646
traceon5,10079,137475335,1,739,105573,52292,66146,97447,115417,116094,231511,45052,12448,90156,155625,856250
traceon5,10079,137475335,1,740,105677,47813,80885,101250,109948,110365,220313,15260,10937,94844,181459,858438
traceon5,10079,137475335,1,741,107031,47657,62916,94896,106354,110782,217136,15052,10833,91198,152552,799271
traceon5,10079,137475335,1,742,107969,52604,65104,106928,102083,104010,206093,14375,11146,94011,212291,870521
traceon5,10079,137475335,1,743,110782,48385,72240,105364,111563,131666,243229,15313,10989,86511,198854,891667
traceon5,10079,137475335,1,744,107916,48959,57344,90572,107240,113177,220417,29583,13021,93646,162083,823541
traceon5,10079,137475335,1,745,110573,49739,65000,93021,103802,106302,210104,12500,10417,97917,166823,816094
traceon5,10079,137475335,1,746,111458,47500,59584,158802,101719,106979,208698,14062,10729,91042,170313,872188
traceon5,10079,137475335,1,747,105157,43646,69739,90729,104896,110625,215521,14844,9896,84427,152916,786875
traceon5,10079,137475335,1,748,100469,44792,60156,88386,112187,101979,214166,13959,10364,105052,168438,805782
traceon5,10079,137475335,1,749,136667,48385,67396,91510,101980,100364,202344,12865,25521,90468,157709,832865
traceon5,10079,137475335,1,750,115313,44844,115000,94583,101458,114375,215833,13959,10833,121406,172031,903802
traceon5,10079,137475335,1,751,97657,64843,70313,193437,121823,109427,231250,16198,11459,98541,153750,937448
traceon5,10079,137475335,1,752,105208,45834,64271,96354,139948,108750,248698,14114,10677,96875,174948,856979
traceon5,10079,137475335,1,753,107240,64948,61458,97135,101667,112188,213855,15468,13386,95937,166354,835781
traceon5,10079,137475335,1,754,99115,45625,65260,98802,104948,114011,218959,16666,11875,111980,192812,861094
traceon5,10079,137475335,1,755,104218,43386,95885,106094,103229,126719,229948,12344,10781,95833,170834,869323
traceon5,10079,137475335,1,756,106146,43073,61093,106407,101927,126510,228437,13177,10156,89948,170000,828437
traceon5,10079,137475335,1,757,102292,48906,96094,97031,97865,130416,228281,12657,11718,267500,208438,1072917
traceon5,10079,137475335,1,758,102968,44740,53646,109479,112917,120468,233385,13490,20521,302239,203907,1084375
traceon5,10079,137475335,1,759,106146,47448,78021,100572,225469,107604,333073,13907,42135,103542,161823,986667
traceon5,10079,137475335,1,760,96510,44115,60521,96666,96146,106979,203125,14063,10469,89427,147500,762396
traceon5,10079,137475335,1,761,107292,45625,64635,89115,115156,100261,215417,12552,10781,95260,155573,796250
traceon5,10079,137475335,1,762,101719,42969,52552,86041,145157,102656,247813,12552,9062,91927,162553,807188
traceon5,10079,137475335,1,763,143021,43125,52916,102761,99166,99323,198489,12969,9063,87812,161250,811406
traceon5,10079,137475335,1,764,101458,41406,62292,93385,91823,100313,192136,13125,9219,96666,142032,751719
traceon5,10079,137475335,1,765,93906,42500,59584,94062,98594,103750,202344,12812,9636,84479,144635,743958
traceon5,10079,137475335,1,766,104115,45885,55677,82396,93802,93698,187500,11562,9636,88177,149635,734583
traceon5,10079,137475335,1,767,90469,41615,52604,91719,94583,96667,191250,11614,11094,90469,164271,745105
traceon5,10079,137475335,1,768,116979,41041,62448,90417,91302,105365,196667,13489,11250,111146,175313,818750
traceon5,10079,137475335,1,769,92656,47344,71302,82813,152552,98541,251093,12761,20000,115260,155000,848229
traceon5,10079,137475335,1,770,115625,50000,63386,97187,120000,101823,221823,26771,9844,81771,148229,814636
traceon5,10079,137475335,1,771,94271,41406,50313,91770,94792,101250,196042,13594,9479,79740,147447,724062
traceon5,10079,137475335,1,772,97188,52344,48281,84219,91093,108282,199375,12760,8854,77188,154218,734427
traceon5,10079,137475335,1,773,93906,40781,63490,94583,113698,96615,210313,14895,11459,81094,151354,761875
traceon5,10079,137475335,1,774,93541,74375,51198,89844,102396,91406,193802,11250,8438,85104,140573,748125
traceon5,10079,137475335,1,775,106614,43698,56563,91406,90156,104167,194323,26354,9375,91146,157135,776614
traceon5,10079,137475335,1,776,92396,45260,69375,88438,88229,103385,191614,14792,9115,83854,132135,726979
traceon5,10079,137475335,1,777,97604,41198,55781,90365,91666,94688,186354,10573,8125,90781,155364,736145
traceon5,10079,137475335,1,778,107136,43177,114062,95313,99792,102187,201979,13229,9584,88802,148489,821771
traceon5,10079,137475335,1,779,95937,42032,50625,88073,93072,97553,190625,12812,10521,88698,145833,725156
traceon5,10079,137475335,1,780,97032,46406,69531,114323,96979,105365,202344,13854,39583,78646,144323,806042
traceon5,10079,137475335,1,781,97864,42656,46250,76823,93802,121615,215417,14687,10053,93541,179948,777239
traceon5,10079,137475335,1,782,90886,42916,47344,103958,102552,118282,220834,22500,12291,119375,227917,888021
traceon5,10079,137475335,1,783,113490,54375,59843,100990,102656,111146,213802,14896,10364,92396,162136,822292
traceon5,10079,137475335,1,784,99896,43645,48698,75313,86719,95520,182239,12969,9636,80104,129687,682187
traceon5,10079,137475335,1,785,96406,40886,49166,75157,88697,87761,176458,11979,10260,94688,143542,698542
traceon5,10079,137475335,1,786,91354,40938,53229,81875,101354,94948,196302,12969,9896,79947,131823,698333
traceon5,10079,137475335,1,787,103541,40625,51719,78177,109896,91979,201875,12188,23437,80000,168958,760520
traceon5,10079,137475335,1,788,85677,44114,48802,75834,91614,87448,179062,11719,8750,77292,136770,668020
traceon5,10079,137475335,1,789,100990,41875,51093,83750,88073,92761,180834,13281,9688,78697,140105,700313
traceon5,10079,137475335,1,790,93490,40417,58489,91875,89375,98906,188281,15105,10104,83333,143542,724636
traceon5,10079,137475335,1,791,91771,62344,55937,91719,102344,98437,200781,11511,9479,87396,144166,755104
traceon5,10079,137475335,1,792,108438,45520,55313,88750,92396,98437,190833,14531,11250,88334,179427,782396
traceon5,10079,137475335,1,793,92604,57135,51146,83281,91927,102865,194792,13281,9740,76250,157917,736146
traceon5,10079,137475335,1,794,92343,41823,57136,86302,91927,95729,187656,14063,9166,71198,158542,718229
traceon5,10079,137475335,1,795,89271,40000,56302,84844,89948,93542,183490,13229,10312,76563,152760,706771
traceon5,10079,137475335,1,796,88646,40573,56094,84322,102657,96771,199428,24114,10573,75052,135365,714167
traceon5,10079,137475335,1,797,92864,46250,58855,82864,87761,86875,174636,11979,9687,84011,138906,700052
traceon5,10079,137475335,1,798,122188,42916,66302,87032,93125,108698,201823,17083,10573,89844,165104,802865
traceon5,10079,137475335,1,799,98750,42240,74687,97292,94531,109583,204114,15313,10052,84531,163438,790417
traceon5,10079,137475335,1,800,99531,44167,58802,91667,107812,105938,213750,13541,12292,86875,156042,776667
traceon5,10079,137475335,1,801,96719,48386,63750,100885,95312,105730,201042,48125,13906,148333,167136,888282
traceon5,10079,137475335,1,802,100990,42969,53541,88646,128698,101563,230261,12968,11407,92239,151407,784428
traceon5,10079,137475335,1,803,100729,42917,50417,85416,118073,127865,245938,20625,12656,115365,195781,869844
traceon5,10079,137475335,1,804,128073,53645,70938,111875,125000,122969,247969,20521,59218,112188,178541,982968
traceon5,10079,137475335,1,805,115729,60834,61041,112032,108020,116198,224218,15209,11979,105417,181250,887709
traceon5,10079,137475335,1,806,120938,52187,64584,98229,100573,161354,261927,13177,21458,84063,216875,933438
traceon5,10079,137475335,1,807,98438,45416,54271,111354,101042,108906,209948,14271,10469,84739,162969,791875
traceon5,10079,137475335,1,808,124635,44584,55156,90677,92344,127135,219479,12448,8802,118594,151510,825885
traceon5,10079,137475335,1,809,90416,42969,55156,108073,131198,122604,253802,11563,9323,94583,139792,805677
traceon5,10079,137475335,1,810,94010,60782,54687,98542,96875,105989,202864,12553,9270,87448,157292,777448
traceon5,10079,137475335,1,811,92917,45260,55261,87187,91927,103073,195000,14271,8438,96875,145416,740625
traceon5,10079,137475335,1,812,91042,53125,47031,82448,90104,92865,182969,9531,8229,84844,146875,706094
traceon5,10079,137475335,1,813,101302,42292,54583,88386,102656,106302,208958,13542,9270,94948,153802,767083
traceon5,10079,137475335,1,814,91563,60364,56980,88177,97135,100625,197760,12865,9010,84531,147136,748386
traceon5,10079,137475335,1,815,97760,42084,52656,90677,133854,94844,228698,20000,11354,120886,202291,866406
traceon5,10079,137475335,1,816,99219,42448,96041,97761,92083,95677,187760,13906,9480,86927,151614,785156
traceon5,10079,137475335,1,817,99843,43855,50781,85156,89115,109896,199011,29479,8177,93854,177083,787239
traceon5,10079,137475335,1,818,91406,50678,70885,84219,95468,102500,197968,13959,8385,93906,151719,763125
traceon5,10079,137475335,1,819,93021,42031,58386,90677,88333,99635,187968,13907,8385,121458,144688,760521
traceon5,10079,137475335,1,820,106979,46875,65521,86146,140781,97760,238541,10781,8438,89010,162448,814739
traceon5,10079,137475335,1,821,102760,43281,60157,99531,91823,101458,193281,10625,6823,83802,154948,755208
traceon5,10079,137475335,1,822,93229,42084,53698,104218,112657,104166,216823,37188,8906,77396,139740,773282
traceon5,10079,137475335,1,823,97136,48594,54010,82292,87864,96615,184479,10469,7135,88229,141667,714011
traceon5,10079,137475335,1,824,101823,44270,55365,84479,87656,121823,209479,13177,8386,99323,157396,773698
traceon5,10079,137475335,1,825,101042,42604,105781,112709,86822,99948,186770,11875,7292,84375,155573,808021
traceon5,10079,137475335,1,826,87136,40104,55833,88854,101354,102448,203802,14636,8229,79115,146822,724531
traceon5,10079,137475335,1,827,125156,51614,56980,85729,91406,95365,186771,10989,18542,84062,154271,774114
traceon5,10079,137475335,1,828,94739,44740,56146,89531,88438,99687,188125,12969,9010,86615,143021,724896
traceon5,10079,137475335,1,829,107709,47552,54687,129531,93750,100313,194063,11302,8333,89011,152812,795000
traceon5,10079,137475335,1,830,101458,42292,56927,85260,92708,112657,205365,12916,7917,77448,158646,748229
traceon5,10079,137475335,1,831,91354,60469,54427,85521,91562,99948,191510,12396,8281,72656,152032,728646
traceon5,10079,137475335,1,832,104219,45625,52968,84688,96823,95156,191979,10885,7813,96510,148073,742760
traceon5,10079,137475335,1,833,95677,94323,46093,92604,97553,106145,203698,11250,8334,93333,182396,827708
traceon5,10079,137475335,1,834,102396,40781,58281,88803,86666,102396,189062,11719,9479,87448,205052,793021
traceon5,10079,137475335,1,835,95313,40781,63281,82500,98698,99167,197865,12500,8438,81875,150625,733178
traceon5,10079,137475335,1,836,94740,40104,47969,86042,91198,92760,183958,12708,8542,100885,136615,711563
traceon5,10079,137475335,1,837,92709,40052,59687,81980,100729,101354,202083,12083,8646,84219,165416,746875
traceon5,10079,137475335,1,838,86563,40833,48229,81198,88542,92604,181146,11823,9062,94532,207968,761354
traceon5,10079,137475335,1,839,103542,45156,71146,93177,116302,161302,277604,14427,9688,111510,157500,883750
traceon5,10079,137475335,1,840,112083,85312,55209,94739,94375,109948,204323,17396,10938,112864,166979,859843
traceon5,10079,137475335,1,841,98959,43854,57708,108854,88438,94271,182709,9479,7031,95625,171146,775365
traceon5,10079,137475335,1,842,108802,45052,52656,83750,87969,90886,178855,12291,9896,116302,167917,775521
traceon5,10079,137475335,1,843,106927,44115,52500,70572,86042,129115,215157,45729,10521,102083,169948,817552
traceon5,10079,137475335,1,844,146198,52604,60156,98385,92605,131822,224427,13125,8594,132344,197812,933645
traceon5,10079,137475335,1,845,100209,46822,51198,101771,92240,97448,189688,13802,8750,115677,218177,846094
traceon5,10079,137475335,1,846,139375,59115,65208,105625,97709,105156,202865,15052,9010,102604,175938,874792
traceon5,10079,137475335,1,847,107917,47500,65677,95989,99375,171459,270834,13645,7188,88698,153489,850937
traceon5,10079,137475335,1,848,117709,49062,60782,122604,102031,91042,193073,25000,8750,83125,145729,805834
traceon5,10079,137475335,1,849,108542,43854,56042,97291,88282,98437,186719,12552,8490,90468,141198,745156
traceon5,10079,137475335,1,850,100938,71302,53489,84948,85573,92344,177917,11094,7135,92813,163281,762917
traceon5,10079,137475335,1,851,126042,42292,50885,86094,83489,92188,175677,12760,7657,93854,149062,744323
traceon5,10079,137475335,1,852,99792,57916,57448,89740,132708,96354,229062,16250,9532,136198,163645,859583
traceon5,10079,137475335,1,853,168230,48489,65834,94583,92239,105105,197344,16666,22761,99218,179167,892292
traceon5,10079,137475335,1,854,96093,40782,62447,87500,100886,102448,203334,13541,9167,94636,143802,751302
traceon5,10079,137475335,1,855,80365,41666,48855,79791,115729,90209,205938,11666,8125,175417,165677,817500
traceon5,10079,137475335,1,856,98750,47813,69270,87917,89688,174010,263698,13385,8125,88438,163125,840521
traceon5,10079,137475335,1,857,93854,41250,57083,94428,135937,92865,228802,13385,8333,88177,157448,782760
traceon5,10079,137475335,1,858,96875,43490,74739,94532,85833,95469,181302,12552,8073,94583,163646,769792
traceon5,10079,137475335,1,859,91042,40261,43229,110208,88438,104479,192917,12239,8073,104011,177395,779375
traceon5,10079,137475335,1,860,93177,46042,56875,108125,120052,94583,214635,10781,8177,131250,156823,825885
traceon5,10079,137475335,1,861,94479,40573,49687,88386,97187,91563,188750,13281,8177,110000,157448,750781
traceon5,10079,137475335,1,862,137917,81614,53334,86510,126302,90990,217292,11354,8906,157656,150886,905469
traceon5,10079,137475335,1,863,88281,39792,55260,74584,84375,94375,178750,13177,7916,77292,146198,681250
traceon5,10079,137475335,1,864,88490,51145,51563,85833,80781,109323,190104,19896,7969,103073,143437,741510
traceon5,10079,137475335,1,865,96042,43385,56667,97188,88750,111666,200416,16198,9219,133125,228073,880313
traceon5,10079,137475335,1,866,110573,49792,57656,136771,95156,97865,193021,12187,8021,90208,161459,819688
traceon5,10079,137475335,1,867,126198,49583,62813,93646,90937,104844,195781,13333,9115,83906,161302,795677
traceon5,10079,137475335,1,868,97917,45885,51615,83906,92552,102135,194687,12136,9271,83072,158542,737031
traceon5,10079,137475335,1,869,92396,54010,51303,93333,95573,120469,216042,28854,11041,96459,173489,816927
traceon5,10079,137475335,1,870,110105,52500,59635,93594,94583,108802,203385,17552,11250,96042,148490,792553
traceon5,10079,137475335,1,871,101979,54792,113542,150260,113021,93854,206875,11771,8906,93490,161458,903073
traceon5,10079,137475335,1,872,105782,48020,62865,83594,92656,102656,195312,15156,7969,89115,171458,779271
traceon5,10079,137475335,1,873,104635,66094,61511,92656,94844,109531,204375,14739,9896,91667,150573,796146
traceon5,10079,137475335,1,874,108750,78021,52291,78698,111094,154062,265156,18542,21406,108854,198542,930260
traceon5,10079,137475335,1,875,107448,46198,76146,115521,90937,101146,192083,13854,10208,91511,152656,805625
traceon5,10079,137475335,1,876,108021,52708,57188,94219,85052,91562,176614,12136,9010,94323,164635,768854
traceon5,10079,137475335,1,877,100416,42344,55833,89792,84063,96041,180104,15156,7917,108281,144219,744062
traceon5,10079,137475335,1,878,92344,40885,48229,79063,99427,116823,216250,13854,7500,100833,167396,766354
traceon5,10079,137475335,1,879,98230,49531,70781,93490,87708,91406,179114,11459,7916,97188,151719,759428
traceon5,10079,137475335,1,880,100208,46146,58593,124271,83750,90313,174063,12656,8750,84063,151354,760104
traceon5,10079,137475335,1,881,92761,43489,57865,101979,85104,102865,187969,13906,7500,82813,138021,726303
traceon5,10079,137475335,1,882,94114,44063,50469,92708,89010,104167,193177,10260,7709,89062,140834,722396
traceon5,10079,137475335,1,883,102552,42135,49167,81041,85157,107187,192344,12604,7709,97656,143281,728489
traceon5,10079,137475335,1,884,100729,42656,55365,81250,83594,96302,179896,12604,8125,90781,153802,725208
traceon5,10079,137475335,1,885,102292,75521,50885,103958,81042,103750,184792,16823,10573,123281,184792,852917
traceon5,10079,137475335,1,886,114010,47084,57656,94531,81250,102344,183594,17760,10730,89843,144063,759271
traceon5,10079,137475335,1,887,97604,43907,54739,87136,96250,91666,187916,10156,8230,85885,167083,742656
traceon5,10079,137475335,1,888,110729,45781,56094,89844,103958,101875,205833,14167,7864,89792,157552,777656
traceon5,10079,137475335,1,889,95000,40104,58437,95000,87552,98855,186407,13802,8593,83490,140365,721198
traceon5,10079,137475335,1,890,136614,77865,58854,90521,90885,95104,185989,23334,8073,96406,159010,836666
traceon5,10079,137475335,1,891,106771,45469,59427,97604,122656,107552,230208,17188,8333,95208,168750,828958
traceon5,10079,137475335,1,892,95104,68646,46146,91667,92448,108073,200521,14895,8646,88698,149896,764219
traceon5,10079,137475335,1,893,100573,45000,55469,83385,91459,95416,186875,10782,9062,86510,197917,775573
traceon5,10079,137475335,1,894,104271,40677,75573,98073,92864,102917,195781,51771,11094,92239,158906,828385
traceon5,10079,137475335,1,895,96614,39844,63281,98230,92031,121667,213698,15052,20937,92761,147656,788073
traceon5,10079,137475335,1,896,102656,44792,67136,91093,97136,96979,194115,12031,8333,91928,161145,773229
traceon5,10079,137475335,1,897,102605,40833,64635,103802,89167,104323,193490,12656,9271,90313,161614,779219
traceon5,10079,137475335,1,898,94896,41615,73698,99531,85364,148073,233437,12813,7760,75365,158385,797500
traceon5,10079,137475335,1,899,93541,38906,50209,140000,119219,124114,243333,11198,7031,99427,155365,839010
traceon5,10079,137475335,1,900,91146,40989,51042,91562,100313,154219,254532,13073,16823,90156,163594,812917
traceon5,10079,137475335,1,901,83177,38073,55729,127448,91615,92448,184063,15208,9167,86614,155886,755365
traceon5,10079,137475335,1,902,91042,38854,52865,94010,89323,96302,185625,11250,7500,67657,148750,697553
traceon5,10079,137475335,1,903,89062,44896,84323,78490,85521,89010,174531,12344,8541,93646,138646,724479
traceon5,10079,137475335,1,904,123906,40000,53802,89740,105364,96250,201614,13907,7864,87761,155156,773750
traceon5,10079,137475335,1,905,94479,38177,48281,107656,102605,91979,194584,12135,7969,109740,158489,771510
traceon5,10079,137475335,1,906,106823,47292,61823,95989,86719,90261,176980,11302,7552,83125,152604,743490
traceon5,10079,137475335,1,907,105937,39844,58489,92032,84323,98645,182968,13073,7136,77656,143750,720885
traceon5,10079,137475335,1,908,93750,45729,59375,87708,83386,116198,199584,12500,7656,82864,193386,782552
traceon5,10079,137475335,1,909,78646,72343,51563,85989,87552,95782,183334,13645,6980,84114,152709,729323
traceon5,10079,137475335,1,910,92344,40156,52917,84739,85938,95885,181823,12552,7553,86458,140729,699271
traceon5,10079,137475335,1,911,97656,54063,52500,80417,84947,89167,174114,22396,7708,85573,146302,720729
traceon5,10079,137475335,1,912,91614,47657,51562,77604,86302,89115,175417,9740,6510,80625,138021,678750
traceon5,10079,137475335,1,913,99896,41406,62084,88333,96042,97760,193802,12500,8281,81302,145000,732604
traceon5,10079,137475335,1,914,96458,41510,59167,83125,86719,92031,178750,9740,6666,85209,150885,711510
traceon5,10079,137475335,1,915,82760,48229,62917,74375,82604,97761,180365,15625,9531,117656,183646,775104
traceon5,10079,137475335,1,916,110260,45678,58177,100000,83593,105261,188854,29687,9532,95104,146562,783854
traceon5,10079,137475335,1,917,92813,42500,72969,97239,94115,82500,176615,10677,7552,96927,284896,882188
traceon5,10079,137475335,1,918,104062,52084,55312,93333,86094,99375,185469,13177,9115,102760,161771,777083
traceon5,10079,137475335,1,919,116562,50886,56770,110730,88645,108490,197135,17135,10625,94532,141354,795729
traceon5,10079,137475335,1,920,128177,42760,53698,75365,84687,95209,179896,15625,10833,120156,166979,793489
traceon5,10079,137475335,1,921,109896,47396,49687,90365,82239,130417,212656,17656,23750,113021,174635,839062
traceon5,10079,137475335,1,922,90677,42031,55052,135469,98958,101979,200937,14011,8958,92136,154375,793646
traceon5,10079,137475335,1,923,117396,43177,50417,88489,83281,93021,176302,13646,8854,85104,156719,740104
traceon5,10079,137475335,1,924,95260,38542,48906,79115,87448,117864,205312,12292,9323,103698,166510,758958
traceon5,10079,137475335,1,925,106510,46511,57968,99167,86198,87656,173854,11042,8646,89896,149739,743333
traceon5,10079,137475335,1,926,115468,41563,52864,89167,108021,97396,205417,11198,8958,110208,140730,775573
traceon5,10079,137475335,1,927,96302,43854,54479,75521,86458,85105,171563,10625,8125,82968,143125,686562
traceon5,10079,137475335,1,928,169323,41198,50573,73438,83489,129636,213125,15156,9271,102969,162812,837865
traceon5,10079,137475335,1,929,112135,46250,59583,94063,85417,107968,193385,17448,10834,95364,136354,765416
traceon5,10079,137475335,1,930,89844,54739,50730,96093,105000,87188,192188,10000,7552,85000,149635,735781
traceon5,10079,137475335,1,931,103437,43802,55052,90104,86980,95937,182917,12240,8906,88437,142188,727083
traceon5,10079,137475335,1,932,194532,63281,56354,91823,96042,92552,188594,11406,8490,81927,143541,839948
traceon5,10079,137475335,1,933,84583,40938,51614,77031,92553,85468,178021,10469,7396,76198,153021,679271
traceon5,10079,137475335,1,934,99323,43593,74740,92552,91875,112865,204740,13697,9480,91614,140469,770208
traceon5,10079,137475335,1,935,99635,45469,58281,83802,94167,91511,185678,11562,8229,81823,158958,733437
traceon5,10079,137475335,1,936,96979,45573,72135,80052,94531,100417,194948,11615,9375,90260,166979,767916
traceon5,10079,137475335,1,937,100729,40104,60573,84323,83386,96666,180052,22605,8750,114895,139271,751302
traceon5,10079,137475335,1,938,94115,47187,63073,79375,85885,85053,170938,11041,9063,87083,136667,698542
traceon5,10079,137475335,1,939,98333,41719,51198,80990,109635,96979,206614,12813,8594,87031,153802,741094
traceon5,10079,137475335,1,940,97031,43386,55521,104687,88594,93594,182188,14375,9635,115885,219219,841927
traceon5,10079,137475335,1,941,110156,44844,57500,100052,85781,104688,190469,18177,10312,146250,149479,827239
traceon5,10079,137475335,1,942,111510,47917,60573,94115,108072,90000,198072,11042,16667,81927,164896,786719
traceon5,10079,137475335,1,943,103542,43489,57865,100469,115833,101771,217604,12448,8125,92083,152865,788490
traceon5,10079,137475335,1,944,101459,46094,53437,82292,90833,87083,177916,10677,7292,81094,157708,717969
traceon5,10079,137475335,1,945,112344,45625,59375,92500,84739,97240,181979,13698,8906,82448,133854,730729
traceon5,10079,137475335,1,946,96823,43125,53125,79532,86927,87031,173958,10573,8021,93333,143177,701667
traceon5,10079,137475335,1,947,101302,45104,54687,132813,85625,109427,195052,14219,32916,110938,213594,900625
traceon5,10079,137475335,1,948,123437,52656,61615,105625,89167,115989,205156,18334,11718,97292,181198,857031
traceon5,10079,137475335,1,949,103177,110521,55781,94375,94688,99323,194011,16823,10521,109843,154636,849688
traceon5,10079,137475335,1,950,102812,44896,60052,94583,93594,101667,195261,16093,10000,92969,183646,800312
traceon5,10079,137475335,1,951,111823,82500,54167,95156,84271,89896,174167,41979,9219,81927,142500,793438
traceon5,10079,137475335,1,952,101614,39271,55625,90000,97240,100052,197292,14271,8698,96927,156875,760573
traceon5,10079,137475335,1,953,92708,39740,67447,87084,83229,89792,173021,14687,8750,107448,155000,745885
traceon5,10079,137475335,1,954,94583,37656,52709,88593,84532,96875,181407,13177,8593,91146,149011,716875
traceon5,10079,137475335,1,955,93125,38958,60000,81667,85573,100468,186041,15261,9583,89740,137448,711823
traceon5,10079,137475335,1,956,101198,43698,57344,83750,112604,94635,207239,10469,7292,78958,140208,730156
traceon5,10079,137475335,1,957,119792,39635,63698,90834,84427,92812,177239,12240,8750,97083,156563,765834
traceon5,10079,137475335,1,958,99062,45573,56146,79688,85885,88021,173906,21771,9427,86823,154062,726458
traceon5,10079,137475335,1,959,103645,40573,55625,102292,83906,97136,181042,13021,8854,77812,153229,736093
traceon5,10079,137475335,1,960,95104,38750,53958,103438,119323,169948,289271,11666,8073,102240,179479,881979
traceon5,10079,137475335,1,961,93125,36614,49323,115469,88385,95521,183906,13334,8750,92500,173020,766041
traceon5,10079,137475335,1,962,110729,43959,54323,98125,85729,92604,178333,11094,8125,90260,158281,753229
traceon5,10079,137475335,1,963,86042,39115,48229,94010,86198,93906,180104,26875,8854,102136,170989,756354
traceon5,10079,137475335,1,964,100573,42969,57083,90104,84896,97031,181927,14219,9583,85417,148542,730417
traceon5,10079,137475335,1,965,107031,46042,62187,93803,94322,89115,183437,10833,9167,91146,159687,763333
traceon5,10079,137475335,1,966,115364,87032,97343,80677,87813,95208,183021,13125,8542,82500,155573,823177
traceon5,10079,137475335,1,967,90417,39583,51980,83645,86303,91197,177500,13438,8802,76875,159688,701928
traceon5,10079,137475335,1,968,87344,67448,44062,116354,87552,87032,174584,10937,33646,78281,139531,752187
traceon5,10079,137475335,1,969,85625,45677,47760,72396,103906,82240,186146,10625,7916,77813,132083,666041
traceon5,10079,137475335,1,970,90990,55677,53125,156927,90208,90781,180989,12500,7032,68802,141250,767292
traceon5,10079,137475335,1,971,119219,41041,47240,92864,90990,93333,184323,12240,8177,83854,141198,730156
traceon5,10079,137475335,1,972,98073,39480,60416,80573,85469,92500,177969,12812,8490,79323,134375,691511
traceon5,10079,137475335,1,973,102708,41667,46094,71093,92969,106042,199011,14583,9375,254896,189115,928542
traceon5,10079,137475335,1,974,105572,45990,59115,94114,84948,95365,180313,15521,10208,242969,175260,929062
traceon5,10079,137475335,1,975,94740,40521,46927,81302,85729,95625,181354,14323,8281,139896,209531,816875
traceon5,10079,137475335,1,976,98073,39010,67084,95416,91355,102135,193490,12448,8073,108229,151094,772917
traceon5,10079,137475335,1,977,96979,38906,51406,86980,85364,98854,184218,13959,9375,95260,169636,746719
traceon5,10079,137475335,1,978,96823,47396,68906,97500,115573,100313,215886,11562,7396,88021,146042,779532
traceon5,10079,137475335,1,979,110938,49219,62968,103334,95208,98281,193489,11563,7916,88907,168958,797292
traceon5,10079,137475335,1,980,101250,39427,51979,112761,86406,103073,189479,12864,7188,88437,152969,756354
traceon5,10079,137475335,1,981,93542,39739,48021,84063,88020,95417,183437,12552,9063,84791,141198,696406
traceon5,10079,137475335,1,982,90469,46093,48854,75417,97031,101250,198281,16667,10938,106302,166041,759062
traceon5,10079,137475335,1,983,121146,47917,53125,81615,83125,111927,195052,18177,10729,110937,161823,800521
traceon5,10079,137475335,1,984,97969,41614,53229,86615,88646,86198,174844,22968,8542,84636,145625,716042
traceon5,10079,137475335,1,985,123646,46771,99895,108907,83854,102604,186458,17917,10312,115677,184323,893906
traceon5,10079,137475335,1,986,110886,52604,58646,95000,89739,107188,196927,16302,9791,112136,192812,845104
traceon5,10079,137475335,1,987,116979,53334,53854,92083,85521,98698,184219,17604,10365,88854,141198,758490
traceon5,10079,137475335,1,988,100521,47396,51041,88750,83698,89584,173282,10677,8437,79063,145833,705000
traceon5,10079,137475335,1,989,151615,71250,57760,86198,92240,97708,189948,12500,38906,94375,199063,901615
traceon5,10079,137475335,1,990,101718,41459,55104,88854,99323,98073,197396,13802,9479,91042,154479,753333
traceon5,10079,137475335,1,991,90313,55781,55104,92396,315104,125417,440521,14583,8646,93750,194792,1045886
traceon5,10079,137475335,1,992,96042,44948,49583,99115,890312,154844,1045156,21979,9740,122291,172240,1661094
traceon5,10079,137475335,1,993,127344,43386,68229,220885,128698,154115,282813,12864,8386,103489,157917,1025313
traceon5,10079,137475335,1,994,99323,42812,52917,98489,103854,109271,213125,11407,23281,108073,153125,802552
traceon5,10079,137475335,1,995,95781,40053,68125,116770,133490,493490,626980,73750,12239,101511,164010,1299219
traceon5,10079,137475335,1,996,166406,51823,60677,155052,201563,184010,385573,18021,12136,120104,202031,1171823
traceon5,10079,137475335,1,997,92187,39375,62031,98854,121094,118438,239532,15312,10417,98802,148958,805468
traceon5,10079,137475335,1,998,96094,39219,50156,95729,1397292,118594,1515886,15260,10677,102083,154219,2079323
traceon5,10079,137475335,1,999,89792,39114,51094,121042,122343,139115,261458,13854,8542,97604,177864,860364
traceon5,10079,137475335,1,1000,88854,38385,48334,96250,121614,104427,226041,25625,8854,96042,139271,767656
traceon5,10079,137475335,1,1001,89687,41771,53958,86146,105833,110573,216406,13542,9896,95573,142708,749687
traceon5,10079,137475335,1,1002,93594,40364,53854,110313,106719,130468,237187,13750,8646,99479,138907,796094
traceon5,10079,137475335,1,1003,88854,38125,53854,90052,101407,105989,207396,13282,8958,96354,138802,735677
traceon5,10079,137475335,1,1004,103906,38229,49531,118959,115468,103386,218854,12135,8542,93906,135417,779479
traceon5,10079,137475335,1,1005,92708,37448,54167,100833,101250,121823,223073,12916,19792,103021,174792,818750
traceon5,10079,137475335,1,1006,109011,41771,56250,107760,119792,120104,239896,12291,9584,103802,167708,848073
traceon5,10079,137475335,1,1007,92761,37968,45209,92343,123803,108020,231823,12396,8646,97188,144635,762969
traceon5,10079,137475335,1,1008,92447,50938,48177,96042,105833,123594,229427,13229,8958,98907,171041,809166
traceon5,10079,137475335,1,1009,83438,37604,73906,89636,106458,109375,215833,13177,9844,97916,140313,761667
traceon5,10079,137475335,1,1010,70209,60520,47500,168125,109011,118698,227709,17396,10468,125469,165104,892500
traceon5,10079,137475335,1,1011,108958,45833,50261,107656,107344,108854,216198,14687,9688,105677,146302,805260
traceon5,10079,137475335,1,1012,93282,54739,49375,98802,106042,128646,234688,12916,9011,106562,190365,849740
traceon5,10079,137475335,1,1013,84583,38646,38437,177761,126406,100677,227083,12969,8125,83281,133073,803958
traceon5,10079,137475335,1,1014,87083,38438,57396,85781,99323,97448,196771,13593,8178,82968,129896,700104
traceon5,10079,137475335,1,1015,83802,37865,46718,104479,131719,129584,261303,18333,10677,106927,146719,816823
traceon5,10079,137475335,1,1016,87657,38593,60157,92031,99010,99063,198073,11458,8698,88385,126927,711979
traceon5,10079,137475335,1,1017,78073,38385,42135,87605,98125,91458,189583,10625,8021,213802,137500,805729
traceon5,10079,137475335,1,1018,77135,35781,95938,158646,101718,131615,233333,9948,6823,230521,177760,1025885
traceon5,10079,137475335,1,1019,122917,42916,43334,95208,113073,102656,215729,11250,8698,94167,181406,815625
traceon5,10079,137475335,1,1020,99427,43959,51041,105886,102916,105938,208854,13541,8959,100573,154687,786927
traceon5,10079,137475335,1,1021,81823,36354,46198,83333,96563,104583,201146,23907,8281,87760,161198,730000
traceon5,10079,137475335,1,1022,87708,38854,46198,85000,96667,102291,198958,13750,8438,100104,137917,716927
traceon5,10079,137475335,1,1023,81042,36615,39896,82968,104896,88646,193542,13385,7813,82396,125000,662657
traceon5,10079,137475335,1,1024,78542,36250,40781,80521,116458,92396,208854,11771,7500,79583,125677,669479
traceon5,10079,137475335,1,1025,79583,42344,42656,78386,98489,88542,187031,10989,7761,83281,167656,699687
traceon5,10079,137475335,1,1026,89740,40521,44218,88490,102708,96615,199323,13125,17500,93854,141354,728125
traceon5,10079,137475335,1,1027,104843,38855,45885,90937,94323,89167,183490,14531,10313,94323,130573,713750
traceon5,10079,137475335,1,1028,82448,35834,44010,82292,84583,121771,206354,10989,8230,83020,131146,684323
traceon5,10079,137475335,1,1029,79427,44948,40937,82292,99687,88959,188646,10989,8281,87240,125000,667760
traceon5,10079,137475335,1,1030,78021,35833,50781,85052,118438,93333,211771,11771,8646,86562,145000,713437
traceon5,10079,137475335,1,1031,80104,47240,65208,87240,117917,99895,217812,10730,17083,80417,133333,739167
traceon5,10079,137475335,1,1032,82552,43594,51511,105833,96562,92605,189167,11354,8750,78229,139427,710417
traceon5,10079,137475335,1,1033,84011,71666,42865,82239,91615,92344,183959,11093,7448,80521,141094,704896
traceon5,10079,137475335,1,1034,82396,38021,47917,77239,85157,106041,191198,11354,8230,74791,134532,665678
traceon5,10079,137475335,1,1035,78594,37136,62239,77344,88281,90313,178594,12083,8281,77917,135000,667188
traceon5,10079,137475335,1,1036,83958,37396,47448,75573,87708,92552,180260,10834,9166,95417,135261,675313
traceon5,10079,137475335,1,1037,78646,36146,56927,73802,85937,93073,179010,11771,8073,80781,135417,660573
traceon5,10079,137475335,1,1038,83541,75729,45834,69896,81354,115677,197031,10833,7969,79948,122656,693437
traceon5,10079,137475335,1,1039,82032,37343,51407,76198,99322,85625,184947,11094,7917,69739,127240,647917
traceon5,10079,137475335,1,1040,100834,37291,43750,73177,90365,87865,178230,10833,8073,74479,132448,659115
traceon5,10079,137475335,1,1041,83958,37084,42031,87552,85781,87188,172969,11146,8958,74896,136406,655000
traceon5,10079,137475335,1,1042,78594,35729,39115,73437,85209,93333,178542,20938,8437,72135,138907,645834
traceon5,10079,137475335,1,1043,81771,36510,41406,77188,92916,88698,181614,12709,8750,72812,134844,647604
traceon5,10079,137475335,1,1044,80677,73594,52343,78542,87760,92709,180469,13333,9011,74114,140938,703021
traceon5,10079,137475335,1,1045,78229,36771,41250,70208,83698,92292,175990,10937,8282,73021,137812,632500
traceon5,10079,137475335,1,1046,83281,41406,46511,75312,86771,90573,177344,13073,8802,75365,131979,653073
traceon5,10079,137475335,1,1047,93542,38906,43958,78490,103489,86198,189687,20886,8177,77083,132240,682969
traceon5,10079,137475335,1,1048,99011,37031,44896,78802,130625,90521,221146,11614,30886,98541,159428,781355
traceon5,10079,137475335,1,1049,92760,41146,46042,74010,126250,93802,220052,12552,8750,72396,166875,734583
traceon5,10079,137475335,1,1050,85468,37136,38281,87760,98802,92448,191250,11407,7864,84688,155260,699114
