"ts","cpu","name","value"
813409811404462,5,"cpufreq",2438400.000000
813409811404774,6,"cpufreq",2438400.000000
813409811875347,5,"cpufreq",2956800.000000
813409811875764,6,"cpufreq",2956800.000000
813409811917482,5,"cpufreq",2188800.000000
813409811917795,6,"cpufreq",2188800.000000
813409811955816,5,"cpufreq",2246400.000000
813409811956128,6,"cpufreq",2246400.000000
813409812207951,5,"cpufreq",2323200.000000
813409812208368,6,"cpufreq",2323200.000000
813409813779514,5,"cpufreq",2246400.000000
813409813780764,6,"cpufreq",2246400.000000
813409814249930,5,"cpufreq",2630400.000000
813409814250347,6,"cpufreq",2630400.000000
813409814591180,5,"cpufreq",2323200.000000
813409814591649,6,"cpufreq",2323200.000000
813409814871128,5,"cpufreq",2188800.000000
813409814871441,6,"cpufreq",2188800.000000
813409814901701,5,"cpufreq",2438400.000000
813409814902118,6,"cpufreq",2438400.000000
813409814980972,5,"cpufreq",2515200.000000
813409814981441,6,"cpufreq",2515200.000000
813409815868316,5,"cpufreq",2956800.000000
813409815868732,6,"cpufreq",2956800.000000
813409821301128,5,"cpufreq",2841600.000000
813409821301493,6,"cpufreq",2841600.000000
813409822057691,5,"cpufreq",2956800.000000
813409822058107,6,"cpufreq",2956800.000000
813409822340659,5,"cpufreq",2841600.000000
813409822341024,6,"cpufreq",2841600.000000
813409822368732,5,"cpufreq",2899200.000000
813409822369305,6,"cpufreq",2899200.000000
813409823542951,5,"cpufreq",2841600.000000
813409823543368,6,"cpufreq",2841600.000000
813409824142691,5,"cpufreq",2764800.000000
813409824143107,6,"cpufreq",2764800.000000
813409824229566,5,"cpufreq",2841600.000000
813409824229826,6,"cpufreq",2841600.000000
813409827444982,5,"cpufreq",2956800.000000
813409827445399,6,"cpufreq",2956800.000000
813409830128837,5,"cpufreq",2515200.000000
813409830129305,6,"cpufreq",2515200.000000
813409830393055,5,"cpufreq",2956800.000000
813409830393368,6,"cpufreq",2956800.000000
813409830709357,5,"cpufreq",2246400.000000
813409830710034,6,"cpufreq",2246400.000000
813409832234305,5,"cpufreq",2956800.000000
813409832234566,6,"cpufreq",2956800.000000
813409835416180,5,"cpufreq",2630400.000000
813409835416753,6,"cpufreq",2630400.000000
813409839523941,5,"cpufreq",2707200.000000
813409839524357,6,"cpufreq",2707200.000000
813409839569253,5,"cpufreq",2841600.000000
813409839569514,6,"cpufreq",2841600.000000
813409839716805,5,"cpufreq",2630400.000000
813409839717118,6,"cpufreq",2630400.000000
813409839756857,5,"cpufreq",2956800.000000
813409839757222,6,"cpufreq",2956800.000000
813409843376180,5,"cpufreq",2841600.000000
813409843376701,6,"cpufreq",2841600.000000
813409851390764,5,"cpufreq",2630400.000000
813409851391076,6,"cpufreq",2630400.000000
813409855075920,5,"cpufreq",2956800.000000
813409855076232,6,"cpufreq",2956800.000000
813409855392795,5,"cpufreq",2630400.000000
813409855393107,6,"cpufreq",2630400.000000
813409857209149,5,"cpufreq",2572800.000000
813409857210191,6,"cpufreq",2572800.000000
813409857864878,5,"cpufreq",2899200.000000
813409857865347,6,"cpufreq",2899200.000000
813409858268576,5,"cpufreq",2572800.000000
813409858268889,6,"cpufreq",2572800.000000
813409859442170,5,"cpufreq",2131200.000000
813409859442430,6,"cpufreq",2131200.000000
813409861662482,5,"cpufreq",2035200.000000
813409861662899,6,"cpufreq",2035200.000000
813409862052430,5,"cpufreq",1920000.000000
813409862052743,6,"cpufreq",1920000.000000
813409862167795,5,"cpufreq",2438400.000000
813409862168107,6,"cpufreq",2438400.000000
813409862295920,5,"cpufreq",2380800.000000
813409862296337,6,"cpufreq",2380800.000000
813409862739670,5,"cpufreq",2035200.000000
813409862740087,6,"cpufreq",2035200.000000
813409862922743,5,"cpufreq",2131200.000000
813409862923159,6,"cpufreq",2131200.000000
813409863049930,5,"cpufreq",2630400.000000
813409863050399,6,"cpufreq",2630400.000000
813409863276076,5,"cpufreq",2035200.000000
813409863276493,6,"cpufreq",2035200.000000
813409863482170,5,"cpufreq",2630400.000000
813409863482482,6,"cpufreq",2630400.000000
813409864882222,5,"cpufreq",2035200.000000
813409864882691,6,"cpufreq",2035200.000000
813409865565191,5,"cpufreq",1920000.000000
813409865565451,6,"cpufreq",1920000.000000
813409865726076,5,"cpufreq",2035200.000000
813409865726597,6,"cpufreq",2035200.000000
813409866409982,5,"cpufreq",1920000.000000
813409866410295,6,"cpufreq",1920000.000000
813409866667534,5,"cpufreq",2035200.000000
813409866667847,6,"cpufreq",2035200.000000
813409866785972,5,"cpufreq",1920000.000000
813409866786180,6,"cpufreq",1920000.000000
813409866916337,5,"cpufreq",2035200.000000
813409866916701,6,"cpufreq",2035200.000000
813409867147170,5,"cpufreq",1920000.000000
813409867147378,6,"cpufreq",1920000.000000
813409867280347,5,"cpufreq",2188800.000000
813409867280607,6,"cpufreq",2188800.000000
813409867366232,5,"cpufreq",2841600.000000
813409867367066,6,"cpufreq",2841600.000000
813409870518576,5,"cpufreq",2956800.000000
813409870518889,6,"cpufreq",2956800.000000
813409870628576,5,"cpufreq",2899200.000000
813409870628941,6,"cpufreq",2899200.000000
813409870669514,5,"cpufreq",2841600.000000
813409870670399,6,"cpufreq",2841600.000000
813409870792326,5,"cpufreq",2956800.000000
813409870793212,6,"cpufreq",2956800.000000
813409870871493,5,"cpufreq",2841600.000000
813409870872430,6,"cpufreq",2841600.000000
813409871073576,5,"cpufreq",2956800.000000
813409871073784,6,"cpufreq",2956800.000000
813409871134201,5,"cpufreq",2841600.000000
813409871134670,6,"cpufreq",2841600.000000
813409871937691,5,"cpufreq",2956800.000000
813409871938472,6,"cpufreq",2956800.000000
813409872024514,5,"cpufreq",2841600.000000
813409872024774,6,"cpufreq",2841600.000000
813409872518159,5,"cpufreq",2956800.000000
813409872518628,6,"cpufreq",2956800.000000
813409876215295,5,"cpufreq",2035200.000000
813409876216180,6,"cpufreq",2035200.000000
813409876231909,5,"cpufreq",2707200.000000
813409876232170,6,"cpufreq",2707200.000000
813409876364149,5,"cpufreq",2035200.000000
813409876364357,6,"cpufreq",2035200.000000
813409876399670,5,"cpufreq",2323200.000000
813409876399878,6,"cpufreq",2323200.000000
813409876575659,5,"cpufreq",2956800.000000
813409876576493,6,"cpufreq",2956800.000000
813409894616545,5,"cpufreq",2899200.000000
813409894617587,6,"cpufreq",2899200.000000
813409894634982,5,"cpufreq",2956800.000000
813409894635399,6,"cpufreq",2956800.000000
813409896445764,5,"cpufreq",2764800.000000
813409896446128,6,"cpufreq",2764800.000000
813409897178732,5,"cpufreq",2956800.000000
813409897179305,6,"cpufreq",2956800.000000
813409897577691,5,"cpufreq",2899200.000000
813409897578003,6,"cpufreq",2899200.000000
813409898602222,5,"cpufreq",2956800.000000
813409898602743,6,"cpufreq",2956800.000000
813409899588576,5,"cpufreq",2899200.000000
813409899589097,6,"cpufreq",2899200.000000
813409899699566,5,"cpufreq",2956800.000000
813409899699982,6,"cpufreq",2956800.000000
813409900546076,5,"cpufreq",2764800.000000
813409900546441,6,"cpufreq",2764800.000000
813409901891649,5,"cpufreq",2899200.000000
813409901892014,6,"cpufreq",2899200.000000
813409903348680,5,"cpufreq",2956800.000000
813409903349149,6,"cpufreq",2956800.000000
813409904828941,5,"cpufreq",2899200.000000
813409904829357,6,"cpufreq",2899200.000000
813409905451284,5,"cpufreq",2956800.000000
813409905451649,6,"cpufreq",2956800.000000
813409915371545,5,"cpufreq",1075200.000000
813409915372066,6,"cpufreq",1075200.000000
813409918044722,5,"cpufreq",2956800.000000
813409918045295,6,"cpufreq",2956800.000000
813409920232222,5,"cpufreq",1824000.000000
813409920232534,6,"cpufreq",1824000.000000
813409920314045,5,"cpufreq",1401600.000000
813409920314409,6,"cpufreq",1401600.000000
813409920333212,5,"cpufreq",2956800.000000
813409920333680,6,"cpufreq",2956800.000000
813409921202014,5,"cpufreq",1401600.000000
813409921202430,6,"cpufreq",1401600.000000
813409921233889,5,"cpufreq",1190400.000000
813409921234253,6,"cpufreq",1190400.000000
813409921345087,5,"cpufreq",2956800.000000
813409921345451,6,"cpufreq",2956800.000000
813409933725920,7,"cpufreq",3052800.000000
813410334438680,0,"cpufreq",787200.000000
813410334439149,1,"cpufreq",787200.000000
813410334461909,0,"cpufreq",1344000.000000
813410334462326,1,"cpufreq",1344000.000000
813410334591128,0,"cpufreq",2265600.000000
813410334593263,1,"cpufreq",2265600.000000
813410335198628,0,"cpufreq",1248000.000000
813410335198941,1,"cpufreq",1248000.000000
813410335658107,0,"cpufreq",2035200.000000
813410335659826,1,"cpufreq",2035200.000000
813410335676701,0,"cpufreq",2265600.000000
813410335677222,1,"cpufreq",2265600.000000
813410335724461,0,"cpufreq",2035200.000000
813410335725347,1,"cpufreq",2035200.000000
813410336161493,0,"cpufreq",2150400.000000
813410336162013,1,"cpufreq",2150400.000000
813410336307326,0,"cpufreq",2265600.000000
813410336308211,1,"cpufreq",2265600.000000
813410336825607,0,"cpufreq",2035200.000000
813410336826857,1,"cpufreq",2035200.000000
813410336916128,0,"cpufreq",2265600.000000
813410336917482,1,"cpufreq",2265600.000000
813410336982638,0,"cpufreq",2150400.000000
813410336982951,1,"cpufreq",2150400.000000
813410337162326,0,"cpufreq",2265600.000000
813410337163159,1,"cpufreq",2265600.000000
813410337488993,0,"cpufreq",2150400.000000
813410337489409,1,"cpufreq",2150400.000000
813410337730086,0,"cpufreq",2265600.000000
813410337730972,1,"cpufreq",2265600.000000
813410339404826,7,"cpufreq",3302400.000000
813410347390034,0,"cpufreq",1344000.000000
813410347390347,1,"cpufreq",1344000.000000
813410347589357,0,"cpufreq",1248000.000000
813410347589670,1,"cpufreq",1248000.000000
813410349166493,0,"cpufreq",1132800.000000
813410349168003,1,"cpufreq",1132800.000000
813410351297118,0,"cpufreq",2265600.000000
813410351297430,1,"cpufreq",2265600.000000
813410351320816,0,"cpufreq",1132800.000000
813410351321076,1,"cpufreq",1132800.000000
813410351429513,0,"cpufreq",1574400.000000
813410351431076,1,"cpufreq",1574400.000000
813410352837482,0,"cpufreq",1248000.000000
813410352837743,1,"cpufreq",1248000.000000
813410352913941,0,"cpufreq",1017600.000000
813410352914253,1,"cpufreq",1017600.000000
813410353526961,0,"cpufreq",1574400.000000
813410353529930,1,"cpufreq",1574400.000000
813410354010868,0,"cpufreq",1689600.000000
813410354011232,1,"cpufreq",1689600.000000
813410354383941,0,"cpufreq",2265600.000000
813410354384357,1,"cpufreq",2265600.000000
813410359160555,0,"cpufreq",1689600.000000
813410359160868,1,"cpufreq",1689600.000000
813410360164826,0,"cpufreq",2265600.000000
813410360165138,1,"cpufreq",2265600.000000
813410360976336,0,"cpufreq",1248000.000000
813410360976701,1,"cpufreq",1248000.000000
813410361187274,0,"cpufreq",1459200.000000
813410361187534,1,"cpufreq",1459200.000000
813410361260763,0,"cpufreq",1574400.000000
813410361261024,1,"cpufreq",1574400.000000
813410361455086,0,"cpufreq",1344000.000000
813410361456180,1,"cpufreq",1344000.000000
813410361714409,0,"cpufreq",1574400.000000
813410361714722,1,"cpufreq",1574400.000000
813410361843576,0,"cpufreq",1689600.000000
813410361845711,1,"cpufreq",1689600.000000
813410361922638,0,"cpufreq",2265600.000000
813410361923003,1,"cpufreq",2265600.000000
813410362033420,0,"cpufreq",1689600.000000
813410362033732,1,"cpufreq",1689600.000000
813410362665555,0,"cpufreq",2265600.000000
813410362665920,1,"cpufreq",2265600.000000
813410362905086,0,"cpufreq",1689600.000000
813410362905503,1,"cpufreq",1689600.000000
813410363250503,0,"cpufreq",2265600.000000
813410363252118,1,"cpufreq",2265600.000000
813410364591284,0,"cpufreq",1804800.000000
813410364592430,1,"cpufreq",1804800.000000
813410366812066,0,"cpufreq",1920000.000000
813410366812534,1,"cpufreq",1920000.000000
813410368141961,0,"cpufreq",2035200.000000
813410368142378,1,"cpufreq",2035200.000000
813410369517691,0,"cpufreq",2150400.000000
813410369518107,1,"cpufreq",2150400.000000
813410371443211,0,"cpufreq",1459200.000000
813410371443941,1,"cpufreq",1459200.000000
813410372365399,0,"cpufreq",1574400.000000
813410372365763,1,"cpufreq",1574400.000000
813410372611701,0,"cpufreq",902400.000000
813410372612222,1,"cpufreq",902400.000000
813410372719930,0,"cpufreq",787200.000000
813410372723524,1,"cpufreq",787200.000000
813410372964409,0,"cpufreq",902400.000000
813410372964826,1,"cpufreq",902400.000000
813410373055451,0,"cpufreq",787200.000000
813410373058368,1,"cpufreq",787200.000000
813410375281336,0,"cpufreq",1574400.000000
813410375281753,1,"cpufreq",1574400.000000
813410375774982,0,"cpufreq",2265600.000000
813410375776336,1,"cpufreq",2265600.000000
813410376193941,0,"cpufreq",2150400.000000
813410376194722,1,"cpufreq",2150400.000000
813410378214826,0,"cpufreq",2265600.000000
813410378215711,1,"cpufreq",2265600.000000
813410381001336,0,"cpufreq",2150400.000000
813410381001753,1,"cpufreq",2150400.000000
813410381260659,0,"cpufreq",1920000.000000
813410381260920,1,"cpufreq",1920000.000000
813410381601597,0,"cpufreq",2150400.000000
813410381601857,1,"cpufreq",2150400.000000
813410382762430,0,"cpufreq",2265600.000000
813410382763784,1,"cpufreq",2265600.000000
813410398094045,7,"cpufreq",902400.000000
813410398331545,7,"cpufreq",3302400.000000
813410407942065,0,"cpufreq",2150400.000000
813410407942847,1,"cpufreq",2150400.000000
813410411759878,0,"cpufreq",2265600.000000
813410411761232,1,"cpufreq",2265600.000000
813410414714409,0,"cpufreq",2150400.000000
813410414714826,1,"cpufreq",2150400.000000
813410415079878,0,"cpufreq",2265600.000000
813410415080347,1,"cpufreq",2265600.000000
813410422597222,0,"cpufreq",1804800.000000
813410422597586,1,"cpufreq",1804800.000000
813410422882951,0,"cpufreq",1689600.000000
813410422883263,1,"cpufreq",1689600.000000
813410423256076,0,"cpufreq",1920000.000000
813410423256440,1,"cpufreq",1920000.000000
813410424318211,0,"cpufreq",2265600.000000
813410424319253,1,"cpufreq",2265600.000000
813410431197795,0,"cpufreq",2150400.000000
813410431198055,1,"cpufreq",2150400.000000
813410431375659,0,"cpufreq",2265600.000000
813410431377274,1,"cpufreq",2265600.000000
813410431550138,0,"cpufreq",2150400.000000
813410431550503,1,"cpufreq",2150400.000000
813410433079618,0,"cpufreq",2265600.000000
813410433080607,1,"cpufreq",2265600.000000
813410439262222,0,"cpufreq",1804800.000000
813410439262586,1,"cpufreq",1804800.000000
813410439960503,0,"cpufreq",1920000.000000
813410439960972,1,"cpufreq",1920000.000000
813410441628836,0,"cpufreq",2265600.000000
813410441630034,1,"cpufreq",2265600.000000
813410448319878,0,"cpufreq",1689600.000000
813410448320243,1,"cpufreq",1689600.000000
813410449186597,0,"cpufreq",1459200.000000
813410449187847,1,"cpufreq",1459200.000000
813410449967013,0,"cpufreq",2265600.000000
813410449968420,1,"cpufreq",2265600.000000
813410475478003,0,"cpufreq",1920000.000000
813410475478888,1,"cpufreq",1920000.000000
813410478393784,0,"cpufreq",2265600.000000
813410478395399,1,"cpufreq",2265600.000000
813410479797847,0,"cpufreq",1920000.000000
813410479799097,1,"cpufreq",1920000.000000
813410480371180,0,"cpufreq",2035200.000000
813410480371440,1,"cpufreq",2035200.000000
813410480738315,0,"cpufreq",1804800.000000
813410480738732,1,"cpufreq",1804800.000000
813410480875295,0,"cpufreq",1459200.000000
813410480875607,1,"cpufreq",1459200.000000
813410484120347,0,"cpufreq",1574400.000000
813410484120711,1,"cpufreq",1574400.000000
813410484155347,0,"cpufreq",1689600.000000
813410484155763,1,"cpufreq",1689600.000000
813410486969461,0,"cpufreq",1920000.000000
813410486970503,1,"cpufreq",1920000.000000
813410488187222,0,"cpufreq",1804800.000000
813410488188680,1,"cpufreq",1804800.000000
813410488474982,7,"cpufreq",902400.000000
813410488568732,7,"cpufreq",3302400.000000
813410489376284,0,"cpufreq",1689600.000000
813410489376649,1,"cpufreq",1689600.000000
813410491497326,0,"cpufreq",1574400.000000
813410491498420,1,"cpufreq",1574400.000000
813410491630503,0,"cpufreq",1689600.000000
813410491631649,1,"cpufreq",1689600.000000
813410493070138,0,"cpufreq",1804800.000000
813410493070451,1,"cpufreq",1804800.000000
813410494339878,0,"cpufreq",1920000.000000
813410494340190,1,"cpufreq",1920000.000000
813410494916232,0,"cpufreq",1804800.000000
813410494917743,1,"cpufreq",1804800.000000
813410496490555,0,"cpufreq",2150400.000000
813410496490868,1,"cpufreq",2150400.000000
813410496935659,0,"cpufreq",2035200.000000
813410496936649,1,"cpufreq",2035200.000000
813410497020451,0,"cpufreq",1804800.000000
813410497021857,1,"cpufreq",1804800.000000
813410497055243,0,"cpufreq",1689600.000000
813410497055607,1,"cpufreq",1689600.000000
813410497748107,0,"cpufreq",1459200.000000
813410497748524,1,"cpufreq",1459200.000000
813410498107586,0,"cpufreq",1804800.000000
813410498108055,1,"cpufreq",1804800.000000
813410498159253,0,"cpufreq",2265600.000000
813410498159722,1,"cpufreq",2265600.000000
813410498613315,7,"cpufreq",902400.000000
813410499167013,7,"cpufreq",1248000.000000
813410499234930,7,"cpufreq",3110400.000000
813410499405607,0,"cpufreq",902400.000000
813410499406857,1,"cpufreq",902400.000000
813410499424253,7,"cpufreq",3244800.000000
813410500455868,7,"cpufreq",3302400.000000
813410500757847,0,"cpufreq",1459200.000000
813410500758263,1,"cpufreq",1459200.000000
813410501276024,0,"cpufreq",1017600.000000
813410501276388,1,"cpufreq",1017600.000000
813410501395607,0,"cpufreq",1689600.000000
813410501397482,1,"cpufreq",1689600.000000
813410502638940,0,"cpufreq",902400.000000
813410502639305,1,"cpufreq",902400.000000
813410503286909,0,"cpufreq",1689600.000000
813410503289878,1,"cpufreq",1689600.000000
813410503947899,0,"cpufreq",2150400.000000
813410503948211,1,"cpufreq",2150400.000000
813410504796440,0,"cpufreq",1689600.000000
813410504797326,1,"cpufreq",1689600.000000
813410505738524,0,"cpufreq",1574400.000000
813410505739670,1,"cpufreq",1574400.000000
813410506145815,0,"cpufreq",1459200.000000
813410506146128,1,"cpufreq",1459200.000000
813410507349045,0,"cpufreq",1689600.000000
813410507350347,1,"cpufreq",1689600.000000
813410507407482,0,"cpufreq",1920000.000000
813410507407847,1,"cpufreq",1920000.000000
813410511433993,0,"cpufreq",2035200.000000
813410511434461,1,"cpufreq",2035200.000000
813410511529982,0,"cpufreq",1920000.000000
813410511530295,1,"cpufreq",1920000.000000
813410512919722,0,"cpufreq",1459200.000000
813410512920190,1,"cpufreq",1459200.000000
813410513039930,0,"cpufreq",2265600.000000
813410513042013,1,"cpufreq",2265600.000000
813410513115034,0,"cpufreq",2035200.000000
813410513115399,1,"cpufreq",2035200.000000
813410513157951,0,"cpufreq",2265600.000000
813410513158211,1,"cpufreq",2265600.000000
813410513439097,0,"cpufreq",2150400.000000
813410513439565,1,"cpufreq",2150400.000000
813410513938211,0,"cpufreq",2035200.000000
813410513939097,1,"cpufreq",2035200.000000
813410513973003,0,"cpufreq",2150400.000000
813410513973263,1,"cpufreq",2150400.000000
813410515940034,0,"cpufreq",1248000.000000
813410515940347,1,"cpufreq",1248000.000000
813410516129670,0,"cpufreq",1344000.000000
813410516130086,1,"cpufreq",1344000.000000
813410519231232,0,"cpufreq",1459200.000000
813410519231545,1,"cpufreq",1459200.000000
813410520053576,0,"cpufreq",1920000.000000
813410520053993,1,"cpufreq",1920000.000000
813410521339149,0,"cpufreq",1689600.000000
813410521340190,1,"cpufreq",1689600.000000
813410521560347,0,"cpufreq",1248000.000000
813410521560659,1,"cpufreq",1248000.000000
813410521594826,0,"cpufreq",1459200.000000
813410521595243,1,"cpufreq",1459200.000000
813410521774409,0,"cpufreq",1344000.000000
813410521775763,1,"cpufreq",1344000.000000
813410521827482,0,"cpufreq",1804800.000000
813410521827847,1,"cpufreq",1804800.000000
813410522115138,0,"cpufreq",1344000.000000
813410522116388,1,"cpufreq",1344000.000000
813410522249722,0,"cpufreq",1248000.000000
813410522252013,1,"cpufreq",1248000.000000
813410522677847,0,"cpufreq",1017600.000000
813410522678211,1,"cpufreq",1017600.000000
813410523030659,0,"cpufreq",1344000.000000
813410523031024,1,"cpufreq",1344000.000000
813410523186597,0,"cpufreq",1248000.000000
813410523188107,1,"cpufreq",1248000.000000
813410523507118,0,"cpufreq",902400.000000
813410523507534,1,"cpufreq",902400.000000
813410523902638,0,"cpufreq",1017600.000000
813410523904565,1,"cpufreq",1017600.000000
813410524087847,0,"cpufreq",1459200.000000
813410524093263,1,"cpufreq",1459200.000000
813410524191701,0,"cpufreq",1248000.000000
813410524193055,1,"cpufreq",1248000.000000
813410525778159,2,"cpufreq",2707200.000000
813410525780347,3,"cpufreq",2707200.000000
813410525782430,4,"cpufreq",2707200.000000
813410525792170,5,"cpufreq",2707200.000000
813410525794149,6,"cpufreq",2707200.000000
813410525801961,7,"cpufreq",2246400.000000
813410527546128,0,"cpufreq",902400.000000
813410527546545,1,"cpufreq",902400.000000
813410528184305,0,"cpufreq",1017600.000000
813410528184722,1,"cpufreq",1017600.000000
813410528288888,0,"cpufreq",902400.000000
813410528291597,1,"cpufreq",902400.000000
813410530011701,0,"cpufreq",787200.000000
813410530012065,1,"cpufreq",787200.000000
813410530212430,0,"cpufreq",902400.000000
813410530212743,1,"cpufreq",902400.000000
813410531355243,0,"cpufreq",787200.000000
813410531355815,1,"cpufreq",787200.000000
813410531392222,0,"cpufreq",1017600.000000
813410531392534,1,"cpufreq",1017600.000000
813410535871961,0,"cpufreq",1132800.000000
813410535872430,1,"cpufreq",1132800.000000
813410536551753,0,"cpufreq",1344000.000000
813410536553368,1,"cpufreq",1344000.000000
813410538040347,0,"cpufreq",1132800.000000
813410538041857,1,"cpufreq",1132800.000000
813410539404201,0,"cpufreq",1344000.000000
813410539404565,1,"cpufreq",1344000.000000
813410541111753,0,"cpufreq",1459200.000000
813410541113836,1,"cpufreq",1459200.000000
813410544699409,0,"cpufreq",1574400.000000
813410544699826,1,"cpufreq",1574400.000000
813410544856024,0,"cpufreq",1017600.000000
813410544857118,1,"cpufreq",1017600.000000
813410545084305,0,"cpufreq",787200.000000
813410545084722,1,"cpufreq",787200.000000
813410546128524,0,"cpufreq",1017600.000000
813410546128993,1,"cpufreq",1017600.000000
813410547012065,0,"cpufreq",1132800.000000
813410547013940,1,"cpufreq",1132800.000000
813410547406388,0,"cpufreq",1017600.000000
813410547406909,1,"cpufreq",1017600.000000
813410547412795,7,"cpufreq",1708800.000000
813410547866805,0,"cpufreq",1459200.000000
813410547868784,1,"cpufreq",1459200.000000
813410548246649,0,"cpufreq",1017600.000000
813410548248472,1,"cpufreq",1017600.000000
813410548488888,0,"cpufreq",1132800.000000
813410548490555,1,"cpufreq",1132800.000000
813410548841232,0,"cpufreq",1017600.000000
813410548842951,1,"cpufreq",1017600.000000
813410549925659,0,"cpufreq",1248000.000000
813410549927534,1,"cpufreq",1248000.000000
813410552483315,0,"cpufreq",1344000.000000
813410552483680,1,"cpufreq",1344000.000000
813410554739097,0,"cpufreq",1132800.000000
813410554740555,1,"cpufreq",1132800.000000
813410555044826,0,"cpufreq",1248000.000000
813410555046493,1,"cpufreq",1248000.000000
813410555209253,0,"cpufreq",1017600.000000
813410555210711,1,"cpufreq",1017600.000000
813410555405555,0,"cpufreq",902400.000000
813410555406024,1,"cpufreq",902400.000000
813410555444461,7,"cpufreq",902400.000000
813410556210555,0,"cpufreq",787200.000000
813410556210972,1,"cpufreq",787200.000000
813410565059149,0,"cpufreq",902400.000000
813410565059618,1,"cpufreq",902400.000000
813410569876961,0,"cpufreq",1017600.000000
813410569880972,1,"cpufreq",1017600.000000
813410571397847,0,"cpufreq",1689600.000000
813410571400659,1,"cpufreq",1689600.000000
813410572170086,0,"cpufreq",902400.000000
813410572171336,1,"cpufreq",902400.000000
813410572525920,0,"cpufreq",787200.000000
813410572526336,1,"cpufreq",787200.000000
813410572595138,0,"cpufreq",902400.000000
813410572597378,1,"cpufreq",902400.000000
813410573465920,0,"cpufreq",1017600.000000
813410573466440,1,"cpufreq",1017600.000000
813410576142743,0,"cpufreq",1132800.000000
813410576143368,1,"cpufreq",1132800.000000
813410578191493,0,"cpufreq",2150400.000000
813410578193211,1,"cpufreq",2150400.000000
813410579385190,0,"cpufreq",1344000.000000
813410579385555,1,"cpufreq",1344000.000000
813410579727222,0,"cpufreq",902400.000000
813410579728784,1,"cpufreq",902400.000000
813410579858576,0,"cpufreq",787200.000000
813410579860503,1,"cpufreq",787200.000000
813410581566180,0,"cpufreq",902400.000000
813410581566597,1,"cpufreq",902400.000000
813410585525503,0,"cpufreq",1574400.000000
813410585527795,1,"cpufreq",1574400.000000
813410585810711,0,"cpufreq",1017600.000000
813410585812482,1,"cpufreq",1017600.000000
813410585876128,0,"cpufreq",1574400.000000
813410585877847,1,"cpufreq",1574400.000000
813410586526909,0,"cpufreq",902400.000000
813410586528784,1,"cpufreq",902400.000000
813410586653993,0,"cpufreq",787200.000000
813410586654513,1,"cpufreq",787200.000000
813410587475607,0,"cpufreq",1344000.000000
813410587479565,1,"cpufreq",1344000.000000
813410588298003,0,"cpufreq",1804800.000000
813410588298472,1,"cpufreq",1804800.000000
813410589128003,0,"cpufreq",1689600.000000
813410589128472,1,"cpufreq",1689600.000000
813410594116024,0,"cpufreq",1804800.000000
813410594116336,1,"cpufreq",1804800.000000
813410595377690,0,"cpufreq",2265600.000000
813410595378107,1,"cpufreq",2265600.000000
813410603533055,0,"cpufreq",1689600.000000
813410603533836,1,"cpufreq",1689600.000000
813410603651701,0,"cpufreq",1804800.000000
813410603652117,1,"cpufreq",1804800.000000
813410604606545,7,"cpufreq",2112000.000000
813410604814722,0,"cpufreq",1574400.000000
813410604816388,1,"cpufreq",1574400.000000
813410605011024,7,"cpufreq",1824000.000000
813410605061701,0,"cpufreq",1248000.000000
813410605062117,1,"cpufreq",1248000.000000
813410605516232,7,"cpufreq",902400.000000
813410605871805,0,"cpufreq",1689600.000000
813410605873367,1,"cpufreq",1689600.000000
813410606378055,0,"cpufreq",1344000.000000
813410606378420,1,"cpufreq",1344000.000000
813410606707534,0,"cpufreq",1804800.000000
813410606709513,1,"cpufreq",1804800.000000
813410607338472,0,"cpufreq",1459200.000000
813410607339565,1,"cpufreq",1459200.000000
813410608209513,0,"cpufreq",1344000.000000
813410608210763,1,"cpufreq",1344000.000000
813410608296649,0,"cpufreq",1459200.000000
813410608297117,1,"cpufreq",1459200.000000
813410608395086,0,"cpufreq",2265600.000000
813410608396284,1,"cpufreq",2265600.000000
813410608632742,0,"cpufreq",1689600.000000
813410608634305,1,"cpufreq",1689600.000000
813410611493784,0,"cpufreq",2150400.000000
813410611494826,1,"cpufreq",2150400.000000
813410613032482,0,"cpufreq",1804800.000000
813410613034045,1,"cpufreq",1804800.000000
813410613236180,0,"cpufreq",1689600.000000
813410613236701,1,"cpufreq",1689600.000000
813410613875659,0,"cpufreq",1804800.000000
813410613876857,1,"cpufreq",1804800.000000
813410614327742,0,"cpufreq",1689600.000000
813410614328159,1,"cpufreq",1689600.000000
813410614384774,0,"cpufreq",1804800.000000
813410614385920,1,"cpufreq",1804800.000000
813410614869670,0,"cpufreq",1920000.000000
813410614870190,1,"cpufreq",1920000.000000
813410619393367,0,"cpufreq",1248000.000000
813410619393888,1,"cpufreq",1248000.000000
813410619796545,0,"cpufreq",2150400.000000
813410619798055,1,"cpufreq",2150400.000000
813410620508680,0,"cpufreq",2265600.000000
813410620509097,1,"cpufreq",2265600.000000
813410621296909,0,"cpufreq",1132800.000000
813410621297690,1,"cpufreq",1132800.000000
813410621726545,0,"cpufreq",1248000.000000
813410621727013,1,"cpufreq",1248000.000000
813410622294253,0,"cpufreq",1132800.000000
813410622296597,1,"cpufreq",1132800.000000
813410627377170,0,"cpufreq",902400.000000
813410627377586,1,"cpufreq",902400.000000
813410630659513,0,"cpufreq",1017600.000000
813410630661701,1,"cpufreq",1017600.000000
813410630767742,0,"cpufreq",902400.000000
813410630770867,1,"cpufreq",902400.000000
813410631508211,0,"cpufreq",1017600.000000
813410631508628,1,"cpufreq",1017600.000000
813410633261492,0,"cpufreq",1459200.000000
813410633263420,1,"cpufreq",1459200.000000
813410635283211,0,"cpufreq",1017600.000000
813410635284617,1,"cpufreq",1017600.000000
813410636141701,0,"cpufreq",1132800.000000
813410636142222,1,"cpufreq",1132800.000000
813410636412899,0,"cpufreq",2150400.000000
813410636415242,1,"cpufreq",2150400.000000
813410638011805,0,"cpufreq",2035200.000000
813410638013055,1,"cpufreq",2035200.000000
813410638377430,0,"cpufreq",2150400.000000
813410638377899,1,"cpufreq",2150400.000000
813410639258003,0,"cpufreq",2035200.000000
813410639258472,1,"cpufreq",2035200.000000
813410639431076,0,"cpufreq",2265600.000000
813410639432482,1,"cpufreq",2265600.000000
813410639749930,0,"cpufreq",2035200.000000
813410639750347,1,"cpufreq",2035200.000000
813410639861180,0,"cpufreq",2265600.000000
813410639862586,1,"cpufreq",2265600.000000
813410643491180,0,"cpufreq",1804800.000000
813410643491545,1,"cpufreq",1804800.000000
813410644151545,0,"cpufreq",1920000.000000
813410644152222,1,"cpufreq",1920000.000000
813410644265972,0,"cpufreq",1804800.000000
813410644267482,1,"cpufreq",1804800.000000
813410646130920,0,"cpufreq",2035200.000000
813410646131336,1,"cpufreq",2035200.000000
813410646348784,0,"cpufreq",1920000.000000
813410646349878,1,"cpufreq",1920000.000000
813410647566284,0,"cpufreq",1804800.000000
813410647566701,1,"cpufreq",1804800.000000
813410647677690,0,"cpufreq",1689600.000000
813410647678211,1,"cpufreq",1689600.000000
813410647767690,0,"cpufreq",1804800.000000
813410647768107,1,"cpufreq",1804800.000000
813410650138680,0,"cpufreq",1920000.000000
813410650139982,1,"cpufreq",1920000.000000
813410650554826,0,"cpufreq",2265600.000000
813410650555920,1,"cpufreq",2265600.000000
813410651007690,0,"cpufreq",1920000.000000
813410651008055,1,"cpufreq",1920000.000000
813410651255086,0,"cpufreq",2265600.000000
813410651255972,1,"cpufreq",2265600.000000
813410651401597,0,"cpufreq",1344000.000000
813410651402378,1,"cpufreq",1344000.000000
813410652680138,0,"cpufreq",2035200.000000
813410652682170,1,"cpufreq",2035200.000000
813410652742482,0,"cpufreq",2265600.000000
813410652743732,1,"cpufreq",2265600.000000
813410652786232,0,"cpufreq",1689600.000000
813410652787222,1,"cpufreq",1689600.000000
813410653021909,0,"cpufreq",2035200.000000
813410653022326,1,"cpufreq",2035200.000000
813410653567586,0,"cpufreq",2265600.000000
813410653569097,1,"cpufreq",2265600.000000
813410655283732,0,"cpufreq",2035200.000000
813410655284253,1,"cpufreq",2035200.000000
813410655550972,0,"cpufreq",1804800.000000
813410655551284,1,"cpufreq",1804800.000000
813410655742170,0,"cpufreq",2265600.000000
813410655742534,1,"cpufreq",2265600.000000
813410658327795,0,"cpufreq",1920000.000000
813410658328732,1,"cpufreq",1920000.000000
813410658783628,0,"cpufreq",2265600.000000
813410658784045,1,"cpufreq",2265600.000000
813410659496440,7,"cpufreq",2246400.000000
813410660406180,7,"cpufreq",902400.000000
813410661861180,7,"cpufreq",2035200.000000
813410662088315,7,"cpufreq",2112000.000000
813410662172430,7,"cpufreq",902400.000000
813410662439201,7,"cpufreq",2035200.000000
813410662707534,7,"cpufreq",2246400.000000
813410662988836,7,"cpufreq",1248000.000000
813410663712951,7,"cpufreq",902400.000000
813410667467586,7,"cpufreq",1017600.000000
813410668984513,7,"cpufreq",1478400.000000
813410669321024,7,"cpufreq",1017600.000000
813410669781857,7,"cpufreq",1478400.000000
813410670093159,7,"cpufreq",1017600.000000
813410672245190,7,"cpufreq",1132800.000000
813410675459670,0,"cpufreq",1804800.000000
813410675460034,1,"cpufreq",1804800.000000
813410675467742,7,"cpufreq",902400.000000
813410676151076,0,"cpufreq",1920000.000000
813410676151545,1,"cpufreq",1920000.000000
813410678081024,0,"cpufreq",2265600.000000
813410678082430,1,"cpufreq",2265600.000000
813410678238420,7,"cpufreq",1708800.000000
813410679215555,7,"cpufreq",902400.000000
813410680083524,0,"cpufreq",2150400.000000
813410680084461,1,"cpufreq",2150400.000000
813410681476597,7,"cpufreq",1708800.000000
813410683516180,0,"cpufreq",1344000.000000
813410683516597,1,"cpufreq",1344000.000000
813410684921024,7,"cpufreq",902400.000000
813410686145034,7,"cpufreq",1593600.000000
813410686373628,0,"cpufreq",1574400.000000
813410686374097,1,"cpufreq",1574400.000000
813410687103107,0,"cpufreq",1459200.000000
813410687103524,1,"cpufreq",1459200.000000
813410687294722,7,"cpufreq",902400.000000
813410688473628,0,"cpufreq",1574400.000000
813410688474097,1,"cpufreq",1574400.000000
813410688654357,0,"cpufreq",1459200.000000
813410688655815,1,"cpufreq",1459200.000000
813410690343524,0,"cpufreq",1574400.000000
813410690345399,1,"cpufreq",1574400.000000
813410691485190,0,"cpufreq",1344000.000000
813410691485607,1,"cpufreq",1344000.000000
813410694762742,0,"cpufreq",1689600.000000
813410694764722,1,"cpufreq",1689600.000000
813410694792951,7,"cpufreq",2035200.000000
813410695731961,7,"cpufreq",902400.000000
813410696779565,0,"cpufreq",1574400.000000
813410696780607,1,"cpufreq",1574400.000000
813410697163628,0,"cpufreq",1459200.000000
813410697164930,1,"cpufreq",1459200.000000
813410698958315,7,"cpufreq",1708800.000000
813410699543836,0,"cpufreq",787200.000000
813410699544201,1,"cpufreq",787200.000000
813410699550555,7,"cpufreq",902400.000000
813410701135763,0,"cpufreq",1689600.000000
813410701136076,1,"cpufreq",1689600.000000
813410704275503,0,"cpufreq",1920000.000000
813410704275972,1,"cpufreq",1920000.000000
813410704590972,0,"cpufreq",1689600.000000
813410704591336,1,"cpufreq",1689600.000000
813410704700503,0,"cpufreq",1920000.000000
813410704700815,1,"cpufreq",1920000.000000
813410705315815,0,"cpufreq",1689600.000000
813410705316857,1,"cpufreq",1689600.000000
813410707378263,0,"cpufreq",1804800.000000
813410707378576,1,"cpufreq",1804800.000000
813410707434513,0,"cpufreq",1689600.000000
813410707435607,1,"cpufreq",1689600.000000
813410708280867,0,"cpufreq",1920000.000000
813410708282430,1,"cpufreq",1920000.000000
813410710807326,0,"cpufreq",1689600.000000
813410710807795,1,"cpufreq",1689600.000000
813410711162690,0,"cpufreq",2265600.000000
813410711164409,1,"cpufreq",2265600.000000
813410711395659,0,"cpufreq",2035200.000000
813410711396857,1,"cpufreq",2035200.000000
813410711517638,7,"cpufreq",2169600.000000
813410713051388,0,"cpufreq",1804800.000000
813410713052742,1,"cpufreq",1804800.000000
813410713067899,7,"cpufreq",2246400.000000
813410713137795,7,"cpufreq",902400.000000
813410713360190,0,"cpufreq",1920000.000000
813410713362899,1,"cpufreq",1920000.000000
813410715124878,0,"cpufreq",2035200.000000
813410715125920,1,"cpufreq",2035200.000000
813410715419409,0,"cpufreq",2265600.000000
813410715420867,1,"cpufreq",2265600.000000
813410727995190,7,"cpufreq",2246400.000000
813410730033107,7,"cpufreq",902400.000000
813410730550659,0,"cpufreq",2150400.000000
813410730551232,1,"cpufreq",2150400.000000
813410731371388,0,"cpufreq",2265600.000000
813410731371857,1,"cpufreq",2265600.000000
813410731874826,0,"cpufreq",2150400.000000
813410731875607,1,"cpufreq",2150400.000000
813410738067951,0,"cpufreq",2265600.000000
813410738068367,1,"cpufreq",2265600.000000
813410739402378,0,"cpufreq",1132800.000000
813410739402847,1,"cpufreq",1132800.000000
813410739443576,0,"cpufreq",1248000.000000
813410739443992,1,"cpufreq",1248000.000000
813410739689565,7,"cpufreq",2246400.000000
813410744204565,0,"cpufreq",1132800.000000
813410744206649,1,"cpufreq",1132800.000000
813410744756232,0,"cpufreq",1574400.000000
813410744758680,1,"cpufreq",1574400.000000
813410745140399,7,"cpufreq",902400.000000
813410746290607,0,"cpufreq",1132800.000000
813410746292222,1,"cpufreq",1132800.000000
813410747274461,0,"cpufreq",1248000.000000
813410747276076,1,"cpufreq",1248000.000000
813410747499097,0,"cpufreq",787200.000000
813410747499461,1,"cpufreq",787200.000000
813410747686753,7,"cpufreq",1708800.000000
813410750679826,7,"cpufreq",902400.000000
813410753354617,0,"cpufreq",1132800.000000
813410753354982,1,"cpufreq",1132800.000000
813410754707690,0,"cpufreq",787200.000000
813410754708055,1,"cpufreq",787200.000000
813410755197534,0,"cpufreq",902400.000000
813410755197951,1,"cpufreq",902400.000000
813410755400972,0,"cpufreq",787200.000000
813410755404201,1,"cpufreq",787200.000000
813410755727482,0,"cpufreq",1132800.000000
813410755727847,1,"cpufreq",1132800.000000
813410756136805,0,"cpufreq",787200.000000
813410756138472,1,"cpufreq",787200.000000
813410763230867,7,"cpufreq",1708800.000000
813410763423367,0,"cpufreq",1344000.000000
813410763423888,1,"cpufreq",1344000.000000
813410763431128,7,"cpufreq",1939200.000000
813410763564930,0,"cpufreq",787200.000000
813410763566336,1,"cpufreq",787200.000000
813410764028315,0,"cpufreq",902400.000000
813410764034097,1,"cpufreq",902400.000000
813410764182430,0,"cpufreq",787200.000000
813410764185295,1,"cpufreq",787200.000000
813410764583836,7,"cpufreq",902400.000000
813410765552847,7,"cpufreq",1939200.000000
813410769793055,0,"cpufreq",1132800.000000
813410769796492,1,"cpufreq",1132800.000000
813410770532638,7,"cpufreq",902400.000000
813410771300451,0,"cpufreq",787200.000000
813410771303003,1,"cpufreq",787200.000000
813410773133315,7,"cpufreq",2246400.000000
813410774220295,7,"cpufreq",2112000.000000
813410778142951,0,"cpufreq",1017600.000000
813410778146128,1,"cpufreq",1017600.000000
813410778386857,7,"cpufreq",1363200.000000
813410778859305,7,"cpufreq",902400.000000
813410779510607,0,"cpufreq",902400.000000
813410779510972,1,"cpufreq",902400.000000
813410779666284,0,"cpufreq",787200.000000
813410779669461,1,"cpufreq",787200.000000
813410786469774,0,"cpufreq",902400.000000
813410786475399,1,"cpufreq",902400.000000
813410787453836,0,"cpufreq",1344000.000000
813410787454201,1,"cpufreq",1344000.000000
813410787940086,0,"cpufreq",787200.000000
813410787942274,1,"cpufreq",787200.000000
813410790945763,0,"cpufreq",902400.000000
813410790951909,1,"cpufreq",902400.000000
813410791593732,0,"cpufreq",1017600.000000
813410791596649,1,"cpufreq",1017600.000000
813410791848263,0,"cpufreq",1344000.000000
813410791850972,1,"cpufreq",1344000.000000
813410791988211,0,"cpufreq",1017600.000000
813410791990242,1,"cpufreq",1017600.000000
813410792632482,7,"cpufreq",1939200.000000
813410793245972,7,"cpufreq",902400.000000
813410794543315,0,"cpufreq",1344000.000000
813410794545295,1,"cpufreq",1344000.000000
813410795549461,0,"cpufreq",1248000.000000
813410795549826,1,"cpufreq",1248000.000000
813410796053055,0,"cpufreq",902400.000000
813410796053732,1,"cpufreq",902400.000000
813410796139722,0,"cpufreq",1017600.000000
813410796140347,1,"cpufreq",1017600.000000
813410796399617,0,"cpufreq",902400.000000
813410796399982,1,"cpufreq",902400.000000
813410796509565,0,"cpufreq",1017600.000000
813410796509930,1,"cpufreq",1017600.000000
813410796668003,0,"cpufreq",902400.000000
813410796670659,1,"cpufreq",902400.000000
813410796774045,0,"cpufreq",1574400.000000
813410796774565,1,"cpufreq",1574400.000000
813410797973211,0,"cpufreq",1459200.000000
813410797973784,1,"cpufreq",1459200.000000
813410798143263,0,"cpufreq",1344000.000000
813410798143680,1,"cpufreq",1344000.000000
813410798301753,0,"cpufreq",1248000.000000
813410798302170,1,"cpufreq",1248000.000000
813410798348628,7,"cpufreq",1708800.000000
813410798509565,0,"cpufreq",1459200.000000
813410798510972,1,"cpufreq",1459200.000000
813410798737847,7,"cpufreq",902400.000000
813410798896180,0,"cpufreq",902400.000000
813410798896597,1,"cpufreq",902400.000000
813410799576284,7,"cpufreq",1939200.000000
813410799735920,7,"cpufreq",2112000.000000
813410799861128,0,"cpufreq",1689600.000000
813410799864253,1,"cpufreq",1689600.000000
813410799979513,0,"cpufreq",2265600.000000
813410799979982,1,"cpufreq",2265600.000000
813410800921128,7,"cpufreq",902400.000000
813410802918472,7,"cpufreq",1939200.000000
813410803418420,7,"cpufreq",1017600.000000
813410804543992,7,"cpufreq",2246400.000000
813410804865920,0,"cpufreq",2150400.000000
813410804866388,1,"cpufreq",2150400.000000
813410805087274,0,"cpufreq",2265600.000000
813410805087742,1,"cpufreq",2265600.000000
813410806096909,7,"cpufreq",1248000.000000
813410806188784,7,"cpufreq",1939200.000000
813410806503888,7,"cpufreq",2112000.000000
813410806671492,7,"cpufreq",1593600.000000
813410806707586,7,"cpufreq",2112000.000000
813410806863784,7,"cpufreq",2246400.000000
813410810788420,0,"cpufreq",1574400.000000
813410810788836,1,"cpufreq",1574400.000000
813410811171545,7,"cpufreq",2035200.000000
813410811399670,0,"cpufreq",2265600.000000
813410811400347,1,"cpufreq",2265600.000000
813410811408003,7,"cpufreq",2246400.000000
813410827546336,7,"cpufreq",1478400.000000
813410828034774,7,"cpufreq",902400.000000
813410830802742,7,"cpufreq",2035200.000000
813410830899617,7,"cpufreq",902400.000000
813410832255867,7,"cpufreq",1363200.000000
813410832505086,7,"cpufreq",2035200.000000
813410834042951,7,"cpufreq",902400.000000
813410835223732,7,"cpufreq",1478400.000000
813410835382117,7,"cpufreq",1708800.000000
813410835500607,7,"cpufreq",2246400.000000
813410835855451,7,"cpufreq",1824000.000000
813410836022430,7,"cpufreq",1248000.000000
813410836058524,7,"cpufreq",902400.000000
813410837011492,7,"cpufreq",1017600.000000
813410837213992,7,"cpufreq",1824000.000000
813410837232899,7,"cpufreq",1939200.000000
813410837278992,7,"cpufreq",2246400.000000
813410840717378,7,"cpufreq",1708800.000000
813410841107742,7,"cpufreq",1248000.000000
813410841209878,7,"cpufreq",1824000.000000
813410841522690,7,"cpufreq",1478400.000000
813410842754878,7,"cpufreq",2246400.000000
813410843138211,7,"cpufreq",1824000.000000
813410843420555,7,"cpufreq",1708800.000000
813410843505451,7,"cpufreq",2246400.000000
813410852073055,7,"cpufreq",1248000.000000
813410852892690,7,"cpufreq",2112000.000000
813410853007847,7,"cpufreq",1939200.000000
813410853107430,7,"cpufreq",2112000.000000
813410854190347,7,"cpufreq",1132800.000000
813410854523784,7,"cpufreq",1017600.000000
813410854851024,7,"cpufreq",1132800.000000
813410855642534,7,"cpufreq",1478400.000000
813410855726597,7,"cpufreq",2246400.000000
813410856450294,7,"cpufreq",2035200.000000
813410856616232,7,"cpufreq",1132800.000000
813410859397430,7,"cpufreq",902400.000000
813410859445451,7,"cpufreq",2246400.000000
813410868076857,7,"cpufreq",2169600.000000
813410868143576,0,"cpufreq",1132800.000000
813410868143940,1,"cpufreq",1132800.000000
813410868145867,7,"cpufreq",2112000.000000
813410868273888,0,"cpufreq",1920000.000000
813410868276284,1,"cpufreq",1920000.000000
813410868406232,7,"cpufreq",1017600.000000
813410868951180,7,"cpufreq",902400.000000
813410869139722,7,"cpufreq",1132800.000000
813410869237899,7,"cpufreq",2246400.000000
813410869756128,7,"cpufreq",902400.000000
813410870002222,7,"cpufreq",2246400.000000
813410870500503,7,"cpufreq",902400.000000
813410870733419,7,"cpufreq",2246400.000000
813410871260555,7,"cpufreq",902400.000000
813410871509669,7,"cpufreq",2246400.000000
813410872028367,7,"cpufreq",902400.000000
813410872167169,0,"cpufreq",1132800.000000
813410872167534,1,"cpufreq",1132800.000000
813410872376701,7,"cpufreq",2246400.000000
813410872910347,7,"cpufreq",902400.000000
813410873150763,7,"cpufreq",2246400.000000
813410873659357,7,"cpufreq",902400.000000
813410873901909,7,"cpufreq",2246400.000000
813410874417065,7,"cpufreq",902400.000000
813410874658680,7,"cpufreq",2246400.000000
813410875195190,7,"cpufreq",902400.000000
813410875393472,0,"cpufreq",787200.000000
813410875393888,1,"cpufreq",787200.000000
813410875403524,7,"cpufreq",1132800.000000
813410875512638,7,"cpufreq",1248000.000000
813410875616805,7,"cpufreq",2246400.000000
813410875695294,7,"cpufreq",2035200.000000
813410876014513,7,"cpufreq",1708800.000000
813410876167899,7,"cpufreq",1132800.000000
813410876299565,7,"cpufreq",2246400.000000
813410876578055,0,"cpufreq",1344000.000000
813410876578524,1,"cpufreq",1344000.000000
813410876592742,7,"cpufreq",1708800.000000
813410876965555,7,"cpufreq",2246400.000000
813410878081805,0,"cpufreq",787200.000000
813410878083159,1,"cpufreq",787200.000000
813410878582274,0,"cpufreq",1459200.000000
813410878585763,1,"cpufreq",1459200.000000
813410878669722,7,"cpufreq",1708800.000000
813410878917482,7,"cpufreq",2246400.000000
813410880152430,7,"cpufreq",2112000.000000
813410880197794,7,"cpufreq",2246400.000000
813410880225972,0,"cpufreq",787200.000000
813410880226388,1,"cpufreq",787200.000000
813410880321440,0,"cpufreq",1344000.000000
813410880321753,1,"cpufreq",1344000.000000
813410880373784,0,"cpufreq",2035200.000000
813410880374097,1,"cpufreq",2035200.000000
813410881354930,0,"cpufreq",787200.000000
813410881355347,1,"cpufreq",787200.000000
813410882215399,0,"cpufreq",1344000.000000
813410882215763,1,"cpufreq",1344000.000000
813410882419722,7,"cpufreq",2112000.000000
813410882503315,7,"cpufreq",2246400.000000
813410883387586,0,"cpufreq",1132800.000000
813410883388107,1,"cpufreq",1132800.000000
813410883394253,7,"cpufreq",1824000.000000
813410883436388,7,"cpufreq",2035200.000000
813410883758524,7,"cpufreq",2246400.000000
813410884054878,7,"cpufreq",1824000.000000
813410884668992,0,"cpufreq",2265600.000000
813410884669461,1,"cpufreq",2265600.000000
813410885012222,7,"cpufreq",2246400.000000
813410885280607,7,"cpufreq",1824000.000000
813410885990086,0,"cpufreq",1920000.000000
813410885990555,1,"cpufreq",1920000.000000
813410886448940,7,"cpufreq",2246400.000000
813410886975294,7,"cpufreq",1132800.000000
813410887029774,0,"cpufreq",2265600.000000
813410887030815,1,"cpufreq",2265600.000000
813410887668211,7,"cpufreq",1824000.000000
813410887686024,0,"cpufreq",1920000.000000
813410887686492,1,"cpufreq",1920000.000000
813410888553315,7,"cpufreq",1132800.000000
813410888831336,7,"cpufreq",2246400.000000
813410890609513,7,"cpufreq",1132800.000000
813410891393263,0,"cpufreq",787200.000000
813410891394253,1,"cpufreq",787200.000000
813410891419253,7,"cpufreq",902400.000000
813410891707117,7,"cpufreq",2035200.000000
813410894185294,7,"cpufreq",902400.000000
813410895046180,7,"cpufreq",2035200.000000
813410896309930,0,"cpufreq",1017600.000000
813410896313836,1,"cpufreq",1017600.000000
813410899389409,0,"cpufreq",787200.000000
813410899389878,1,"cpufreq",787200.000000
813410899395138,7,"cpufreq",1132800.000000
813410899444097,7,"cpufreq",902400.000000
813410900995867,7,"cpufreq",1132800.000000
813410904208263,0,"cpufreq",1248000.000000
813410904212951,1,"cpufreq",1248000.000000
813410904381180,7,"cpufreq",902400.000000
813410907403315,0,"cpufreq",787200.000000
813410907403732,1,"cpufreq",787200.000000
813410909419461,7,"cpufreq",1824000.000000
813410915474253,7,"cpufreq",902400.000000
813410916322013,0,"cpufreq",1689600.000000
813410916322534,1,"cpufreq",1689600.000000
813410916478419,0,"cpufreq",902400.000000
813410916479461,1,"cpufreq",902400.000000
813410916728263,7,"cpufreq",2169600.000000
813410917448628,0,"cpufreq",2035200.000000
813410917451024,1,"cpufreq",2035200.000000
813410923384409,0,"cpufreq",1574400.000000
813410923384826,1,"cpufreq",1574400.000000
813410923391128,7,"cpufreq",1132800.000000
813410923436701,7,"cpufreq",902400.000000
813410931482430,0,"cpufreq",787200.000000
813410931482951,1,"cpufreq",787200.000000
813410936783576,7,"cpufreq",2035200.000000
813410939378940,7,"cpufreq",1708800.000000
813410939651336,7,"cpufreq",902400.000000
813410956548419,0,"cpufreq",902400.000000
813410956552222,1,"cpufreq",902400.000000
813410957350086,0,"cpufreq",1017600.000000
813410957352222,1,"cpufreq",1017600.000000
813410957623263,0,"cpufreq",1132800.000000
813410957625242,1,"cpufreq",1132800.000000
813410957744461,0,"cpufreq",2265600.000000
813410957746076,1,"cpufreq",2265600.000000
813410958062378,0,"cpufreq",1920000.000000
813410958063784,1,"cpufreq",1920000.000000
813410958212638,0,"cpufreq",2265600.000000
813410958214253,1,"cpufreq",2265600.000000
813410958570242,0,"cpufreq",1689600.000000
813410958570919,1,"cpufreq",1689600.000000
813410958829617,7,"cpufreq",1939200.000000
813410958973940,0,"cpufreq",2150400.000000
813410958975555,1,"cpufreq",2150400.000000
813410959307742,0,"cpufreq",2265600.000000
813410959308940,1,"cpufreq",2265600.000000
813410959544253,7,"cpufreq",902400.000000
813410960094930,0,"cpufreq",787200.000000
813410960095242,1,"cpufreq",787200.000000
813410962344513,0,"cpufreq",1132800.000000
813410962347951,1,"cpufreq",1132800.000000
813410963092586,0,"cpufreq",787200.000000
813410963094201,1,"cpufreq",787200.000000
813410963388211,0,"cpufreq",1689600.000000
813410963388680,1,"cpufreq",1689600.000000
813410963645451,0,"cpufreq",2265600.000000
813410963645867,1,"cpufreq",2265600.000000
813410971394982,0,"cpufreq",787200.000000
813410971395347,1,"cpufreq",787200.000000
813410979391076,7,"cpufreq",1593600.000000
813410987449669,7,"cpufreq",902400.000000
813411001209201,0,"cpufreq",2265600.000000
813411001209878,1,"cpufreq",2265600.000000
813411003375607,0,"cpufreq",902400.000000
813411003376180,1,"cpufreq",902400.000000
813411005778367,0,"cpufreq",2035200.000000
813411005780555,1,"cpufreq",2035200.000000
813411006682482,0,"cpufreq",2265600.000000
813411006683940,1,"cpufreq",2265600.000000
813411011459305,0,"cpufreq",1920000.000000
813411011460815,1,"cpufreq",1920000.000000
813411019426544,0,"cpufreq",787200.000000
813411019427222,1,"cpufreq",787200.000000
813411027396388,2,"cpufreq",1920000.000000
813411027396753,3,"cpufreq",1920000.000000
813411027397065,4,"cpufreq",1920000.000000
813411027402794,5,"cpufreq",1920000.000000
813411027403107,6,"cpufreq",1920000.000000
813411028791805,7,"cpufreq",2246400.000000
813411032408992,2,"cpufreq",1824000.000000
813411032412430,3,"cpufreq",1824000.000000
813411032415659,4,"cpufreq",1824000.000000
813411032431544,5,"cpufreq",1824000.000000
813411032435555,6,"cpufreq",1824000.000000
813411035530034,2,"cpufreq",1401600.000000
813411035530503,3,"cpufreq",1401600.000000
813411035530867,4,"cpufreq",1401600.000000
813411035535711,5,"cpufreq",1401600.000000
813411035536388,6,"cpufreq",1401600.000000
813411035540399,7,"cpufreq",902400.000000
813411045572638,2,"cpufreq",2707200.000000
813411045573836,3,"cpufreq",2707200.000000
813411045574357,4,"cpufreq",2707200.000000
813411051429044,2,"cpufreq",1497600.000000
813411051429826,3,"cpufreq",1497600.000000
813411051430815,4,"cpufreq",1497600.000000
813411051436440,5,"cpufreq",1497600.000000
813411051436857,6,"cpufreq",1497600.000000
813411052537013,2,"cpufreq",1920000.000000
813411052537690,3,"cpufreq",1920000.000000
813411052538628,4,"cpufreq",1920000.000000
813411052543003,5,"cpufreq",1920000.000000
813411052543367,6,"cpufreq",1920000.000000
813411053575138,2,"cpufreq",1497600.000000
813411053575711,3,"cpufreq",1497600.000000
813411053576024,4,"cpufreq",1497600.000000
813411053578524,5,"cpufreq",1497600.000000
813411053578992,6,"cpufreq",1497600.000000
813411058361857,2,"cpufreq",1824000.000000
813411058362742,3,"cpufreq",1824000.000000
813411058363107,4,"cpufreq",1824000.000000
813411059478680,2,"cpufreq",1401600.000000
813411059479201,3,"cpufreq",1401600.000000
813411059479565,4,"cpufreq",1401600.000000
813411059483471,5,"cpufreq",1401600.000000
813411059484096,6,"cpufreq",1401600.000000
813411061719461,5,"cpufreq",1708800.000000
813411061720190,6,"cpufreq",1708800.000000
813411061762899,2,"cpufreq",1708800.000000
813411061763940,3,"cpufreq",1708800.000000
813411061764357,4,"cpufreq",1708800.000000
813411061857274,2,"cpufreq",1920000.000000
813411061858784,3,"cpufreq",1920000.000000
813411061859201,4,"cpufreq",1920000.000000
813411061864096,5,"cpufreq",1920000.000000
813411061864565,6,"cpufreq",1920000.000000
813411065712221,2,"cpufreq",1824000.000000
813411065712638,3,"cpufreq",1824000.000000
813411065712899,4,"cpufreq",1824000.000000
813411065715451,5,"cpufreq",1824000.000000
813411065715867,6,"cpufreq",1824000.000000
813411067486180,2,"cpufreq",2188800.000000
813411067486701,3,"cpufreq",2188800.000000
813411067487065,4,"cpufreq",2188800.000000
813411067492586,5,"cpufreq",2188800.000000
813411067493159,6,"cpufreq",2188800.000000
813411067668471,2,"cpufreq",2515200.000000
813411067668992,3,"cpufreq",2515200.000000
813411067669305,4,"cpufreq",2515200.000000
813411067674044,5,"cpufreq",499200.000000
813411067675242,6,"cpufreq",499200.000000
813411068083732,2,"cpufreq",2035200.000000
813411068084253,3,"cpufreq",2035200.000000
813411068084513,4,"cpufreq",2035200.000000
813411075466492,2,"cpufreq",2246400.000000
813411075469982,3,"cpufreq",2246400.000000
813411075473211,4,"cpufreq",2246400.000000
813411076198732,5,"cpufreq",960000.000000
813411076202274,6,"cpufreq",960000.000000
813411076679565,5,"cpufreq",499200.000000
813411076680451,6,"cpufreq",499200.000000
813411079317013,0,"cpufreq",1132800.000000
813411079319774,1,"cpufreq",1132800.000000
813411079552846,5,"cpufreq",844800.000000
813411079553992,6,"cpufreq",844800.000000
813411080344721,0,"cpufreq",787200.000000
813411080347065,1,"cpufreq",787200.000000
813411080358524,5,"cpufreq",499200.000000
813411080361753,6,"cpufreq",499200.000000
813411080552951,0,"cpufreq",1344000.000000
813411080556336,1,"cpufreq",1344000.000000
813411083430346,0,"cpufreq",787200.000000
813411083430971,1,"cpufreq",787200.000000
813411083436596,2,"cpufreq",2438400.000000
813411083436961,3,"cpufreq",2438400.000000
813411083437221,4,"cpufreq",2438400.000000
813411091399409,2,"cpufreq",2323200.000000
813411091400190,3,"cpufreq",2323200.000000
813411091400503,4,"cpufreq",2323200.000000
813411092130555,2,"cpufreq",2707200.000000
813411092131024,3,"cpufreq",2707200.000000
813411092131544,4,"cpufreq",2707200.000000
813411101043211,0,"cpufreq",2265600.000000
813411101045607,1,"cpufreq",2265600.000000
813411104703263,0,"cpufreq",787200.000000
813411104704982,1,"cpufreq",787200.000000
813411104722846,5,"cpufreq",1190400.000000
813411104723680,6,"cpufreq",1190400.000000
813411106891805,5,"cpufreq",499200.000000
813411106895555,6,"cpufreq",499200.000000
813411107521440,2,"cpufreq",2515200.000000
813411107523836,3,"cpufreq",2515200.000000
813411107525815,4,"cpufreq",2515200.000000
813411107539878,5,"cpufreq",960000.000000
813411107541857,6,"cpufreq",960000.000000
813411107900711,5,"cpufreq",844800.000000
813411107902794,6,"cpufreq",844800.000000
813411114904305,5,"cpufreq",1190400.000000
813411114906909,6,"cpufreq",1190400.000000
813411115961701,0,"cpufreq",1017600.000000
813411115965399,1,"cpufreq",1017600.000000
813411116042690,0,"cpufreq",787200.000000
813411116043055,1,"cpufreq",787200.000000
813411116048107,2,"cpufreq",2707200.000000
813411116048367,3,"cpufreq",2707200.000000
813411116048576,4,"cpufreq",2707200.000000
813411116333628,0,"cpufreq",1017600.000000
813411116336961,1,"cpufreq",1017600.000000
813411117559513,0,"cpufreq",787200.000000
813411117560451,1,"cpufreq",787200.000000
813411118207899,0,"cpufreq",902400.000000
813411118208732,1,"cpufreq",902400.000000
813411118382378,0,"cpufreq",787200.000000
813411118383576,1,"cpufreq",787200.000000
813411118620503,0,"cpufreq",1459200.000000
813411118622742,1,"cpufreq",1459200.000000
813411119334253,0,"cpufreq",787200.000000
813411119335242,1,"cpufreq",787200.000000
813411120633003,5,"cpufreq",1075200.000000
813411120634096,6,"cpufreq",1075200.000000
813411123470971,0,"cpufreq",1017600.000000
813411123471544,1,"cpufreq",1017600.000000
813411123476961,5,"cpufreq",1190400.000000
813411123477430,6,"cpufreq",1190400.000000
813411131431336,0,"cpufreq",787200.000000
813411131431753,1,"cpufreq",787200.000000
813411131438628,5,"cpufreq",499200.000000
813411131439201,6,"cpufreq",499200.000000
813411144508784,0,"cpufreq",1132800.000000
813411144509253,1,"cpufreq",1132800.000000
813411145349513,0,"cpufreq",787200.000000
813411145351180,1,"cpufreq",787200.000000
813411156454253,7,"cpufreq",2246400.000000
813411163450451,7,"cpufreq",902400.000000
813411171382013,2,"cpufreq",2323200.000000
813411171382586,3,"cpufreq",2323200.000000
813411171382846,4,"cpufreq",2323200.000000
813411172896649,0,"cpufreq",2265600.000000
813411172898992,1,"cpufreq",2265600.000000
813411176022482,2,"cpufreq",2707200.000000
813411176023107,3,"cpufreq",2707200.000000
813411176023628,4,"cpufreq",2707200.000000
813411179412013,0,"cpufreq",787200.000000
813411179412846,1,"cpufreq",787200.000000
813411179416388,2,"cpufreq",2515200.000000
813411179416701,3,"cpufreq",2515200.000000
813411179416909,4,"cpufreq",2515200.000000
813411187436961,2,"cpufreq",2188800.000000
813411187437794,3,"cpufreq",2188800.000000
813411187438055,4,"cpufreq",2188800.000000
813411195462951,2,"cpufreq",1920000.000000
813411195463576,3,"cpufreq",1920000.000000
813411195464096,4,"cpufreq",1920000.000000
813411200951857,5,"cpufreq",844800.000000
813411200953055,6,"cpufreq",844800.000000
813411203422846,2,"cpufreq",1612800.000000
813411203426388,3,"cpufreq",1612800.000000
813411203429409,4,"cpufreq",1612800.000000
813411203441336,5,"cpufreq",499200.000000
813411203444669,6,"cpufreq",499200.000000
813411204143836,0,"cpufreq",1920000.000000
813411204144669,1,"cpufreq",1920000.000000
813411204626180,0,"cpufreq",787200.000000
813411204627274,1,"cpufreq",787200.000000
813411205785399,0,"cpufreq",1248000.000000
813411205787951,1,"cpufreq",1248000.000000
813411205850503,5,"cpufreq",1190400.000000
813411205851701,6,"cpufreq",1190400.000000
813411206530346,0,"cpufreq",787200.000000
813411206531284,1,"cpufreq",787200.000000
813411206536753,5,"cpufreq",614400.000000
813411206537378,6,"cpufreq",614400.000000
813411206853315,0,"cpufreq",902400.000000
813411206854305,1,"cpufreq",902400.000000
813411206883836,5,"cpufreq",499200.000000
813411206884565,6,"cpufreq",499200.000000
813411206983576,0,"cpufreq",787200.000000
813411206984617,1,"cpufreq",787200.000000
813411207094826,0,"cpufreq",902400.000000
813411207095763,1,"cpufreq",902400.000000
813411207195815,0,"cpufreq",1017600.000000
813411207199565,1,"cpufreq",1017600.000000
813411208282742,0,"cpufreq",787200.000000
813411208285503,1,"cpufreq",787200.000000
813411208444878,0,"cpufreq",902400.000000
813411208447013,1,"cpufreq",902400.000000
813411208960138,0,"cpufreq",1017600.000000
813411208963576,1,"cpufreq",1017600.000000
813411209314513,0,"cpufreq",902400.000000
813411209315555,1,"cpufreq",902400.000000
813411209683784,0,"cpufreq",1017600.000000
813411209686753,1,"cpufreq",1017600.000000
813411211307221,0,"cpufreq",787200.000000
813411211308576,1,"cpufreq",787200.000000
813411211404721,0,"cpufreq",1804800.000000
813411211406961,1,"cpufreq",1804800.000000
813411211420867,5,"cpufreq",729600.000000
813411211423055,6,"cpufreq",729600.000000
813411211505451,2,"cpufreq",1401600.000000
813411211506336,3,"cpufreq",1401600.000000
813411211506857,4,"cpufreq",1401600.000000
813411211562794,0,"cpufreq",1920000.000000
813411211564774,1,"cpufreq",1920000.000000
813411211571544,5,"cpufreq",614400.000000
813411211573107,6,"cpufreq",614400.000000
813411211808367,5,"cpufreq",729600.000000
813411211809305,6,"cpufreq",729600.000000
813411219483367,0,"cpufreq",787200.000000
813411219484305,1,"cpufreq",787200.000000
813411219491076,2,"cpufreq",1286400.000000
813411219491701,3,"cpufreq",1286400.000000
813411219492117,4,"cpufreq",1286400.000000
813411219497274,5,"cpufreq",499200.000000
813411219498107,6,"cpufreq",499200.000000
813411221814096,2,"cpufreq",1497600.000000
813411221815138,3,"cpufreq",1497600.000000
813411221816596,4,"cpufreq",1497600.000000
813411228125086,2,"cpufreq",1708800.000000
813411228125919,3,"cpufreq",1708800.000000
813411228126440,4,"cpufreq",1708800.000000
813411235415190,2,"cpufreq",1612800.000000
813411235416024,3,"cpufreq",1612800.000000
813411235417899,4,"cpufreq",1612800.000000
813411236564721,2,"cpufreq",2380800.000000
813411236565346,3,"cpufreq",2380800.000000
813411236565763,4,"cpufreq",2380800.000000
813411243535919,2,"cpufreq",2572800.000000
813411243536388,3,"cpufreq",2572800.000000
813411243536649,4,"cpufreq",2572800.000000
813411244072794,2,"cpufreq",1824000.000000
813411244073211,3,"cpufreq",1824000.000000
813411244074253,4,"cpufreq",1824000.000000
813411244314669,2,"cpufreq",2707200.000000
813411244315346,3,"cpufreq",2707200.000000
813411244316232,4,"cpufreq",2707200.000000
813411267468680,2,"cpufreq",2246400.000000
813411267469357,3,"cpufreq",2246400.000000
813411267469669,4,"cpufreq",2246400.000000
813411270745919,2,"cpufreq",2707200.000000
813411270746648,3,"cpufreq",2707200.000000
813411270746961,4,"cpufreq",2707200.000000
813411290921753,2,"cpufreq",2380800.000000
813411290924357,3,"cpufreq",2380800.000000
813411290926284,4,"cpufreq",2380800.000000
813411291126128,0,"cpufreq",1804800.000000
813411291130034,1,"cpufreq",1804800.000000
813411291173992,0,"cpufreq",787200.000000
813411291177273,1,"cpufreq",787200.000000
813411291204201,5,"cpufreq",844800.000000
813411291205503,6,"cpufreq",844800.000000
813411291498471,2,"cpufreq",2707200.000000
813411291499773,3,"cpufreq",2707200.000000
813411291500503,4,"cpufreq",2707200.000000
813411291505451,5,"cpufreq",499200.000000
813411291506284,6,"cpufreq",499200.000000
813411307381336,2,"cpufreq",2323200.000000
813411307382221,3,"cpufreq",2323200.000000
813411307382430,4,"cpufreq",2323200.000000
813411307386753,5,"cpufreq",614400.000000
813411307387169,6,"cpufreq",614400.000000
813411315401492,2,"cpufreq",1920000.000000
813411315402169,3,"cpufreq",1920000.000000
813411315402482,4,"cpufreq",1920000.000000
813411315406023,5,"cpufreq",499200.000000
813411315406544,6,"cpufreq",499200.000000
813411323405607,2,"cpufreq",1708800.000000
813411323406492,3,"cpufreq",1708800.000000
813411323406909,4,"cpufreq",1708800.000000
813411327095034,2,"cpufreq",2035200.000000
813411327096284,3,"cpufreq",2035200.000000
813411327096753,4,"cpufreq",2035200.000000
813411339011909,2,"cpufreq",1824000.000000
813411339015294,3,"cpufreq",1824000.000000
813411339018576,4,"cpufreq",1824000.000000
813411339438576,2,"cpufreq",1920000.000000
813411339440919,3,"cpufreq",1920000.000000
813411339442951,4,"cpufreq",1920000.000000
813411340005294,0,"cpufreq",902400.000000
813411340008680,1,"cpufreq",902400.000000
813411340324773,0,"cpufreq",787200.000000
813411340326388,1,"cpufreq",787200.000000
813411343280971,5,"cpufreq",614400.000000
813411343282430,6,"cpufreq",614400.000000
813411343391701,5,"cpufreq",499200.000000
813411343394044,6,"cpufreq",499200.000000
813411347492638,2,"cpufreq",1708800.000000
813411347493107,3,"cpufreq",1708800.000000
813411347493471,4,"cpufreq",1708800.000000
813411347496648,5,"cpufreq",614400.000000
813411347497065,6,"cpufreq",614400.000000
813411350759357,5,"cpufreq",499200.000000
813411350763315,6,"cpufreq",499200.000000
813411352408263,0,"cpufreq",1017600.000000
813411352411492,1,"cpufreq",1017600.000000
813411352778836,0,"cpufreq",1248000.000000
813411352781492,1,"cpufreq",1248000.000000
813411352989721,2,"cpufreq",2707200.000000
813411352990451,3,"cpufreq",2707200.000000
813411352990867,4,"cpufreq",2707200.000000
813411353184044,0,"cpufreq",1344000.000000
813411353185659,1,"cpufreq",1344000.000000
813411353336596,2,"cpufreq",2035200.000000
813411353337013,3,"cpufreq",2035200.000000
813411353337273,4,"cpufreq",2035200.000000
813411355502534,0,"cpufreq",787200.000000
813411355503211,1,"cpufreq",787200.000000
813411355506388,2,"cpufreq",2707200.000000
813411355506753,3,"cpufreq",2707200.000000
813411355507013,4,"cpufreq",2707200.000000
813411363418523,2,"cpufreq",2323200.000000
813411363418940,3,"cpufreq",2323200.000000
813411363419201,4,"cpufreq",2323200.000000
813411368512482,2,"cpufreq",2707200.000000
813411368513211,3,"cpufreq",2707200.000000
813411368513523,4,"cpufreq",2707200.000000
813411400582326,5,"cpufreq",614400.000000
813411400583471,6,"cpufreq",614400.000000
813411403403940,2,"cpufreq",2438400.000000
813411403404357,3,"cpufreq",2438400.000000
813411403404617,4,"cpufreq",2438400.000000
813411403408367,5,"cpufreq",499200.000000
813411403408940,6,"cpufreq",499200.000000
813411404170138,5,"cpufreq",1190400.000000
813411404171128,6,"cpufreq",1190400.000000
813411404352378,5,"cpufreq",499200.000000
813411404353055,6,"cpufreq",499200.000000
813411405845815,0,"cpufreq",1459200.000000
813411405848263,1,"cpufreq",1459200.000000
813411406274721,0,"cpufreq",1017600.000000
813411406276023,1,"cpufreq",1017600.000000
813411406502794,0,"cpufreq",787200.000000
813411406503836,1,"cpufreq",787200.000000
813411407279044,0,"cpufreq",902400.000000
813411407280190,1,"cpufreq",902400.000000
813411407950971,0,"cpufreq",1132800.000000
813411407953055,1,"cpufreq",1132800.000000
813411408395659,0,"cpufreq",787200.000000
813411408398003,1,"cpufreq",787200.000000
813411408449201,0,"cpufreq",902400.000000
813411408450294,1,"cpufreq",902400.000000
813411409001753,0,"cpufreq",1132800.000000
813411409004096,1,"cpufreq",1132800.000000
813411411443419,0,"cpufreq",902400.000000
813411411443836,1,"cpufreq",902400.000000
813411411552534,2,"cpufreq",2707200.000000
813411411553211,3,"cpufreq",2707200.000000
813411411553471,4,"cpufreq",2707200.000000
813411415996857,2,"cpufreq",2438400.000000
813411415997326,3,"cpufreq",2438400.000000
813411415997586,4,"cpufreq",2438400.000000
813411419757482,0,"cpufreq",787200.000000
813411419759617,1,"cpufreq",787200.000000
813411419776909,2,"cpufreq",2707200.000000
813411419779044,3,"cpufreq",2707200.000000
813411419780971,4,"cpufreq",2707200.000000
813411428242638,5,"cpufreq",2572800.000000
813411428245763,6,"cpufreq",2572800.000000
813411428413419,2,"cpufreq",2572800.000000
813411428415555,3,"cpufreq",2572800.000000
813411428417586,4,"cpufreq",2572800.000000
813411432938836,0,"cpufreq",1574400.000000
813411432942221,1,"cpufreq",1574400.000000
813411433061076,0,"cpufreq",2265600.000000
813411433062898,1,"cpufreq",2265600.000000
813411433483003,0,"cpufreq",1248000.000000
813411433484201,1,"cpufreq",1248000.000000
813411433574565,0,"cpufreq",2265600.000000
813411433577013,1,"cpufreq",2265600.000000
813411433756336,0,"cpufreq",1689600.000000
813411433756857,1,"cpufreq",1689600.000000
813411433829565,0,"cpufreq",1804800.000000
813411433829982,1,"cpufreq",1804800.000000
813411433887169,0,"cpufreq",1689600.000000
813411433887690,1,"cpufreq",1689600.000000
813411435421232,0,"cpufreq",2035200.000000
813411435422326,1,"cpufreq",2035200.000000
813411435436388,2,"cpufreq",844800.000000
813411435437326,3,"cpufreq",844800.000000
813411435438315,4,"cpufreq",844800.000000
813411435447690,5,"cpufreq",844800.000000
813411435448940,6,"cpufreq",844800.000000
813411442320346,5,"cpufreq",1401600.000000
813411442322065,6,"cpufreq",1401600.000000
813411442675398,2,"cpufreq",1401600.000000
813411442676076,3,"cpufreq",1401600.000000
813411442676440,4,"cpufreq",1401600.000000
813411443597638,0,"cpufreq",787200.000000
813411443599253,1,"cpufreq",787200.000000
813411443619669,2,"cpufreq",1708800.000000
813411443621701,3,"cpufreq",1708800.000000
813411443623784,4,"cpufreq",1708800.000000
813411443651492,5,"cpufreq",1708800.000000
813411443656023,6,"cpufreq",1708800.000000
813411444335763,5,"cpufreq",844800.000000
813411444339201,6,"cpufreq",844800.000000
813411448603784,0,"cpufreq",1248000.000000
813411448606232,1,"cpufreq",1248000.000000
813411448698419,0,"cpufreq",1132800.000000
813411448699826,1,"cpufreq",1132800.000000
813411449155711,0,"cpufreq",1574400.000000
813411449158159,1,"cpufreq",1574400.000000
813411449333055,0,"cpufreq",2265600.000000
813411449334461,1,"cpufreq",2265600.000000
813411450387326,2,"cpufreq",844800.000000
813411450388628,3,"cpufreq",844800.000000
813411450389669,4,"cpufreq",844800.000000
813411451400242,2,"cpufreq",1612800.000000
813411451401648,3,"cpufreq",1612800.000000
813411451402690,4,"cpufreq",1612800.000000
813411451423107,2,"cpufreq",1286400.000000
813411451424357,3,"cpufreq",1286400.000000
813411451426128,4,"cpufreq",1286400.000000
813411451582169,5,"cpufreq",1286400.000000
813411451583784,6,"cpufreq",1286400.000000
813411451954096,0,"cpufreq",1920000.000000
813411451955242,1,"cpufreq",1920000.000000
813411451968159,5,"cpufreq",1612800.000000
813411451968992,6,"cpufreq",1612800.000000
813411452125086,0,"cpufreq",2265600.000000
813411452126128,1,"cpufreq",2265600.000000
813411453207482,0,"cpufreq",1574400.000000
813411453208576,1,"cpufreq",1574400.000000
813411453224357,5,"cpufreq",1286400.000000
813411453225190,6,"cpufreq",1286400.000000
813411453465346,5,"cpufreq",1612800.000000
813411453466857,6,"cpufreq",1612800.000000
813411454490242,0,"cpufreq",1689600.000000
813411454491023,1,"cpufreq",1689600.000000
813411454879669,0,"cpufreq",1574400.000000
813411454880451,1,"cpufreq",1574400.000000
813411460169513,0,"cpufreq",1804800.000000
813411460171492,1,"cpufreq",1804800.000000
813411460183107,2,"cpufreq",844800.000000
813411460184773,3,"cpufreq",844800.000000
813411460186284,4,"cpufreq",844800.000000
813411460194044,5,"cpufreq",844800.000000
813411460195815,6,"cpufreq",844800.000000
813411460293263,0,"cpufreq",1689600.000000
813411460294305,1,"cpufreq",1689600.000000
813411460620138,0,"cpufreq",1804800.000000
813411460621388,1,"cpufreq",1804800.000000
813411462180815,0,"cpufreq",1689600.000000
813411462182117,1,"cpufreq",1689600.000000
813411463478680,0,"cpufreq",1804800.000000
813411463479669,1,"cpufreq",1804800.000000
813411463635867,0,"cpufreq",1689600.000000
813411463636909,1,"cpufreq",1689600.000000
813411464543836,2,"cpufreq",1075200.000000
813411464544878,3,"cpufreq",1075200.000000
813411464545555,4,"cpufreq",1075200.000000
813411464552638,5,"cpufreq",1075200.000000
813411464555294,6,"cpufreq",1075200.000000
813411464639878,2,"cpufreq",1190400.000000
813411464640919,3,"cpufreq",1190400.000000
813411464641544,4,"cpufreq",1190400.000000
813411464647951,5,"cpufreq",1190400.000000
813411464648523,6,"cpufreq",1190400.000000
813411464838263,2,"cpufreq",1075200.000000
813411464839878,3,"cpufreq",1075200.000000
813411464841284,4,"cpufreq",1075200.000000
813411464850242,5,"cpufreq",1075200.000000
813411464851961,6,"cpufreq",1075200.000000
813411465312221,2,"cpufreq",1190400.000000
813411465314253,3,"cpufreq",1190400.000000
813411465315607,4,"cpufreq",1190400.000000
813411465322690,5,"cpufreq",1190400.000000
813411465324461,6,"cpufreq",1190400.000000
813411465586753,0,"cpufreq",1459200.000000
813411465588471,1,"cpufreq",1459200.000000
813411465598523,2,"cpufreq",1075200.000000
813411465600138,3,"cpufreq",1075200.000000
813411465601753,4,"cpufreq",1075200.000000
813411465610659,5,"cpufreq",1075200.000000
813411465612586,6,"cpufreq",1075200.000000
813411467196232,0,"cpufreq",1689600.000000
813411467197742,1,"cpufreq",1689600.000000
813411467451076,0,"cpufreq",1017600.000000
813411467452273,1,"cpufreq",1017600.000000
813411467463211,2,"cpufreq",729600.000000
813411467464721,3,"cpufreq",729600.000000
813411467466284,4,"cpufreq",729600.000000
813411467477169,5,"cpufreq",729600.000000
813411467478992,6,"cpufreq",729600.000000
813411467572273,7,"cpufreq",672000.000000
813411468971648,0,"cpufreq",1132800.000000
813411468973732,1,"cpufreq",1132800.000000
813411469549826,0,"cpufreq",1017600.000000
813411469551076,1,"cpufreq",1017600.000000
813411470772742,0,"cpufreq",1344000.000000
813411470774826,1,"cpufreq",1344000.000000
813411476158471,0,"cpufreq",902400.000000
813411476160659,1,"cpufreq",902400.000000
813411476173263,2,"cpufreq",844800.000000
813411476174461,3,"cpufreq",844800.000000
813411476175607,4,"cpufreq",844800.000000
813411476185138,5,"cpufreq",844800.000000
813411476186648,6,"cpufreq",844800.000000
813411476193055,7,"cpufreq",902400.000000
813411477316909,0,"cpufreq",1017600.000000
813411477317951,1,"cpufreq",1017600.000000
813411478749253,0,"cpufreq",1344000.000000
813411478750919,1,"cpufreq",1344000.000000
813411479019096,0,"cpufreq",1459200.000000
813411479019982,1,"cpufreq",1459200.000000
813411479333419,0,"cpufreq",902400.000000
813411479335398,1,"cpufreq",902400.000000
813411479580659,5,"cpufreq",1075200.000000
813411479581700,6,"cpufreq",1075200.000000
813411479637950,2,"cpufreq",1075200.000000
813411479640711,3,"cpufreq",1075200.000000
813411479643263,4,"cpufreq",1075200.000000
813411480071857,2,"cpufreq",844800.000000
813411480072742,3,"cpufreq",844800.000000
813411480073523,4,"cpufreq",844800.000000
813411480080555,5,"cpufreq",844800.000000
813411480081440,6,"cpufreq",844800.000000
813411480870398,0,"cpufreq",1459200.000000
813411480872378,1,"cpufreq",1459200.000000
813411481028575,0,"cpufreq",1574400.000000
813411481029721,1,"cpufreq",1574400.000000
813411481159357,0,"cpufreq",1344000.000000
813411481160555,1,"cpufreq",1344000.000000
813411481385919,0,"cpufreq",1132800.000000
813411481387378,1,"cpufreq",1132800.000000
813411482004930,0,"cpufreq",1248000.000000
813411482006492,1,"cpufreq",1248000.000000
813411482354357,0,"cpufreq",787200.000000
813411482355555,1,"cpufreq",787200.000000
813411484208159,0,"cpufreq",902400.000000
813411484209565,1,"cpufreq",902400.000000
813411485183107,0,"cpufreq",1017600.000000
813411485185450,1,"cpufreq",1017600.000000
813411485756388,0,"cpufreq",1344000.000000
813411485757325,1,"cpufreq",1344000.000000
813411487488680,0,"cpufreq",1248000.000000
813411487490346,1,"cpufreq",1248000.000000
813411489326544,5,"cpufreq",960000.000000
813411489327898,6,"cpufreq",960000.000000
813411489370711,0,"cpufreq",902400.000000
813411489371648,1,"cpufreq",902400.000000
813411489382690,2,"cpufreq",960000.000000
813411489383315,3,"cpufreq",960000.000000
813411489383784,4,"cpufreq",960000.000000
813411490641284,2,"cpufreq",844800.000000
813411490644565,3,"cpufreq",844800.000000
813411490647169,4,"cpufreq",844800.000000
813411490660294,5,"cpufreq",844800.000000
813411490663263,6,"cpufreq",844800.000000
813411492209878,0,"cpufreq",787200.000000
813411492213523,1,"cpufreq",787200.000000
813411492372430,0,"cpufreq",902400.000000
813411492375346,1,"cpufreq",902400.000000
813411492517950,0,"cpufreq",1132800.000000
813411492520971,1,"cpufreq",1132800.000000
813411492707794,0,"cpufreq",787200.000000
813411492708836,1,"cpufreq",787200.000000
813411493537794,0,"cpufreq",902400.000000
813411493541128,1,"cpufreq",902400.000000
813411495970555,0,"cpufreq",1017600.000000
813411495971753,1,"cpufreq",1017600.000000
813411500224357,0,"cpufreq",672000.000000
813411500226284,1,"cpufreq",672000.000000
813411500243367,2,"cpufreq",614400.000000
813411500245711,3,"cpufreq",614400.000000
813411500247898,4,"cpufreq",614400.000000
813411500268680,5,"cpufreq",499200.000000
813411500273940,6,"cpufreq",499200.000000
813411500286440,7,"cpufreq",672000.000000
813411502775607,0,"cpufreq",787200.000000
813411502779461,1,"cpufreq",787200.000000
813411503762950,0,"cpufreq",672000.000000
813411503766336,1,"cpufreq",672000.000000
813411504472898,0,"cpufreq",902400.000000
813411504475398,1,"cpufreq",902400.000000
813411504651180,0,"cpufreq",672000.000000
813411504652638,1,"cpufreq",672000.000000
813411504972013,0,"cpufreq",787200.000000
813411504974825,1,"cpufreq",787200.000000
813411505604357,0,"cpufreq",672000.000000
813411505608211,1,"cpufreq",672000.000000
813411506221857,0,"cpufreq",902400.000000
813411506226023,1,"cpufreq",902400.000000
813411506574513,0,"cpufreq",672000.000000
813411506577794,1,"cpufreq",672000.000000
813411506969096,0,"cpufreq",787200.000000
813411506972898,1,"cpufreq",787200.000000
813411507695346,0,"cpufreq",1344000.000000
813411507696648,1,"cpufreq",1344000.000000
813411516206753,0,"cpufreq",672000.000000
813411516208055,1,"cpufreq",672000.000000
813411521466232,0,"cpufreq",787200.000000
813411521470555,1,"cpufreq",787200.000000
813411521979982,5,"cpufreq",960000.000000
813411521981492,6,"cpufreq",960000.000000
813411522032325,0,"cpufreq",672000.000000
813411522033575,1,"cpufreq",672000.000000
813411522045034,2,"cpufreq",960000.000000
813411522045763,3,"cpufreq",960000.000000
813411522046492,4,"cpufreq",960000.000000
813411525358003,0,"cpufreq",787200.000000
813411525363367,1,"cpufreq",787200.000000
813411525389513,2,"cpufreq",844800.000000
813411525393107,3,"cpufreq",844800.000000
813411525396596,4,"cpufreq",844800.000000
813411525418055,5,"cpufreq",844800.000000
813411525422065,6,"cpufreq",844800.000000
813411525439044,7,"cpufreq",902400.000000
813411531480294,0,"cpufreq",672000.000000
813411531484200,1,"cpufreq",672000.000000
813411531509096,2,"cpufreq",614400.000000
813411531512638,3,"cpufreq",614400.000000
813411531516961,4,"cpufreq",614400.000000
813411531534253,5,"cpufreq",499200.000000
813411531537794,6,"cpufreq",499200.000000
813411531557794,7,"cpufreq",672000.000000
813411541009253,0,"cpufreq",1017600.000000
813411541012325,1,"cpufreq",1017600.000000
813411549903732,0,"cpufreq",672000.000000
813411549905450,1,"cpufreq",672000.000000
813411559065086,5,"cpufreq",614400.000000
813411559066700,6,"cpufreq",614400.000000
813411559526909,0,"cpufreq",1132800.000000
813411559530086,1,"cpufreq",1132800.000000
813411559825815,0,"cpufreq",2150400.000000
813411559827378,1,"cpufreq",2150400.000000
813411560322013,0,"cpufreq",1344000.000000
813411560323367,1,"cpufreq",1344000.000000
813411560856596,0,"cpufreq",1132800.000000
813411560857846,1,"cpufreq",1132800.000000
813411560881492,5,"cpufreq",499200.000000
813411560884357,6,"cpufreq",499200.000000
813411561120867,0,"cpufreq",672000.000000
813411561122378,1,"cpufreq",672000.000000
813411561135294,5,"cpufreq",614400.000000
813411561136753,6,"cpufreq",614400.000000
813411561333159,0,"cpufreq",1017600.000000
813411561336961,1,"cpufreq",1017600.000000
813411561917950,0,"cpufreq",1804800.000000
813411561921232,1,"cpufreq",1804800.000000
813411563502221,0,"cpufreq",1344000.000000
813411563504044,1,"cpufreq",1344000.000000
813411563525138,2,"cpufreq",1612800.000000
813411563527378,3,"cpufreq",1612800.000000
813411563529096,4,"cpufreq",1612800.000000
813411563541544,5,"cpufreq",1612800.000000
813411563543732,6,"cpufreq",1612800.000000
813411563918628,0,"cpufreq",1132800.000000
813411563919253,1,"cpufreq",1132800.000000
813411564654565,0,"cpufreq",1574400.000000
813411564657065,1,"cpufreq",1574400.000000
813411564986440,0,"cpufreq",1459200.000000
813411564988419,1,"cpufreq",1459200.000000
813411571595034,0,"cpufreq",1132800.000000
813411571597013,1,"cpufreq",1132800.000000
813411571613628,2,"cpufreq",614400.000000
813411571615711,3,"cpufreq",614400.000000
813411571617794,4,"cpufreq",614400.000000
813411571629565,5,"cpufreq",499200.000000
813411571631961,6,"cpufreq",499200.000000
813411580269982,0,"cpufreq",672000.000000
813411580271492,1,"cpufreq",672000.000000
813411584048211,0,"cpufreq",1248000.000000
813411584049409,1,"cpufreq",1248000.000000
813411584302065,0,"cpufreq",672000.000000
813411584303628,1,"cpufreq",672000.000000
813411584317690,5,"cpufreq",614400.000000
813411584319096,6,"cpufreq",614400.000000
813411584533836,2,"cpufreq",844800.000000
813411584535034,3,"cpufreq",844800.000000
813411584535867,4,"cpufreq",844800.000000
813411584545763,5,"cpufreq",844800.000000
813411584546857,6,"cpufreq",844800.000000
813411584630555,0,"cpufreq",787200.000000
813411584632325,1,"cpufreq",787200.000000
813411584840034,0,"cpufreq",672000.000000
813411584841388,1,"cpufreq",672000.000000
813411584927482,2,"cpufreq",1286400.000000
813411584928680,3,"cpufreq",1286400.000000
813411584929253,4,"cpufreq",1286400.000000
813411585022273,5,"cpufreq",1286400.000000
813411585023992,6,"cpufreq",1286400.000000
813411585213575,2,"cpufreq",1190400.000000
813411585222690,3,"cpufreq",1190400.000000
813411585226284,4,"cpufreq",1190400.000000
813411585246440,5,"cpufreq",1190400.000000
813411585250190,6,"cpufreq",1190400.000000
813411585845294,0,"cpufreq",787200.000000
813411585849617,1,"cpufreq",787200.000000
813411586001596,2,"cpufreq",614400.000000
813411586002586,3,"cpufreq",614400.000000
813411586003211,4,"cpufreq",614400.000000
813411586008940,5,"cpufreq",499200.000000
813411586009461,6,"cpufreq",499200.000000
813411586985815,5,"cpufreq",614400.000000
813411586988367,6,"cpufreq",614400.000000
813411587417325,0,"cpufreq",902400.000000
813411587421648,1,"cpufreq",902400.000000
813411587437430,2,"cpufreq",729600.000000
813411587438315,3,"cpufreq",729600.000000
813411587439096,4,"cpufreq",729600.000000
813411587451232,5,"cpufreq",1612800.000000
813411587452117,6,"cpufreq",1612800.000000
813411587912846,0,"cpufreq",1248000.000000
813411587915450,1,"cpufreq",1248000.000000
813411587942065,5,"cpufreq",729600.000000
813411587944253,6,"cpufreq",729600.000000
813411588613315,0,"cpufreq",1689600.000000
813411588615503,1,"cpufreq",1689600.000000
813411588633055,2,"cpufreq",1075200.000000
813411588634982,3,"cpufreq",1075200.000000
813411588636857,4,"cpufreq",1075200.000000
813411588649096,5,"cpufreq",1075200.000000
813411588651596,6,"cpufreq",1075200.000000
813411588990763,0,"cpufreq",1459200.000000
813411588992273,1,"cpufreq",1459200.000000
813411589003263,2,"cpufreq",960000.000000
813411589003888,3,"cpufreq",960000.000000
813411589004565,4,"cpufreq",960000.000000
813411589010919,5,"cpufreq",960000.000000
813411589011388,6,"cpufreq",960000.000000
813411589736648,0,"cpufreq",902400.000000
813411589738055,1,"cpufreq",902400.000000
813411589771492,5,"cpufreq",1612800.000000
813411589775607,6,"cpufreq",1612800.000000
813411591573732,5,"cpufreq",1708800.000000
813411591574982,6,"cpufreq",1708800.000000
813411591702586,2,"cpufreq",1708800.000000
813411591704669,3,"cpufreq",1708800.000000
813411591706440,4,"cpufreq",1708800.000000
813411591997950,0,"cpufreq",1689600.000000
813411592001180,1,"cpufreq",1689600.000000
813411592031284,2,"cpufreq",844800.000000
813411592033940,3,"cpufreq",844800.000000
813411592036544,4,"cpufreq",844800.000000
813411592050398,5,"cpufreq",1612800.000000
813411592053419,6,"cpufreq",1612800.000000
813411592237378,2,"cpufreq",1612800.000000
813411592239461,3,"cpufreq",1612800.000000
813411592240867,4,"cpufreq",1612800.000000
813411592380867,0,"cpufreq",1804800.000000
813411592381961,1,"cpufreq",1804800.000000
813411592688784,0,"cpufreq",1689600.000000
813411592689930,1,"cpufreq",1689600.000000
813411594812273,0,"cpufreq",1804800.000000
813411594813003,1,"cpufreq",1804800.000000
813411595420086,0,"cpufreq",2265600.000000
813411595421648,1,"cpufreq",2265600.000000
813411595435555,2,"cpufreq",1286400.000000
813411595437117,3,"cpufreq",1286400.000000
813411595438628,4,"cpufreq",1286400.000000
813411595452169,5,"cpufreq",1286400.000000
813411595453836,6,"cpufreq",1286400.000000
813411602423159,2,"cpufreq",1612800.000000
813411602424253,3,"cpufreq",1612800.000000
813411602425555,4,"cpufreq",1612800.000000
813411602434148,5,"cpufreq",1401600.000000
813411602435190,6,"cpufreq",1401600.000000
813411603424305,0,"cpufreq",787200.000000
813411603425607,1,"cpufreq",787200.000000
813411603434930,2,"cpufreq",1286400.000000
813411603435971,3,"cpufreq",1286400.000000
813411603437013,4,"cpufreq",1286400.000000
813411603450919,5,"cpufreq",1286400.000000
813411603454148,6,"cpufreq",1286400.000000
813411603799513,2,"cpufreq",844800.000000
813411603801961,3,"cpufreq",844800.000000
813411603804044,4,"cpufreq",844800.000000
813411603817117,5,"cpufreq",844800.000000
813411603819461,6,"cpufreq",844800.000000
813411606509878,0,"cpufreq",1248000.000000
813411606512325,1,"cpufreq",1248000.000000
813411607833523,0,"cpufreq",787200.000000
813411607834721,1,"cpufreq",787200.000000
813411608372378,0,"cpufreq",902400.000000
813411608375659,1,"cpufreq",902400.000000
813411608873159,7,"cpufreq",902400.000000
813411609234200,0,"cpufreq",1132800.000000
813411609237794,1,"cpufreq",1132800.000000
813411609647378,0,"cpufreq",1344000.000000
813411609648888,1,"cpufreq",1344000.000000
813411612231180,0,"cpufreq",787200.000000
813411612232430,1,"cpufreq",787200.000000
813411612247378,2,"cpufreq",614400.000000
813411612248575,3,"cpufreq",614400.000000
813411612249721,4,"cpufreq",614400.000000
813411612263992,5,"cpufreq",499200.000000
813411612266336,6,"cpufreq",499200.000000
813411612351440,2,"cpufreq",844800.000000
813411612353523,3,"cpufreq",844800.000000
813411612356180,4,"cpufreq",844800.000000
813411612366753,5,"cpufreq",844800.000000
813411612368732,6,"cpufreq",844800.000000
813411620215190,0,"cpufreq",672000.000000
813411620219721,1,"cpufreq",672000.000000
813411620245034,2,"cpufreq",614400.000000
813411620248471,3,"cpufreq",614400.000000
813411620251909,4,"cpufreq",614400.000000
813411620268419,5,"cpufreq",499200.000000
813411620272169,6,"cpufreq",499200.000000
813411620287013,7,"cpufreq",672000.000000
813411628927273,0,"cpufreq",787200.000000
813411628930971,1,"cpufreq",787200.000000
813411636968523,0,"cpufreq",672000.000000
813411636970867,1,"cpufreq",672000.000000
813411649795763,0,"cpufreq",787200.000000
813411649797169,1,"cpufreq",787200.000000
813411649991805,0,"cpufreq",672000.000000
813411649993263,1,"cpufreq",672000.000000
813411650106805,0,"cpufreq",1017600.000000
813411650107898,1,"cpufreq",1017600.000000
813411650956388,0,"cpufreq",672000.000000
813411650957898,1,"cpufreq",672000.000000
813411666992378,0,"cpufreq",787200.000000
813411666997325,1,"cpufreq",787200.000000
813411668257325,0,"cpufreq",672000.000000
813411668261128,1,"cpufreq",672000.000000
813411672140190,2,"cpufreq",1708800.000000
813411672141128,3,"cpufreq",1708800.000000
813411672141909,4,"cpufreq",1708800.000000
813411676284096,0,"cpufreq",787200.000000
813411676288315,1,"cpufreq",787200.000000
813411676319409,2,"cpufreq",844800.000000
813411676325659,3,"cpufreq",844800.000000
813411676330242,4,"cpufreq",844800.000000
813411676348419,5,"cpufreq",844800.000000
813411676352065,6,"cpufreq",844800.000000
813411676366336,7,"cpufreq",902400.000000
813411684252586,0,"cpufreq",672000.000000
813411684256128,1,"cpufreq",672000.000000
813411684287273,2,"cpufreq",614400.000000
813411684290815,3,"cpufreq",614400.000000
813411684294200,4,"cpufreq",614400.000000
813411684320659,5,"cpufreq",499200.000000
813411684324617,6,"cpufreq",499200.000000
813411684338263,7,"cpufreq",672000.000000
813411748408419,5,"cpufreq",614400.000000
813411748409773,6,"cpufreq",614400.000000
813411748572273,5,"cpufreq",499200.000000
813411748576752,6,"cpufreq",499200.000000
813411763708315,0,"cpufreq",787200.000000
813411763713211,1,"cpufreq",787200.000000
813411763736388,2,"cpufreq",844800.000000
813411763740555,3,"cpufreq",844800.000000
813411763744096,4,"cpufreq",844800.000000
813411763774148,7,"cpufreq",902400.000000
813411765213627,2,"cpufreq",1075200.000000
813411765214721,3,"cpufreq",1075200.000000
813411765215555,4,"cpufreq",1075200.000000
813411765305971,0,"cpufreq",902400.000000
813411765309877,1,"cpufreq",902400.000000
813411767427690,0,"cpufreq",787200.000000
813411767429044,1,"cpufreq",787200.000000
813411770737377,2,"cpufreq",844800.000000
813411770738627,3,"cpufreq",844800.000000
813411770739461,4,"cpufreq",844800.000000
813411771466127,0,"cpufreq",902400.000000
813411771469513,1,"cpufreq",902400.000000
813411771495450,5,"cpufreq",960000.000000
813411771498784,6,"cpufreq",960000.000000
813411772187690,0,"cpufreq",1017600.000000
813411772188836,1,"cpufreq",1017600.000000
813411772287273,0,"cpufreq",787200.000000
813411772290034,1,"cpufreq",787200.000000
813411772300242,5,"cpufreq",1190400.000000
813411772303263,6,"cpufreq",1190400.000000
813411773232273,5,"cpufreq",960000.000000
813411773235711,6,"cpufreq",960000.000000
813411779503836,0,"cpufreq",672000.000000
813411779507430,1,"cpufreq",672000.000000
813411779530398,2,"cpufreq",614400.000000
813411779533992,3,"cpufreq",614400.000000
813411779537482,4,"cpufreq",614400.000000
813411779551232,5,"cpufreq",499200.000000
813411779555555,6,"cpufreq",499200.000000
813411779568263,7,"cpufreq",672000.000000
813411785266700,0,"cpufreq",787200.000000
813411785271127,1,"cpufreq",787200.000000
813411787456440,0,"cpufreq",672000.000000
813411787457742,1,"cpufreq",672000.000000
813411789268159,2,"cpufreq",729600.000000
813411789269044,3,"cpufreq",729600.000000
813411789269825,4,"cpufreq",729600.000000
813411792501440,0,"cpufreq",787200.000000
813411792504200,1,"cpufreq",787200.000000
813411792690398,2,"cpufreq",614400.000000
813411792692325,3,"cpufreq",614400.000000
813411792693471,4,"cpufreq",614400.000000
813411793293471,0,"cpufreq",672000.000000
813411793295971,1,"cpufreq",672000.000000
813411794476961,5,"cpufreq",614400.000000
813411794481857,6,"cpufreq",614400.000000
813411795527013,0,"cpufreq",787200.000000
813411795529773,1,"cpufreq",787200.000000
813411795544721,5,"cpufreq",844800.000000
813411795547065,6,"cpufreq",844800.000000
813411795607169,2,"cpufreq",844800.000000
813411795609252,3,"cpufreq",844800.000000
813411795611232,4,"cpufreq",844800.000000
813411795625607,7,"cpufreq",902400.000000
813411802275034,0,"cpufreq",902400.000000
813411802277325,1,"cpufreq",902400.000000
813411802557586,5,"cpufreq",729600.000000
813411802559096,6,"cpufreq",729600.000000
813411802721544,0,"cpufreq",1017600.000000
813411802722742,1,"cpufreq",1017600.000000
813411802727534,5,"cpufreq",844800.000000
813411802728263,6,"cpufreq",844800.000000
813411802876388,0,"cpufreq",787200.000000
813411802877742,1,"cpufreq",787200.000000
813411803474669,0,"cpufreq",1344000.000000
813411803476023,1,"cpufreq",1344000.000000
813411803488263,5,"cpufreq",499200.000000
813411803489200,6,"cpufreq",499200.000000
813411804469617,0,"cpufreq",1017600.000000
813411804470659,1,"cpufreq",1017600.000000
813411804705502,0,"cpufreq",1344000.000000
813411804707377,1,"cpufreq",1344000.000000
813411805727690,0,"cpufreq",1017600.000000
813411805729148,1,"cpufreq",1017600.000000
813411807216961,0,"cpufreq",1344000.000000
813411807218263,1,"cpufreq",1344000.000000
813411808051492,0,"cpufreq",1017600.000000
813411808052482,1,"cpufreq",1017600.000000
813411808262430,0,"cpufreq",1344000.000000
813411808263940,1,"cpufreq",1344000.000000
813411808510555,0,"cpufreq",1132800.000000
813411808511492,1,"cpufreq",1132800.000000
813411808584617,0,"cpufreq",1344000.000000
813411808587325,1,"cpufreq",1344000.000000
813411808669096,0,"cpufreq",1017600.000000
813411808671336,1,"cpufreq",1017600.000000
813411809004148,0,"cpufreq",1344000.000000
813411809005242,1,"cpufreq",1344000.000000
813411809220815,0,"cpufreq",1017600.000000
813411809221700,1,"cpufreq",1017600.000000
813411809703732,0,"cpufreq",1344000.000000
813411809704877,1,"cpufreq",1344000.000000
813411809999148,0,"cpufreq",1017600.000000
813411810000555,1,"cpufreq",1017600.000000
813411810422013,0,"cpufreq",1132800.000000
813411810423315,1,"cpufreq",1132800.000000
813411810622325,0,"cpufreq",1344000.000000
813411810625138,1,"cpufreq",1344000.000000
813411810721857,0,"cpufreq",1132800.000000
813411810723575,1,"cpufreq",1132800.000000
813411811575763,0,"cpufreq",1689600.000000
813411811576961,1,"cpufreq",1689600.000000
813411811590971,5,"cpufreq",844800.000000
813411811592117,6,"cpufreq",844800.000000
813411812126648,5,"cpufreq",1075200.000000
813411812128627,6,"cpufreq",1075200.000000
813411812381232,5,"cpufreq",960000.000000
813411812382377,6,"cpufreq",960000.000000
813411818318732,5,"cpufreq",844800.000000
813411818320190,6,"cpufreq",844800.000000
813411819252273,0,"cpufreq",1574400.000000
813411819253940,1,"cpufreq",1574400.000000
813411819261284,5,"cpufreq",960000.000000
813411819263002,6,"cpufreq",960000.000000
813411820076544,0,"cpufreq",787200.000000
813411820078784,1,"cpufreq",787200.000000
813411820104825,5,"cpufreq",499200.000000
813411820108627,6,"cpufreq",499200.000000
813411822311075,0,"cpufreq",902400.000000
813411822315242,1,"cpufreq",902400.000000
813411826747221,0,"cpufreq",1248000.000000
813411826750346,1,"cpufreq",1248000.000000
813411827203523,0,"cpufreq",787200.000000
813411827205607,1,"cpufreq",787200.000000
813411830172117,5,"cpufreq",844800.000000
813411830173419,6,"cpufreq",844800.000000
813411830518159,0,"cpufreq",1132800.000000
813411830520607,1,"cpufreq",1132800.000000
813411830533211,5,"cpufreq",614400.000000
813411830535555,6,"cpufreq",614400.000000
813411830798055,0,"cpufreq",1017600.000000
813411830799096,1,"cpufreq",1017600.000000
813411835082950,5,"cpufreq",499200.000000
813411835085971,6,"cpufreq",499200.000000
813411835560398,0,"cpufreq",787200.000000
813411835562065,1,"cpufreq",787200.000000
813411839103992,5,"cpufreq",614400.000000
813411839105138,6,"cpufreq",614400.000000
813411839433107,5,"cpufreq",499200.000000
813411839436857,6,"cpufreq",499200.000000
813411841060502,0,"cpufreq",1017600.000000
813411841061127,1,"cpufreq",1017600.000000
813411843184773,0,"cpufreq",787200.000000
813411843185711,1,"cpufreq",787200.000000
813411843863627,5,"cpufreq",614400.000000
813411843867742,6,"cpufreq",614400.000000
813411847167273,2,"cpufreq",960000.000000
813411847168315,3,"cpufreq",960000.000000
813411847169148,4,"cpufreq",960000.000000
813411848283002,5,"cpufreq",729600.000000
813411848285815,6,"cpufreq",729600.000000
813411848478836,2,"cpufreq",844800.000000
813411848480398,3,"cpufreq",844800.000000
813411848481127,4,"cpufreq",844800.000000
813411851596752,5,"cpufreq",499200.000000
813411851598055,6,"cpufreq",499200.000000
813411851814513,0,"cpufreq",902400.000000
813411851818419,1,"cpufreq",902400.000000
813411853859669,0,"cpufreq",787200.000000
813411853862846,1,"cpufreq",787200.000000
813411854821805,0,"cpufreq",902400.000000
813411854822846,1,"cpufreq",902400.000000
813411855200815,0,"cpufreq",787200.000000
813411855201544,1,"cpufreq",787200.000000
813411855945763,0,"cpufreq",902400.000000
813411855946805,1,"cpufreq",902400.000000
813411856263627,0,"cpufreq",1459200.000000
813411856267013,1,"cpufreq",1459200.000000
813411856564565,0,"cpufreq",1574400.000000
813411856565815,1,"cpufreq",1574400.000000
813411859819825,0,"cpufreq",1344000.000000
813411859821909,1,"cpufreq",1344000.000000
813411860073627,0,"cpufreq",787200.000000
813411860074877,1,"cpufreq",787200.000000
813411860869096,0,"cpufreq",902400.000000
813411860870190,1,"cpufreq",902400.000000
813411861513627,0,"cpufreq",787200.000000
813411861514721,1,"cpufreq",787200.000000
813411868591284,0,"cpufreq",902400.000000
813411868595294,1,"cpufreq",902400.000000
813411868910398,0,"cpufreq",787200.000000
813411868913211,1,"cpufreq",787200.000000
813411870730294,0,"cpufreq",902400.000000
813411870731961,1,"cpufreq",902400.000000
813411871852534,0,"cpufreq",787200.000000
813411871853992,1,"cpufreq",787200.000000
813411876678315,0,"cpufreq",902400.000000
813411876681909,1,"cpufreq",902400.000000
813411880445138,0,"cpufreq",787200.000000
813411880446075,1,"cpufreq",787200.000000
813411880613992,0,"cpufreq",902400.000000
813411880614773,1,"cpufreq",902400.000000
813411880898055,5,"cpufreq",729600.000000
813411880899252,6,"cpufreq",729600.000000
813411881374357,0,"cpufreq",1017600.000000
813411881375294,1,"cpufreq",1017600.000000
813411881382794,5,"cpufreq",614400.000000
813411881383575,6,"cpufreq",614400.000000
813411881593836,0,"cpufreq",902400.000000
813411881594773,1,"cpufreq",902400.000000
813411882039825,0,"cpufreq",787200.000000
813411882043575,1,"cpufreq",787200.000000
813411882063940,5,"cpufreq",499200.000000
813411882067377,6,"cpufreq",499200.000000
813411882356700,5,"cpufreq",614400.000000
813411882361700,6,"cpufreq",614400.000000
813411884257638,5,"cpufreq",729600.000000
813411884259721,6,"cpufreq",729600.000000
813411885040763,0,"cpufreq",1017600.000000
813411885044252,1,"cpufreq",1017600.000000
813411885056857,5,"cpufreq",499200.000000
813411885061336,6,"cpufreq",499200.000000
813411888248888,0,"cpufreq",787200.000000
813411888250502,1,"cpufreq",787200.000000
813411888258732,5,"cpufreq",729600.000000
813411888260555,6,"cpufreq",729600.000000
813411888602846,5,"cpufreq",614400.000000
813411888605294,6,"cpufreq",614400.000000
813411890413523,5,"cpufreq",729600.000000
813411890414877,6,"cpufreq",729600.000000
813411892241857,5,"cpufreq",614400.000000
813411892246961,6,"cpufreq",614400.000000
813411893323159,5,"cpufreq",499200.000000
813411893327221,6,"cpufreq",499200.000000
813411896632950,0,"cpufreq",902400.000000
813411896636596,1,"cpufreq",902400.000000
813411897244825,0,"cpufreq",787200.000000
813411897245867,1,"cpufreq",787200.000000
813411897251492,5,"cpufreq",614400.000000
813411897252586,6,"cpufreq",614400.000000
813411899413055,5,"cpufreq",499200.000000
813411899413680,6,"cpufreq",499200.000000
813411903805034,5,"cpufreq",614400.000000
813411903806440,6,"cpufreq",614400.000000
813411906528471,0,"cpufreq",902400.000000
813411906529461,1,"cpufreq",902400.000000
813411907460294,0,"cpufreq",1132800.000000
813411907462377,1,"cpufreq",1132800.000000
813411907475138,5,"cpufreq",499200.000000
813411907477377,6,"cpufreq",499200.000000
813411907517586,0,"cpufreq",1344000.000000
813411907520555,1,"cpufreq",1344000.000000
813411908284513,0,"cpufreq",1132800.000000
813411908286180,1,"cpufreq",1132800.000000
813411908387273,0,"cpufreq",1344000.000000
813411908388784,1,"cpufreq",1344000.000000
813411908621284,0,"cpufreq",1248000.000000
813411908622794,1,"cpufreq",1248000.000000
813411908698159,0,"cpufreq",1344000.000000
813411908699096,1,"cpufreq",1344000.000000
813411915548679,0,"cpufreq",902400.000000
813411915549357,1,"cpufreq",902400.000000
813411918253159,0,"cpufreq",1344000.000000
813411918257429,1,"cpufreq",1344000.000000
813411921318732,0,"cpufreq",902400.000000
813411921319929,1,"cpufreq",902400.000000
813411921971700,0,"cpufreq",787200.000000
813411921972950,1,"cpufreq",787200.000000
813411922212377,0,"cpufreq",902400.000000
813411922214617,1,"cpufreq",902400.000000
813411923193992,0,"cpufreq",787200.000000
813411923196284,1,"cpufreq",787200.000000
813411923521127,5,"cpufreq",729600.000000
813411923523679,6,"cpufreq",729600.000000
813411923626075,0,"cpufreq",1574400.000000
813411923628367,1,"cpufreq",1574400.000000
813411923822482,0,"cpufreq",1459200.000000
813411923824200,1,"cpufreq",1459200.000000
813411930728784,0,"cpufreq",1574400.000000
813411930729877,1,"cpufreq",1574400.000000
813411930734669,5,"cpufreq",614400.000000
813411930735815,6,"cpufreq",614400.000000
813411931104773,0,"cpufreq",1689600.000000
813411931106075,1,"cpufreq",1689600.000000
813411932104773,0,"cpufreq",1804800.000000
813411932105815,1,"cpufreq",1804800.000000
813411932111388,5,"cpufreq",499200.000000
813411932112065,6,"cpufreq",499200.000000
813411934937377,0,"cpufreq",2150400.000000
813411934939513,1,"cpufreq",2150400.000000
813411936773107,0,"cpufreq",1804800.000000
813411936774044,1,"cpufreq",1804800.000000
813411939438836,0,"cpufreq",1017600.000000
813411939439669,1,"cpufreq",1017600.000000
813411944446179,0,"cpufreq",902400.000000
813411944451127,1,"cpufreq",902400.000000
813411946373940,0,"cpufreq",1017600.000000
813411946375398,1,"cpufreq",1017600.000000
813411946671804,5,"cpufreq",614400.000000
813411946673367,6,"cpufreq",614400.000000
813411946982742,0,"cpufreq",1248000.000000
813411946984982,1,"cpufreq",1248000.000000
813411946996961,5,"cpufreq",499200.000000
813411946998888,6,"cpufreq",499200.000000
813411947543836,0,"cpufreq",787200.000000
813411947545242,1,"cpufreq",787200.000000
813411955549982,5,"cpufreq",614400.000000
813411955552638,6,"cpufreq",614400.000000
813411955829409,5,"cpufreq",499200.000000
813411955833263,6,"cpufreq",499200.000000
813411956861700,5,"cpufreq",614400.000000
813411956863002,6,"cpufreq",614400.000000
813411960006440,5,"cpufreq",499200.000000
813411960010450,6,"cpufreq",499200.000000
813411970181232,0,"cpufreq",902400.000000
813411970185190,1,"cpufreq",902400.000000
813411970404096,0,"cpufreq",787200.000000
813411970406232,1,"cpufreq",787200.000000
813411974985190,0,"cpufreq",902400.000000
813411974986388,1,"cpufreq",902400.000000
813411975347794,0,"cpufreq",1132800.000000
813411975349929,1,"cpufreq",1132800.000000
813411975775034,0,"cpufreq",787200.000000
813411975776648,1,"cpufreq",787200.000000
813411976451544,0,"cpufreq",902400.000000
813411976453002,1,"cpufreq",902400.000000
813411978784721,0,"cpufreq",1132800.000000
813411978786909,1,"cpufreq",1132800.000000
813411979555294,0,"cpufreq",1459200.000000
813411979557586,1,"cpufreq",1459200.000000
813411979568107,5,"cpufreq",729600.000000
813411979570502,6,"cpufreq",729600.000000
813411979919044,0,"cpufreq",1344000.000000
813411979920294,1,"cpufreq",1344000.000000
813411980200294,0,"cpufreq",1248000.000000
813411980201388,1,"cpufreq",1248000.000000
813411980208732,5,"cpufreq",614400.000000
813411980209565,6,"cpufreq",614400.000000
813411980313523,0,"cpufreq",1132800.000000
813411980314877,1,"cpufreq",1132800.000000
813411980499409,0,"cpufreq",1344000.000000
813411980500450,1,"cpufreq",1344000.000000
813411980505554,5,"cpufreq",960000.000000
813411980506492,6,"cpufreq",960000.000000
813411981908732,0,"cpufreq",1017600.000000
813411981909982,1,"cpufreq",1017600.000000
813411984809096,0,"cpufreq",787200.000000
813411984812325,1,"cpufreq",787200.000000
813411984827638,5,"cpufreq",1075200.000000
813411984831023,6,"cpufreq",1075200.000000
813411985088419,0,"cpufreq",1017600.000000
813411985092117,1,"cpufreq",1017600.000000
813411985103732,5,"cpufreq",844800.000000
813411985107638,6,"cpufreq",844800.000000
813411987367742,5,"cpufreq",960000.000000
813411987369669,6,"cpufreq",960000.000000
813411987527221,0,"cpufreq",787200.000000
813411987530502,1,"cpufreq",787200.000000
813411987556232,5,"cpufreq",729600.000000
813411987559200,6,"cpufreq",729600.000000
813411987761961,5,"cpufreq",844800.000000
813411987766075,6,"cpufreq",844800.000000
813411988388627,5,"cpufreq",960000.000000
813411988390034,6,"cpufreq",960000.000000
813411988496075,0,"cpufreq",1132800.000000
813411988496752,1,"cpufreq",1132800.000000
813411988506179,5,"cpufreq",844800.000000
813411988506752,6,"cpufreq",844800.000000
813411988816492,0,"cpufreq",787200.000000
813411988817534,1,"cpufreq",787200.000000
813411989417273,5,"cpufreq",729600.000000
813411989418263,6,"cpufreq",729600.000000
813411993085919,5,"cpufreq",614400.000000
813411993087482,6,"cpufreq",614400.000000
813411993327742,0,"cpufreq",1132800.000000
813411993331127,1,"cpufreq",1132800.000000
813411995451648,0,"cpufreq",902400.000000
813411995452846,1,"cpufreq",902400.000000
813411996279357,0,"cpufreq",787200.000000
813411996280294,1,"cpufreq",787200.000000
813411996288732,5,"cpufreq",844800.000000
813411996289669,6,"cpufreq",844800.000000
813411997281596,5,"cpufreq",729600.000000
813411997283367,6,"cpufreq",729600.000000
813411997712169,5,"cpufreq",844800.000000
813411997713211,6,"cpufreq",844800.000000
813411998184252,5,"cpufreq",729600.000000
813411998188159,6,"cpufreq",729600.000000
813411998782690,5,"cpufreq",844800.000000
813411998786909,6,"cpufreq",844800.000000
813412004998992,5,"cpufreq",729600.000000
813412005001596,6,"cpufreq",729600.000000
813412005534929,0,"cpufreq",902400.000000
813412005536336,1,"cpufreq",902400.000000
813412006698211,0,"cpufreq",787200.000000
813412006700607,1,"cpufreq",787200.000000
813412008316440,0,"cpufreq",902400.000000
813412008319825,1,"cpufreq",902400.000000
813412009275659,0,"cpufreq",787200.000000
813412009276648,1,"cpufreq",787200.000000
813412009680138,0,"cpufreq",902400.000000
813412009681023,1,"cpufreq",902400.000000
813412009952690,5,"cpufreq",499200.000000
813412009956752,6,"cpufreq",499200.000000
813412011477377,0,"cpufreq",1344000.000000
813412011479409,1,"cpufreq",1344000.000000
813412011490138,5,"cpufreq",729600.000000
813412011493002,6,"cpufreq",729600.000000
813412013645867,0,"cpufreq",1132800.000000
813412013647117,1,"cpufreq",1132800.000000
813412013821596,0,"cpufreq",1344000.000000
813412013823002,1,"cpufreq",1344000.000000
813412015110086,0,"cpufreq",1132800.000000
813412015112117,1,"cpufreq",1132800.000000
813412016377898,0,"cpufreq",1344000.000000
813412016380502,1,"cpufreq",1344000.000000
813412016391544,5,"cpufreq",614400.000000
813412016394044,6,"cpufreq",614400.000000
813412019395346,0,"cpufreq",902400.000000
813412019396857,1,"cpufreq",902400.000000
813412019405815,5,"cpufreq",499200.000000
813412019407898,6,"cpufreq",499200.000000
813412021518784,0,"cpufreq",787200.000000
813412021519721,1,"cpufreq",787200.000000
813412021526961,5,"cpufreq",729600.000000
813412021527898,6,"cpufreq",729600.000000
813412021869982,5,"cpufreq",614400.000000
813412021872638,6,"cpufreq",614400.000000
813412023006284,5,"cpufreq",729600.000000
813412023008315,6,"cpufreq",729600.000000
813412024533679,0,"cpufreq",902400.000000
813412024534825,1,"cpufreq",902400.000000
813412026270294,0,"cpufreq",1132800.000000
813412026272586,1,"cpufreq",1132800.000000
813412026528679,0,"cpufreq",1248000.000000
813412026529929,1,"cpufreq",1248000.000000
813412026535763,5,"cpufreq",499200.000000
813412026536909,6,"cpufreq",499200.000000
813412027137586,0,"cpufreq",1132800.000000
813412027139357,1,"cpufreq",1132800.000000
813412027531075,0,"cpufreq",1344000.000000
813412027534357,1,"cpufreq",1344000.000000
813412029134877,5,"cpufreq",614400.000000
813412029135867,6,"cpufreq",614400.000000
813412029600763,0,"cpufreq",1459200.000000
813412029601857,1,"cpufreq",1459200.000000
813412034839669,0,"cpufreq",1804800.000000
813412034841857,1,"cpufreq",1804800.000000
813412034851700,5,"cpufreq",499200.000000
813412034853888,6,"cpufreq",499200.000000
813412035398263,0,"cpufreq",902400.000000
813412035399409,1,"cpufreq",902400.000000
813412038478523,0,"cpufreq",787200.000000
813412038479669,1,"cpufreq",787200.000000
813412038488732,5,"cpufreq",614400.000000
813412038489513,6,"cpufreq",614400.000000
813412038828159,5,"cpufreq",499200.000000
813412038831804,6,"cpufreq",499200.000000
813412039292325,5,"cpufreq",614400.000000
813412039293732,6,"cpufreq",614400.000000
813412040416388,5,"cpufreq",499200.000000
813412040420815,6,"cpufreq",499200.000000
813412051997846,0,"cpufreq",672000.000000
813412052001127,1,"cpufreq",672000.000000
813412052028211,2,"cpufreq",614400.000000
813412052030554,3,"cpufreq",614400.000000
813412052033732,4,"cpufreq",614400.000000
813412052064565,7,"cpufreq",672000.000000
813412060794357,0,"cpufreq",1132800.000000
813412060797325,1,"cpufreq",1132800.000000
813412061669044,0,"cpufreq",1804800.000000
813412061670659,1,"cpufreq",1804800.000000
813412063302117,0,"cpufreq",1132800.000000
813412063303784,1,"cpufreq",1132800.000000
813412063313679,5,"cpufreq",614400.000000
813412063314669,6,"cpufreq",614400.000000
813412063521804,0,"cpufreq",787200.000000
813412063523315,1,"cpufreq",787200.000000
813412063530294,5,"cpufreq",499200.000000
813412063531388,6,"cpufreq",499200.000000
813412076257429,0,"cpufreq",672000.000000
813412076258836,1,"cpufreq",672000.000000
813412077185086,0,"cpufreq",902400.000000
813412077189617,1,"cpufreq",902400.000000
813412078636388,0,"cpufreq",672000.000000
813412078638211,1,"cpufreq",672000.000000
813412102705711,5,"cpufreq",614400.000000
813412102706961,6,"cpufreq",614400.000000
813412103574409,5,"cpufreq",499200.000000
813412103576336,6,"cpufreq",499200.000000
813412106171752,0,"cpufreq",902400.000000
813412106173211,1,"cpufreq",902400.000000
813412106290815,0,"cpufreq",672000.000000
813412106291909,1,"cpufreq",672000.000000
813412107433784,5,"cpufreq",614400.000000
813412107435502,6,"cpufreq",614400.000000
813412109510242,5,"cpufreq",499200.000000
813412109514565,6,"cpufreq",499200.000000
813412140469669,0,"cpufreq",902400.000000
813412140474044,1,"cpufreq",902400.000000
813412140700346,0,"cpufreq",1132800.000000
813412140702534,1,"cpufreq",1132800.000000
813412140911388,0,"cpufreq",1017600.000000
813412140912690,1,"cpufreq",1017600.000000
813412141978419,0,"cpufreq",787200.000000
813412141980242,1,"cpufreq",787200.000000
813412143440971,0,"cpufreq",672000.000000
813412143446127,1,"cpufreq",672000.000000
813412147560659,0,"cpufreq",1459200.000000
813412147563523,1,"cpufreq",1459200.000000
813412147596492,5,"cpufreq",1075200.000000
813412147599356,6,"cpufreq",1075200.000000
813412148524200,0,"cpufreq",1804800.000000
813412148526231,1,"cpufreq",1804800.000000
813412148990606,0,"cpufreq",1459200.000000
813412148991752,1,"cpufreq",1459200.000000
813412149343940,5,"cpufreq",729600.000000
813412149345606,6,"cpufreq",729600.000000
813412149493054,5,"cpufreq",844800.000000
813412149494252,6,"cpufreq",844800.000000
813412153407221,5,"cpufreq",729600.000000
813412153408679,6,"cpufreq",729600.000000
813412153560659,5,"cpufreq",844800.000000
813412153563419,6,"cpufreq",844800.000000
813412155577950,0,"cpufreq",1017600.000000
813412155579148,1,"cpufreq",1017600.000000
813412155597221,5,"cpufreq",499200.000000
813412155598940,6,"cpufreq",499200.000000
813412163424409,0,"cpufreq",672000.000000
813412163427325,1,"cpufreq",672000.000000
813412170028419,0,"cpufreq",902400.000000
813412170030971,1,"cpufreq",902400.000000
813412172224669,0,"cpufreq",672000.000000
813412172228419,1,"cpufreq",672000.000000
813412195933575,0,"cpufreq",787200.000000
813412195936127,1,"cpufreq",787200.000000
813412195959461,2,"cpufreq",844800.000000
813412195962742,3,"cpufreq",844800.000000
813412195965138,4,"cpufreq",844800.000000
813412195994721,7,"cpufreq",902400.000000
813412199084565,0,"cpufreq",1017600.000000
813412199088159,1,"cpufreq",1017600.000000
813412201490919,0,"cpufreq",787200.000000
813412201492429,1,"cpufreq",787200.000000
813412203482534,0,"cpufreq",672000.000000
813412203485815,1,"cpufreq",672000.000000
813412203510450,2,"cpufreq",614400.000000
813412203514096,3,"cpufreq",614400.000000
813412203517638,4,"cpufreq",614400.000000
813412203550086,7,"cpufreq",672000.000000
813412220078159,0,"cpufreq",902400.000000
813412220080971,1,"cpufreq",902400.000000
813412220609252,0,"cpufreq",672000.000000
813412220611336,1,"cpufreq",672000.000000
813412291505763,0,"cpufreq",1344000.000000
813412291509721,1,"cpufreq",1344000.000000
813412299465919,0,"cpufreq",672000.000000
813412299467325,1,"cpufreq",672000.000000
813412301285138,0,"cpufreq",1017600.000000
813412301289877,1,"cpufreq",1017600.000000
813412301958106,0,"cpufreq",672000.000000
813412301959669,1,"cpufreq",672000.000000
813412302563992,0,"cpufreq",902400.000000
813412302569200,1,"cpufreq",902400.000000
813412302733471,0,"cpufreq",672000.000000
813412302735190,1,"cpufreq",672000.000000
813412302882325,0,"cpufreq",1017600.000000
813412302886596,1,"cpufreq",1017600.000000
813412303043523,0,"cpufreq",672000.000000
813412303045190,1,"cpufreq",672000.000000
813412306233211,0,"cpufreq",902400.000000
813412306237325,1,"cpufreq",902400.000000
813412307084565,0,"cpufreq",672000.000000
813412307086284,1,"cpufreq",672000.000000
813412307232742,0,"cpufreq",1132800.000000
813412307236856,1,"cpufreq",1132800.000000
813412307517429,0,"cpufreq",672000.000000
813412307518575,1,"cpufreq",672000.000000
813412307533888,5,"cpufreq",614400.000000
813412307535346,6,"cpufreq",614400.000000
813412315687013,0,"cpufreq",787200.000000
813412315691961,1,"cpufreq",787200.000000
813412315726336,5,"cpufreq",499200.000000
813412315734565,6,"cpufreq",499200.000000
813412324225398,0,"cpufreq",672000.000000
813412324228888,1,"cpufreq",672000.000000
813412354843002,2,"cpufreq",1190400.000000
813412354844565,3,"cpufreq",1190400.000000
813412354845867,4,"cpufreq",1190400.000000
813412363918523,2,"cpufreq",614400.000000
813412363919773,3,"cpufreq",614400.000000
813412363920294,4,"cpufreq",614400.000000
813412411689096,0,"cpufreq",1132800.000000
813412411693627,1,"cpufreq",1132800.000000
813412411753783,0,"cpufreq",1344000.000000
813412411756596,1,"cpufreq",1344000.000000
813412419764877,0,"cpufreq",1017600.000000
813412419766856,1,"cpufreq",1017600.000000
813412431165919,0,"cpufreq",672000.000000
813412431168523,1,"cpufreq",672000.000000
813412501962690,5,"cpufreq",729600.000000
813412501964356,6,"cpufreq",729600.000000
813412502876908,5,"cpufreq",499200.000000
813412502879096,6,"cpufreq",499200.000000
813412587830242,0,"cpufreq",787200.000000
813412587833106,1,"cpufreq",787200.000000
813412595727533,0,"cpufreq",672000.000000
813412595732481,1,"cpufreq",672000.000000
813412602878679,0,"cpufreq",1248000.000000
813412602883419,1,"cpufreq",1248000.000000
813412603400867,0,"cpufreq",1017600.000000
813412603402273,1,"cpufreq",1017600.000000
813412603772065,0,"cpufreq",1344000.000000
813412603775085,1,"cpufreq",1344000.000000
813412603896388,0,"cpufreq",787200.000000
813412603898263,1,"cpufreq",787200.000000
813412605586075,0,"cpufreq",672000.000000
813412605588679,1,"cpufreq",672000.000000
813412606368158,0,"cpufreq",1132800.000000
813412606369513,1,"cpufreq",1132800.000000
813412606629981,0,"cpufreq",902400.000000
813412606631856,1,"cpufreq",902400.000000
813412607922065,0,"cpufreq",787200.000000
813412607923731,1,"cpufreq",787200.000000
813412608124356,0,"cpufreq",1459200.000000
813412608125502,1,"cpufreq",1459200.000000
813412608727429,0,"cpufreq",1248000.000000
813412608729096,1,"cpufreq",1248000.000000
813412609470867,0,"cpufreq",1344000.000000
813412609473002,1,"cpufreq",1344000.000000
813412609898054,0,"cpufreq",1248000.000000
813412609899669,1,"cpufreq",1248000.000000
813412610153731,5,"cpufreq",614400.000000
813412610154981,6,"cpufreq",614400.000000
813412610303002,5,"cpufreq",499200.000000
813412610304669,6,"cpufreq",499200.000000
813412610424513,0,"cpufreq",672000.000000
813412610425971,1,"cpufreq",672000.000000
813412610597638,0,"cpufreq",1248000.000000
813412610598679,1,"cpufreq",1248000.000000
813412610699200,0,"cpufreq",1459200.000000
813412610701544,1,"cpufreq",1459200.000000
813412610803106,0,"cpufreq",672000.000000
813412610804669,1,"cpufreq",672000.000000
813412610811544,5,"cpufreq",729600.000000
813412610812481,6,"cpufreq",729600.000000
813412611459617,5,"cpufreq",1190400.000000
813412611461648,6,"cpufreq",1190400.000000
813412611511023,0,"cpufreq",1344000.000000
813412611512846,1,"cpufreq",1344000.000000
813412611578471,0,"cpufreq",1017600.000000
813412611579513,1,"cpufreq",1017600.000000
813412616197325,0,"cpufreq",1132800.000000
813412616198940,1,"cpufreq",1132800.000000
813412619488679,0,"cpufreq",672000.000000
813412619490190,1,"cpufreq",672000.000000
813412619524044,5,"cpufreq",499200.000000
813412619526908,6,"cpufreq",499200.000000
813412628234356,0,"cpufreq",1344000.000000
813412628237013,1,"cpufreq",1344000.000000
813412629277013,0,"cpufreq",1017600.000000
813412629278419,1,"cpufreq",1017600.000000
813412629405085,0,"cpufreq",1344000.000000
813412629407846,1,"cpufreq",1344000.000000
813412631709721,5,"cpufreq",614400.000000
813412631711908,6,"cpufreq",614400.000000
813412632239981,0,"cpufreq",1017600.000000
813412632241908,1,"cpufreq",1017600.000000
813412632250971,5,"cpufreq",844800.000000
813412632252221,6,"cpufreq",844800.000000
813412632418367,5,"cpufreq",729600.000000
813412632421335,6,"cpufreq",729600.000000
813412632575242,0,"cpufreq",1344000.000000
813412632576960,1,"cpufreq",1344000.000000
813412632585502,5,"cpufreq",499200.000000
813412632587742,6,"cpufreq",499200.000000
813412632781335,5,"cpufreq",960000.000000
813412632782481,6,"cpufreq",960000.000000
813412633160190,0,"cpufreq",1017600.000000
813412633161179,1,"cpufreq",1017600.000000
813412633169044,5,"cpufreq",614400.000000
813412633169877,6,"cpufreq",614400.000000
813412633764565,0,"cpufreq",1344000.000000
813412633766127,1,"cpufreq",1344000.000000
813412633771492,5,"cpufreq",729600.000000
813412633772325,6,"cpufreq",729600.000000
813412636206283,0,"cpufreq",672000.000000
813412636208679,1,"cpufreq",672000.000000
813412636230033,5,"cpufreq",499200.000000
813412636232221,6,"cpufreq",499200.000000
813412671582117,2,"cpufreq",2707200.000000
813412671585398,3,"cpufreq",2707200.000000
813412671587690,4,"cpufreq",2707200.000000
813412675715346,2,"cpufreq",1824000.000000
813412675719825,3,"cpufreq",1824000.000000
813412675723419,4,"cpufreq",1824000.000000
813412677206648,2,"cpufreq",1190400.000000
813412677207481,3,"cpufreq",1190400.000000
813412677208002,4,"cpufreq",1190400.000000
813412678251075,2,"cpufreq",2188800.000000
813412678252221,3,"cpufreq",2188800.000000
813412678252690,4,"cpufreq",2188800.000000
813412683427585,2,"cpufreq",2246400.000000
813412683427950,3,"cpufreq",2246400.000000
813412683428471,4,"cpufreq",2246400.000000
813412687803210,2,"cpufreq",2707200.000000
813412687803888,3,"cpufreq",2707200.000000
813412687804200,4,"cpufreq",2707200.000000
813412690780033,2,"cpufreq",2630400.000000
813412690780606,3,"cpufreq",2630400.000000
813412690780815,4,"cpufreq",2630400.000000
813412691882585,2,"cpufreq",2707200.000000
813412691882898,3,"cpufreq",2707200.000000
813412691883158,4,"cpufreq",2707200.000000
813412699296127,5,"cpufreq",614400.000000
813412699297325,6,"cpufreq",614400.000000
813412699500554,2,"cpufreq",1612800.000000
813412699501804,3,"cpufreq",1612800.000000
813412699502638,4,"cpufreq",1612800.000000
813412699509044,5,"cpufreq",499200.000000
813412699509773,6,"cpufreq",499200.000000
813412700696492,0,"cpufreq",787200.000000
813412700700867,1,"cpufreq",787200.000000
813412700804565,0,"cpufreq",672000.000000
813412700807638,1,"cpufreq",672000.000000
813412700835346,2,"cpufreq",1286400.000000
813412700838835,3,"cpufreq",1286400.000000
813412700842273,4,"cpufreq",1286400.000000
813412701165658,5,"cpufreq",614400.000000
813412701168679,6,"cpufreq",614400.000000
813412701477794,5,"cpufreq",844800.000000
813412701479356,6,"cpufreq",844800.000000
813412701624773,0,"cpufreq",902400.000000
813412701627273,1,"cpufreq",902400.000000
813412701638731,5,"cpufreq",499200.000000
813412701641179,6,"cpufreq",499200.000000
813412701741752,2,"cpufreq",2188800.000000
813412701743002,3,"cpufreq",2188800.000000
813412701743888,4,"cpufreq",2188800.000000
813412702082846,2,"cpufreq",2515200.000000
813412702083315,3,"cpufreq",2515200.000000
813412702083731,4,"cpufreq",2515200.000000
813412705221596,0,"cpufreq",672000.000000
813412705223783,1,"cpufreq",672000.000000
813412707435502,0,"cpufreq",902400.000000
813412707436075,1,"cpufreq",902400.000000
813412707444252,2,"cpufreq",844800.000000
813412707444513,3,"cpufreq",844800.000000
813412707444773,4,"cpufreq",844800.000000
813412716209252,0,"cpufreq",672000.000000
813412716212221,1,"cpufreq",672000.000000
813412716228054,2,"cpufreq",614400.000000
813412716235033,3,"cpufreq",614400.000000
813412716240502,4,"cpufreq",614400.000000
813412723529929,2,"cpufreq",729600.000000
813412723531335,3,"cpufreq",729600.000000
813412723532533,4,"cpufreq",729600.000000
813412731956960,0,"cpufreq",1804800.000000
813412731958002,1,"cpufreq",1804800.000000
813412731964513,2,"cpufreq",614400.000000
813412731966023,3,"cpufreq",614400.000000
813412731966752,4,"cpufreq",614400.000000
813412733326700,2,"cpufreq",844800.000000
813412733328263,3,"cpufreq",844800.000000
813412733329148,4,"cpufreq",844800.000000
813412740253523,2,"cpufreq",614400.000000
813412740255138,3,"cpufreq",614400.000000
813412740256440,4,"cpufreq",614400.000000
813412744729148,5,"cpufreq",844800.000000
813412744730971,6,"cpufreq",844800.000000
813412748184981,5,"cpufreq",499200.000000
813412748186023,6,"cpufreq",499200.000000
813412748441960,0,"cpufreq",672000.000000
813412748443002,1,"cpufreq",672000.000000
813412748454513,2,"cpufreq",2707200.000000
813412748455658,3,"cpufreq",2707200.000000
813412748456544,4,"cpufreq",2707200.000000
813412761952533,0,"cpufreq",1248000.000000
813412761955502,1,"cpufreq",1248000.000000
813412762024825,0,"cpufreq",1459200.000000
813412762026804,1,"cpufreq",1459200.000000
813412764213940,0,"cpufreq",787200.000000
813412764216335,1,"cpufreq",787200.000000
813412764230398,2,"cpufreq",960000.000000
813412764232065,3,"cpufreq",960000.000000
813412764233679,4,"cpufreq",960000.000000
813412769380138,0,"cpufreq",902400.000000
813412769381283,1,"cpufreq",902400.000000
813412770000398,0,"cpufreq",1017600.000000
813412770003419,1,"cpufreq",1017600.000000
813412770326075,5,"cpufreq",614400.000000
813412770328367,6,"cpufreq",614400.000000
813412770752846,0,"cpufreq",1132800.000000
813412770754044,1,"cpufreq",1132800.000000
813412770761492,5,"cpufreq",844800.000000
813412770762325,6,"cpufreq",844800.000000
813412771650606,0,"cpufreq",1804800.000000
813412771653367,1,"cpufreq",1804800.000000
813412771666908,2,"cpufreq",614400.000000
813412771669044,3,"cpufreq",614400.000000
813412771671127,4,"cpufreq",614400.000000
813412771687065,5,"cpufreq",499200.000000
813412771689304,6,"cpufreq",499200.000000
813412796170190,0,"cpufreq",787200.000000
813412796171908,1,"cpufreq",787200.000000
813412804464148,0,"cpufreq",672000.000000
813412804473627,1,"cpufreq",672000.000000
813412811498262,0,"cpufreq",1344000.000000
813412811501023,1,"cpufreq",1344000.000000
813412821248992,0,"cpufreq",672000.000000
813412821251179,1,"cpufreq",672000.000000
813412877510085,0,"cpufreq",1248000.000000
813412877512794,1,"cpufreq",1248000.000000
813412878951023,0,"cpufreq",1804800.000000
813412878954512,1,"cpufreq",1804800.000000
813412880140710,0,"cpufreq",672000.000000
813412880142273,1,"cpufreq",672000.000000
813412880622481,0,"cpufreq",1132800.000000
813412880625137,1,"cpufreq",1132800.000000
813412880974877,0,"cpufreq",672000.000000
813412880976283,1,"cpufreq",672000.000000
813412883464200,0,"cpufreq",1017600.000000
813412883466648,1,"cpufreq",1017600.000000
813412889424721,0,"cpufreq",787200.000000
813412889427585,1,"cpufreq",787200.000000
813412890080867,0,"cpufreq",672000.000000
813412890082221,1,"cpufreq",672000.000000
813412894598471,5,"cpufreq",614400.000000
813412894599981,6,"cpufreq",614400.000000
813412894767012,0,"cpufreq",902400.000000
813412894768262,1,"cpufreq",902400.000000
813412894775137,5,"cpufreq",499200.000000
813412894776179,6,"cpufreq",499200.000000
813412894963992,0,"cpufreq",1017600.000000
813412894965190,1,"cpufreq",1017600.000000
813412895106544,0,"cpufreq",672000.000000
813412895108106,1,"cpufreq",672000.000000
813412896645762,5,"cpufreq",614400.000000
813412896647742,6,"cpufreq",614400.000000
813412896908158,5,"cpufreq",499200.000000
813412896909877,6,"cpufreq",499200.000000
813412897579252,5,"cpufreq",729600.000000
813412897580710,6,"cpufreq",729600.000000
813412898457950,5,"cpufreq",499200.000000
813412898459773,6,"cpufreq",499200.000000
813412898639356,0,"cpufreq",1132800.000000
813412898642429,1,"cpufreq",1132800.000000
813412898749044,0,"cpufreq",672000.000000
813412898750450,1,"cpufreq",672000.000000
813412898761752,5,"cpufreq",614400.000000
813412898763419,6,"cpufreq",614400.000000
813412899245554,5,"cpufreq",499200.000000
813412899247585,6,"cpufreq",499200.000000
813412899490398,5,"cpufreq",1075200.000000
813412899493106,6,"cpufreq",1075200.000000
813412905201648,0,"cpufreq",1344000.000000
813412905202950,1,"cpufreq",1344000.000000
813412905258210,5,"cpufreq",499200.000000
813412905259252,6,"cpufreq",499200.000000
813412905698419,0,"cpufreq",1459200.000000
813412905699721,1,"cpufreq",1459200.000000
813412906417429,0,"cpufreq",1804800.000000
813412906418835,1,"cpufreq",1804800.000000
813412907449565,0,"cpufreq",1574400.000000
813412907450762,1,"cpufreq",1574400.000000
813412907475710,5,"cpufreq",729600.000000
813412907477898,6,"cpufreq",729600.000000
813412916240190,0,"cpufreq",672000.000000
813412916241596,1,"cpufreq",672000.000000
813412916259304,5,"cpufreq",499200.000000
813412916260242,6,"cpufreq",499200.000000
813412937004565,2,"cpufreq",2323200.000000
813412937006440,3,"cpufreq",2323200.000000
813412937007429,4,"cpufreq",2323200.000000
813412937384929,5,"cpufreq",614400.000000
813412937386023,6,"cpufreq",614400.000000
813412937443835,0,"cpufreq",902400.000000
813412937444304,1,"cpufreq",902400.000000
813412937873887,5,"cpufreq",499200.000000
813412937874408,6,"cpufreq",499200.000000
813412938253471,2,"cpufreq",614400.000000
813412938254304,3,"cpufreq",614400.000000
813412938254565,4,"cpufreq",614400.000000
813412938541127,2,"cpufreq",2323200.000000
813412938544408,3,"cpufreq",2323200.000000
813412938545606,4,"cpufreq",2323200.000000
813412940185346,2,"cpufreq",844800.000000
813412940187117,3,"cpufreq",844800.000000
813412940188054,4,"cpufreq",844800.000000
813412940200710,7,"cpufreq",902400.000000
813412944181908,0,"cpufreq",1132800.000000
813412944183262,1,"cpufreq",1132800.000000
813412947769721,2,"cpufreq",1612800.000000
813412947771283,3,"cpufreq",1612800.000000
813412947772012,4,"cpufreq",1612800.000000
813412953876075,5,"cpufreq",844800.000000
813412953877221,6,"cpufreq",844800.000000
813412956181596,0,"cpufreq",787200.000000
813412956184304,1,"cpufreq",787200.000000
813412956206492,2,"cpufreq",2707200.000000
813412956208471,3,"cpufreq",2707200.000000
813412956210450,4,"cpufreq",2707200.000000
813412956224565,5,"cpufreq",499200.000000
813412956226856,6,"cpufreq",499200.000000
813412957532690,0,"cpufreq",1132800.000000
813412957536283,1,"cpufreq",1132800.000000
813412963243940,0,"cpufreq",787200.000000
813412963245606,1,"cpufreq",787200.000000
813412964518992,5,"cpufreq",614400.000000
813412964520398,6,"cpufreq",614400.000000
813412964823471,5,"cpufreq",499200.000000
813412964824721,6,"cpufreq",499200.000000
813412966000398,5,"cpufreq",614400.000000
813412966001596,6,"cpufreq",614400.000000
813412966240502,5,"cpufreq",499200.000000
813412966244096,6,"cpufreq",499200.000000
813412972798158,0,"cpufreq",1132800.000000
813412972801387,1,"cpufreq",1132800.000000
813412980164200,0,"cpufreq",672000.000000
813412980166700,1,"cpufreq",672000.000000
813412980181752,2,"cpufreq",614400.000000
813412980186335,3,"cpufreq",614400.000000
813412980190919,4,"cpufreq",614400.000000
813412980214356,7,"cpufreq",672000.000000
813413006405137,0,"cpufreq",902400.000000
813413006407898,1,"cpufreq",902400.000000
813413007146179,0,"cpufreq",672000.000000
813413007148314,1,"cpufreq",672000.000000
813413008768262,0,"cpufreq",1574400.000000
813413008772429,1,"cpufreq",1574400.000000
813413008900346,0,"cpufreq",1804800.000000
813413008904252,1,"cpufreq",1804800.000000
813413009792481,0,"cpufreq",672000.000000
813413009794356,1,"cpufreq",672000.000000
813413009934096,0,"cpufreq",1459200.000000
813413009939460,1,"cpufreq",1459200.000000
813413011914929,0,"cpufreq",1344000.000000
813413011917898,1,"cpufreq",1344000.000000
813413017308262,0,"cpufreq",1132800.000000
813413017309617,1,"cpufreq",1132800.000000
813413022912169,0,"cpufreq",672000.000000
813413022914669,1,"cpufreq",672000.000000
813413088182117,0,"cpufreq",1574400.000000
813413088188210,1,"cpufreq",1574400.000000
813413090848523,0,"cpufreq",672000.000000
813413090850554,1,"cpufreq",672000.000000
813413091414773,0,"cpufreq",1344000.000000
813413091416439,1,"cpufreq",1344000.000000
813413095900867,0,"cpufreq",1804800.000000
813413095903054,1,"cpufreq",1804800.000000
813413099572742,0,"cpufreq",1248000.000000
813413099574669,1,"cpufreq",1248000.000000
813413099595502,5,"cpufreq",960000.000000
813413099596960,6,"cpufreq",960000.000000
813413099826075,0,"cpufreq",1017600.000000
813413099827325,1,"cpufreq",1017600.000000
813413100228106,0,"cpufreq",902400.000000
813413100229773,1,"cpufreq",902400.000000
813413100240033,2,"cpufreq",729600.000000
813413100240971,3,"cpufreq",729600.000000
813413100241752,4,"cpufreq",729600.000000
813413104509096,0,"cpufreq",1248000.000000
813413104510085,1,"cpufreq",1248000.000000
813413104519200,2,"cpufreq",614400.000000
813413104519721,3,"cpufreq",614400.000000
813413104520242,4,"cpufreq",614400.000000
813413105373262,0,"cpufreq",1344000.000000
813413105374721,1,"cpufreq",1344000.000000
813413106162117,0,"cpufreq",1132800.000000
813413106163210,1,"cpufreq",1132800.000000
813413106169773,5,"cpufreq",1075200.000000
813413106170606,6,"cpufreq",1075200.000000
813413106389200,0,"cpufreq",902400.000000
813413106390085,1,"cpufreq",902400.000000
813413106396231,5,"cpufreq",1190400.000000
813413106396908,6,"cpufreq",1190400.000000
813413107480137,0,"cpufreq",672000.000000
813413107481023,1,"cpufreq",672000.000000
813413108116335,0,"cpufreq",787200.000000
813413108121179,1,"cpufreq",787200.000000
813413111956596,0,"cpufreq",672000.000000
813413111957377,1,"cpufreq",672000.000000
813413116321492,0,"cpufreq",787200.000000
813413116322273,1,"cpufreq",787200.000000
813413116434252,2,"cpufreq",1497600.000000
813413116435502,3,"cpufreq",1497600.000000
813413116436075,4,"cpufreq",1497600.000000
813413116443210,5,"cpufreq",1075200.000000
813413116443887,6,"cpufreq",1075200.000000
813413116565606,2,"cpufreq",1920000.000000
813413116566231,3,"cpufreq",1920000.000000
813413116566648,4,"cpufreq",1920000.000000
813413116571127,5,"cpufreq",729600.000000
813413116572012,6,"cpufreq",729600.000000
813413116745346,0,"cpufreq",672000.000000
813413116746596,1,"cpufreq",672000.000000
813413116753627,5,"cpufreq",614400.000000
813413116754564,6,"cpufreq",614400.000000
813413117594877,2,"cpufreq",2188800.000000
813413117595346,3,"cpufreq",2188800.000000
813413117595658,4,"cpufreq",2188800.000000
813413119125658,2,"cpufreq",2131200.000000
813413119126075,3,"cpufreq",2131200.000000
813413119126439,4,"cpufreq",2131200.000000
813413122464564,0,"cpufreq",787200.000000
813413122467533,1,"cpufreq",787200.000000
813413122626544,2,"cpufreq",960000.000000
813413122629981,3,"cpufreq",960000.000000
813413122634044,4,"cpufreq",960000.000000
813413122920242,0,"cpufreq",1017600.000000
813413122923106,1,"cpufreq",1017600.000000
813413122981023,2,"cpufreq",614400.000000
813413122982689,3,"cpufreq",614400.000000
813413122984252,4,"cpufreq",614400.000000
813413123200554,2,"cpufreq",1497600.000000
813413123202273,3,"cpufreq",1497600.000000
813413123204356,4,"cpufreq",1497600.000000
813413123691127,0,"cpufreq",1344000.000000
813413123691596,1,"cpufreq",1344000.000000
813413123702846,5,"cpufreq",499200.000000
813413123703158,6,"cpufreq",499200.000000
813413125605137,0,"cpufreq",672000.000000
813413125606439,1,"cpufreq",672000.000000
813413125616231,5,"cpufreq",844800.000000
813413125617273,6,"cpufreq",844800.000000
813413125674460,0,"cpufreq",1804800.000000
813413125681700,1,"cpufreq",1804800.000000
813413125805242,2,"cpufreq",614400.000000
813413125806856,3,"cpufreq",614400.000000
813413125808419,4,"cpufreq",614400.000000
813413131518679,0,"cpufreq",1574400.000000
813413131519721,1,"cpufreq",1574400.000000
813413131535867,5,"cpufreq",499200.000000
813413131537169,6,"cpufreq",499200.000000
813413136432325,0,"cpufreq",1804800.000000
813413136434200,1,"cpufreq",1804800.000000
813413136549721,0,"cpufreq",1574400.000000
813413136550814,1,"cpufreq",1574400.000000
813413139568679,0,"cpufreq",902400.000000
813413139570710,1,"cpufreq",902400.000000
813413145231387,0,"cpufreq",1017600.000000
813413145235398,1,"cpufreq",1017600.000000
813413148183783,0,"cpufreq",902400.000000
813413148186544,1,"cpufreq",902400.000000
813413148330398,0,"cpufreq",1017600.000000
813413148331439,1,"cpufreq",1017600.000000
813413156287846,0,"cpufreq",1132800.000000
813413156291492,1,"cpufreq",1132800.000000
813413164219773,0,"cpufreq",672000.000000
813413164221544,1,"cpufreq",672000.000000
813413164244669,5,"cpufreq",1190400.000000
813413164246544,6,"cpufreq",1190400.000000
813413176723262,0,"cpufreq",902400.000000
813413176724148,1,"cpufreq",902400.000000
813413176753939,0,"cpufreq",1344000.000000
813413176754617,1,"cpufreq",1344000.000000
813413176980189,0,"cpufreq",1017600.000000
813413176980867,1,"cpufreq",1017600.000000
813413177061179,0,"cpufreq",672000.000000
813413177061752,1,"cpufreq",672000.000000
813413179568523,0,"cpufreq",787200.000000
813413179569252,1,"cpufreq",787200.000000
813413179578835,2,"cpufreq",844800.000000
813413179579408,3,"cpufreq",844800.000000
813413179579929,4,"cpufreq",844800.000000
813413179589044,7,"cpufreq",902400.000000
813413187691596,0,"cpufreq",1804800.000000
813413187692742,1,"cpufreq",1804800.000000
813413187702377,2,"cpufreq",614400.000000
813413187703210,3,"cpufreq",614400.000000
813413187703783,4,"cpufreq",614400.000000
813413187711439,5,"cpufreq",499200.000000
813413187712429,6,"cpufreq",499200.000000
813413187718471,7,"cpufreq",672000.000000
813413189959304,0,"cpufreq",1132800.000000
813413189960971,1,"cpufreq",1132800.000000
813413192492950,0,"cpufreq",1574400.000000
813413192494825,1,"cpufreq",1574400.000000
813413193087117,0,"cpufreq",1689600.000000
813413193089148,1,"cpufreq",1689600.000000
813413193513419,0,"cpufreq",902400.000000
813413193515294,1,"cpufreq",902400.000000
813413196267637,0,"cpufreq",1804800.000000
813413196270085,1,"cpufreq",1804800.000000
813413196289460,2,"cpufreq",844800.000000
813413196291231,3,"cpufreq",844800.000000
813413196293002,4,"cpufreq",844800.000000
813413196315033,7,"cpufreq",902400.000000
813413203514877,2,"cpufreq",614400.000000
813413203516075,3,"cpufreq",614400.000000
813413203516960,4,"cpufreq",614400.000000
813413203529617,7,"cpufreq",672000.000000
813413220172950,0,"cpufreq",787200.000000
813413220175346,1,"cpufreq",787200.000000
813413228228366,0,"cpufreq",672000.000000
813413228232169,1,"cpufreq",672000.000000
813413233329773,0,"cpufreq",1689600.000000
813413233332481,1,"cpufreq",1689600.000000
813413236470658,0,"cpufreq",672000.000000
813413236472377,1,"cpufreq",672000.000000
813413300803366,0,"cpufreq",787200.000000
813413300806335,1,"cpufreq",787200.000000
813413308224252,0,"cpufreq",672000.000000
813413308228419,1,"cpufreq",672000.000000
813413308342637,0,"cpufreq",1248000.000000
813413308346283,1,"cpufreq",1248000.000000
813413322737533,0,"cpufreq",672000.000000
813413322740346,1,"cpufreq",672000.000000
813413345356023,0,"cpufreq",787200.000000
813413345358627,1,"cpufreq",787200.000000
813413345898939,0,"cpufreq",672000.000000
813413345901387,1,"cpufreq",672000.000000
813413349154408,5,"cpufreq",614400.000000
813413349157741,6,"cpufreq",614400.000000
813413349371752,5,"cpufreq",499200.000000
813413349373002,6,"cpufreq",499200.000000
813413349422325,0,"cpufreq",1017600.000000
813413349426856,1,"cpufreq",1017600.000000
813413349520710,0,"cpufreq",672000.000000
813413349523627,1,"cpufreq",672000.000000
813413349538471,5,"cpufreq",614400.000000
813413349541804,6,"cpufreq",614400.000000
813413349803210,5,"cpufreq",499200.000000
813413349804304,6,"cpufreq",499200.000000
813413356422377,0,"cpufreq",787200.000000
813413356424044,1,"cpufreq",787200.000000
813413358396127,0,"cpufreq",672000.000000
813413358397325,1,"cpufreq",672000.000000
813413358946648,5,"cpufreq",960000.000000
813413358947741,6,"cpufreq",960000.000000
813413359299721,5,"cpufreq",614400.000000
813413359303991,6,"cpufreq",614400.000000
813413359587585,0,"cpufreq",787200.000000
813413359591387,1,"cpufreq",787200.000000
813413359603054,5,"cpufreq",499200.000000
813413359606752,6,"cpufreq",499200.000000
813413360359929,0,"cpufreq",672000.000000
813413360361127,1,"cpufreq",672000.000000
813413360370241,5,"cpufreq",614400.000000
813413360371335,6,"cpufreq",614400.000000
813413360563575,0,"cpufreq",787200.000000
813413360567377,1,"cpufreq",787200.000000
813413360583158,5,"cpufreq",499200.000000
813413360587012,6,"cpufreq",499200.000000
813413361104304,0,"cpufreq",672000.000000
813413361105398,1,"cpufreq",672000.000000
813413361113210,5,"cpufreq",614400.000000
813413361114825,6,"cpufreq",614400.000000
813413365975554,0,"cpufreq",787200.000000
813413365977794,1,"cpufreq",787200.000000
813413365991856,2,"cpufreq",844800.000000
813413365992794,3,"cpufreq",844800.000000
813413365993627,4,"cpufreq",844800.000000
813413366004408,5,"cpufreq",499200.000000
813413366005502,6,"cpufreq",499200.000000
813413366016075,7,"cpufreq",902400.000000
813413373827169,0,"cpufreq",672000.000000
813413373828523,1,"cpufreq",672000.000000
813413373840554,2,"cpufreq",614400.000000
813413373841283,3,"cpufreq",614400.000000
813413373843679,4,"cpufreq",614400.000000
813413373862325,7,"cpufreq",672000.000000
813413400585814,0,"cpufreq",787200.000000
813413400588679,1,"cpufreq",787200.000000
813413402056283,0,"cpufreq",1132800.000000
813413402058523,1,"cpufreq",1132800.000000
813413402675398,0,"cpufreq",1459200.000000
813413402677064,1,"cpufreq",1459200.000000
813413403453835,0,"cpufreq",672000.000000
813413403455294,1,"cpufreq",672000.000000
813413411507741,0,"cpufreq",1344000.000000
813413411513523,1,"cpufreq",1344000.000000
813413412419096,5,"cpufreq",960000.000000
813413412422273,6,"cpufreq",960000.000000
813413419760294,0,"cpufreq",672000.000000
813413419762741,1,"cpufreq",672000.000000
813413419801335,5,"cpufreq",499200.000000
813413419806544,6,"cpufreq",499200.000000
813413500407481,0,"cpufreq",787200.000000
813413500410346,1,"cpufreq",787200.000000
813413510007898,0,"cpufreq",672000.000000
813413510011387,1,"cpufreq",672000.000000
813413600921648,0,"cpufreq",787200.000000
813413600925398,1,"cpufreq",787200.000000
813413603537793,0,"cpufreq",672000.000000
813413603540085,1,"cpufreq",672000.000000
813413607264408,0,"cpufreq",1017600.000000
813413607268991,1,"cpufreq",1017600.000000
813413608234096,0,"cpufreq",672000.000000
813413608238106,1,"cpufreq",672000.000000
813413610616596,0,"cpufreq",787200.000000
813413610620658,1,"cpufreq",787200.000000
813413611452585,0,"cpufreq",1344000.000000
813413611456283,1,"cpufreq",1344000.000000
813413620178523,0,"cpufreq",902400.000000
813413620180762,1,"cpufreq",902400.000000
813413627503835,0,"cpufreq",672000.000000
813413627506648,1,"cpufreq",672000.000000
813413643416023,0,"cpufreq",1344000.000000
813413643419043,1,"cpufreq",1344000.000000
813413646819929,5,"cpufreq",844800.000000
813413646821075,6,"cpufreq",844800.000000
813413651916804,0,"cpufreq",672000.000000
813413651918887,1,"cpufreq",672000.000000
813413651946283,5,"cpufreq",614400.000000
813413651953314,6,"cpufreq",614400.000000
813413659519512,5,"cpufreq",499200.000000
813413659523054,6,"cpufreq",499200.000000
813413737220345,5,"cpufreq",960000.000000
813413737222689,6,"cpufreq",960000.000000
813413737936752,5,"cpufreq",729600.000000
813413737937741,6,"cpufreq",729600.000000
813413738046179,0,"cpufreq",902400.000000
813413738049095,1,"cpufreq",902400.000000
813413738511439,5,"cpufreq",1190400.000000
813413738513158,6,"cpufreq",1190400.000000
813413738575398,5,"cpufreq",729600.000000
813413738576491,6,"cpufreq",729600.000000
813413738646960,0,"cpufreq",1248000.000000
813413738650137,1,"cpufreq",1248000.000000
813413739154981,5,"cpufreq",1190400.000000
813413739156075,6,"cpufreq",1190400.000000
813413739208991,0,"cpufreq",1017600.000000
813413739210762,1,"cpufreq",1017600.000000
813413739612325,0,"cpufreq",672000.000000
813413739615398,1,"cpufreq",672000.000000
813413739648418,5,"cpufreq",499200.000000
813413739652950,6,"cpufreq",499200.000000
813413806442064,0,"cpufreq",902400.000000
813413806445866,1,"cpufreq",902400.000000
813413807467168,0,"cpufreq",787200.000000
813413807468887,1,"cpufreq",787200.000000
813413808434773,0,"cpufreq",672000.000000
813413808436752,1,"cpufreq",672000.000000
813413809054616,0,"cpufreq",1248000.000000
813413809056543,1,"cpufreq",1248000.000000
813413809923991,0,"cpufreq",1017600.000000
813413809925710,1,"cpufreq",1017600.000000
813413811229148,0,"cpufreq",672000.000000
813413811230762,1,"cpufreq",672000.000000
813413811393418,0,"cpufreq",787200.000000
813413811394773,1,"cpufreq",787200.000000
813413811404512,5,"cpufreq",614400.000000
813413811405606,6,"cpufreq",614400.000000
813413811964460,5,"cpufreq",499200.000000
813413811965762,6,"cpufreq",499200.000000
813413812782845,0,"cpufreq",902400.000000
813413812785033,1,"cpufreq",902400.000000
813413819716804,0,"cpufreq",672000.000000
813413819720241,1,"cpufreq",672000.000000
813413865917116,0,"cpufreq",787200.000000
813413865920918,1,"cpufreq",787200.000000
813413876190189,0,"cpufreq",672000.000000
813413876192689,1,"cpufreq",672000.000000
813413989883262,5,"cpufreq",614400.000000
813413989885866,6,"cpufreq",614400.000000
813413990017064,5,"cpufreq",960000.000000
813413990018575,6,"cpufreq",960000.000000
813413990091543,5,"cpufreq",1190400.000000
813413990092429,6,"cpufreq",1190400.000000
813413990310814,5,"cpufreq",960000.000000
813413990315450,6,"cpufreq",960000.000000
813413990393470,5,"cpufreq",1190400.000000
813413990394408,6,"cpufreq",1190400.000000
813413990717637,7,"cpufreq",2246400.000000
813413990827325,2,"cpufreq",2707200.000000
813413990828002,3,"cpufreq",2707200.000000
813413990829043,4,"cpufreq",2707200.000000
813413991636179,0,"cpufreq",1689600.000000
813413991640241,1,"cpufreq",1689600.000000
813413991992481,0,"cpufreq",1804800.000000
813413991993262,1,"cpufreq",1804800.000000
813413993009616,0,"cpufreq",672000.000000
813413993011491,1,"cpufreq",672000.000000
813413994370189,5,"cpufreq",499200.000000
813413994374408,6,"cpufreq",499200.000000
813413994619877,5,"cpufreq",614400.000000
813413994623679,6,"cpufreq",614400.000000
813413995256543,7,"cpufreq",672000.000000
813413995862429,0,"cpufreq",902400.000000
813413995866283,1,"cpufreq",902400.000000
813413995886700,2,"cpufreq",729600.000000
813413995890189,3,"cpufreq",729600.000000
813413995893627,4,"cpufreq",729600.000000
813413995908314,5,"cpufreq",1190400.000000
813413995911856,6,"cpufreq",1190400.000000
813414004199877,0,"cpufreq",787200.000000
813414004203210,1,"cpufreq",787200.000000
813414004218783,2,"cpufreq",614400.000000
813414004221960,3,"cpufreq",614400.000000
813414004224929,4,"cpufreq",614400.000000
813414004237116,5,"cpufreq",499200.000000
813414004240554,6,"cpufreq",499200.000000
813414009747689,5,"cpufreq",729600.000000
813414009749252,6,"cpufreq",729600.000000
813414010600397,5,"cpufreq",499200.000000
813414010602116,6,"cpufreq",499200.000000
813414010994200,2,"cpufreq",2707200.000000
813414010997637,3,"cpufreq",2707200.000000
813414011000554,4,"cpufreq",2707200.000000
813414011508522,0,"cpufreq",672000.000000
813414011510762,1,"cpufreq",672000.000000
813414015319304,0,"cpufreq",902400.000000
813414015322064,1,"cpufreq",902400.000000
813414017555345,5,"cpufreq",614400.000000
813414017557689,6,"cpufreq",614400.000000
813414018354043,5,"cpufreq",499200.000000
813414018355710,6,"cpufreq",499200.000000
813414018809981,5,"cpufreq",614400.000000
813414018812272,6,"cpufreq",614400.000000
813414019014356,5,"cpufreq",499200.000000
813414019017741,6,"cpufreq",499200.000000
813414019299668,5,"cpufreq",729600.000000
813414019301700,6,"cpufreq",729600.000000
813414019425918,0,"cpufreq",1344000.000000
813414019426543,1,"cpufreq",1344000.000000
813414027654200,5,"cpufreq",960000.000000
813414027654929,6,"cpufreq",960000.000000
813414027668262,0,"cpufreq",1689600.000000
813414027668522,1,"cpufreq",1689600.000000
813414035426700,0,"cpufreq",1804800.000000
813414035428366,1,"cpufreq",1804800.000000
813414035477845,2,"cpufreq",960000.000000
813414035479200,3,"cpufreq",960000.000000
813414035480502,4,"cpufreq",960000.000000
813414035489668,5,"cpufreq",729600.000000
813414035491283,6,"cpufreq",729600.000000
813414036452845,5,"cpufreq",960000.000000
813414036455241,6,"cpufreq",960000.000000
813414044120137,2,"cpufreq",614400.000000
813414044121335,3,"cpufreq",614400.000000
813414044124929,4,"cpufreq",614400.000000
813414044134564,5,"cpufreq",499200.000000
813414044136022,6,"cpufreq",499200.000000
813414044303783,0,"cpufreq",672000.000000
813414044305502,1,"cpufreq",672000.000000
813414044312377,2,"cpufreq",1075200.000000
813414044313731,3,"cpufreq",1075200.000000
813414044315345,4,"cpufreq",1075200.000000
813414044950970,2,"cpufreq",1401600.000000
813414044951908,3,"cpufreq",1401600.000000
813414044952533,4,"cpufreq",1401600.000000
813414050769252,2,"cpufreq",1920000.000000
813414050769929,3,"cpufreq",1920000.000000
813414050770397,4,"cpufreq",1920000.000000
813414051786856,2,"cpufreq",2131200.000000
813414051787689,3,"cpufreq",2131200.000000
813414051788106,4,"cpufreq",2131200.000000
813414053347220,2,"cpufreq",1708800.000000
813414053349616,3,"cpufreq",1708800.000000
813414053350970,4,"cpufreq",1708800.000000
813414054414252,0,"cpufreq",1017600.000000
813414054418366,1,"cpufreq",1017600.000000
813414056318470,0,"cpufreq",672000.000000
813414056320814,1,"cpufreq",672000.000000
813414060213262,2,"cpufreq",2323200.000000
813414060214408,3,"cpufreq",2323200.000000
813414060214772,4,"cpufreq",2323200.000000
813414062178731,2,"cpufreq",2380800.000000
813414062179460,3,"cpufreq",2380800.000000
813414062179772,4,"cpufreq",2380800.000000
813414064213210,2,"cpufreq",2707200.000000
813414064213575,3,"cpufreq",2707200.000000
813414064213835,4,"cpufreq",2707200.000000
813414083423262,0,"cpufreq",1344000.000000
813414083423887,1,"cpufreq",1344000.000000
813414091432950,0,"cpufreq",1689600.000000
813414091433314,1,"cpufreq",1689600.000000
813414099383574,0,"cpufreq",1804800.000000
813414099384043,1,"cpufreq",1804800.000000
813414105708002,5,"cpufreq",614400.000000
813414105710397,6,"cpufreq",614400.000000
813414105939147,5,"cpufreq",499200.000000
813414105941439,6,"cpufreq",499200.000000
813414107434929,5,"cpufreq",844800.000000
813414107435502,6,"cpufreq",844800.000000
813414108284877,0,"cpufreq",672000.000000
813414108286647,1,"cpufreq",672000.000000
813414112312116,5,"cpufreq",729600.000000
813414112315345,6,"cpufreq",729600.000000
813414113533991,5,"cpufreq",844800.000000
813414113535658,6,"cpufreq",844800.000000
813414114078106,0,"cpufreq",1344000.000000
813414114081179,1,"cpufreq",1344000.000000
813414114229929,7,"cpufreq",1132800.000000
813414114287481,5,"cpufreq",1190400.000000
813414114288158,6,"cpufreq",1190400.000000
813414114429408,0,"cpufreq",787200.000000
813414114430658,1,"cpufreq",787200.000000
813414114439772,2,"cpufreq",2131200.000000
813414114441439,3,"cpufreq",2131200.000000
813414114442220,4,"cpufreq",2131200.000000
813414114447220,5,"cpufreq",844800.000000
813414114448262,6,"cpufreq",844800.000000
813414114495710,0,"cpufreq",672000.000000
813414114496283,1,"cpufreq",672000.000000
813414115355189,0,"cpufreq",902400.000000
813414115361699,1,"cpufreq",902400.000000
813414115433262,2,"cpufreq",2707200.000000
813414115435189,3,"cpufreq",2707200.000000
813414115437012,4,"cpufreq",2707200.000000
813414115465918,5,"cpufreq",499200.000000
813414115466699,6,"cpufreq",499200.000000
813414115470137,7,"cpufreq",672000.000000
813414115528002,0,"cpufreq",672000.000000
813414115529095,1,"cpufreq",672000.000000
813414116588418,5,"cpufreq",614400.000000
813414116589564,6,"cpufreq",614400.000000
813414117056543,5,"cpufreq",844800.000000
813414117060033,6,"cpufreq",844800.000000
813414117905658,5,"cpufreq",499200.000000
813414117909877,6,"cpufreq",499200.000000
813414123442324,0,"cpufreq",787200.000000
813414123443783,1,"cpufreq",787200.000000
813414131411647,0,"cpufreq",672000.000000
813414131412064,1,"cpufreq",672000.000000
813414200964668,5,"cpufreq",844800.000000
813414200966179,6,"cpufreq",844800.000000
813414203946335,2,"cpufreq",1920000.000000
813414203949199,3,"cpufreq",1920000.000000
813414203951595,4,"cpufreq",1920000.000000
813414203965554,5,"cpufreq",499200.000000
813414203968054,6,"cpufreq",499200.000000
813414207981491,0,"cpufreq",787200.000000
813414207982793,1,"cpufreq",787200.000000
813414208209199,0,"cpufreq",672000.000000
813414208212064,1,"cpufreq",672000.000000
813414211476804,0,"cpufreq",1344000.000000
813414211478835,1,"cpufreq",1344000.000000
813414211492897,2,"cpufreq",614400.000000
813414211494252,3,"cpufreq",614400.000000
813414211495293,4,"cpufreq",614400.000000
813414211606491,0,"cpufreq",1132800.000000
813414211608522,1,"cpufreq",1132800.000000
813414212251647,0,"cpufreq",902400.000000
813414212254095,1,"cpufreq",902400.000000
813414212417585,0,"cpufreq",1132800.000000
813414212421283,1,"cpufreq",1132800.000000
813414212541752,0,"cpufreq",1017600.000000
813414212544304,1,"cpufreq",1017600.000000
813414212669981,0,"cpufreq",902400.000000
813414212672429,1,"cpufreq",902400.000000
813414212681335,5,"cpufreq",614400.000000
813414212684720,6,"cpufreq",614400.000000
813414220355762,0,"cpufreq",672000.000000
813414220357168,1,"cpufreq",672000.000000
813414220371127,5,"cpufreq",499200.000000
813414220372585,6,"cpufreq",499200.000000
813414303584720,0,"cpufreq",787200.000000
813414303588731,1,"cpufreq",787200.000000
813414303811022,0,"cpufreq",672000.000000
813414303814460,1,"cpufreq",672000.000000
813414304045814,0,"cpufreq",1017600.000000
813414304050554,1,"cpufreq",1017600.000000
813414308496856,0,"cpufreq",672000.000000
813414308498731,1,"cpufreq",672000.000000
813414371577429,0,"cpufreq",787200.000000
813414371579460,1,"cpufreq",787200.000000
813414376382845,0,"cpufreq",672000.000000
813414376386751,1,"cpufreq",672000.000000
813414410921804,0,"cpufreq",787200.000000
813414410926231,1,"cpufreq",787200.000000
813414411185918,0,"cpufreq",672000.000000
813414411188262,1,"cpufreq",672000.000000
813414455572116,0,"cpufreq",787200.000000
813414455576283,1,"cpufreq",787200.000000
813414455758158,0,"cpufreq",672000.000000
813414455761491,1,"cpufreq",672000.000000
813414606797949,0,"cpufreq",1017600.000000
813414606801126,1,"cpufreq",1017600.000000
813414608435345,0,"cpufreq",672000.000000
813414608437793,1,"cpufreq",672000.000000
813414611448106,0,"cpufreq",787200.000000
813414611449876,1,"cpufreq",787200.000000
813414612573001,0,"cpufreq",672000.000000
813414612575345,1,"cpufreq",672000.000000
813414612883991,0,"cpufreq",787200.000000
813414612887272,1,"cpufreq",787200.000000
813414613443835,0,"cpufreq",1017600.000000
813414613446126,1,"cpufreq",1017600.000000
813414614969147,2,"cpufreq",2131200.000000
813414614971751,3,"cpufreq",2131200.000000
813414614974095,4,"cpufreq",2131200.000000
813414615655293,0,"cpufreq",1344000.000000
813414615655710,1,"cpufreq",1344000.000000
813414620186960,0,"cpufreq",672000.000000
813414620189199,1,"cpufreq",672000.000000
813414620201387,2,"cpufreq",614400.000000
813414620204720,3,"cpufreq",614400.000000
813414620206439,4,"cpufreq",614400.000000
813414624872168,0,"cpufreq",902400.000000
813414624876283,1,"cpufreq",902400.000000
813414625001751,0,"cpufreq",1689600.000000
813414625004981,1,"cpufreq",1689600.000000
813414625282949,0,"cpufreq",672000.000000
813414625284095,1,"cpufreq",672000.000000
813414643165606,5,"cpufreq",729600.000000
813414643167324,6,"cpufreq",729600.000000
813414643450970,5,"cpufreq",499200.000000
813414643451908,6,"cpufreq",499200.000000
813414692250085,5,"cpufreq",729600.000000
813414692255501,6,"cpufreq",729600.000000
813414700237220,5,"cpufreq",960000.000000
813414700240501,6,"cpufreq",960000.000000
813414707813991,5,"cpufreq",1190400.000000
813414707815033,6,"cpufreq",1190400.000000
813414716602376,5,"cpufreq",499200.000000
813414716603106,6,"cpufreq",499200.000000
813414758047689,2,"cpufreq",2707200.000000
813414758049043,3,"cpufreq",2707200.000000
813414758050189,4,"cpufreq",2707200.000000
813414764300189,2,"cpufreq",614400.000000
813414764304720,3,"cpufreq",614400.000000
813414764308210,4,"cpufreq",614400.000000
813414806077116,0,"cpufreq",902400.000000
813414806081230,1,"cpufreq",902400.000000
813414807683053,0,"cpufreq",672000.000000
813414807685241,1,"cpufreq",672000.000000
813414808862897,0,"cpufreq",787200.000000
813414808866074,1,"cpufreq",787200.000000
813414811646751,0,"cpufreq",902400.000000
813414811650397,1,"cpufreq",902400.000000
813414812306491,0,"cpufreq",672000.000000
813414812308783,1,"cpufreq",672000.000000
813414813285345,0,"cpufreq",787200.000000
813414813289616,1,"cpufreq",787200.000000
813414813485189,0,"cpufreq",672000.000000
813414813487480,1,"cpufreq",672000.000000
813414813497897,5,"cpufreq",614400.000000
813414813499251,6,"cpufreq",614400.000000
813414813693470,5,"cpufreq",499200.000000
813414813697376,6,"cpufreq",499200.000000
813414823266699,5,"cpufreq",614400.000000
813414823269199,6,"cpufreq",614400.000000
813414827458574,5,"cpufreq",499200.000000
813414827464043,6,"cpufreq",499200.000000
813414833349980,0,"cpufreq",1804800.000000
813414833353053,1,"cpufreq",1804800.000000
813414833530501,0,"cpufreq",672000.000000
813414833532949,1,"cpufreq",672000.000000
813414833544824,5,"cpufreq",844800.000000
813414833546126,6,"cpufreq",844800.000000
813414833770085,5,"cpufreq",499200.000000
813414833772168,6,"cpufreq",499200.000000
813414837591126,0,"cpufreq",1344000.000000
813414837593158,1,"cpufreq",1344000.000000
813414844208366,0,"cpufreq",1132800.000000
813414844212012,1,"cpufreq",1132800.000000
813414847739251,0,"cpufreq",1459200.000000
813414847741178,1,"cpufreq",1459200.000000
813414847973939,0,"cpufreq",1132800.000000
813414847975970,1,"cpufreq",1132800.000000
813414851439980,0,"cpufreq",1459200.000000
813414851442689,1,"cpufreq",1459200.000000
813414854214355,5,"cpufreq",729600.000000
813414854215970,6,"cpufreq",729600.000000
813414855849043,5,"cpufreq",499200.000000
813414855850605,6,"cpufreq",499200.000000
813414860174512,0,"cpufreq",1017600.000000
813414860176647,1,"cpufreq",1017600.000000
813414860185085,5,"cpufreq",729600.000000
813414860186335,6,"cpufreq",729600.000000
813414861222793,0,"cpufreq",902400.000000
813414861224460,1,"cpufreq",902400.000000
813414861383210,0,"cpufreq",672000.000000
813414861385241,1,"cpufreq",672000.000000
813414861614980,0,"cpufreq",787200.000000
813414861620605,1,"cpufreq",787200.000000
813414862341647,0,"cpufreq",902400.000000
813414862345970,1,"cpufreq",902400.000000
813414863153366,0,"cpufreq",787200.000000
813414863154720,1,"cpufreq",787200.000000
813414864189408,0,"cpufreq",902400.000000
813414864193366,1,"cpufreq",902400.000000
813414867589824,0,"cpufreq",1017600.000000
813414867592845,1,"cpufreq",1017600.000000
813414867604043,5,"cpufreq",499200.000000
813414867607168,6,"cpufreq",499200.000000
813414875971074,0,"cpufreq",672000.000000
813414875973991,1,"cpufreq",672000.000000
813414904787585,0,"cpufreq",1017600.000000
813414904791647,1,"cpufreq",1017600.000000
813414904852064,0,"cpufreq",1132800.000000
813414904856283,1,"cpufreq",1132800.000000
813414906270449,0,"cpufreq",672000.000000
813414906273835,1,"cpufreq",672000.000000
813414907521178,0,"cpufreq",1344000.000000
813414907523887,1,"cpufreq",1344000.000000
813414907634824,0,"cpufreq",902400.000000
813414907638626,1,"cpufreq",902400.000000
813414909010970,0,"cpufreq",787200.000000
813414909012637,1,"cpufreq",787200.000000
813414909604147,0,"cpufreq",902400.000000
813414909608053,1,"cpufreq",902400.000000
813414915435553,0,"cpufreq",787200.000000
813414915438366,1,"cpufreq",787200.000000
813414924403366,0,"cpufreq",672000.000000
813414924408158,1,"cpufreq",672000.000000
813414929074824,0,"cpufreq",1132800.000000
813414929077533,1,"cpufreq",1132800.000000
813414932235501,0,"cpufreq",672000.000000
813414932238053,1,"cpufreq",672000.000000
813414937614824,0,"cpufreq",1132800.000000
813414937616595,1,"cpufreq",1132800.000000
813414939075397,0,"cpufreq",672000.000000
813414939077324,1,"cpufreq",672000.000000
813414939506751,0,"cpufreq",902400.000000
813414939511126,1,"cpufreq",902400.000000
813414947663418,0,"cpufreq",672000.000000
813414947665710,1,"cpufreq",672000.000000
813414961707428,5,"cpufreq",614400.000000
813414961710449,6,"cpufreq",614400.000000
813414962085553,5,"cpufreq",499200.000000
813414962087637,6,"cpufreq",499200.000000
813414963733574,2,"cpufreq",1075200.000000
813414963735658,3,"cpufreq",1075200.000000
813414963737064,4,"cpufreq",1075200.000000
813414967364616,0,"cpufreq",787200.000000
813414967366178,1,"cpufreq",787200.000000
813414969294408,5,"cpufreq",614400.000000
813414969297220,6,"cpufreq",614400.000000
813414970290397,5,"cpufreq",499200.000000
813414970291647,6,"cpufreq",499200.000000
813414972282376,0,"cpufreq",1344000.000000
813414972289512,1,"cpufreq",1344000.000000
813414972309772,2,"cpufreq",844800.000000
813414972312741,3,"cpufreq",844800.000000
813414972315710,4,"cpufreq",844800.000000
813414972334512,5,"cpufreq",729600.000000
813414972337168,6,"cpufreq",729600.000000
813414972348991,7,"cpufreq",902400.000000
813414972462585,5,"cpufreq",844800.000000
813414972464720,6,"cpufreq",844800.000000
813414980156491,0,"cpufreq",1804800.000000
813414980157637,1,"cpufreq",1804800.000000
813414980165918,2,"cpufreq",614400.000000
813414980166699,3,"cpufreq",614400.000000
813414980167272,4,"cpufreq",614400.000000
813414980171387,5,"cpufreq",499200.000000
813414980172064,6,"cpufreq",499200.000000
813414980178626,7,"cpufreq",672000.000000
813414984527272,0,"cpufreq",1689600.000000
813414984528574,1,"cpufreq",1689600.000000
813414988346751,0,"cpufreq",1459200.000000
813414988348574,1,"cpufreq",1459200.000000
813414996197897,0,"cpufreq",672000.000000
813414996200814,1,"cpufreq",672000.000000
813415003796751,0,"cpufreq",1132800.000000
813415003801178,1,"cpufreq",1132800.000000
813415003891022,0,"cpufreq",902400.000000
813415003893157,1,"cpufreq",902400.000000
813415006194824,0,"cpufreq",672000.000000
813415006198157,1,"cpufreq",672000.000000
813415011587116,0,"cpufreq",902400.000000
813415011592064,1,"cpufreq",902400.000000
813415012419616,0,"cpufreq",1017600.000000
813415012421699,1,"cpufreq",1017600.000000
813415020132793,0,"cpufreq",672000.000000
813415020135710,1,"cpufreq",672000.000000
813415028999512,0,"cpufreq",1017600.000000
813415029002064,1,"cpufreq",1017600.000000
813415044184512,0,"cpufreq",672000.000000
813415044187585,1,"cpufreq",672000.000000
813415086778105,0,"cpufreq",1017600.000000
813415086782428,1,"cpufreq",1017600.000000
813415087201699,0,"cpufreq",672000.000000
813415087203418,1,"cpufreq",672000.000000
813415088632220,5,"cpufreq",614400.000000
813415088633887,6,"cpufreq",614400.000000
813415088841126,5,"cpufreq",499200.000000
813415088845293,6,"cpufreq",499200.000000
813415092455189,0,"cpufreq",787200.000000
813415092459407,1,"cpufreq",787200.000000
813415100162480,0,"cpufreq",672000.000000
813415100166960,1,"cpufreq",672000.000000
813415134713678,0,"cpufreq",1689600.000000
813415134716751,1,"cpufreq",1689600.000000
813415136215293,0,"cpufreq",672000.000000
813415136217324,1,"cpufreq",672000.000000
813415136263470,0,"cpufreq",1804800.000000
813415136266282,1,"cpufreq",1804800.000000
813415136823626,0,"cpufreq",672000.000000
813415136825137,1,"cpufreq",672000.000000
813415136841491,0,"cpufreq",1804800.000000
813415136842428,1,"cpufreq",1804800.000000
813415137522741,0,"cpufreq",1689600.000000
813415137525085,1,"cpufreq",1689600.000000
813415139481543,0,"cpufreq",1574400.000000
813415139482845,1,"cpufreq",1574400.000000
813415148181022,0,"cpufreq",1804800.000000
813415148183314,1,"cpufreq",1804800.000000
813415164327637,0,"cpufreq",672000.000000
813415164329199,1,"cpufreq",672000.000000
813415164342793,2,"cpufreq",1401600.000000
813415164344147,3,"cpufreq",1401600.000000
813415164349460,4,"cpufreq",1401600.000000
813415172192897,2,"cpufreq",1612800.000000
813415172195710,3,"cpufreq",1612800.000000
813415172198053,4,"cpufreq",1612800.000000
813415177260814,2,"cpufreq",1708800.000000
813415177261855,3,"cpufreq",1708800.000000
813415177262376,4,"cpufreq",1708800.000000
813415180209720,2,"cpufreq",2035200.000000
813415180213835,3,"cpufreq",2035200.000000
813415180217272,4,"cpufreq",2035200.000000
813415188189303,2,"cpufreq",1401600.000000
813415188193887,3,"cpufreq",1401600.000000
813415188197428,4,"cpufreq",1401600.000000
813415196276178,0,"cpufreq",787200.000000
813415196280657,1,"cpufreq",787200.000000
813415196302116,2,"cpufreq",844800.000000
813415196306387,3,"cpufreq",844800.000000
813415196310553,4,"cpufreq",844800.000000
813415196343678,7,"cpufreq",902400.000000
813415202625397,0,"cpufreq",902400.000000
813415202627845,1,"cpufreq",902400.000000
813415203616126,0,"cpufreq",787200.000000
813415203618105,1,"cpufreq",787200.000000
813415203677168,2,"cpufreq",614400.000000
813415203679251,3,"cpufreq",614400.000000
813415203681230,4,"cpufreq",614400.000000
813415203699564,7,"cpufreq",672000.000000
813415204267012,5,"cpufreq",614400.000000
813415204269407,6,"cpufreq",614400.000000
813415204786595,0,"cpufreq",672000.000000
813415204790397,1,"cpufreq",672000.000000
813415205582220,5,"cpufreq",499200.000000
813415205584303,6,"cpufreq",499200.000000
813415205995449,0,"cpufreq",902400.000000
813415205997376,1,"cpufreq",902400.000000
813415206085553,0,"cpufreq",1017600.000000
813415206086907,1,"cpufreq",1017600.000000
813415206347845,0,"cpufreq",1132800.000000
813415206350397,1,"cpufreq",1132800.000000
813415207378522,0,"cpufreq",672000.000000
813415207380918,1,"cpufreq",672000.000000
813415211469407,0,"cpufreq",902400.000000
813415211473991,1,"cpufreq",902400.000000
813415219701387,0,"cpufreq",672000.000000
813415219703470,1,"cpufreq",672000.000000
813415230847532,0,"cpufreq",787200.000000
813415230851439,1,"cpufreq",787200.000000
813415232034564,0,"cpufreq",672000.000000
813415232038001,1,"cpufreq",672000.000000
813415234521230,0,"cpufreq",1248000.000000
813415234524199,1,"cpufreq",1248000.000000
813415235613366,0,"cpufreq",902400.000000
813415235614980,1,"cpufreq",902400.000000
813415245690970,0,"cpufreq",672000.000000
813415245692845,1,"cpufreq",672000.000000
813415371543887,0,"cpufreq",787200.000000
813415371548053,1,"cpufreq",787200.000000
813415371577532,2,"cpufreq",844800.000000
813415371581543,3,"cpufreq",844800.000000
813415371584512,4,"cpufreq",844800.000000
813415371608939,7,"cpufreq",902400.000000
813415379947949,0,"cpufreq",672000.000000
813415379952168,1,"cpufreq",672000.000000
813415379975657,2,"cpufreq",614400.000000
813415379979147,3,"cpufreq",614400.000000
813415379983418,4,"cpufreq",614400.000000
813415380014512,7,"cpufreq",672000.000000
813415401029720,0,"cpufreq",1804800.000000
813415401031282,1,"cpufreq",1804800.000000
813415404275293,0,"cpufreq",672000.000000
813415404276803,1,"cpufreq",672000.000000
813415412216803,0,"cpufreq",787200.000000
813415412220866,1,"cpufreq",787200.000000
813415419534980,2,"cpufreq",844800.000000
813415419537689,3,"cpufreq",844800.000000
813415419539772,4,"cpufreq",844800.000000
813415419557011,7,"cpufreq",902400.000000
813415428211595,0,"cpufreq",672000.000000
813415428214928,1,"cpufreq",672000.000000
813415428235241,2,"cpufreq",614400.000000
813415428240189,3,"cpufreq",614400.000000
813415428243626,4,"cpufreq",614400.000000
813415428265605,7,"cpufreq",672000.000000
813415489856907,0,"cpufreq",1804800.000000
813415489861230,1,"cpufreq",1804800.000000
813415491407272,0,"cpufreq",672000.000000
813415491408366,1,"cpufreq",672000.000000
813415491569720,0,"cpufreq",1017600.000000
813415491575189,1,"cpufreq",1017600.000000
813415492447741,0,"cpufreq",1248000.000000
813415492450761,1,"cpufreq",1248000.000000
813415500419251,0,"cpufreq",787200.000000
813415500421543,1,"cpufreq",787200.000000
813415508187689,0,"cpufreq",672000.000000
813415508191386,1,"cpufreq",672000.000000
813415527095814,5,"cpufreq",614400.000000
813415527097636,6,"cpufreq",614400.000000
813415528449355,5,"cpufreq",499200.000000
813415528453418,6,"cpufreq",499200.000000
813415529589043,0,"cpufreq",1132800.000000
813415529593261,1,"cpufreq",1132800.000000
813415529676230,0,"cpufreq",672000.000000
813415529679251,1,"cpufreq",672000.000000
813415530639355,0,"cpufreq",1132800.000000
813415530642116,1,"cpufreq",1132800.000000
813415530833418,0,"cpufreq",672000.000000
813415530835553,1,"cpufreq",672000.000000
813415531700032,0,"cpufreq",787200.000000
813415531702116,1,"cpufreq",787200.000000
813415540189720,0,"cpufreq",672000.000000
813415540194043,1,"cpufreq",672000.000000
813415607936907,0,"cpufreq",787200.000000
813415607939876,1,"cpufreq",787200.000000
813415608436230,0,"cpufreq",672000.000000
813415608438470,1,"cpufreq",672000.000000
813415611530293,0,"cpufreq",1344000.000000
813415611534355,1,"cpufreq",1344000.000000
813415620188418,0,"cpufreq",672000.000000
813415620190345,1,"cpufreq",672000.000000
813415623254824,5,"cpufreq",614400.000000
813415623257845,6,"cpufreq",614400.000000
813415623682793,5,"cpufreq",729600.000000
813415623684668,6,"cpufreq",729600.000000
813415624725449,0,"cpufreq",787200.000000
813415624728209,1,"cpufreq",787200.000000
813415624967428,0,"cpufreq",672000.000000
813415624969199,1,"cpufreq",672000.000000
813415624979616,5,"cpufreq",844800.000000
813415624980709,6,"cpufreq",844800.000000
813415625097793,5,"cpufreq",960000.000000
813415625099043,6,"cpufreq",960000.000000
813415625538834,5,"cpufreq",1075200.000000
813415625543157,6,"cpufreq",1075200.000000
813415626372116,0,"cpufreq",902400.000000
813415626373418,1,"cpufreq",902400.000000
813415626669303,5,"cpufreq",1190400.000000
813415626670189,6,"cpufreq",1190400.000000
813415626705605,0,"cpufreq",1017600.000000
813415626706595,1,"cpufreq",1017600.000000
813415627071022,0,"cpufreq",787200.000000
813415627071855,1,"cpufreq",787200.000000
813415627079147,5,"cpufreq",1075200.000000
813415627080345,6,"cpufreq",1075200.000000
813415627602636,5,"cpufreq",960000.000000
813415627606543,6,"cpufreq",960000.000000
813415628077272,0,"cpufreq",672000.000000
813415628078418,1,"cpufreq",672000.000000
813415628536126,5,"cpufreq",1190400.000000
813415628537063,6,"cpufreq",1190400.000000
813415636253522,5,"cpufreq",499200.000000
813415636257897,6,"cpufreq",499200.000000
813415643791022,0,"cpufreq",787200.000000
813415643792897,1,"cpufreq",787200.000000
813415643807116,2,"cpufreq",844800.000000
813415643808157,3,"cpufreq",844800.000000
813415643808991,4,"cpufreq",844800.000000
813415643823991,7,"cpufreq",902400.000000
813415651962741,2,"cpufreq",2707200.000000
813415651966334,3,"cpufreq",2707200.000000
813415651969303,4,"cpufreq",2707200.000000
813415660224668,2,"cpufreq",1708800.000000
813415660228053,3,"cpufreq",1708800.000000
813415660231751,4,"cpufreq",1708800.000000
813415668203938,0,"cpufreq",672000.000000
813415668209772,1,"cpufreq",672000.000000
813415668232272,2,"cpufreq",614400.000000
813415668235761,3,"cpufreq",614400.000000
813415668239199,4,"cpufreq",614400.000000
813415668257741,7,"cpufreq",672000.000000
813415707047949,0,"cpufreq",902400.000000
813415707050657,1,"cpufreq",902400.000000
813415707442011,0,"cpufreq",672000.000000
813415707445866,1,"cpufreq",672000.000000
813415759532116,0,"cpufreq",1017600.000000
813415759536386,1,"cpufreq",1017600.000000
813415760182376,0,"cpufreq",672000.000000
813415760184407,1,"cpufreq",672000.000000
813415762715605,2,"cpufreq",1824000.000000
813415762717532,3,"cpufreq",1824000.000000
813415762718834,4,"cpufreq",1824000.000000
813415764093209,0,"cpufreq",1017600.000000
813415764094407,1,"cpufreq",1017600.000000
813415764668053,0,"cpufreq",1574400.000000
813415764669772,1,"cpufreq",1574400.000000
813415766335813,0,"cpufreq",1017600.000000
813415766337949,1,"cpufreq",1017600.000000
813415766578366,0,"cpufreq",1574400.000000
813415766580136,1,"cpufreq",1574400.000000
813415766723105,0,"cpufreq",1804800.000000
813415766724199,1,"cpufreq",1804800.000000
813415768258938,0,"cpufreq",672000.000000
813415768260657,1,"cpufreq",672000.000000
813415771853105,0,"cpufreq",902400.000000
813415771857845,1,"cpufreq",902400.000000
813415771881126,2,"cpufreq",614400.000000
813415771885918,3,"cpufreq",614400.000000
813415771890188,4,"cpufreq",614400.000000
813415780201647,0,"cpufreq",672000.000000
813415780204980,1,"cpufreq",672000.000000
813415781515605,0,"cpufreq",1344000.000000
813415781518418,1,"cpufreq",1344000.000000
813415781789511,0,"cpufreq",1248000.000000
813415781790761,1,"cpufreq",1248000.000000
813415784327428,0,"cpufreq",672000.000000
813415784329928,1,"cpufreq",672000.000000
813415784363209,0,"cpufreq",1248000.000000
813415784365813,1,"cpufreq",1248000.000000
813415785066386,0,"cpufreq",902400.000000
813415785068834,1,"cpufreq",902400.000000
813415785510553,0,"cpufreq",672000.000000
813415785512845,1,"cpufreq",672000.000000
813415787450918,0,"cpufreq",1017600.000000
813415787454772,1,"cpufreq",1017600.000000
813415796199928,0,"cpufreq",672000.000000
813415796204095,1,"cpufreq",672000.000000
813415822524772,0,"cpufreq",1574400.000000
813415822527741,1,"cpufreq",1574400.000000
813415822944407,0,"cpufreq",672000.000000
813415822945657,1,"cpufreq",672000.000000
813415823157480,5,"cpufreq",1075200.000000
813415823160293,6,"cpufreq",1075200.000000
813415823383574,0,"cpufreq",1574400.000000
813415823386074,1,"cpufreq",1574400.000000
813415823396230,5,"cpufreq",499200.000000
813415823398574,6,"cpufreq",499200.000000
813415826146022,0,"cpufreq",672000.000000
813415826147741,1,"cpufreq",672000.000000
813415828346907,5,"cpufreq",614400.000000
813415828349563,6,"cpufreq",614400.000000
813415828880970,5,"cpufreq",499200.000000
813415828885084,6,"cpufreq",499200.000000
813415831707793,5,"cpufreq",614400.000000
813415831710813,6,"cpufreq",614400.000000
813415832359303,5,"cpufreq",499200.000000
813415832363261,6,"cpufreq",499200.000000
813415834537168,5,"cpufreq",844800.000000
813415834538886,6,"cpufreq",844800.000000
813415836259824,5,"cpufreq",729600.000000
813415836264355,6,"cpufreq",729600.000000
813415843496543,5,"cpufreq",499200.000000
813415843498053,6,"cpufreq",499200.000000
813415903366126,0,"cpufreq",787200.000000
813415903370136,1,"cpufreq",787200.000000
813415903744668,0,"cpufreq",672000.000000
813415903748365,1,"cpufreq",672000.000000
813415904017740,0,"cpufreq",902400.000000
813415904021803,1,"cpufreq",902400.000000
813415904832480,0,"cpufreq",672000.000000
813415904834459,1,"cpufreq",672000.000000
813415907438470,0,"cpufreq",1344000.000000
813415907441022,1,"cpufreq",1344000.000000
813415911707220,0,"cpufreq",787200.000000
813415911709511,1,"cpufreq",787200.000000
813415913199876,0,"cpufreq",902400.000000
813415913203678,1,"cpufreq",902400.000000
813415915555501,0,"cpufreq",1017600.000000
813415915557688,1,"cpufreq",1017600.000000
813415917225397,0,"cpufreq",902400.000000
813415917228209,1,"cpufreq",902400.000000
813415917589772,0,"cpufreq",787200.000000
813415917591126,1,"cpufreq",787200.000000
813415920356490,0,"cpufreq",1017600.000000
813415920360605,1,"cpufreq",1017600.000000
813415923492740,0,"cpufreq",1248000.000000
813415923495501,1,"cpufreq",1248000.000000
813415923526699,0,"cpufreq",1344000.000000
813415923529147,1,"cpufreq",1344000.000000
813415924129459,0,"cpufreq",1248000.000000
813415924132168,1,"cpufreq",1248000.000000
813415924332897,0,"cpufreq",1344000.000000
813415924335657,1,"cpufreq",1344000.000000
813415924898157,0,"cpufreq",1017600.000000
813415924900553,1,"cpufreq",1017600.000000
813415932198261,0,"cpufreq",672000.000000
813415932202220,1,"cpufreq",672000.000000
813415932233209,5,"cpufreq",614400.000000
813415932235709,6,"cpufreq",614400.000000
813415944294563,5,"cpufreq",499200.000000
813415944295918,6,"cpufreq",499200.000000
813416014997636,0,"cpufreq",1574400.000000
813416015000605,1,"cpufreq",1574400.000000
813416016989876,2,"cpufreq",729600.000000
813416016992376,3,"cpufreq",729600.000000
813416016994043,4,"cpufreq",729600.000000
813416017354720,2,"cpufreq",844800.000000
813416017356751,3,"cpufreq",844800.000000
813416017358001,4,"cpufreq",844800.000000
813416017543730,0,"cpufreq",902400.000000
813416017545553,1,"cpufreq",902400.000000
813416017555970,5,"cpufreq",614400.000000
813416017557168,6,"cpufreq",614400.000000
813416018128261,0,"cpufreq",672000.000000
813416018130136,1,"cpufreq",672000.000000
813416018213938,5,"cpufreq",1075200.000000
813416018215501,6,"cpufreq",1075200.000000
813416018520240,0,"cpufreq",787200.000000
813416018522740,1,"cpufreq",787200.000000
813416018534720,5,"cpufreq",844800.000000
813416018537220,6,"cpufreq",844800.000000
813416019093001,0,"cpufreq",672000.000000
813416019095449,1,"cpufreq",672000.000000
813416019108522,5,"cpufreq",499200.000000
813416019114928,6,"cpufreq",499200.000000
813416019545918,0,"cpufreq",1459200.000000
813416019548470,1,"cpufreq",1459200.000000
813416019599355,2,"cpufreq",614400.000000
813416019601803,3,"cpufreq",614400.000000
813416019604199,4,"cpufreq",614400.000000
813416020443418,0,"cpufreq",1344000.000000
813416020445605,1,"cpufreq",1344000.000000
813416027414459,0,"cpufreq",672000.000000
813416027416595,1,"cpufreq",672000.000000
813416027433105,5,"cpufreq",729600.000000
813416027436855,6,"cpufreq",729600.000000
813416035489928,5,"cpufreq",499200.000000
813416035495293,6,"cpufreq",499200.000000
813416037739720,0,"cpufreq",1248000.000000
813416037742376,1,"cpufreq",1248000.000000
813416040253626,0,"cpufreq",787200.000000
813416040255136,1,"cpufreq",787200.000000
813416040352636,0,"cpufreq",672000.000000
813416040353990,1,"cpufreq",672000.000000
813416040558730,0,"cpufreq",787200.000000
813416040560188,1,"cpufreq",787200.000000
813416052217636,0,"cpufreq",672000.000000
813416052219199,1,"cpufreq",672000.000000
813416107463626,0,"cpufreq",787200.000000
813416107468313,1,"cpufreq",787200.000000
813416116824303,0,"cpufreq",672000.000000
813416116826803,1,"cpufreq",672000.000000
813416131618522,5,"cpufreq",614400.000000
813416131623990,6,"cpufreq",614400.000000
813416137201074,0,"cpufreq",787200.000000
813416137202688,1,"cpufreq",787200.000000
813416137825136,0,"cpufreq",672000.000000
813416137826126,1,"cpufreq",672000.000000
813416139870032,5,"cpufreq",844800.000000
813416139874772,6,"cpufreq",844800.000000
813416147484563,0,"cpufreq",787200.000000
813416147485501,1,"cpufreq",787200.000000
813416147498834,5,"cpufreq",499200.000000
813416147499720,6,"cpufreq",499200.000000
813416155911126,2,"cpufreq",1401600.000000
813416155912688,3,"cpufreq",1401600.000000
813416155913938,4,"cpufreq",1401600.000000
813416155993365,0,"cpufreq",672000.000000
813416155993782,1,"cpufreq",672000.000000
813416164935188,2,"cpufreq",614400.000000
813416164939667,3,"cpufreq",614400.000000
813416164943938,4,"cpufreq",614400.000000
813416210493782,0,"cpufreq",1017600.000000
813416210496959,1,"cpufreq",1017600.000000
813416211549042,0,"cpufreq",1344000.000000
813416211552220,1,"cpufreq",1344000.000000
813416212894720,0,"cpufreq",1132800.000000
813416212897636,1,"cpufreq",1132800.000000
813416213385084,0,"cpufreq",1344000.000000
813416213386647,1,"cpufreq",1344000.000000
813416216229928,0,"cpufreq",902400.000000
813416216231282,1,"cpufreq",902400.000000
813416221642063,0,"cpufreq",787200.000000
813416221643730,1,"cpufreq",787200.000000
813416229100970,0,"cpufreq",672000.000000
813416229104615,1,"cpufreq",672000.000000
813416294795240,0,"cpufreq",1248000.000000
813416294798157,1,"cpufreq",1248000.000000
813416296227376,0,"cpufreq",672000.000000
813416296229459,1,"cpufreq",672000.000000
813416296648886,5,"cpufreq",614400.000000
813416296651178,6,"cpufreq",614400.000000
813416297911803,0,"cpufreq",787200.000000
813416297914928,1,"cpufreq",787200.000000
813416297931699,5,"cpufreq",499200.000000
813416297934147,6,"cpufreq",499200.000000
813416298113261,0,"cpufreq",672000.000000
813416298115501,1,"cpufreq",672000.000000
813416299472011,5,"cpufreq",614400.000000
813416299476490,6,"cpufreq",614400.000000
813416301751022,0,"cpufreq",1017600.000000
813416301755136,1,"cpufreq",1017600.000000
813416308110292,0,"cpufreq",672000.000000
813416308111803,1,"cpufreq",672000.000000
813416308126230,5,"cpufreq",960000.000000
813416308127532,6,"cpufreq",960000.000000
813416316037324,5,"cpufreq",1190400.000000
813416316039667,6,"cpufreq",1190400.000000
813416324223626,5,"cpufreq",614400.000000
813416324227532,6,"cpufreq",614400.000000
813416332286386,5,"cpufreq",499200.000000
813416332290813,6,"cpufreq",499200.000000
813416398460813,0,"cpufreq",787200.000000
813416398464667,1,"cpufreq",787200.000000
813416398488938,2,"cpufreq",844800.000000
813416398494094,3,"cpufreq",844800.000000
813416398497584,4,"cpufreq",844800.000000
813416398529719,7,"cpufreq",902400.000000
813416403682480,0,"cpufreq",672000.000000
813416403684824,1,"cpufreq",672000.000000
813416403705709,2,"cpufreq",614400.000000
813416403708001,3,"cpufreq",614400.000000
813416403711126,4,"cpufreq",614400.000000
813416403735449,7,"cpufreq",672000.000000
813416408733157,0,"cpufreq",1017600.000000
813416408737167,1,"cpufreq",1017600.000000
813416411348105,0,"cpufreq",1132800.000000
813416411350709,1,"cpufreq",1132800.000000
813416419719147,0,"cpufreq",902400.000000
813416419721490,1,"cpufreq",902400.000000
813416433819876,0,"cpufreq",672000.000000
813416433822792,1,"cpufreq",672000.000000
813416563604303,0,"cpufreq",1344000.000000
813416563608678,1,"cpufreq",1344000.000000
813416565332636,0,"cpufreq",902400.000000
813416565334407,1,"cpufreq",902400.000000
813416565540501,0,"cpufreq",787200.000000
813416565542115,1,"cpufreq",787200.000000
813416572195761,0,"cpufreq",672000.000000
813416572200344,1,"cpufreq",672000.000000
813416608329876,5,"cpufreq",614400.000000
813416608334615,6,"cpufreq",614400.000000
813416608629355,5,"cpufreq",499200.000000
813416608631282,6,"cpufreq",499200.000000
813416608739146,0,"cpufreq",902400.000000
813416608740553,1,"cpufreq",902400.000000
813416611559615,0,"cpufreq",787200.000000
813416611562063,1,"cpufreq",787200.000000
813416611803001,0,"cpufreq",902400.000000
813416611807271,1,"cpufreq",902400.000000
813416611954563,0,"cpufreq",1344000.000000
813416611956803,1,"cpufreq",1344000.000000
813416611965344,5,"cpufreq",614400.000000
813416611967063,6,"cpufreq",614400.000000
813416612233626,5,"cpufreq",499200.000000
813416612235657,6,"cpufreq",499200.000000
813416620193938,0,"cpufreq",672000.000000
813416620196021,1,"cpufreq",672000.000000
813416648729876,0,"cpufreq",787200.000000
813416648733990,1,"cpufreq",787200.000000
813416651469615,0,"cpufreq",672000.000000
813416651473209,1,"cpufreq",672000.000000
813416654330761,2,"cpufreq",2035200.000000
813416654333678,3,"cpufreq",2035200.000000
813416654336021,4,"cpufreq",2035200.000000
813416655540240,2,"cpufreq",2188800.000000
813416655541699,3,"cpufreq",2188800.000000
813416655542063,4,"cpufreq",2188800.000000
813416664857584,2,"cpufreq",614400.000000
813416664858105,3,"cpufreq",614400.000000
813416664858730,4,"cpufreq",614400.000000
813416675815709,0,"cpufreq",1017600.000000
813416675819928,1,"cpufreq",1017600.000000
813416679750344,0,"cpufreq",1804800.000000
813416679753313,1,"cpufreq",1804800.000000
813416680573834,5,"cpufreq",729600.000000
813416680575136,6,"cpufreq",729600.000000
813416680693834,5,"cpufreq",499200.000000
813416680694876,6,"cpufreq",499200.000000
813416681001751,5,"cpufreq",614400.000000
813416681003938,6,"cpufreq",614400.000000
813416681800657,0,"cpufreq",672000.000000
813416681801907,1,"cpufreq",672000.000000
813416682014824,5,"cpufreq",499200.000000
813416682017167,6,"cpufreq",499200.000000
813416682222896,0,"cpufreq",787200.000000
813416682224771,1,"cpufreq",787200.000000
813416682290344,0,"cpufreq",902400.000000
813416682291594,1,"cpufreq",902400.000000
813416683079824,0,"cpufreq",1017600.000000
813416683081542,1,"cpufreq",1017600.000000
813416683172219,0,"cpufreq",1689600.000000
813416683174459,1,"cpufreq",1689600.000000
813416683422636,0,"cpufreq",1459200.000000
813416683424615,1,"cpufreq",1459200.000000
813416683438261,5,"cpufreq",844800.000000
813416683439615,6,"cpufreq",844800.000000
813416683566334,0,"cpufreq",1689600.000000
813416683568417,1,"cpufreq",1689600.000000
813416683768521,0,"cpufreq",1132800.000000
813416683769980,1,"cpufreq",1132800.000000
813416683991386,0,"cpufreq",1574400.000000
813416683992688,1,"cpufreq",1574400.000000
813416684317584,0,"cpufreq",1248000.000000
813416684318678,1,"cpufreq",1248000.000000
813416684482532,0,"cpufreq",1459200.000000
813416684483782,1,"cpufreq",1459200.000000
813416684848574,0,"cpufreq",1248000.000000
813416684849928,1,"cpufreq",1248000.000000
813416684993990,0,"cpufreq",1132800.000000
813416684995501,1,"cpufreq",1132800.000000
813416685192115,0,"cpufreq",1344000.000000
813416685195032,1,"cpufreq",1344000.000000
813416685327428,0,"cpufreq",1132800.000000
813416685329042,1,"cpufreq",1132800.000000
813416685650136,0,"cpufreq",787200.000000
813416685650969,1,"cpufreq",787200.000000
813416686765396,5,"cpufreq",1075200.000000
813416686766594,6,"cpufreq",1075200.000000
813416686857896,5,"cpufreq",1190400.000000
813416686858469,6,"cpufreq",1190400.000000
813416687021699,2,"cpufreq",1190400.000000
813416687022532,3,"cpufreq",1190400.000000
813416687022949,4,"cpufreq",1190400.000000
813416687280084,2,"cpufreq",1286400.000000
813416687281646,3,"cpufreq",1286400.000000
813416687282271,4,"cpufreq",1286400.000000
813416687422792,2,"cpufreq",1190400.000000
813416687423782,3,"cpufreq",1190400.000000
813416687424355,4,"cpufreq",1190400.000000
813416687733834,0,"cpufreq",1804800.000000
813416687737063,1,"cpufreq",1804800.000000
813416687752324,2,"cpufreq",729600.000000
813416687755344,3,"cpufreq",729600.000000
813416687758417,4,"cpufreq",729600.000000
813416687904876,2,"cpufreq",844800.000000
813416687906594,3,"cpufreq",844800.000000
813416687907584,4,"cpufreq",844800.000000
813416687937688,0,"cpufreq",1459200.000000
813416687939146,1,"cpufreq",1459200.000000
813416688099459,0,"cpufreq",902400.000000
813416688101438,1,"cpufreq",902400.000000
813416688108834,5,"cpufreq",844800.000000
813416688110553,6,"cpufreq",844800.000000
813416688354251,0,"cpufreq",1459200.000000
813416688355240,1,"cpufreq",1459200.000000
813416688696334,0,"cpufreq",787200.000000
813416688697636,1,"cpufreq",787200.000000
813416688704928,5,"cpufreq",1075200.000000
813416688705969,6,"cpufreq",1075200.000000
813416688854407,0,"cpufreq",672000.000000
813416688855761,1,"cpufreq",672000.000000
813416691476751,0,"cpufreq",1344000.000000
813416691481699,1,"cpufreq",1344000.000000
813416691513730,5,"cpufreq",1190400.000000
813416691518417,6,"cpufreq",1190400.000000
813416691531855,7,"cpufreq",902400.000000
813416692945188,0,"cpufreq",1574400.000000
813416692947532,1,"cpufreq",1574400.000000
813416699704615,0,"cpufreq",672000.000000
813416699705761,1,"cpufreq",672000.000000
813416699715396,2,"cpufreq",614400.000000
813416699715969,3,"cpufreq",614400.000000
813416699716386,4,"cpufreq",614400.000000
813416699721959,5,"cpufreq",499200.000000
813416699722480,6,"cpufreq",499200.000000
813416699726699,7,"cpufreq",672000.000000
813416701861438,5,"cpufreq",614400.000000
813416701863834,6,"cpufreq",614400.000000
813416703417271,0,"cpufreq",787200.000000
813416703420240,1,"cpufreq",787200.000000
813416704357063,0,"cpufreq",672000.000000
813416704361178,1,"cpufreq",672000.000000
813416704380084,5,"cpufreq",499200.000000
813416704383938,6,"cpufreq",499200.000000
813416808462011,0,"cpufreq",1132800.000000
813416808464876,1,"cpufreq",1132800.000000
813416809474407,0,"cpufreq",902400.000000
813416809477323,1,"cpufreq",902400.000000
813416810867948,0,"cpufreq",1132800.000000
813416810870709,1,"cpufreq",1132800.000000
813416812209094,0,"cpufreq",902400.000000
813416812211490,1,"cpufreq",902400.000000
813416819462063,0,"cpufreq",672000.000000
813416819465553,1,"cpufreq",672000.000000
813416973615917,0,"cpufreq",902400.000000
813416973620032,1,"cpufreq",902400.000000
813416975627896,0,"cpufreq",1574400.000000
813416975630865,1,"cpufreq",1574400.000000
813416976472323,5,"cpufreq",729600.000000
813416976474303,6,"cpufreq",729600.000000
813416977029511,0,"cpufreq",1248000.000000
813416977030605,1,"cpufreq",1248000.000000
813416977038053,5,"cpufreq",499200.000000
813416977039198,6,"cpufreq",499200.000000
813416977459719,0,"cpufreq",1459200.000000
813416977461855,1,"cpufreq",1459200.000000
813416978029198,0,"cpufreq",672000.000000
813416978031542,1,"cpufreq",672000.000000
813416980196125,0,"cpufreq",787200.000000
813416980198209,1,"cpufreq",787200.000000
813416988188053,0,"cpufreq",672000.000000
813416988191490,1,"cpufreq",672000.000000
813417010893573,0,"cpufreq",1017600.000000
813417010897011,1,"cpufreq",1017600.000000
813417011224928,0,"cpufreq",672000.000000
813417011228365,1,"cpufreq",672000.000000
813417011847271,5,"cpufreq",614400.000000
813417011849146,6,"cpufreq",614400.000000
813417012079146,0,"cpufreq",902400.000000
813417012083990,1,"cpufreq",902400.000000
813417012204198,0,"cpufreq",672000.000000
813417012207375,1,"cpufreq",672000.000000
813417012219094,5,"cpufreq",499200.000000
813417012222792,6,"cpufreq",499200.000000
813417012378886,0,"cpufreq",1132800.000000
813417012382271,1,"cpufreq",1132800.000000
813417012914459,0,"cpufreq",902400.000000
813417012916698,1,"cpufreq",902400.000000
813417020353313,0,"cpufreq",787200.000000
813417020356230,1,"cpufreq",787200.000000
813417031309250,0,"cpufreq",672000.000000
813417031312948,1,"cpufreq",672000.000000
813417172213625,2,"cpufreq",1612800.000000
813417172218782,3,"cpufreq",1612800.000000
813417172222740,4,"cpufreq",1612800.000000
813417180146177,2,"cpufreq",2035200.000000
813417180147636,3,"cpufreq",2035200.000000
813417180148157,4,"cpufreq",2035200.000000
813417188131334,2,"cpufreq",2630400.000000
813417188132115,3,"cpufreq",2630400.000000
813417188132375,4,"cpufreq",2630400.000000
813417199118105,2,"cpufreq",1286400.000000
813417199122011,3,"cpufreq",1286400.000000
813417199125500,4,"cpufreq",1286400.000000
813417203454615,2,"cpufreq",614400.000000
813417203458365,3,"cpufreq",614400.000000
813417203461855,4,"cpufreq",614400.000000
813417236889042,5,"cpufreq",614400.000000
813417236891855,6,"cpufreq",614400.000000
813417237522375,5,"cpufreq",729600.000000
813417237523834,6,"cpufreq",729600.000000
813417240352532,5,"cpufreq",960000.000000
813417240357792,6,"cpufreq",960000.000000
813417241157063,2,"cpufreq",1286400.000000
813417241158417,3,"cpufreq",1286400.000000
813417241159042,4,"cpufreq",1286400.000000
813417241795605,5,"cpufreq",1190400.000000
813417241798677,6,"cpufreq",1190400.000000
813417242221334,5,"cpufreq",499200.000000
813417242223938,6,"cpufreq",499200.000000
813417242838313,5,"cpufreq",960000.000000
813417242840136,6,"cpufreq",960000.000000
813417243576334,2,"cpufreq",614400.000000
813417243580448,3,"cpufreq",614400.000000
813417243584302,4,"cpufreq",614400.000000
813417244201386,5,"cpufreq",1075200.000000
813417244204980,6,"cpufreq",1075200.000000
813417245256490,0,"cpufreq",1017600.000000
813417245258990,1,"cpufreq",1017600.000000
813417245496646,0,"cpufreq",902400.000000
813417245498000,1,"cpufreq",902400.000000
813417245504719,5,"cpufreq",960000.000000
813417245505552,6,"cpufreq",960000.000000
813417245715969,0,"cpufreq",672000.000000
813417245717011,1,"cpufreq",672000.000000
813417245724563,5,"cpufreq",1190400.000000
813417245725240,6,"cpufreq",1190400.000000
813417246590969,0,"cpufreq",787200.000000
813417246591750,1,"cpufreq",787200.000000
813417246595605,5,"cpufreq",1075200.000000
813417246596230,6,"cpufreq",1075200.000000
813417247262011,0,"cpufreq",902400.000000
813417247262896,1,"cpufreq",902400.000000
813417247772271,0,"cpufreq",1017600.000000
813417247773209,1,"cpufreq",1017600.000000
813417247857792,0,"cpufreq",1132800.000000
813417247858573,1,"cpufreq",1132800.000000
813417248349511,0,"cpufreq",902400.000000
813417248351334,1,"cpufreq",902400.000000
813417248752427,0,"cpufreq",1248000.000000
813417248753782,1,"cpufreq",1248000.000000
813417249878417,0,"cpufreq",902400.000000
813417249880084,1,"cpufreq",902400.000000
813417249888573,5,"cpufreq",844800.000000
813417249890136,6,"cpufreq",844800.000000
813417249922011,0,"cpufreq",1344000.000000
813417249923313,1,"cpufreq",1344000.000000
813417250040605,0,"cpufreq",902400.000000
813417250041646,1,"cpufreq",902400.000000
813417251660448,0,"cpufreq",1804800.000000
813417251661646,1,"cpufreq",1804800.000000
813417251672948,5,"cpufreq",1190400.000000
813417251673677,6,"cpufreq",1190400.000000
813417259472844,5,"cpufreq",499200.000000
813417259474667,6,"cpufreq",499200.000000
813417262012063,5,"cpufreq",614400.000000
813417262013990,6,"cpufreq",614400.000000
813417262427948,5,"cpufreq",499200.000000
813417262429823,6,"cpufreq",499200.000000
813417263826698,5,"cpufreq",614400.000000
813417263828469,6,"cpufreq",614400.000000
813417264221282,5,"cpufreq",499200.000000
813417264223000,6,"cpufreq",499200.000000
813417268339146,2,"cpufreq",1401600.000000
813417268340240,3,"cpufreq",1401600.000000
813417268341125,4,"cpufreq",1401600.000000
813417269178157,5,"cpufreq",614400.000000
813417269179355,6,"cpufreq",614400.000000
813417271225344,0,"cpufreq",1689600.000000
813417271225969,1,"cpufreq",1689600.000000
813417271230448,5,"cpufreq",729600.000000
813417271230969,6,"cpufreq",729600.000000
813417272728313,5,"cpufreq",614400.000000
813417272729511,6,"cpufreq",614400.000000
813417273369198,5,"cpufreq",729600.000000
813417273371230,6,"cpufreq",729600.000000
813417273713573,0,"cpufreq",1804800.000000
813417273714719,1,"cpufreq",1804800.000000
813417274438886,5,"cpufreq",614400.000000
813417274440084,6,"cpufreq",614400.000000
813417276177167,0,"cpufreq",902400.000000
813417276179719,1,"cpufreq",902400.000000
813417276188886,2,"cpufreq",960000.000000
813417276190292,3,"cpufreq",960000.000000
813417276191646,4,"cpufreq",960000.000000
813417276206230,5,"cpufreq",960000.000000
813417276209302,6,"cpufreq",960000.000000
813417277920917,0,"cpufreq",1574400.000000
813417277923834,1,"cpufreq",1574400.000000
813417278158782,0,"cpufreq",1804800.000000
813417278160761,1,"cpufreq",1804800.000000
813417278838886,0,"cpufreq",1132800.000000
813417278840188,1,"cpufreq",1132800.000000
813417278847115,5,"cpufreq",1075200.000000
813417278848052,6,"cpufreq",1075200.000000
813417279016125,0,"cpufreq",787200.000000
813417279017167,1,"cpufreq",787200.000000
813417279132688,0,"cpufreq",1017600.000000
813417279137427,1,"cpufreq",1017600.000000
813417279150448,5,"cpufreq",960000.000000
813417279153052,6,"cpufreq",960000.000000
813417279286646,0,"cpufreq",787200.000000
813417279287792,1,"cpufreq",787200.000000
813417282294667,0,"cpufreq",902400.000000
813417282297844,1,"cpufreq",902400.000000
813417282714355,0,"cpufreq",1689600.000000
813417282717532,1,"cpufreq",1689600.000000
813417282727636,5,"cpufreq",499200.000000
813417282730605,6,"cpufreq",499200.000000
813417282980605,5,"cpufreq",1075200.000000
813417282982063,6,"cpufreq",1075200.000000
813417283028625,2,"cpufreq",614400.000000
813417283031177,3,"cpufreq",614400.000000
813417283032219,4,"cpufreq",614400.000000
813417283339563,5,"cpufreq",960000.000000
813417283340865,6,"cpufreq",960000.000000
813417283420865,0,"cpufreq",1017600.000000
813417283422636,1,"cpufreq",1017600.000000
813417283431855,5,"cpufreq",499200.000000
813417283433313,6,"cpufreq",499200.000000
813417286096282,0,"cpufreq",1132800.000000
813417286098209,1,"cpufreq",1132800.000000
813417292190969,0,"cpufreq",672000.000000
813417292194407,1,"cpufreq",672000.000000
813417299451594,0,"cpufreq",787200.000000
813417299453313,1,"cpufreq",787200.000000
813417302852636,0,"cpufreq",1017600.000000
813417302854927,1,"cpufreq",1017600.000000
813417303057480,0,"cpufreq",787200.000000
813417303059667,1,"cpufreq",787200.000000
813417307498417,0,"cpufreq",1344000.000000
813417307500605,1,"cpufreq",1344000.000000
813417315458625,0,"cpufreq",672000.000000
813417315460240,1,"cpufreq",672000.000000
813417407858052,5,"cpufreq",614400.000000
813417407860136,6,"cpufreq",614400.000000
813417408081854,5,"cpufreq",499200.000000
813417408086438,6,"cpufreq",499200.000000
813417409900813,0,"cpufreq",902400.000000
813417409904719,1,"cpufreq",902400.000000
813417412236334,0,"cpufreq",1344000.000000
813417412239563,1,"cpufreq",1344000.000000
813417419728261,0,"cpufreq",672000.000000
813417419730344,1,"cpufreq",672000.000000
813417606344979,0,"cpufreq",787200.000000
813417606347688,1,"cpufreq",787200.000000
813417607860188,0,"cpufreq",672000.000000
813417607862636,1,"cpufreq",672000.000000
813417611456646,0,"cpufreq",787200.000000
813417611460709,1,"cpufreq",787200.000000
813417612253677,0,"cpufreq",902400.000000
813417612255604,1,"cpufreq",902400.000000
813417619426438,0,"cpufreq",672000.000000
813417619428573,1,"cpufreq",672000.000000
813417809533417,0,"cpufreq",787200.000000
813417809536594,1,"cpufreq",787200.000000
813417812271490,0,"cpufreq",672000.000000
813417812277219,1,"cpufreq",672000.000000
813418043730708,0,"cpufreq",902400.000000
813418043732323,1,"cpufreq",902400.000000
813418045688833,0,"cpufreq",1248000.000000
813418045690135,1,"cpufreq",1248000.000000
813418049681385,2,"cpufreq",2707200.000000
813418049682792,3,"cpufreq",2707200.000000
813418049683885,4,"cpufreq",2707200.000000
813418052202115,0,"cpufreq",672000.000000
813418052204406,1,"cpufreq",672000.000000
813418052223000,2,"cpufreq",1075200.000000
813418052224302,3,"cpufreq",1075200.000000
813418052225552,4,"cpufreq",1075200.000000
813418060436802,2,"cpufreq",844800.000000
813418060441438,3,"cpufreq",844800.000000
813418060444979,4,"cpufreq",844800.000000
813418067658729,2,"cpufreq",614400.000000
813418067663417,3,"cpufreq",614400.000000
813418067666958,4,"cpufreq",614400.000000
813418102023208,0,"cpufreq",787200.000000
813418102027688,1,"cpufreq",787200.000000
813418102097375,0,"cpufreq",902400.000000
813418102100500,1,"cpufreq",902400.000000
813418108136698,0,"cpufreq",672000.000000
813418108139927,1,"cpufreq",672000.000000
813418122941333,0,"cpufreq",787200.000000
813418122945135,1,"cpufreq",787200.000000
813418132585708,0,"cpufreq",672000.000000
813418132588052,1,"cpufreq",672000.000000
813418149622167,2,"cpufreq",2707200.000000
813418149623625,3,"cpufreq",2707200.000000
813418149624667,4,"cpufreq",2707200.000000
813418149722375,0,"cpufreq",902400.000000
813418149723208,1,"cpufreq",902400.000000
813418155506073,0,"cpufreq",787200.000000
813418155509042,1,"cpufreq",787200.000000
813418155528156,2,"cpufreq",614400.000000
813418155531229,3,"cpufreq",614400.000000
813418155536177,4,"cpufreq",614400.000000
813418163989667,0,"cpufreq",672000.000000
813418163993573,1,"cpufreq",672000.000000
813418208181802,0,"cpufreq",787200.000000
813418208184563,1,"cpufreq",787200.000000
813418211544875,0,"cpufreq",672000.000000
813418211547115,1,"cpufreq",672000.000000
813418251374302,0,"cpufreq",902400.000000
813418251379458,1,"cpufreq",902400.000000
813418260221073,0,"cpufreq",1344000.000000
813418260224510,1,"cpufreq",1344000.000000
813418268190604,0,"cpufreq",672000.000000
813418268193260,1,"cpufreq",672000.000000
813418418190969,5,"cpufreq",614400.000000
813418418195500,6,"cpufreq",614400.000000
813418419784302,5,"cpufreq",499200.000000
813418419788104,6,"cpufreq",499200.000000
813418423210135,5,"cpufreq",614400.000000
813418423212583,6,"cpufreq",614400.000000
813418423857635,5,"cpufreq",499200.000000
813418423859146,6,"cpufreq",499200.000000
813418606709302,0,"cpufreq",902400.000000
813418606712271,1,"cpufreq",902400.000000
813418607921750,0,"cpufreq",672000.000000
813418607924146,1,"cpufreq",672000.000000
813418641190239,0,"cpufreq",902400.000000
813418641194302,1,"cpufreq",902400.000000
813418643911958,0,"cpufreq",672000.000000
813418643914979,1,"cpufreq",672000.000000
813418655253677,0,"cpufreq",1017600.000000
813418655256594,1,"cpufreq",1017600.000000
813418656405969,0,"cpufreq",672000.000000
813418656408677,1,"cpufreq",672000.000000
813418657801646,0,"cpufreq",902400.000000
813418657804250,1,"cpufreq",902400.000000
813418658505708,0,"cpufreq",1132800.000000
813418658509042,1,"cpufreq",1132800.000000
813418659460917,0,"cpufreq",1344000.000000
813418659463312,1,"cpufreq",1344000.000000
813418668848208,0,"cpufreq",672000.000000
813418668849667,1,"cpufreq",672000.000000
813418818833729,0,"cpufreq",787200.000000
813418818838208,1,"cpufreq",787200.000000
813418819291854,0,"cpufreq",1132800.000000
813418819294927,1,"cpufreq",1132800.000000
813418819433781,0,"cpufreq",1344000.000000
813418819436541,1,"cpufreq",1344000.000000
813418821009771,0,"cpufreq",787200.000000
813418821011958,1,"cpufreq",787200.000000
813418821192271,0,"cpufreq",1248000.000000
813418821194562,1,"cpufreq",1248000.000000
813418821603989,0,"cpufreq",1344000.000000
813418821606333,1,"cpufreq",1344000.000000
813418821615448,5,"cpufreq",729600.000000
813418821617739,6,"cpufreq",729600.000000
813418821844198,0,"cpufreq",787200.000000
813418821846177,1,"cpufreq",787200.000000
813418821852948,5,"cpufreq",614400.000000
813418821854823,6,"cpufreq",614400.000000
813418822079354,0,"cpufreq",672000.000000
813418822080864,1,"cpufreq",672000.000000
813418822270396,0,"cpufreq",787200.000000
813418822272948,1,"cpufreq",787200.000000
813418822287166,5,"cpufreq",499200.000000
813418822289719,6,"cpufreq",499200.000000
813418823110448,0,"cpufreq",1248000.000000
813418823112791,1,"cpufreq",1248000.000000
813418823887844,0,"cpufreq",787200.000000
813418823890031,1,"cpufreq",787200.000000
813418826060396,0,"cpufreq",1344000.000000
813418826062635,1,"cpufreq",1344000.000000
813418828152531,0,"cpufreq",1017600.000000
813418828154354,1,"cpufreq",1017600.000000
813418828241541,0,"cpufreq",1132800.000000
813418828243312,1,"cpufreq",1132800.000000
813418828493208,0,"cpufreq",1017600.000000
813418828495500,1,"cpufreq",1017600.000000
813418832170187,0,"cpufreq",1132800.000000
813418832171594,1,"cpufreq",1132800.000000
813418836228521,0,"cpufreq",672000.000000
813418836230187,1,"cpufreq",672000.000000
813418849306646,5,"cpufreq",614400.000000
813418849309354,6,"cpufreq",614400.000000
813418852529250,5,"cpufreq",960000.000000
813418852530864,6,"cpufreq",960000.000000
813418852590552,5,"cpufreq",1190400.000000
813418852591489,6,"cpufreq",1190400.000000
813418852958208,5,"cpufreq",1075200.000000
813418852961073,6,"cpufreq",1075200.000000
813418853093833,5,"cpufreq",729600.000000
813418853096958,6,"cpufreq",729600.000000
813418853775969,5,"cpufreq",960000.000000
813418853777583,6,"cpufreq",960000.000000
813418854427635,5,"cpufreq",614400.000000
813418854428677,6,"cpufreq",614400.000000
813418855607010,5,"cpufreq",499200.000000
813418855609719,6,"cpufreq",499200.000000
813418855753416,5,"cpufreq",729600.000000
813418855756125,6,"cpufreq",729600.000000
813418856036125,5,"cpufreq",499200.000000
813418856037635,6,"cpufreq",499200.000000
813418856771646,5,"cpufreq",614400.000000
813418856773469,6,"cpufreq",614400.000000
813418857774719,5,"cpufreq",499200.000000
813418857779041,6,"cpufreq",499200.000000
813418858598469,0,"cpufreq",1017600.000000
813418858600396,1,"cpufreq",1017600.000000
813418859085135,0,"cpufreq",672000.000000
813418859087166,1,"cpufreq",672000.000000
813418859496646,0,"cpufreq",1344000.000000
813418859501021,1,"cpufreq",1344000.000000
813418859533156,5,"cpufreq",960000.000000
813418859537219,6,"cpufreq",960000.000000
813418859994250,0,"cpufreq",787200.000000
813418859996594,1,"cpufreq",787200.000000
813418866185812,0,"cpufreq",902400.000000
813418866186906,1,"cpufreq",902400.000000
813418866193885,5,"cpufreq",1190400.000000
813418866194719,6,"cpufreq",1190400.000000
813418867237948,0,"cpufreq",1017600.000000
813418867238781,1,"cpufreq",1017600.000000
813418867879979,0,"cpufreq",1344000.000000
813418867883260,1,"cpufreq",1344000.000000
813418867900187,5,"cpufreq",499200.000000
813418867902739,6,"cpufreq",499200.000000
813418871731750,5,"cpufreq",614400.000000
813418871733573,6,"cpufreq",614400.000000
813418871786698,0,"cpufreq",1459200.000000
813418871788156,1,"cpufreq",1459200.000000
813418871991646,0,"cpufreq",1344000.000000
813418871992844,1,"cpufreq",1344000.000000
813418873022062,0,"cpufreq",1459200.000000
813418873023364,1,"cpufreq",1459200.000000
813418873131854,0,"cpufreq",1344000.000000
813418873133260,1,"cpufreq",1344000.000000
813418874077531,0,"cpufreq",1459200.000000
813418874079198,1,"cpufreq",1459200.000000
813418874654146,0,"cpufreq",1132800.000000
813418874656021,1,"cpufreq",1132800.000000
813418874887739,0,"cpufreq",1344000.000000
813418874888937,1,"cpufreq",1344000.000000
813418875488521,0,"cpufreq",1689600.000000
813418875489614,1,"cpufreq",1689600.000000
813418876055708,5,"cpufreq",729600.000000
813418876057323,6,"cpufreq",729600.000000
813418877445812,0,"cpufreq",1804800.000000
813418877447010,1,"cpufreq",1804800.000000
813418877710604,0,"cpufreq",1689600.000000
813418877712323,1,"cpufreq",1689600.000000
813418877811958,0,"cpufreq",1804800.000000
813418877813052,1,"cpufreq",1804800.000000
813418877817791,5,"cpufreq",614400.000000
813418877819354,6,"cpufreq",614400.000000
813418884074510,0,"cpufreq",1689600.000000
813418884075760,1,"cpufreq",1689600.000000
813418884083052,5,"cpufreq",499200.000000
813418884084562,6,"cpufreq",499200.000000
813418884371958,0,"cpufreq",1574400.000000
813418884373521,1,"cpufreq",1574400.000000
813418885196958,0,"cpufreq",1689600.000000
813418885199302,1,"cpufreq",1689600.000000
813418885729823,0,"cpufreq",1804800.000000
813418885731594,1,"cpufreq",1804800.000000
813418886147062,0,"cpufreq",1689600.000000
813418886149614,1,"cpufreq",1689600.000000
813418892179510,0,"cpufreq",1017600.000000
813418892181385,1,"cpufreq",1017600.000000
813418897727844,0,"cpufreq",1132800.000000
813418897730500,1,"cpufreq",1132800.000000
813418899958208,0,"cpufreq",672000.000000
813418899959979,1,"cpufreq",672000.000000
813418901460291,0,"cpufreq",902400.000000
813418901461958,1,"cpufreq",902400.000000
813418901713885,0,"cpufreq",672000.000000
813418901716229,1,"cpufreq",672000.000000
813418906154875,0,"cpufreq",1017600.000000
813418906157896,1,"cpufreq",1017600.000000
813418906236177,0,"cpufreq",1132800.000000
813418906237843,1,"cpufreq",1132800.000000
813418907443677,0,"cpufreq",787200.000000
813418907445604,1,"cpufreq",787200.000000
813418913526073,0,"cpufreq",902400.000000
813418913529510,1,"cpufreq",902400.000000
813418914404354,0,"cpufreq",1344000.000000
813418914407479,1,"cpufreq",1344000.000000
813418915563312,0,"cpufreq",672000.000000
813418915564979,1,"cpufreq",672000.000000
813418923503625,0,"cpufreq",787200.000000
813418923506177,1,"cpufreq",787200.000000
813418931644875,0,"cpufreq",672000.000000
813418931648312,1,"cpufreq",672000.000000
813418944323104,0,"cpufreq",787200.000000
813418944325135,1,"cpufreq",787200.000000
813418947435083,0,"cpufreq",672000.000000
813418947438729,1,"cpufreq",672000.000000
813418947459146,5,"cpufreq",614400.000000
813418947462791,6,"cpufreq",614400.000000
813418947493677,5,"cpufreq",729600.000000
813418947496802,6,"cpufreq",729600.000000
813418947766958,0,"cpufreq",787200.000000
813418947769666,1,"cpufreq",787200.000000
813418948104354,0,"cpufreq",672000.000000
813418948105604,1,"cpufreq",672000.000000
813418948113573,5,"cpufreq",960000.000000
813418948114979,6,"cpufreq",960000.000000
813418948542583,0,"cpufreq",787200.000000
813418948546385,1,"cpufreq",787200.000000
813418948559458,5,"cpufreq",729600.000000
813418948563521,6,"cpufreq",729600.000000
813418949464354,5,"cpufreq",960000.000000
813418949465760,6,"cpufreq",960000.000000
813418949675448,0,"cpufreq",672000.000000
813418949676541,1,"cpufreq",672000.000000
813418949683989,5,"cpufreq",1190400.000000
813418949684771,6,"cpufreq",1190400.000000
813418950226229,5,"cpufreq",960000.000000
813418950226958,6,"cpufreq",960000.000000
813418952093208,5,"cpufreq",729600.000000
813418952094771,6,"cpufreq",729600.000000
813418954694458,0,"cpufreq",902400.000000
813418954697427,1,"cpufreq",902400.000000
813418955092583,0,"cpufreq",1132800.000000
813418955093885,1,"cpufreq",1132800.000000
813418955102166,5,"cpufreq",499200.000000
813418955103156,6,"cpufreq",499200.000000
813418955496125,0,"cpufreq",1344000.000000
813418955498729,1,"cpufreq",1344000.000000
813418955516489,5,"cpufreq",1075200.000000
813418955517948,6,"cpufreq",1075200.000000
813418956349875,5,"cpufreq",1190400.000000
813418956352375,6,"cpufreq",1190400.000000
813418956514510,5,"cpufreq",1075200.000000
813418956515396,6,"cpufreq",1075200.000000
813418963402427,0,"cpufreq",1017600.000000
813418963404510,1,"cpufreq",1017600.000000
813418963419250,5,"cpufreq",499200.000000
813418963421906,6,"cpufreq",499200.000000
813418964294146,0,"cpufreq",1132800.000000
813418964295864,1,"cpufreq",1132800.000000
813418972184823,0,"cpufreq",672000.000000
813418972187375,1,"cpufreq",672000.000000
813418976961177,0,"cpufreq",902400.000000
813418976964510,1,"cpufreq",902400.000000
813418979481229,0,"cpufreq",672000.000000
813418979483104,1,"cpufreq",672000.000000
813418981282114,0,"cpufreq",787200.000000
813418981287271,1,"cpufreq",787200.000000
813418981543000,0,"cpufreq",672000.000000
813418981544771,1,"cpufreq",672000.000000
813419011614666,0,"cpufreq",1344000.000000
813419011618729,1,"cpufreq",1344000.000000
813419024514875,0,"cpufreq",672000.000000
813419024516802,1,"cpufreq",672000.000000
813419114481593,2,"cpufreq",2380800.000000
813419114483052,3,"cpufreq",2380800.000000
813419114484510,4,"cpufreq",2380800.000000
813419116321385,2,"cpufreq",614400.000000
813419116325500,3,"cpufreq",614400.000000
813419116329093,4,"cpufreq",614400.000000
813419155610864,5,"cpufreq",729600.000000
813419155616073,6,"cpufreq",729600.000000
813419156754250,0,"cpufreq",1344000.000000
813419156756177,1,"cpufreq",1344000.000000
813419156900916,0,"cpufreq",902400.000000
813419156902114,1,"cpufreq",902400.000000
813419156913156,5,"cpufreq",499200.000000
813419156913989,6,"cpufreq",499200.000000
813419157066958,0,"cpufreq",1344000.000000
813419157069145,1,"cpufreq",1344000.000000
813419157778520,0,"cpufreq",902400.000000
813419157780968,1,"cpufreq",902400.000000
813419164253156,0,"cpufreq",672000.000000
813419164256958,1,"cpufreq",672000.000000
813419216271385,0,"cpufreq",787200.000000
813419216275552,1,"cpufreq",787200.000000
813419224622948,0,"cpufreq",672000.000000
813419224626125,1,"cpufreq",672000.000000
813419306662895,0,"cpufreq",787200.000000
813419306667843,1,"cpufreq",787200.000000
813419308236177,0,"cpufreq",672000.000000
813419308240812,1,"cpufreq",672000.000000
813419309724041,0,"cpufreq",1017600.000000
813419309728260,1,"cpufreq",1017600.000000
813419311516073,0,"cpufreq",672000.000000
813419311517843,1,"cpufreq",672000.000000
813419315472062,0,"cpufreq",787200.000000
813419315476020,1,"cpufreq",787200.000000
813419323563937,0,"cpufreq",672000.000000
813419323567843,1,"cpufreq",672000.000000
813419325606698,0,"cpufreq",787200.000000
813419325610864,1,"cpufreq",787200.000000
813419326072895,0,"cpufreq",672000.000000
813419326076229,1,"cpufreq",672000.000000
813419387460083,0,"cpufreq",787200.000000
813419387464770,1,"cpufreq",787200.000000
813419395466854,0,"cpufreq",672000.000000
813419395470604,1,"cpufreq",672000.000000
813419612010812,0,"cpufreq",1344000.000000
813419612015812,1,"cpufreq",1344000.000000
813419612490916,0,"cpufreq",1017600.000000
813419612493416,1,"cpufreq",1017600.000000
813419612798364,0,"cpufreq",1344000.000000
813419612800760,1,"cpufreq",1344000.000000
813419612975916,0,"cpufreq",902400.000000
813419612977322,1,"cpufreq",902400.000000
813419613135760,0,"cpufreq",1017600.000000
813419613138781,1,"cpufreq",1017600.000000
813419613328729,0,"cpufreq",1344000.000000
813419613330604,1,"cpufreq",1344000.000000
813419620193364,0,"cpufreq",672000.000000
813419620194770,1,"cpufreq",672000.000000
813419635002010,2,"cpufreq",2707200.000000
813419635006072,3,"cpufreq",2707200.000000
813419635010031,4,"cpufreq",2707200.000000
813419640006229,2,"cpufreq",1497600.000000
813419640007427,3,"cpufreq",1497600.000000
813419640008260,4,"cpufreq",1497600.000000
813419644009302,0,"cpufreq",1344000.000000
813419644011489,1,"cpufreq",1344000.000000
813419644029718,2,"cpufreq",614400.000000
813419644030916,3,"cpufreq",614400.000000
813419644032010,4,"cpufreq",614400.000000
813419651565499,0,"cpufreq",1459200.000000
813419651567583,1,"cpufreq",1459200.000000
813419652436645,0,"cpufreq",1804800.000000
813419652437947,1,"cpufreq",1804800.000000
813419660164510,0,"cpufreq",1344000.000000
813419660166177,1,"cpufreq",1344000.000000
813419668208989,0,"cpufreq",672000.000000
813419668211124,1,"cpufreq",672000.000000
813419684399197,5,"cpufreq",1190400.000000
813419684401697,6,"cpufreq",1190400.000000
813419695605552,5,"cpufreq",614400.000000
813419695611645,6,"cpufreq",614400.000000
813419700456906,5,"cpufreq",499200.000000
813419700458624,6,"cpufreq",499200.000000
813419707838260,2,"cpufreq",2707200.000000
813419707842062,3,"cpufreq",2707200.000000
813419707845552,4,"cpufreq",2707200.000000
813419732072062,2,"cpufreq",614400.000000
813419732072427,3,"cpufreq",614400.000000
813419732072635,4,"cpufreq",614400.000000
813419878035499,5,"cpufreq",614400.000000
813419878037322,6,"cpufreq",614400.000000
813419878383624,5,"cpufreq",960000.000000
813419878384874,6,"cpufreq",960000.000000
813419878462791,5,"cpufreq",1075200.000000
813419878463624,6,"cpufreq",1075200.000000
813419878557895,5,"cpufreq",844800.000000
813419878558676,6,"cpufreq",844800.000000
813419878639926,5,"cpufreq",1190400.000000
813419878640760,6,"cpufreq",1190400.000000
813419879830656,5,"cpufreq",729600.000000
813419879831541,6,"cpufreq",729600.000000
813419879906697,0,"cpufreq",1017600.000000
813419879907895,1,"cpufreq",1017600.000000
813419880171906,5,"cpufreq",614400.000000
813419880173364,6,"cpufreq",614400.000000
813419880676541,0,"cpufreq",902400.000000
813419880678260,1,"cpufreq",902400.000000
813419880692895,5,"cpufreq",499200.000000
813419880694458,6,"cpufreq",499200.000000
813419880876645,0,"cpufreq",672000.000000
813419880878520,1,"cpufreq",672000.000000
813419892025187,0,"cpufreq",787200.000000
813419892026958,1,"cpufreq",787200.000000
813419900239093,0,"cpufreq",672000.000000
813419900243416,1,"cpufreq",672000.000000
813419908894666,5,"cpufreq",960000.000000
813419908896176,6,"cpufreq",960000.000000
813419909845708,5,"cpufreq",729600.000000
813419909847062,6,"cpufreq",729600.000000
813419910601124,5,"cpufreq",844800.000000
813419910603260,6,"cpufreq",844800.000000
813419910815708,0,"cpufreq",902400.000000
813419910819562,1,"cpufreq",902400.000000
813419910836072,5,"cpufreq",499200.000000
813419910840604,6,"cpufreq",499200.000000
813419911010031,0,"cpufreq",672000.000000
813419911011801,1,"cpufreq",672000.000000
813419912627218,5,"cpufreq",844800.000000
813419912631437,6,"cpufreq",844800.000000
813419912932270,5,"cpufreq",960000.000000
813419912936489,6,"cpufreq",960000.000000
813419913247270,0,"cpufreq",787200.000000
813419913248156,1,"cpufreq",787200.000000
813419913254145,5,"cpufreq",499200.000000
813419913255083,6,"cpufreq",499200.000000
813419913541333,0,"cpufreq",672000.000000
813419913545343,1,"cpufreq",672000.000000
813419916219301,0,"cpufreq",1344000.000000
813419916221385,1,"cpufreq",1344000.000000
813419916237687,5,"cpufreq",614400.000000
813419916239145,6,"cpufreq",614400.000000
813419916409770,0,"cpufreq",902400.000000
813419916410812,1,"cpufreq",902400.000000
813419916540812,0,"cpufreq",1344000.000000
813419916543051,1,"cpufreq",1344000.000000
813419923657947,0,"cpufreq",672000.000000
813419923658989,1,"cpufreq",672000.000000
813419923667791,5,"cpufreq",499200.000000
813419923669458,6,"cpufreq",499200.000000
813420010811333,0,"cpufreq",1017600.000000
813420010816020,1,"cpufreq",1017600.000000
813420011440864,0,"cpufreq",787200.000000
813420011443624,1,"cpufreq",787200.000000
813420019877635,0,"cpufreq",672000.000000
813420019881124,1,"cpufreq",672000.000000
813420133255968,0,"cpufreq",787200.000000
813420133258937,1,"cpufreq",787200.000000
813420133378208,0,"cpufreq",1689600.000000
813420133380447,1,"cpufreq",1689600.000000
813420134896853,0,"cpufreq",1132800.000000
813420134899458,1,"cpufreq",1132800.000000
813420135104510,0,"cpufreq",1248000.000000
813420135106124,1,"cpufreq",1248000.000000
813420135259406,0,"cpufreq",672000.000000
813420135260916,1,"cpufreq",672000.000000
813420135455656,0,"cpufreq",787200.000000
813420135460083,1,"cpufreq",787200.000000
813420136044093,0,"cpufreq",672000.000000
813420136047635,1,"cpufreq",672000.000000
813420136344406,5,"cpufreq",614400.000000
813420136346541,6,"cpufreq",614400.000000
813420136593833,5,"cpufreq",729600.000000
813420136595291,6,"cpufreq",729600.000000
813420136630760,0,"cpufreq",1248000.000000
813420136634822,1,"cpufreq",1248000.000000
813420140216645,5,"cpufreq",499200.000000
813420140218468,6,"cpufreq",499200.000000
813420148187322,0,"cpufreq",672000.000000
813420148189145,1,"cpufreq",672000.000000
813420165649197,5,"cpufreq",729600.000000
813420165651333,6,"cpufreq",729600.000000
813420166007322,5,"cpufreq",614400.000000
813420166010447,6,"cpufreq",614400.000000
813420172264562,5,"cpufreq",499200.000000
813420172267687,6,"cpufreq",499200.000000
813420252192270,0,"cpufreq",787200.000000
813420252196958,1,"cpufreq",787200.000000
813420259403885,0,"cpufreq",672000.000000
813420259404978,1,"cpufreq",672000.000000
813420281295447,0,"cpufreq",787200.000000
813420281299353,1,"cpufreq",787200.000000
813420283962947,0,"cpufreq",1344000.000000
813420283965760,1,"cpufreq",1344000.000000
813420284839822,0,"cpufreq",1459200.000000
813420284841176,1,"cpufreq",1459200.000000
813420288006697,0,"cpufreq",902400.000000
813420288007999,1,"cpufreq",902400.000000
813420288631749,0,"cpufreq",1344000.000000
813420288634978,1,"cpufreq",1344000.000000
813420289035655,0,"cpufreq",902400.000000
813420289037374,1,"cpufreq",902400.000000
813420289048051,5,"cpufreq",614400.000000
813420289049301,6,"cpufreq",614400.000000
813420289476280,0,"cpufreq",1344000.000000
813420289479093,1,"cpufreq",1344000.000000
813420289488937,5,"cpufreq",499200.000000
813420289491958,6,"cpufreq",499200.000000
813420290450968,0,"cpufreq",902400.000000
813420290452374,1,"cpufreq",902400.000000
813420290522426,0,"cpufreq",1344000.000000
813420290523833,1,"cpufreq",1344000.000000
813420290706489,5,"cpufreq",614400.000000
813420290707687,6,"cpufreq",614400.000000
813420290767739,5,"cpufreq",729600.000000
813420290768885,6,"cpufreq",729600.000000
813420290914770,5,"cpufreq",844800.000000
813420290915655,6,"cpufreq",844800.000000
813420291214249,5,"cpufreq",614400.000000
813420291215239,6,"cpufreq",614400.000000
813420291346072,0,"cpufreq",902400.000000
813420291347426,1,"cpufreq",902400.000000
813420291355708,5,"cpufreq",499200.000000
813420291357791,6,"cpufreq",499200.000000
813420291444145,5,"cpufreq",614400.000000
813420291447583,6,"cpufreq",614400.000000
813420291800916,5,"cpufreq",499200.000000
813420291803520,6,"cpufreq",499200.000000
813420291962947,0,"cpufreq",1344000.000000
813420291965343,1,"cpufreq",1344000.000000
813420292048468,0,"cpufreq",1132800.000000
813420292050395,1,"cpufreq",1132800.000000
813420293903885,0,"cpufreq",1017600.000000
813420293905030,1,"cpufreq",1017600.000000
813420294204614,5,"cpufreq",614400.000000
813420294206124,6,"cpufreq",614400.000000
813420294303312,5,"cpufreq",844800.000000
813420294304301,6,"cpufreq",844800.000000
813420294636020,0,"cpufreq",1248000.000000
813420294639093,1,"cpufreq",1248000.000000
813420294647478,5,"cpufreq",614400.000000
813420294650916,6,"cpufreq",614400.000000
813420294858624,0,"cpufreq",1574400.000000
813420294860864,1,"cpufreq",1574400.000000
813420294866958,5,"cpufreq",499200.000000
813420294869145,6,"cpufreq",499200.000000
813420294967530,0,"cpufreq",1344000.000000
813420294969978,1,"cpufreq",1344000.000000
813420295332583,0,"cpufreq",1017600.000000
813420295335135,1,"cpufreq",1017600.000000
813420295417218,0,"cpufreq",1132800.000000
813420295419145,1,"cpufreq",1132800.000000
813420296625343,0,"cpufreq",1459200.000000
813420296626905,1,"cpufreq",1459200.000000
813420296718312,0,"cpufreq",1248000.000000
813420296720187,1,"cpufreq",1248000.000000
813420296888937,0,"cpufreq",1132800.000000
813420296891541,1,"cpufreq",1132800.000000
813420297304301,0,"cpufreq",902400.000000
813420297306697,1,"cpufreq",902400.000000
813420297372218,0,"cpufreq",1132800.000000
813420297373989,1,"cpufreq",1132800.000000
813420297461124,0,"cpufreq",902400.000000
813420297462635,1,"cpufreq",902400.000000
813420297530760,0,"cpufreq",787200.000000
813420297532218,1,"cpufreq",787200.000000
813420297539666,5,"cpufreq",729600.000000
813420297540760,6,"cpufreq",729600.000000
813420297872374,5,"cpufreq",614400.000000
813420297873885,6,"cpufreq",614400.000000
813420298346541,0,"cpufreq",902400.000000
813420298347687,1,"cpufreq",902400.000000
813420298354874,5,"cpufreq",499200.000000
813420298356228,6,"cpufreq",499200.000000
813420298631853,5,"cpufreq",614400.000000
813420298634405,6,"cpufreq",614400.000000
813420298909093,5,"cpufreq",499200.000000
813420298912530,6,"cpufreq",499200.000000
813420299112530,5,"cpufreq",614400.000000
813420299114145,6,"cpufreq",614400.000000
813420299324614,5,"cpufreq",499200.000000
813420299326280,6,"cpufreq",499200.000000
813420299446020,0,"cpufreq",1132800.000000
813420299449301,1,"cpufreq",1132800.000000
813420299461958,5,"cpufreq",960000.000000
813420299465968,6,"cpufreq",960000.000000
813420299689614,0,"cpufreq",1689600.000000
813420299691905,1,"cpufreq",1689600.000000
813420299700239,5,"cpufreq",729600.000000
813420299702374,6,"cpufreq",729600.000000
813420300209353,0,"cpufreq",1804800.000000
813420300210708,1,"cpufreq",1804800.000000
813420300216958,5,"cpufreq",614400.000000
813420300218051,6,"cpufreq",614400.000000
813420302740135,5,"cpufreq",499200.000000
813420302742166,6,"cpufreq",499200.000000
813420305479301,0,"cpufreq",1689600.000000
813420305481333,1,"cpufreq",1689600.000000
813420305765551,0,"cpufreq",1459200.000000
813420305767270,1,"cpufreq",1459200.000000
813420306185135,0,"cpufreq",1689600.000000
813420306186593,1,"cpufreq",1689600.000000
813420306193468,5,"cpufreq",614400.000000
813420306194770,6,"cpufreq",614400.000000
813420306869510,0,"cpufreq",902400.000000
813420306871020,1,"cpufreq",902400.000000
813420306875343,5,"cpufreq",844800.000000
813420306876385,6,"cpufreq",844800.000000
813420307236489,0,"cpufreq",1689600.000000
813420307238416,1,"cpufreq",1689600.000000
813420307247166,5,"cpufreq",499200.000000
813420307248989,6,"cpufreq",499200.000000
813420307416228,0,"cpufreq",1344000.000000
813420307417947,1,"cpufreq",1344000.000000
813420307433572,5,"cpufreq",614400.000000
813420307436176,6,"cpufreq",614400.000000
813420314656905,0,"cpufreq",1689600.000000
813420314659197,1,"cpufreq",1689600.000000
813420314665187,5,"cpufreq",499200.000000
813420314668208,6,"cpufreq",499200.000000
813420315418051,0,"cpufreq",1804800.000000
813420315419822,1,"cpufreq",1804800.000000
813420316475708,0,"cpufreq",1132800.000000
813420316477322,1,"cpufreq",1132800.000000
813420316729145,5,"cpufreq",1075200.000000
813420316731228,6,"cpufreq",1075200.000000
813420316818833,5,"cpufreq",1190400.000000
813420316819458,6,"cpufreq",1190400.000000
813420316859353,0,"cpufreq",672000.000000
813420316861489,1,"cpufreq",672000.000000
813420317053155,0,"cpufreq",1804800.000000
813420317055655,1,"cpufreq",1804800.000000
813420317065603,5,"cpufreq",729600.000000
813420317068364,6,"cpufreq",729600.000000
813420317166280,5,"cpufreq",499200.000000
813420317167530,6,"cpufreq",499200.000000
813420317365968,5,"cpufreq",614400.000000
813420317367999,6,"cpufreq",614400.000000
813420317642374,5,"cpufreq",499200.000000
813420317643989,6,"cpufreq",499200.000000
813420317782426,0,"cpufreq",1248000.000000
813420317784041,1,"cpufreq",1248000.000000
813420317794041,5,"cpufreq",1075200.000000
813420317795551,6,"cpufreq",1075200.000000
813420318094822,0,"cpufreq",1804800.000000
813420318096489,1,"cpufreq",1804800.000000
813420318102791,5,"cpufreq",499200.000000
813420318104301,6,"cpufreq",499200.000000
813420324406333,0,"cpufreq",1132800.000000
813420324408312,1,"cpufreq",1132800.000000
813420324419301,5,"cpufreq",1190400.000000
813420324420708,6,"cpufreq",1190400.000000
813420324635447,5,"cpufreq",499200.000000
813420324636385,6,"cpufreq",499200.000000
813420324709458,0,"cpufreq",1804800.000000
813420324711697,1,"cpufreq",1804800.000000
813420324920812,0,"cpufreq",1132800.000000
813420324922739,1,"cpufreq",1132800.000000
813420324931228,5,"cpufreq",1190400.000000
813420324933364,6,"cpufreq",1190400.000000
813420325132166,0,"cpufreq",1017600.000000
813420325132791,1,"cpufreq",1017600.000000
813420327499770,0,"cpufreq",1459200.000000
813420327501541,1,"cpufreq",1459200.000000
813420328224145,0,"cpufreq",1017600.000000
813420328224822,1,"cpufreq",1017600.000000
813420328229353,5,"cpufreq",960000.000000
813420328230030,6,"cpufreq",960000.000000
813420328256645,5,"cpufreq",1190400.000000
813420328258728,6,"cpufreq",1190400.000000
813420328524978,0,"cpufreq",672000.000000
813420328525655,1,"cpufreq",672000.000000
813420328708885,0,"cpufreq",1804800.000000
813420328712739,1,"cpufreq",1804800.000000
813420328726958,5,"cpufreq",499200.000000
813420328731176,6,"cpufreq",499200.000000
813420331674562,0,"cpufreq",1344000.000000
813420331676593,1,"cpufreq",1344000.000000
813420331687583,5,"cpufreq",1075200.000000
813420331688833,6,"cpufreq",1075200.000000
813420331802062,0,"cpufreq",1248000.000000
813420331803520,1,"cpufreq",1248000.000000
813420331809093,5,"cpufreq",1190400.000000
813420331809614,6,"cpufreq",1190400.000000
813420332318103,0,"cpufreq",1804800.000000
813420332318780,1,"cpufreq",1804800.000000
813420332401645,0,"cpufreq",1248000.000000
813420332404562,1,"cpufreq",1248000.000000
813420332409926,5,"cpufreq",1075200.000000
813420332411697,6,"cpufreq",1075200.000000
813420332497114,5,"cpufreq",844800.000000
813420332500187,6,"cpufreq",844800.000000
813420332539770,5,"cpufreq",1190400.000000
813420332540499,6,"cpufreq",1190400.000000
813420335300187,5,"cpufreq",1075200.000000
813420335301280,6,"cpufreq",1075200.000000
813420335399405,0,"cpufreq",1132800.000000
813420335400291,1,"cpufreq",1132800.000000
813420335405551,5,"cpufreq",1190400.000000
813420335406333,6,"cpufreq",1190400.000000
813420335603468,5,"cpufreq",1075200.000000
813420335604301,6,"cpufreq",1075200.000000
813420335688937,0,"cpufreq",1804800.000000
813420335691385,1,"cpufreq",1804800.000000
813420335699562,5,"cpufreq",499200.000000
813420335702583,6,"cpufreq",499200.000000
813420336018572,0,"cpufreq",1017600.000000
813420336020239,1,"cpufreq",1017600.000000
813420336027791,5,"cpufreq",1075200.000000
813420336029249,6,"cpufreq",1075200.000000
813420336193572,0,"cpufreq",902400.000000
813420336194405,1,"cpufreq",902400.000000
813420336199353,5,"cpufreq",1190400.000000
813420336200187,6,"cpufreq",1190400.000000
813420336380291,5,"cpufreq",1075200.000000
813420336383468,6,"cpufreq",1075200.000000
813420336505395,0,"cpufreq",1804800.000000
813420336508155,1,"cpufreq",1804800.000000
813420336516385,5,"cpufreq",499200.000000
813420336519926,6,"cpufreq",499200.000000
813420339101385,0,"cpufreq",1248000.000000
813420339105239,1,"cpufreq",1248000.000000
813420339122947,5,"cpufreq",1075200.000000
813420339125655,6,"cpufreq",1075200.000000
813420339408103,0,"cpufreq",1574400.000000
813420339408833,1,"cpufreq",1574400.000000
813420339416593,5,"cpufreq",1190400.000000
813420339417114,6,"cpufreq",1190400.000000
813420339473260,0,"cpufreq",1459200.000000
813420339473937,1,"cpufreq",1459200.000000
813420340459405,0,"cpufreq",672000.000000
813420340460603,1,"cpufreq",672000.000000
813420341309093,0,"cpufreq",1689600.000000
813420341313572,1,"cpufreq",1689600.000000
813420341423676,0,"cpufreq",1574400.000000
813420341424926,1,"cpufreq",1574400.000000
813420341861593,0,"cpufreq",1459200.000000
813420341862739,1,"cpufreq",1459200.000000
813420342466333,5,"cpufreq",729600.000000
813420342468676,6,"cpufreq",729600.000000
813420342920603,5,"cpufreq",844800.000000
813420342922114,6,"cpufreq",844800.000000
813420344296853,0,"cpufreq",1574400.000000
813420344299093,1,"cpufreq",1574400.000000
813420344305812,5,"cpufreq",729600.000000
813420344307843,6,"cpufreq",729600.000000
813420346576072,2,"cpufreq",1401600.000000
813420346577739,3,"cpufreq",1401600.000000
813420346579301,4,"cpufreq",1401600.000000
813420346625655,5,"cpufreq",499200.000000
813420346627530,6,"cpufreq",499200.000000
813420347767322,0,"cpufreq",1804800.000000
813420347768780,1,"cpufreq",1804800.000000
813420348042270,2,"cpufreq",614400.000000
813420348043208,3,"cpufreq",614400.000000
813420348044145,4,"cpufreq",614400.000000
813420348049718,5,"cpufreq",614400.000000
813420348050655,6,"cpufreq",614400.000000
813420348420447,0,"cpufreq",1574400.000000
813420348423989,1,"cpufreq",1574400.000000
813420348430083,5,"cpufreq",844800.000000
813420348431072,6,"cpufreq",844800.000000
813420348879197,0,"cpufreq",1248000.000000
813420348880187,1,"cpufreq",1248000.000000
813420348886176,5,"cpufreq",614400.000000
813420348887374,6,"cpufreq",614400.000000
813420350657739,0,"cpufreq",902400.000000
813420350658989,1,"cpufreq",902400.000000
813420350666072,5,"cpufreq",960000.000000
813420350667270,6,"cpufreq",960000.000000
813420351012218,0,"cpufreq",1344000.000000
813420351015135,1,"cpufreq",1344000.000000
813420351026176,5,"cpufreq",614400.000000
813420351028937,6,"cpufreq",614400.000000
813420351436333,0,"cpufreq",1689600.000000
813420351439041,1,"cpufreq",1689600.000000
813420351563208,0,"cpufreq",1344000.000000
813420351565135,1,"cpufreq",1344000.000000
813420351572791,5,"cpufreq",729600.000000
813420351573989,6,"cpufreq",729600.000000
813420351775083,0,"cpufreq",1459200.000000
813420351777218,1,"cpufreq",1459200.000000
813420351868780,0,"cpufreq",1804800.000000
813420351870603,1,"cpufreq",1804800.000000
813420351894822,5,"cpufreq",614400.000000
813420351896541,6,"cpufreq",614400.000000
813420352055395,0,"cpufreq",1344000.000000
813420352056645,1,"cpufreq",1344000.000000
813420352064249,5,"cpufreq",844800.000000
813420352066072,6,"cpufreq",844800.000000
813420352517426,0,"cpufreq",1804800.000000
813420352519405,1,"cpufreq",1804800.000000
813420352525395,5,"cpufreq",614400.000000
813420352527374,6,"cpufreq",614400.000000
813420352609874,5,"cpufreq",499200.000000
813420352613520,6,"cpufreq",499200.000000
813420356430135,0,"cpufreq",902400.000000
813420356431853,1,"cpufreq",902400.000000
813420356441124,5,"cpufreq",1075200.000000
813420356442530,6,"cpufreq",1075200.000000
813420356541385,5,"cpufreq",1190400.000000
813420356543155,6,"cpufreq",1190400.000000
813420357867583,0,"cpufreq",1804800.000000
813420357870603,1,"cpufreq",1804800.000000
813420357881801,5,"cpufreq",499200.000000
813420357884822,6,"cpufreq",499200.000000
813420358174197,5,"cpufreq",729600.000000
813420358175499,6,"cpufreq",729600.000000
813420358390760,0,"cpufreq",1344000.000000
813420358391958,1,"cpufreq",1344000.000000
813420358398624,5,"cpufreq",1075200.000000
813420358399562,6,"cpufreq",1075200.000000
813420358501801,0,"cpufreq",902400.000000
813420358502687,1,"cpufreq",902400.000000
813420358506749,5,"cpufreq",1190400.000000
813420358507322,6,"cpufreq",1190400.000000
813420358588833,5,"cpufreq",1075200.000000
813420358590968,6,"cpufreq",1075200.000000
813420358701072,0,"cpufreq",787200.000000
813420358701853,1,"cpufreq",787200.000000
813420358707478,5,"cpufreq",1190400.000000
813420358708833,6,"cpufreq",1190400.000000
813420358742374,0,"cpufreq",1017600.000000
813420358746228,1,"cpufreq",1017600.000000
813420358810864,5,"cpufreq",1075200.000000
813420358814978,6,"cpufreq",1075200.000000
813420358889197,0,"cpufreq",672000.000000
813420358890083,1,"cpufreq",672000.000000
813420359173155,5,"cpufreq",1190400.000000
813420359174353,6,"cpufreq",1190400.000000
813420359315447,0,"cpufreq",1804800.000000
813420359319614,1,"cpufreq",1804800.000000
813420359331697,5,"cpufreq",499200.000000
813420359335395,6,"cpufreq",499200.000000
813420360331280,0,"cpufreq",787200.000000
813420360332374,1,"cpufreq",787200.000000
813420360339458,5,"cpufreq",1075200.000000
813420360340916,6,"cpufreq",1075200.000000
813420360540083,0,"cpufreq",902400.000000
813420360541437,1,"cpufreq",902400.000000
813420360625812,5,"cpufreq",1190400.000000
813420360626593,6,"cpufreq",1190400.000000
813420360657687,0,"cpufreq",672000.000000
813420360658676,1,"cpufreq",672000.000000
813420360850916,5,"cpufreq",1075200.000000
813420360853833,6,"cpufreq",1075200.000000
813420361012270,5,"cpufreq",1190400.000000
813420361012999,6,"cpufreq",1190400.000000
813420361107114,0,"cpufreq",1804800.000000
813420361109614,1,"cpufreq",1804800.000000
813420361119510,5,"cpufreq",499200.000000
813420361122270,6,"cpufreq",499200.000000
813420361304614,0,"cpufreq",672000.000000
813420361306020,1,"cpufreq",672000.000000
813420361315343,5,"cpufreq",1075200.000000
813420361316905,6,"cpufreq",1075200.000000
813420361911072,5,"cpufreq",1190400.000000
813420361912010,6,"cpufreq",1190400.000000
813420363415708,0,"cpufreq",787200.000000
813420363416489,1,"cpufreq",787200.000000
813420363664510,0,"cpufreq",1017600.000000
813420363667947,1,"cpufreq",1017600.000000
813420365786280,0,"cpufreq",1248000.000000
813420365787114,1,"cpufreq",1248000.000000
813420365930708,0,"cpufreq",1017600.000000
813420365931697,1,"cpufreq",1017600.000000
813420366020187,0,"cpufreq",902400.000000
813420366021176,1,"cpufreq",902400.000000
813420366094405,0,"cpufreq",787200.000000
813420366095083,1,"cpufreq",787200.000000
813420367020968,0,"cpufreq",1017600.000000
813420367023208,1,"cpufreq",1017600.000000
813420367032530,5,"cpufreq",1075200.000000
813420367034666,6,"cpufreq",1075200.000000
813420368536280,0,"cpufreq",1459200.000000
813420368539093,1,"cpufreq",1459200.000000
813420370040968,0,"cpufreq",1804800.000000
813420370042218,1,"cpufreq",1804800.000000
813420371427791,5,"cpufreq",1190400.000000
813420371429562,6,"cpufreq",1190400.000000
813420380087426,0,"cpufreq",2265600.000000
813420380088989,1,"cpufreq",2265600.000000
813420382671697,2,"cpufreq",729600.000000
813420382672583,3,"cpufreq",729600.000000
813420382673208,4,"cpufreq",729600.000000
813420383047114,2,"cpufreq",1401600.000000
813420383047947,3,"cpufreq",1401600.000000
813420383048676,4,"cpufreq",1401600.000000
813420383611749,2,"cpufreq",729600.000000
813420383612999,3,"cpufreq",729600.000000
813420383613728,4,"cpufreq",729600.000000
813420384165395,2,"cpufreq",1401600.000000
813420384166072,3,"cpufreq",1401600.000000
813420384166645,4,"cpufreq",1401600.000000
813420384296020,2,"cpufreq",729600.000000
813420384296801,3,"cpufreq",729600.000000
813420384297374,4,"cpufreq",729600.000000
813420387325708,2,"cpufreq",844800.000000
813420387326489,3,"cpufreq",844800.000000
813420387327218,4,"cpufreq",844800.000000
813420387446801,2,"cpufreq",2707200.000000
813420387447947,3,"cpufreq",2707200.000000
813420387448728,4,"cpufreq",2707200.000000
813420388562062,2,"cpufreq",2572800.000000
813420388562843,3,"cpufreq",2572800.000000
813420388563103,4,"cpufreq",2572800.000000
813420388798208,2,"cpufreq",2707200.000000
813420388798676,3,"cpufreq",2707200.000000
813420388798989,4,"cpufreq",2707200.000000
813420388960916,7,"cpufreq",2246400.000000
813420389846489,7,"cpufreq",672000.000000
813420390136124,2,"cpufreq",2323200.000000
813420390136541,3,"cpufreq",2323200.000000
813420390136749,4,"cpufreq",2323200.000000
813420390708780,2,"cpufreq",844800.000000
813420390709249,3,"cpufreq",844800.000000
813420390709666,4,"cpufreq",844800.000000
813420391821801,2,"cpufreq",1708800.000000
813420391822895,3,"cpufreq",1708800.000000
813420391823624,4,"cpufreq",1708800.000000
813420392197114,2,"cpufreq",844800.000000
813420392197791,3,"cpufreq",844800.000000
813420392198208,4,"cpufreq",844800.000000
813420395082895,2,"cpufreq",1612800.000000
813420395084770,3,"cpufreq",1612800.000000
813420395085655,4,"cpufreq",1612800.000000
813420395253676,2,"cpufreq",1190400.000000
813420395254770,3,"cpufreq",1190400.000000
813420395255239,4,"cpufreq",1190400.000000
813420395414405,2,"cpufreq",2131200.000000
813420395415291,3,"cpufreq",2131200.000000
813420395416020,4,"cpufreq",2131200.000000
813420395491958,2,"cpufreq",2707200.000000
813420395493103,3,"cpufreq",2707200.000000
813420395493676,4,"cpufreq",2707200.000000
813420395500447,5,"cpufreq",2707200.000000
813420395500864,6,"cpufreq",2707200.000000
813420396037687,7,"cpufreq",2246400.000000
813420404392322,7,"cpufreq",1248000.000000
813420408061853,7,"cpufreq",672000.000000
813420435867530,0,"cpufreq",1248000.000000
813420435869197,1,"cpufreq",1248000.000000
813420436163832,0,"cpufreq",1459200.000000
813420436164405,1,"cpufreq",1459200.000000
813420440290916,0,"cpufreq",1248000.000000
813420440292478,1,"cpufreq",1248000.000000
813420440428312,0,"cpufreq",1574400.000000
813420440430603,1,"cpufreq",1574400.000000
813420440483989,0,"cpufreq",1689600.000000
813420440484562,1,"cpufreq",1689600.000000
813420441502895,0,"cpufreq",1574400.000000
813420441504041,1,"cpufreq",1574400.000000
813420444154978,0,"cpufreq",1920000.000000
813420444156801,1,"cpufreq",1920000.000000
813420446346697,0,"cpufreq",2265600.000000
813420446347114,1,"cpufreq",2265600.000000
813420446891749,0,"cpufreq",1920000.000000
813420446892270,1,"cpufreq",1920000.000000
813420447842895,0,"cpufreq",2265600.000000
813420447843468,1,"cpufreq",2265600.000000
813420450025916,0,"cpufreq",2150400.000000
813420450026280,1,"cpufreq",2150400.000000
813420450921437,0,"cpufreq",2265600.000000
813420450921957,1,"cpufreq",2265600.000000
813420460273780,0,"cpufreq",1574400.000000
813420460275082,1,"cpufreq",1574400.000000
813420464027062,0,"cpufreq",1689600.000000
813420464028103,1,"cpufreq",1689600.000000
813420464065864,0,"cpufreq",2265600.000000
813420464067895,1,"cpufreq",2265600.000000
813420464114041,0,"cpufreq",1689600.000000
813420464115707,1,"cpufreq",1689600.000000
813420464407791,0,"cpufreq",1804800.000000
813420464408103,1,"cpufreq",1804800.000000
813420464483624,0,"cpufreq",2035200.000000
813420464485135,1,"cpufreq",2035200.000000
813420464574978,0,"cpufreq",2265600.000000
813420464576801,1,"cpufreq",2265600.000000
813420464858103,0,"cpufreq",2035200.000000
813420464858468,1,"cpufreq",2035200.000000
813420464961697,0,"cpufreq",1920000.000000
813420464962218,1,"cpufreq",1920000.000000
813420465177791,0,"cpufreq",2265600.000000
813420465178260,1,"cpufreq",2265600.000000
813420465309874,0,"cpufreq",2035200.000000
813420465310239,1,"cpufreq",2035200.000000
813420465668728,0,"cpufreq",2265600.000000
813420465670187,1,"cpufreq",2265600.000000
813420465955968,0,"cpufreq",2150400.000000
813420465957218,1,"cpufreq",2150400.000000
813420466286437,0,"cpufreq",2265600.000000
813420466286957,1,"cpufreq",2265600.000000
813420483387322,0,"cpufreq",2035200.000000
813420483388416,1,"cpufreq",2035200.000000
813420483525603,0,"cpufreq",1689600.000000
813420483527166,1,"cpufreq",1689600.000000
813420483856176,0,"cpufreq",1920000.000000
813420483857218,1,"cpufreq",1920000.000000
813420484167374,0,"cpufreq",2265600.000000
813420484169041,1,"cpufreq",2265600.000000
813420484378155,0,"cpufreq",1920000.000000
813420484379405,1,"cpufreq",1920000.000000
813420488152582,0,"cpufreq",2150400.000000
813420488154197,1,"cpufreq",2150400.000000
813420488174822,0,"cpufreq",2265600.000000
813420488175968,1,"cpufreq",2265600.000000
813420488278624,0,"cpufreq",2150400.000000
813420488279874,1,"cpufreq",2150400.000000
813420488291280,0,"cpufreq",2265600.000000
813420488292114,1,"cpufreq",2265600.000000
813420488387582,0,"cpufreq",1920000.000000
813420488387947,1,"cpufreq",1920000.000000
813420488417687,0,"cpufreq",2035200.000000
813420488418937,1,"cpufreq",2035200.000000
813420489826385,0,"cpufreq",2265600.000000
813420489827478,1,"cpufreq",2265600.000000
813420500289197,0,"cpufreq",2150400.000000
813420500289562,1,"cpufreq",2150400.000000
813420500860395,0,"cpufreq",2035200.000000
813420500860812,1,"cpufreq",2035200.000000
813420503407739,0,"cpufreq",2150400.000000
813420503408260,1,"cpufreq",2150400.000000
813420503584041,0,"cpufreq",2265600.000000
813420503584405,1,"cpufreq",2265600.000000
813420507069249,0,"cpufreq",2150400.000000
813420507069666,1,"cpufreq",2150400.000000
813420507416280,0,"cpufreq",2265600.000000
813420507417166,1,"cpufreq",2265600.000000
813420515632062,2,"cpufreq",2323200.000000
813420515633364,3,"cpufreq",2323200.000000
813420515634510,4,"cpufreq",2323200.000000
813420515641593,5,"cpufreq",2323200.000000
813420515642739,6,"cpufreq",2323200.000000
813420517341124,2,"cpufreq",2438400.000000
813420517341593,3,"cpufreq",2438400.000000
813420517341853,4,"cpufreq",2438400.000000
813420517344926,5,"cpufreq",2438400.000000
813420517345239,6,"cpufreq",2438400.000000
813420517914926,2,"cpufreq",2707200.000000
813420517915395,3,"cpufreq",2707200.000000
813420517915707,4,"cpufreq",2707200.000000
813420517918780,5,"cpufreq",2707200.000000
813420517919197,6,"cpufreq",2707200.000000
813420518213260,0,"cpufreq",2035200.000000
813420518214197,1,"cpufreq",2035200.000000
813420518319301,0,"cpufreq",2265600.000000
813420518320291,1,"cpufreq",2265600.000000
813420521330030,0,"cpufreq",2035200.000000
813420521330499,1,"cpufreq",2035200.000000
813420521560082,0,"cpufreq",2265600.000000
813420521561541,1,"cpufreq",2265600.000000
813420532269093,0,"cpufreq",1804800.000000
813420532269614,1,"cpufreq",1804800.000000
813420532440343,0,"cpufreq",2265600.000000
813420532440707,1,"cpufreq",2265600.000000
813420536013728,0,"cpufreq",2150400.000000
813420536015082,1,"cpufreq",2150400.000000
813420536241749,0,"cpufreq",2035200.000000
813420536242114,1,"cpufreq",2035200.000000
813420536401020,0,"cpufreq",2150400.000000
813420536401280,1,"cpufreq",2150400.000000
813420536439249,0,"cpufreq",2035200.000000
813420536439666,1,"cpufreq",2035200.000000
813420536491801,0,"cpufreq",2150400.000000
813420536492114,1,"cpufreq",2150400.000000
813420538350291,0,"cpufreq",2265600.000000
813420538351749,1,"cpufreq",2265600.000000
813420550748103,0,"cpufreq",1132800.000000
813420550748624,1,"cpufreq",1132800.000000
813420555436228,0,"cpufreq",1804800.000000
813420555436749,1,"cpufreq",1804800.000000
813420558996853,0,"cpufreq",2150400.000000
813420558998468,1,"cpufreq",2150400.000000
813420559316957,0,"cpufreq",1804800.000000
813420559317322,1,"cpufreq",1804800.000000
813420560863989,0,"cpufreq",2265600.000000
813420560865499,1,"cpufreq",2265600.000000
813420561152687,0,"cpufreq",1804800.000000
813420561153155,1,"cpufreq",1804800.000000
813420561263937,0,"cpufreq",2265600.000000
813420561264353,1,"cpufreq",2265600.000000
813420562092062,0,"cpufreq",1920000.000000
813420562092426,1,"cpufreq",1920000.000000
813420563586332,0,"cpufreq",2265600.000000
813420563587843,1,"cpufreq",2265600.000000
813420572262739,0,"cpufreq",1574400.000000
813420572263572,1,"cpufreq",1574400.000000
813420572338312,0,"cpufreq",2265600.000000
813420572338728,1,"cpufreq",2265600.000000
813420573176020,0,"cpufreq",1574400.000000
813420573176853,1,"cpufreq",1574400.000000
813420574950968,0,"cpufreq",2265600.000000
813420574952687,1,"cpufreq",2265600.000000
813420576226072,0,"cpufreq",1689600.000000
813420576226593,1,"cpufreq",1689600.000000
813420576245812,0,"cpufreq",2150400.000000
813420576246280,1,"cpufreq",2150400.000000
813420576420760,0,"cpufreq",1920000.000000
813420576423051,1,"cpufreq",1920000.000000
813420577162843,0,"cpufreq",2265600.000000
813420577163780,1,"cpufreq",2265600.000000
813420577502687,0,"cpufreq",1804800.000000
813420577503155,1,"cpufreq",1804800.000000
813420577964457,0,"cpufreq",2150400.000000
813420577965655,1,"cpufreq",2150400.000000
813420578439301,0,"cpufreq",2265600.000000
813420578440239,1,"cpufreq",2265600.000000
813420579438780,0,"cpufreq",2035200.000000
813420579439614,1,"cpufreq",2035200.000000
813420579595551,0,"cpufreq",2265600.000000
813420579595968,1,"cpufreq",2265600.000000
813420579706957,0,"cpufreq",2035200.000000
813420579707530,1,"cpufreq",2035200.000000
813420579723520,0,"cpufreq",2265600.000000
813420579723989,1,"cpufreq",2265600.000000
813420582202739,0,"cpufreq",2035200.000000
813420582203207,1,"cpufreq",2035200.000000
813420584194510,0,"cpufreq",2150400.000000
813420584196124,1,"cpufreq",2150400.000000
813420584352218,0,"cpufreq",2265600.000000
813420584352635,1,"cpufreq",2265600.000000
813420584593103,0,"cpufreq",2035200.000000
813420584593624,1,"cpufreq",2035200.000000
813420584729405,0,"cpufreq",2265600.000000
813420584730395,1,"cpufreq",2265600.000000
813420584772947,0,"cpufreq",2035200.000000
813420584773989,1,"cpufreq",2035200.000000
813420588131385,0,"cpufreq",1459200.000000
813420588131801,1,"cpufreq",1459200.000000
813420591777426,0,"cpufreq",1574400.000000
813420591778780,1,"cpufreq",1574400.000000
813420592209197,0,"cpufreq",1459200.000000
813420592210864,1,"cpufreq",1459200.000000
813420592402166,0,"cpufreq",2150400.000000
813420592402582,1,"cpufreq",2150400.000000
813420592871957,0,"cpufreq",2265600.000000
813420592872791,1,"cpufreq",2265600.000000
813420593061124,0,"cpufreq",1344000.000000
813420593061905,1,"cpufreq",1344000.000000
813420593161801,0,"cpufreq",1248000.000000
813420593162114,1,"cpufreq",1248000.000000
813420593410082,0,"cpufreq",1574400.000000
813420593411645,1,"cpufreq",1574400.000000
813420596121072,0,"cpufreq",2035200.000000
813420596121541,1,"cpufreq",2035200.000000
813420596327895,0,"cpufreq",2265600.000000
813420596328832,1,"cpufreq",2265600.000000
813420597883416,0,"cpufreq",1804800.000000
813420597883885,1,"cpufreq",1804800.000000
813420598782374,0,"cpufreq",1459200.000000
813420598784041,1,"cpufreq",1459200.000000
813420600253468,0,"cpufreq",1689600.000000
813420600253780,1,"cpufreq",1689600.000000
813420600373728,0,"cpufreq",2265600.000000
813420600375551,1,"cpufreq",2265600.000000
813420602279301,0,"cpufreq",1689600.000000
813420602279770,1,"cpufreq",1689600.000000
813420603952635,0,"cpufreq",2265600.000000
813420603953937,1,"cpufreq",2265600.000000
813420612217270,0,"cpufreq",1689600.000000
813420612218416,1,"cpufreq",1689600.000000
813420615311957,0,"cpufreq",2035200.000000
813420615313051,1,"cpufreq",2035200.000000
813420615655447,0,"cpufreq",1689600.000000
813420615656437,1,"cpufreq",1689600.000000
813420616260395,0,"cpufreq",1804800.000000
813420616261489,1,"cpufreq",1804800.000000
813420618462374,0,"cpufreq",1920000.000000
813420618463364,1,"cpufreq",1920000.000000
813420619470551,0,"cpufreq",1574400.000000
813420619472166,1,"cpufreq",1574400.000000
813420619962999,0,"cpufreq",2150400.000000
813420619964666,1,"cpufreq",2150400.000000
813420620181749,0,"cpufreq",1459200.000000
813420620182530,1,"cpufreq",1459200.000000
813420621775603,0,"cpufreq",2265600.000000
813420621777530,1,"cpufreq",2265600.000000
813420621982687,0,"cpufreq",1689600.000000
813420621983832,1,"cpufreq",1689600.000000
813420622710812,0,"cpufreq",1459200.000000
813420622712374,1,"cpufreq",1459200.000000
813420623159041,0,"cpufreq",1344000.000000
813420623159457,1,"cpufreq",1344000.000000
813420624154197,0,"cpufreq",1459200.000000
813420624154770,1,"cpufreq",1459200.000000
813420624412947,0,"cpufreq",2265600.000000
813420624413468,1,"cpufreq",2265600.000000
813420636197791,0,"cpufreq",1459200.000000
813420636198989,1,"cpufreq",1459200.000000
813420636372947,0,"cpufreq",2265600.000000
813420636374978,1,"cpufreq",2265600.000000
813420636881697,0,"cpufreq",1459200.000000
813420636882010,1,"cpufreq",1459200.000000
813420637038207,0,"cpufreq",2265600.000000
813420637039457,1,"cpufreq",2265600.000000
813420637397947,0,"cpufreq",1459200.000000
813420637398260,1,"cpufreq",1459200.000000
813420638790082,0,"cpufreq",2265600.000000
813420638791280,1,"cpufreq",2265600.000000
813420638995968,0,"cpufreq",1804800.000000
813420638996332,1,"cpufreq",1804800.000000
813420639215707,0,"cpufreq",2265600.000000
813420639216905,1,"cpufreq",2265600.000000
813420639752843,0,"cpufreq",1459200.000000
813420639753780,1,"cpufreq",1459200.000000
813420639952166,0,"cpufreq",2265600.000000
813420639953416,1,"cpufreq",2265600.000000
813420640073312,0,"cpufreq",1459200.000000
813420640073728,1,"cpufreq",1459200.000000
813420640364093,0,"cpufreq",2265600.000000
813420640365916,1,"cpufreq",2265600.000000
813420640661020,0,"cpufreq",1689600.000000
813420640661437,1,"cpufreq",1689600.000000
813420640811385,0,"cpufreq",1459200.000000
813420640811697,1,"cpufreq",1459200.000000
813420640953520,0,"cpufreq",787200.000000
813420640953885,1,"cpufreq",787200.000000
813420641053103,0,"cpufreq",2265600.000000
813420641056437,1,"cpufreq",2265600.000000
813420641178989,0,"cpufreq",1459200.000000
813420641179301,1,"cpufreq",1459200.000000
813420641308103,0,"cpufreq",787200.000000
813420641309510,1,"cpufreq",787200.000000
813420641867530,0,"cpufreq",1344000.000000
813420641869718,1,"cpufreq",1344000.000000
813420643002478,0,"cpufreq",1248000.000000
813420643002843,1,"cpufreq",1248000.000000
813420643072530,0,"cpufreq",1344000.000000
813420643072843,1,"cpufreq",1344000.000000
813420643152999,0,"cpufreq",2035200.000000
813420643155082,1,"cpufreq",2035200.000000
813420643388051,0,"cpufreq",2265600.000000
813420643389405,1,"cpufreq",2265600.000000
813420643882687,0,"cpufreq",1574400.000000
813420643883155,1,"cpufreq",1574400.000000
813420644188937,0,"cpufreq",1804800.000000
813420644190135,1,"cpufreq",1804800.000000
813420644259874,0,"cpufreq",1920000.000000
813420644260291,1,"cpufreq",1920000.000000
813420644372791,0,"cpufreq",2265600.000000
813420644373155,1,"cpufreq",2265600.000000
813420645252895,0,"cpufreq",2150400.000000
813420645253364,1,"cpufreq",2150400.000000
813420645848624,0,"cpufreq",2265600.000000
813420645850082,1,"cpufreq",2265600.000000
813420646820812,0,"cpufreq",1459200.000000
813420646821957,1,"cpufreq",1459200.000000
813420648391020,0,"cpufreq",2265600.000000
813420648392999,1,"cpufreq",2265600.000000
813420648643937,0,"cpufreq",2150400.000000
813420648644405,1,"cpufreq",2150400.000000
813420649025603,0,"cpufreq",2265600.000000
813420649026853,1,"cpufreq",2265600.000000
813420649222635,0,"cpufreq",1459200.000000
813420649223051,1,"cpufreq",1459200.000000
813420651417166,0,"cpufreq",2265600.000000
813420651419457,1,"cpufreq",2265600.000000
813420668337322,0,"cpufreq",2035200.000000
813420668337791,1,"cpufreq",2035200.000000
813420668467947,0,"cpufreq",2265600.000000
813420668468989,1,"cpufreq",2265600.000000
813420672270916,0,"cpufreq",2150400.000000
813420672271280,1,"cpufreq",2150400.000000
813420672774041,0,"cpufreq",2265600.000000
813420672774562,1,"cpufreq",2265600.000000
813420685247062,0,"cpufreq",1920000.000000
813420685248051,1,"cpufreq",1920000.000000
813420685793572,0,"cpufreq",2265600.000000
813420685793989,1,"cpufreq",2265600.000000
813420686190812,0,"cpufreq",1920000.000000
813420686191176,1,"cpufreq",1920000.000000
813420687122062,0,"cpufreq",2265600.000000
813420687122999,1,"cpufreq",2265600.000000
813420688165395,0,"cpufreq",1920000.000000
813420688165812,1,"cpufreq",1920000.000000
813420688188884,0,"cpufreq",2035200.000000
813420688189249,1,"cpufreq",2035200.000000
813420688301905,0,"cpufreq",2150400.000000
813420688302322,1,"cpufreq",2150400.000000
813420688362582,0,"cpufreq",2265600.000000
813420688363051,1,"cpufreq",2265600.000000
813420691390707,0,"cpufreq",2035200.000000
813420691391020,1,"cpufreq",2035200.000000
813420696215551,0,"cpufreq",1804800.000000
813420696217114,1,"cpufreq",1804800.000000
813420696339770,0,"cpufreq",2265600.000000
813420696340864,1,"cpufreq",2265600.000000
813420696717426,0,"cpufreq",2035200.000000
813420696717687,1,"cpufreq",2035200.000000
813420697226280,0,"cpufreq",2265600.000000
813420697227322,1,"cpufreq",2265600.000000
813420697573780,0,"cpufreq",1689600.000000
813420697574249,1,"cpufreq",1689600.000000
813420697645082,0,"cpufreq",2265600.000000
813420697645551,1,"cpufreq",2265600.000000
813420699734041,0,"cpufreq",1248000.000000
813420699734457,1,"cpufreq",1248000.000000
813420701044614,0,"cpufreq",1344000.000000
813420701045082,1,"cpufreq",1344000.000000
813420704242478,0,"cpufreq",1459200.000000
813420704242947,1,"cpufreq",1459200.000000
813420704291072,0,"cpufreq",2265600.000000
813420704291489,1,"cpufreq",2265600.000000
813420704437791,0,"cpufreq",2150400.000000
813420704438103,1,"cpufreq",2150400.000000
813420705219770,0,"cpufreq",2265600.000000
813420705220603,1,"cpufreq",2265600.000000
813420708379145,0,"cpufreq",2035200.000000
813420708379614,1,"cpufreq",2035200.000000
813420708393207,0,"cpufreq",2265600.000000
813420708393572,1,"cpufreq",2265600.000000
813420709099093,0,"cpufreq",1920000.000000
813420709099509,1,"cpufreq",1920000.000000
813420712634718,0,"cpufreq",2265600.000000
813420712636280,1,"cpufreq",2265600.000000
813420724587687,0,"cpufreq",672000.000000
813420724588728,1,"cpufreq",672000.000000
813420724662426,0,"cpufreq",787200.000000
813420724662947,1,"cpufreq",787200.000000
813420724771645,0,"cpufreq",1132800.000000
813420724771957,1,"cpufreq",1132800.000000
813420724873780,0,"cpufreq",2265600.000000
813420724875395,1,"cpufreq",2265600.000000
813420725764666,0,"cpufreq",787200.000000
813420725765030,1,"cpufreq",787200.000000
813420726182426,0,"cpufreq",902400.000000
813420726184718,1,"cpufreq",902400.000000
813420727114249,0,"cpufreq",2265600.000000
813420727116072,1,"cpufreq",2265600.000000
813420727355707,0,"cpufreq",787200.000000
813420727356228,1,"cpufreq",787200.000000
813420727789457,0,"cpufreq",2265600.000000
813420727792843,1,"cpufreq",2265600.000000
813420728000447,0,"cpufreq",787200.000000
813420728000759,1,"cpufreq",787200.000000
813420728234405,0,"cpufreq",902400.000000
813420728236645,1,"cpufreq",902400.000000
813420728296489,0,"cpufreq",2265600.000000
813420728296905,1,"cpufreq",2265600.000000
813420728362166,0,"cpufreq",787200.000000
813420728363312,1,"cpufreq",787200.000000
813420728864093,0,"cpufreq",1459200.000000
813420728864666,1,"cpufreq",1459200.000000
813420729446853,0,"cpufreq",2265600.000000
813420729448051,1,"cpufreq",2265600.000000
813420729678780,0,"cpufreq",902400.000000
813420729679562,1,"cpufreq",902400.000000
813420729812166,0,"cpufreq",787200.000000
813420729812582,1,"cpufreq",787200.000000
813420731403989,0,"cpufreq",1017600.000000
813420731404457,1,"cpufreq",1017600.000000
813420732281332,0,"cpufreq",902400.000000
813420732284093,1,"cpufreq",902400.000000
813420732447999,0,"cpufreq",1017600.000000
813420732450239,1,"cpufreq",1017600.000000
813420736426697,0,"cpufreq",2265600.000000
813420736429509,1,"cpufreq",2265600.000000
813420736955030,0,"cpufreq",902400.000000
813420736955499,1,"cpufreq",902400.000000
813420739549562,0,"cpufreq",2265600.000000
813420739550030,1,"cpufreq",2265600.000000
813420777003051,0,"cpufreq",1689600.000000
813420777003937,1,"cpufreq",1689600.000000
813420779402582,0,"cpufreq",1459200.000000
813420779403103,1,"cpufreq",1459200.000000
813420781288676,0,"cpufreq",1920000.000000
813420781289041,1,"cpufreq",1920000.000000
813420782371332,0,"cpufreq",1459200.000000
813420782371801,1,"cpufreq",1459200.000000
813420782587374,0,"cpufreq",2265600.000000
813420782588989,1,"cpufreq",2265600.000000
813420783336645,0,"cpufreq",1459200.000000
813420783337218,1,"cpufreq",1459200.000000
813420783509874,0,"cpufreq",1689600.000000
813420783510239,1,"cpufreq",1689600.000000
813420784954301,0,"cpufreq",2265600.000000
813420784957530,1,"cpufreq",2265600.000000
813420785282270,0,"cpufreq",1689600.000000
813420785283832,1,"cpufreq",1689600.000000
813420786324301,0,"cpufreq",1459200.000000
813420786325187,1,"cpufreq",1459200.000000
813420786609405,0,"cpufreq",1689600.000000
813420786609666,1,"cpufreq",1689600.000000
813420788153364,0,"cpufreq",2265600.000000
813420788153884,1,"cpufreq",2265600.000000
813420796708884,2,"cpufreq",2438400.000000
813420796709405,3,"cpufreq",2438400.000000
813420796709718,4,"cpufreq",2438400.000000
813420796713520,5,"cpufreq",2438400.000000
813420796713989,6,"cpufreq",2438400.000000
813420797019874,2,"cpufreq",2707200.000000
813420797020239,3,"cpufreq",2707200.000000
813420797020499,4,"cpufreq",2707200.000000
813420797068312,5,"cpufreq",2707200.000000
813420797068728,6,"cpufreq",2707200.000000
813420800561280,2,"cpufreq",2515200.000000
813420800561593,3,"cpufreq",2515200.000000
813420800561853,4,"cpufreq",2515200.000000
813420800565082,5,"cpufreq",2515200.000000
813420800565499,6,"cpufreq",2515200.000000
813420800769822,2,"cpufreq",2707200.000000
813420800771072,3,"cpufreq",2707200.000000
813420800772166,4,"cpufreq",2707200.000000
813420803489562,5,"cpufreq",2707200.000000
813420803491176,6,"cpufreq",2707200.000000
813420828915499,0,"cpufreq",1804800.000000
813420828916072,1,"cpufreq",1804800.000000
813420832348937,0,"cpufreq",2265600.000000
813420832349405,1,"cpufreq",2265600.000000
813420837470134,0,"cpufreq",1689600.000000
813420837470499,1,"cpufreq",1689600.000000
813420837856541,0,"cpufreq",1920000.000000
813420837858207,1,"cpufreq",1920000.000000
813420840211801,0,"cpufreq",2265600.000000
813420840212322,1,"cpufreq",2265600.000000
813420856276853,0,"cpufreq",1459200.000000
813420856278259,1,"cpufreq",1459200.000000
813420857080603,0,"cpufreq",1920000.000000
813420857082426,1,"cpufreq",1920000.000000
813420859412687,0,"cpufreq",2265600.000000
813420859414301,1,"cpufreq",2265600.000000
813420868114770,2,"cpufreq",729600.000000
813420868115291,3,"cpufreq",729600.000000
813420868115551,4,"cpufreq",729600.000000
813420868119926,5,"cpufreq",729600.000000
813420868120395,6,"cpufreq",729600.000000
813420868392895,0,"cpufreq",1920000.000000
813420868394249,1,"cpufreq",1920000.000000
813420868408780,2,"cpufreq",2323200.000000
813420868410030,3,"cpufreq",2323200.000000
813420868411280,4,"cpufreq",2323200.000000
813420868422218,5,"cpufreq",2323200.000000
813420868424041,6,"cpufreq",2323200.000000
813420875443051,0,"cpufreq",902400.000000
813420875444249,1,"cpufreq",902400.000000
813420875457739,2,"cpufreq",2707200.000000
813420875458572,3,"cpufreq",2707200.000000
813420875459978,4,"cpufreq",2707200.000000
813420875475759,5,"cpufreq",2707200.000000
813420875477739,6,"cpufreq",2707200.000000
813420880444093,0,"cpufreq",1132800.000000
813420880447478,1,"cpufreq",1132800.000000
813420880482843,0,"cpufreq",1804800.000000
813420880483468,1,"cpufreq",1804800.000000
813420883437009,0,"cpufreq",2265600.000000
813420883439301,1,"cpufreq",2265600.000000
813420883451228,2,"cpufreq",614400.000000
813420883452582,3,"cpufreq",614400.000000
813420883454561,4,"cpufreq",614400.000000
813420883465030,5,"cpufreq",499200.000000
813420883466645,6,"cpufreq",499200.000000
813420889350134,5,"cpufreq",729600.000000
813420889352270,6,"cpufreq",729600.000000
813420892203832,5,"cpufreq",499200.000000
813420892206801,6,"cpufreq",499200.000000
813420892346541,0,"cpufreq",787200.000000
813420892347634,1,"cpufreq",787200.000000
813420892361228,2,"cpufreq",2707200.000000
813420892362009,3,"cpufreq",2707200.000000
813420892362947,4,"cpufreq",2707200.000000
813420892377999,5,"cpufreq",2707200.000000
813420892380134,6,"cpufreq",2707200.000000
813420892517582,0,"cpufreq",2265600.000000
813420892519614,1,"cpufreq",2265600.000000
813420896145343,0,"cpufreq",787200.000000
813420896146176,1,"cpufreq",787200.000000
813420900237686,0,"cpufreq",672000.000000
813420900241593,1,"cpufreq",672000.000000
813420900276228,2,"cpufreq",2515200.000000
813420900278676,3,"cpufreq",2515200.000000
813420900281020,4,"cpufreq",2515200.000000
813420900305186,5,"cpufreq",2515200.000000
813420900307947,6,"cpufreq",2515200.000000
813420900422791,0,"cpufreq",1459200.000000
813420900425291,1,"cpufreq",1459200.000000
813420903263311,0,"cpufreq",2150400.000000
813420903264509,1,"cpufreq",2150400.000000
813420908122634,2,"cpufreq",614400.000000
813420908122947,3,"cpufreq",614400.000000
813420908123259,4,"cpufreq",614400.000000
813420908126749,5,"cpufreq",499200.000000
813420908127009,6,"cpufreq",499200.000000
813420908925343,0,"cpufreq",2265600.000000
813420908927322,1,"cpufreq",2265600.000000
813420912181593,0,"cpufreq",2150400.000000
813420912183051,1,"cpufreq",2150400.000000
813420916193051,0,"cpufreq",2265600.000000
813420916194978,1,"cpufreq",2265600.000000
813420916346905,0,"cpufreq",1017600.000000
813420916348676,1,"cpufreq",1017600.000000
813420916361436,2,"cpufreq",2707200.000000
813420916363051,3,"cpufreq",2707200.000000
813420916364093,4,"cpufreq",2707200.000000
813420916372895,5,"cpufreq",2707200.000000
813420916374301,6,"cpufreq",2707200.000000
813420922643936,0,"cpufreq",1689600.000000
813420922646853,1,"cpufreq",1689600.000000
813420924126124,0,"cpufreq",2035200.000000
813420924126489,1,"cpufreq",2035200.000000
813420924130655,2,"cpufreq",2515200.000000
813420924131436,3,"cpufreq",2515200.000000
813420924131645,4,"cpufreq",2515200.000000
813420924135395,5,"cpufreq",2515200.000000
813420924135811,6,"cpufreq",2515200.000000
813420928131645,0,"cpufreq",1459200.000000
813420928131957,1,"cpufreq",1459200.000000
813420932184093,0,"cpufreq",2265600.000000
813420932187061,1,"cpufreq",2265600.000000
813420932200655,2,"cpufreq",614400.000000
813420932202530,3,"cpufreq",614400.000000
813420932204197,4,"cpufreq",614400.000000
813420932213676,5,"cpufreq",499200.000000
813420932215603,6,"cpufreq",499200.000000
813420940383728,0,"cpufreq",672000.000000
813420940384666,1,"cpufreq",672000.000000
813420940390082,5,"cpufreq",1190400.000000
813420940391072,6,"cpufreq",1190400.000000
813420944784614,0,"cpufreq",787200.000000
813420944788364,1,"cpufreq",787200.000000
813420948167114,0,"cpufreq",672000.000000
813420948169353,1,"cpufreq",672000.000000
813420956228468,0,"cpufreq",902400.000000
813420956234405,1,"cpufreq",902400.000000
813420956260134,5,"cpufreq",499200.000000
813420956264197,6,"cpufreq",499200.000000
813420960237061,0,"cpufreq",672000.000000
813420960238780,1,"cpufreq",672000.000000
813420964220395,0,"cpufreq",2265600.000000
813420964226176,1,"cpufreq",2265600.000000
813420988171020,0,"cpufreq",2035200.000000
813420988172634,1,"cpufreq",2035200.000000
813420988186957,5,"cpufreq",729600.000000
813420988188311,6,"cpufreq",729600.000000
813420988301280,0,"cpufreq",2150400.000000
813420988302166,1,"cpufreq",2150400.000000
813420996148832,0,"cpufreq",672000.000000
813420996150239,1,"cpufreq",672000.000000
813420996164509,5,"cpufreq",960000.000000
813420996165916,6,"cpufreq",960000.000000
813421001038155,0,"cpufreq",902400.000000
813421001041176,1,"cpufreq",902400.000000
813421003198832,0,"cpufreq",1689600.000000
813421003200864,1,"cpufreq",1689600.000000
813421003825343,5,"cpufreq",1190400.000000
813421003825968,6,"cpufreq",1190400.000000
813421003975186,0,"cpufreq",1920000.000000
813421003976280,1,"cpufreq",1920000.000000
813421004174926,0,"cpufreq",672000.000000
813421004176593,1,"cpufreq",672000.000000
813421005965030,0,"cpufreq",1248000.000000
813421005968989,1,"cpufreq",1248000.000000
813421008266124,0,"cpufreq",672000.000000
813421008266749,1,"cpufreq",672000.000000
813421012151072,0,"cpufreq",1344000.000000
813421012152009,1,"cpufreq",1344000.000000
813421016272478,0,"cpufreq",1459200.000000
813421016273259,1,"cpufreq",1459200.000000
813421020195291,0,"cpufreq",672000.000000
813421020196593,1,"cpufreq",672000.000000
813421040659249,0,"cpufreq",902400.000000
813421040663832,1,"cpufreq",902400.000000
813421044199926,0,"cpufreq",787200.000000
813421044204822,1,"cpufreq",787200.000000
813421044232843,5,"cpufreq",499200.000000
813421044236124,6,"cpufreq",499200.000000
813421048396384,0,"cpufreq",902400.000000
813421048400395,1,"cpufreq",902400.000000
813421052231541,0,"cpufreq",2265600.000000
813421052234041,1,"cpufreq",2265600.000000
813421053205030,0,"cpufreq",1017600.000000
813421053207478,1,"cpufreq",1017600.000000
813421053218780,5,"cpufreq",614400.000000
813421053219926,6,"cpufreq",614400.000000
813421056202843,0,"cpufreq",672000.000000
813421056204509,1,"cpufreq",672000.000000
813421059813624,0,"cpufreq",1344000.000000
813421059819093,1,"cpufreq",1344000.000000
813421059849666,5,"cpufreq",844800.000000
813421059853207,6,"cpufreq",844800.000000
813421064288311,0,"cpufreq",1248000.000000
813421064289457,1,"cpufreq",1248000.000000
813421068169301,0,"cpufreq",672000.000000
813421068171436,1,"cpufreq",672000.000000
813421068188311,5,"cpufreq",1075200.000000
813421068190811,6,"cpufreq",1075200.000000
813421075823989,5,"cpufreq",1190400.000000
813421075824509,6,"cpufreq",1190400.000000
813421078841957,0,"cpufreq",1804800.000000
813421078844978,1,"cpufreq",1804800.000000
813421079347270,0,"cpufreq",1920000.000000
813421079348364,1,"cpufreq",1920000.000000
813421080227374,0,"cpufreq",1804800.000000
813421080228676,1,"cpufreq",1804800.000000
813421080359353,0,"cpufreq",2265600.000000
813421080360030,1,"cpufreq",2265600.000000
813421080661593,0,"cpufreq",1132800.000000
813421080662582,1,"cpufreq",1132800.000000
813421080898520,0,"cpufreq",2265600.000000
813421080900239,1,"cpufreq",2265600.000000
813421092155395,0,"cpufreq",1344000.000000
813421092156697,1,"cpufreq",1344000.000000
813421096330343,0,"cpufreq",1248000.000000
813421096331124,1,"cpufreq",1248000.000000
813421100191384,0,"cpufreq",902400.000000
813421100193832,1,"cpufreq",902400.000000
813421104410968,0,"cpufreq",1920000.000000
813421104413155,1,"cpufreq",1920000.000000
813421104735447,0,"cpufreq",1132800.000000
813421104736853,1,"cpufreq",1132800.000000
813421104822270,0,"cpufreq",1017600.000000
813421104823259,1,"cpufreq",1017600.000000
813421105564249,0,"cpufreq",1689600.000000
813421105565916,1,"cpufreq",1689600.000000
813421107459718,0,"cpufreq",672000.000000
813421107461072,1,"cpufreq",672000.000000
813421107474978,5,"cpufreq",960000.000000
813421107476697,6,"cpufreq",960000.000000
813421111881436,0,"cpufreq",787200.000000
813421111885186,1,"cpufreq",787200.000000
813421115472061,0,"cpufreq",672000.000000
813421115475238,1,"cpufreq",672000.000000
813421115505447,5,"cpufreq",1190400.000000
813421115509301,6,"cpufreq",1190400.000000
813421132216176,0,"cpufreq",1017600.000000
813421132221905,1,"cpufreq",1017600.000000
813421132249197,5,"cpufreq",729600.000000
813421132254457,6,"cpufreq",729600.000000
813421132447634,0,"cpufreq",902400.000000
813421132450447,1,"cpufreq",902400.000000
813421132538936,0,"cpufreq",672000.000000
813421132540655,1,"cpufreq",672000.000000
813421132547582,5,"cpufreq",960000.000000
813421132548676,6,"cpufreq",960000.000000
813421140205238,5,"cpufreq",1190400.000000
813421140209874,6,"cpufreq",1190400.000000
813421160460916,0,"cpufreq",1132800.000000
813421160463936,1,"cpufreq",1132800.000000
813421164232218,0,"cpufreq",2265600.000000
813421164235343,1,"cpufreq",2265600.000000
813421164261697,5,"cpufreq",499200.000000
813421164263832,6,"cpufreq",499200.000000
813421176254770,5,"cpufreq",729600.000000
813421176256280,6,"cpufreq",729600.000000
813421180164874,5,"cpufreq",499200.000000
813421180167791,6,"cpufreq",499200.000000
813421188892738,5,"cpufreq",1190400.000000
813421188895186,6,"cpufreq",1190400.000000
813421196181697,0,"cpufreq",672000.000000
813421196183363,1,"cpufreq",672000.000000
813421206055186,0,"cpufreq",787200.000000
813421206059145,1,"cpufreq",787200.000000
813421206293520,0,"cpufreq",672000.000000
813421206294405,1,"cpufreq",672000.000000
813421206852374,0,"cpufreq",1248000.000000
813421206853155,1,"cpufreq",1248000.000000
813421206998155,0,"cpufreq",787200.000000
813421207000395,1,"cpufreq",787200.000000
813421207560759,0,"cpufreq",672000.000000
813421207563936,1,"cpufreq",672000.000000
813421207602686,0,"cpufreq",902400.000000
813421207603520,1,"cpufreq",902400.000000
813421208254926,0,"cpufreq",1017600.000000
813421208257686,1,"cpufreq",1017600.000000
813421208351645,0,"cpufreq",787200.000000
813421208352582,1,"cpufreq",787200.000000
813421208722270,0,"cpufreq",1017600.000000
813421208724718,1,"cpufreq",1017600.000000
813421209341280,0,"cpufreq",1574400.000000
813421209344197,1,"cpufreq",1574400.000000
813421209564561,0,"cpufreq",1248000.000000
813421209565551,1,"cpufreq",1248000.000000
813421209639874,0,"cpufreq",902400.000000
813421209640968,1,"cpufreq",902400.000000
813421209695916,0,"cpufreq",1248000.000000
813421209698676,1,"cpufreq",1248000.000000
813421209990343,0,"cpufreq",672000.000000
813421209991697,1,"cpufreq",672000.000000
813421211429822,0,"cpufreq",1344000.000000
813421211432530,1,"cpufreq",1344000.000000
813421220180863,0,"cpufreq",672000.000000
813421220182634,1,"cpufreq",672000.000000
813421237686280,0,"cpufreq",787200.000000
813421237688936,1,"cpufreq",787200.000000
813421240469093,0,"cpufreq",1132800.000000
813421240473207,1,"cpufreq",1132800.000000
813421244188468,0,"cpufreq",1689600.000000
813421244192218,1,"cpufreq",1689600.000000
813421244212530,5,"cpufreq",499200.000000
813421244215238,6,"cpufreq",499200.000000
813421248285603,0,"cpufreq",1132800.000000
813421248287218,1,"cpufreq",1132800.000000
813421248435395,0,"cpufreq",1248000.000000
813421248436905,1,"cpufreq",1248000.000000
813421252188676,0,"cpufreq",2265600.000000
813421252192530,1,"cpufreq",2265600.000000
813421276167426,0,"cpufreq",787200.000000
813421276168988,1,"cpufreq",787200.000000
813421276179978,5,"cpufreq",614400.000000
813421276181645,6,"cpufreq",614400.000000
813421284215916,0,"cpufreq",672000.000000
813421284218624,1,"cpufreq",672000.000000
813421284236801,5,"cpufreq",844800.000000
813421284237947,6,"cpufreq",844800.000000
813421289162061,0,"cpufreq",787200.000000
813421289166384,1,"cpufreq",787200.000000
813421292163832,5,"cpufreq",1075200.000000
813421292164926,6,"cpufreq",1075200.000000
813421300134041,0,"cpufreq",672000.000000
813421300136436,1,"cpufreq",672000.000000
813421300166957,5,"cpufreq",1190400.000000
813421300169405,6,"cpufreq",1190400.000000
813421307527634,0,"cpufreq",1344000.000000
813421307530238,1,"cpufreq",1344000.000000
813421308184770,0,"cpufreq",1132800.000000
813421308186853,1,"cpufreq",1132800.000000
813421310550030,0,"cpufreq",1344000.000000
813421310550707,1,"cpufreq",1344000.000000
813421311766280,0,"cpufreq",902400.000000
813421311767686,1,"cpufreq",902400.000000
813421312222999,0,"cpufreq",1344000.000000
813421312224509,1,"cpufreq",1344000.000000
813421313762947,0,"cpufreq",1689600.000000
813421313764249,1,"cpufreq",1689600.000000
813421314677113,0,"cpufreq",1344000.000000
813421314678832,1,"cpufreq",1344000.000000
813421315302999,0,"cpufreq",1689600.000000
813421315304978,1,"cpufreq",1689600.000000
813421315421332,0,"cpufreq",1574400.000000
813421315422374,1,"cpufreq",1574400.000000
813421315744353,0,"cpufreq",2265600.000000
813421315745551,1,"cpufreq",2265600.000000
813421316201332,0,"cpufreq",1574400.000000
813421316202165,1,"cpufreq",1574400.000000
813421316406749,0,"cpufreq",2265600.000000
813421316407947,1,"cpufreq",2265600.000000
813421320175134,0,"cpufreq",1574400.000000
813421320175968,1,"cpufreq",1574400.000000
813421324168311,0,"cpufreq",1248000.000000
813421324169770,1,"cpufreq",1248000.000000
813421332187530,0,"cpufreq",1920000.000000
813421332189822,1,"cpufreq",1920000.000000
813421332210499,5,"cpufreq",499200.000000
813421332212790,6,"cpufreq",499200.000000
813421332519145,0,"cpufreq",2035200.000000
813421332520707,1,"cpufreq",2035200.000000
813421332604613,5,"cpufreq",729600.000000
813421332605707,6,"cpufreq",729600.000000
813421332662009,0,"cpufreq",1132800.000000
813421332663988,1,"cpufreq",1132800.000000
813421332673624,5,"cpufreq",1075200.000000
813421332674718,6,"cpufreq",1075200.000000
813421332993103,0,"cpufreq",1017600.000000
813421332994613,1,"cpufreq",1017600.000000
813421336160551,0,"cpufreq",672000.000000
813421336161228,1,"cpufreq",672000.000000
813421340221072,5,"cpufreq",1190400.000000
813421340225968,6,"cpufreq",1190400.000000
813421353536384,0,"cpufreq",1017600.000000
813421353538988,1,"cpufreq",1017600.000000
813421356185759,0,"cpufreq",1248000.000000
813421356188520,1,"cpufreq",1248000.000000
813421356208363,5,"cpufreq",1075200.000000
813421356211228,6,"cpufreq",1075200.000000
813421356690186,0,"cpufreq",902400.000000
813421356692270,1,"cpufreq",902400.000000
813421356856749,0,"cpufreq",672000.000000
813421356857843,1,"cpufreq",672000.000000
813421356963520,5,"cpufreq",1190400.000000
813421356964405,6,"cpufreq",1190400.000000
813421384372113,0,"cpufreq",902400.000000
813421384376072,1,"cpufreq",902400.000000
813421386047999,0,"cpufreq",787200.000000
813421386049874,1,"cpufreq",787200.000000
813421386419249,0,"cpufreq",672000.000000
813421386420030,1,"cpufreq",672000.000000
813421387510395,0,"cpufreq",1344000.000000
813421387512999,1,"cpufreq",1344000.000000
813421387538207,5,"cpufreq",499200.000000
813421387541593,6,"cpufreq",499200.000000
813421388201228,5,"cpufreq",960000.000000
813421388203155,6,"cpufreq",960000.000000
813421388437061,0,"cpufreq",672000.000000
813421388438311,1,"cpufreq",672000.000000
813421388445343,5,"cpufreq",614400.000000
813421388446176,6,"cpufreq",614400.000000
813421392187895,0,"cpufreq",787200.000000
813421392189145,1,"cpufreq",787200.000000
813421396220186,0,"cpufreq",672000.000000
813421396224197,1,"cpufreq",672000.000000
813421396258936,5,"cpufreq",844800.000000
813421396262738,6,"cpufreq",844800.000000
813421404198207,5,"cpufreq",1075200.000000
813421404200447,6,"cpufreq",1075200.000000
813421405948884,0,"cpufreq",1132800.000000
813421405952999,1,"cpufreq",1132800.000000
813421407494561,0,"cpufreq",672000.000000
813421407495655,1,"cpufreq",672000.000000
813421407599301,0,"cpufreq",1248000.000000
813421407603103,1,"cpufreq",1248000.000000
813421407841228,0,"cpufreq",672000.000000
813421407842061,1,"cpufreq",672000.000000
813421408944353,0,"cpufreq",1017600.000000
813421408947165,1,"cpufreq",1017600.000000
813421409803051,0,"cpufreq",672000.000000
813421409805707,1,"cpufreq",672000.000000
813421410038103,0,"cpufreq",1017600.000000
813421410041853,1,"cpufreq",1017600.000000
813421412194561,5,"cpufreq",1190400.000000
813421412196645,6,"cpufreq",1190400.000000
813421412469040,0,"cpufreq",902400.000000
813421412469770,1,"cpufreq",902400.000000
813421416226332,0,"cpufreq",1017600.000000
813421416229040,1,"cpufreq",1017600.000000
813421419860915,0,"cpufreq",1344000.000000
813421419863676,1,"cpufreq",1344000.000000
813421419882530,5,"cpufreq",844800.000000
813421419885134,6,"cpufreq",844800.000000
813421420223936,0,"cpufreq",902400.000000
813421420225030,1,"cpufreq",902400.000000
813421424361853,5,"cpufreq",960000.000000
813421424365082,6,"cpufreq",960000.000000
813421425844145,0,"cpufreq",1017600.000000
813421425845030,1,"cpufreq",1017600.000000
813421427075915,0,"cpufreq",672000.000000
813421427077165,1,"cpufreq",672000.000000
813421427083103,5,"cpufreq",844800.000000
813421427083988,6,"cpufreq",844800.000000
813421427508936,0,"cpufreq",787200.000000
813421427512738,1,"cpufreq",787200.000000
813421427538103,5,"cpufreq",1190400.000000
813421427543103,6,"cpufreq",1190400.000000
813421427765343,0,"cpufreq",672000.000000
813421427766332,1,"cpufreq",672000.000000
813421452168520,0,"cpufreq",902400.000000
813421452169822,1,"cpufreq",902400.000000
813421452178155,5,"cpufreq",729600.000000
813421452179249,6,"cpufreq",729600.000000
813421452387530,5,"cpufreq",844800.000000
813421452391488,6,"cpufreq",844800.000000
813421453817790,0,"cpufreq",1804800.000000
813421453819353,1,"cpufreq",1804800.000000
813421456172218,0,"cpufreq",1459200.000000
813421456173155,1,"cpufreq",1459200.000000
813421456177478,5,"cpufreq",729600.000000
813421456178103,6,"cpufreq",729600.000000
813421456887478,0,"cpufreq",1574400.000000
813421456890030,1,"cpufreq",1574400.000000
813421460196228,0,"cpufreq",1804800.000000
813421460200395,1,"cpufreq",1804800.000000
813421460216905,5,"cpufreq",499200.000000
813421460218832,6,"cpufreq",499200.000000
813421464383207,5,"cpufreq",1075200.000000
813421464385499,6,"cpufreq",1075200.000000
813421464582999,0,"cpufreq",672000.000000
813421464584770,1,"cpufreq",672000.000000
813421467848363,5,"cpufreq",1190400.000000
813421467851436,6,"cpufreq",1190400.000000
813421478807009,0,"cpufreq",1804800.000000
813421478809822,1,"cpufreq",1804800.000000
813421484186801,5,"cpufreq",499200.000000
813421484189926,6,"cpufreq",499200.000000
813421484355134,5,"cpufreq",614400.000000
813421484356697,6,"cpufreq",614400.000000
813421484472478,0,"cpufreq",1344000.000000
813421484474665,1,"cpufreq",1344000.000000
813421484483728,5,"cpufreq",1190400.000000
813421484485395,6,"cpufreq",1190400.000000
813421484751384,0,"cpufreq",672000.000000
813421484752009,1,"cpufreq",672000.000000
813421501874145,0,"cpufreq",1132800.000000
813421501878363,1,"cpufreq",1132800.000000
813421503263624,0,"cpufreq",672000.000000
813421503264770,1,"cpufreq",672000.000000
813421503586593,0,"cpufreq",787200.000000
813421503587270,1,"cpufreq",787200.000000
813421504347478,0,"cpufreq",902400.000000
813421504351020,1,"cpufreq",902400.000000
813421504649457,0,"cpufreq",787200.000000
813421504650447,1,"cpufreq",787200.000000
813421504809457,0,"cpufreq",672000.000000
813421504810499,1,"cpufreq",672000.000000
813421504871957,0,"cpufreq",1132800.000000
813421504872738,1,"cpufreq",1132800.000000
813421504947478,0,"cpufreq",672000.000000
813421504948051,1,"cpufreq",672000.000000
813421506483728,0,"cpufreq",787200.000000
813421506486488,1,"cpufreq",787200.000000
813421523530499,0,"cpufreq",672000.000000
813421523531488,1,"cpufreq",672000.000000
813421531766957,5,"cpufreq",614400.000000
813421531770759,6,"cpufreq",614400.000000
813421536418051,0,"cpufreq",1017600.000000
813421536422842,1,"cpufreq",1017600.000000
813421537132947,0,"cpufreq",672000.000000
813421537134978,1,"cpufreq",672000.000000
813421540224822,0,"cpufreq",1804800.000000
813421540230238,1,"cpufreq",1804800.000000
813421540261749,5,"cpufreq",499200.000000
813421540265499,6,"cpufreq",499200.000000
813421564173363,5,"cpufreq",729600.000000
813421564174770,6,"cpufreq",729600.000000
813421568236749,5,"cpufreq",499200.000000
813421568238207,6,"cpufreq",499200.000000
813421571839092,0,"cpufreq",1689600.000000
813421571840655,1,"cpufreq",1689600.000000
813421572339613,5,"cpufreq",844800.000000
813421572341540,6,"cpufreq",844800.000000
813421572537738,0,"cpufreq",1804800.000000
813421572538780,1,"cpufreq",1804800.000000
813421572543676,5,"cpufreq",499200.000000
813421572544770,6,"cpufreq",499200.000000
813421573393363,5,"cpufreq",729600.000000
813421573395238,6,"cpufreq",729600.000000
813421574069665,5,"cpufreq",499200.000000
813421574071280,6,"cpufreq",499200.000000
813421574369353,5,"cpufreq",729600.000000
813421574370863,6,"cpufreq",729600.000000
813421575202322,5,"cpufreq",844800.000000
813421575204092,6,"cpufreq",844800.000000
813421576633259,5,"cpufreq",499200.000000
813421576634197,6,"cpufreq",499200.000000
813421578321124,5,"cpufreq",614400.000000
813421578322842,6,"cpufreq",614400.000000
813421579545707,5,"cpufreq",1075200.000000
813421579547165,6,"cpufreq",1075200.000000
813421580271749,5,"cpufreq",1190400.000000
813421580273936,6,"cpufreq",1190400.000000
813421595407374,5,"cpufreq",960000.000000
813421595408259,6,"cpufreq",960000.000000
813421596930134,5,"cpufreq",1190400.000000
813421596931905,6,"cpufreq",1190400.000000
813421603492478,5,"cpufreq",1075200.000000
813421603494561,6,"cpufreq",1075200.000000
813421604251020,0,"cpufreq",1248000.000000
813421604252270,1,"cpufreq",1248000.000000
813421608251436,0,"cpufreq",1344000.000000
813421608252270,1,"cpufreq",1344000.000000
813421608610759,0,"cpufreq",1248000.000000
813421608611488,1,"cpufreq",1248000.000000
813421608640342,0,"cpufreq",1344000.000000
813421608641801,1,"cpufreq",1344000.000000
813421608833728,0,"cpufreq",1248000.000000
813421608834561,1,"cpufreq",1248000.000000
813421609138415,0,"cpufreq",1344000.000000
813421609139978,1,"cpufreq",1344000.000000
813421612181801,0,"cpufreq",1132800.000000
813421612183363,1,"cpufreq",1132800.000000
813421612193311,5,"cpufreq",1190400.000000
813421612194040,6,"cpufreq",1190400.000000
813421620188676,0,"cpufreq",672000.000000
813421620191124,1,"cpufreq",672000.000000
813421628372061,5,"cpufreq",1075200.000000
813421628376332,6,"cpufreq",1075200.000000
813421628546645,5,"cpufreq",1190400.000000
813421628550915,6,"cpufreq",1190400.000000
813421636160238,0,"cpufreq",1804800.000000
813421636161228,1,"cpufreq",1804800.000000
813421636172165,5,"cpufreq",499200.000000
813421636173259,6,"cpufreq",499200.000000
813421641972009,5,"cpufreq",614400.000000
813421641974822,6,"cpufreq",614400.000000
813421642492322,5,"cpufreq",499200.000000
813421642493832,6,"cpufreq",499200.000000
813421644183155,5,"cpufreq",614400.000000
813421644185863,6,"cpufreq",614400.000000
813421651981645,5,"cpufreq",499200.000000
813421651983780,6,"cpufreq",499200.000000
813421668179249,0,"cpufreq",1574400.000000
813421668180863,1,"cpufreq",1574400.000000
813421668541332,0,"cpufreq",1804800.000000
813421668544040,1,"cpufreq",1804800.000000
813421700364405,5,"cpufreq",729600.000000
813421700365551,6,"cpufreq",729600.000000
813421700483363,5,"cpufreq",499200.000000
813421700484353,6,"cpufreq",499200.000000
813421708178780,0,"cpufreq",672000.000000
813421708180551,1,"cpufreq",672000.000000
813421708194561,5,"cpufreq",844800.000000
813421708197738,6,"cpufreq",844800.000000
813421716215603,5,"cpufreq",1190400.000000
813421716220603,6,"cpufreq",1190400.000000
813421716957270,5,"cpufreq",1075200.000000
813421716961332,6,"cpufreq",1075200.000000
813421724277790,5,"cpufreq",1190400.000000
813421724281853,6,"cpufreq",1190400.000000
813421736710915,0,"cpufreq",787200.000000
813421736713936,1,"cpufreq",787200.000000
813421737066957,0,"cpufreq",672000.000000
813421737067999,1,"cpufreq",672000.000000
813421740097061,5,"cpufreq",844800.000000
813421740102061,6,"cpufreq",844800.000000
813421748209197,5,"cpufreq",1190400.000000
813421748211592,6,"cpufreq",1190400.000000
813421763567738,0,"cpufreq",902400.000000
813421763571853,1,"cpufreq",902400.000000
813421763599874,5,"cpufreq",960000.000000
813421763604457,6,"cpufreq",960000.000000
813421764285655,0,"cpufreq",672000.000000
813421764288519,1,"cpufreq",672000.000000
813421764817686,5,"cpufreq",1075200.000000
813421764818988,6,"cpufreq",1075200.000000
813421772217947,5,"cpufreq",1190400.000000
813421772222374,6,"cpufreq",1190400.000000
813421788798572,0,"cpufreq",787200.000000
813421788799457,1,"cpufreq",787200.000000
813421788847009,0,"cpufreq",672000.000000
813421788847634,1,"cpufreq",672000.000000
813421803288259,0,"cpufreq",1017600.000000
813421803291072,1,"cpufreq",1017600.000000
813421803970186,0,"cpufreq",1344000.000000
813421803972061,1,"cpufreq",1344000.000000
813421804261384,0,"cpufreq",902400.000000
813421804263832,1,"cpufreq",902400.000000
813421804559353,0,"cpufreq",672000.000000
813421804561436,1,"cpufreq",672000.000000
813421806284769,0,"cpufreq",787200.000000
813421806290499,1,"cpufreq",787200.000000
813421806768884,0,"cpufreq",672000.000000
813421806772061,1,"cpufreq",672000.000000
813421807385915,0,"cpufreq",1017600.000000
813421807386905,1,"cpufreq",1017600.000000
813421807544405,0,"cpufreq",902400.000000
813421807545499,1,"cpufreq",902400.000000
813421807650342,0,"cpufreq",1248000.000000
813421807652322,1,"cpufreq",1248000.000000
813421807732894,0,"cpufreq",672000.000000
813421807733572,1,"cpufreq",672000.000000
813421807998572,0,"cpufreq",1017600.000000
813421807999509,1,"cpufreq",1017600.000000
813421808482582,0,"cpufreq",672000.000000
813421808483311,1,"cpufreq",672000.000000
813421809376072,0,"cpufreq",787200.000000
813421809379926,1,"cpufreq",787200.000000
813421809740290,0,"cpufreq",672000.000000
813421809741280,1,"cpufreq",672000.000000
813421811379665,0,"cpufreq",1344000.000000
813421811380915,1,"cpufreq",1344000.000000
813421820159665,0,"cpufreq",672000.000000
813421820161801,1,"cpufreq",672000.000000
813421836232217,0,"cpufreq",902400.000000
813421836236801,1,"cpufreq",902400.000000
813421840687217,0,"cpufreq",787200.000000
813421840687894,1,"cpufreq",787200.000000
813421841653572,0,"cpufreq",902400.000000
813421841654457,1,"cpufreq",902400.000000
813421843106644,0,"cpufreq",1017600.000000
813421843107530,1,"cpufreq",1017600.000000
813421844155030,0,"cpufreq",1344000.000000
813421844155967,1,"cpufreq",1344000.000000
813421844167322,5,"cpufreq",499200.000000
813421844168363,6,"cpufreq",499200.000000
813421852202842,0,"cpufreq",1804800.000000
813421852204249,1,"cpufreq",1804800.000000
813421879787686,5,"cpufreq",729600.000000
813421879789040,6,"cpufreq",729600.000000
813421880299509,5,"cpufreq",499200.000000
813421880301488,6,"cpufreq",499200.000000
813421888352790,5,"cpufreq",614400.000000
813421888354092,6,"cpufreq",614400.000000
813421892166905,5,"cpufreq",499200.000000
813421892168572,6,"cpufreq",499200.000000
813421904466749,5,"cpufreq",614400.000000
813421904469457,6,"cpufreq",614400.000000
813421905262165,5,"cpufreq",499200.000000
813421905263676,6,"cpufreq",499200.000000
813421905286540,5,"cpufreq",729600.000000
813421905288155,6,"cpufreq",729600.000000
813421905396801,5,"cpufreq",614400.000000
813421905397842,6,"cpufreq",614400.000000
813421908176072,5,"cpufreq",499200.000000
813421908178207,6,"cpufreq",499200.000000
813421916317947,0,"cpufreq",1689600.000000
813421916319874,1,"cpufreq",1689600.000000
813421916584509,5,"cpufreq",614400.000000
813421916586124,6,"cpufreq",614400.000000
813421924164353,0,"cpufreq",1804800.000000
813421924165707,1,"cpufreq",1804800.000000
813421924177999,5,"cpufreq",499200.000000
813421924179144,6,"cpufreq",499200.000000
813421936397738,0,"cpufreq",672000.000000
813421936400082,1,"cpufreq",672000.000000
813421936412374,5,"cpufreq",1190400.000000
813421936414353,6,"cpufreq",1190400.000000
813421941641905,0,"cpufreq",787200.000000
813421941644769,1,"cpufreq",787200.000000
813421944542009,0,"cpufreq",1132800.000000
813421944544301,1,"cpufreq",1132800.000000
813421944811072,0,"cpufreq",787200.000000
813421944812113,1,"cpufreq",787200.000000
813421948185603,0,"cpufreq",672000.000000
813421948189717,1,"cpufreq",672000.000000
813421948222113,5,"cpufreq",1075200.000000
813421948226176,6,"cpufreq",1075200.000000
813421954247165,0,"cpufreq",902400.000000
813421954250551,1,"cpufreq",902400.000000
813421954267426,5,"cpufreq",1190400.000000
813421954269978,6,"cpufreq",1190400.000000
813421954805499,0,"cpufreq",672000.000000
813421954808572,1,"cpufreq",672000.000000
813421955462894,0,"cpufreq",787200.000000
813421955465499,1,"cpufreq",787200.000000
813421960227217,0,"cpufreq",672000.000000
813421960227947,1,"cpufreq",672000.000000
813421960687894,0,"cpufreq",787200.000000
813421960690655,1,"cpufreq",787200.000000
813421960770186,0,"cpufreq",672000.000000
813421960770915,1,"cpufreq",672000.000000
813421960932582,0,"cpufreq",787200.000000
813421960935447,1,"cpufreq",787200.000000
813421960995551,0,"cpufreq",672000.000000
813421960996124,1,"cpufreq",672000.000000
813421961176801,0,"cpufreq",787200.000000
813421961177426,1,"cpufreq",787200.000000
813421961318676,0,"cpufreq",672000.000000
813421961319301,1,"cpufreq",672000.000000
813421961473467,0,"cpufreq",787200.000000
813421961474040,1,"cpufreq",787200.000000
813421961504926,0,"cpufreq",672000.000000
813421961505655,1,"cpufreq",672000.000000
813421962295238,0,"cpufreq",787200.000000
813421962297738,1,"cpufreq",787200.000000
813421965894665,0,"cpufreq",1459200.000000
813421965898051,1,"cpufreq",1459200.000000
813421966470915,0,"cpufreq",1017600.000000
813421966472217,1,"cpufreq",1017600.000000
813421967171957,0,"cpufreq",902400.000000
813421967172999,1,"cpufreq",902400.000000
813421970585759,0,"cpufreq",1344000.000000
813421970587113,1,"cpufreq",1344000.000000
813421976280134,0,"cpufreq",1248000.000000
813421976282582,1,"cpufreq",1248000.000000
813421978582686,0,"cpufreq",1689600.000000
813421978584769,1,"cpufreq",1689600.000000
813421978747842,0,"cpufreq",1804800.000000
813421978748936,1,"cpufreq",1804800.000000
813421979980811,2,"cpufreq",1612800.000000
813421979981957,3,"cpufreq",1612800.000000
813421979982894,4,"cpufreq",1612800.000000
813421981779561,0,"cpufreq",1689600.000000
813421981780603,1,"cpufreq",1689600.000000
813421982158988,0,"cpufreq",1804800.000000
813421982160186,1,"cpufreq",1804800.000000
813421982597321,0,"cpufreq",1689600.000000
813421982599040,1,"cpufreq",1689600.000000
813421982720290,0,"cpufreq",1132800.000000
813421982721644,1,"cpufreq",1132800.000000
813421987493988,0,"cpufreq",1574400.000000
813421987495655,1,"cpufreq",1574400.000000
813421987508051,2,"cpufreq",2707200.000000
813421987509561,3,"cpufreq",2707200.000000
813421987510967,4,"cpufreq",2707200.000000
813421993628780,0,"cpufreq",1804800.000000
813421993630759,1,"cpufreq",1804800.000000
813421996162582,0,"cpufreq",1689600.000000
813421996163728,1,"cpufreq",1689600.000000
813421996174040,2,"cpufreq",614400.000000
813421996174978,3,"cpufreq",614400.000000
813421996175915,4,"cpufreq",614400.000000
813421996186644,5,"cpufreq",960000.000000
813421996191280,6,"cpufreq",960000.000000
813422002929301,5,"cpufreq",1190400.000000
813422002931176,6,"cpufreq",1190400.000000
813422003422582,0,"cpufreq",1804800.000000
813422003424196,1,"cpufreq",1804800.000000
813422003945186,0,"cpufreq",902400.000000
813422003946280,1,"cpufreq",902400.000000
813422008371019,0,"cpufreq",1017600.000000
813422008371957,1,"cpufreq",1017600.000000
813422008435811,0,"cpufreq",902400.000000
813422008436280,1,"cpufreq",902400.000000
813422008579249,0,"cpufreq",1132800.000000
813422008579978,1,"cpufreq",1132800.000000
813422008797790,0,"cpufreq",902400.000000
813422008798988,1,"cpufreq",902400.000000
813422020183676,0,"cpufreq",672000.000000
813422020187269,1,"cpufreq",672000.000000
813422040254717,0,"cpufreq",787200.000000
813422040262113,1,"cpufreq",787200.000000
813422040452634,0,"cpufreq",672000.000000
813422040453415,1,"cpufreq",672000.000000
813422068292738,5,"cpufreq",960000.000000
813422068297426,6,"cpufreq",960000.000000
813422072472530,0,"cpufreq",902400.000000
813422072476905,1,"cpufreq",902400.000000
813422072603676,0,"cpufreq",672000.000000
813422072606540,1,"cpufreq",672000.000000
813422072625134,5,"cpufreq",1190400.000000
813422072628780,6,"cpufreq",1190400.000000
813422076269717,5,"cpufreq",960000.000000
813422076273988,6,"cpufreq",960000.000000
813422080375551,5,"cpufreq",844800.000000
813422080376957,6,"cpufreq",844800.000000
813422083638571,5,"cpufreq",1190400.000000
813422083642374,6,"cpufreq",1190400.000000
813422089250186,0,"cpufreq",787200.000000
813422089251696,1,"cpufreq",787200.000000
813422092216696,0,"cpufreq",672000.000000
813422092224665,1,"cpufreq",672000.000000
813422100225134,0,"cpufreq",1344000.000000
813422100231280,1,"cpufreq",1344000.000000
813422100256853,5,"cpufreq",614400.000000
813422100260499,6,"cpufreq",614400.000000
813422104256019,0,"cpufreq",1574400.000000
813422104257999,1,"cpufreq",1574400.000000
813422104383624,0,"cpufreq",672000.000000
813422104385603,1,"cpufreq",672000.000000
813422107583936,0,"cpufreq",1132800.000000
813422107586592,1,"cpufreq",1132800.000000
813422107609561,5,"cpufreq",844800.000000
813422107612061,6,"cpufreq",844800.000000
813422116171905,0,"cpufreq",672000.000000
813422116174457,1,"cpufreq",672000.000000
813422116194926,5,"cpufreq",1075200.000000
813422116200238,6,"cpufreq",1075200.000000
813422123607321,5,"cpufreq",1190400.000000
813422123611644,6,"cpufreq",1190400.000000
813422129223051,0,"cpufreq",902400.000000
813422129225967,1,"cpufreq",902400.000000
813422132194509,0,"cpufreq",1248000.000000
813422132197999,1,"cpufreq",1248000.000000
813422132217686,5,"cpufreq",960000.000000
813422132220655,6,"cpufreq",960000.000000
813422132383415,0,"cpufreq",672000.000000
813422132385759,1,"cpufreq",672000.000000
813422132392790,5,"cpufreq",1190400.000000
813422132394821,6,"cpufreq",1190400.000000
813422136280186,5,"cpufreq",1075200.000000
813422136284457,6,"cpufreq",1075200.000000
813422140149249,5,"cpufreq",1190400.000000
813422140150342,6,"cpufreq",1190400.000000
813422148222478,0,"cpufreq",556800.000000
813422148227738,1,"cpufreq",556800.000000
813422153842530,5,"cpufreq",844800.000000
813422153843624,6,"cpufreq",844800.000000
813422155389040,0,"cpufreq",672000.000000
813422155392426,1,"cpufreq",672000.000000
813422160568363,0,"cpufreq",902400.000000
813422160572113,1,"cpufreq",902400.000000
813422164443780,0,"cpufreq",1017600.000000
813422164447374,1,"cpufreq",1017600.000000
813422164472894,5,"cpufreq",614400.000000
813422164476488,6,"cpufreq",614400.000000
813422164957009,0,"cpufreq",556800.000000
813422164959874,1,"cpufreq",556800.000000
813422172378884,0,"cpufreq",1017600.000000
813422172383624,1,"cpufreq",1017600.000000
813422172506280,0,"cpufreq",556800.000000
813422172508832,1,"cpufreq",556800.000000
813422172517165,5,"cpufreq",960000.000000
813422172520655,6,"cpufreq",960000.000000
813422180190967,5,"cpufreq",844800.000000
813422180193051,6,"cpufreq",844800.000000
813422190401592,0,"cpufreq",1248000.000000
813422190404821,1,"cpufreq",1248000.000000
813422195550915,0,"cpufreq",672000.000000
813422195552321,1,"cpufreq",672000.000000
813422195576957,5,"cpufreq",1075200.000000
813422195580082,6,"cpufreq",1075200.000000
813422207289873,5,"cpufreq",1190400.000000
813422207290967,6,"cpufreq",1190400.000000
813422208171332,5,"cpufreq",1075200.000000
813422208172269,6,"cpufreq",1075200.000000
813422212238728,0,"cpufreq",1804800.000000
813422212243676,1,"cpufreq",1804800.000000
813422212273676,5,"cpufreq",499200.000000
813422212280863,6,"cpufreq",499200.000000
813422244181123,0,"cpufreq",1459200.000000
813422244182269,1,"cpufreq",1459200.000000
813422260139353,0,"cpufreq",556800.000000
813422260141228,1,"cpufreq",556800.000000
813422260165186,5,"cpufreq",729600.000000
813422260170342,6,"cpufreq",729600.000000
813422276220759,5,"cpufreq",960000.000000
813422276226176,6,"cpufreq",960000.000000
813422284752582,0,"cpufreq",787200.000000
813422284755759,1,"cpufreq",787200.000000
813422288642634,0,"cpufreq",556800.000000
813422288652321,1,"cpufreq",556800.000000
813422289341540,0,"cpufreq",672000.000000
813422289349353,1,"cpufreq",672000.000000
813422289678311,0,"cpufreq",556800.000000
813422289679717,1,"cpufreq",556800.000000
813422292190394,5,"cpufreq",614400.000000
813422292191957,6,"cpufreq",614400.000000
813422299366540,0,"cpufreq",1017600.000000
813422299371696,1,"cpufreq",1017600.000000
813422300290030,0,"cpufreq",556800.000000
813422300293259,1,"cpufreq",556800.000000
813422303108467,5,"cpufreq",729600.000000
813422303110551,6,"cpufreq",729600.000000
813422303314457,5,"cpufreq",614400.000000
813422303320290,6,"cpufreq",614400.000000
813422307776228,5,"cpufreq",844800.000000
813422307780082,6,"cpufreq",844800.000000
813422324250759,0,"cpufreq",672000.000000
813422324256176,1,"cpufreq",672000.000000
813422328570446,0,"cpufreq",556800.000000
813422328575915,1,"cpufreq",556800.000000
813422337119717,0,"cpufreq",672000.000000
813422337120811,1,"cpufreq",672000.000000
813422340162582,0,"cpufreq",1804800.000000
813422340163728,1,"cpufreq",1804800.000000
813422340175238,5,"cpufreq",499200.000000
813422340176071,6,"cpufreq",499200.000000
813422346924353,0,"cpufreq",1344000.000000
813422346925394,1,"cpufreq",1344000.000000
813422347045551,0,"cpufreq",556800.000000
813422347047321,1,"cpufreq",556800.000000
813422347055811,5,"cpufreq",614400.000000
813422347056905,6,"cpufreq",614400.000000
813422347501280,0,"cpufreq",787200.000000
813422347506280,1,"cpufreq",787200.000000
813422348353051,5,"cpufreq",729600.000000
813422348355238,6,"cpufreq",729600.000000
813422348508988,0,"cpufreq",556800.000000
813422348510655,1,"cpufreq",556800.000000
813422355584873,0,"cpufreq",672000.000000
813422355592373,1,"cpufreq",672000.000000
813422355620082,5,"cpufreq",1190400.000000
813422355624040,6,"cpufreq",1190400.000000
813422359343259,0,"cpufreq",902400.000000
813422359344092,1,"cpufreq",902400.000000
813422371585342,0,"cpufreq",672000.000000
813422371589040,1,"cpufreq",672000.000000
813422371621280,5,"cpufreq",844800.000000
813422371624926,6,"cpufreq",844800.000000
813422384398936,0,"cpufreq",787200.000000
813422384403051,1,"cpufreq",787200.000000
813422388061644,0,"cpufreq",1804800.000000
813422388066019,1,"cpufreq",1804800.000000
813422388096436,5,"cpufreq",499200.000000
813422388099717,6,"cpufreq",499200.000000
813422400375550,0,"cpufreq",902400.000000
813422400378050,1,"cpufreq",902400.000000
813422400389300,5,"cpufreq",960000.000000
813422400390498,6,"cpufreq",960000.000000
813422403971853,0,"cpufreq",1459200.000000
813422403973832,1,"cpufreq",1459200.000000
813422403985967,5,"cpufreq",1190400.000000
813422403987790,6,"cpufreq",1190400.000000
813422407332582,0,"cpufreq",1804800.000000
813422407334665,1,"cpufreq",1804800.000000
813422407659873,0,"cpufreq",1459200.000000
813422407660967,1,"cpufreq",1459200.000000
813422419759092,0,"cpufreq",1574400.000000
813422419760550,1,"cpufreq",1574400.000000
813422420225134,0,"cpufreq",1804800.000000
813422420226071,1,"cpufreq",1804800.000000
813422420296123,2,"cpufreq",2707200.000000
813422420296905,3,"cpufreq",2707200.000000
813422420297425,4,"cpufreq",2707200.000000
813422420301800,5,"cpufreq",729600.000000
813422420302373,6,"cpufreq",729600.000000
813422420392478,0,"cpufreq",1132800.000000
813422420394144,1,"cpufreq",1132800.000000
813422424282790,0,"cpufreq",787200.000000
813422424285967,1,"cpufreq",787200.000000
813422432358936,5,"cpufreq",844800.000000
813422432361436,6,"cpufreq",844800.000000
813422434906384,0,"cpufreq",1017600.000000
813422434908884,1,"cpufreq",1017600.000000
813422435469040,5,"cpufreq",960000.000000
813422435470915,6,"cpufreq",960000.000000
813422436531800,0,"cpufreq",556800.000000
813422436533988,1,"cpufreq",556800.000000
813422440228155,0,"cpufreq",672000.000000
813422440229248,1,"cpufreq",672000.000000
813422440420498,0,"cpufreq",556800.000000
813422440425030,1,"cpufreq",556800.000000
813422441134821,0,"cpufreq",1017600.000000
813422441138571,1,"cpufreq",1017600.000000
813422444235863,0,"cpufreq",556800.000000
813422444238623,1,"cpufreq",556800.000000
813422448148780,0,"cpufreq",672000.000000
813422448150082,1,"cpufreq",672000.000000
813422448483207,0,"cpufreq",787200.000000
813422448489925,1,"cpufreq",787200.000000
813422452220863,0,"cpufreq",1344000.000000
813422452225811,1,"cpufreq",1344000.000000
813422452244092,2,"cpufreq",614400.000000
813422452247165,3,"cpufreq",614400.000000
813422452250186,4,"cpufreq",614400.000000
813422452267425,5,"cpufreq",729600.000000
813422452271332,6,"cpufreq",729600.000000
813422456400030,0,"cpufreq",902400.000000
813422456403103,1,"cpufreq",902400.000000
813422456413988,5,"cpufreq",960000.000000
813422456416175,6,"cpufreq",960000.000000
813422468180967,0,"cpufreq",556800.000000
813422468184040,1,"cpufreq",556800.000000
813422468216905,5,"cpufreq",1190400.000000
813422468222373,6,"cpufreq",1190400.000000
813422477980759,0,"cpufreq",672000.000000
813422477984248,1,"cpufreq",672000.000000
813422480375238,0,"cpufreq",556800.000000
813422480381800,1,"cpufreq",556800.000000
813422484255498,5,"cpufreq",1075200.000000
813422484261957,6,"cpufreq",1075200.000000
813422487594769,0,"cpufreq",787200.000000
813422487599978,1,"cpufreq",787200.000000
813422487669405,0,"cpufreq",556800.000000
813422487672842,1,"cpufreq",556800.000000
813422487920915,0,"cpufreq",787200.000000
813422487921800,1,"cpufreq",787200.000000
813422487976175,5,"cpufreq",960000.000000
813422487980759,6,"cpufreq",960000.000000
813422488193363,0,"cpufreq",1017600.000000
813422488196748,1,"cpufreq",1017600.000000
813422488328259,5,"cpufreq",1075200.000000
813422488330186,6,"cpufreq",1075200.000000
813422488572582,0,"cpufreq",556800.000000
813422488573467,1,"cpufreq",556800.000000
813422492267373,5,"cpufreq",960000.000000
813422492268519,6,"cpufreq",960000.000000
813422500395082,5,"cpufreq",1075200.000000
813422500396332,6,"cpufreq",1075200.000000
813422504757582,5,"cpufreq",960000.000000
813422504758519,6,"cpufreq",960000.000000
813422504952582,5,"cpufreq",1075200.000000
813422504957321,6,"cpufreq",1075200.000000
813422506192009,0,"cpufreq",1017600.000000
813422506196748,1,"cpufreq",1017600.000000
813422507839665,0,"cpufreq",672000.000000
813422507841488,1,"cpufreq",672000.000000
813422507994040,0,"cpufreq",556800.000000
813422507996748,1,"cpufreq",556800.000000
813422508245498,0,"cpufreq",787200.000000
813422508252321,1,"cpufreq",787200.000000
813422508401175,0,"cpufreq",556800.000000
813422508402113,1,"cpufreq",556800.000000
813422511946228,0,"cpufreq",1017600.000000
813422511950759,1,"cpufreq",1017600.000000
813422516194300,0,"cpufreq",672000.000000
813422516195030,1,"cpufreq",672000.000000
813422516205863,5,"cpufreq",1190400.000000
813422516207061,6,"cpufreq",1190400.000000
813422520155759,0,"cpufreq",787200.000000
813422520156384,1,"cpufreq",787200.000000
813422524277113,0,"cpufreq",1017600.000000
813422524281019,1,"cpufreq",1017600.000000
813422524861800,0,"cpufreq",556800.000000
813422524862842,1,"cpufreq",556800.000000
813422532200030,5,"cpufreq",960000.000000
813422532202061,6,"cpufreq",960000.000000
813422532265811,0,"cpufreq",672000.000000
813422532270394,1,"cpufreq",672000.000000
813422540135811,0,"cpufreq",556800.000000
813422540136592,1,"cpufreq",556800.000000
813422540198936,0,"cpufreq",672000.000000
813422540204353,1,"cpufreq",672000.000000
813422546665290,0,"cpufreq",556800.000000
813422546666280,1,"cpufreq",556800.000000
813422546674717,5,"cpufreq",1190400.000000
813422546675915,6,"cpufreq",1190400.000000
813422546812998,5,"cpufreq",960000.000000
813422546814092,6,"cpufreq",960000.000000
813422547520238,5,"cpufreq",1190400.000000
813422547522217,6,"cpufreq",1190400.000000
813422560849300,0,"cpufreq",672000.000000
813422560852530,1,"cpufreq",672000.000000
813422564245290,0,"cpufreq",1344000.000000
813422564251696,1,"cpufreq",1344000.000000
813422564278623,5,"cpufreq",499200.000000
813422564282842,6,"cpufreq",499200.000000
813422564443259,0,"cpufreq",787200.000000
813422564444873,1,"cpufreq",787200.000000
813422564653155,0,"cpufreq",1344000.000000
813422564655082,1,"cpufreq",1344000.000000
813422572382686,0,"cpufreq",556800.000000
813422572384978,1,"cpufreq",556800.000000
813422573477582,5,"cpufreq",614400.000000
813422573478884,6,"cpufreq",614400.000000
813422580247582,5,"cpufreq",844800.000000
813422580252998,6,"cpufreq",844800.000000
813422595554769,5,"cpufreq",1075200.000000
813422595560290,6,"cpufreq",1075200.000000
813422596850238,0,"cpufreq",672000.000000
813422596853623,1,"cpufreq",672000.000000
813422600389665,0,"cpufreq",787200.000000
813422600394040,1,"cpufreq",787200.000000
813422600562946,0,"cpufreq",672000.000000
813422600564300,1,"cpufreq",672000.000000
813422604778103,0,"cpufreq",556800.000000
813422604782582,1,"cpufreq",556800.000000
813422609350082,0,"cpufreq",1344000.000000
813422609353311,1,"cpufreq",1344000.000000
813422609469717,0,"cpufreq",556800.000000
813422609471175,1,"cpufreq",556800.000000
813422611016488,0,"cpufreq",1017600.000000
813422611017373,1,"cpufreq",1017600.000000
813422611427217,0,"cpufreq",1344000.000000
813422611428884,1,"cpufreq",1344000.000000
813422611695342,0,"cpufreq",902400.000000
813422611696332,1,"cpufreq",902400.000000
813422612071905,0,"cpufreq",787200.000000
813422612072790,1,"cpufreq",787200.000000
813422612803571,0,"cpufreq",902400.000000
813422612805707,1,"cpufreq",902400.000000
813422624269977,0,"cpufreq",1017600.000000
813422624271123,1,"cpufreq",1017600.000000
813422624436332,5,"cpufreq",1190400.000000
813422624439144,6,"cpufreq",1190400.000000
813422624544405,0,"cpufreq",1344000.000000
813422624545186,1,"cpufreq",1344000.000000
813422624623363,0,"cpufreq",902400.000000
813422624625915,1,"cpufreq",902400.000000
813422625023780,0,"cpufreq",787200.000000
813422625024769,1,"cpufreq",787200.000000
813422625031644,5,"cpufreq",1075200.000000
813422625032165,6,"cpufreq",1075200.000000
813422625535550,0,"cpufreq",902400.000000
813422625536280,1,"cpufreq",902400.000000
813422627570967,0,"cpufreq",556800.000000
813422627574613,1,"cpufreq",556800.000000
813422627611175,5,"cpufreq",1190400.000000
813422627615550,6,"cpufreq",1190400.000000
813422628044040,0,"cpufreq",787200.000000
813422628049352,1,"cpufreq",787200.000000
813422628583780,0,"cpufreq",672000.000000
813422628586280,1,"cpufreq",672000.000000
813422633718311,0,"cpufreq",787200.000000
813422633725863,1,"cpufreq",787200.000000
813422644199092,0,"cpufreq",556800.000000
813422644201436,1,"cpufreq",556800.000000
813422659473623,5,"cpufreq",499200.000000
813422659479300,6,"cpufreq",499200.000000
813422676220550,0,"cpufreq",1804800.000000
813422676227165,1,"cpufreq",1804800.000000
813422700191800,5,"cpufreq",614400.000000
813422700193519,6,"cpufreq",614400.000000
813422704419040,5,"cpufreq",499200.000000
813422704420342,6,"cpufreq",499200.000000
813422707747269,0,"cpufreq",1248000.000000
813422707749092,1,"cpufreq",1248000.000000
813422712491696,0,"cpufreq",1344000.000000
813422712492998,1,"cpufreq",1344000.000000
813422723968259,0,"cpufreq",556800.000000
813422723970186,1,"cpufreq",556800.000000
813422724002113,5,"cpufreq",729600.000000
813422724006644,6,"cpufreq",729600.000000
813422739520967,5,"cpufreq",960000.000000
813422739526071,6,"cpufreq",960000.000000
813422756208936,5,"cpufreq",1190400.000000
813422756211019,6,"cpufreq",1190400.000000
813422772366019,5,"cpufreq",960000.000000
813422772371071,6,"cpufreq",960000.000000
813422787498050,0,"cpufreq",1804800.000000
813422787503050,1,"cpufreq",1804800.000000
813422787532790,5,"cpufreq",499200.000000
813422787541332,6,"cpufreq",499200.000000
813422820172477,0,"cpufreq",1344000.000000
813422820174352,1,"cpufreq",1344000.000000
813422835867842,0,"cpufreq",672000.000000
813422835869613,1,"cpufreq",672000.000000
813422835891905,5,"cpufreq",729600.000000
813422835895030,6,"cpufreq",729600.000000
813422844468727,0,"cpufreq",556800.000000
813422844474561,1,"cpufreq",556800.000000
813422852269769,5,"cpufreq",960000.000000
813422852275290,6,"cpufreq",960000.000000
813422856039509,0,"cpufreq",672000.000000
813422856042738,1,"cpufreq",672000.000000
813422860319248,0,"cpufreq",902400.000000
813422860321957,1,"cpufreq",902400.000000
813422868274404,0,"cpufreq",787200.000000
813422868280290,1,"cpufreq",787200.000000
813422868306279,5,"cpufreq",499200.000000
813422868309665,6,"cpufreq",499200.000000
813422869553311,0,"cpufreq",902400.000000
813422869556540,1,"cpufreq",902400.000000
813422871335029,0,"cpufreq",787200.000000
813422871336904,1,"cpufreq",787200.000000
813422872460029,0,"cpufreq",902400.000000
813422872464040,1,"cpufreq",902400.000000
813422873236279,0,"cpufreq",787200.000000
813422873237842,1,"cpufreq",787200.000000
813422873747998,0,"cpufreq",902400.000000
813422873751436,1,"cpufreq",902400.000000
813422881558519,0,"cpufreq",1017600.000000
813422881561592,1,"cpufreq",1017600.000000
813422884227061,0,"cpufreq",1344000.000000
813422884228363,1,"cpufreq",1344000.000000
813422884247738,5,"cpufreq",729600.000000
813422884248727,6,"cpufreq",729600.000000
813422888641540,0,"cpufreq",1459200.000000
813422888642634,1,"cpufreq",1459200.000000
813422888648571,5,"cpufreq",614400.000000
813422888649509,6,"cpufreq",614400.000000
813422889238154,0,"cpufreq",1344000.000000
813422889240029,1,"cpufreq",1344000.000000
813422890072738,5,"cpufreq",729600.000000
813422890075342,6,"cpufreq",729600.000000
813422890198311,5,"cpufreq",614400.000000
813422890199352,6,"cpufreq",614400.000000
813422891760863,0,"cpufreq",1132800.000000
813422891762894,1,"cpufreq",1132800.000000
813422892282686,5,"cpufreq",729600.000000
813422892285134,6,"cpufreq",729600.000000
813422893244613,0,"cpufreq",1459200.000000
813422893245759,1,"cpufreq",1459200.000000
813422893591279,0,"cpufreq",1132800.000000
813422893592373,1,"cpufreq",1132800.000000
813422893871957,5,"cpufreq",614400.000000
813422893874561,6,"cpufreq",614400.000000
813422894172217,0,"cpufreq",1344000.000000
813422894173884,1,"cpufreq",1344000.000000
813422894181904,5,"cpufreq",729600.000000
813422894183571,6,"cpufreq",729600.000000
813422894687061,5,"cpufreq",614400.000000
813422894688363,6,"cpufreq",614400.000000
813422895701436,0,"cpufreq",1132800.000000
813422895703519,1,"cpufreq",1132800.000000
813422895796071,0,"cpufreq",1344000.000000
813422895797425,1,"cpufreq",1344000.000000
813422898279977,0,"cpufreq",1459200.000000
813422898281227,1,"cpufreq",1459200.000000
813422898959404,0,"cpufreq",1574400.000000
813422898960602,1,"cpufreq",1574400.000000
813422900160446,0,"cpufreq",1689600.000000
813422900162373,1,"cpufreq",1689600.000000
813422900183675,5,"cpufreq",844800.000000
813422900185186,6,"cpufreq",844800.000000
813422902074404,0,"cpufreq",1804800.000000
813422902075602,1,"cpufreq",1804800.000000
813422903139040,0,"cpufreq",1689600.000000
813422903139873,1,"cpufreq",1689600.000000
813422908493311,5,"cpufreq",960000.000000
813422908494561,6,"cpufreq",960000.000000
813422912225290,0,"cpufreq",1574400.000000
813422912227061,1,"cpufreq",1574400.000000
813422915729457,0,"cpufreq",1804800.000000
813422915730759,1,"cpufreq",1804800.000000
813422915740654,5,"cpufreq",614400.000000
813422915741696,6,"cpufreq",614400.000000
813422928320134,5,"cpufreq",499200.000000
813422928321644,6,"cpufreq",499200.000000
813423003062738,5,"cpufreq",614400.000000
813423003064717,6,"cpufreq",614400.000000
813423004226644,5,"cpufreq",499200.000000
813423004228519,6,"cpufreq",499200.000000
813423027579873,0,"cpufreq",556800.000000
813423027581488,1,"cpufreq",556800.000000
813423027598519,5,"cpufreq",960000.000000
813423027599925,6,"cpufreq",960000.000000
813423032540029,5,"cpufreq",1190400.000000
813423032541175,6,"cpufreq",1190400.000000
813423032677373,0,"cpufreq",1017600.000000
813423032678102,1,"cpufreq",1017600.000000
813423032960446,0,"cpufreq",787200.000000
813423032963519,1,"cpufreq",787200.000000
813423032976852,5,"cpufreq",729600.000000
813423032980498,6,"cpufreq",729600.000000
813423033184457,0,"cpufreq",672000.000000
813423033185446,1,"cpufreq",672000.000000
813423033523415,0,"cpufreq",556800.000000
813423033526175,1,"cpufreq",556800.000000
813423034617113,0,"cpufreq",1017600.000000
813423034618467,1,"cpufreq",1017600.000000
813423036184144,0,"cpufreq",787200.000000
813423036185394,1,"cpufreq",787200.000000
813423044197217,0,"cpufreq",556800.000000
813423044200759,1,"cpufreq",556800.000000
813423044236175,5,"cpufreq",1075200.000000
813423044239300,6,"cpufreq",1075200.000000
813423059666019,5,"cpufreq",499200.000000
813423059671904,6,"cpufreq",499200.000000
813423066456071,5,"cpufreq",614400.000000
813423066458519,6,"cpufreq",614400.000000
813423075490811,5,"cpufreq",729600.000000
813423075494248,6,"cpufreq",729600.000000
813423092219821,5,"cpufreq",960000.000000
813423092225654,6,"cpufreq",960000.000000
813423104403519,0,"cpufreq",672000.000000
813423104408311,1,"cpufreq",672000.000000
813423104519352,0,"cpufreq",902400.000000
813423104520550,1,"cpufreq",902400.000000
813423107469509,0,"cpufreq",556800.000000
813423107472009,1,"cpufreq",556800.000000
813423123558102,5,"cpufreq",1190400.000000
813423123562946,6,"cpufreq",1190400.000000
813423132772061,0,"cpufreq",787200.000000
813423132775290,1,"cpufreq",787200.000000
813423140217165,0,"cpufreq",556800.000000
813423140224196,1,"cpufreq",556800.000000
813423140255654,5,"cpufreq",499200.000000
813423140261175,6,"cpufreq",499200.000000
813423152334300,0,"cpufreq",672000.000000
813423152339404,1,"cpufreq",672000.000000
813423156229040,0,"cpufreq",1804800.000000
813423156233415,1,"cpufreq",1804800.000000
813423184274717,5,"cpufreq",614400.000000
813423184276331,6,"cpufreq",614400.000000
813423184601644,5,"cpufreq",499200.000000
813423184603571,6,"cpufreq",499200.000000
813423188241748,0,"cpufreq",1017600.000000
813423188245029,1,"cpufreq",1017600.000000
813423188263050,5,"cpufreq",729600.000000
813423188265134,6,"cpufreq",729600.000000
813423203467581,0,"cpufreq",556800.000000
813423203470446,1,"cpufreq",556800.000000
813423203492009,5,"cpufreq",960000.000000
813423203497477,6,"cpufreq",960000.000000
813423215148988,0,"cpufreq",1017600.000000
813423215154613,1,"cpufreq",1017600.000000
813423216213363,0,"cpufreq",556800.000000
813423216214613,1,"cpufreq",556800.000000
813423218230186,0,"cpufreq",787200.000000
813423218234300,1,"cpufreq",787200.000000
813423219486019,0,"cpufreq",672000.000000
813423219489769,1,"cpufreq",672000.000000
813423219519248,5,"cpufreq",844800.000000
813423219522842,6,"cpufreq",844800.000000
813423220549144,0,"cpufreq",556800.000000
813423220550342,1,"cpufreq",556800.000000
813423236246904,5,"cpufreq",1075200.000000
813423236252321,6,"cpufreq",1075200.000000
813423252259509,5,"cpufreq",844800.000000
813423252266592,6,"cpufreq",844800.000000
813423265578779,0,"cpufreq",672000.000000
813423265580498,1,"cpufreq",672000.000000
813423267690550,0,"cpufreq",1804800.000000
813423267691852,1,"cpufreq",1804800.000000
813423267707269,5,"cpufreq",499200.000000
813423267708519,6,"cpufreq",499200.000000
813423299654925,0,"cpufreq",1689600.000000
813423299656540,1,"cpufreq",1689600.000000
813423300745186,5,"cpufreq",614400.000000
813423300746644,6,"cpufreq",614400.000000
813423301286956,5,"cpufreq",499200.000000
813423301288883,6,"cpufreq",499200.000000
813423303840081,0,"cpufreq",1804800.000000
813423303841592,1,"cpufreq",1804800.000000
813423315895290,0,"cpufreq",556800.000000
813423315897008,1,"cpufreq",556800.000000
813423315916800,5,"cpufreq",729600.000000
813423315918050,6,"cpufreq",729600.000000
813423331318311,5,"cpufreq",844800.000000
813423331320133,6,"cpufreq",844800.000000
813423331598988,5,"cpufreq",960000.000000
813423331600133,6,"cpufreq",960000.000000
813423347598779,0,"cpufreq",672000.000000
813423347602113,1,"cpufreq",672000.000000
813423347643467,5,"cpufreq",499200.000000
813423347647008,6,"cpufreq",499200.000000
813423353104613,0,"cpufreq",556800.000000
813423353107217,1,"cpufreq",556800.000000
813423364019352,0,"cpufreq",1344000.000000
813423364024196,1,"cpufreq",1344000.000000
813423372958154,0,"cpufreq",556800.000000
813423372962113,1,"cpufreq",556800.000000
813423372977269,5,"cpufreq",614400.000000
813423372978623,6,"cpufreq",614400.000000
813423376261488,5,"cpufreq",729600.000000
813423376263363,6,"cpufreq",729600.000000
813423376522477,0,"cpufreq",1804800.000000
813423376527373,1,"cpufreq",1804800.000000
813423376544925,5,"cpufreq",499200.000000
813423376549977,6,"cpufreq",499200.000000
813423384517946,0,"cpufreq",556800.000000
813423384520238,1,"cpufreq",556800.000000
813423384531904,5,"cpufreq",1075200.000000
813423384533519,6,"cpufreq",1075200.000000
813423395766175,5,"cpufreq",1190400.000000
813423395771592,6,"cpufreq",1190400.000000
813423427875342,0,"cpufreq",1344000.000000
813423427880811,1,"cpufreq",1344000.000000
813423444170550,0,"cpufreq",1689600.000000
813423444174144,1,"cpufreq",1689600.000000
813423452201956,0,"cpufreq",1804800.000000
813423452203050,1,"cpufreq",1804800.000000
813423500541383,0,"cpufreq",1459200.000000
813423500542529,1,"cpufreq",1459200.000000
813423501428675,0,"cpufreq",672000.000000
813423501429456,1,"cpufreq",672000.000000
813423504229508,0,"cpufreq",556800.000000
813423504230394,1,"cpufreq",556800.000000
813423506814092,0,"cpufreq",1804800.000000
813423506819352,1,"cpufreq",1804800.000000
813423516327894,0,"cpufreq",556800.000000
813423516328883,1,"cpufreq",556800.000000
813423516779196,0,"cpufreq",902400.000000
813423516779873,1,"cpufreq",902400.000000
813423516972685,0,"cpufreq",556800.000000
813423516973675,1,"cpufreq",556800.000000
813423526456019,0,"cpufreq",672000.000000
813423526460133,1,"cpufreq",672000.000000
813423527195342,0,"cpufreq",1132800.000000
813423527198154,1,"cpufreq",1132800.000000
813423527659040,0,"cpufreq",672000.000000
813423527660758,1,"cpufreq",672000.000000
813423528426956,0,"cpufreq",902400.000000
813423528429665,1,"cpufreq",902400.000000
813423528582321,0,"cpufreq",1132800.000000
813423528585550,1,"cpufreq",1132800.000000
813423536586488,0,"cpufreq",672000.000000
813423536587165,1,"cpufreq",672000.000000
813423548235133,0,"cpufreq",1248000.000000
813423548238779,1,"cpufreq",1248000.000000
813423548383415,0,"cpufreq",1132800.000000
813423548386592,1,"cpufreq",1132800.000000
813423548534873,0,"cpufreq",672000.000000
813423548535863,1,"cpufreq",672000.000000
813423551515706,0,"cpufreq",1132800.000000
813423551519560,1,"cpufreq",1132800.000000
813423552215706,0,"cpufreq",902400.000000
813423552217998,1,"cpufreq",902400.000000
813423552842217,0,"cpufreq",1132800.000000
813423552845133,1,"cpufreq",1132800.000000
813423553107529,0,"cpufreq",902400.000000
813423553108519,1,"cpufreq",902400.000000
813423556153415,0,"cpufreq",556800.000000
813423556154404,1,"cpufreq",556800.000000
813423572269040,5,"cpufreq",729600.000000
813423572276175,6,"cpufreq",729600.000000
813423588256279,0,"cpufreq",1804800.000000
813423588262373,1,"cpufreq",1804800.000000
813423588299144,5,"cpufreq",499200.000000
813423588304613,6,"cpufreq",499200.000000
813423602902685,5,"cpufreq",1190400.000000
813423602903883,6,"cpufreq",1190400.000000
813423602938154,0,"cpufreq",556800.000000
813423602939092,1,"cpufreq",556800.000000
813423603431019,0,"cpufreq",672000.000000
813423603435967,1,"cpufreq",672000.000000
813423606126071,0,"cpufreq",556800.000000
813423606127165,1,"cpufreq",556800.000000
813423620210915,0,"cpufreq",1344000.000000
813423620216071,1,"cpufreq",1344000.000000
813423628232894,0,"cpufreq",902400.000000
813423628234352,1,"cpufreq",902400.000000
813423636156331,0,"cpufreq",556800.000000
813423636157269,1,"cpufreq",556800.000000
813423648460706,0,"cpufreq",672000.000000
813423648466071,1,"cpufreq",672000.000000
813423652018571,0,"cpufreq",1804800.000000
813423652023154,1,"cpufreq",1804800.000000
813423652051435,5,"cpufreq",499200.000000
813423652055342,6,"cpufreq",499200.000000
813423659922373,2,"cpufreq",1401600.000000
813423659924144,3,"cpufreq",1401600.000000
813423659925290,4,"cpufreq",1401600.000000
813423668200863,2,"cpufreq",1075200.000000
813423668203050,3,"cpufreq",1075200.000000
813423668204248,4,"cpufreq",1075200.000000
813423671415446,5,"cpufreq",1075200.000000
813423671417425,6,"cpufreq",1075200.000000
813423671457998,2,"cpufreq",614400.000000
813423671459665,3,"cpufreq",614400.000000
813423671461019,4,"cpufreq",614400.000000
813423674961175,5,"cpufreq",1190400.000000
813423674962060,6,"cpufreq",1190400.000000
813423676084925,5,"cpufreq",1075200.000000
813423676086852,6,"cpufreq",1075200.000000
813423676439613,5,"cpufreq",499200.000000
813423676441540,6,"cpufreq",499200.000000
813423676902842,5,"cpufreq",1075200.000000
813423676905446,6,"cpufreq",1075200.000000
813423678232165,5,"cpufreq",844800.000000
813423678233102,6,"cpufreq",844800.000000
813423684185238,5,"cpufreq",1075200.000000
813423684186696,6,"cpufreq",1075200.000000
813423700141175,5,"cpufreq",499200.000000
813423700143779,6,"cpufreq",499200.000000
813423716163675,0,"cpufreq",1689600.000000
813423716164717,1,"cpufreq",1689600.000000
813423720508727,0,"cpufreq",1574400.000000
813423720510394,1,"cpufreq",1574400.000000
813423732178727,0,"cpufreq",1804800.000000
813423732180654,1,"cpufreq",1804800.000000
813423796214665,0,"cpufreq",556800.000000
813423796216540,1,"cpufreq",556800.000000
813423796224248,5,"cpufreq",1190400.000000
813423796225394,6,"cpufreq",1190400.000000
813423810115185,0,"cpufreq",787200.000000
813423810118519,1,"cpufreq",787200.000000
813423811671592,0,"cpufreq",672000.000000
813423811673935,1,"cpufreq",672000.000000
813423824256852,0,"cpufreq",787200.000000
813423824259612,1,"cpufreq",787200.000000
813423824390758,0,"cpufreq",556800.000000
813423824391800,1,"cpufreq",556800.000000
813423827577790,5,"cpufreq",729600.000000
813423827583206,6,"cpufreq",729600.000000
813423844262060,5,"cpufreq",960000.000000
813423844267008,6,"cpufreq",960000.000000
813423852242477,0,"cpufreq",787200.000000
813423852247425,1,"cpufreq",787200.000000
813423859801592,0,"cpufreq",556800.000000
813423859804040,1,"cpufreq",556800.000000
813423859839717,5,"cpufreq",499200.000000
813423859843727,6,"cpufreq",499200.000000
813423860471696,0,"cpufreq",1017600.000000
813423860474821,1,"cpufreq",1017600.000000
813423860937946,0,"cpufreq",556800.000000
813423860939717,1,"cpufreq",556800.000000
813423876191852,0,"cpufreq",1804800.000000
813423876193571,1,"cpufreq",1804800.000000
813423908158154,0,"cpufreq",1344000.000000
813423908159352,1,"cpufreq",1344000.000000
813423924177008,0,"cpufreq",556800.000000
813423924178883,1,"cpufreq",556800.000000
813423924206175,5,"cpufreq",729600.000000
813423924210446,6,"cpufreq",729600.000000
813423939757060,5,"cpufreq",960000.000000
813423939761019,6,"cpufreq",960000.000000
813423956217321,0,"cpufreq",672000.000000
813423956222894,1,"cpufreq",672000.000000
813423956255602,5,"cpufreq",499200.000000
813423956259456,6,"cpufreq",499200.000000
813423960463362,0,"cpufreq",902400.000000
813423960467373,1,"cpufreq",902400.000000
813423960621696,0,"cpufreq",672000.000000
813423960624560,1,"cpufreq",672000.000000
813423968509977,0,"cpufreq",787200.000000
813423968514092,1,"cpufreq",787200.000000
813423972076071,0,"cpufreq",1804800.000000
813423972079717,1,"cpufreq",1804800.000000
813424004151539,0,"cpufreq",672000.000000
813424004153258,1,"cpufreq",672000.000000
813424019131019,5,"cpufreq",614400.000000
813424019135185,6,"cpufreq",614400.000000
813424019510029,0,"cpufreq",556800.000000
813424019512842,1,"cpufreq",556800.000000
813424019545081,5,"cpufreq",729600.000000
813424019548050,6,"cpufreq",729600.000000
813424035700967,5,"cpufreq",844800.000000
813424035704977,6,"cpufreq",844800.000000
813424052265029,0,"cpufreq",1804800.000000
813424052269664,1,"cpufreq",1804800.000000
813424052301644,5,"cpufreq",499200.000000
813424052310185,6,"cpufreq",499200.000000
813424068177112,5,"cpufreq",729600.000000
813424068178987,6,"cpufreq",729600.000000
813424072421071,0,"cpufreq",556800.000000
813424072422737,1,"cpufreq",556800.000000
813424072431539,5,"cpufreq",1190400.000000
813424072432633,6,"cpufreq",1190400.000000
813424084266592,5,"cpufreq",960000.000000
813424084273258,6,"cpufreq",960000.000000
813424098895394,0,"cpufreq",672000.000000
813424098900394,1,"cpufreq",672000.000000
813424099840862,0,"cpufreq",1804800.000000
813424099844769,1,"cpufreq",1804800.000000
813424099882894,5,"cpufreq",499200.000000
813424099886696,6,"cpufreq",499200.000000
813424132183414,0,"cpufreq",1459200.000000
813424132185342,1,"cpufreq",1459200.000000
813424144861071,5,"cpufreq",614400.000000
813424144863154,6,"cpufreq",614400.000000
813424148196800,0,"cpufreq",556800.000000
813424148198623,1,"cpufreq",556800.000000
813424148212998,5,"cpufreq",729600.000000
813424148214664,6,"cpufreq",729600.000000
813424164228466,5,"cpufreq",960000.000000
813424164231539,6,"cpufreq",960000.000000
813424180129091,0,"cpufreq",672000.000000
813424180132373,1,"cpufreq",672000.000000
813424180159977,5,"cpufreq",499200.000000
813424180163362,6,"cpufreq",499200.000000
813424196225550,0,"cpufreq",1804800.000000
813424196231019,1,"cpufreq",1804800.000000
813424200624300,0,"cpufreq",556800.000000
813424200625498,1,"cpufreq",556800.000000
813424200632529,5,"cpufreq",844800.000000
813424200633571,6,"cpufreq",844800.000000
813424208249664,5,"cpufreq",960000.000000
813424208251227,6,"cpufreq",960000.000000
813424211828883,0,"cpufreq",672000.000000
813424211833883,1,"cpufreq",672000.000000
813424211851800,5,"cpufreq",1190400.000000
813424211856175,6,"cpufreq",1190400.000000
813424213322841,0,"cpufreq",1017600.000000
813424213326800,1,"cpufreq",1017600.000000
813424214261227,0,"cpufreq",672000.000000
813424214262008,1,"cpufreq",672000.000000
813424214305185,0,"cpufreq",1344000.000000
813424214305862,1,"cpufreq",1344000.000000
813424214711435,0,"cpufreq",672000.000000
813424214712373,1,"cpufreq",672000.000000
813424228200289,0,"cpufreq",1344000.000000
813424228204873,1,"cpufreq",1344000.000000
813424240199769,0,"cpufreq",1248000.000000
813424240200810,1,"cpufreq",1248000.000000
813424240287685,0,"cpufreq",1344000.000000
813424240288466,1,"cpufreq",1344000.000000
813424244172998,0,"cpufreq",1689600.000000
813424244174716,1,"cpufreq",1689600.000000
813424253782581,0,"cpufreq",1804800.000000
813424253784196,1,"cpufreq",1804800.000000
813424254018779,5,"cpufreq",1075200.000000
813424254020185,6,"cpufreq",1075200.000000
813424256156644,5,"cpufreq",1190400.000000
813424256157685,6,"cpufreq",1190400.000000
813424264686071,0,"cpufreq",1689600.000000
813424264686852,1,"cpufreq",1689600.000000
813424268165862,0,"cpufreq",1804800.000000
813424268166591,1,"cpufreq",1804800.000000
813424276190810,0,"cpufreq",672000.000000
813424276192529,1,"cpufreq",672000.000000
813424292186800,0,"cpufreq",556800.000000
813424292188779,1,"cpufreq",556800.000000
813424324233258,0,"cpufreq",1804800.000000
813424324238623,1,"cpufreq",1804800.000000
813424324275706,5,"cpufreq",499200.000000
813424324280341,6,"cpufreq",499200.000000
813424355810237,0,"cpufreq",1689600.000000
813424355811956,1,"cpufreq",1689600.000000
813424360389769,0,"cpufreq",1804800.000000
813424360391487,1,"cpufreq",1804800.000000
813424403433727,0,"cpufreq",1017600.000000
813424403435237,1,"cpufreq",1017600.000000
813424403453154,5,"cpufreq",729600.000000
813424403459404,6,"cpufreq",729600.000000
813424419610550,0,"cpufreq",902400.000000
813424419613050,1,"cpufreq",902400.000000
813424419635393,5,"cpufreq",960000.000000
813424419637789,6,"cpufreq",960000.000000
813424424163623,0,"cpufreq",1017600.000000
813424424164821,1,"cpufreq",1017600.000000
813424428370966,0,"cpufreq",902400.000000
813424428372893,1,"cpufreq",902400.000000
813424436163623,0,"cpufreq",787200.000000
813424436164664,1,"cpufreq",787200.000000
813424436174404,5,"cpufreq",499200.000000
813424436175341,6,"cpufreq",499200.000000
813424448155758,0,"cpufreq",902400.000000
813424448157841,1,"cpufreq",902400.000000
813424452248675,0,"cpufreq",1804800.000000
813424452251487,1,"cpufreq",1804800.000000
813424452702998,0,"cpufreq",556800.000000
813424452705550,1,"cpufreq",556800.000000
813424452713883,5,"cpufreq",729600.000000
813424452715029,6,"cpufreq",729600.000000
813424460362268,5,"cpufreq",614400.000000
813424460367321,6,"cpufreq",614400.000000
813424468210654,0,"cpufreq",672000.000000
813424468216331,1,"cpufreq",672000.000000
813424468249143,5,"cpufreq",844800.000000
813424468255081,6,"cpufreq",844800.000000
813424468649091,0,"cpufreq",787200.000000
813424468652998,1,"cpufreq",787200.000000
813424473063310,0,"cpufreq",672000.000000
813424473064873,1,"cpufreq",672000.000000
813424484149143,0,"cpufreq",1017600.000000
813424484150289,1,"cpufreq",1017600.000000
813424484160810,5,"cpufreq",499200.000000
813424484161643,6,"cpufreq",499200.000000
813424484667893,0,"cpufreq",672000.000000
813424484669716,1,"cpufreq",672000.000000
813424484817581,0,"cpufreq",556800.000000
813424484820289,1,"cpufreq",556800.000000
813424484828727,5,"cpufreq",729600.000000
813424484830237,6,"cpufreq",729600.000000
813424488950914,0,"cpufreq",787200.000000
813424488957060,1,"cpufreq",787200.000000
813424491586279,0,"cpufreq",902400.000000
813424491588518,1,"cpufreq",902400.000000
813424492891800,0,"cpufreq",556800.000000
813424492893987,1,"cpufreq",556800.000000
813424494137946,0,"cpufreq",1344000.000000
813424494142737,1,"cpufreq",1344000.000000
813424494220966,0,"cpufreq",1132800.000000
813424494228831,1,"cpufreq",1132800.000000
813424494239873,5,"cpufreq",499200.000000
813424494241852,6,"cpufreq",499200.000000
813424495926591,0,"cpufreq",1248000.000000
813424495928466,1,"cpufreq",1248000.000000
813424496413727,0,"cpufreq",1574400.000000
813424496415498,1,"cpufreq",1574400.000000
813424496547112,0,"cpufreq",1804800.000000
813424496548206,1,"cpufreq",1804800.000000
813424496712112,0,"cpufreq",787200.000000
813424496714768,1,"cpufreq",787200.000000
813424496726904,5,"cpufreq",729600.000000
813424496728779,6,"cpufreq",729600.000000
813424500219456,0,"cpufreq",1344000.000000
813424500221956,1,"cpufreq",1344000.000000
813424500247373,5,"cpufreq",960000.000000
813424500249664,6,"cpufreq",960000.000000
813424504222477,0,"cpufreq",1017600.000000
813424504223779,1,"cpufreq",1017600.000000
813424504408571,0,"cpufreq",1344000.000000
813424504409508,1,"cpufreq",1344000.000000
813424504471539,0,"cpufreq",1017600.000000
813424504472268,1,"cpufreq",1017600.000000
813424508375914,0,"cpufreq",1132800.000000
813424508377946,1,"cpufreq",1132800.000000
813424508455758,0,"cpufreq",1017600.000000
813424508457946,1,"cpufreq",1017600.000000
813424508722216,0,"cpufreq",1344000.000000
813424508723206,1,"cpufreq",1344000.000000
813424508788623,0,"cpufreq",1017600.000000
813424508789456,1,"cpufreq",1017600.000000
813424509014664,0,"cpufreq",1344000.000000
813424509015446,1,"cpufreq",1344000.000000
813424515033102,0,"cpufreq",1017600.000000
813424515035133,1,"cpufreq",1017600.000000
813424515044977,5,"cpufreq",844800.000000
813424515047633,6,"cpufreq",844800.000000
813424515629664,0,"cpufreq",902400.000000
813424515632268,1,"cpufreq",902400.000000
813424515649768,5,"cpufreq",1190400.000000
813424515652425,6,"cpufreq",1190400.000000
813424525137164,0,"cpufreq",1248000.000000
813424525140029,1,"cpufreq",1248000.000000
813424526784508,0,"cpufreq",902400.000000
813424526786800,1,"cpufreq",902400.000000
813424536297216,0,"cpufreq",787200.000000
813424536300810,1,"cpufreq",787200.000000
813424536636904,0,"cpufreq",902400.000000
813424536640185,1,"cpufreq",902400.000000
813424536855550,0,"cpufreq",787200.000000
813424536856383,1,"cpufreq",787200.000000
813424539165654,0,"cpufreq",672000.000000
813424539174508,1,"cpufreq",672000.000000
813424541206591,0,"cpufreq",1248000.000000
813424541210498,1,"cpufreq",1248000.000000
813424548170289,0,"cpufreq",902400.000000
813424548171227,1,"cpufreq",902400.000000
813424548183935,5,"cpufreq",729600.000000
813424548185081,6,"cpufreq",729600.000000
813424564213727,0,"cpufreq",1804800.000000
813424564218154,1,"cpufreq",1804800.000000
813424564248727,5,"cpufreq",499200.000000
813424564251800,6,"cpufreq",499200.000000
813424592311591,5,"cpufreq",614400.000000
813424592313623,6,"cpufreq",614400.000000
813424596145706,0,"cpufreq",556800.000000
813424596147373,1,"cpufreq",556800.000000
813424596159612,5,"cpufreq",844800.000000
813424596160550,6,"cpufreq",844800.000000
813424606416539,0,"cpufreq",672000.000000
813424606421539,1,"cpufreq",672000.000000
813424607445550,0,"cpufreq",556800.000000
813424607447320,1,"cpufreq",556800.000000
813424608653623,5,"cpufreq",960000.000000
813424608656956,6,"cpufreq",960000.000000
813424610347945,0,"cpufreq",672000.000000
813424610352529,1,"cpufreq",672000.000000
813424610370341,5,"cpufreq",1075200.000000
813424610374925,6,"cpufreq",1075200.000000
813424610735654,0,"cpufreq",556800.000000
813424610740029,1,"cpufreq",556800.000000
813424620524664,0,"cpufreq",787200.000000
813424620530185,1,"cpufreq",787200.000000
813424625615550,0,"cpufreq",556800.000000
813424625616643,1,"cpufreq",556800.000000
813424628250341,0,"cpufreq",787200.000000
813424628255602,1,"cpufreq",787200.000000
813424628297216,5,"cpufreq",499200.000000
813424628301800,6,"cpufreq",499200.000000
813424644182789,0,"cpufreq",1804800.000000
813424644186591,1,"cpufreq",1804800.000000
813424676158414,0,"cpufreq",672000.000000
813424676159508,1,"cpufreq",672000.000000
813424676174664,5,"cpufreq",614400.000000
813424676175810,6,"cpufreq",614400.000000
813424692207685,0,"cpufreq",556800.000000
813424692213310,1,"cpufreq",556800.000000
813424692249768,5,"cpufreq",844800.000000
813424692259820,6,"cpufreq",844800.000000
813424704520550,0,"cpufreq",672000.000000
813424704524091,1,"cpufreq",672000.000000
813424708408310,0,"cpufreq",787200.000000
813424708412529,1,"cpufreq",787200.000000
813424708443050,5,"cpufreq",729600.000000
813424708451331,6,"cpufreq",729600.000000
813424716525237,0,"cpufreq",556800.000000
813424716528935,1,"cpufreq",556800.000000
813424723652164,0,"cpufreq",1804800.000000
813424723654248,1,"cpufreq",1804800.000000
813424723683206,5,"cpufreq",499200.000000
813424723685341,6,"cpufreq",499200.000000
813424756152164,0,"cpufreq",1248000.000000
813424756153518,1,"cpufreq",1248000.000000
813424771605445,0,"cpufreq",556800.000000
813424771606904,1,"cpufreq",556800.000000
813424771623675,5,"cpufreq",729600.000000
813424771625289,6,"cpufreq",729600.000000
813424787876852,5,"cpufreq",960000.000000
813424787877633,6,"cpufreq",960000.000000
813424820051383,5,"cpufreq",1190400.000000
813424820055341,6,"cpufreq",1190400.000000
813424821984404,5,"cpufreq",1075200.000000
813424821985237,6,"cpufreq",1075200.000000
813424836211331,5,"cpufreq",844800.000000
813424836213258,6,"cpufreq",844800.000000
813424852238987,5,"cpufreq",1075200.000000
813424852244508,6,"cpufreq",1075200.000000
813424860674925,5,"cpufreq",1190400.000000
813424860675706,6,"cpufreq",1190400.000000
813424868133727,5,"cpufreq",844800.000000
813424868134560,6,"cpufreq",844800.000000
813424884267997,0,"cpufreq",1804800.000000
813424884274352,1,"cpufreq",1804800.000000
813424884310966,5,"cpufreq",499200.000000
813424884316487,6,"cpufreq",499200.000000
813424979457893,0,"cpufreq",556800.000000
813424979460133,1,"cpufreq",556800.000000
813424979479195,5,"cpufreq",729600.000000
813424979484508,6,"cpufreq",729600.000000
813424988457997,0,"cpufreq",902400.000000
813424988462633,1,"cpufreq",902400.000000
813424991679300,0,"cpufreq",1017600.000000
813424991680706,1,"cpufreq",1017600.000000
813424991693727,5,"cpufreq",844800.000000
813424991694768,6,"cpufreq",844800.000000
813424992125966,0,"cpufreq",1804800.000000
813424992127945,1,"cpufreq",1804800.000000
813424992280914,5,"cpufreq",960000.000000
813424992282060,6,"cpufreq",960000.000000
813424992398883,0,"cpufreq",1017600.000000
813424992399820,1,"cpufreq",1017600.000000
813424992404247,5,"cpufreq",844800.000000
813424992405029,6,"cpufreq",844800.000000
813424992826331,0,"cpufreq",902400.000000
813424992827425,1,"cpufreq",902400.000000
813424992834768,5,"cpufreq",729600.000000
813424992835706,6,"cpufreq",729600.000000
813424994109456,0,"cpufreq",1689600.000000
813424994111435,1,"cpufreq",1689600.000000
813424994545706,0,"cpufreq",1804800.000000
813424994546800,1,"cpufreq",1804800.000000
813424994555758,5,"cpufreq",844800.000000
813424994557008,6,"cpufreq",844800.000000
813424995885810,5,"cpufreq",960000.000000
813424995888102,6,"cpufreq",960000.000000
813424996379560,0,"cpufreq",1248000.000000
813424996380497,1,"cpufreq",1248000.000000
813424997233362,0,"cpufreq",787200.000000
813424997234977,1,"cpufreq",787200.000000
813425001981747,5,"cpufreq",1075200.000000
813425001982945,6,"cpufreq",1075200.000000
813425003746591,5,"cpufreq",1190400.000000
813425003747581,6,"cpufreq",1190400.000000
813425007481331,0,"cpufreq",1804800.000000
813425007482112,1,"cpufreq",1804800.000000
813425008873206,0,"cpufreq",787200.000000
813425008874195,1,"cpufreq",787200.000000
813425008879091,5,"cpufreq",960000.000000
813425008879820,6,"cpufreq",960000.000000
813425011603831,0,"cpufreq",1459200.000000
813425011607425,1,"cpufreq",1459200.000000
813425011621383,5,"cpufreq",1190400.000000
813425011624820,6,"cpufreq",1190400.000000
813425028155810,0,"cpufreq",556800.000000
813425028157945,1,"cpufreq",556800.000000
813425031800549,0,"cpufreq",787200.000000
813425031801279,1,"cpufreq",787200.000000
813425033670185,0,"cpufreq",556800.000000
813425033671331,1,"cpufreq",556800.000000
813425033880966,0,"cpufreq",1017600.000000
813425033881799,1,"cpufreq",1017600.000000
813425040287112,0,"cpufreq",556800.000000
813425040289768,1,"cpufreq",556800.000000
813425043913727,5,"cpufreq",960000.000000
813425043918622,6,"cpufreq",960000.000000
813425056317112,5,"cpufreq",1075200.000000
813425056323310,6,"cpufreq",1075200.000000
813425059040393,5,"cpufreq",1190400.000000
813425059041852,6,"cpufreq",1190400.000000
813425060161331,0,"cpufreq",787200.000000
813425060162164,1,"cpufreq",787200.000000
813425065355081,0,"cpufreq",556800.000000
813425065358570,1,"cpufreq",556800.000000
813425076334612,0,"cpufreq",1804800.000000
813425076340341,1,"cpufreq",1804800.000000
813425076382268,5,"cpufreq",499200.000000
813425076387633,6,"cpufreq",499200.000000
813425103832372,5,"cpufreq",729600.000000
813425103834299,6,"cpufreq",729600.000000
813425105009820,5,"cpufreq",499200.000000
813425105010966,6,"cpufreq",499200.000000
813425120182424,5,"cpufreq",729600.000000
813425120183987,6,"cpufreq",729600.000000
813425124198570,0,"cpufreq",556800.000000
813425124199872,1,"cpufreq",556800.000000
813425124223414,5,"cpufreq",960000.000000
813425124228727,6,"cpufreq",960000.000000
813425136787633,5,"cpufreq",1075200.000000
813425136788779,6,"cpufreq",1075200.000000
813425137868518,5,"cpufreq",960000.000000
813425137869664,6,"cpufreq",960000.000000
813425140007477,5,"cpufreq",1075200.000000
813425140010966,6,"cpufreq",1075200.000000
813425156254195,0,"cpufreq",1804800.000000
813425156259404,1,"cpufreq",1804800.000000
813425156287112,5,"cpufreq",499200.000000
813425156294977,6,"cpufreq",499200.000000
813425188185289,0,"cpufreq",1689600.000000
813425188186279,1,"cpufreq",1689600.000000
813425195595810,5,"cpufreq",844800.000000
813425195598466,6,"cpufreq",844800.000000
813425196208362,5,"cpufreq",499200.000000
813425196209352,6,"cpufreq",499200.000000
813425203721435,0,"cpufreq",902400.000000
813425203723258,1,"cpufreq",902400.000000
813425220158362,0,"cpufreq",1017600.000000
813425220160029,1,"cpufreq",1017600.000000
813425235513466,0,"cpufreq",556800.000000
813425235515445,1,"cpufreq",556800.000000
813425236721435,0,"cpufreq",672000.000000
813425236725081,1,"cpufreq",672000.000000
813425252958258,0,"cpufreq",556800.000000
813425252962529,1,"cpufreq",556800.000000
813425271762737,0,"cpufreq",787200.000000
813425271765914,1,"cpufreq",787200.000000
813425274437789,0,"cpufreq",556800.000000
813425274440029,1,"cpufreq",556800.000000
813425275243362,0,"cpufreq",902400.000000
813425275246487,1,"cpufreq",902400.000000
813425276352216,0,"cpufreq",556800.000000
813425276355289,1,"cpufreq",556800.000000
813425303484195,5,"cpufreq",614400.000000
813425303486539,6,"cpufreq",614400.000000
813425304517372,5,"cpufreq",499200.000000
813425304528154,6,"cpufreq",499200.000000
813425370505810,0,"cpufreq",1804800.000000
813425370507841,1,"cpufreq",1804800.000000
813425371489664,0,"cpufreq",556800.000000
813425371490706,1,"cpufreq",556800.000000
813425403636956,5,"cpufreq",614400.000000
813425403638883,6,"cpufreq",614400.000000
813425404402633,5,"cpufreq",499200.000000
813425404404195,6,"cpufreq",499200.000000
813425411523258,0,"cpufreq",672000.000000
813425411526747,1,"cpufreq",672000.000000
813425428252581,0,"cpufreq",556800.000000
813425428257633,1,"cpufreq",556800.000000
813425619520185,0,"cpufreq",1344000.000000
813425619525289,1,"cpufreq",1344000.000000
813425634943153,0,"cpufreq",672000.000000
813425634944612,1,"cpufreq",672000.000000
813425635297893,0,"cpufreq",1344000.000000
813425635300653,1,"cpufreq",1344000.000000
813425635500706,0,"cpufreq",556800.000000
813425635502737,1,"cpufreq",556800.000000
813425779603258,0,"cpufreq",902400.000000
813425779609664,1,"cpufreq",902400.000000
813425780132216,0,"cpufreq",556800.000000
813425780135237,1,"cpufreq",556800.000000
813426200198309,0,"cpufreq",672000.000000
813426200200080,1,"cpufreq",672000.000000
813426205997737,0,"cpufreq",1132800.000000
813426206002164,1,"cpufreq",1132800.000000
813426207102945,0,"cpufreq",672000.000000
813426207105393,1,"cpufreq",672000.000000
813426207471487,0,"cpufreq",556800.000000
813426207474247,1,"cpufreq",556800.000000
813426211527424,0,"cpufreq",672000.000000
813426211530653,1,"cpufreq",672000.000000
813426227510809,0,"cpufreq",556800.000000
813426227515757,1,"cpufreq",556800.000000
813426277394820,0,"cpufreq",787200.000000
813426277398153,1,"cpufreq",787200.000000
813426277531539,0,"cpufreq",1248000.000000
813426277534299,1,"cpufreq",1248000.000000
813426279955601,0,"cpufreq",556800.000000
813426279958362,1,"cpufreq",556800.000000
813426291534716,0,"cpufreq",672000.000000
813426291539768,1,"cpufreq",672000.000000
813426307582112,0,"cpufreq",1344000.000000
813426307586591,1,"cpufreq",1344000.000000
813426312331382,0,"cpufreq",1017600.000000
813426312333987,1,"cpufreq",1017600.000000
813426321044872,0,"cpufreq",1344000.000000
813426321048101,1,"cpufreq",1344000.000000
813426321165914,0,"cpufreq",1017600.000000
813426321168101,1,"cpufreq",1017600.000000
813426324211851,0,"cpufreq",556800.000000
813426324214039,1,"cpufreq",556800.000000
813426502521799,5,"cpufreq",960000.000000
813426502524611,6,"cpufreq",960000.000000
813426505801070,5,"cpufreq",1075200.000000
813426505802424,6,"cpufreq",1075200.000000
813426506814091,5,"cpufreq",499200.000000
813426506818257,6,"cpufreq",499200.000000
813426507207424,0,"cpufreq",1689600.000000
813426507212997,1,"cpufreq",1689600.000000
813426508630028,0,"cpufreq",556800.000000
813426508632997,1,"cpufreq",556800.000000
813426516268361,0,"cpufreq",1344000.000000
813426516274143,1,"cpufreq",1344000.000000
813426520195236,0,"cpufreq",902400.000000
813426520197164,1,"cpufreq",902400.000000
813426532177372,0,"cpufreq",556800.000000
813426532179247,1,"cpufreq",556800.000000
813426564268726,0,"cpufreq",672000.000000
813426564273934,1,"cpufreq",672000.000000
813426579560184,0,"cpufreq",556800.000000
813426579562788,1,"cpufreq",556800.000000
813426715270393,0,"cpufreq",902400.000000
813426715275549,1,"cpufreq",902400.000000
813426725858466,0,"cpufreq",556800.000000
813426725861747,1,"cpufreq",556800.000000
813426788975288,5,"cpufreq",960000.000000
813426788977580,6,"cpufreq",960000.000000
813426789105757,5,"cpufreq",1190400.000000
813426789106590,6,"cpufreq",1190400.000000
813426791458882,0,"cpufreq",1132800.000000
813426791459924,1,"cpufreq",1132800.000000
813426792322580,5,"cpufreq",499200.000000
813426792324507,6,"cpufreq",499200.000000
813426793555028,0,"cpufreq",556800.000000
813426793557528,1,"cpufreq",556800.000000
813426803749038,0,"cpufreq",672000.000000
813426803752163,1,"cpufreq",672000.000000
813426803786747,5,"cpufreq",614400.000000
813426803790809,6,"cpufreq",614400.000000
813426819822528,0,"cpufreq",556800.000000
813426819827945,1,"cpufreq",556800.000000
813426819862163,5,"cpufreq",499200.000000
813426819868205,6,"cpufreq",499200.000000
813426912470080,0,"cpufreq",672000.000000
813426912472476,1,"cpufreq",672000.000000
813426913503465,0,"cpufreq",556800.000000
813426913506434,1,"cpufreq",556800.000000
813426925381174,0,"cpufreq",672000.000000
813426925386174,1,"cpufreq",672000.000000
813426927132007,0,"cpufreq",1017600.000000
813426927136382,1,"cpufreq",1017600.000000
813426931465913,0,"cpufreq",672000.000000
813426931467736,1,"cpufreq",672000.000000
813426938220236,0,"cpufreq",556800.000000
813426938225288,1,"cpufreq",556800.000000
813426938701695,0,"cpufreq",672000.000000
813426938703622,1,"cpufreq",672000.000000
813426939020132,0,"cpufreq",556800.000000
813426939024663,1,"cpufreq",556800.000000
813426939352632,0,"cpufreq",672000.000000
813426939354090,1,"cpufreq",672000.000000
813426939514559,0,"cpufreq",556800.000000
813426939519299,1,"cpufreq",556800.000000
813426940208361,0,"cpufreq",672000.000000
813426940213570,1,"cpufreq",672000.000000
813426941209090,0,"cpufreq",556800.000000
813426941211799,1,"cpufreq",556800.000000
813426941547945,0,"cpufreq",787200.000000
813426941551070,1,"cpufreq",787200.000000
813426942406590,0,"cpufreq",672000.000000
813426942408726,1,"cpufreq",672000.000000
813426942610497,0,"cpufreq",556800.000000
813426942614820,1,"cpufreq",556800.000000
813426942789559,0,"cpufreq",902400.000000
813426942794611,1,"cpufreq",902400.000000
813426943170965,0,"cpufreq",672000.000000
813426943172840,1,"cpufreq",672000.000000
813426943470132,0,"cpufreq",556800.000000
813426943472528,1,"cpufreq",556800.000000
813426944311747,0,"cpufreq",1017600.000000
813426944316434,1,"cpufreq",1017600.000000
813426945205965,0,"cpufreq",787200.000000
813426945207840,1,"cpufreq",787200.000000
813426945380340,0,"cpufreq",556800.000000
813426945382528,1,"cpufreq",556800.000000
813426946739924,0,"cpufreq",672000.000000
813426946743257,1,"cpufreq",672000.000000
813426947505497,5,"cpufreq",1190400.000000
813426947508413,6,"cpufreq",1190400.000000
813426948145080,0,"cpufreq",556800.000000
813426948147893,1,"cpufreq",556800.000000
813426948397320,0,"cpufreq",787200.000000
813426948401955,1,"cpufreq",787200.000000
813426954676747,5,"cpufreq",960000.000000
813426954680757,6,"cpufreq",960000.000000
813426955665861,5,"cpufreq",844800.000000
813426955670445,6,"cpufreq",844800.000000
813426956004351,0,"cpufreq",1344000.000000
813426956007945,1,"cpufreq",1344000.000000
813426956021799,5,"cpufreq",499200.000000
813426956025184,6,"cpufreq",499200.000000
813426959316330,0,"cpufreq",1248000.000000
813426959318101,1,"cpufreq",1248000.000000
813426959969038,0,"cpufreq",1344000.000000
813426959971382,1,"cpufreq",1344000.000000
813426960105497,0,"cpufreq",1248000.000000
813426960107736,1,"cpufreq",1248000.000000
813426960238882,0,"cpufreq",1344000.000000
813426960240913,1,"cpufreq",1344000.000000
813426963942893,0,"cpufreq",1132800.000000
813426963944143,1,"cpufreq",1132800.000000
813426972281955,0,"cpufreq",1248000.000000
813426972284403,1,"cpufreq",1248000.000000
813426972357163,0,"cpufreq",1344000.000000
813426972359195,1,"cpufreq",1344000.000000
813426974296955,0,"cpufreq",1248000.000000
813426974298465,1,"cpufreq",1248000.000000
813426974737632,0,"cpufreq",1344000.000000
813426974739247,1,"cpufreq",1344000.000000
813426975253101,0,"cpufreq",1132800.000000
813426975254976,1,"cpufreq",1132800.000000
813426976343049,0,"cpufreq",556800.000000
813426976344663,1,"cpufreq",556800.000000
813426976354820,5,"cpufreq",729600.000000
813426976357007,6,"cpufreq",729600.000000
813426978939820,0,"cpufreq",1132800.000000
813426978942997,1,"cpufreq",1132800.000000
813426978960340,5,"cpufreq",499200.000000
813426978963674,6,"cpufreq",499200.000000
813426980207788,0,"cpufreq",556800.000000
813426980209768,1,"cpufreq",556800.000000
813427140819663,0,"cpufreq",787200.000000
813427140821538,1,"cpufreq",787200.000000
813427156526174,0,"cpufreq",556800.000000
813427156531382,1,"cpufreq",556800.000000
813427208347111,0,"cpufreq",787200.000000
813427208350601,1,"cpufreq",787200.000000
813427209603726,0,"cpufreq",672000.000000
813427209606226,1,"cpufreq",672000.000000
813427218176955,0,"cpufreq",787200.000000
813427218181122,1,"cpufreq",787200.000000
813427218337632,0,"cpufreq",672000.000000
813427218339924,1,"cpufreq",672000.000000
813427219144455,0,"cpufreq",556800.000000
813427219146330,1,"cpufreq",556800.000000
813427219431017,0,"cpufreq",672000.000000
813427219432476,1,"cpufreq",672000.000000
813427220095549,0,"cpufreq",556800.000000
813427220097580,1,"cpufreq",556800.000000
813427220234194,0,"cpufreq",672000.000000
813427220235757,1,"cpufreq",672000.000000
813427235892788,0,"cpufreq",556800.000000
813427235897319,1,"cpufreq",556800.000000
813427420323986,0,"cpufreq",787200.000000
813427420326538,1,"cpufreq",787200.000000
813427420881278,0,"cpufreq",556800.000000
813427420883622,1,"cpufreq",556800.000000
813427585002007,0,"cpufreq",902400.000000
813427585006642,1,"cpufreq",902400.000000
813427586035965,0,"cpufreq",556800.000000
813427586037736,1,"cpufreq",556800.000000
813427623805653,0,"cpufreq",787200.000000
813427623811538,1,"cpufreq",787200.000000
813427624315496,0,"cpufreq",556800.000000
813427624318934,1,"cpufreq",556800.000000
813427659127632,5,"cpufreq",614400.000000
813427659130757,6,"cpufreq",614400.000000
813427668256382,5,"cpufreq",499200.000000
813427668262267,6,"cpufreq",499200.000000
813427689614663,0,"cpufreq",787200.000000
813427689620080,1,"cpufreq",787200.000000
813427693134038,0,"cpufreq",556800.000000
813427693136382,1,"cpufreq",556800.000000
813427700409819,0,"cpufreq",672000.000000
813427700415184,1,"cpufreq",672000.000000
813427702410809,0,"cpufreq",556800.000000
813427702413361,1,"cpufreq",556800.000000
813427813262580,0,"cpufreq",787200.000000
813427813266538,1,"cpufreq",787200.000000
813427813407007,0,"cpufreq",1344000.000000
813427813409663,1,"cpufreq",1344000.000000
813427814051434,0,"cpufreq",672000.000000
813427814053673,1,"cpufreq",672000.000000
813427814378517,0,"cpufreq",556800.000000
813427814382371,1,"cpufreq",556800.000000
813427815224663,0,"cpufreq",672000.000000
813427815227163,1,"cpufreq",672000.000000
813427815541590,0,"cpufreq",556800.000000
813427815543048,1,"cpufreq",556800.000000
813427835297319,0,"cpufreq",902400.000000
813427835301903,1,"cpufreq",902400.000000
813427835600080,0,"cpufreq",556800.000000
813427835603205,1,"cpufreq",556800.000000
813427841066903,0,"cpufreq",1248000.000000
813427841070601,1,"cpufreq",1248000.000000
813427844168673,0,"cpufreq",556800.000000
813427844170392,1,"cpufreq",556800.000000
813428000731330,5,"cpufreq",1190400.000000
813428000733725,6,"cpufreq",1190400.000000
813428001113621,0,"cpufreq",787200.000000
813428001114715,1,"cpufreq",787200.000000
813428001821486,0,"cpufreq",556800.000000
813428001822319,1,"cpufreq",556800.000000
813428002356694,0,"cpufreq",1132800.000000
813428002361850,1,"cpufreq",1132800.000000
813428003336330,0,"cpufreq",787200.000000
813428003338621,1,"cpufreq",787200.000000
813428003352632,5,"cpufreq",499200.000000
813428003357319,6,"cpufreq",499200.000000
813428003527736,0,"cpufreq",1344000.000000
813428003530757,1,"cpufreq",1344000.000000
813428006134611,0,"cpufreq",787200.000000
813428006136903,1,"cpufreq",787200.000000
813428006663673,0,"cpufreq",1344000.000000
813428006666121,1,"cpufreq",1344000.000000
813428006986642,0,"cpufreq",787200.000000
813428006989194,1,"cpufreq",787200.000000
813428009127840,0,"cpufreq",1344000.000000
813428009129663,1,"cpufreq",1344000.000000
813428009720340,0,"cpufreq",787200.000000
813428009721903,1,"cpufreq",787200.000000
813428014950653,0,"cpufreq",902400.000000
813428014953986,1,"cpufreq",902400.000000
813428019506121,0,"cpufreq",1344000.000000
813428019508100,1,"cpufreq",1344000.000000
813428020021121,0,"cpufreq",1132800.000000
813428020023205,1,"cpufreq",1132800.000000
813428020149923,0,"cpufreq",1017600.000000
813428020152163,1,"cpufreq",1017600.000000
813428024350340,5,"cpufreq",614400.000000
813428024352423,6,"cpufreq",614400.000000
813428024453361,5,"cpufreq",499200.000000
813428024455965,6,"cpufreq",499200.000000
813428036154038,0,"cpufreq",556800.000000
813428036156330,1,"cpufreq",556800.000000
813428220555132,0,"cpufreq",1132800.000000
813428220558882,1,"cpufreq",1132800.000000
813428228183465,0,"cpufreq",556800.000000
813428228185809,1,"cpufreq",556800.000000
813428229147215,0,"cpufreq",787200.000000
813428229148309,1,"cpufreq",787200.000000
813428243464246,0,"cpufreq",556800.000000
813428243468205,1,"cpufreq",556800.000000
813428406323882,0,"cpufreq",902400.000000
813428406329090,1,"cpufreq",902400.000000
813428407412632,0,"cpufreq",556800.000000
813428407415027,1,"cpufreq",556800.000000
813428491697059,0,"cpufreq",787200.000000
813428491701798,1,"cpufreq",787200.000000
813428499616434,0,"cpufreq",902400.000000
813428499619975,1,"cpufreq",902400.000000
813428501449715,0,"cpufreq",672000.000000
813428501452684,1,"cpufreq",672000.000000
813428516333309,0,"cpufreq",556800.000000
813428516337944,1,"cpufreq",556800.000000
813428549511434,5,"cpufreq",1190400.000000
813428549513465,6,"cpufreq",1190400.000000
813428550256225,0,"cpufreq",1804800.000000
813428550262319,1,"cpufreq",1804800.000000
813428564533256,0,"cpufreq",556800.000000
813428564534506,1,"cpufreq",556800.000000
813428564551277,5,"cpufreq",499200.000000
813428564553777,6,"cpufreq",499200.000000
813428606243881,0,"cpufreq",787200.000000
813428606248569,1,"cpufreq",787200.000000
813428606628361,0,"cpufreq",556800.000000
813428606631902,1,"cpufreq",556800.000000
813428611587371,0,"cpufreq",672000.000000
813428611590965,1,"cpufreq",672000.000000
813428627586434,0,"cpufreq",556800.000000
813428627591434,1,"cpufreq",556800.000000
813428993117631,0,"cpufreq",1248000.000000
813428993121017,1,"cpufreq",1248000.000000
813428995765079,0,"cpufreq",556800.000000
813428995767423,1,"cpufreq",556800.000000
813429008140704,0,"cpufreq",672000.000000
813429008142371,1,"cpufreq",672000.000000
813429010388465,0,"cpufreq",787200.000000
813429010393517,1,"cpufreq",787200.000000
813429010652267,0,"cpufreq",556800.000000
813429010655913,1,"cpufreq",556800.000000
813429011561902,0,"cpufreq",1344000.000000
813429011565496,1,"cpufreq",1344000.000000
813429035089090,0,"cpufreq",556800.000000
813429035091225,1,"cpufreq",556800.000000
813429443849506,0,"cpufreq",1344000.000000
813429443855339,1,"cpufreq",1344000.000000
813429460192839,0,"cpufreq",1804800.000000
813429460195808,1,"cpufreq",1804800.000000
813429493058517,0,"cpufreq",556800.000000
813429493060183,1,"cpufreq",556800.000000
813429582510808,0,"cpufreq",787200.000000
813429582514246,1,"cpufreq",787200.000000
813429582921277,0,"cpufreq",672000.000000
813429582924975,1,"cpufreq",672000.000000
813429583277996,0,"cpufreq",556800.000000
813429583281902,1,"cpufreq",556800.000000
813429588237110,0,"cpufreq",672000.000000
813429588242892,1,"cpufreq",672000.000000
813429603846694,0,"cpufreq",556800.000000
813429603850756,1,"cpufreq",556800.000000
813429606516642,0,"cpufreq",672000.000000
813429606521589,1,"cpufreq",672000.000000
813429607419923,0,"cpufreq",556800.000000
813429607422214,1,"cpufreq",556800.000000
813429677258881,0,"cpufreq",672000.000000
813429677262162,1,"cpufreq",672000.000000
813429678062944,0,"cpufreq",556800.000000
813429678065444,1,"cpufreq",556800.000000
813429685317944,0,"cpufreq",672000.000000
813429685324298,1,"cpufreq",672000.000000
813429685800704,0,"cpufreq",556800.000000
813429685805079,1,"cpufreq",556800.000000
813429698859298,0,"cpufreq",672000.000000
813429698862735,1,"cpufreq",672000.000000
813429699234194,0,"cpufreq",556800.000000
813429699236954,1,"cpufreq",556800.000000
