"ts","cpu","name","value"
813349091427349,5,"cpufreq",2246400.000000
813349091427662,6,"cpufreq",2246400.000000
813349094896464,5,"cpufreq",2035200.000000
813349094896881,6,"cpufreq",2035200.000000
813349095362922,5,"cpufreq",2246400.000000
813349095363391,6,"cpufreq",2246400.000000
813349095964953,5,"cpufreq",2707200.000000
813349095965318,6,"cpufreq",2707200.000000
813349096005318,5,"cpufreq",2246400.000000
813349096005683,6,"cpufreq",2246400.000000
813349096178808,5,"cpufreq",2323200.000000
813349096179120,6,"cpufreq",2323200.000000
813349096212714,5,"cpufreq",2246400.000000
813349096213078,6,"cpufreq",2246400.000000
813349097476985,5,"cpufreq",2572800.000000
813349097477297,6,"cpufreq",2572800.000000
813349097536516,5,"cpufreq",2246400.000000
813349097536933,6,"cpufreq",2246400.000000
813349097587297,5,"cpufreq",2131200.000000
813349097588287,6,"cpufreq",2131200.000000
813349097826620,5,"cpufreq",2246400.000000
813349097826933,6,"cpufreq",2246400.000000
813349099436568,5,"cpufreq",2841600.000000
813349099437089,6,"cpufreq",2841600.000000
813349102058391,5,"cpufreq",2899200.000000
813349102058964,6,"cpufreq",2899200.000000
813349103118183,5,"cpufreq",2841600.000000
813349103118547,6,"cpufreq",2841600.000000
813349103321203,5,"cpufreq",2438400.000000
813349103321516,6,"cpufreq",2438400.000000
813349103791308,5,"cpufreq",2899200.000000
813349103791724,6,"cpufreq",2899200.000000
813349104097610,5,"cpufreq",2841600.000000
813349104098026,6,"cpufreq",2841600.000000
813349104172766,5,"cpufreq",2899200.000000
813349104173131,6,"cpufreq",2899200.000000
813349104207245,5,"cpufreq",2841600.000000
813349104207506,6,"cpufreq",2841600.000000
813349104368547,5,"cpufreq",2438400.000000
813349104369589,6,"cpufreq",2438400.000000
813349105001412,5,"cpufreq",2841600.000000
813349105001776,6,"cpufreq",2841600.000000
813349107516776,5,"cpufreq",1190400.000000
813349107517245,6,"cpufreq",1190400.000000
813349110399693,5,"cpufreq",614400.000000
813349110400058,6,"cpufreq",614400.000000
813349111022245,5,"cpufreq",499200.000000
813349111022662,6,"cpufreq",499200.000000
813349115567818,5,"cpufreq",2246400.000000
813349115568339,6,"cpufreq",2246400.000000
813349116178339,5,"cpufreq",2707200.000000
813349116178703,6,"cpufreq",2707200.000000
813349117085318,5,"cpufreq",2035200.000000
813349117085526,6,"cpufreq",2035200.000000
813349117883078,5,"cpufreq",2515200.000000
813349117883599,6,"cpufreq",2515200.000000
813349118054641,5,"cpufreq",2246400.000000
813349118055006,6,"cpufreq",2246400.000000
813349118123131,5,"cpufreq",2323200.000000
813349118123495,6,"cpufreq",2323200.000000
813349118208964,5,"cpufreq",2035200.000000
813349118210318,6,"cpufreq",2035200.000000
813349118301933,5,"cpufreq",2246400.000000
813349118302506,6,"cpufreq",2246400.000000
813349118963860,5,"cpufreq",2035200.000000
813349118964172,6,"cpufreq",2035200.000000
813349119054901,5,"cpufreq",1612800.000000
813349119055318,6,"cpufreq",1612800.000000
813349119266151,5,"cpufreq",2323200.000000
813349119266516,6,"cpufreq",2323200.000000
813349119363078,5,"cpufreq",1612800.000000
813349119364068,6,"cpufreq",1612800.000000
813349119557714,5,"cpufreq",2956800.000000
813349119558131,6,"cpufreq",2956800.000000
813349119743964,5,"cpufreq",1612800.000000
813349119744224,6,"cpufreq",1612800.000000
813349120119641,5,"cpufreq",2035200.000000
813349120119901,6,"cpufreq",2035200.000000
813349120242506,5,"cpufreq",1612800.000000
813349120243756,6,"cpufreq",1612800.000000
813349120918964,5,"cpufreq",1708800.000000
813349120919381,6,"cpufreq",1708800.000000
813349121524797,5,"cpufreq",1612800.000000
813349121525058,6,"cpufreq",1612800.000000
813349123413131,5,"cpufreq",2323200.000000
813349123413443,6,"cpufreq",2323200.000000
813349124267037,5,"cpufreq",2707200.000000
813349124267453,6,"cpufreq",2707200.000000
813349124762870,5,"cpufreq",2323200.000000
813349124763391,6,"cpufreq",2323200.000000
813349128078391,5,"cpufreq",2380800.000000
813349128078756,6,"cpufreq",2380800.000000
813349128398183,5,"cpufreq",2323200.000000
813349128398547,6,"cpufreq",2323200.000000
813349128686151,5,"cpufreq",2630400.000000
813349128686516,6,"cpufreq",2630400.000000
813349129504589,5,"cpufreq",2323200.000000
813349129504953,6,"cpufreq",2323200.000000
813349130241047,5,"cpufreq",2380800.000000
813349130241308,6,"cpufreq",2380800.000000
813349130760683,5,"cpufreq",2515200.000000
813349130761308,6,"cpufreq",2515200.000000
813349130930891,5,"cpufreq",2572800.000000
813349130931464,6,"cpufreq",2572800.000000
813349131392089,5,"cpufreq",2956800.000000
813349131392818,6,"cpufreq",2956800.000000
813349139396360,5,"cpufreq",2323200.000000
813349139396620,6,"cpufreq",2323200.000000
813349139529901,5,"cpufreq",2572800.000000
813349139530214,6,"cpufreq",2572800.000000
813349139839381,5,"cpufreq",2438400.000000
813349139839641,6,"cpufreq",2438400.000000
813349144208703,5,"cpufreq",2572800.000000
813349144209120,6,"cpufreq",2572800.000000
813349144227089,5,"cpufreq",2438400.000000
813349144227401,6,"cpufreq",2438400.000000
813349144784120,5,"cpufreq",2956800.000000
813349144785631,6,"cpufreq",2956800.000000
813349145851881,5,"cpufreq",2438400.000000
813349145852401,6,"cpufreq",2438400.000000
813349146124797,5,"cpufreq",2956800.000000
813349146125214,6,"cpufreq",2956800.000000
813349152037141,5,"cpufreq",2572800.000000
813349152037506,6,"cpufreq",2572800.000000
813349154661933,5,"cpufreq",2707200.000000
813349154662610,6,"cpufreq",2707200.000000
813349155422818,5,"cpufreq",2188800.000000
813349155423131,6,"cpufreq",2188800.000000
813349156870526,5,"cpufreq",2246400.000000
813349156870787,6,"cpufreq",2246400.000000
813349157043651,5,"cpufreq",2188800.000000
813349157043912,6,"cpufreq",2188800.000000
813349160391203,5,"cpufreq",2956800.000000
813349160391568,6,"cpufreq",2956800.000000
813349160885422,5,"cpufreq",2630400.000000
813349160885839,6,"cpufreq",2630400.000000
813349161096620,5,"cpufreq",2764800.000000
813349161096985,6,"cpufreq",2764800.000000
813349161664433,5,"cpufreq",2956800.000000
813349161664797,6,"cpufreq",2956800.000000
813349164733443,5,"cpufreq",1190400.000000
813349164734016,6,"cpufreq",1190400.000000
813349168728183,5,"cpufreq",1401600.000000
813349168729120,6,"cpufreq",1401600.000000
813349169173495,5,"cpufreq",1708800.000000
813349169173808,6,"cpufreq",1708800.000000
813349170674485,5,"cpufreq",2438400.000000
813349170675058,6,"cpufreq",2438400.000000
813349170763339,5,"cpufreq",2035200.000000
813349170763703,6,"cpufreq",2035200.000000
813349171095578,5,"cpufreq",2188800.000000
813349171095995,6,"cpufreq",2188800.000000
813349171318443,5,"cpufreq",2323200.000000
813349171318860,6,"cpufreq",2323200.000000
813349171379328,5,"cpufreq",2956800.000000
813349171379849,6,"cpufreq",2956800.000000
813349177052974,5,"cpufreq",2899200.000000
813349177053651,6,"cpufreq",2899200.000000
813349178280631,5,"cpufreq",2956800.000000
813349178280995,6,"cpufreq",2956800.000000
813349179020474,5,"cpufreq",2899200.000000
813349179020787,6,"cpufreq",2899200.000000
813349179368808,5,"cpufreq",2841600.000000
813349179369276,6,"cpufreq",2841600.000000
813349180023599,5,"cpufreq",2899200.000000
813349180024120,6,"cpufreq",2899200.000000
813349180062558,5,"cpufreq",2841600.000000
813349180062922,6,"cpufreq",2841600.000000
813349181952766,5,"cpufreq",2956800.000000
813349181953131,6,"cpufreq",2956800.000000
813349182307297,5,"cpufreq",2841600.000000
813349182307610,6,"cpufreq",2841600.000000
813349182341985,5,"cpufreq",2956800.000000
813349182342401,6,"cpufreq",2956800.000000
813349191012349,7,"cpufreq",3052800.000000
813349592156255,0,"cpufreq",787200.000000
813349592156724,1,"cpufreq",787200.000000
813349592274849,0,"cpufreq",2265600.000000
813349592275162,1,"cpufreq",2265600.000000
813349592667505,0,"cpufreq",1920000.000000
813349592667766,1,"cpufreq",1920000.000000
813349592686672,0,"cpufreq",2265600.000000
813349592687037,1,"cpufreq",2265600.000000
813349593253339,0,"cpufreq",2035200.000000
813349593254120,1,"cpufreq",2035200.000000
813349593289328,0,"cpufreq",2265600.000000
813349593289641,1,"cpufreq",2265600.000000
813349594344953,0,"cpufreq",1574400.000000
813349594346203,1,"cpufreq",1574400.000000
813349594430526,0,"cpufreq",2265600.000000
813349594432297,1,"cpufreq",2265600.000000
813349595048807,0,"cpufreq",1248000.000000
813349595049745,1,"cpufreq",1248000.000000
813349595394224,0,"cpufreq",1689600.000000
813349595394693,1,"cpufreq",1689600.000000
813349595399276,7,"cpufreq",3302400.000000
813349595619328,0,"cpufreq",2265600.000000
813349595620839,1,"cpufreq",2265600.000000
813349603687037,0,"cpufreq",1248000.000000
813349603687505,1,"cpufreq",1248000.000000
813349604087662,0,"cpufreq",1344000.000000
813349604088026,1,"cpufreq",1344000.000000
813349604204849,0,"cpufreq",1248000.000000
813349604206932,1,"cpufreq",1248000.000000
813349604450162,0,"cpufreq",1459200.000000
813349604452193,1,"cpufreq",1459200.000000
813349605009745,0,"cpufreq",1017600.000000
813349605010266,1,"cpufreq",1017600.000000
813349605066724,0,"cpufreq",787200.000000
813349605068443,1,"cpufreq",787200.000000
813349605127037,0,"cpufreq",2265600.000000
813349605127401,1,"cpufreq",2265600.000000
813349606028703,0,"cpufreq",1132800.000000
813349606029120,1,"cpufreq",1132800.000000
813349606085578,0,"cpufreq",1017600.000000
813349606085891,1,"cpufreq",1017600.000000
813349606274172,0,"cpufreq",1689600.000000
813349606276828,1,"cpufreq",1689600.000000
813349606391412,0,"cpufreq",2265600.000000
813349606391776,1,"cpufreq",2265600.000000
813349608045682,0,"cpufreq",1459200.000000
813349608046932,1,"cpufreq",1459200.000000
813349608475005,0,"cpufreq",902400.000000
813349608475422,1,"cpufreq",902400.000000
813349609058078,0,"cpufreq",1804800.000000
813349609060943,1,"cpufreq",1804800.000000
813349609771776,0,"cpufreq",1574400.000000
813349609773026,1,"cpufreq",1574400.000000
813349610388026,0,"cpufreq",1804800.000000
813349610389172,1,"cpufreq",1804800.000000
813349610463964,0,"cpufreq",2035200.000000
813349610464276,1,"cpufreq",2035200.000000
813349610580370,0,"cpufreq",1804800.000000
813349610580787,1,"cpufreq",1804800.000000
813349611248912,0,"cpufreq",2035200.000000
813349611249224,1,"cpufreq",2035200.000000
813349611375214,0,"cpufreq",2265600.000000
813349611375578,1,"cpufreq",2265600.000000
813349619412714,0,"cpufreq",902400.000000
813349619413078,1,"cpufreq",902400.000000
813349620242870,0,"cpufreq",1689600.000000
813349620244849,1,"cpufreq",1689600.000000
813349621371880,0,"cpufreq",1920000.000000
813349621372193,1,"cpufreq",1920000.000000
813349621558807,0,"cpufreq",1689600.000000
813349621559120,1,"cpufreq",1689600.000000
813349627004589,0,"cpufreq",902400.000000
813349627005682,1,"cpufreq",902400.000000
813349627431776,0,"cpufreq",787200.000000
813349627432245,1,"cpufreq",787200.000000
813349628133235,0,"cpufreq",902400.000000
813349628133755,1,"cpufreq",902400.000000
813349628774276,0,"cpufreq",1344000.000000
813349628774745,1,"cpufreq",1344000.000000
813349628785839,0,"cpufreq",1574400.000000
813349628786255,1,"cpufreq",1574400.000000
813349628959745,0,"cpufreq",1689600.000000
813349628961568,1,"cpufreq",1689600.000000
813349629086516,0,"cpufreq",1574400.000000
813349629086985,1,"cpufreq",1574400.000000
813349629179901,0,"cpufreq",1920000.000000
813349629180266,1,"cpufreq",1920000.000000
813349630580682,0,"cpufreq",1689600.000000
813349630581672,1,"cpufreq",1689600.000000
813349634738182,0,"cpufreq",1344000.000000
813349634738495,1,"cpufreq",1344000.000000
813349634979641,0,"cpufreq",1459200.000000
813349634983235,1,"cpufreq",1459200.000000
813349635407557,0,"cpufreq",1920000.000000
813349635408026,1,"cpufreq",1920000.000000
813349635450891,0,"cpufreq",2265600.000000
813349635453078,1,"cpufreq",2265600.000000
813349636026932,0,"cpufreq",1689600.000000
813349636027297,1,"cpufreq",1689600.000000
813349636859849,0,"cpufreq",1920000.000000
813349636860943,1,"cpufreq",1920000.000000
813349637826568,0,"cpufreq",2265600.000000
813349637826985,1,"cpufreq",2265600.000000
813349637924016,0,"cpufreq",1248000.000000
813349637924328,1,"cpufreq",1248000.000000
813349638121099,0,"cpufreq",1344000.000000
813349638121516,1,"cpufreq",1344000.000000
813349638197505,0,"cpufreq",1132800.000000
813349638197974,1,"cpufreq",1132800.000000
813349638412297,0,"cpufreq",1574400.000000
813349638412662,1,"cpufreq",1574400.000000
813349638559537,0,"cpufreq",1689600.000000
813349638559849,1,"cpufreq",1689600.000000
813349639296828,0,"cpufreq",1574400.000000
813349639297974,1,"cpufreq",1574400.000000
813349639487766,0,"cpufreq",2150400.000000
813349639489120,1,"cpufreq",2150400.000000
813349639646828,0,"cpufreq",2035200.000000
813349639647245,1,"cpufreq",2035200.000000
813349640741724,0,"cpufreq",2265600.000000
813349640743182,1,"cpufreq",2265600.000000
813349641401932,0,"cpufreq",2150400.000000
813349641403130,1,"cpufreq",2150400.000000
813349642722037,0,"cpufreq",2035200.000000
813349642723026,1,"cpufreq",2035200.000000
813349642952922,0,"cpufreq",1804800.000000
813349642953807,1,"cpufreq",1804800.000000
813349643468391,0,"cpufreq",2265600.000000
813349643468755,1,"cpufreq",2265600.000000
813349643732505,0,"cpufreq",2035200.000000
813349643732818,1,"cpufreq",2035200.000000
813349645139901,0,"cpufreq",1920000.000000
813349645140162,1,"cpufreq",1920000.000000
813349645168651,0,"cpufreq",2150400.000000
813349645168912,1,"cpufreq",2150400.000000
813349645710005,0,"cpufreq",1920000.000000
813349645711255,1,"cpufreq",1920000.000000
813349646701776,0,"cpufreq",2265600.000000
813349646702818,1,"cpufreq",2265600.000000
813349654541307,0,"cpufreq",1689600.000000
813349654541776,1,"cpufreq",1689600.000000
813349655463130,0,"cpufreq",2265600.000000
813349655463651,1,"cpufreq",2265600.000000
813349656153339,0,"cpufreq",1689600.000000
813349656153755,1,"cpufreq",1689600.000000
813349656448599,0,"cpufreq",1920000.000000
813349656449068,1,"cpufreq",1920000.000000
813349657328859,0,"cpufreq",2265600.000000
813349657330422,1,"cpufreq",2265600.000000
813349662819641,0,"cpufreq",2035200.000000
813349662820005,1,"cpufreq",2035200.000000
813349665151203,0,"cpufreq",2265600.000000
813349665152609,1,"cpufreq",2265600.000000
813349671196307,0,"cpufreq",2150400.000000
813349671196724,1,"cpufreq",2150400.000000
813349673212922,0,"cpufreq",2265600.000000
813349673214328,1,"cpufreq",2265600.000000
813349679460266,0,"cpufreq",1459200.000000
813349679460682,1,"cpufreq",1459200.000000
813349679960370,0,"cpufreq",1689600.000000
813349679961880,1,"cpufreq",1689600.000000
813349681288287,0,"cpufreq",2150400.000000
813349681289953,1,"cpufreq",2150400.000000
813349682414537,0,"cpufreq",2265600.000000
813349682415943,1,"cpufreq",2265600.000000
813349687813078,0,"cpufreq",1574400.000000
813349687813443,1,"cpufreq",1574400.000000
813349688132662,0,"cpufreq",1459200.000000
813349688133026,1,"cpufreq",1459200.000000
813349688156464,0,"cpufreq",1574400.000000
813349688156776,1,"cpufreq",1574400.000000
813349690071724,0,"cpufreq",2265600.000000
813349690073703,1,"cpufreq",2265600.000000
813349699524224,0,"cpufreq",1804800.000000
813349699524537,1,"cpufreq",1804800.000000
813349701055839,0,"cpufreq",1920000.000000
813349701056151,1,"cpufreq",1920000.000000
813349701785057,0,"cpufreq",1804800.000000
813349701785526,1,"cpufreq",1804800.000000
813349702852974,0,"cpufreq",1574400.000000
813349702854537,1,"cpufreq",1574400.000000
813349703571412,0,"cpufreq",1804800.000000
813349703573078,1,"cpufreq",1804800.000000
813349704170995,0,"cpufreq",1920000.000000
813349704171359,1,"cpufreq",1920000.000000
813349704278859,0,"cpufreq",1804800.000000
813349704279276,1,"cpufreq",1804800.000000
813349704366151,0,"cpufreq",1132800.000000
813349704366568,1,"cpufreq",1132800.000000
813349704966203,0,"cpufreq",1459200.000000
813349704966516,1,"cpufreq",1459200.000000
813349705381099,0,"cpufreq",902400.000000
813349705381464,1,"cpufreq",902400.000000
813349705712818,0,"cpufreq",1574400.000000
813349705713339,1,"cpufreq",1574400.000000
813349706245734,0,"cpufreq",2265600.000000
813349706247141,1,"cpufreq",2265600.000000
813349712662870,0,"cpufreq",2035200.000000
813349712663287,1,"cpufreq",2035200.000000
813349714407714,0,"cpufreq",2265600.000000
813349714409172,1,"cpufreq",2265600.000000
813349723438964,0,"cpufreq",1920000.000000
813349723439276,1,"cpufreq",1920000.000000
813349725610787,0,"cpufreq",2035200.000000
813349725612297,1,"cpufreq",2035200.000000
813349727652349,0,"cpufreq",2265600.000000
813349727653703,1,"cpufreq",2265600.000000
813349727840162,0,"cpufreq",2035200.000000
813349727841307,1,"cpufreq",2035200.000000
813349728100787,0,"cpufreq",2265600.000000
813349728102193,1,"cpufreq",2265600.000000
813349737724745,0,"cpufreq",1574400.000000
813349737725109,1,"cpufreq",1574400.000000
813349739426932,0,"cpufreq",2035200.000000
813349739428130,1,"cpufreq",2035200.000000
813349741910057,0,"cpufreq",1804800.000000
813349741911047,1,"cpufreq",1804800.000000
813349745394068,0,"cpufreq",1689600.000000
813349745394432,1,"cpufreq",1689600.000000
813349745906047,0,"cpufreq",1804800.000000
813349745906359,1,"cpufreq",1804800.000000
813349746693026,0,"cpufreq",2035200.000000
813349746693339,1,"cpufreq",2035200.000000
813349747706984,0,"cpufreq",2265600.000000
813349747707349,1,"cpufreq",2265600.000000
813349748226047,0,"cpufreq",2150400.000000
813349748227349,1,"cpufreq",2150400.000000
813349748512922,0,"cpufreq",2265600.000000
813349748513859,1,"cpufreq",2265600.000000
813349779378287,0,"cpufreq",1689600.000000
813349779378755,1,"cpufreq",1689600.000000
813349779669537,0,"cpufreq",1459200.000000
813349779669901,1,"cpufreq",1459200.000000
813349779865109,0,"cpufreq",1574400.000000
813349779867453,1,"cpufreq",1574400.000000
813349780034849,0,"cpufreq",1459200.000000
813349780035109,1,"cpufreq",1459200.000000
813349780225839,0,"cpufreq",1574400.000000
813349780227818,1,"cpufreq",1574400.000000
813349780307297,0,"cpufreq",1459200.000000
813349780308703,1,"cpufreq",1459200.000000
813349781668078,2,"cpufreq",2707200.000000
813349781669224,3,"cpufreq",2707200.000000
813349781670318,4,"cpufreq",2707200.000000
813349781677505,5,"cpufreq",2707200.000000
813349781678859,6,"cpufreq",2707200.000000
813349781685005,7,"cpufreq",2246400.000000
813349782185995,0,"cpufreq",1574400.000000
813349782187193,1,"cpufreq",1574400.000000
813349783126672,0,"cpufreq",1459200.000000
813349783126984,1,"cpufreq",1459200.000000
813349785129537,0,"cpufreq",1920000.000000
813349785129953,1,"cpufreq",1920000.000000
813349787142297,0,"cpufreq",1804800.000000
813349787143651,1,"cpufreq",1804800.000000
813349787243391,0,"cpufreq",1689600.000000
813349787244484,1,"cpufreq",1689600.000000
813349787390578,0,"cpufreq",1132800.000000
813349787390943,1,"cpufreq",1132800.000000
813349788307557,0,"cpufreq",1017600.000000
813349788307922,1,"cpufreq",1017600.000000
813349788410995,0,"cpufreq",1574400.000000
813349788411359,1,"cpufreq",1574400.000000
813349789279172,0,"cpufreq",1248000.000000
813349789280995,1,"cpufreq",1248000.000000
813349795327453,0,"cpufreq",1459200.000000
813349795327818,1,"cpufreq",1459200.000000
813349795479745,0,"cpufreq",902400.000000
813349795481620,1,"cpufreq",902400.000000
813349795996776,0,"cpufreq",1017600.000000
813349795997193,1,"cpufreq",1017600.000000
813349796180943,0,"cpufreq",1132800.000000
813349796183807,1,"cpufreq",1132800.000000
813349796365370,0,"cpufreq",1017600.000000
813349796365734,1,"cpufreq",1017600.000000
813349796978859,0,"cpufreq",902400.000000
813349796979224,1,"cpufreq",902400.000000
813349797025943,0,"cpufreq",1689600.000000
813349797026412,1,"cpufreq",1689600.000000
813349797618651,0,"cpufreq",902400.000000
813349797620214,1,"cpufreq",902400.000000
813349801219016,0,"cpufreq",1017600.000000
813349801219484,1,"cpufreq",1017600.000000
813349803063130,0,"cpufreq",1132800.000000
813349803063599,1,"cpufreq",1132800.000000
813349803406568,0,"cpufreq",902400.000000
813349803406932,1,"cpufreq",902400.000000
813349803725422,0,"cpufreq",1132800.000000
813349803725734,1,"cpufreq",1132800.000000
813349803889484,0,"cpufreq",1804800.000000
813349803891099,1,"cpufreq",1804800.000000
813349804088287,0,"cpufreq",2265600.000000
813349804088599,1,"cpufreq",2265600.000000
813349804690787,0,"cpufreq",902400.000000
813349804691203,1,"cpufreq",902400.000000
813349804754172,0,"cpufreq",1132800.000000
813349804754484,1,"cpufreq",1132800.000000
813349804904484,0,"cpufreq",1689600.000000
813349804906099,1,"cpufreq",1689600.000000
813349805152870,0,"cpufreq",1248000.000000
813349805153339,1,"cpufreq",1248000.000000
813349805507505,0,"cpufreq",902400.000000
813349805509849,1,"cpufreq",902400.000000
813349806004016,0,"cpufreq",1248000.000000
813349806007037,1,"cpufreq",1248000.000000
813349806830630,0,"cpufreq",1017600.000000
813349806832870,1,"cpufreq",1017600.000000
813349807242818,0,"cpufreq",1804800.000000
813349807243130,1,"cpufreq",1804800.000000
813349808149641,0,"cpufreq",787200.000000
813349808150109,1,"cpufreq",787200.000000
813349810222453,0,"cpufreq",1459200.000000
813349810225005,1,"cpufreq",1459200.000000
813349811386516,0,"cpufreq",2150400.000000
813349811386932,1,"cpufreq",2150400.000000
813349812085005,0,"cpufreq",2265600.000000
813349812085422,1,"cpufreq",2265600.000000
813349812214432,0,"cpufreq",1920000.000000
813349812215578,1,"cpufreq",1920000.000000
813349812962662,0,"cpufreq",1804800.000000
813349812962974,1,"cpufreq",1804800.000000
813349813568703,0,"cpufreq",1574400.000000
813349813570266,1,"cpufreq",1574400.000000
813349819386828,0,"cpufreq",787200.000000
813349819387453,1,"cpufreq",787200.000000
813349820078234,0,"cpufreq",902400.000000
813349820080630,1,"cpufreq",902400.000000
813349820330682,0,"cpufreq",787200.000000
813349820330995,1,"cpufreq",787200.000000
813349820434432,0,"cpufreq",902400.000000
813349820434953,1,"cpufreq",902400.000000
813349820545422,0,"cpufreq",1017600.000000
813349820547349,1,"cpufreq",1017600.000000
813349820984641,0,"cpufreq",787200.000000
813349820987193,1,"cpufreq",787200.000000
813349826895995,0,"cpufreq",1017600.000000
813349826898234,1,"cpufreq",1017600.000000
813349827518078,0,"cpufreq",1344000.000000
813349827518443,1,"cpufreq",1344000.000000
813349827641672,5,"cpufreq",844800.000000
813349827642141,6,"cpufreq",844800.000000
813349828354328,0,"cpufreq",787200.000000
813349828355734,1,"cpufreq",787200.000000
813349828635891,0,"cpufreq",1132800.000000
813349828636359,1,"cpufreq",1132800.000000
813349828950578,0,"cpufreq",1344000.000000
813349828953703,1,"cpufreq",1344000.000000
813349829206672,0,"cpufreq",1132800.000000
813349829208807,1,"cpufreq",1132800.000000
813349829220422,2,"cpufreq",2572800.000000
813349829222505,3,"cpufreq",2572800.000000
813349829224537,4,"cpufreq",2572800.000000
813349829303495,0,"cpufreq",1017600.000000
813349829305734,1,"cpufreq",1017600.000000
813349829479224,0,"cpufreq",1689600.000000
813349829480839,1,"cpufreq",1689600.000000
813349829492870,2,"cpufreq",2188800.000000
813349829493807,3,"cpufreq",2188800.000000
813349829494745,4,"cpufreq",2188800.000000
813349829641880,0,"cpufreq",1574400.000000
813349829642974,1,"cpufreq",1574400.000000
813349829818443,0,"cpufreq",1344000.000000
813349829818964,1,"cpufreq",1344000.000000
813349829824328,2,"cpufreq",2707200.000000
813349829824641,3,"cpufreq",2707200.000000
813349829824901,4,"cpufreq",2707200.000000
813349835278912,0,"cpufreq",1459200.000000
813349835279224,1,"cpufreq",1459200.000000
813349835448182,0,"cpufreq",1017600.000000
813349835448807,1,"cpufreq",1017600.000000
813349835495943,5,"cpufreq",2707200.000000
813349835496516,6,"cpufreq",2707200.000000
813349836151099,0,"cpufreq",1132800.000000
813349836151620,1,"cpufreq",1132800.000000
813349836200839,0,"cpufreq",1017600.000000
813349836201151,1,"cpufreq",1017600.000000
813349836960578,2,"cpufreq",2380800.000000
813349836960943,3,"cpufreq",2380800.000000
813349836961255,4,"cpufreq",2380800.000000
813349836963703,5,"cpufreq",2380800.000000
813349836964068,6,"cpufreq",2380800.000000
813349837118182,0,"cpufreq",787200.000000
813349837118703,1,"cpufreq",787200.000000
813349837235630,0,"cpufreq",1132800.000000
813349837236203,1,"cpufreq",1132800.000000
813349837239901,2,"cpufreq",2438400.000000
813349837240214,3,"cpufreq",2438400.000000
813349837240422,4,"cpufreq",2438400.000000
813349837243130,5,"cpufreq",2438400.000000
813349837243547,6,"cpufreq",2438400.000000
813349837288964,2,"cpufreq",2707200.000000
813349837289484,3,"cpufreq",2707200.000000
813349837289901,4,"cpufreq",2707200.000000
813349837293130,5,"cpufreq",2707200.000000
813349837293547,6,"cpufreq",2707200.000000
813349837319797,0,"cpufreq",1344000.000000
813349837321359,1,"cpufreq",1344000.000000
813349837357505,0,"cpufreq",2265600.000000
813349837359589,1,"cpufreq",2265600.000000
813349837952714,0,"cpufreq",2150400.000000
813349837953078,1,"cpufreq",2150400.000000
813349838322089,0,"cpufreq",902400.000000
813349838322401,1,"cpufreq",902400.000000
813349839657974,0,"cpufreq",1017600.000000
813349839661412,1,"cpufreq",1017600.000000
813349842884797,0,"cpufreq",1132800.000000
813349842885266,1,"cpufreq",1132800.000000
813349843364745,0,"cpufreq",1017600.000000
813349843365162,1,"cpufreq",1017600.000000
813349843674224,2,"cpufreq",1497600.000000
813349843674641,3,"cpufreq",1497600.000000
813349843674901,4,"cpufreq",1497600.000000
813349843677662,5,"cpufreq",2515200.000000
813349843678078,6,"cpufreq",2515200.000000
813349843713807,5,"cpufreq",2438400.000000
813349843714276,6,"cpufreq",2438400.000000
813349843812245,2,"cpufreq",2707200.000000
813349843812766,3,"cpufreq",2707200.000000
813349843813130,4,"cpufreq",2707200.000000
813349843816568,5,"cpufreq",844800.000000
813349843816984,6,"cpufreq",844800.000000
813349844138651,0,"cpufreq",1132800.000000
813349844139172,1,"cpufreq",1132800.000000
813349845557974,0,"cpufreq",1344000.000000
813349845559693,1,"cpufreq",1344000.000000
813349845990422,0,"cpufreq",1248000.000000
813349845992453,1,"cpufreq",1248000.000000
813349846220318,0,"cpufreq",1132800.000000
813349846220891,1,"cpufreq",1132800.000000
813349846225109,2,"cpufreq",2188800.000000
813349846225370,3,"cpufreq",2188800.000000
813349846225578,4,"cpufreq",2188800.000000
813349846291984,2,"cpufreq",2515200.000000
813349846294328,3,"cpufreq",2515200.000000
813349846296359,4,"cpufreq",2515200.000000
813349846383859,2,"cpufreq",2707200.000000
813349846385370,3,"cpufreq",2707200.000000
813349846386776,4,"cpufreq",2707200.000000
813349846582557,0,"cpufreq",1017600.000000
813349846582922,1,"cpufreq",1017600.000000
813349846968651,0,"cpufreq",1132800.000000
813349846970578,1,"cpufreq",1132800.000000
813349851382922,0,"cpufreq",902400.000000
813349851383443,1,"cpufreq",902400.000000
813349851440214,5,"cpufreq",2707200.000000
813349851440578,6,"cpufreq",2707200.000000
813349851855214,0,"cpufreq",1248000.000000
813349851857245,1,"cpufreq",1248000.000000
813349852182089,0,"cpufreq",1017600.000000
813349852182453,1,"cpufreq",1017600.000000
813349852625787,2,"cpufreq",2131200.000000
813349852626151,3,"cpufreq",2131200.000000
813349852626359,4,"cpufreq",2131200.000000
813349852629432,5,"cpufreq",2131200.000000
813349852629693,6,"cpufreq",2131200.000000
813349853471151,2,"cpufreq",2630400.000000
813349853471620,3,"cpufreq",2630400.000000
813349853471880,4,"cpufreq",2630400.000000
813349853475578,5,"cpufreq",2630400.000000
813349853476047,6,"cpufreq",2630400.000000
813349853889172,2,"cpufreq",2707200.000000
813349853891828,3,"cpufreq",2707200.000000
813349853894068,4,"cpufreq",2707200.000000
813349853906932,5,"cpufreq",2707200.000000
813349853910109,6,"cpufreq",2707200.000000
813349853969276,0,"cpufreq",1248000.000000
813349853969745,1,"cpufreq",1248000.000000
813349853974120,2,"cpufreq",2035200.000000
813349853974380,3,"cpufreq",2035200.000000
813349853974797,4,"cpufreq",2035200.000000
813349853977453,5,"cpufreq",2035200.000000
813349853977662,6,"cpufreq",2035200.000000
813349854058234,0,"cpufreq",902400.000000
813349854060630,1,"cpufreq",902400.000000
813349854072609,2,"cpufreq",2438400.000000
813349854075162,3,"cpufreq",2438400.000000
813349854078703,4,"cpufreq",2438400.000000
813349854091516,5,"cpufreq",2438400.000000
813349854094172,6,"cpufreq",2438400.000000
813349854138807,2,"cpufreq",2707200.000000
813349854139380,3,"cpufreq",2707200.000000
813349854139693,4,"cpufreq",2707200.000000
813349854143599,5,"cpufreq",2707200.000000
813349854144016,6,"cpufreq",2707200.000000
813349854301464,2,"cpufreq",2572800.000000
813349854302037,3,"cpufreq",2572800.000000
813349854302401,4,"cpufreq",2572800.000000
813349854305787,5,"cpufreq",2572800.000000
813349854306151,6,"cpufreq",2572800.000000
813349854384641,2,"cpufreq",2707200.000000
813349854384953,3,"cpufreq",2707200.000000
813349854385214,4,"cpufreq",2707200.000000
813349854387818,5,"cpufreq",2707200.000000
813349854388182,6,"cpufreq",2707200.000000
813349854435109,2,"cpufreq",2515200.000000
813349854435630,3,"cpufreq",2515200.000000
813349854435943,4,"cpufreq",2515200.000000
813349854438495,5,"cpufreq",2515200.000000
813349854438807,6,"cpufreq",2515200.000000
813349854767818,0,"cpufreq",787200.000000
813349854768287,1,"cpufreq",787200.000000
813349855058443,2,"cpufreq",2707200.000000
813349855058859,3,"cpufreq",2707200.000000
813349855059172,4,"cpufreq",2707200.000000
813349855151672,5,"cpufreq",2707200.000000
813349855152349,6,"cpufreq",2707200.000000
813349860218547,0,"cpufreq",1017600.000000
813349860220787,1,"cpufreq",1017600.000000
813349860323912,0,"cpufreq",902400.000000
813349860324380,1,"cpufreq",902400.000000
813349860329537,2,"cpufreq",1190400.000000
813349860329797,3,"cpufreq",1190400.000000
813349860330162,4,"cpufreq",1190400.000000
813349860333703,5,"cpufreq",1190400.000000
813349860334120,6,"cpufreq",1190400.000000
813349860361047,2,"cpufreq",2630400.000000
813349860361412,3,"cpufreq",2630400.000000
813349860361672,4,"cpufreq",2630400.000000
813349860364745,5,"cpufreq",2630400.000000
813349860365057,6,"cpufreq",2630400.000000
813349861003964,5,"cpufreq",2707200.000000
813349861004484,6,"cpufreq",2707200.000000
813349861019484,2,"cpufreq",2707200.000000
813349861019849,3,"cpufreq",2707200.000000
813349861020057,4,"cpufreq",2707200.000000
813349861075214,2,"cpufreq",2630400.000000
813349861075630,3,"cpufreq",2630400.000000
813349861075839,4,"cpufreq",2630400.000000
813349861078391,5,"cpufreq",2630400.000000
813349861078755,6,"cpufreq",2630400.000000
813349862388026,0,"cpufreq",1017600.000000
813349862388443,1,"cpufreq",1017600.000000
813349862393182,2,"cpufreq",2707200.000000
813349862393495,3,"cpufreq",2707200.000000
813349862393703,4,"cpufreq",2707200.000000
813349862396255,5,"cpufreq",2707200.000000
813349862396620,6,"cpufreq",2707200.000000
813349862622193,0,"cpufreq",1248000.000000
813349862625422,1,"cpufreq",1248000.000000
813349862694380,0,"cpufreq",1132800.000000
813349862695995,1,"cpufreq",1132800.000000
813349862853859,0,"cpufreq",902400.000000
813349862856099,1,"cpufreq",902400.000000
813349863192037,0,"cpufreq",787200.000000
813349863192557,1,"cpufreq",787200.000000
813349867730995,2,"cpufreq",1190400.000000
813349867731464,3,"cpufreq",1190400.000000
813349867731724,4,"cpufreq",1190400.000000
813349867735839,5,"cpufreq",1075200.000000
813349867736412,6,"cpufreq",1075200.000000
813349868139484,2,"cpufreq",2707200.000000
813349868143234,3,"cpufreq",2707200.000000
813349868146203,4,"cpufreq",2707200.000000
813349868161464,5,"cpufreq",844800.000000
813349868165057,6,"cpufreq",844800.000000
813349869094484,0,"cpufreq",1248000.000000
813349869094901,1,"cpufreq",1248000.000000
813349870049224,0,"cpufreq",902400.000000
813349870050682,1,"cpufreq",902400.000000
813349871946151,0,"cpufreq",787200.000000
813349871949276,1,"cpufreq",787200.000000
813349872035943,0,"cpufreq",902400.000000
813349872036307,1,"cpufreq",902400.000000
813349875601620,0,"cpufreq",1017600.000000
813349875607401,1,"cpufreq",1017600.000000
813349875865734,5,"cpufreq",2707200.000000
813349875867818,6,"cpufreq",2707200.000000
813349877088495,2,"cpufreq",1286400.000000
813349877088964,3,"cpufreq",1286400.000000
813349877089328,4,"cpufreq",1286400.000000
813349877200630,0,"cpufreq",787200.000000
813349877201620,1,"cpufreq",787200.000000
813349877209016,2,"cpufreq",2707200.000000
813349877209589,3,"cpufreq",2707200.000000
813349877210109,4,"cpufreq",2707200.000000
813349878102557,2,"cpufreq",1286400.000000
813349878102922,3,"cpufreq",1286400.000000
813349878103182,4,"cpufreq",1286400.000000
813349878448807,2,"cpufreq",2188800.000000
813349878450995,3,"cpufreq",2188800.000000
813349878453026,4,"cpufreq",2188800.000000
813349878465318,5,"cpufreq",2188800.000000
813349878467505,6,"cpufreq",2188800.000000
813349878722609,5,"cpufreq",2707200.000000
813349878725995,6,"cpufreq",2707200.000000
813349878782974,2,"cpufreq",2707200.000000
813349878786099,3,"cpufreq",2707200.000000
813349878789068,4,"cpufreq",2707200.000000
813349878873391,0,"cpufreq",902400.000000
813349878873755,1,"cpufreq",902400.000000
813349878877818,2,"cpufreq",2131200.000000
813349878878078,3,"cpufreq",2131200.000000
813349878878286,4,"cpufreq",2131200.000000
813349878880734,5,"cpufreq",2131200.000000
813349878880943,6,"cpufreq",2131200.000000
813349879082922,0,"cpufreq",1344000.000000
813349879086203,1,"cpufreq",1344000.000000
813349879199693,0,"cpufreq",1574400.000000
813349879200161,1,"cpufreq",1574400.000000
813349879389536,0,"cpufreq",1344000.000000
813349879391359,1,"cpufreq",1344000.000000
813349879531359,2,"cpufreq",2438400.000000
813349879531828,3,"cpufreq",2438400.000000
813349879532089,4,"cpufreq",2438400.000000
813349879535630,5,"cpufreq",2438400.000000
813349879535995,6,"cpufreq",2438400.000000
813349879704849,2,"cpufreq",2707200.000000
813349879705422,3,"cpufreq",2707200.000000
813349879705682,4,"cpufreq",2707200.000000
813349879726620,5,"cpufreq",2707200.000000
813349879727036,6,"cpufreq",2707200.000000
813349879879589,0,"cpufreq",1132800.000000
813349879879953,1,"cpufreq",1132800.000000
813349880510370,0,"cpufreq",1344000.000000
813349880511984,1,"cpufreq",1344000.000000
813349880602245,2,"cpufreq",2515200.000000
813349880602609,3,"cpufreq",2515200.000000
813349880602922,4,"cpufreq",2515200.000000
813349880605214,5,"cpufreq",2515200.000000
813349880605474,6,"cpufreq",2515200.000000
813349880846724,0,"cpufreq",1132800.000000
813349880847089,1,"cpufreq",1132800.000000
813349880850578,2,"cpufreq",2323200.000000
813349880850839,3,"cpufreq",2323200.000000
813349880851099,4,"cpufreq",2323200.000000
813349880853859,5,"cpufreq",2323200.000000
813349880854068,6,"cpufreq",2323200.000000
813349881096516,0,"cpufreq",1344000.000000
813349881098234,1,"cpufreq",1344000.000000
813349881505474,5,"cpufreq",2707200.000000
813349881505891,6,"cpufreq",2707200.000000
813349881550474,2,"cpufreq",2707200.000000
813349881551724,3,"cpufreq",2707200.000000
813349881552922,4,"cpufreq",2707200.000000
813349881631620,2,"cpufreq",2323200.000000
813349881631984,3,"cpufreq",2323200.000000
813349881632245,4,"cpufreq",2323200.000000
813349881634380,5,"cpufreq",2323200.000000
813349881634693,6,"cpufreq",2323200.000000
813349881729068,0,"cpufreq",1574400.000000
813349881730474,1,"cpufreq",1574400.000000
813349881790370,0,"cpufreq",1344000.000000
813349881791568,1,"cpufreq",1344000.000000
813349881897557,0,"cpufreq",1689600.000000
813349881897974,1,"cpufreq",1689600.000000
813349882262557,0,"cpufreq",1804800.000000
813349882262974,1,"cpufreq",1804800.000000
813349882427609,2,"cpufreq",1824000.000000
813349882428130,3,"cpufreq",1824000.000000
813349882428391,4,"cpufreq",1824000.000000
813349882431568,5,"cpufreq",1824000.000000
813349882431828,6,"cpufreq",1824000.000000
813349882475161,0,"cpufreq",1689600.000000
813349882476516,1,"cpufreq",1689600.000000
813349882567818,0,"cpufreq",2035200.000000
813349882568286,1,"cpufreq",2035200.000000
813349882803286,0,"cpufreq",1574400.000000
813349882804328,1,"cpufreq",1574400.000000
813349883399797,0,"cpufreq",2265600.000000
813349883401776,1,"cpufreq",2265600.000000
813349883411984,2,"cpufreq",2188800.000000
813349883413495,3,"cpufreq",2188800.000000
813349883415057,4,"cpufreq",2188800.000000
813349883423026,5,"cpufreq",2188800.000000
813349883424797,6,"cpufreq",2188800.000000
813349883541255,2,"cpufreq",2323200.000000
813349883542141,3,"cpufreq",2323200.000000
813349883542922,4,"cpufreq",2323200.000000
813349883547297,5,"cpufreq",2323200.000000
813349883548026,6,"cpufreq",2323200.000000
813349884143547,2,"cpufreq",2246400.000000
813349884143911,3,"cpufreq",2246400.000000
813349884144328,4,"cpufreq",2246400.000000
813349884147349,5,"cpufreq",2246400.000000
813349884147766,6,"cpufreq",2246400.000000
813349884875370,2,"cpufreq",2515200.000000
813349884875943,3,"cpufreq",2515200.000000
813349884876203,4,"cpufreq",2515200.000000
813349884879745,5,"cpufreq",2515200.000000
813349884880057,6,"cpufreq",2515200.000000
813349885134797,2,"cpufreq",2707200.000000
813349885135682,3,"cpufreq",2707200.000000
813349885136359,4,"cpufreq",2707200.000000
813349885141359,5,"cpufreq",2707200.000000
813349885142297,6,"cpufreq",2707200.000000
813349887826516,2,"cpufreq",2572800.000000
813349887827089,3,"cpufreq",2572800.000000
813349887827349,4,"cpufreq",2572800.000000
813349887830318,5,"cpufreq",2572800.000000
813349887830682,6,"cpufreq",2572800.000000
813349888684276,2,"cpufreq",2707200.000000
813349888684641,3,"cpufreq",2707200.000000
813349888685005,4,"cpufreq",2707200.000000
813349888687193,5,"cpufreq",2707200.000000
813349888687609,6,"cpufreq",2707200.000000
813349891503755,0,"cpufreq",1132800.000000
813349891505109,1,"cpufreq",1132800.000000
813349892881880,0,"cpufreq",1248000.000000
813349892882349,1,"cpufreq",1248000.000000
813349894870526,2,"cpufreq",2630400.000000
813349894870995,3,"cpufreq",2630400.000000
813349894871255,4,"cpufreq",2630400.000000
813349894873495,5,"cpufreq",2630400.000000
813349894874276,6,"cpufreq",2630400.000000
813349895456724,2,"cpufreq",2707200.000000
813349895457036,3,"cpufreq",2707200.000000
813349895457297,4,"cpufreq",2707200.000000
813349895459849,5,"cpufreq",2707200.000000
813349895460161,6,"cpufreq",2707200.000000
813349896003339,0,"cpufreq",1132800.000000
813349896004901,1,"cpufreq",1132800.000000
813349896017453,2,"cpufreq",2380800.000000
813349896018911,3,"cpufreq",2380800.000000
813349896020318,4,"cpufreq",2380800.000000
813349896029328,5,"cpufreq",2380800.000000
813349896030943,6,"cpufreq",2380800.000000
813349896389172,0,"cpufreq",1017600.000000
813349896389589,1,"cpufreq",1017600.000000
813349896846047,0,"cpufreq",902400.000000
813349896846411,1,"cpufreq",902400.000000
813349897062089,0,"cpufreq",1132800.000000
813349897062505,1,"cpufreq",1132800.000000
813349899472453,0,"cpufreq",787200.000000
813349899472974,1,"cpufreq",787200.000000
813349899476880,2,"cpufreq",2131200.000000
813349899477193,3,"cpufreq",2131200.000000
813349899477401,4,"cpufreq",2131200.000000
813349899480526,5,"cpufreq",2131200.000000
813349899480891,6,"cpufreq",2131200.000000
813349900221880,2,"cpufreq",2630400.000000
813349900222557,3,"cpufreq",2630400.000000
813349900222974,4,"cpufreq",2630400.000000
813349900225995,5,"cpufreq",1075200.000000
813349900226620,6,"cpufreq",1075200.000000
813349900415318,2,"cpufreq",2707200.000000
813349900415682,3,"cpufreq",2707200.000000
813349900415891,4,"cpufreq",2707200.000000
813349901426880,5,"cpufreq",844800.000000
813349901430839,6,"cpufreq",844800.000000
813349902062661,0,"cpufreq",902400.000000
813349902063130,1,"cpufreq",902400.000000
813349902729849,0,"cpufreq",1017600.000000
813349902731828,1,"cpufreq",1017600.000000
813349903939484,0,"cpufreq",902400.000000
813349903942089,1,"cpufreq",902400.000000
813349904766307,0,"cpufreq",787200.000000
813349904766724,1,"cpufreq",787200.000000
813349905375266,0,"cpufreq",1132800.000000
813349905378703,1,"cpufreq",1132800.000000
813349905452453,0,"cpufreq",902400.000000
813349905452922,1,"cpufreq",902400.000000
813349907483755,0,"cpufreq",1017600.000000
813349907486776,1,"cpufreq",1017600.000000
813349907670839,5,"cpufreq",2707200.000000
813349907673182,6,"cpufreq",2707200.000000
813349908308234,2,"cpufreq",2246400.000000
813349908308703,3,"cpufreq",2246400.000000
813349908309016,4,"cpufreq",2246400.000000
813349908311932,5,"cpufreq",2246400.000000
813349908312141,6,"cpufreq",2246400.000000
813349908820630,2,"cpufreq",2380800.000000
813349908821151,3,"cpufreq",2380800.000000
813349908821516,4,"cpufreq",2380800.000000
813349908825682,5,"cpufreq",2380800.000000
813349908825943,6,"cpufreq",2380800.000000
813349908875266,2,"cpufreq",2630400.000000
813349908875734,3,"cpufreq",2630400.000000
813349908876047,4,"cpufreq",2630400.000000
813349908879432,5,"cpufreq",2630400.000000
813349908879693,6,"cpufreq",2630400.000000
813349909323443,2,"cpufreq",2380800.000000
813349909323859,3,"cpufreq",2380800.000000
813349909324120,4,"cpufreq",2380800.000000
813349909326828,5,"cpufreq",2380800.000000
813349909327141,6,"cpufreq",2380800.000000
813349909544484,2,"cpufreq",2323200.000000
813349909545005,3,"cpufreq",2323200.000000
813349909545266,4,"cpufreq",2323200.000000
813349909548182,5,"cpufreq",2323200.000000
813349909548495,6,"cpufreq",2323200.000000
813349909610786,5,"cpufreq",2630400.000000
813349909611411,6,"cpufreq",2630400.000000
813349909638234,2,"cpufreq",2630400.000000
813349909638599,3,"cpufreq",2630400.000000
813349909638911,4,"cpufreq",2630400.000000
813349909685786,2,"cpufreq",2707200.000000
813349909686151,3,"cpufreq",2707200.000000
813349909686516,4,"cpufreq",2707200.000000
813349909690839,5,"cpufreq",2707200.000000
813349909691359,6,"cpufreq",2707200.000000
813349910033755,0,"cpufreq",1132800.000000
813349910034120,1,"cpufreq",1132800.000000
813349910202661,0,"cpufreq",1248000.000000
813349910204224,1,"cpufreq",1248000.000000
813349910309536,0,"cpufreq",1344000.000000
813349910311307,1,"cpufreq",1344000.000000
813349910421932,2,"cpufreq",2515200.000000
813349910423339,3,"cpufreq",2515200.000000
813349910424589,4,"cpufreq",2515200.000000
813349910432089,5,"cpufreq",2515200.000000
813349910433391,6,"cpufreq",2515200.000000
813349910454276,2,"cpufreq",2707200.000000
813349910454693,3,"cpufreq",2707200.000000
813349910455005,4,"cpufreq",2707200.000000
813349910484797,0,"cpufreq",2265600.000000
813349910486255,1,"cpufreq",2265600.000000
813349910524901,5,"cpufreq",2707200.000000
813349910526724,6,"cpufreq",2707200.000000
813349910964068,0,"cpufreq",1344000.000000
813349910965161,1,"cpufreq",1344000.000000
813349911217974,0,"cpufreq",1132800.000000
813349911219901,1,"cpufreq",1132800.000000
813349911746880,0,"cpufreq",1459200.000000
813349911747245,1,"cpufreq",1459200.000000
813349911989797,0,"cpufreq",1574400.000000
813349911991620,1,"cpufreq",1574400.000000
813349912017870,0,"cpufreq",2150400.000000
813349912018286,1,"cpufreq",2150400.000000
813349912555839,0,"cpufreq",2035200.000000
813349912556255,1,"cpufreq",2035200.000000
813349912905161,0,"cpufreq",2265600.000000
813349912906411,1,"cpufreq",2265600.000000
813349913032870,0,"cpufreq",2150400.000000
813349913033234,1,"cpufreq",2150400.000000
813349913128755,0,"cpufreq",2265600.000000
813349913129745,1,"cpufreq",2265600.000000
813349918777349,0,"cpufreq",1920000.000000
813349918777766,1,"cpufreq",1920000.000000
813349920028078,0,"cpufreq",1574400.000000
813349920029120,1,"cpufreq",1574400.000000
813349920397036,0,"cpufreq",1920000.000000
813349920397453,1,"cpufreq",1920000.000000
813349923437609,0,"cpufreq",1574400.000000
813349923437974,1,"cpufreq",1574400.000000
813349929670630,0,"cpufreq",1459200.000000
813349929670995,1,"cpufreq",1459200.000000
813349929851151,0,"cpufreq",1574400.000000
813349929851464,1,"cpufreq",1574400.000000
813349931401776,0,"cpufreq",1017600.000000
813349931402505,1,"cpufreq",1017600.000000
813349932247661,0,"cpufreq",1132800.000000
813349932249901,1,"cpufreq",1132800.000000
813349932323286,0,"cpufreq",1017600.000000
813349932324901,1,"cpufreq",1017600.000000
813349936197193,0,"cpufreq",1132800.000000
813349936200161,1,"cpufreq",1132800.000000
813349936571620,0,"cpufreq",1017600.000000
813349936572036,1,"cpufreq",1017600.000000
813349936598182,0,"cpufreq",1574400.000000
813349936600734,1,"cpufreq",1574400.000000
813349936750005,0,"cpufreq",1459200.000000
813349936751776,1,"cpufreq",1459200.000000
813349936801307,0,"cpufreq",1344000.000000
813349936802661,1,"cpufreq",1344000.000000
813349937033391,0,"cpufreq",1017600.000000
813349937035630,1,"cpufreq",1017600.000000
813349937112974,0,"cpufreq",1132800.000000
813349937113443,1,"cpufreq",1132800.000000
813349937574901,0,"cpufreq",1248000.000000
813349937576464,1,"cpufreq",1248000.000000
813349937772453,0,"cpufreq",2265600.000000
813349937774797,1,"cpufreq",2265600.000000
813349937986255,0,"cpufreq",1248000.000000
813349937986620,1,"cpufreq",1248000.000000
813349938524172,0,"cpufreq",1132800.000000
813349938526359,1,"cpufreq",1132800.000000
813349939428703,0,"cpufreq",1459200.000000
813349939431099,1,"cpufreq",1459200.000000
813349942849901,0,"cpufreq",1574400.000000
813349942850266,1,"cpufreq",1574400.000000
813349943641984,0,"cpufreq",1344000.000000
813349943642349,1,"cpufreq",1344000.000000
813349944001568,0,"cpufreq",2150400.000000
813349944002089,1,"cpufreq",2150400.000000
813349944595214,0,"cpufreq",2265600.000000
813349944596464,1,"cpufreq",2265600.000000
813349944700526,0,"cpufreq",1344000.000000
813349944701568,1,"cpufreq",1344000.000000
813349944909484,0,"cpufreq",1574400.000000
813349944909953,1,"cpufreq",1574400.000000
813349945496568,0,"cpufreq",1459200.000000
813349945498339,1,"cpufreq",1459200.000000
813349945636568,0,"cpufreq",1574400.000000
813349945636932,1,"cpufreq",1574400.000000
813349945869068,0,"cpufreq",1459200.000000
813349945870734,1,"cpufreq",1459200.000000
813349946249224,0,"cpufreq",1344000.000000
813349946249641,1,"cpufreq",1344000.000000
813349947234641,0,"cpufreq",1689600.000000
813349947236828,1,"cpufreq",1689600.000000
813349947591932,0,"cpufreq",2265600.000000
813349947592297,1,"cpufreq",2265600.000000
813349951729849,0,"cpufreq",1574400.000000
813349951730682,1,"cpufreq",1574400.000000
813349953326776,0,"cpufreq",1689600.000000
813349953328026,1,"cpufreq",1689600.000000
813349954631932,0,"cpufreq",1574400.000000
813349954632245,1,"cpufreq",1574400.000000
813349954763807,0,"cpufreq",1689600.000000
813349954765578,1,"cpufreq",1689600.000000
813349955393703,0,"cpufreq",1344000.000000
813349955394276,1,"cpufreq",1344000.000000
813349960496464,0,"cpufreq",1248000.000000
813349960496880,1,"cpufreq",1248000.000000
813349960807401,0,"cpufreq",1344000.000000
813349960808859,1,"cpufreq",1344000.000000
813349960966099,0,"cpufreq",1574400.000000
813349960967453,1,"cpufreq",1574400.000000
813349961611672,0,"cpufreq",2150400.000000
813349961612870,1,"cpufreq",2150400.000000
813349961718286,0,"cpufreq",1920000.000000
813349961719016,1,"cpufreq",1920000.000000
813349961790891,0,"cpufreq",1132800.000000
813349961791307,1,"cpufreq",1132800.000000
813349962518339,0,"cpufreq",1017600.000000
813349962520109,1,"cpufreq",1017600.000000
813349963100422,0,"cpufreq",1132800.000000
813349963100734,1,"cpufreq",1132800.000000
813349963453703,0,"cpufreq",787200.000000
813349963456672,1,"cpufreq",787200.000000
813349968398339,0,"cpufreq",1132800.000000
813349968400578,1,"cpufreq",1132800.000000
813349969607089,0,"cpufreq",1248000.000000
813349969607401,1,"cpufreq",1248000.000000
813349969877349,0,"cpufreq",902400.000000
813349969878964,1,"cpufreq",902400.000000
813349970191099,0,"cpufreq",1017600.000000
813349970194328,1,"cpufreq",1017600.000000
813349970857661,0,"cpufreq",902400.000000
813349970860109,1,"cpufreq",902400.000000
813349971150630,0,"cpufreq",1248000.000000
813349971152714,1,"cpufreq",1248000.000000
813349971490526,0,"cpufreq",787200.000000
813349971490839,1,"cpufreq",787200.000000
813349972267766,0,"cpufreq",1132800.000000
813349972268495,1,"cpufreq",1132800.000000
813349972649901,0,"cpufreq",787200.000000
813349972651620,1,"cpufreq",787200.000000
813349976704797,0,"cpufreq",1017600.000000
813349976706984,1,"cpufreq",1017600.000000
813349978083286,0,"cpufreq",787200.000000
813349978083651,1,"cpufreq",787200.000000
813349982650578,0,"cpufreq",1017600.000000
813349982654276,1,"cpufreq",1017600.000000
813349983156411,0,"cpufreq",787200.000000
813349983158339,1,"cpufreq",787200.000000
813349983565891,0,"cpufreq",2265600.000000
813349983569120,1,"cpufreq",2265600.000000
813349986253078,0,"cpufreq",902400.000000
813349986253443,1,"cpufreq",902400.000000
813349986540266,0,"cpufreq",787200.000000
813349986542245,1,"cpufreq",787200.000000
813349987510734,0,"cpufreq",1344000.000000
813349987513182,1,"cpufreq",1344000.000000
813349987777193,0,"cpufreq",1132800.000000
813349987777609,1,"cpufreq",1132800.000000
813349988639016,0,"cpufreq",1248000.000000
813349988640682,1,"cpufreq",1248000.000000
813349994682349,0,"cpufreq",1344000.000000
813349994682661,1,"cpufreq",1344000.000000
813349994830266,0,"cpufreq",1248000.000000
813349994831568,1,"cpufreq",1248000.000000
813349995469276,0,"cpufreq",787200.000000
813349995470786,1,"cpufreq",787200.000000
813349996293651,0,"cpufreq",902400.000000
813349996299536,1,"cpufreq",902400.000000
813349997198078,0,"cpufreq",787200.000000
813349997201620,1,"cpufreq",787200.000000
813350001645474,0,"cpufreq",902400.000000
813350001647609,1,"cpufreq",902400.000000
813350003212766,0,"cpufreq",787200.000000
813350003215057,1,"cpufreq",787200.000000
813350003258547,0,"cpufreq",1017600.000000
813350003258964,1,"cpufreq",1017600.000000
813350003685734,0,"cpufreq",787200.000000
813350003686099,1,"cpufreq",787200.000000
813350006314641,0,"cpufreq",1344000.000000
813350006316932,1,"cpufreq",1344000.000000
813350006468078,0,"cpufreq",1574400.000000
813350006470057,1,"cpufreq",1574400.000000
813350006530839,0,"cpufreq",1017600.000000
813350006531307,1,"cpufreq",1017600.000000
813350006734901,0,"cpufreq",1248000.000000
813350006737714,1,"cpufreq",1248000.000000
813350008200161,0,"cpufreq",787200.000000
813350008201516,1,"cpufreq",787200.000000
813350011504589,0,"cpufreq",1344000.000000
813350011507036,1,"cpufreq",1344000.000000
813350011728026,0,"cpufreq",1248000.000000
813350011730214,1,"cpufreq",1248000.000000
813350011792974,0,"cpufreq",1344000.000000
813350011793443,1,"cpufreq",1344000.000000
813350012146672,0,"cpufreq",1132800.000000
813350012147245,1,"cpufreq",1132800.000000
813350012292141,0,"cpufreq",1344000.000000
813350012294953,1,"cpufreq",1344000.000000
813350012782349,0,"cpufreq",1017600.000000
813350012782661,1,"cpufreq",1017600.000000
813350012936516,0,"cpufreq",1132800.000000
813350012936932,1,"cpufreq",1132800.000000
813350019413182,0,"cpufreq",787200.000000
813350019413495,1,"cpufreq",787200.000000
813350019748859,0,"cpufreq",902400.000000
813350019751099,1,"cpufreq",902400.000000
813350019913339,0,"cpufreq",787200.000000
813350019913703,1,"cpufreq",787200.000000
813350020081724,0,"cpufreq",902400.000000
813350020082349,1,"cpufreq",902400.000000
813350020344380,0,"cpufreq",787200.000000
813350020347609,1,"cpufreq",787200.000000
813350027487661,0,"cpufreq",902400.000000
813350027493703,1,"cpufreq",902400.000000
813350028413964,0,"cpufreq",1248000.000000
813350028414589,1,"cpufreq",1248000.000000
813350028485005,0,"cpufreq",902400.000000
813350028485318,1,"cpufreq",902400.000000
813350028973599,0,"cpufreq",787200.000000
813350028976672,1,"cpufreq",787200.000000
813350034217766,0,"cpufreq",902400.000000
813350034218078,1,"cpufreq",902400.000000
813350035419536,0,"cpufreq",787200.000000
813350035422714,1,"cpufreq",787200.000000
813350036511411,0,"cpufreq",1132800.000000
813350036511984,1,"cpufreq",1132800.000000
813350037106151,0,"cpufreq",787200.000000
813350037109016,1,"cpufreq",787200.000000
813350038499380,0,"cpufreq",902400.000000
813350038503964,1,"cpufreq",902400.000000
813350043197557,0,"cpufreq",1017600.000000
813350043199432,1,"cpufreq",1017600.000000
813350043406359,0,"cpufreq",787200.000000
813350043406672,1,"cpufreq",787200.000000
813350045841411,0,"cpufreq",902400.000000
813350045844224,1,"cpufreq",902400.000000
813350045922089,0,"cpufreq",787200.000000
813350045925161,1,"cpufreq",787200.000000
813350046603599,0,"cpufreq",1017600.000000
813350046606984,1,"cpufreq",1017600.000000
813350047895995,0,"cpufreq",902400.000000
813350047898651,1,"cpufreq",902400.000000
813350047981516,0,"cpufreq",1017600.000000
813350047983547,1,"cpufreq",1017600.000000
813350048953807,0,"cpufreq",787200.000000
813350048954172,1,"cpufreq",787200.000000
813350049280630,0,"cpufreq",2150400.000000
813350049280995,1,"cpufreq",2150400.000000
813350049702870,0,"cpufreq",902400.000000
813350049703286,1,"cpufreq",902400.000000
813350050451151,0,"cpufreq",2265600.000000
813350050453182,1,"cpufreq",2265600.000000
813350051773443,0,"cpufreq",1459200.000000
813350051773859,1,"cpufreq",1459200.000000
813350053233078,0,"cpufreq",1920000.000000
813350053233547,1,"cpufreq",1920000.000000
813350053628911,0,"cpufreq",2035200.000000
813350053629276,1,"cpufreq",2035200.000000
813350053646411,0,"cpufreq",2265600.000000
813350053646880,1,"cpufreq",2265600.000000
813350054049172,0,"cpufreq",2035200.000000
813350054049745,1,"cpufreq",2035200.000000
813350054118130,0,"cpufreq",2150400.000000
813350054119432,1,"cpufreq",2150400.000000
813350054207505,0,"cpufreq",1920000.000000
813350054207974,1,"cpufreq",1920000.000000
813350054262714,0,"cpufreq",2035200.000000
813350054264224,1,"cpufreq",2035200.000000
813350054479120,0,"cpufreq",2265600.000000
813350054479536,1,"cpufreq",2265600.000000
813350056876411,0,"cpufreq",2150400.000000
813350056876776,1,"cpufreq",2150400.000000
813350056894068,0,"cpufreq",2265600.000000
813350056895630,1,"cpufreq",2265600.000000
813350057124380,0,"cpufreq",1804800.000000
813350057124745,1,"cpufreq",1804800.000000
813350057208078,0,"cpufreq",2265600.000000
813350057208495,1,"cpufreq",2265600.000000
813350057924068,0,"cpufreq",2150400.000000
813350057924484,1,"cpufreq",2150400.000000
813350057953339,0,"cpufreq",2265600.000000
813350057953755,1,"cpufreq",2265600.000000
813350083421568,7,"cpufreq",902400.000000
813350085013964,7,"cpufreq",2246400.000000
813350091532089,7,"cpufreq",902400.000000
813350091923391,7,"cpufreq",2246400.000000
813350096589745,7,"cpufreq",902400.000000
813350100262401,0,"cpufreq",787200.000000
813350100263286,1,"cpufreq",787200.000000
813350101041620,0,"cpufreq",1017600.000000
813350101044849,1,"cpufreq",1017600.000000
813350101194224,0,"cpufreq",1132800.000000
813350101195943,1,"cpufreq",1132800.000000
813350101492088,0,"cpufreq",1248000.000000
813350101493703,1,"cpufreq",1248000.000000
813350104127922,0,"cpufreq",787200.000000
813350104128338,1,"cpufreq",787200.000000
813350107437245,0,"cpufreq",1132800.000000
813350107437818,1,"cpufreq",1132800.000000
813350115380370,0,"cpufreq",1459200.000000
813350115380786,1,"cpufreq",1459200.000000
813350116289328,0,"cpufreq",2150400.000000
813350116291203,1,"cpufreq",2150400.000000
813350118184484,0,"cpufreq",1689600.000000
813350118184849,1,"cpufreq",1689600.000000
813350118726932,0,"cpufreq",1920000.000000
813350118728182,1,"cpufreq",1920000.000000
813350120216463,0,"cpufreq",1459200.000000
813350120218130,1,"cpufreq",1459200.000000
813350121423130,0,"cpufreq",2150400.000000
813350121424536,1,"cpufreq",2150400.000000
813350123416151,0,"cpufreq",1920000.000000
813350123417505,1,"cpufreq",1920000.000000
813350131391047,0,"cpufreq",787200.000000
813350131391516,1,"cpufreq",787200.000000
813350141912193,2,"cpufreq",2572800.000000
813350141912557,3,"cpufreq",2572800.000000
813350141912974,4,"cpufreq",2572800.000000
813350141917297,5,"cpufreq",2572800.000000
813350141917557,6,"cpufreq",2572800.000000
813350141988495,2,"cpufreq",2707200.000000
813350141989432,3,"cpufreq",2707200.000000
813350141989641,4,"cpufreq",2707200.000000
813350144125734,5,"cpufreq",2707200.000000
813350144126776,6,"cpufreq",2707200.000000
813350155441724,2,"cpufreq",1920000.000000
813350155442193,3,"cpufreq",1920000.000000
813350155442453,4,"cpufreq",1920000.000000
813350155445838,5,"cpufreq",1920000.000000
813350155446151,6,"cpufreq",1920000.000000
813350156153703,0,"cpufreq",1689600.000000
813350156154328,1,"cpufreq",1689600.000000
813350156682401,0,"cpufreq",1017600.000000
813350156682974,1,"cpufreq",1017600.000000
813350156779901,0,"cpufreq",1689600.000000
813350156783078,1,"cpufreq",1689600.000000
813350156830786,0,"cpufreq",1920000.000000
813350156832766,1,"cpufreq",1920000.000000
813350156885370,5,"cpufreq",2707200.000000
813350156886568,6,"cpufreq",2707200.000000
813350156925682,2,"cpufreq",2707200.000000
813350156926620,3,"cpufreq",2707200.000000
813350156927453,4,"cpufreq",2707200.000000
813350157147401,2,"cpufreq",2131200.000000
813350157147870,3,"cpufreq",2131200.000000
813350157148130,4,"cpufreq",2131200.000000
813350157150943,5,"cpufreq",2131200.000000
813350157151203,6,"cpufreq",2131200.000000
813350157337088,0,"cpufreq",2265600.000000
813350157338651,1,"cpufreq",2265600.000000
813350157441828,2,"cpufreq",2515200.000000
813350157443286,3,"cpufreq",2515200.000000
813350157443963,4,"cpufreq",2515200.000000
813350157453078,5,"cpufreq",2515200.000000
813350157454120,6,"cpufreq",2515200.000000
813350157665161,0,"cpufreq",1920000.000000
813350157666411,1,"cpufreq",1920000.000000
813350157673911,2,"cpufreq",1920000.000000
813350157674953,3,"cpufreq",1920000.000000
813350157676151,4,"cpufreq",1920000.000000
813350157682193,5,"cpufreq",1920000.000000
813350157683859,6,"cpufreq",1920000.000000
813350157727401,0,"cpufreq",2265600.000000
813350157729901,1,"cpufreq",2265600.000000
813350157954901,0,"cpufreq",787200.000000
813350157956411,1,"cpufreq",787200.000000
813350158039224,0,"cpufreq",1344000.000000
813350158043703,1,"cpufreq",1344000.000000
813350159136047,0,"cpufreq",2265600.000000
813350159137453,1,"cpufreq",2265600.000000
813350163439224,0,"cpufreq",787200.000000
813350163439849,1,"cpufreq",787200.000000
813350163446307,2,"cpufreq",1497600.000000
813350163447088,3,"cpufreq",1497600.000000
813350163447401,4,"cpufreq",1497600.000000
813350163452297,5,"cpufreq",1497600.000000
813350163452713,6,"cpufreq",1497600.000000
813350164132713,5,"cpufreq",1824000.000000
813350164133495,6,"cpufreq",1824000.000000
813350164285422,2,"cpufreq",1824000.000000
813350164288911,3,"cpufreq",1824000.000000
813350164292036,4,"cpufreq",1824000.000000
813350168436047,2,"cpufreq",2630400.000000
813350168439224,3,"cpufreq",2630400.000000
813350168442141,4,"cpufreq",2630400.000000
813350168456620,5,"cpufreq",2630400.000000
813350168459745,6,"cpufreq",2630400.000000
813350171394901,2,"cpufreq",2188800.000000
813350171395578,3,"cpufreq",2188800.000000
813350171395838,4,"cpufreq",2188800.000000
813350171398859,5,"cpufreq",2188800.000000
813350171399120,6,"cpufreq",2188800.000000
813350179458026,2,"cpufreq",1612800.000000
813350179458651,3,"cpufreq",1612800.000000
813350179458963,4,"cpufreq",1612800.000000
813350179463026,5,"cpufreq",1612800.000000
813350179463338,6,"cpufreq",1612800.000000
813350187226047,0,"cpufreq",902400.000000
813350187226620,1,"cpufreq",902400.000000
813350187259484,2,"cpufreq",2380800.000000
813350187260005,3,"cpufreq",2380800.000000
813350187260422,4,"cpufreq",2380800.000000
813350187291151,0,"cpufreq",1132800.000000
813350187292661,5,"cpufreq",2380800.000000
813350187293495,6,"cpufreq",2380800.000000
813350187294588,1,"cpufreq",1132800.000000
813350187483130,2,"cpufreq",1708800.000000
813350187485318,3,"cpufreq",1708800.000000
813350187487453,4,"cpufreq",1708800.000000
813350187498443,5,"cpufreq",1708800.000000
813350187500838,6,"cpufreq",1708800.000000
813350187725630,0,"cpufreq",902400.000000
813350187726359,1,"cpufreq",902400.000000
813350187731568,5,"cpufreq",499200.000000
813350187732088,6,"cpufreq",499200.000000
813350187812713,0,"cpufreq",1017600.000000
813350187813911,1,"cpufreq",1017600.000000
813350187905578,0,"cpufreq",787200.000000
813350187906672,1,"cpufreq",787200.000000
813350187912036,5,"cpufreq",729600.000000
813350187912818,6,"cpufreq",729600.000000
813350188037713,0,"cpufreq",902400.000000
813350188040474,1,"cpufreq",902400.000000
813350188055422,5,"cpufreq",499200.000000
813350188057297,6,"cpufreq",499200.000000
813350188578391,0,"cpufreq",1017600.000000
813350188581307,1,"cpufreq",1017600.000000
813350188656516,2,"cpufreq",1920000.000000
813350188657088,3,"cpufreq",1920000.000000
813350188657453,4,"cpufreq",1920000.000000
813350188833859,0,"cpufreq",1459200.000000
813350188834953,1,"cpufreq",1459200.000000
813350189007766,0,"cpufreq",787200.000000
813350189009068,1,"cpufreq",787200.000000
813350189014068,5,"cpufreq",614400.000000
813350189014901,6,"cpufreq",614400.000000
813350189644901,2,"cpufreq",1497600.000000
813350189648391,3,"cpufreq",1497600.000000
813350189651307,4,"cpufreq",1497600.000000
813350189769432,0,"cpufreq",2265600.000000
813350189770422,1,"cpufreq",2265600.000000
813350190042036,2,"cpufreq",1824000.000000
813350190043026,3,"cpufreq",1824000.000000
813350190043703,4,"cpufreq",1824000.000000
813350190157713,0,"cpufreq",1804800.000000
813350190158599,1,"cpufreq",1804800.000000
813350190188130,0,"cpufreq",2150400.000000
813350190189016,1,"cpufreq",2150400.000000
813350190329797,5,"cpufreq",1190400.000000
813350190330943,6,"cpufreq",1190400.000000
813350190532453,0,"cpufreq",787200.000000
813350190533495,1,"cpufreq",787200.000000
813350190537661,5,"cpufreq",614400.000000
813350190538234,6,"cpufreq",614400.000000
813350191172818,2,"cpufreq",1920000.000000
813350191173338,3,"cpufreq",1920000.000000
813350191174016,4,"cpufreq",1920000.000000
813350192066359,0,"cpufreq",1132800.000000
813350192068703,1,"cpufreq",1132800.000000
813350192079536,5,"cpufreq",499200.000000
813350192081724,6,"cpufreq",499200.000000
813350192506047,0,"cpufreq",787200.000000
813350192508286,1,"cpufreq",787200.000000
813350193166568,5,"cpufreq",614400.000000
813350193167870,6,"cpufreq",614400.000000
813350193781255,0,"cpufreq",1017600.000000
813350193782245,1,"cpufreq",1017600.000000
813350193986724,0,"cpufreq",1132800.000000
813350193988807,1,"cpufreq",1132800.000000
813350193997401,5,"cpufreq",499200.000000
813350193999276,6,"cpufreq",499200.000000
813350194175370,0,"cpufreq",1017600.000000
813350194176880,1,"cpufreq",1017600.000000
813350194666828,0,"cpufreq",787200.000000
813350194668495,1,"cpufreq",787200.000000
813350195395734,0,"cpufreq",1574400.000000
813350195396672,1,"cpufreq",1574400.000000
813350195401463,2,"cpufreq",1708800.000000
813350195401828,3,"cpufreq",1708800.000000
813350195402088,4,"cpufreq",1708800.000000
813350195406463,5,"cpufreq",960000.000000
813350195407088,6,"cpufreq",960000.000000
813350195697974,5,"cpufreq",1190400.000000
813350195699901,6,"cpufreq",1190400.000000
813350197803859,0,"cpufreq",1804800.000000
813350197805005,1,"cpufreq",1804800.000000
813350197881516,0,"cpufreq",1574400.000000
813350197882453,1,"cpufreq",1574400.000000
813350200817974,2,"cpufreq",2035200.000000
813350200818547,3,"cpufreq",2035200.000000
813350200818963,4,"cpufreq",2035200.000000
813350200923599,0,"cpufreq",2265600.000000
813350200925474,1,"cpufreq",2265600.000000
813350203181828,0,"cpufreq",1017600.000000
813350203182766,1,"cpufreq",1017600.000000
813350203269641,0,"cpufreq",2265600.000000
813350203272766,1,"cpufreq",2265600.000000
813350203411463,5,"cpufreq",499200.000000
813350203412297,6,"cpufreq",499200.000000
813350203685734,0,"cpufreq",1344000.000000
813350203687141,1,"cpufreq",1344000.000000
813350203693963,5,"cpufreq",960000.000000
813350203694849,6,"cpufreq",960000.000000
813350205523443,0,"cpufreq",2150400.000000
813350205524849,1,"cpufreq",2150400.000000
813350205531880,5,"cpufreq",499200.000000
813350205533286,6,"cpufreq",499200.000000
813350211546568,0,"cpufreq",1689600.000000
813350211546984,1,"cpufreq",1689600.000000
813350211551776,2,"cpufreq",1920000.000000
813350211552036,3,"cpufreq",1920000.000000
813350211552349,4,"cpufreq",1920000.000000
813350219505786,0,"cpufreq",787200.000000
813350219506672,1,"cpufreq",787200.000000
813350219510995,2,"cpufreq",2131200.000000
813350219511620,3,"cpufreq",2131200.000000
813350219511880,4,"cpufreq",2131200.000000
813350226803495,0,"cpufreq",1017600.000000
813350226806828,1,"cpufreq",1017600.000000
813350226952036,0,"cpufreq",1132800.000000
813350226954536,1,"cpufreq",1132800.000000
813350227427713,0,"cpufreq",787200.000000
813350227429276,1,"cpufreq",787200.000000
813350227443807,2,"cpufreq",2380800.000000
813350227445786,3,"cpufreq",2380800.000000
813350227447766,4,"cpufreq",2380800.000000
813350227725891,0,"cpufreq",1017600.000000
813350227728234,1,"cpufreq",1017600.000000
813350227757036,0,"cpufreq",1804800.000000
813350227759745,1,"cpufreq",1804800.000000
813350227953026,0,"cpufreq",787200.000000
813350227954016,1,"cpufreq",787200.000000
813350235422505,2,"cpufreq",2035200.000000
813350235422922,3,"cpufreq",2035200.000000
813350235423234,4,"cpufreq",2035200.000000
813350238289797,2,"cpufreq",2323200.000000
813350238290578,3,"cpufreq",2323200.000000
813350238290943,4,"cpufreq",2323200.000000
813350239220891,0,"cpufreq",1132800.000000
813350239223234,1,"cpufreq",1132800.000000
813350240269432,0,"cpufreq",902400.000000
813350240270891,1,"cpufreq",902400.000000
813350241600734,2,"cpufreq",2707200.000000
813350241601724,3,"cpufreq",2707200.000000
813350241602505,4,"cpufreq",2707200.000000
813350243394432,0,"cpufreq",787200.000000
813350243395057,1,"cpufreq",787200.000000
813350243399693,2,"cpufreq",2515200.000000
813350243399953,3,"cpufreq",2515200.000000
813350243400213,4,"cpufreq",2515200.000000
813350243404693,5,"cpufreq",729600.000000
813350243405109,6,"cpufreq",729600.000000
813350251575161,2,"cpufreq",2438400.000000
813350251575578,3,"cpufreq",2438400.000000
813350251575838,4,"cpufreq",2438400.000000
813350251579588,5,"cpufreq",499200.000000
813350251579849,6,"cpufreq",499200.000000
813350252388234,2,"cpufreq",2707200.000000
813350252388807,3,"cpufreq",2707200.000000
813350252389068,4,"cpufreq",2707200.000000
813350258104484,0,"cpufreq",1017600.000000
813350258106828,1,"cpufreq",1017600.000000
813350258328651,0,"cpufreq",787200.000000
813350258329797,1,"cpufreq",787200.000000
813350259300474,5,"cpufreq",1190400.000000
813350259301828,6,"cpufreq",1190400.000000
813350259455422,5,"cpufreq",499200.000000
813350259456828,6,"cpufreq",499200.000000
813350275439328,2,"cpufreq",2572800.000000
813350275439901,3,"cpufreq",2572800.000000
813350275440578,4,"cpufreq",2572800.000000
813350275822297,2,"cpufreq",2707200.000000
813350275822818,3,"cpufreq",2707200.000000
813350275823130,4,"cpufreq",2707200.000000
813350291380109,2,"cpufreq",2630400.000000
813350291380578,3,"cpufreq",2630400.000000
813350291380786,4,"cpufreq",2630400.000000
813350291426620,2,"cpufreq",2707200.000000
813350291427088,3,"cpufreq",2707200.000000
813350291427297,4,"cpufreq",2707200.000000
813350300775005,0,"cpufreq",902400.000000
813350300777297,1,"cpufreq",902400.000000
813350307446307,0,"cpufreq",1344000.000000
813350307447453,1,"cpufreq",1344000.000000
813350308275682,0,"cpufreq",1459200.000000
813350308277141,1,"cpufreq",1459200.000000
813350309708703,0,"cpufreq",1344000.000000
813350309709901,1,"cpufreq",1344000.000000
813350312227453,0,"cpufreq",1248000.000000
813350312228807,1,"cpufreq",1248000.000000
813350315407297,0,"cpufreq",787200.000000
813350315407765,1,"cpufreq",787200.000000
813350341524849,0,"cpufreq",2265600.000000
813350341527140,1,"cpufreq",2265600.000000
813350347494120,0,"cpufreq",902400.000000
813350347494953,1,"cpufreq",902400.000000
813350348462088,0,"cpufreq",787200.000000
813350348463026,1,"cpufreq",787200.000000
813350349122922,0,"cpufreq",1132800.000000
813350349124224,1,"cpufreq",1132800.000000
813350350066776,5,"cpufreq",844800.000000
813350350069380,6,"cpufreq",844800.000000
813350350584328,5,"cpufreq",499200.000000
813350350585630,6,"cpufreq",499200.000000
813350350724745,0,"cpufreq",787200.000000
813350350727036,1,"cpufreq",787200.000000
813350354622140,5,"cpufreq",614400.000000
813350354623599,6,"cpufreq",614400.000000
813350355376828,5,"cpufreq",729600.000000
813350355377609,6,"cpufreq",729600.000000
813350360161568,5,"cpufreq",960000.000000
813350360162818,6,"cpufreq",960000.000000
813350361422661,2,"cpufreq",2438400.000000
813350361423078,3,"cpufreq",2438400.000000
813350361423338,4,"cpufreq",2438400.000000
813350362286828,0,"cpufreq",1132800.000000
813350362290578,1,"cpufreq",1132800.000000
813350362348651,2,"cpufreq",2707200.000000
813350362350890,3,"cpufreq",2707200.000000
813350362353495,4,"cpufreq",2707200.000000
813350363486828,0,"cpufreq",1344000.000000
813350363487401,1,"cpufreq",1344000.000000
813350363493182,5,"cpufreq",1190400.000000
813350363493599,6,"cpufreq",1190400.000000
813350369756880,0,"cpufreq",902400.000000
813350369759015,1,"cpufreq",902400.000000
813350371442036,0,"cpufreq",2265600.000000
813350371442609,1,"cpufreq",2265600.000000
813350371449328,5,"cpufreq",499200.000000
813350371449797,6,"cpufreq",499200.000000
813350379445630,2,"cpufreq",2246400.000000
813350379446984,3,"cpufreq",2246400.000000
813350379447245,4,"cpufreq",2246400.000000
813350380261463,0,"cpufreq",787200.000000
813350380262401,1,"cpufreq",787200.000000
813350380269224,2,"cpufreq",2707200.000000
813350380269953,3,"cpufreq",2707200.000000
813350380270786,4,"cpufreq",2707200.000000
813350400674797,0,"cpufreq",902400.000000
813350400678234,1,"cpufreq",902400.000000
813350403457609,0,"cpufreq",787200.000000
813350403458286,1,"cpufreq",787200.000000
813350407215526,0,"cpufreq",1132800.000000
813350407216620,1,"cpufreq",1132800.000000
813350407427765,0,"cpufreq",902400.000000
813350407429120,1,"cpufreq",902400.000000
813350407708338,0,"cpufreq",787200.000000
813350407709380,1,"cpufreq",787200.000000
813350411413703,5,"cpufreq",844800.000000
813350411414015,6,"cpufreq",844800.000000
813350419405422,5,"cpufreq",499200.000000
813350419406255,6,"cpufreq",499200.000000
813350419673859,0,"cpufreq",1132800.000000
813350419676151,1,"cpufreq",1132800.000000
813350420190318,0,"cpufreq",787200.000000
813350420190838,1,"cpufreq",787200.000000
813350424324640,2,"cpufreq",2380800.000000
813350424326724,3,"cpufreq",2380800.000000
813350424328755,4,"cpufreq",2380800.000000
813350427461359,2,"cpufreq",2707200.000000
813350427461984,3,"cpufreq",2707200.000000
813350427462297,4,"cpufreq",2707200.000000
813350430147193,0,"cpufreq",1132800.000000
813350430149588,1,"cpufreq",1132800.000000
813350430741984,0,"cpufreq",787200.000000
813350430745005,1,"cpufreq",787200.000000
813350435580109,2,"cpufreq",2438400.000000
813350435580995,3,"cpufreq",2438400.000000
813350435581307,4,"cpufreq",2438400.000000
813350436455838,2,"cpufreq",2707200.000000
813350436456359,3,"cpufreq",2707200.000000
813350436456672,4,"cpufreq",2707200.000000
813350441221932,2,"cpufreq",2630400.000000
813350441222713,3,"cpufreq",2630400.000000
813350441223547,4,"cpufreq",2630400.000000
813350442112349,2,"cpufreq",2707200.000000
813350442112661,3,"cpufreq",2707200.000000
813350442113443,4,"cpufreq",2707200.000000
813350443491151,2,"cpufreq",1920000.000000
813350443491568,3,"cpufreq",1920000.000000
813350443492088,4,"cpufreq",1920000.000000
813350451418130,2,"cpufreq",1401600.000000
813350451418755,3,"cpufreq",1401600.000000
813350451419172,4,"cpufreq",1401600.000000
813350458682245,2,"cpufreq",2131200.000000
813350458683286,3,"cpufreq",2131200.000000
813350458683807,4,"cpufreq",2131200.000000
813350459444224,2,"cpufreq",1401600.000000
813350459444797,3,"cpufreq",1401600.000000
813350459445109,4,"cpufreq",1401600.000000
813350460050630,2,"cpufreq",1612800.000000
813350460051984,3,"cpufreq",1612800.000000
813350460052349,4,"cpufreq",1612800.000000
813350475447297,2,"cpufreq",1497600.000000
813350475447870,3,"cpufreq",1497600.000000
813350475448338,4,"cpufreq",1497600.000000
813350482192349,2,"cpufreq",1612800.000000
813350482193078,3,"cpufreq",1612800.000000
813350482193547,4,"cpufreq",1612800.000000
813350482255161,0,"cpufreq",1248000.000000
813350482257453,1,"cpufreq",1248000.000000
813350483377661,0,"cpufreq",787200.000000
813350483378599,1,"cpufreq",787200.000000
813350491400370,2,"cpufreq",1920000.000000
813350491401203,3,"cpufreq",1920000.000000
813350491401776,4,"cpufreq",1920000.000000
813350499479693,2,"cpufreq",2323200.000000
813350499480109,3,"cpufreq",2323200.000000
813350499480995,4,"cpufreq",2323200.000000
813350503311463,5,"cpufreq",614400.000000
813350503312765,6,"cpufreq",614400.000000
813350504138807,2,"cpufreq",2380800.000000
813350504139484,3,"cpufreq",2380800.000000
813350504139797,4,"cpufreq",2380800.000000
813350504672036,5,"cpufreq",499200.000000
813350504675734,6,"cpufreq",499200.000000
813350506960578,2,"cpufreq",2438400.000000
813350506961099,3,"cpufreq",2438400.000000
813350506961672,4,"cpufreq",2438400.000000
813350507469172,2,"cpufreq",2572800.000000
813350507472557,3,"cpufreq",2572800.000000
813350507475526,4,"cpufreq",2572800.000000
813350509436828,0,"cpufreq",1132800.000000
813350509439276,1,"cpufreq",1132800.000000
813350509505109,0,"cpufreq",1248000.000000
813350509507401,1,"cpufreq",1248000.000000
813350509729953,0,"cpufreq",1017600.000000
813350509731151,1,"cpufreq",1017600.000000
813350510290682,0,"cpufreq",787200.000000
813350510292765,1,"cpufreq",787200.000000
813350510309536,2,"cpufreq",2188800.000000
813350510311620,3,"cpufreq",2188800.000000
813350510314172,4,"cpufreq",2188800.000000
813350510549328,0,"cpufreq",1248000.000000
813350510551620,1,"cpufreq",1248000.000000
813350512784276,2,"cpufreq",2707200.000000
813350512784901,3,"cpufreq",2707200.000000
813350512785265,4,"cpufreq",2707200.000000
813350515453234,0,"cpufreq",1017600.000000
813350515453599,1,"cpufreq",1017600.000000
813350523555161,0,"cpufreq",787200.000000
813350523555630,1,"cpufreq",787200.000000
813350523560265,2,"cpufreq",2380800.000000
813350523560578,3,"cpufreq",2380800.000000
813350523560734,4,"cpufreq",2380800.000000
813350523789745,5,"cpufreq",614400.000000
813350523792193,6,"cpufreq",614400.000000
813350525125838,2,"cpufreq",2572800.000000
813350525126411,3,"cpufreq",2572800.000000
813350525126724,4,"cpufreq",2572800.000000
813350525311984,2,"cpufreq",2707200.000000
813350525312765,3,"cpufreq",2707200.000000
813350525313078,4,"cpufreq",2707200.000000
813350528097401,2,"cpufreq",2380800.000000
813350528098547,3,"cpufreq",2380800.000000
813350528099172,4,"cpufreq",2380800.000000
813350528105370,5,"cpufreq",499200.000000
813350528106463,6,"cpufreq",499200.000000
813350529537870,0,"cpufreq",902400.000000
813350529539120,1,"cpufreq",902400.000000
813350530886307,0,"cpufreq",787200.000000
813350530887349,1,"cpufreq",787200.000000
813350531441203,0,"cpufreq",1344000.000000
813350531445161,1,"cpufreq",1344000.000000
813350531465838,2,"cpufreq",2323200.000000
813350531468963,3,"cpufreq",2323200.000000
813350531472765,4,"cpufreq",2323200.000000
813350532202245,0,"cpufreq",1017600.000000
813350532204120,1,"cpufreq",1017600.000000
813350532321880,0,"cpufreq",1344000.000000
813350532323963,1,"cpufreq",1344000.000000
813350534579380,0,"cpufreq",1248000.000000
813350534581203,1,"cpufreq",1248000.000000
813350537460109,0,"cpufreq",787200.000000
813350537461203,1,"cpufreq",787200.000000
813350537469224,5,"cpufreq",960000.000000
813350537470265,6,"cpufreq",960000.000000
813350537747713,0,"cpufreq",1248000.000000
813350537750161,1,"cpufreq",1248000.000000
813350537762505,5,"cpufreq",499200.000000
813350537763911,6,"cpufreq",499200.000000
813350539427974,0,"cpufreq",1132800.000000
813350539430370,1,"cpufreq",1132800.000000
813350539447192,5,"cpufreq",614400.000000
813350539449692,6,"cpufreq",614400.000000
813350539631099,2,"cpufreq",2707200.000000
813350539631672,3,"cpufreq",2707200.000000
813350539632036,4,"cpufreq",2707200.000000
813350540525786,0,"cpufreq",902400.000000
813350540527505,1,"cpufreq",902400.000000
813350540535786,5,"cpufreq",499200.000000
813350540538442,6,"cpufreq",499200.000000
813350542845942,5,"cpufreq",729600.000000
813350542847088,6,"cpufreq",729600.000000
813350542945890,5,"cpufreq",499200.000000
813350542948442,6,"cpufreq",499200.000000
813350544041151,5,"cpufreq",614400.000000
813350544042192,6,"cpufreq",614400.000000
813350544194172,0,"cpufreq",787200.000000
813350544197661,1,"cpufreq",787200.000000
813350544317505,5,"cpufreq",729600.000000
813350544318599,6,"cpufreq",729600.000000
813350544464484,5,"cpufreq",614400.000000
813350544465890,6,"cpufreq",614400.000000
813350544852245,5,"cpufreq",729600.000000
813350544853286,6,"cpufreq",729600.000000
813350545042661,0,"cpufreq",902400.000000
813350545046984,1,"cpufreq",902400.000000
813350545058859,5,"cpufreq",614400.000000
813350545061620,6,"cpufreq",614400.000000
813350545410838,0,"cpufreq",1248000.000000
813350545412870,1,"cpufreq",1248000.000000
813350545637817,0,"cpufreq",787200.000000
813350545638651,1,"cpufreq",787200.000000
813350546839536,0,"cpufreq",902400.000000
813350546844224,1,"cpufreq",902400.000000
813350546856672,5,"cpufreq",499200.000000
813350546859484,6,"cpufreq",499200.000000
813350547442505,0,"cpufreq",1344000.000000
813350547443130,1,"cpufreq",1344000.000000
813350547448390,2,"cpufreq",2438400.000000
813350547448599,3,"cpufreq",2438400.000000
813350547448859,4,"cpufreq",2438400.000000
813350549598599,2,"cpufreq",2707200.000000
813350549599224,3,"cpufreq",2707200.000000
813350549599536,4,"cpufreq",2707200.000000
813350552808911,0,"cpufreq",1248000.000000
813350552810890,1,"cpufreq",1248000.000000
813350552939745,0,"cpufreq",1344000.000000
813350552940786,1,"cpufreq",1344000.000000
813350553936359,0,"cpufreq",1459200.000000
813350553939015,1,"cpufreq",1459200.000000
813350555315786,0,"cpufreq",1344000.000000
813350555317245,1,"cpufreq",1344000.000000
813350555324432,5,"cpufreq",614400.000000
813350555326515,6,"cpufreq",614400.000000
813350555419172,0,"cpufreq",902400.000000
813350555419797,1,"cpufreq",902400.000000
813350555424224,2,"cpufreq",2630400.000000
813350555424536,3,"cpufreq",2630400.000000
813350555424745,4,"cpufreq",2630400.000000
813350555428130,5,"cpufreq",499200.000000
813350555428442,6,"cpufreq",499200.000000
813350556346411,0,"cpufreq",787200.000000
813350556348286,1,"cpufreq",787200.000000
813350556358547,5,"cpufreq",614400.000000
813350556360890,6,"cpufreq",614400.000000
813350556488911,2,"cpufreq",2707200.000000
813350556491151,3,"cpufreq",2707200.000000
813350556493130,4,"cpufreq",2707200.000000
813350556501203,5,"cpufreq",499200.000000
813350556503442,6,"cpufreq",499200.000000
813350564321776,2,"cpufreq",2380800.000000
813350564325213,3,"cpufreq",2380800.000000
813350564329224,4,"cpufreq",2380800.000000
813350567438599,2,"cpufreq",2707200.000000
813350567441359,3,"cpufreq",2707200.000000
813350567441672,4,"cpufreq",2707200.000000
813350572778182,5,"cpufreq",614400.000000
813350572779172,6,"cpufreq",614400.000000
813350573608963,2,"cpufreq",1075200.000000
813350573609380,3,"cpufreq",1075200.000000
813350573609953,4,"cpufreq",1075200.000000
813350573621411,2,"cpufreq",2515200.000000
813350573621984,3,"cpufreq",2515200.000000
813350573622245,4,"cpufreq",2515200.000000
813350574468911,5,"cpufreq",499200.000000
813350574472661,6,"cpufreq",499200.000000
813350578278495,2,"cpufreq",2707200.000000
813350578279015,3,"cpufreq",2707200.000000
813350578280161,4,"cpufreq",2707200.000000
813350579387140,2,"cpufreq",2323200.000000
813350579387765,3,"cpufreq",2323200.000000
813350579388026,4,"cpufreq",2323200.000000
813350580216359,2,"cpufreq",2707200.000000
813350580216932,3,"cpufreq",2707200.000000
813350580217192,4,"cpufreq",2707200.000000
813350593906307,0,"cpufreq",1017600.000000
813350593909588,1,"cpufreq",1017600.000000
813350594231463,0,"cpufreq",787200.000000
813350594232974,1,"cpufreq",787200.000000
813350603814380,5,"cpufreq",614400.000000
813350603815474,6,"cpufreq",614400.000000
813350604408286,5,"cpufreq",499200.000000
813350604411672,6,"cpufreq",499200.000000
813350604840422,5,"cpufreq",614400.000000
813350604841411,6,"cpufreq",614400.000000
813350605054953,5,"cpufreq",499200.000000
813350605058182,6,"cpufreq",499200.000000
813350607090474,2,"cpufreq",2035200.000000
813350607090942,3,"cpufreq",2035200.000000
813350607091307,4,"cpufreq",2035200.000000
813350607420995,0,"cpufreq",1017600.000000
813350607422140,1,"cpufreq",1017600.000000
813350607705578,2,"cpufreq",2707200.000000
813350607706099,3,"cpufreq",2707200.000000
813350607706567,4,"cpufreq",2707200.000000
813350607999432,0,"cpufreq",787200.000000
813350608000474,1,"cpufreq",787200.000000
813350651420370,5,"cpufreq",614400.000000
813350651421515,6,"cpufreq",614400.000000
813350651532192,5,"cpufreq",499200.000000
813350651534692,6,"cpufreq",499200.000000
813350661347192,5,"cpufreq",1190400.000000
813350661350578,6,"cpufreq",1190400.000000
813350661585942,5,"cpufreq",499200.000000
813350661587088,6,"cpufreq",499200.000000
813350682083130,5,"cpufreq",614400.000000
813350682084276,6,"cpufreq",614400.000000
813350682276151,5,"cpufreq",844800.000000
813350682277088,6,"cpufreq",844800.000000
813350683060005,5,"cpufreq",499200.000000
813350683062401,6,"cpufreq",499200.000000
813350683483026,2,"cpufreq",2035200.000000
813350683486567,3,"cpufreq",2035200.000000
813350683489588,4,"cpufreq",2035200.000000
813350683838859,2,"cpufreq",2707200.000000
813350683839588,3,"cpufreq",2707200.000000
813350683840005,4,"cpufreq",2707200.000000
813350699376151,2,"cpufreq",1190400.000000
813350699376672,3,"cpufreq",1190400.000000
813350699377192,4,"cpufreq",1190400.000000
813350699391828,2,"cpufreq",2630400.000000
813350699392192,3,"cpufreq",2630400.000000
813350699392557,4,"cpufreq",2630400.000000
813350703776047,0,"cpufreq",902400.000000
813350703776984,1,"cpufreq",902400.000000
813350705072453,0,"cpufreq",787200.000000
813350705076203,1,"cpufreq",787200.000000
813350706440942,2,"cpufreq",2707200.000000
813350706441411,3,"cpufreq",2707200.000000
813350706441620,4,"cpufreq",2707200.000000
813350707547088,0,"cpufreq",902400.000000
813350707547505,1,"cpufreq",902400.000000
813350709609849,0,"cpufreq",1248000.000000
813350709612088,1,"cpufreq",1248000.000000
813350710867661,0,"cpufreq",902400.000000
813350710869901,1,"cpufreq",902400.000000
813350710964172,5,"cpufreq",729600.000000
813350710967661,6,"cpufreq",729600.000000
813350711160838,5,"cpufreq",499200.000000
813350711162297,6,"cpufreq",499200.000000
813350715420682,0,"cpufreq",787200.000000
813350715421359,1,"cpufreq",787200.000000
813350731438755,2,"cpufreq",2438400.000000
813350731439172,3,"cpufreq",2438400.000000
813350731439640,4,"cpufreq",2438400.000000
813350735827088,2,"cpufreq",2707200.000000
813350735828182,3,"cpufreq",2707200.000000
813350735828442,4,"cpufreq",2707200.000000
813350747403442,2,"cpufreq",2438400.000000
813350747403755,3,"cpufreq",2438400.000000
813350747404015,4,"cpufreq",2438400.000000
813350749994640,2,"cpufreq",2707200.000000
813350749995057,3,"cpufreq",2707200.000000
813350749995369,4,"cpufreq",2707200.000000
813350755582765,2,"cpufreq",2246400.000000
813350755583703,3,"cpufreq",2246400.000000
813350755583963,4,"cpufreq",2246400.000000
813350755763286,2,"cpufreq",2707200.000000
813350755763911,3,"cpufreq",2707200.000000
813350755764276,4,"cpufreq",2707200.000000
813350803440890,0,"cpufreq",902400.000000
813350803441463,1,"cpufreq",902400.000000
813350803445265,2,"cpufreq",2035200.000000
813350803445526,3,"cpufreq",2035200.000000
813350803445786,4,"cpufreq",2035200.000000
813350804737088,2,"cpufreq",2630400.000000
813350804737557,3,"cpufreq",2630400.000000
813350804737922,4,"cpufreq",2630400.000000
813350811488755,0,"cpufreq",1017600.000000
813350811491619,1,"cpufreq",1017600.000000
813350811507557,2,"cpufreq",2707200.000000
813350811510317,3,"cpufreq",2707200.000000
813350811512922,4,"cpufreq",2707200.000000
813350819981099,0,"cpufreq",787200.000000
813350819981515,1,"cpufreq",787200.000000
813350877540317,7,"cpufreq",1708800.000000
813350880151359,7,"cpufreq",2246400.000000
813350883249640,7,"cpufreq",902400.000000
813350883507765,2,"cpufreq",2131200.000000
813350883510265,3,"cpufreq",2131200.000000
813350883512297,4,"cpufreq",2131200.000000
813350888200578,7,"cpufreq",1363200.000000
813350888337557,0,"cpufreq",1132800.000000
813350888341151,1,"cpufreq",1132800.000000
813350888653182,0,"cpufreq",902400.000000
813350888653703,1,"cpufreq",902400.000000
813350888839067,7,"cpufreq",1478400.000000
813350889480994,0,"cpufreq",1344000.000000
813350889481776,1,"cpufreq",1344000.000000
813350889508130,0,"cpufreq",1459200.000000
813350889508547,1,"cpufreq",1459200.000000
813350889511984,7,"cpufreq",902400.000000
813350891530057,0,"cpufreq",1344000.000000
813350891531411,1,"cpufreq",1344000.000000
813350891543859,2,"cpufreq",2707200.000000
813350891545109,3,"cpufreq",2707200.000000
813350891546307,4,"cpufreq",2707200.000000
813350891647557,0,"cpufreq",1248000.000000
813350891648599,1,"cpufreq",1248000.000000
813350894596359,0,"cpufreq",1344000.000000
813350894598911,1,"cpufreq",1344000.000000
813350896282609,0,"cpufreq",1248000.000000
813350896284797,1,"cpufreq",1248000.000000
813350896399744,0,"cpufreq",1132800.000000
813350896402140,1,"cpufreq",1132800.000000
813350896594797,0,"cpufreq",1689600.000000
813350896597557,1,"cpufreq",1689600.000000
813350897107505,0,"cpufreq",1804800.000000
813350897109224,1,"cpufreq",1804800.000000
813350897119953,5,"cpufreq",729600.000000
813350897121984,6,"cpufreq",729600.000000
813350897402661,0,"cpufreq",1344000.000000
813350897403755,1,"cpufreq",1344000.000000
813350897411463,5,"cpufreq",499200.000000
813350897412140,6,"cpufreq",499200.000000
813350897766203,2,"cpufreq",1190400.000000
813350897768547,3,"cpufreq",1190400.000000
813350897770422,4,"cpufreq",1190400.000000
813350898444744,0,"cpufreq",1804800.000000
813350898446255,1,"cpufreq",1804800.000000
813350898453130,5,"cpufreq",844800.000000
813350898454224,6,"cpufreq",844800.000000
813350898798338,5,"cpufreq",499200.000000
813350898800265,6,"cpufreq",499200.000000
813350899003026,5,"cpufreq",614400.000000
813350899004067,6,"cpufreq",614400.000000
813350899523286,2,"cpufreq",844800.000000
813350899524640,3,"cpufreq",844800.000000
813350899525474,4,"cpufreq",844800.000000
813350899533130,5,"cpufreq",499200.000000
813350899533859,6,"cpufreq",499200.000000
813350900185317,5,"cpufreq",1190400.000000
813350900186880,6,"cpufreq",1190400.000000
813350900214640,0,"cpufreq",787200.000000
813350900216463,1,"cpufreq",787200.000000
813350900429224,0,"cpufreq",1248000.000000
813350900432505,1,"cpufreq",1248000.000000
813350900788963,0,"cpufreq",902400.000000
813350900790005,1,"cpufreq",902400.000000
813350901488390,0,"cpufreq",1574400.000000
813350901489224,1,"cpufreq",1574400.000000
813350902373182,0,"cpufreq",902400.000000
813350902373911,1,"cpufreq",902400.000000
813350906361099,0,"cpufreq",1248000.000000
813350906361776,1,"cpufreq",1248000.000000
813350906612557,0,"cpufreq",1017600.000000
813350906614328,1,"cpufreq",1017600.000000
813350907441151,0,"cpufreq",1344000.000000
813350907447297,1,"cpufreq",1344000.000000
813350907465838,5,"cpufreq",614400.000000
813350907469015,6,"cpufreq",614400.000000
813350913771359,5,"cpufreq",960000.000000
813350913772661,6,"cpufreq",960000.000000
813350914480422,5,"cpufreq",1075200.000000
813350914481984,6,"cpufreq",1075200.000000
813350914874901,0,"cpufreq",1689600.000000
813350914877244,1,"cpufreq",1689600.000000
813350914885526,5,"cpufreq",499200.000000
813350914887453,6,"cpufreq",499200.000000
813350915112557,5,"cpufreq",614400.000000
813350915113963,6,"cpufreq",614400.000000
813350915445578,0,"cpufreq",787200.000000
813350915447140,1,"cpufreq",787200.000000
813350915458234,2,"cpufreq",614400.000000
813350915459067,3,"cpufreq",614400.000000
813350915459797,4,"cpufreq",614400.000000
813350915469276,7,"cpufreq",672000.000000
813350916589953,0,"cpufreq",672000.000000
813350916591099,1,"cpufreq",672000.000000
813350916921672,0,"cpufreq",787200.000000
813350916925890,1,"cpufreq",787200.000000
813350917311880,2,"cpufreq",729600.000000
813350917313703,3,"cpufreq",729600.000000
813350917314692,4,"cpufreq",729600.000000
813350919213911,2,"cpufreq",614400.000000
813350919215109,3,"cpufreq",614400.000000
813350919215994,4,"cpufreq",614400.000000
813350920731203,0,"cpufreq",902400.000000
813350920732609,1,"cpufreq",902400.000000
813350924227453,0,"cpufreq",787200.000000
813350924231567,1,"cpufreq",787200.000000
813350924254224,2,"cpufreq",844800.000000
813350924258130,3,"cpufreq",844800.000000
813350924261828,4,"cpufreq",844800.000000
813350924283286,7,"cpufreq",902400.000000
813350930702140,5,"cpufreq",844800.000000
813350930704119,6,"cpufreq",844800.000000
813350931413494,5,"cpufreq",614400.000000
813350931414901,6,"cpufreq",614400.000000
813350936486255,5,"cpufreq",729600.000000
813350936488859,6,"cpufreq",729600.000000
813350936605734,5,"cpufreq",614400.000000
813350936607557,6,"cpufreq",614400.000000
813350940268703,5,"cpufreq",499200.000000
813350940272817,6,"cpufreq",499200.000000
813350946211932,5,"cpufreq",614400.000000
813350946213494,6,"cpufreq",614400.000000
813350947014953,5,"cpufreq",499200.000000
813350947016619,6,"cpufreq",499200.000000
813350947861828,5,"cpufreq",614400.000000
813350947865942,6,"cpufreq",614400.000000
813350947928078,0,"cpufreq",672000.000000
813350947931359,1,"cpufreq",672000.000000
813350947955422,2,"cpufreq",614400.000000
813350947958911,3,"cpufreq",614400.000000
813350947966619,4,"cpufreq",614400.000000
813350947993703,7,"cpufreq",672000.000000
813350956286672,5,"cpufreq",499200.000000
813350956291463,6,"cpufreq",499200.000000
813350977703234,0,"cpufreq",787200.000000
813350977705994,1,"cpufreq",787200.000000
813350977729796,2,"cpufreq",844800.000000
813350977733026,3,"cpufreq",844800.000000
813350977735369,4,"cpufreq",844800.000000
813350977760838,7,"cpufreq",902400.000000
813350978773078,5,"cpufreq",729600.000000
813350978775890,6,"cpufreq",729600.000000
813350980005682,0,"cpufreq",672000.000000
813350980008026,1,"cpufreq",672000.000000
813350980027192,2,"cpufreq",614400.000000
813350980029640,3,"cpufreq",614400.000000
813350980031984,4,"cpufreq",614400.000000
813350980048182,5,"cpufreq",499200.000000
813350980050994,6,"cpufreq",499200.000000
813350980063963,7,"cpufreq",672000.000000
813351000871671,0,"cpufreq",1804800.000000
813351000876255,1,"cpufreq",1804800.000000
813351003931776,0,"cpufreq",787200.000000
813351003934484,1,"cpufreq",787200.000000
813351011426046,0,"cpufreq",1017600.000000
813351011427713,1,"cpufreq",1017600.000000
813351011477140,0,"cpufreq",1344000.000000
813351011478390,1,"cpufreq",1344000.000000
813351011755838,0,"cpufreq",1017600.000000
813351011757817,1,"cpufreq",1017600.000000
813351018646724,0,"cpufreq",1344000.000000
813351018650578,1,"cpufreq",1344000.000000
813351019448026,0,"cpufreq",787200.000000
813351019449640,1,"cpufreq",787200.000000
813351019470994,2,"cpufreq",844800.000000
813351019473130,3,"cpufreq",844800.000000
813351019475161,4,"cpufreq",844800.000000
813351019509432,7,"cpufreq",902400.000000
813351035404119,0,"cpufreq",1344000.000000
813351035405630,1,"cpufreq",1344000.000000
813351035654224,0,"cpufreq",902400.000000
813351035655682,1,"cpufreq",902400.000000
813351035786411,0,"cpufreq",1344000.000000
813351035787505,1,"cpufreq",1344000.000000
813351038489849,0,"cpufreq",902400.000000
813351038490994,1,"cpufreq",902400.000000
813351038700317,0,"cpufreq",787200.000000
813351038701151,1,"cpufreq",787200.000000
813351038706151,5,"cpufreq",729600.000000
813351038707661,6,"cpufreq",729600.000000
813351038903755,5,"cpufreq",499200.000000
813351038905317,6,"cpufreq",499200.000000
813351039651359,0,"cpufreq",1017600.000000
813351039654901,1,"cpufreq",1017600.000000
813351039792088,0,"cpufreq",1344000.000000
813351039795474,1,"cpufreq",1344000.000000
813351043516984,0,"cpufreq",1132800.000000
813351043518130,1,"cpufreq",1132800.000000
813351043530942,5,"cpufreq",844800.000000
813351043531724,6,"cpufreq",844800.000000
813351044387817,5,"cpufreq",1190400.000000
813351044390630,6,"cpufreq",1190400.000000
813351045126359,0,"cpufreq",1017600.000000
813351045128859,1,"cpufreq",1017600.000000
813351045263755,5,"cpufreq",1075200.000000
813351045264380,6,"cpufreq",1075200.000000
813351048313182,5,"cpufreq",1190400.000000
813351048316307,6,"cpufreq",1190400.000000
813351048795786,0,"cpufreq",1132800.000000
813351048798390,1,"cpufreq",1132800.000000
813351048807713,5,"cpufreq",1075200.000000
813351048810369,6,"cpufreq",1075200.000000
813351050440317,0,"cpufreq",1248000.000000
813351050441203,1,"cpufreq",1248000.000000
813351050638807,5,"cpufreq",614400.000000
813351050641463,6,"cpufreq",614400.000000
813351051764536,0,"cpufreq",787200.000000
813351051765942,1,"cpufreq",787200.000000
813351051789796,5,"cpufreq",499200.000000
813351051791828,6,"cpufreq",499200.000000
813351053847921,0,"cpufreq",1017600.000000
813351053851307,1,"cpufreq",1017600.000000
813351054151255,0,"cpufreq",787200.000000
813351054152713,1,"cpufreq",787200.000000
813351058552453,0,"cpufreq",1804800.000000
813351058553963,1,"cpufreq",1804800.000000
813351059494692,0,"cpufreq",787200.000000
813351059495682,1,"cpufreq",787200.000000
813351059501828,5,"cpufreq",729600.000000
813351059503546,6,"cpufreq",729600.000000
813351061356828,0,"cpufreq",902400.000000
813351061360369,1,"cpufreq",902400.000000
813351061375786,5,"cpufreq",499200.000000
813351061379328,6,"cpufreq",499200.000000
813351063926307,5,"cpufreq",614400.000000
813351063929849,6,"cpufreq",614400.000000
813351064513755,5,"cpufreq",499200.000000
813351064519536,6,"cpufreq",499200.000000
813351064650994,5,"cpufreq",614400.000000
813351064651984,6,"cpufreq",614400.000000
813351067351619,0,"cpufreq",1459200.000000
813351067355005,1,"cpufreq",1459200.000000
813351067366932,5,"cpufreq",499200.000000
813351067369588,6,"cpufreq",499200.000000
813351067466411,0,"cpufreq",902400.000000
813351067468234,1,"cpufreq",902400.000000
813351067783078,0,"cpufreq",787200.000000
813351067785213,1,"cpufreq",787200.000000
813351072268234,5,"cpufreq",614400.000000
813351072272296,6,"cpufreq",614400.000000
813351072433286,5,"cpufreq",499200.000000
813351072437036,6,"cpufreq",499200.000000
813351072610109,5,"cpufreq",614400.000000
813351072611724,6,"cpufreq",614400.000000
813351075824536,5,"cpufreq",499200.000000
813351075828911,6,"cpufreq",499200.000000
813351079582921,5,"cpufreq",614400.000000
813351079584588,6,"cpufreq",614400.000000
813351084059901,0,"cpufreq",1132800.000000
813351084063755,1,"cpufreq",1132800.000000
813351084077557,5,"cpufreq",499200.000000
813351084083703,6,"cpufreq",499200.000000
813351084423234,0,"cpufreq",1344000.000000
813351084424796,1,"cpufreq",1344000.000000
813351086753599,0,"cpufreq",787200.000000
813351086754640,1,"cpufreq",787200.000000
813351086762974,5,"cpufreq",614400.000000
813351086763807,6,"cpufreq",614400.000000
813351088198859,0,"cpufreq",902400.000000
813351088200005,1,"cpufreq",902400.000000
813351092210786,0,"cpufreq",787200.000000
813351092213963,1,"cpufreq",787200.000000
813351092235526,5,"cpufreq",499200.000000
813351092238963,6,"cpufreq",499200.000000
813351092549744,0,"cpufreq",902400.000000
813351092553390,1,"cpufreq",902400.000000
813351095348963,0,"cpufreq",787200.000000
813351095351932,1,"cpufreq",787200.000000
813351105509119,0,"cpufreq",1017600.000000
813351105510213,1,"cpufreq",1017600.000000
813351105679119,0,"cpufreq",902400.000000
813351105681724,1,"cpufreq",902400.000000
813351108946619,0,"cpufreq",1459200.000000
813351108949744,1,"cpufreq",1459200.000000
813351111599953,0,"cpufreq",902400.000000
813351111601203,1,"cpufreq",902400.000000
813351115919588,0,"cpufreq",787200.000000
813351115920317,1,"cpufreq",787200.000000
813351115928755,5,"cpufreq",614400.000000
813351115929328,6,"cpufreq",614400.000000
813351117376828,0,"cpufreq",1017600.000000
813351117380734,1,"cpufreq",1017600.000000
813351117396671,5,"cpufreq",499200.000000
813351117400057,6,"cpufreq",499200.000000
813351120523859,0,"cpufreq",787200.000000
813351120524953,1,"cpufreq",787200.000000
813351120530578,5,"cpufreq",729600.000000
813351120531411,6,"cpufreq",729600.000000
813351120676255,5,"cpufreq",614400.000000
813351120677817,6,"cpufreq",614400.000000
813351121481099,5,"cpufreq",729600.000000
813351121482192,6,"cpufreq",729600.000000
813351122304015,0,"cpufreq",1017600.000000
813351122307505,1,"cpufreq",1017600.000000
813351122321099,5,"cpufreq",614400.000000
813351122324484,6,"cpufreq",614400.000000
813351123668807,0,"cpufreq",1132800.000000
813351123671828,1,"cpufreq",1132800.000000
813351123794119,0,"cpufreq",1344000.000000
813351123795630,1,"cpufreq",1344000.000000
813351124219849,0,"cpufreq",1248000.000000
813351124220994,1,"cpufreq",1248000.000000
813351125555474,0,"cpufreq",1344000.000000
813351125558078,1,"cpufreq",1344000.000000
813351125567036,5,"cpufreq",499200.000000
813351125569276,6,"cpufreq",499200.000000
813351125960942,0,"cpufreq",1132800.000000
813351125963182,1,"cpufreq",1132800.000000
813351127684015,0,"cpufreq",902400.000000
813351127685578,1,"cpufreq",902400.000000
813351127695005,5,"cpufreq",614400.000000
813351127696984,6,"cpufreq",614400.000000
813351128969744,0,"cpufreq",787200.000000
813351128970786,1,"cpufreq",787200.000000
813351129041099,5,"cpufreq",844800.000000
813351129042661,6,"cpufreq",844800.000000
813351130337296,0,"cpufreq",902400.000000
813351130340890,1,"cpufreq",902400.000000
813351130503755,0,"cpufreq",787200.000000
813351130507140,1,"cpufreq",787200.000000
813351130600109,5,"cpufreq",729600.000000
813351130601359,6,"cpufreq",729600.000000
813351130700578,0,"cpufreq",902400.000000
813351130701828,1,"cpufreq",902400.000000
813351130915265,0,"cpufreq",1017600.000000
813351130916255,1,"cpufreq",1017600.000000
813351132172401,0,"cpufreq",787200.000000
813351132174640,1,"cpufreq",787200.000000
813351133952557,0,"cpufreq",902400.000000
813351133956203,1,"cpufreq",902400.000000
813351133970421,5,"cpufreq",499200.000000
813351133973859,6,"cpufreq",499200.000000
813351136993182,0,"cpufreq",1248000.000000
813351136994276,1,"cpufreq",1248000.000000
813351137269432,0,"cpufreq",787200.000000
813351137270578,1,"cpufreq",787200.000000
813351137275109,5,"cpufreq",729600.000000
813351137276203,6,"cpufreq",729600.000000
813351137710213,5,"cpufreq",614400.000000
813351137711515,6,"cpufreq",614400.000000
813351138272921,5,"cpufreq",729600.000000
813351138274536,6,"cpufreq",729600.000000
813351139543755,5,"cpufreq",499200.000000
813351139544432,6,"cpufreq",499200.000000
813351145928286,5,"cpufreq",729600.000000
813351145929640,6,"cpufreq",729600.000000
813351146198703,0,"cpufreq",902400.000000
813351146201099,1,"cpufreq",902400.000000
813351146215265,5,"cpufreq",499200.000000
813351146217609,6,"cpufreq",499200.000000
813351146773494,0,"cpufreq",787200.000000
813351146774432,1,"cpufreq",787200.000000
813351147508807,5,"cpufreq",844800.000000
813351147510421,6,"cpufreq",844800.000000
813351148209484,0,"cpufreq",902400.000000
813351148210526,1,"cpufreq",902400.000000
813351150571671,5,"cpufreq",614400.000000
813351150575890,6,"cpufreq",614400.000000
813351150983755,0,"cpufreq",787200.000000
813351150985994,1,"cpufreq",787200.000000
813351152417609,5,"cpufreq",499200.000000
813351152421151,6,"cpufreq",499200.000000
813351152750421,5,"cpufreq",614400.000000
813351152751932,6,"cpufreq",614400.000000
813351154228494,5,"cpufreq",844800.000000
813351154229849,6,"cpufreq",844800.000000
813351154651828,0,"cpufreq",1017600.000000
813351154654536,1,"cpufreq",1017600.000000
813351155573182,0,"cpufreq",787200.000000
813351155576307,1,"cpufreq",787200.000000
813351155609380,5,"cpufreq",614400.000000
813351155613859,6,"cpufreq",614400.000000
813351159167036,5,"cpufreq",499200.000000
813351159170734,6,"cpufreq",499200.000000
813351159392505,5,"cpufreq",614400.000000
813351159397974,6,"cpufreq",614400.000000
813351160182609,5,"cpufreq",499200.000000
813351160184171,6,"cpufreq",499200.000000
813351167263807,0,"cpufreq",1017600.000000
813351167267765,1,"cpufreq",1017600.000000
813351167626619,0,"cpufreq",787200.000000
813351167629067,1,"cpufreq",787200.000000
813351171165213,5,"cpufreq",614400.000000
813351171166619,6,"cpufreq",614400.000000
813351171564276,5,"cpufreq",499200.000000
813351171567974,6,"cpufreq",499200.000000
813351179965526,0,"cpufreq",902400.000000
813351179969171,1,"cpufreq",902400.000000
813351180237921,0,"cpufreq",787200.000000
813351180241151,1,"cpufreq",787200.000000
813351195646880,5,"cpufreq",729600.000000
813351195651307,6,"cpufreq",729600.000000
813351195723078,5,"cpufreq",844800.000000
813351195723755,6,"cpufreq",844800.000000
813351202617453,5,"cpufreq",960000.000000
813351202620317,6,"cpufreq",960000.000000
813351203405526,0,"cpufreq",1017600.000000
813351203408078,1,"cpufreq",1017600.000000
813351203419901,5,"cpufreq",844800.000000
813351203422140,6,"cpufreq",844800.000000
813351203483494,0,"cpufreq",1344000.000000
813351203485161,1,"cpufreq",1344000.000000
813351203705369,0,"cpufreq",1017600.000000
813351203707401,1,"cpufreq",1017600.000000
813351203746046,0,"cpufreq",1344000.000000
813351203748338,1,"cpufreq",1344000.000000
813351204024692,0,"cpufreq",1132800.000000
813351204025317,1,"cpufreq",1132800.000000
813351204160526,0,"cpufreq",902400.000000
813351204161984,1,"cpufreq",902400.000000
813351204168078,5,"cpufreq",1190400.000000
813351204169015,6,"cpufreq",1190400.000000
813351204376671,5,"cpufreq",1075200.000000
813351204380005,6,"cpufreq",1075200.000000
813351205358807,0,"cpufreq",1017600.000000
813351205361828,1,"cpufreq",1017600.000000
813351205615786,0,"cpufreq",1344000.000000
813351205617661,1,"cpufreq",1344000.000000
813351206051203,0,"cpufreq",1017600.000000
813351206052036,1,"cpufreq",1017600.000000
813351207200682,0,"cpufreq",1344000.000000
813351207202661,1,"cpufreq",1344000.000000
813351207353598,0,"cpufreq",787200.000000
813351207354744,1,"cpufreq",787200.000000
813351207476151,0,"cpufreq",1248000.000000
813351207476984,1,"cpufreq",1248000.000000
813351207647348,0,"cpufreq",1459200.000000
813351207648911,1,"cpufreq",1459200.000000
813351208225994,0,"cpufreq",787200.000000
813351208227192,1,"cpufreq",787200.000000
813351208281984,0,"cpufreq",902400.000000
813351208282609,1,"cpufreq",902400.000000
813351208285942,5,"cpufreq",960000.000000
813351208286463,6,"cpufreq",960000.000000
813351208838078,0,"cpufreq",1344000.000000
813351208841203,1,"cpufreq",1344000.000000
813351208855109,5,"cpufreq",729600.000000
813351208858130,6,"cpufreq",729600.000000
813351209283598,0,"cpufreq",1132800.000000
813351209285057,1,"cpufreq",1132800.000000
813351209513130,0,"cpufreq",1344000.000000
813351209514119,1,"cpufreq",1344000.000000
813351211552453,5,"cpufreq",1075200.000000
813351211554536,6,"cpufreq",1075200.000000
813351213826255,0,"cpufreq",1459200.000000
813351213827348,1,"cpufreq",1459200.000000
813351216342869,0,"cpufreq",1344000.000000
813351216344276,1,"cpufreq",1344000.000000
813351217044223,0,"cpufreq",1804800.000000
813351217045526,1,"cpufreq",1804800.000000
813351217052765,5,"cpufreq",729600.000000
813351217054328,6,"cpufreq",729600.000000
813351219125578,0,"cpufreq",1248000.000000
813351219126828,1,"cpufreq",1248000.000000
813351219134953,5,"cpufreq",1075200.000000
813351219135682,6,"cpufreq",1075200.000000
813351219429067,0,"cpufreq",787200.000000
813351219430057,1,"cpufreq",787200.000000
813351219436203,5,"cpufreq",499200.000000
813351219437192,6,"cpufreq",499200.000000
813351220171880,5,"cpufreq",614400.000000
813351220176203,6,"cpufreq",614400.000000
813351225519588,0,"cpufreq",1132800.000000
813351225523182,1,"cpufreq",1132800.000000
813351225538390,5,"cpufreq",499200.000000
813351225541880,6,"cpufreq",499200.000000
813351226058182,0,"cpufreq",787200.000000
813351226060057,1,"cpufreq",787200.000000
813351226069171,5,"cpufreq",614400.000000
813351226070838,6,"cpufreq",614400.000000
813351227499692,5,"cpufreq",499200.000000
813351227502505,6,"cpufreq",499200.000000
813351233937609,0,"cpufreq",902400.000000
813351233941203,1,"cpufreq",902400.000000
813351234294119,0,"cpufreq",787200.000000
813351234296151,1,"cpufreq",787200.000000
813351235442713,0,"cpufreq",1017600.000000
813351235445786,1,"cpufreq",1017600.000000
813351235507505,0,"cpufreq",1344000.000000
813351235510630,1,"cpufreq",1344000.000000
813351236920161,0,"cpufreq",787200.000000
813351236921515,1,"cpufreq",787200.000000
813351237484901,0,"cpufreq",902400.000000
813351237488390,1,"cpufreq",902400.000000
813351237751359,0,"cpufreq",787200.000000
813351237752765,1,"cpufreq",787200.000000
813351239212088,0,"cpufreq",902400.000000
813351239213234,1,"cpufreq",902400.000000
813351242604432,0,"cpufreq",787200.000000
813351242605630,1,"cpufreq",787200.000000
813351248804328,5,"cpufreq",614400.000000
813351248805421,6,"cpufreq",614400.000000
813351250542244,5,"cpufreq",499200.000000
813351250546723,6,"cpufreq",499200.000000
813351251962453,0,"cpufreq",902400.000000
813351251964692,1,"cpufreq",902400.000000
813351251976255,5,"cpufreq",729600.000000
813351251978494,6,"cpufreq",729600.000000
813351253633182,0,"cpufreq",1017600.000000
813351253636671,1,"cpufreq",1017600.000000
813351253792505,0,"cpufreq",1344000.000000
813351253793546,1,"cpufreq",1344000.000000
813351254643442,0,"cpufreq",787200.000000
813351254644953,1,"cpufreq",787200.000000
813351254651671,5,"cpufreq",844800.000000
813351254652505,6,"cpufreq",844800.000000
813351256047453,0,"cpufreq",902400.000000
813351256050942,1,"cpufreq",902400.000000
813351260285369,0,"cpufreq",787200.000000
813351260288911,1,"cpufreq",787200.000000
813351260301515,5,"cpufreq",499200.000000
813351260306203,6,"cpufreq",499200.000000
813351268657609,0,"cpufreq",902400.000000
813351268661567,1,"cpufreq",902400.000000
813351268828130,0,"cpufreq",1248000.000000
813351268831359,1,"cpufreq",1248000.000000
813351269014432,0,"cpufreq",1132800.000000
813351269016359,1,"cpufreq",1132800.000000
813351269350369,0,"cpufreq",902400.000000
813351269351619,1,"cpufreq",902400.000000
813351270472401,0,"cpufreq",787200.000000
813351270473442,1,"cpufreq",787200.000000
813351271013286,5,"cpufreq",729600.000000
813351271014276,6,"cpufreq",729600.000000
813351271478390,5,"cpufreq",614400.000000
813351271481984,6,"cpufreq",614400.000000
813351271814848,5,"cpufreq",499200.000000
813351271816359,6,"cpufreq",499200.000000
813351275616932,0,"cpufreq",1132800.000000
813351275620682,1,"cpufreq",1132800.000000
813351275637401,5,"cpufreq",614400.000000
813351275640994,6,"cpufreq",614400.000000
813351275691411,0,"cpufreq",1344000.000000
813351275694171,1,"cpufreq",1344000.000000
813351276226046,0,"cpufreq",1132800.000000
813351276227453,1,"cpufreq",1132800.000000
813351277157505,0,"cpufreq",1344000.000000
813351277159171,1,"cpufreq",1344000.000000
813351277471255,0,"cpufreq",1132800.000000
813351277472661,1,"cpufreq",1132800.000000
813351278543755,0,"cpufreq",1017600.000000
813351278546515,1,"cpufreq",1017600.000000
813351279077244,0,"cpufreq",1344000.000000
813351279078182,1,"cpufreq",1344000.000000
813351279087557,5,"cpufreq",960000.000000
813351279088598,6,"cpufreq",960000.000000
813351279747296,0,"cpufreq",902400.000000
813351279748130,1,"cpufreq",902400.000000
813351283099171,0,"cpufreq",1459200.000000
813351283102401,1,"cpufreq",1459200.000000
813351283735682,5,"cpufreq",729600.000000
813351283738026,6,"cpufreq",729600.000000
813351283879171,0,"cpufreq",787200.000000
813351283880526,1,"cpufreq",787200.000000
813351284385630,0,"cpufreq",1017600.000000
813351284388078,1,"cpufreq",1017600.000000
813351284574901,0,"cpufreq",902400.000000
813351284575890,1,"cpufreq",902400.000000
813351285492036,0,"cpufreq",787200.000000
813351285494171,1,"cpufreq",787200.000000
813351285844015,0,"cpufreq",902400.000000
813351285845317,1,"cpufreq",902400.000000
813351285852661,5,"cpufreq",960000.000000
813351285853442,6,"cpufreq",960000.000000
813351286021151,0,"cpufreq",787200.000000
813351286022088,1,"cpufreq",787200.000000
813351286364744,0,"cpufreq",902400.000000
813351286366151,1,"cpufreq",902400.000000
813351287155161,0,"cpufreq",787200.000000
813351287156463,1,"cpufreq",787200.000000
813351287163598,5,"cpufreq",844800.000000
813351287164328,6,"cpufreq",844800.000000
813351288235734,0,"cpufreq",902400.000000
813351288236984,1,"cpufreq",902400.000000
813351291957973,0,"cpufreq",787200.000000
813351291961567,1,"cpufreq",787200.000000
813351291994223,5,"cpufreq",960000.000000
813351291997609,6,"cpufreq",960000.000000
813351300233859,0,"cpufreq",672000.000000
813351300236619,1,"cpufreq",672000.000000
813351300267348,2,"cpufreq",614400.000000
813351300270994,3,"cpufreq",614400.000000
813351300273390,4,"cpufreq",614400.000000
813351300297973,5,"cpufreq",499200.000000
813351300302973,6,"cpufreq",499200.000000
813351300328651,7,"cpufreq",672000.000000
813351307677869,0,"cpufreq",902400.000000
813351307681828,1,"cpufreq",902400.000000
813351308272036,0,"cpufreq",672000.000000
813351308273651,1,"cpufreq",672000.000000
813351308940838,0,"cpufreq",787200.000000
813351308944901,1,"cpufreq",787200.000000
813351309913755,0,"cpufreq",672000.000000
813351309916255,1,"cpufreq",672000.000000
813351311392869,0,"cpufreq",1017600.000000
813351311397088,1,"cpufreq",1017600.000000
813351312379744,0,"cpufreq",672000.000000
813351312380838,1,"cpufreq",672000.000000
813351312481515,0,"cpufreq",787200.000000
813351312484432,1,"cpufreq",787200.000000
813351316139380,0,"cpufreq",672000.000000
813351316140578,1,"cpufreq",672000.000000
813351336303546,0,"cpufreq",787200.000000
813351336308234,1,"cpufreq",787200.000000
813351342723338,0,"cpufreq",672000.000000
813351342725578,1,"cpufreq",672000.000000
813351352646776,5,"cpufreq",614400.000000
813351352647817,6,"cpufreq",614400.000000
813351352840630,5,"cpufreq",499200.000000
813351352845109,6,"cpufreq",499200.000000
813351364150473,0,"cpufreq",1344000.000000
813351364151671,1,"cpufreq",1344000.000000
813351364167921,5,"cpufreq",1075200.000000
813351364169328,6,"cpufreq",1075200.000000
813351372223286,0,"cpufreq",672000.000000
813351372224692,1,"cpufreq",672000.000000
813351372266515,5,"cpufreq",614400.000000
813351372269484,6,"cpufreq",614400.000000
813351376798130,0,"cpufreq",1017600.000000
813351376802401,1,"cpufreq",1017600.000000
813351380193026,0,"cpufreq",672000.000000
813351380194432,1,"cpufreq",672000.000000
813351380216307,5,"cpufreq",499200.000000
813351380218234,6,"cpufreq",499200.000000
813351390286984,0,"cpufreq",902400.000000
813351390291255,1,"cpufreq",902400.000000
813351390725057,0,"cpufreq",672000.000000
813351390726723,1,"cpufreq",672000.000000
813351392973494,0,"cpufreq",1248000.000000
813351392976255,1,"cpufreq",1248000.000000
813351393209744,0,"cpufreq",902400.000000
813351393211151,1,"cpufreq",902400.000000
813351393386671,0,"cpufreq",1132800.000000
813351393390890,1,"cpufreq",1132800.000000
813351393671776,0,"cpufreq",672000.000000
813351393673390,1,"cpufreq",672000.000000
813351393803859,0,"cpufreq",1344000.000000
813351393806984,1,"cpufreq",1344000.000000
813351393966359,0,"cpufreq",672000.000000
813351393967869,1,"cpufreq",672000.000000
813351394174953,0,"cpufreq",902400.000000
813351394176515,1,"cpufreq",902400.000000
813351394182817,5,"cpufreq",729600.000000
813351394183598,6,"cpufreq",729600.000000
813351394373755,5,"cpufreq",499200.000000
813351394375213,6,"cpufreq",499200.000000
813351395032817,0,"cpufreq",672000.000000
813351395034484,1,"cpufreq",672000.000000
813351395479536,0,"cpufreq",1804800.000000
813351395480734,1,"cpufreq",1804800.000000
813351395490994,5,"cpufreq",729600.000000
813351395492192,6,"cpufreq",729600.000000
813351395793338,0,"cpufreq",1459200.000000
813351395794953,1,"cpufreq",1459200.000000
813351396464744,0,"cpufreq",1344000.000000
813351396466359,1,"cpufreq",1344000.000000
813351396475057,5,"cpufreq",844800.000000
813351396475890,6,"cpufreq",844800.000000
813351397827401,5,"cpufreq",729600.000000
813351397828598,6,"cpufreq",729600.000000
813351398085473,5,"cpufreq",1075200.000000
813351398087244,6,"cpufreq",1075200.000000
813351398403338,0,"cpufreq",1574400.000000
813351398405317,1,"cpufreq",1574400.000000
813351398448286,5,"cpufreq",614400.000000
813351398451046,6,"cpufreq",614400.000000
813351398503911,0,"cpufreq",1689600.000000
813351398506255,1,"cpufreq",1689600.000000
813351398883338,0,"cpufreq",1574400.000000
813351398885005,1,"cpufreq",1574400.000000
813351398891098,5,"cpufreq",729600.000000
813351398892244,6,"cpufreq",729600.000000
813351399038234,0,"cpufreq",1344000.000000
813351399039953,1,"cpufreq",1344000.000000
813351399047557,5,"cpufreq",844800.000000
813351399050213,6,"cpufreq",844800.000000
813351399261619,5,"cpufreq",1190400.000000
813351399263546,6,"cpufreq",1190400.000000
813351402476151,0,"cpufreq",787200.000000
813351402477453,1,"cpufreq",787200.000000
813351402859223,0,"cpufreq",902400.000000
813351402860109,1,"cpufreq",902400.000000
813351403070109,0,"cpufreq",1344000.000000
813351403070890,1,"cpufreq",1344000.000000
813351403075630,5,"cpufreq",960000.000000
813351403076150,6,"cpufreq",960000.000000
813351403155473,0,"cpufreq",787200.000000
813351403158755,1,"cpufreq",787200.000000
813351403495109,0,"cpufreq",1344000.000000
813351403495890,1,"cpufreq",1344000.000000
813351403508807,5,"cpufreq",1190400.000000
813351403509588,6,"cpufreq",1190400.000000
813351404257192,0,"cpufreq",1248000.000000
813351404258650,1,"cpufreq",1248000.000000
813351408170057,0,"cpufreq",1344000.000000
813351408170682,1,"cpufreq",1344000.000000
813351412212661,0,"cpufreq",1132800.000000
813351412214067,1,"cpufreq",1132800.000000
813351412236203,5,"cpufreq",499200.000000
813351412238025,6,"cpufreq",499200.000000
813351419031723,0,"cpufreq",1248000.000000
813351419033286,1,"cpufreq",1248000.000000
813351419408130,0,"cpufreq",672000.000000
813351419410473,1,"cpufreq",672000.000000
813351424810109,5,"cpufreq",614400.000000
813351424811671,6,"cpufreq",614400.000000
813351425055369,5,"cpufreq",499200.000000
813351425060057,6,"cpufreq",499200.000000
813351428263025,0,"cpufreq",1344000.000000
813351428265994,1,"cpufreq",1344000.000000
813351432191359,0,"cpufreq",1017600.000000
813351432192765,1,"cpufreq",1017600.000000
813351435706046,0,"cpufreq",672000.000000
813351435707765,1,"cpufreq",672000.000000
813351436606098,5,"cpufreq",614400.000000
813351436611046,6,"cpufreq",614400.000000
813351436944275,5,"cpufreq",499200.000000
813351436946307,6,"cpufreq",499200.000000
813351442683182,0,"cpufreq",787200.000000
813351442687088,1,"cpufreq",787200.000000
813351443076515,0,"cpufreq",672000.000000
813351443080942,1,"cpufreq",672000.000000
813351443315994,0,"cpufreq",1017600.000000
813351443318703,1,"cpufreq",1017600.000000
813351443533703,2,"cpufreq",844800.000000
813351443535525,3,"cpufreq",844800.000000
813351443537140,4,"cpufreq",844800.000000
813351443559640,7,"cpufreq",902400.000000
813351444259744,0,"cpufreq",787200.000000
813351444261619,1,"cpufreq",787200.000000
813351444269796,5,"cpufreq",614400.000000
813351444271359,6,"cpufreq",614400.000000
813351444438911,5,"cpufreq",499200.000000
813351444442400,6,"cpufreq",499200.000000
813351452338546,0,"cpufreq",672000.000000
813351452341046,1,"cpufreq",672000.000000
813351452364275,2,"cpufreq",614400.000000
813351452366619,3,"cpufreq",614400.000000
813351452369640,4,"cpufreq",614400.000000
813351452393859,7,"cpufreq",672000.000000
813351475679900,0,"cpufreq",787200.000000
813351475682505,1,"cpufreq",787200.000000
813351475966255,0,"cpufreq",902400.000000
813351475970057,1,"cpufreq",902400.000000
813351476035630,0,"cpufreq",1017600.000000
813351476038442,1,"cpufreq",1017600.000000
813351476280473,0,"cpufreq",902400.000000
813351476282973,1,"cpufreq",902400.000000
813351476472609,0,"cpufreq",787200.000000
813351476474119,1,"cpufreq",787200.000000
813351480802140,0,"cpufreq",902400.000000
813351480805682,1,"cpufreq",902400.000000
813351481014692,0,"cpufreq",787200.000000
813351481016671,1,"cpufreq",787200.000000
813351481050578,0,"cpufreq",902400.000000
813351481054015,1,"cpufreq",902400.000000
813351481451984,0,"cpufreq",672000.000000
813351481453494,1,"cpufreq",672000.000000
813351482976411,0,"cpufreq",902400.000000
813351482980161,1,"cpufreq",902400.000000
813351483929900,0,"cpufreq",672000.000000
813351483931150,1,"cpufreq",672000.000000
813351484250109,5,"cpufreq",614400.000000
813351484251411,6,"cpufreq",614400.000000
813351484426359,5,"cpufreq",499200.000000
813351484429171,6,"cpufreq",499200.000000
813351484640942,5,"cpufreq",614400.000000
813351484642661,6,"cpufreq",614400.000000
813351488204484,5,"cpufreq",499200.000000
813351488206671,6,"cpufreq",499200.000000
813351523563598,0,"cpufreq",1132800.000000
813351523567661,1,"cpufreq",1132800.000000
813351524894953,0,"cpufreq",1459200.000000
813351524896984,1,"cpufreq",1459200.000000
813351525125682,0,"cpufreq",1132800.000000
813351525126932,1,"cpufreq",1132800.000000
813351526262400,0,"cpufreq",787200.000000
813351526264171,1,"cpufreq",787200.000000
813351528605942,0,"cpufreq",1132800.000000
813351528610317,1,"cpufreq",1132800.000000
813351530131150,5,"cpufreq",729600.000000
813351530134588,6,"cpufreq",729600.000000
813351530201463,0,"cpufreq",902400.000000
813351530203807,1,"cpufreq",902400.000000
813351531877869,0,"cpufreq",1344000.000000
813351531879536,1,"cpufreq",1344000.000000
813351531899119,5,"cpufreq",614400.000000
813351531900369,6,"cpufreq",614400.000000
813351536236880,0,"cpufreq",1248000.000000
813351536238182,1,"cpufreq",1248000.000000
813351536392348,0,"cpufreq",1344000.000000
813351536394432,1,"cpufreq",1344000.000000
813351540179067,0,"cpufreq",672000.000000
813351540180317,1,"cpufreq",672000.000000
813351540199328,5,"cpufreq",844800.000000
813351540201932,6,"cpufreq",844800.000000
813351548263911,5,"cpufreq",499200.000000
813351548269275,6,"cpufreq",499200.000000
813351564248911,0,"cpufreq",1344000.000000
813351564253546,1,"cpufreq",1344000.000000
813351565322505,0,"cpufreq",902400.000000
813351565324953,1,"cpufreq",902400.000000
813351568174692,0,"cpufreq",1017600.000000
813351568176307,1,"cpufreq",1017600.000000
813351572218598,0,"cpufreq",672000.000000
813351572221567,1,"cpufreq",672000.000000
813351572627088,0,"cpufreq",787200.000000
813351572628598,1,"cpufreq",787200.000000
813351573463494,0,"cpufreq",672000.000000
813351573466203,1,"cpufreq",672000.000000
813351579496723,0,"cpufreq",787200.000000
813351579499536,1,"cpufreq",787200.000000
813351587788130,0,"cpufreq",672000.000000
813351587793338,1,"cpufreq",672000.000000
813351607676046,0,"cpufreq",787200.000000
813351607677609,1,"cpufreq",787200.000000
813351607807973,5,"cpufreq",614400.000000
813351607809380,6,"cpufreq",614400.000000
813351608240265,0,"cpufreq",1248000.000000
813351608242609,1,"cpufreq",1248000.000000
813351608257765,5,"cpufreq",499200.000000
813351608260265,6,"cpufreq",499200.000000
813351608683650,0,"cpufreq",672000.000000
813351608685109,1,"cpufreq",672000.000000
813351609045838,2,"cpufreq",1075200.000000
813351609047609,3,"cpufreq",1075200.000000
813351609048755,4,"cpufreq",1075200.000000
813351611528807,0,"cpufreq",1344000.000000
813351611530213,1,"cpufreq",1344000.000000
813351611537973,5,"cpufreq",729600.000000
813351611539275,6,"cpufreq",729600.000000
813351611620161,2,"cpufreq",614400.000000
813351611621098,3,"cpufreq",614400.000000
813351611621775,4,"cpufreq",614400.000000
813351612061515,0,"cpufreq",902400.000000
813351612062921,1,"cpufreq",902400.000000
813351612550786,0,"cpufreq",1017600.000000
813351612552921,1,"cpufreq",1017600.000000
813351616360161,0,"cpufreq",1344000.000000
813351616363234,1,"cpufreq",1344000.000000
813351616452817,0,"cpufreq",902400.000000
813351616453911,1,"cpufreq",902400.000000
813351618617348,0,"cpufreq",1017600.000000
813351618620317,1,"cpufreq",1017600.000000
813351620182140,0,"cpufreq",672000.000000
813351620183286,1,"cpufreq",672000.000000
813351620198703,5,"cpufreq",499200.000000
813351620199900,6,"cpufreq",499200.000000
813351651685109,0,"cpufreq",787200.000000
813351651687973,1,"cpufreq",787200.000000
813351653434223,0,"cpufreq",672000.000000
813351653435942,1,"cpufreq",672000.000000
813351656661932,0,"cpufreq",902400.000000
813351656663338,1,"cpufreq",902400.000000
813351656742869,0,"cpufreq",672000.000000
813351656743911,1,"cpufreq",672000.000000
813351657159327,0,"cpufreq",902400.000000
813351657161932,1,"cpufreq",902400.000000
813351658045421,0,"cpufreq",787200.000000
813351658046671,1,"cpufreq",787200.000000
813351659802921,0,"cpufreq",1344000.000000
813351659805682,1,"cpufreq",1344000.000000
813351664305994,0,"cpufreq",1017600.000000
813351664307609,1,"cpufreq",1017600.000000
813351668167192,0,"cpufreq",672000.000000
813351668170734,1,"cpufreq",672000.000000
813351788263807,0,"cpufreq",1344000.000000
813351788266098,1,"cpufreq",1344000.000000
813351788786671,0,"cpufreq",902400.000000
813351788788234,1,"cpufreq",902400.000000
813351791392557,2,"cpufreq",2707200.000000
813351791394171,3,"cpufreq",2707200.000000
813351791395057,4,"cpufreq",2707200.000000
813351796177348,0,"cpufreq",672000.000000
813351796178442,1,"cpufreq",672000.000000
813351796185682,2,"cpufreq",2035200.000000
813351796185890,3,"cpufreq",2035200.000000
813351796186098,4,"cpufreq",2035200.000000
813351801186775,5,"cpufreq",844800.000000
813351801188130,6,"cpufreq",844800.000000
813351801688234,5,"cpufreq",960000.000000
813351801689275,6,"cpufreq",960000.000000
813351802064275,5,"cpufreq",844800.000000
813351802068650,6,"cpufreq",844800.000000
813351802719952,5,"cpufreq",499200.000000
813351802724640,6,"cpufreq",499200.000000
813351803477244,2,"cpufreq",2707200.000000
813351803481463,3,"cpufreq",2707200.000000
813351803485369,4,"cpufreq",2707200.000000
813351811618182,0,"cpufreq",1344000.000000
813351811619484,1,"cpufreq",1344000.000000
813351819893286,0,"cpufreq",672000.000000
813351819894640,1,"cpufreq",672000.000000
813351828218702,2,"cpufreq",1920000.000000
813351828222921,3,"cpufreq",1920000.000000
813351828226411,4,"cpufreq",1920000.000000
813351835471671,2,"cpufreq",614400.000000
813351835475525,3,"cpufreq",614400.000000
813351835479275,4,"cpufreq",614400.000000
813351904387765,0,"cpufreq",787200.000000
813351904392557,1,"cpufreq",787200.000000
813351916226150,0,"cpufreq",672000.000000
813351916231879,1,"cpufreq",672000.000000
813351920188911,2,"cpufreq",2035200.000000
813351920190525,3,"cpufreq",2035200.000000
813351920191463,4,"cpufreq",2035200.000000
813351924234171,2,"cpufreq",614400.000000
813351924238494,3,"cpufreq",614400.000000
813351924242452,4,"cpufreq",614400.000000
813351928097088,5,"cpufreq",614400.000000
813351928099536,6,"cpufreq",614400.000000
813351928755369,5,"cpufreq",844800.000000
813351928756775,6,"cpufreq",844800.000000
813351931524588,5,"cpufreq",499200.000000
813351931530682,6,"cpufreq",499200.000000
813351938587817,5,"cpufreq",614400.000000
813351938591827,6,"cpufreq",614400.000000
813351938788442,5,"cpufreq",499200.000000
813351938792504,6,"cpufreq",499200.000000
813351939864536,5,"cpufreq",614400.000000
813351939865734,6,"cpufreq",614400.000000
813351943771046,5,"cpufreq",729600.000000
813351943772765,6,"cpufreq",729600.000000
813351943916515,5,"cpufreq",1075200.000000
813351943917452,6,"cpufreq",1075200.000000
813351946405265,5,"cpufreq",729600.000000
813351946408338,6,"cpufreq",729600.000000
813351947624171,5,"cpufreq",960000.000000
813351947625421,6,"cpufreq",960000.000000
813351952400369,0,"cpufreq",1017600.000000
813351952404692,1,"cpufreq",1017600.000000
813351952419952,5,"cpufreq",614400.000000
813351952423650,6,"cpufreq",614400.000000
813351952529952,5,"cpufreq",499200.000000
813351952532869,6,"cpufreq",499200.000000
813351952832140,5,"cpufreq",614400.000000
813351952833702,6,"cpufreq",614400.000000
813351952924484,0,"cpufreq",1344000.000000
813351952926463,1,"cpufreq",1344000.000000
813351952934692,5,"cpufreq",499200.000000
813351952936411,6,"cpufreq",499200.000000
813351953107817,0,"cpufreq",672000.000000
813351953109432,1,"cpufreq",672000.000000
813351953117348,5,"cpufreq",960000.000000
813351953118234,6,"cpufreq",960000.000000
813351953265004,0,"cpufreq",1017600.000000
813351953269275,1,"cpufreq",1017600.000000
813351953282765,5,"cpufreq",499200.000000
813351953287036,6,"cpufreq",499200.000000
813351953531879,0,"cpufreq",1574400.000000
813351953534432,1,"cpufreq",1574400.000000
813351954227504,0,"cpufreq",1804800.000000
813351954229432,1,"cpufreq",1804800.000000
813351963456619,0,"cpufreq",1459200.000000
813351963458234,1,"cpufreq",1459200.000000
813351963735161,0,"cpufreq",1804800.000000
813351963737088,1,"cpufreq",1804800.000000
813351967309640,0,"cpufreq",1459200.000000
813351967310838,1,"cpufreq",1459200.000000
813351968314692,0,"cpufreq",1344000.000000
813351968316098,1,"cpufreq",1344000.000000
813351968914952,5,"cpufreq",729600.000000
813351968916723,6,"cpufreq",729600.000000
813351969169171,0,"cpufreq",1248000.000000
813351969170577,1,"cpufreq",1248000.000000
813351969178598,5,"cpufreq",1075200.000000
813351969179432,6,"cpufreq",1075200.000000
813351969388234,5,"cpufreq",1190400.000000
813351969389015,6,"cpufreq",1190400.000000
813351969432140,0,"cpufreq",1017600.000000
813351969432713,1,"cpufreq",1017600.000000
813351969668650,0,"cpufreq",1248000.000000
813351969671515,1,"cpufreq",1248000.000000
813351969683129,5,"cpufreq",844800.000000
813351969685682,6,"cpufreq",844800.000000
813351969805734,0,"cpufreq",1574400.000000
813351969807817,1,"cpufreq",1574400.000000
813351969813702,5,"cpufreq",499200.000000
813351969815629,6,"cpufreq",499200.000000
813351970255369,5,"cpufreq",1190400.000000
813351970256827,6,"cpufreq",1190400.000000
813351970314692,0,"cpufreq",1017600.000000
813351970315682,1,"cpufreq",1017600.000000
813351972194275,0,"cpufreq",672000.000000
813351972195265,1,"cpufreq",672000.000000
813351972204900,5,"cpufreq",729600.000000
813351972205734,6,"cpufreq",729600.000000
813351976383807,5,"cpufreq",844800.000000
813351976388754,6,"cpufreq",844800.000000
813351979565213,5,"cpufreq",499200.000000
813351979566307,6,"cpufreq",499200.000000
813351981291723,0,"cpufreq",787200.000000
813351981293025,1,"cpufreq",787200.000000
813351995944223,0,"cpufreq",1804800.000000
813351995948650,1,"cpufreq",1804800.000000
813352003471359,5,"cpufreq",960000.000000
813352003472765,6,"cpufreq",960000.000000
813352003871307,5,"cpufreq",1190400.000000
813352003872504,6,"cpufreq",1190400.000000
813352004356463,0,"cpufreq",1574400.000000
813352004358442,1,"cpufreq",1574400.000000
813352004371463,2,"cpufreq",2707200.000000
813352004373077,3,"cpufreq",2707200.000000
813352004374900,4,"cpufreq",2707200.000000
813352005611411,0,"cpufreq",672000.000000
813352005612557,1,"cpufreq",672000.000000
813352007651359,0,"cpufreq",902400.000000
813352007652609,1,"cpufreq",902400.000000
813352007887765,0,"cpufreq",672000.000000
813352007888754,1,"cpufreq",672000.000000
813352009054119,0,"cpufreq",902400.000000
813352009058025,1,"cpufreq",902400.000000
813352009358963,0,"cpufreq",672000.000000
813352009360161,1,"cpufreq",672000.000000
813352009554744,0,"cpufreq",1132800.000000
813352009557817,1,"cpufreq",1132800.000000
813352009678702,0,"cpufreq",672000.000000
813352009679432,1,"cpufreq",672000.000000
813352009816723,0,"cpufreq",1132800.000000
813352009820629,1,"cpufreq",1132800.000000
813352009978494,0,"cpufreq",672000.000000
813352009979223,1,"cpufreq",672000.000000
813352011513754,0,"cpufreq",1344000.000000
813352011516359,1,"cpufreq",1344000.000000
813352012989275,0,"cpufreq",1017600.000000
813352012990161,1,"cpufreq",1017600.000000
813352019707765,0,"cpufreq",902400.000000
813352019710942,1,"cpufreq",902400.000000
813352019728338,2,"cpufreq",614400.000000
813352019730994,3,"cpufreq",614400.000000
813352019734119,4,"cpufreq",614400.000000
813352020275109,2,"cpufreq",1497600.000000
813352020276098,3,"cpufreq",1497600.000000
813352020276671,4,"cpufreq",1497600.000000
813352020283234,5,"cpufreq",499200.000000
813352020283911,6,"cpufreq",499200.000000
813352027478338,0,"cpufreq",672000.000000
813352027479379,1,"cpufreq",672000.000000
813352027488390,2,"cpufreq",2707200.000000
813352027488859,3,"cpufreq",2707200.000000
813352027489275,4,"cpufreq",2707200.000000
813352035289744,0,"cpufreq",787200.000000
813352035292244,1,"cpufreq",787200.000000
813352036149067,2,"cpufreq",960000.000000
813352036150265,3,"cpufreq",960000.000000
813352036151046,4,"cpufreq",960000.000000
813352036362973,0,"cpufreq",672000.000000
813352036364015,1,"cpufreq",672000.000000
813352036489484,5,"cpufreq",844800.000000
813352036490421,6,"cpufreq",844800.000000
813352036658546,0,"cpufreq",902400.000000
813352036662713,1,"cpufreq",902400.000000
813352036678442,5,"cpufreq",614400.000000
813352036682140,6,"cpufreq",614400.000000
813352037486098,5,"cpufreq",1075200.000000
813352037487348,6,"cpufreq",1075200.000000
813352038289015,5,"cpufreq",499200.000000
813352038290213,6,"cpufreq",499200.000000
813352040327973,0,"cpufreq",672000.000000
813352040330629,1,"cpufreq",672000.000000
813352042414171,0,"cpufreq",787200.000000
813352042421150,1,"cpufreq",787200.000000
813352044209171,0,"cpufreq",1804800.000000
813352044213546,1,"cpufreq",1804800.000000
813352044235317,2,"cpufreq",614400.000000
813352044238390,3,"cpufreq",614400.000000
813352044241359,4,"cpufreq",614400.000000
813352044945994,2,"cpufreq",960000.000000
813352044947140,3,"cpufreq",960000.000000
813352044948077,4,"cpufreq",960000.000000
813352045100161,2,"cpufreq",1075200.000000
813352045100942,3,"cpufreq",1075200.000000
813352045101567,4,"cpufreq",1075200.000000
813352045203650,0,"cpufreq",902400.000000
813352045204744,1,"cpufreq",902400.000000
813352046028182,0,"cpufreq",672000.000000
813352046029588,1,"cpufreq",672000.000000
813352046037348,5,"cpufreq",729600.000000
813352046038442,6,"cpufreq",729600.000000
813352047662348,2,"cpufreq",614400.000000
813352047666046,3,"cpufreq",614400.000000
813352047669432,4,"cpufreq",614400.000000
813352048997088,0,"cpufreq",787200.000000
813352048998286,1,"cpufreq",787200.000000
813352051704640,0,"cpufreq",672000.000000
813352051708390,1,"cpufreq",672000.000000
813352056347192,5,"cpufreq",614400.000000
813352056352400,6,"cpufreq",614400.000000
813352059713963,5,"cpufreq",499200.000000
813352059716879,6,"cpufreq",499200.000000
813352155706931,2,"cpufreq",2246400.000000
813352155711879,3,"cpufreq",2246400.000000
813352155715317,4,"cpufreq",2246400.000000
813352156707504,2,"cpufreq",614400.000000
813352156707869,3,"cpufreq",614400.000000
813352156708181,4,"cpufreq",614400.000000
813352166468806,0,"cpufreq",787200.000000
813352166470004,1,"cpufreq",787200.000000
813352172469223,0,"cpufreq",672000.000000
813352172470734,1,"cpufreq",672000.000000
813352175210838,0,"cpufreq",1459200.000000
813352175214900,1,"cpufreq",1459200.000000
813352177733806,0,"cpufreq",787200.000000
813352177735265,1,"cpufreq",787200.000000
813352178444588,0,"cpufreq",902400.000000
813352178446098,1,"cpufreq",902400.000000
813352179336879,0,"cpufreq",1248000.000000
813352179339119,1,"cpufreq",1248000.000000
813352179457609,0,"cpufreq",1132800.000000
813352179459015,1,"cpufreq",1132800.000000
813352188201515,0,"cpufreq",672000.000000
813352188204067,1,"cpufreq",672000.000000
813352198402400,2,"cpufreq",2707200.000000
813352198404171,3,"cpufreq",2707200.000000
813352198405213,4,"cpufreq",2707200.000000
813352202341567,5,"cpufreq",614400.000000
813352202343338,6,"cpufreq",614400.000000
813352202682973,5,"cpufreq",499200.000000
813352202687244,6,"cpufreq",499200.000000
813352203218338,5,"cpufreq",729600.000000
813352203219588,6,"cpufreq",729600.000000
813352203598077,0,"cpufreq",787200.000000
813352203600734,1,"cpufreq",787200.000000
813352203622661,2,"cpufreq",1824000.000000
813352203625942,3,"cpufreq",1824000.000000
813352203628286,4,"cpufreq",1824000.000000
813352203640838,5,"cpufreq",499200.000000
813352203643442,6,"cpufreq",499200.000000
813352203663025,7,"cpufreq",902400.000000
813352207916098,5,"cpufreq",614400.000000
813352207917921,6,"cpufreq",614400.000000
813352208318077,5,"cpufreq",729600.000000
813352208319692,6,"cpufreq",729600.000000
813352208609536,5,"cpufreq",499200.000000
813352208610994,6,"cpufreq",499200.000000
813352209731046,0,"cpufreq",1248000.000000
813352209733390,1,"cpufreq",1248000.000000
813352210818546,0,"cpufreq",1459200.000000
813352210820109,1,"cpufreq",1459200.000000
813352211604171,2,"cpufreq",2380800.000000
813352211605265,3,"cpufreq",2380800.000000
813352211605942,4,"cpufreq",2380800.000000
813352211625161,0,"cpufreq",1804800.000000
813352211625942,1,"cpufreq",1804800.000000
813352219393129,0,"cpufreq",787200.000000
813352219393754,1,"cpufreq",787200.000000
813352219399119,2,"cpufreq",2707200.000000
813352219399744,3,"cpufreq",2707200.000000
813352219400265,4,"cpufreq",2707200.000000
813352223550421,7,"cpufreq",2246400.000000
813352223572609,2,"cpufreq",844800.000000
813352223573025,3,"cpufreq",844800.000000
813352223573286,4,"cpufreq",844800.000000
813352228208286,2,"cpufreq",1075200.000000
813352228212036,3,"cpufreq",1075200.000000
813352228215004,4,"cpufreq",1075200.000000
813352228236671,7,"cpufreq",1708800.000000
813352236227296,2,"cpufreq",844800.000000
813352236230681,3,"cpufreq",844800.000000
813352236233702,4,"cpufreq",844800.000000
813352236253702,7,"cpufreq",902400.000000
813352243474067,0,"cpufreq",672000.000000
813352243478494,1,"cpufreq",672000.000000
813352243504171,2,"cpufreq",614400.000000
813352243508650,3,"cpufreq",614400.000000
813352243512140,4,"cpufreq",614400.000000
813352243535109,7,"cpufreq",672000.000000
813352330620994,5,"cpufreq",614400.000000
813352330622296,6,"cpufreq",614400.000000
813352331510942,5,"cpufreq",499200.000000
813352331512244,6,"cpufreq",499200.000000
813352336638650,5,"cpufreq",729600.000000
813352336639900,6,"cpufreq",729600.000000
813352336755369,0,"cpufreq",787200.000000
813352336756411,1,"cpufreq",787200.000000
813352336974796,0,"cpufreq",672000.000000
813352336978911,1,"cpufreq",672000.000000
813352337533806,5,"cpufreq",614400.000000
813352337538702,6,"cpufreq",614400.000000
813352337945265,0,"cpufreq",1248000.000000
813352337949015,1,"cpufreq",1248000.000000
813352339415213,0,"cpufreq",1017600.000000
813352339416931,1,"cpufreq",1017600.000000
813352339438233,5,"cpufreq",960000.000000
813352339439483,6,"cpufreq",960000.000000
813352340395577,5,"cpufreq",614400.000000
813352340396411,6,"cpufreq",614400.000000
813352340872921,5,"cpufreq",499200.000000
813352340875108,6,"cpufreq",499200.000000
813352341148702,0,"cpufreq",787200.000000
813352341149848,1,"cpufreq",787200.000000
813352341477817,0,"cpufreq",672000.000000
813352341479067,1,"cpufreq",672000.000000
813352343379431,0,"cpufreq",1689600.000000
813352343381983,1,"cpufreq",1689600.000000
813352343774223,0,"cpufreq",1344000.000000
813352343775265,1,"cpufreq",1344000.000000
813352343893442,0,"cpufreq",672000.000000
813352343894952,1,"cpufreq",672000.000000
813352344301358,2,"cpufreq",960000.000000
813352344303129,3,"cpufreq",960000.000000
813352344304171,4,"cpufreq",960000.000000
813352344598025,0,"cpufreq",1132800.000000
813352344602036,1,"cpufreq",1132800.000000
813352345185838,0,"cpufreq",1689600.000000
813352345188546,1,"cpufreq",1689600.000000
813352346334171,2,"cpufreq",614400.000000
813352346335421,3,"cpufreq",614400.000000
813352346336358,4,"cpufreq",614400.000000
813352346342817,5,"cpufreq",844800.000000
813352346344067,6,"cpufreq",844800.000000
813352346415786,0,"cpufreq",1132800.000000
813352346417556,1,"cpufreq",1132800.000000
813352346471879,0,"cpufreq",1804800.000000
813352346475108,1,"cpufreq",1804800.000000
813352346533494,5,"cpufreq",499200.000000
813352346535004,6,"cpufreq",499200.000000
813352346702608,0,"cpufreq",1344000.000000
813352346704275,1,"cpufreq",1344000.000000
813352346712452,5,"cpufreq",729600.000000
813352346713442,6,"cpufreq",729600.000000
813352346825369,5,"cpufreq",499200.000000
813352346827088,6,"cpufreq",499200.000000
813352347312921,0,"cpufreq",1804800.000000
813352347315004,1,"cpufreq",1804800.000000
813352347667556,0,"cpufreq",1459200.000000
813352347668598,1,"cpufreq",1459200.000000
813352348236463,0,"cpufreq",1248000.000000
813352348238233,1,"cpufreq",1248000.000000
813352348245473,5,"cpufreq",614400.000000
813352348246306,6,"cpufreq",614400.000000
813352348560733,5,"cpufreq",729600.000000
813352348561931,6,"cpufreq",729600.000000
813352348831827,5,"cpufreq",1075200.000000
813352348833025,6,"cpufreq",1075200.000000
813352349126931,0,"cpufreq",902400.000000
813352349127765,1,"cpufreq",902400.000000
813352349139275,5,"cpufreq",1190400.000000
813352349140056,6,"cpufreq",1190400.000000
813352350166983,0,"cpufreq",1017600.000000
813352350169796,1,"cpufreq",1017600.000000
813352350346879,0,"cpufreq",1132800.000000
813352350349379,1,"cpufreq",1132800.000000
813352350358233,5,"cpufreq",1075200.000000
813352350360890,6,"cpufreq",1075200.000000
813352350756619,0,"cpufreq",1344000.000000
813352350758233,1,"cpufreq",1344000.000000
813352350764431,5,"cpufreq",614400.000000
813352350766046,6,"cpufreq",614400.000000
813352351035733,0,"cpufreq",1132800.000000
813352351037713,1,"cpufreq",1132800.000000
813352351047608,5,"cpufreq",1075200.000000
813352351048911,6,"cpufreq",1075200.000000
813352354132869,0,"cpufreq",1804800.000000
813352354135681,1,"cpufreq",1804800.000000
813352354142869,5,"cpufreq",614400.000000
813352354145056,6,"cpufreq",614400.000000
813352354304536,0,"cpufreq",1689600.000000
813352354305681,1,"cpufreq",1689600.000000
813352354315213,5,"cpufreq",729600.000000
813352354315994,6,"cpufreq",729600.000000
813352354901202,5,"cpufreq",1190400.000000
813352354902973,6,"cpufreq",1190400.000000
813352354948911,0,"cpufreq",1017600.000000
813352354950213,1,"cpufreq",1017600.000000
813352355430108,0,"cpufreq",672000.000000
813352355431202,1,"cpufreq",672000.000000
813352356527504,0,"cpufreq",1689600.000000
813352356533754,1,"cpufreq",1689600.000000
813352356549223,5,"cpufreq",960000.000000
813352356552817,6,"cpufreq",960000.000000
813352356655265,0,"cpufreq",1344000.000000
813352356656879,1,"cpufreq",1344000.000000
813352356661046,5,"cpufreq",729600.000000
813352356663286,6,"cpufreq",729600.000000
813352356715942,5,"cpufreq",1190400.000000
813352356717296,6,"cpufreq",1190400.000000
813352356769796,0,"cpufreq",672000.000000
813352356770577,1,"cpufreq",672000.000000
813352358185525,0,"cpufreq",1689600.000000
813352358188181,1,"cpufreq",1689600.000000
813352358198963,5,"cpufreq",960000.000000
813352358201983,6,"cpufreq",960000.000000
813352358302036,0,"cpufreq",1248000.000000
813352358303077,1,"cpufreq",1248000.000000
813352358307452,5,"cpufreq",729600.000000
813352358308390,6,"cpufreq",729600.000000
813352358399223,5,"cpufreq",1190400.000000
813352358400421,6,"cpufreq",1190400.000000
813352358443077,0,"cpufreq",672000.000000
813352358443754,1,"cpufreq",672000.000000
813352358807973,0,"cpufreq",902400.000000
813352358812244,1,"cpufreq",902400.000000
813352358825421,5,"cpufreq",844800.000000
813352358828963,6,"cpufreq",844800.000000
813352359343858,0,"cpufreq",1804800.000000
813352359347296,1,"cpufreq",1804800.000000
813352359405056,5,"cpufreq",499200.000000
813352359408233,6,"cpufreq",499200.000000
813352368255265,0,"cpufreq",1344000.000000
813352368256723,1,"cpufreq",1344000.000000
813352369034483,0,"cpufreq",1804800.000000
813352369035994,1,"cpufreq",1804800.000000
813352371613286,0,"cpufreq",1248000.000000
813352371614223,1,"cpufreq",1248000.000000
813352376549692,0,"cpufreq",1344000.000000
813352376551931,1,"cpufreq",1344000.000000
813352379318494,0,"cpufreq",672000.000000
813352379319952,1,"cpufreq",672000.000000
813352379331254,5,"cpufreq",844800.000000
813352379332765,6,"cpufreq",844800.000000
813352379541150,0,"cpufreq",1574400.000000
813352379543911,1,"cpufreq",1574400.000000
813352379744015,5,"cpufreq",499200.000000
813352379745994,6,"cpufreq",499200.000000
813352380476411,5,"cpufreq",844800.000000
813352380478129,6,"cpufreq",844800.000000
813352385744119,5,"cpufreq",960000.000000
813352385745629,6,"cpufreq",960000.000000
813352386065629,5,"cpufreq",499200.000000
813352386067088,6,"cpufreq",499200.000000
813352387839536,0,"cpufreq",1017600.000000
813352387841046,1,"cpufreq",1017600.000000
813352387862244,5,"cpufreq",614400.000000
813352387864171,6,"cpufreq",614400.000000
813352388333286,5,"cpufreq",729600.000000
813352388334536,6,"cpufreq",729600.000000
813352388429536,5,"cpufreq",614400.000000
813352388430473,6,"cpufreq",614400.000000
813352396039952,0,"cpufreq",902400.000000
813352396042608,1,"cpufreq",902400.000000
813352396069379,5,"cpufreq",499200.000000
813352396072921,6,"cpufreq",499200.000000
813352407470525,0,"cpufreq",1132800.000000
813352407472296,1,"cpufreq",1132800.000000
813352407583129,0,"cpufreq",1689600.000000
813352407584796,1,"cpufreq",1689600.000000
813352407872296,0,"cpufreq",902400.000000
813352407874119,1,"cpufreq",902400.000000
813352408565890,0,"cpufreq",1344000.000000
813352408567504,1,"cpufreq",1344000.000000
813352408828025,0,"cpufreq",1459200.000000
813352408830317,1,"cpufreq",1459200.000000
813352408973598,0,"cpufreq",902400.000000
813352408974796,1,"cpufreq",902400.000000
813352409393390,0,"cpufreq",1017600.000000
813352409395108,1,"cpufreq",1017600.000000
813352409909431,0,"cpufreq",902400.000000
813352409910786,1,"cpufreq",902400.000000
813352410907244,0,"cpufreq",1132800.000000
813352410910317,1,"cpufreq",1132800.000000
813352411457817,0,"cpufreq",1344000.000000
813352411460577,1,"cpufreq",1344000.000000
813352411469536,5,"cpufreq",614400.000000
813352411472296,6,"cpufreq",614400.000000
813352413228598,0,"cpufreq",1804800.000000
813352413230213,1,"cpufreq",1804800.000000
813352413491254,0,"cpufreq",1344000.000000
813352413493702,1,"cpufreq",1344000.000000
813352416204900,0,"cpufreq",1689600.000000
813352416206515,1,"cpufreq",1689600.000000
813352419846723,0,"cpufreq",1804800.000000
813352419847765,1,"cpufreq",1804800.000000
813352419869067,5,"cpufreq",499200.000000
813352419870421,6,"cpufreq",499200.000000
813352428352817,0,"cpufreq",672000.000000
813352428354015,1,"cpufreq",672000.000000
813352428367608,2,"cpufreq",2707200.000000
813352428368494,3,"cpufreq",2707200.000000
813352428369223,4,"cpufreq",2707200.000000
813352444282869,0,"cpufreq",1804800.000000
813352444286046,1,"cpufreq",1804800.000000
813352444305733,2,"cpufreq",844800.000000
813352444308286,3,"cpufreq",844800.000000
813352444311254,4,"cpufreq",844800.000000
813352444338858,7,"cpufreq",902400.000000
813352444435421,0,"cpufreq",787200.000000
813352444437140,1,"cpufreq",787200.000000
813352448249067,0,"cpufreq",902400.000000
813352448253546,1,"cpufreq",902400.000000
813352451521150,0,"cpufreq",1344000.000000
813352451525056,1,"cpufreq",1344000.000000
813352451543806,2,"cpufreq",614400.000000
813352451546463,3,"cpufreq",614400.000000
813352451549171,4,"cpufreq",614400.000000
813352451572608,7,"cpufreq",672000.000000
813352452393650,0,"cpufreq",1017600.000000
813352452395838,1,"cpufreq",1017600.000000
813352452505577,0,"cpufreq",902400.000000
813352452508077,1,"cpufreq",902400.000000
813352460222140,0,"cpufreq",787200.000000
813352460225629,1,"cpufreq",787200.000000
813352460747765,0,"cpufreq",902400.000000
813352460751463,1,"cpufreq",902400.000000
813352468157817,0,"cpufreq",672000.000000
813352468161046,1,"cpufreq",672000.000000
813352504319483,0,"cpufreq",787200.000000
813352504323806,1,"cpufreq",787200.000000
813352504501879,0,"cpufreq",672000.000000
813352504503494,1,"cpufreq",672000.000000
813352506568181,0,"cpufreq",1017600.000000
813352506571150,1,"cpufreq",1017600.000000
813352507841775,0,"cpufreq",672000.000000
813352507844640,1,"cpufreq",672000.000000
813352541618233,0,"cpufreq",902400.000000
813352541622452,1,"cpufreq",902400.000000
813352543230838,0,"cpufreq",672000.000000
813352543235785,1,"cpufreq",672000.000000
813352545277244,5,"cpufreq",614400.000000
813352545278546,6,"cpufreq",614400.000000
813352546897973,5,"cpufreq",499200.000000
813352546901046,6,"cpufreq",499200.000000
813352547236827,0,"cpufreq",1132800.000000
813352547239900,1,"cpufreq",1132800.000000
813352547662504,0,"cpufreq",1344000.000000
813352547664588,1,"cpufreq",1344000.000000
813352547994796,0,"cpufreq",1017600.000000
813352547996098,1,"cpufreq",1017600.000000
813352548324900,0,"cpufreq",1344000.000000
813352548325942,1,"cpufreq",1344000.000000
813352548620108,0,"cpufreq",1017600.000000
813352548621202,1,"cpufreq",1017600.000000
813352548906202,0,"cpufreq",1132800.000000
813352548908077,1,"cpufreq",1132800.000000
813352549178650,0,"cpufreq",1344000.000000
813352549181202,1,"cpufreq",1344000.000000
813352549190056,5,"cpufreq",614400.000000
813352549192713,6,"cpufreq",614400.000000
813352550214119,0,"cpufreq",1132800.000000
813352550215577,1,"cpufreq",1132800.000000
813352550225785,5,"cpufreq",844800.000000
813352550227296,6,"cpufreq",844800.000000
813352550473077,5,"cpufreq",729600.000000
813352550474431,6,"cpufreq",729600.000000
813352553265785,0,"cpufreq",1344000.000000
813352553271046,1,"cpufreq",1344000.000000
813352553282348,5,"cpufreq",499200.000000
813352553285213,6,"cpufreq",499200.000000
813352553610056,5,"cpufreq",844800.000000
813352553611306,6,"cpufreq",844800.000000
813352555438650,0,"cpufreq",672000.000000
813352555439588,1,"cpufreq",672000.000000
813352555452296,5,"cpufreq",729600.000000
813352555453546,6,"cpufreq",729600.000000
813352564034171,5,"cpufreq",499200.000000
813352564035213,6,"cpufreq",499200.000000
813352602174015,0,"cpufreq",1017600.000000
813352602176983,1,"cpufreq",1017600.000000
813352604437660,0,"cpufreq",672000.000000
813352604439275,1,"cpufreq",672000.000000
813352604851619,0,"cpufreq",1017600.000000
813352604854796,1,"cpufreq",1017600.000000
813352605104275,0,"cpufreq",672000.000000
813352605105942,1,"cpufreq",672000.000000
813352605665265,0,"cpufreq",1132800.000000
813352605668129,1,"cpufreq",1132800.000000
813352606347869,0,"cpufreq",1248000.000000
813352606350525,1,"cpufreq",1248000.000000
813352606701671,0,"cpufreq",672000.000000
813352606703338,1,"cpufreq",672000.000000
813352610929744,2,"cpufreq",729600.000000
813352610931567,3,"cpufreq",729600.000000
813352610932608,4,"cpufreq",729600.000000
813352611455577,0,"cpufreq",1344000.000000
813352611457035,1,"cpufreq",1344000.000000
813352611471150,2,"cpufreq",844800.000000
813352611472088,3,"cpufreq",844800.000000
813352611472765,4,"cpufreq",844800.000000
813352611490265,7,"cpufreq",902400.000000
813352619755108,0,"cpufreq",787200.000000
813352619756202,1,"cpufreq",787200.000000
813352627485994,0,"cpufreq",672000.000000
813352627489483,1,"cpufreq",672000.000000
813352627520838,2,"cpufreq",614400.000000
813352627523858,3,"cpufreq",614400.000000
813352627526254,4,"cpufreq",614400.000000
813352627577504,7,"cpufreq",672000.000000
813352656499692,0,"cpufreq",787200.000000
813352656501879,1,"cpufreq",787200.000000
813352656747504,0,"cpufreq",1132800.000000
813352656750004,1,"cpufreq",1132800.000000
813352657367504,0,"cpufreq",1344000.000000
813352657369379,1,"cpufreq",1344000.000000
813352657556983,5,"cpufreq",960000.000000
813352657558546,6,"cpufreq",960000.000000
813352658036775,0,"cpufreq",1804800.000000
813352658038077,1,"cpufreq",1804800.000000
813352658586254,2,"cpufreq",1497600.000000
813352658588077,3,"cpufreq",1497600.000000
813352658588963,4,"cpufreq",1497600.000000
813352658672921,5,"cpufreq",1190400.000000
813352658674171,6,"cpufreq",1190400.000000
813352658855317,2,"cpufreq",1190400.000000
813352658856098,3,"cpufreq",1190400.000000
813352658856671,4,"cpufreq",1190400.000000
813352659481515,2,"cpufreq",614400.000000
813352659482452,3,"cpufreq",614400.000000
813352659483025,4,"cpufreq",614400.000000
813352661463910,0,"cpufreq",672000.000000
813352661465108,1,"cpufreq",672000.000000
813352661478858,5,"cpufreq",960000.000000
813352661482556,6,"cpufreq",960000.000000
813352668242035,5,"cpufreq",499200.000000
813352668247035,6,"cpufreq",499200.000000
813352668432192,0,"cpufreq",787200.000000
813352668436515,1,"cpufreq",787200.000000
813352675781098,0,"cpufreq",672000.000000
813352675783338,1,"cpufreq",672000.000000
813352695919588,0,"cpufreq",787200.000000
813352695922348,1,"cpufreq",787200.000000
813352700207608,0,"cpufreq",672000.000000
813352700211306,1,"cpufreq",672000.000000
813352708389015,0,"cpufreq",902400.000000
813352708392921,1,"cpufreq",902400.000000
813352716845577,0,"cpufreq",672000.000000
813352716848598,1,"cpufreq",672000.000000
813352731486254,0,"cpufreq",1804800.000000
813352731488962,1,"cpufreq",1804800.000000
813352733662921,0,"cpufreq",672000.000000
813352733664744,1,"cpufreq",672000.000000
813352740203129,0,"cpufreq",1017600.000000
813352740206931,1,"cpufreq",1017600.000000
813352748205004,0,"cpufreq",672000.000000
813352748207973,1,"cpufreq",672000.000000
813352802649587,0,"cpufreq",1132800.000000
813352802652556,1,"cpufreq",1132800.000000
813352803324431,0,"cpufreq",672000.000000
813352803326879,1,"cpufreq",672000.000000
813352806488077,5,"cpufreq",729600.000000
813352806490004,6,"cpufreq",729600.000000
813352807192087,5,"cpufreq",844800.000000
813352807194275,6,"cpufreq",844800.000000
813352807931931,5,"cpufreq",729600.000000
813352807935004,6,"cpufreq",729600.000000
813352808236150,5,"cpufreq",499200.000000
813352808239483,6,"cpufreq",499200.000000
813352808420108,0,"cpufreq",1344000.000000
813352808423858,1,"cpufreq",1344000.000000
813352809355265,0,"cpufreq",672000.000000
813352809357556,1,"cpufreq",672000.000000
813352809774692,0,"cpufreq",1459200.000000
813352809778598,1,"cpufreq",1459200.000000
813352810037765,0,"cpufreq",672000.000000
813352810040108,1,"cpufreq",672000.000000
813352811427296,0,"cpufreq",1344000.000000
813352811429067,1,"cpufreq",1344000.000000
813352811437035,5,"cpufreq",729600.000000
813352811438910,6,"cpufreq",729600.000000
813352812189067,0,"cpufreq",902400.000000
813352812190733,1,"cpufreq",902400.000000
813352812198806,5,"cpufreq",844800.000000
813352812200577,6,"cpufreq",844800.000000
813352812374744,5,"cpufreq",729600.000000
813352812375785,6,"cpufreq",729600.000000
813352820192817,0,"cpufreq",672000.000000
813352820196046,1,"cpufreq",672000.000000
813352820233650,5,"cpufreq",499200.000000
813352820237504,6,"cpufreq",499200.000000
813352838756046,0,"cpufreq",787200.000000
813352838758806,1,"cpufreq",787200.000000
813352842627973,0,"cpufreq",672000.000000
813352842630317,1,"cpufreq",672000.000000
813352892268598,2,"cpufreq",1612800.000000
813352892273598,3,"cpufreq",1612800.000000
813352892277087,4,"cpufreq",1612800.000000
813352899711931,2,"cpufreq",2323200.000000
813352899715629,3,"cpufreq",2323200.000000
813352899719067,4,"cpufreq",2323200.000000
813352902955890,2,"cpufreq",2707200.000000
813352902956254,3,"cpufreq",2707200.000000
813352902956567,4,"cpufreq",2707200.000000
813352924147244,5,"cpufreq",614400.000000
813352924150525,6,"cpufreq",614400.000000
813352932161358,5,"cpufreq",499200.000000
813352932162035,6,"cpufreq",499200.000000
813352948230056,2,"cpufreq",614400.000000
813352948234014,3,"cpufreq",614400.000000
813352948237973,4,"cpufreq",614400.000000
813353011585889,0,"cpufreq",1344000.000000
813353011589171,1,"cpufreq",1344000.000000
813353020264379,0,"cpufreq",672000.000000
813353020266150,1,"cpufreq",672000.000000
813353063243077,5,"cpufreq",614400.000000
813353063245785,6,"cpufreq",614400.000000
813353063996202,0,"cpufreq",1459200.000000
813353064000056,1,"cpufreq",1459200.000000
813353064242244,5,"cpufreq",499200.000000
813353064245681,6,"cpufreq",499200.000000
813353066958806,0,"cpufreq",672000.000000
813353066960889,1,"cpufreq",672000.000000
813353067317296,5,"cpufreq",614400.000000
813353067319952,6,"cpufreq",614400.000000
813353067509067,0,"cpufreq",787200.000000
813353067513129,1,"cpufreq",787200.000000
813353067525577,5,"cpufreq",499200.000000
813353067529275,6,"cpufreq",499200.000000
813353068362452,0,"cpufreq",672000.000000
813353068364587,1,"cpufreq",672000.000000
813353089225004,2,"cpufreq",2707200.000000
813353089227400,3,"cpufreq",2707200.000000
813353089228337,4,"cpufreq",2707200.000000
813353091961619,2,"cpufreq",960000.000000
813353091962192,3,"cpufreq",960000.000000
813353091962504,4,"cpufreq",960000.000000
813353091969796,5,"cpufreq",614400.000000
813353091970421,6,"cpufreq",614400.000000
813353096253754,5,"cpufreq",499200.000000
813353096255994,6,"cpufreq",499200.000000
813353100279952,2,"cpufreq",614400.000000
813353100284483,3,"cpufreq",614400.000000
813353100288025,4,"cpufreq",614400.000000
813353104356619,0,"cpufreq",787200.000000
813353104360681,1,"cpufreq",787200.000000
813353105700837,0,"cpufreq",672000.000000
813353105703337,1,"cpufreq",672000.000000
813353107529900,0,"cpufreq",787200.000000
813353107533858,1,"cpufreq",787200.000000
813353117268962,0,"cpufreq",672000.000000
813353117270629,1,"cpufreq",672000.000000
813353208373962,0,"cpufreq",1248000.000000
813353208377869,1,"cpufreq",1248000.000000
813353208863129,0,"cpufreq",672000.000000
813353208865577,1,"cpufreq",672000.000000
813353208878806,5,"cpufreq",614400.000000
813353208880837,6,"cpufreq",614400.000000
813353209232556,5,"cpufreq",499200.000000
813353209234431,6,"cpufreq",499200.000000
813353316288910,0,"cpufreq",787200.000000
813353316291150,1,"cpufreq",787200.000000
813353316510785,0,"cpufreq",902400.000000
813353316513337,1,"cpufreq",902400.000000
813353316652504,0,"cpufreq",787200.000000
813353316656254,1,"cpufreq",787200.000000
813353317464483,2,"cpufreq",729600.000000
813353317465941,3,"cpufreq",729600.000000
813353317467035,4,"cpufreq",729600.000000
813353317538389,2,"cpufreq",960000.000000
813353317539327,3,"cpufreq",960000.000000
813353317540108,4,"cpufreq",960000.000000
813353317784119,2,"cpufreq",1708800.000000
813353317784848,3,"cpufreq",1708800.000000
813353317785473,4,"cpufreq",1708800.000000
813353317925473,0,"cpufreq",1248000.000000
813353317928858,1,"cpufreq",1248000.000000
813353317952244,2,"cpufreq",2035200.000000
813353317956046,3,"cpufreq",2035200.000000
813353317959014,4,"cpufreq",2035200.000000
813353318021827,2,"cpufreq",2438400.000000
813353318023754,3,"cpufreq",2438400.000000
813353318024119,4,"cpufreq",2438400.000000
813353318065525,2,"cpufreq",2707200.000000
813353318065889,3,"cpufreq",2707200.000000
813353318066150,4,"cpufreq",2707200.000000
813353318106410,0,"cpufreq",672000.000000
813353318106723,1,"cpufreq",672000.000000
813353318333702,0,"cpufreq",902400.000000
813353318337764,1,"cpufreq",902400.000000
813353318584379,0,"cpufreq",672000.000000
813353318586671,1,"cpufreq",672000.000000
813353318880160,5,"cpufreq",729600.000000
813353318881983,6,"cpufreq",729600.000000
813353320006514,0,"cpufreq",902400.000000
813353320006879,1,"cpufreq",902400.000000
813353320409744,0,"cpufreq",1017600.000000
813353320410994,1,"cpufreq",1017600.000000
813353320855316,5,"cpufreq",499200.000000
813353320856931,6,"cpufreq",499200.000000
813353321860108,2,"cpufreq",614400.000000
813353321861723,3,"cpufreq",614400.000000
813353321862869,4,"cpufreq",614400.000000
813353321872035,5,"cpufreq",729600.000000
813353321873233,6,"cpufreq",729600.000000
813353322184431,5,"cpufreq",844800.000000
813353322185733,6,"cpufreq",844800.000000
813353322455421,5,"cpufreq",729600.000000
813353322457504,6,"cpufreq",729600.000000
813353323410108,0,"cpufreq",902400.000000
813353323411827,1,"cpufreq",902400.000000
813353323420056,5,"cpufreq",1075200.000000
813353323420994,6,"cpufreq",1075200.000000
813353323501202,2,"cpufreq",2035200.000000
813353323504119,3,"cpufreq",2035200.000000
813353323507087,4,"cpufreq",2035200.000000
813353323802244,5,"cpufreq",2515200.000000
813353323803337,6,"cpufreq",2515200.000000
813353323841410,2,"cpufreq",2515200.000000
813353323842244,3,"cpufreq",2515200.000000
813353323842764,4,"cpufreq",2515200.000000
813353323945160,0,"cpufreq",672000.000000
813353323947191,1,"cpufreq",672000.000000
813353323971931,2,"cpufreq",2438400.000000
813353323974379,3,"cpufreq",2438400.000000
813353323978077,4,"cpufreq",2438400.000000
813353323994848,5,"cpufreq",2438400.000000
813353323997296,6,"cpufreq",2438400.000000
813353324222660,0,"cpufreq",787200.000000
813353324225212,1,"cpufreq",787200.000000
813353324418337,0,"cpufreq",1017600.000000
813353324420473,1,"cpufreq",1017600.000000
813353324541566,0,"cpufreq",1344000.000000
813353324544014,1,"cpufreq",1344000.000000
813353324760369,0,"cpufreq",672000.000000
813353324760994,1,"cpufreq",672000.000000
813353324766566,2,"cpufreq",2035200.000000
813353324766931,3,"cpufreq",2035200.000000
813353324767139,4,"cpufreq",2035200.000000
813353324771723,5,"cpufreq",2035200.000000
813353324772191,6,"cpufreq",2035200.000000
813353324902608,0,"cpufreq",787200.000000
813353324905369,1,"cpufreq",787200.000000
813353325013129,0,"cpufreq",672000.000000
813353325013598,1,"cpufreq",672000.000000
813353332239744,2,"cpufreq",960000.000000
813353332244014,3,"cpufreq",960000.000000
813353332247452,4,"cpufreq",960000.000000
813353332266462,5,"cpufreq",960000.000000
813353332270421,6,"cpufreq",960000.000000
813353339524014,2,"cpufreq",614400.000000
813353339528962,3,"cpufreq",614400.000000
813353339532921,4,"cpufreq",614400.000000
813353339549848,5,"cpufreq",499200.000000
813353339553858,6,"cpufreq",499200.000000
813353405114223,0,"cpufreq",787200.000000
813353405119535,1,"cpufreq",787200.000000
813353406368962,0,"cpufreq",902400.000000
813353406371410,1,"cpufreq",902400.000000
813353407825421,0,"cpufreq",672000.000000
813353407827139,1,"cpufreq",672000.000000
813353408135577,0,"cpufreq",902400.000000
813353408138441,1,"cpufreq",902400.000000
813353408477296,0,"cpufreq",1132800.000000
813353408480316,1,"cpufreq",1132800.000000
813353411498181,0,"cpufreq",1344000.000000
813353411499691,1,"cpufreq",1344000.000000
813353412118806,5,"cpufreq",614400.000000
813353412121671,6,"cpufreq",614400.000000
813353412454587,2,"cpufreq",844800.000000
813353412455733,3,"cpufreq",844800.000000
813353412456566,4,"cpufreq",844800.000000
813353412465941,5,"cpufreq",844800.000000
813353412466931,6,"cpufreq",844800.000000
813353412595368,0,"cpufreq",1248000.000000
813353412597660,1,"cpufreq",1248000.000000
813353412612556,2,"cpufreq",614400.000000
813353412614483,3,"cpufreq",614400.000000
813353412616358,4,"cpufreq",614400.000000
813353412629118,5,"cpufreq",499200.000000
813353412631046,6,"cpufreq",499200.000000
813353412732608,0,"cpufreq",1459200.000000
813353412734743,1,"cpufreq",1459200.000000
813353413171046,0,"cpufreq",1804800.000000
813353413172816,1,"cpufreq",1804800.000000
813353413221723,2,"cpufreq",2707200.000000
813353413223702,3,"cpufreq",2707200.000000
813353413224848,4,"cpufreq",2707200.000000
813353419697712,0,"cpufreq",672000.000000
813353419699171,1,"cpufreq",672000.000000
813353419708754,2,"cpufreq",614400.000000
813353419710108,3,"cpufreq",614400.000000
813353419711410,4,"cpufreq",614400.000000
813353431695421,0,"cpufreq",902400.000000
813353431698233,1,"cpufreq",902400.000000
813353435746566,0,"cpufreq",672000.000000
813353435749796,1,"cpufreq",672000.000000
813353601134535,0,"cpufreq",787200.000000
813353601139275,1,"cpufreq",787200.000000
813353603556775,0,"cpufreq",672000.000000
813353603560108,1,"cpufreq",672000.000000
813353606463493,0,"cpufreq",902400.000000
813353606467087,1,"cpufreq",902400.000000
813353607244639,0,"cpufreq",672000.000000
813353607247087,1,"cpufreq",672000.000000
813353611448077,0,"cpufreq",1344000.000000
813353611450733,1,"cpufreq",1344000.000000
813353612295733,0,"cpufreq",787200.000000
813353612297400,1,"cpufreq",787200.000000
813353612552764,0,"cpufreq",672000.000000
813353612555056,1,"cpufreq",672000.000000
813353703719431,0,"cpufreq",787200.000000
813353703723337,1,"cpufreq",787200.000000
813353707907920,0,"cpufreq",672000.000000
813353707911045,1,"cpufreq",672000.000000
813353808498389,0,"cpufreq",787200.000000
813353808502400,1,"cpufreq",787200.000000
813353808715004,0,"cpufreq",672000.000000
813353808716879,1,"cpufreq",672000.000000
813353890862139,0,"cpufreq",787200.000000
813353890867452,1,"cpufreq",787200.000000
813353891459170,0,"cpufreq",672000.000000
813353891462400,1,"cpufreq",672000.000000
813353904939847,0,"cpufreq",1017600.000000
813353904944431,1,"cpufreq",1017600.000000
813353908234222,0,"cpufreq",672000.000000
813353908236931,1,"cpufreq",672000.000000
813353915449587,0,"cpufreq",902400.000000
813353915454587,1,"cpufreq",902400.000000
813353917048441,0,"cpufreq",787200.000000
813353917050472,1,"cpufreq",787200.000000
813353917302087,5,"cpufreq",614400.000000
813353917304743,6,"cpufreq",614400.000000
813353917666097,5,"cpufreq",499200.000000
813353917668650,6,"cpufreq",499200.000000
813353917749639,5,"cpufreq",729600.000000
813353917752400,6,"cpufreq",729600.000000
813353918425785,5,"cpufreq",499200.000000
813353918426879,6,"cpufreq",499200.000000
813353919711306,5,"cpufreq",614400.000000
813353919713233,6,"cpufreq",614400.000000
813353920285733,0,"cpufreq",1459200.000000
813353920288910,1,"cpufreq",1459200.000000
813353920733910,0,"cpufreq",902400.000000
813353920735733,1,"cpufreq",902400.000000
813353920742608,5,"cpufreq",499200.000000
813353920744847,6,"cpufreq",499200.000000
813353920912295,0,"cpufreq",672000.000000
813353920914222,1,"cpufreq",672000.000000
813353921052712,5,"cpufreq",614400.000000
813353921055108,6,"cpufreq",614400.000000
813353921299847,5,"cpufreq",499200.000000
813353921301202,6,"cpufreq",499200.000000
813353923104170,5,"cpufreq",729600.000000
813353923106983,6,"cpufreq",729600.000000
813353923452243,0,"cpufreq",902400.000000
813353923454847,1,"cpufreq",902400.000000
813353923464535,5,"cpufreq",614400.000000
813353923467035,6,"cpufreq",614400.000000
813353923781566,0,"cpufreq",787200.000000
813353923782816,1,"cpufreq",787200.000000
813353923792191,5,"cpufreq",960000.000000
813353923793702,6,"cpufreq",960000.000000
813353923942452,5,"cpufreq",1190400.000000
813353923943545,6,"cpufreq",1190400.000000
813353931744900,0,"cpufreq",672000.000000
813353931748389,1,"cpufreq",672000.000000
813353931770837,5,"cpufreq",499200.000000
813353931774275,6,"cpufreq",499200.000000
813353963008962,0,"cpufreq",1132800.000000
813353963010681,1,"cpufreq",1132800.000000
813353969030577,0,"cpufreq",672000.000000
813353969032920,1,"cpufreq",672000.000000
813353972383597,0,"cpufreq",1017600.000000
813353972387816,1,"cpufreq",1017600.000000
813353980195316,0,"cpufreq",672000.000000
813353980198650,1,"cpufreq",672000.000000
813354010953337,0,"cpufreq",1248000.000000
813354010956566,1,"cpufreq",1248000.000000
813354011257608,0,"cpufreq",672000.000000
813354011259795,1,"cpufreq",672000.000000
813354011901514,5,"cpufreq",614400.000000
813354011903702,6,"cpufreq",614400.000000
813354012301983,5,"cpufreq",499200.000000
813354012303545,6,"cpufreq",499200.000000
813354014559170,0,"cpufreq",1132800.000000
813354014563545,1,"cpufreq",1132800.000000
813354020390004,0,"cpufreq",787200.000000
813354020392764,1,"cpufreq",787200.000000
813354032603024,0,"cpufreq",672000.000000
813354032606410,1,"cpufreq",672000.000000
813354088413858,0,"cpufreq",902400.000000
813354088417868,1,"cpufreq",902400.000000
813354097254847,0,"cpufreq",672000.000000
813354097257399,1,"cpufreq",672000.000000
813354115494327,0,"cpufreq",787200.000000
813354115498441,1,"cpufreq",787200.000000
813354116050837,0,"cpufreq",672000.000000
813354116053910,1,"cpufreq",672000.000000
813354204672035,5,"cpufreq",614400.000000
813354204677035,6,"cpufreq",614400.000000
813354207244431,5,"cpufreq",499200.000000
813354207249327,6,"cpufreq",499200.000000
813354209222087,0,"cpufreq",787200.000000
813354209225941,1,"cpufreq",787200.000000
813354210323024,0,"cpufreq",1132800.000000
813354210327660,1,"cpufreq",1132800.000000
813354211777608,0,"cpufreq",672000.000000
813354211780420,1,"cpufreq",672000.000000
813354212453702,5,"cpufreq",729600.000000
813354212455524,6,"cpufreq",729600.000000
813354212670056,5,"cpufreq",499200.000000
813354212674327,6,"cpufreq",499200.000000
813354212784535,0,"cpufreq",787200.000000
813354212788858,1,"cpufreq",787200.000000
813354212959118,0,"cpufreq",672000.000000
813354212961410,1,"cpufreq",672000.000000
813354213284483,0,"cpufreq",787200.000000
813354213286670,1,"cpufreq",787200.000000
813354213707035,0,"cpufreq",1132800.000000
813354213709431,1,"cpufreq",1132800.000000
813354214019587,0,"cpufreq",787200.000000
813354214021045,1,"cpufreq",787200.000000
813354214878649,0,"cpufreq",1132800.000000
813354214880889,1,"cpufreq",1132800.000000
813354215129587,0,"cpufreq",787200.000000
813354215133545,1,"cpufreq",787200.000000
813354215491149,0,"cpufreq",672000.000000
813354215493597,1,"cpufreq",672000.000000
813354215502868,5,"cpufreq",614400.000000
813354215504327,6,"cpufreq",614400.000000
813354215747920,0,"cpufreq",787200.000000
813354215750524,1,"cpufreq",787200.000000
813354215763285,5,"cpufreq",499200.000000
813354215765785,6,"cpufreq",499200.000000
813354216411514,0,"cpufreq",1132800.000000
813354216413181,1,"cpufreq",1132800.000000
813354216568389,0,"cpufreq",787200.000000
813354216570681,1,"cpufreq",787200.000000
813354216737712,0,"cpufreq",672000.000000
813354216739327,1,"cpufreq",672000.000000
813354216746254,5,"cpufreq",729600.000000
813354216747920,6,"cpufreq",729600.000000
813354216823389,5,"cpufreq",499200.000000
813354216825212,6,"cpufreq",499200.000000
813354219911410,0,"cpufreq",787200.000000
813354219914014,1,"cpufreq",787200.000000
813354219935056,2,"cpufreq",1286400.000000
813354219937868,3,"cpufreq",1286400.000000
813354219940212,4,"cpufreq",1286400.000000
813354219966306,7,"cpufreq",902400.000000
813354227969379,2,"cpufreq",2707200.000000
813354227972660,3,"cpufreq",2707200.000000
813354227975993,4,"cpufreq",2707200.000000
813354236209066,0,"cpufreq",672000.000000
813354236212399,1,"cpufreq",672000.000000
813354236235264,2,"cpufreq",2572800.000000
813354236238806,3,"cpufreq",2572800.000000
813354236242295,4,"cpufreq",2572800.000000
813354236261045,7,"cpufreq",672000.000000
813354244201983,2,"cpufreq",614400.000000
813354244205993,3,"cpufreq",614400.000000
813354244210316,4,"cpufreq",614400.000000
813354300295316,0,"cpufreq",1804800.000000
813354300297243,1,"cpufreq",1804800.000000
813354308235681,0,"cpufreq",1459200.000000
813354308238389,1,"cpufreq",1459200.000000
813354317141566,0,"cpufreq",672000.000000
813354317143389,1,"cpufreq",672000.000000
813354329982191,0,"cpufreq",787200.000000
813354329986358,1,"cpufreq",787200.000000
813354330839066,0,"cpufreq",672000.000000
813354330840993,1,"cpufreq",672000.000000
813354340289587,2,"cpufreq",1190400.000000
813354340291254,3,"cpufreq",1190400.000000
813354340292556,4,"cpufreq",1190400.000000
813354348803754,2,"cpufreq",1075200.000000
813354348804587,3,"cpufreq",1075200.000000
813354348805108,4,"cpufreq",1075200.000000
813354355514639,2,"cpufreq",614400.000000
813354355517556,3,"cpufreq",614400.000000
813354355519899,4,"cpufreq",614400.000000
813354403367608,0,"cpufreq",1017600.000000
813354403372608,1,"cpufreq",1017600.000000
813354403591045,0,"cpufreq",672000.000000
813354403593910,1,"cpufreq",672000.000000
813354406177504,0,"cpufreq",787200.000000
813354406180264,1,"cpufreq",787200.000000
813354407126306,0,"cpufreq",902400.000000
813354407129587,1,"cpufreq",902400.000000
813354408775785,0,"cpufreq",672000.000000
813354408777972,1,"cpufreq",672000.000000
813354409998545,2,"cpufreq",2707200.000000
813354410000056,3,"cpufreq",2707200.000000
813354410001254,4,"cpufreq",2707200.000000
813354410509795,0,"cpufreq",787200.000000
813354410513910,1,"cpufreq",787200.000000
813354410595941,0,"cpufreq",902400.000000
813354410599431,1,"cpufreq",902400.000000
813354410781462,0,"cpufreq",672000.000000
813354410783962,1,"cpufreq",672000.000000
813354411446462,0,"cpufreq",787200.000000
813354411450889,1,"cpufreq",787200.000000
813354411469274,2,"cpufreq",614400.000000
813354411473024,3,"cpufreq",614400.000000
813354411476462,4,"cpufreq",614400.000000
813354419492868,0,"cpufreq",672000.000000
813354419495472,1,"cpufreq",672000.000000
813354419517295,2,"cpufreq",1612800.000000
813354419519691,3,"cpufreq",1612800.000000
813354419522035,4,"cpufreq",1612800.000000
813354423582972,2,"cpufreq",2707200.000000
813354423583649,3,"cpufreq",2707200.000000
813354423584118,4,"cpufreq",2707200.000000
813354428006201,2,"cpufreq",2630400.000000
813354428010576,3,"cpufreq",2630400.000000
813354428014222,4,"cpufreq",2630400.000000
813354436008024,2,"cpufreq",2707200.000000
813354436011879,3,"cpufreq",2707200.000000
813354436015368,4,"cpufreq",2707200.000000
813354444312556,0,"cpufreq",787200.000000
813354444319274,1,"cpufreq",787200.000000
813354444342764,2,"cpufreq",2131200.000000
813354444349483,3,"cpufreq",2131200.000000
813354444353649,4,"cpufreq",2131200.000000
813354444382347,7,"cpufreq",902400.000000
813354452240889,2,"cpufreq",844800.000000
813354452244535,3,"cpufreq",844800.000000
813354452247556,4,"cpufreq",844800.000000
813354460224535,0,"cpufreq",672000.000000
813354460228181,1,"cpufreq",672000.000000
813354460258076,2,"cpufreq",614400.000000
813354460261983,3,"cpufreq",614400.000000
813354460265472,4,"cpufreq",614400.000000
813354460297660,7,"cpufreq",672000.000000
813354507554274,0,"cpufreq",787200.000000
813354507559431,1,"cpufreq",787200.000000
813354508278962,0,"cpufreq",902400.000000
813354508282712,1,"cpufreq",902400.000000
813354517321670,0,"cpufreq",672000.000000
813354517324483,1,"cpufreq",672000.000000
813354534241931,5,"cpufreq",614400.000000
813354534244066,6,"cpufreq",614400.000000
813354535777972,0,"cpufreq",902400.000000
813354535779899,1,"cpufreq",902400.000000
813354535882399,0,"cpufreq",787200.000000
813354535885108,1,"cpufreq",787200.000000
813354535895108,5,"cpufreq",499200.000000
813354535896410,6,"cpufreq",499200.000000
813354536737764,0,"cpufreq",902400.000000
813354536740472,1,"cpufreq",902400.000000
813354537903493,0,"cpufreq",787200.000000
813354537907139,1,"cpufreq",787200.000000
813354538013181,0,"cpufreq",1459200.000000
813354538015472,1,"cpufreq",1459200.000000
813354538742764,0,"cpufreq",1132800.000000
813354538744743,1,"cpufreq",1132800.000000
813354538939066,5,"cpufreq",614400.000000
813354538940941,6,"cpufreq",614400.000000
813354539045628,0,"cpufreq",787200.000000
813354539046566,1,"cpufreq",787200.000000
813354539360837,5,"cpufreq",499200.000000
813354539363441,6,"cpufreq",499200.000000
813354539414014,0,"cpufreq",1574400.000000
813354539417556,1,"cpufreq",1574400.000000
813354539495837,0,"cpufreq",1804800.000000
813354539498858,1,"cpufreq",1804800.000000
813354539517087,5,"cpufreq",729600.000000
813354539518597,6,"cpufreq",729600.000000
813354539967868,0,"cpufreq",1248000.000000
813354539968962,1,"cpufreq",1248000.000000
813354539974639,5,"cpufreq",499200.000000
813354539975628,6,"cpufreq",499200.000000
813354540222972,0,"cpufreq",1344000.000000
813354540225472,1,"cpufreq",1344000.000000
813354540447451,5,"cpufreq",960000.000000
813354540449326,6,"cpufreq",960000.000000
813354541200212,0,"cpufreq",1804800.000000
813354541201722,1,"cpufreq",1804800.000000
813354541245524,5,"cpufreq",499200.000000
813354541246774,6,"cpufreq",499200.000000
813354541638545,5,"cpufreq",614400.000000
813354541641149,6,"cpufreq",614400.000000
813354541880368,0,"cpufreq",1017600.000000
813354541881878,1,"cpufreq",1017600.000000
813354541889326,5,"cpufreq",1075200.000000
813354541890837,6,"cpufreq",1075200.000000
813354542279378,5,"cpufreq",960000.000000
813354542280628,6,"cpufreq",960000.000000
813354544184118,0,"cpufreq",1344000.000000
813354544185524,1,"cpufreq",1344000.000000
813354548195993,0,"cpufreq",672000.000000
813354548198181,1,"cpufreq",672000.000000
813354548221618,5,"cpufreq",614400.000000
813354548226566,6,"cpufreq",614400.000000
813354554089118,0,"cpufreq",787200.000000
813354554093753,1,"cpufreq",787200.000000
813354554114951,5,"cpufreq",499200.000000
813354554119743,6,"cpufreq",499200.000000
813354556280108,0,"cpufreq",672000.000000
813354556283597,1,"cpufreq",672000.000000
813354563755733,0,"cpufreq",902400.000000
813354563757764,1,"cpufreq",902400.000000
813354563807191,0,"cpufreq",1344000.000000
813354563808962,1,"cpufreq",1344000.000000
813354565898910,0,"cpufreq",1017600.000000
813354565900420,1,"cpufreq",1017600.000000
813354566098285,0,"cpufreq",1344000.000000
813354566100160,1,"cpufreq",1344000.000000
813354566423389,0,"cpufreq",1017600.000000
813354566425108,1,"cpufreq",1017600.000000
813354566588493,5,"cpufreq",729600.000000
813354566590576,6,"cpufreq",729600.000000
813354566644378,0,"cpufreq",787200.000000
813354566645368,1,"cpufreq",787200.000000
813354566650993,5,"cpufreq",844800.000000
813354566651774,6,"cpufreq",844800.000000
813354567134639,0,"cpufreq",1017600.000000
813354567137035,1,"cpufreq",1017600.000000
813354567147920,5,"cpufreq",614400.000000
813354567150420,6,"cpufreq",614400.000000
813354568028753,0,"cpufreq",672000.000000
813354568030003,1,"cpufreq",672000.000000
813354568036670,5,"cpufreq",729600.000000
813354568037764,6,"cpufreq",729600.000000
813354568872608,5,"cpufreq",844800.000000
813354568873858,6,"cpufreq",844800.000000
813354569760368,5,"cpufreq",499200.000000
813354569763493,6,"cpufreq",499200.000000
813354570003806,5,"cpufreq",614400.000000
813354570006931,6,"cpufreq",614400.000000
813354570085160,0,"cpufreq",902400.000000
813354570086774,1,"cpufreq",902400.000000
813354570192347,5,"cpufreq",499200.000000
813354570193858,6,"cpufreq",499200.000000
813354570348545,0,"cpufreq",672000.000000
813354570350524,1,"cpufreq",672000.000000
813354571450264,0,"cpufreq",1344000.000000
813354571454587,1,"cpufreq",1344000.000000
813354571478024,5,"cpufreq",844800.000000
813354571481566,6,"cpufreq",844800.000000
813354571568910,0,"cpufreq",902400.000000
813354571570941,1,"cpufreq",902400.000000
813354571577660,5,"cpufreq",1075200.000000
813354571579535,6,"cpufreq",1075200.000000
813354572731306,5,"cpufreq",844800.000000
813354572734431,6,"cpufreq",844800.000000
813354573804066,5,"cpufreq",729600.000000
813354573807139,6,"cpufreq",729600.000000
813354574154483,5,"cpufreq",844800.000000
813354574156358,6,"cpufreq",844800.000000
813354574549222,0,"cpufreq",1017600.000000
813354574552243,1,"cpufreq",1017600.000000
813354574807295,0,"cpufreq",787200.000000
813354574809066,1,"cpufreq",787200.000000
813354576637451,5,"cpufreq",729600.000000
813354576639847,6,"cpufreq",729600.000000
813354580206097,0,"cpufreq",1459200.000000
813354580211826,1,"cpufreq",1459200.000000
813354580233389,5,"cpufreq",499200.000000
813354580236670,6,"cpufreq",499200.000000
813354585611983,5,"cpufreq",960000.000000
813354585613962,6,"cpufreq",960000.000000
813354586198597,5,"cpufreq",499200.000000
813354586200264,6,"cpufreq",499200.000000
813354587509899,0,"cpufreq",672000.000000
813354587511722,1,"cpufreq",672000.000000
813354587607816,5,"cpufreq",614400.000000
813354587609795,6,"cpufreq",614400.000000
813354588238545,0,"cpufreq",1017600.000000
813354588242295,1,"cpufreq",1017600.000000
813354588618024,0,"cpufreq",672000.000000
813354588620003,1,"cpufreq",672000.000000
813354588629274,5,"cpufreq",844800.000000
813354588630316,6,"cpufreq",844800.000000
813354595753337,5,"cpufreq",499200.000000
813354595754274,6,"cpufreq",499200.000000
813354605442556,2,"cpufreq",2515200.000000
813354605444535,3,"cpufreq",2515200.000000
813354605445733,4,"cpufreq",2515200.000000
813354607146149,0,"cpufreq",787200.000000
813354607150160,1,"cpufreq",787200.000000
813354607334431,0,"cpufreq",672000.000000
813354607338128,1,"cpufreq",672000.000000
813354608408858,5,"cpufreq",614400.000000
813354608410576,6,"cpufreq",614400.000000
813354609663649,5,"cpufreq",499200.000000
813354609666826,6,"cpufreq",499200.000000
813354610821878,5,"cpufreq",614400.000000
813354610823753,6,"cpufreq",614400.000000
813354611521358,2,"cpufreq",614400.000000
813354611524639,3,"cpufreq",614400.000000
813354611526931,4,"cpufreq",614400.000000
813354611541045,5,"cpufreq",844800.000000
813354611544326,6,"cpufreq",844800.000000
813354611945576,0,"cpufreq",1132800.000000
813354611946514,1,"cpufreq",1132800.000000
813354612004274,0,"cpufreq",672000.000000
813354612005472,1,"cpufreq",672000.000000
813354612338701,0,"cpufreq",787200.000000
813354612339847,1,"cpufreq",787200.000000
813354612598962,0,"cpufreq",672000.000000
813354612600212,1,"cpufreq",672000.000000
813354613200108,0,"cpufreq",1132800.000000
813354613203962,1,"cpufreq",1132800.000000
813354613359795,0,"cpufreq",672000.000000
813354613361358,1,"cpufreq",672000.000000
813354614140941,0,"cpufreq",1017600.000000
813354614144847,1,"cpufreq",1017600.000000
813354614464170,0,"cpufreq",787200.000000
813354614465681,1,"cpufreq",787200.000000
813354615012712,0,"cpufreq",1248000.000000
813354615017191,1,"cpufreq",1248000.000000
813354616132191,0,"cpufreq",787200.000000
813354616133806,1,"cpufreq",787200.000000
813354616385993,0,"cpufreq",672000.000000
813354616387087,1,"cpufreq",672000.000000
813354616394170,5,"cpufreq",960000.000000
813354616395212,6,"cpufreq",960000.000000
813354616577712,0,"cpufreq",787200.000000
813354616579118,1,"cpufreq",787200.000000
813354616586670,5,"cpufreq",844800.000000
813354616587295,6,"cpufreq",844800.000000
813354616833285,5,"cpufreq",960000.000000
813354616834431,6,"cpufreq",960000.000000
813354617567087,0,"cpufreq",1248000.000000
813354617571670,1,"cpufreq",1248000.000000
813354617653441,5,"cpufreq",844800.000000
813354617656149,6,"cpufreq",844800.000000
813354618046566,0,"cpufreq",787200.000000
813354618048024,1,"cpufreq",787200.000000
813354618612920,0,"cpufreq",672000.000000
813354618613910,1,"cpufreq",672000.000000
813354618620160,5,"cpufreq",960000.000000
813354618621566,6,"cpufreq",960000.000000
813354619967816,0,"cpufreq",902400.000000
813354619972295,1,"cpufreq",902400.000000
813354619995108,2,"cpufreq",844800.000000
813354619998962,3,"cpufreq",844800.000000
813354620003233,4,"cpufreq",844800.000000
813354620028597,7,"cpufreq",902400.000000
813354623019743,0,"cpufreq",1248000.000000
813354623022660,1,"cpufreq",1248000.000000
813354623034743,5,"cpufreq",614400.000000
813354623037816,6,"cpufreq",614400.000000
813354623635420,0,"cpufreq",1344000.000000
813354623637764,1,"cpufreq",1344000.000000
813354628191618,0,"cpufreq",672000.000000
813354628193649,1,"cpufreq",672000.000000
813354628205316,2,"cpufreq",614400.000000
813354628208545,3,"cpufreq",614400.000000
813354628210420,4,"cpufreq",614400.000000
813354628225368,5,"cpufreq",499200.000000
813354628229378,6,"cpufreq",499200.000000
813354628245264,7,"cpufreq",672000.000000
813354643594118,0,"cpufreq",787200.000000
813354643598337,1,"cpufreq",787200.000000
813354643623806,2,"cpufreq",844800.000000
813354643627399,3,"cpufreq",844800.000000
813354643630837,4,"cpufreq",844800.000000
813354643656722,7,"cpufreq",902400.000000
813354668286253,0,"cpufreq",672000.000000
813354668288701,1,"cpufreq",672000.000000
813354668308389,2,"cpufreq",614400.000000
813354668310837,3,"cpufreq",614400.000000
813354668313128,4,"cpufreq",614400.000000
813354668339535,7,"cpufreq",672000.000000
813354703552920,5,"cpufreq",614400.000000
813354703555576,6,"cpufreq",614400.000000
813354704428649,5,"cpufreq",499200.000000
813354704430003,6,"cpufreq",499200.000000
813354705005524,0,"cpufreq",787200.000000
813354705009951,1,"cpufreq",787200.000000
813354707562660,0,"cpufreq",672000.000000
813354707566253,1,"cpufreq",672000.000000
813354708754326,0,"cpufreq",787200.000000
813354708755941,1,"cpufreq",787200.000000
813354708920837,0,"cpufreq",672000.000000
813354708923024,1,"cpufreq",672000.000000
813354803504951,0,"cpufreq",787200.000000
813354803510003,1,"cpufreq",787200.000000
813354808606097,0,"cpufreq",1344000.000000
813354808608285,1,"cpufreq",1344000.000000
813354809255576,0,"cpufreq",1459200.000000
813354809257920,1,"cpufreq",1459200.000000
813354809760576,0,"cpufreq",1344000.000000
813354809762608,1,"cpufreq",1344000.000000
813354811426618,0,"cpufreq",672000.000000
813354811429118,1,"cpufreq",672000.000000
813355008271357,0,"cpufreq",1248000.000000
813355008275368,1,"cpufreq",1248000.000000
813355009752191,0,"cpufreq",672000.000000
813355009754639,1,"cpufreq",672000.000000
813355011788805,0,"cpufreq",787200.000000
813355011793128,1,"cpufreq",787200.000000
813355020205524,0,"cpufreq",672000.000000
813355020210160,1,"cpufreq",672000.000000
813355076208805,0,"cpufreq",1344000.000000
813355076212555,1,"cpufreq",1344000.000000
813355076456670,0,"cpufreq",1017600.000000
813355076458337,1,"cpufreq",1017600.000000
813355076562920,0,"cpufreq",902400.000000
813355076565160,1,"cpufreq",902400.000000
813355076980785,0,"cpufreq",1344000.000000
813355076982868,1,"cpufreq",1344000.000000
813355077703441,0,"cpufreq",1248000.000000
813355077706253,1,"cpufreq",1248000.000000
813355080222087,0,"cpufreq",1344000.000000
813355080223649,1,"cpufreq",1344000.000000
813355080744639,0,"cpufreq",672000.000000
813355080746878,1,"cpufreq",672000.000000
813355080760472,5,"cpufreq",614400.000000
813355080762607,6,"cpufreq",614400.000000
813355081026774,5,"cpufreq",499200.000000
813355081029691,6,"cpufreq",499200.000000
813355084198805,5,"cpufreq",614400.000000
813355084201462,6,"cpufreq",614400.000000
813355096988701,5,"cpufreq",499200.000000
813355096990107,6,"cpufreq",499200.000000
813355185067034,0,"cpufreq",787200.000000
813355185069847,1,"cpufreq",787200.000000
813355186041045,0,"cpufreq",672000.000000
813355186043337,1,"cpufreq",672000.000000
813355195814170,0,"cpufreq",787200.000000
813355195816878,1,"cpufreq",787200.000000
813355200811097,5,"cpufreq",729600.000000
813355200814639,6,"cpufreq",729600.000000
813355201118909,5,"cpufreq",499200.000000
813355201120524,6,"cpufreq",499200.000000
813355203532451,0,"cpufreq",1344000.000000
813355203535837,1,"cpufreq",1344000.000000
813355204255212,0,"cpufreq",1017600.000000
813355204256618,1,"cpufreq",1017600.000000
813355212179326,0,"cpufreq",787200.000000
813355212181305,1,"cpufreq",787200.000000
813355219889222,0,"cpufreq",672000.000000
813355219891357,1,"cpufreq",672000.000000
813355243036722,5,"cpufreq",614400.000000
813355243039639,6,"cpufreq",614400.000000
813355243474951,5,"cpufreq",499200.000000
813355243476982,6,"cpufreq",499200.000000
813355244398232,5,"cpufreq",729600.000000
813355244400368,6,"cpufreq",729600.000000
813355245186357,5,"cpufreq",499200.000000
813355245188232,6,"cpufreq",499200.000000
813355249818024,0,"cpufreq",787200.000000
813355249820732,1,"cpufreq",787200.000000
813355250169326,0,"cpufreq",1248000.000000
813355250171670,1,"cpufreq",1248000.000000
813355250769326,0,"cpufreq",902400.000000
813355250770837,1,"cpufreq",902400.000000
813355251082972,0,"cpufreq",672000.000000
813355251084899,1,"cpufreq",672000.000000
813355251492712,0,"cpufreq",1459200.000000
813355251494378,1,"cpufreq",1459200.000000
813355254256878,5,"cpufreq",1190400.000000
813355254258701,6,"cpufreq",1190400.000000
813355254490264,2,"cpufreq",1190400.000000
813355254491045,3,"cpufreq",1190400.000000
813355254491826,4,"cpufreq",1190400.000000
813355254754795,5,"cpufreq",499200.000000
813355254755993,6,"cpufreq",499200.000000
813355254982087,5,"cpufreq",960000.000000
813355254984014,6,"cpufreq",960000.000000
813355255092347,5,"cpufreq",729600.000000
813355255094326,6,"cpufreq",729600.000000
813355255216462,2,"cpufreq",2707200.000000
813355255217555,3,"cpufreq",2707200.000000
813355255218232,4,"cpufreq",2707200.000000
813355255273597,5,"cpufreq",499200.000000
813355255274847,6,"cpufreq",499200.000000
813355255668128,5,"cpufreq",614400.000000
813355255671774,6,"cpufreq",614400.000000
813355255747295,2,"cpufreq",614400.000000
813355255748545,3,"cpufreq",614400.000000
813355255749378,4,"cpufreq",614400.000000
813355255757034,5,"cpufreq",960000.000000
813355255758284,6,"cpufreq",960000.000000
813355255902659,5,"cpufreq",729600.000000
813355255904534,6,"cpufreq",729600.000000
813355256128805,5,"cpufreq",960000.000000
813355256130159,6,"cpufreq",960000.000000
813355256413649,0,"cpufreq",1248000.000000
813355256414587,1,"cpufreq",1248000.000000
813355256419430,5,"cpufreq",729600.000000
813355256420837,6,"cpufreq",729600.000000
813355256722920,2,"cpufreq",2707200.000000
813355256724430,3,"cpufreq",2707200.000000
813355256725316,4,"cpufreq",2707200.000000
813355256854639,5,"cpufreq",499200.000000
813355256855941,6,"cpufreq",499200.000000
813355257430420,2,"cpufreq",614400.000000
813355257432087,3,"cpufreq",614400.000000
813355257435003,4,"cpufreq",614400.000000
813355257445524,5,"cpufreq",614400.000000
813355257447087,6,"cpufreq",614400.000000
813355259424014,0,"cpufreq",1132800.000000
813355259426462,1,"cpufreq",1132800.000000
813355259447451,5,"cpufreq",844800.000000
813355259450055,6,"cpufreq",844800.000000
813355265840837,0,"cpufreq",1459200.000000
813355265843545,1,"cpufreq",1459200.000000
813355266136670,0,"cpufreq",1017600.000000
813355266138597,1,"cpufreq",1017600.000000
813355267400628,0,"cpufreq",1459200.000000
813355267403076,1,"cpufreq",1459200.000000
813355267412868,5,"cpufreq",499200.000000
813355267415524,6,"cpufreq",499200.000000
813355276191201,0,"cpufreq",672000.000000
813355276193284,1,"cpufreq",672000.000000
813355292312712,5,"cpufreq",729600.000000
813355292315107,6,"cpufreq",729600.000000
813355292487139,5,"cpufreq",499200.000000
813355292491670,6,"cpufreq",499200.000000
813355307599639,0,"cpufreq",1344000.000000
813355307604899,1,"cpufreq",1344000.000000
813355308256930,0,"cpufreq",1132800.000000
813355308259534,1,"cpufreq",1132800.000000
813355308455368,0,"cpufreq",1344000.000000
813355308456878,1,"cpufreq",1344000.000000
813355308668180,0,"cpufreq",1017600.000000
813355308670837,1,"cpufreq",1017600.000000
813355312222243,0,"cpufreq",1344000.000000
813355312223701,1,"cpufreq",1344000.000000
813355315456253,0,"cpufreq",672000.000000
813355315458597,1,"cpufreq",672000.000000
813355387893284,0,"cpufreq",787200.000000
813355387897139,1,"cpufreq",787200.000000
813355389010941,0,"cpufreq",672000.000000
813355389012711,1,"cpufreq",672000.000000
813355389332816,5,"cpufreq",844800.000000
813355389334691,6,"cpufreq",844800.000000
813355389693389,5,"cpufreq",614400.000000
813355389696201,6,"cpufreq",614400.000000
813355390992086,5,"cpufreq",729600.000000
813355390993753,6,"cpufreq",729600.000000
813355391087347,0,"cpufreq",902400.000000
813355391091305,1,"cpufreq",902400.000000
813355391164639,5,"cpufreq",499200.000000
813355391168076,6,"cpufreq",499200.000000
813355391965628,0,"cpufreq",672000.000000
813355391968076,1,"cpufreq",672000.000000
813355395408753,0,"cpufreq",1459200.000000
813355395411618,1,"cpufreq",1459200.000000
813355395462451,0,"cpufreq",1574400.000000
813355395464795,1,"cpufreq",1574400.000000
813355395577347,0,"cpufreq",1804800.000000
813355395578545,1,"cpufreq",1804800.000000
813355396272295,2,"cpufreq",1708800.000000
813355396273284,3,"cpufreq",1708800.000000
813355396274170,4,"cpufreq",1708800.000000
813355396862451,5,"cpufreq",729600.000000
813355396864170,6,"cpufreq",729600.000000
813355397216305,2,"cpufreq",1497600.000000
813355397217243,3,"cpufreq",1497600.000000
813355397217711,4,"cpufreq",1497600.000000
813355397474170,5,"cpufreq",1190400.000000
813355397475732,6,"cpufreq",1190400.000000
813355397588128,0,"cpufreq",1574400.000000
813355397589639,1,"cpufreq",1574400.000000
813355397595576,5,"cpufreq",729600.000000
813355397596253,6,"cpufreq",729600.000000
813355397841409,0,"cpufreq",787200.000000
813355397841982,1,"cpufreq",787200.000000
813355397956409,5,"cpufreq",499200.000000
813355397958284,6,"cpufreq",499200.000000
813355398164378,5,"cpufreq",614400.000000
813355398166826,6,"cpufreq",614400.000000
813355398229066,5,"cpufreq",1190400.000000
813355398230680,6,"cpufreq",1190400.000000
813355400217607,2,"cpufreq",2035200.000000
813355400218701,3,"cpufreq",2035200.000000
813355400219118,4,"cpufreq",2035200.000000
813355400251982,0,"cpufreq",672000.000000
813355400253076,1,"cpufreq",672000.000000
813355400259899,5,"cpufreq",499200.000000
813355400260628,6,"cpufreq",499200.000000
813355403335732,0,"cpufreq",787200.000000
813355403338597,1,"cpufreq",787200.000000
813355404320003,0,"cpufreq",1017600.000000
813355404322555,1,"cpufreq",1017600.000000
813355404344170,2,"cpufreq",960000.000000
813355404346149,3,"cpufreq",960000.000000
813355404348232,4,"cpufreq",960000.000000
813355406501045,0,"cpufreq",902400.000000
813355406502868,1,"cpufreq",902400.000000
813355408365420,0,"cpufreq",1017600.000000
813355408367086,1,"cpufreq",1017600.000000
813355411449274,0,"cpufreq",1459200.000000
813355411451774,1,"cpufreq",1459200.000000
813355411467086,2,"cpufreq",614400.000000
813355411469430,3,"cpufreq",614400.000000
813355411471722,4,"cpufreq",614400.000000
813355411730003,0,"cpufreq",1248000.000000
813355411732243,1,"cpufreq",1248000.000000
813355412063857,0,"cpufreq",1344000.000000
813355412065368,1,"cpufreq",1344000.000000
813355412368389,5,"cpufreq",614400.000000
813355412370420,6,"cpufreq",614400.000000
813355412761774,5,"cpufreq",499200.000000
813355412763180,6,"cpufreq",499200.000000
813355413068024,0,"cpufreq",1248000.000000
813355413069378,1,"cpufreq",1248000.000000
813355413157191,5,"cpufreq",614400.000000
813355413158753,6,"cpufreq",614400.000000
813355416217191,0,"cpufreq",1344000.000000
813355416218753,1,"cpufreq",1344000.000000
813355416770576,0,"cpufreq",1248000.000000
813355416771982,1,"cpufreq",1248000.000000
813355417476566,0,"cpufreq",1459200.000000
813355417478961,1,"cpufreq",1459200.000000
813355417489326,5,"cpufreq",499200.000000
813355417491618,6,"cpufreq",499200.000000
813355428148024,0,"cpufreq",902400.000000
813355428149482,1,"cpufreq",902400.000000
813355435495628,0,"cpufreq",787200.000000
813355435497451,1,"cpufreq",787200.000000
813355436614326,0,"cpufreq",672000.000000
813355436617295,1,"cpufreq",672000.000000
813355594164795,5,"cpufreq",729600.000000
813355594166461,6,"cpufreq",729600.000000
813355595698024,5,"cpufreq",1190400.000000
813355595700941,6,"cpufreq",1190400.000000
813355597260576,0,"cpufreq",1017600.000000
813355597261357,1,"cpufreq",1017600.000000
813355597497138,5,"cpufreq",729600.000000
813355597498649,6,"cpufreq",729600.000000
813355598277086,0,"cpufreq",1344000.000000
813355598278232,1,"cpufreq",1344000.000000
813355598445941,0,"cpufreq",902400.000000
813355598447138,1,"cpufreq",902400.000000
813355598675368,0,"cpufreq",1344000.000000
813355598678336,1,"cpufreq",1344000.000000
813355601934170,0,"cpufreq",1017600.000000
813355601936201,1,"cpufreq",1017600.000000
813355603468753,0,"cpufreq",787200.000000
813355603471618,1,"cpufreq",787200.000000
813355603494013,5,"cpufreq",844800.000000
813355603497555,6,"cpufreq",844800.000000
813355611480263,0,"cpufreq",1344000.000000
813355611484638,1,"cpufreq",1344000.000000
813355611507555,5,"cpufreq",499200.000000
813355611510941,6,"cpufreq",499200.000000
813355612323232,0,"cpufreq",787200.000000
813355612325368,1,"cpufreq",787200.000000
813355613023545,0,"cpufreq",672000.000000
813355613025159,1,"cpufreq",672000.000000
813355613032763,5,"cpufreq",729600.000000
813355613034066,6,"cpufreq",729600.000000
813355613263597,0,"cpufreq",902400.000000
813355613267451,1,"cpufreq",902400.000000
813355613281045,5,"cpufreq",499200.000000
813355613285159,6,"cpufreq",499200.000000
813355613447711,0,"cpufreq",1344000.000000
813355613450316,1,"cpufreq",1344000.000000
813355613907191,0,"cpufreq",1132800.000000
813355613909013,1,"cpufreq",1132800.000000
813355616257191,0,"cpufreq",1344000.000000
813355616259326,1,"cpufreq",1344000.000000
813355619428284,0,"cpufreq",672000.000000
813355619430368,1,"cpufreq",672000.000000
813355785159899,0,"cpufreq",787200.000000
813355785163909,1,"cpufreq",787200.000000
813355785188284,2,"cpufreq",844800.000000
813355785193388,3,"cpufreq",844800.000000
813355785196930,4,"cpufreq",844800.000000
813355785226670,7,"cpufreq",902400.000000
813355789519065,0,"cpufreq",672000.000000
813355789520420,1,"cpufreq",672000.000000
813355789533180,2,"cpufreq",614400.000000
813355789534951,3,"cpufreq",614400.000000
813355789536201,4,"cpufreq",614400.000000
813355789549951,7,"cpufreq",672000.000000
813355809103857,0,"cpufreq",787200.000000
813355809108024,1,"cpufreq",787200.000000
813355809895263,0,"cpufreq",902400.000000
813355809897920,1,"cpufreq",902400.000000
813355811482243,0,"cpufreq",672000.000000
813355811484534,1,"cpufreq",672000.000000
813355902296253,0,"cpufreq",787200.000000
813355902300211,1,"cpufreq",787200.000000
813355914110055,0,"cpufreq",672000.000000
813355914112034,1,"cpufreq",672000.000000
813355929932763,5,"cpufreq",729600.000000
813355929934378,6,"cpufreq",729600.000000
813355931784795,5,"cpufreq",499200.000000
813355931786253,6,"cpufreq",499200.000000
813355932052659,0,"cpufreq",902400.000000
813355932054743,1,"cpufreq",902400.000000
813355933479899,0,"cpufreq",1248000.000000
813355933481930,1,"cpufreq",1248000.000000
813355933500003,5,"cpufreq",729600.000000
813355933501513,6,"cpufreq",729600.000000
813355934111774,0,"cpufreq",672000.000000
813355934113440,1,"cpufreq",672000.000000
813355934120576,5,"cpufreq",499200.000000
813355934121409,6,"cpufreq",499200.000000
813355935470524,0,"cpufreq",1017600.000000
813355935473440,1,"cpufreq",1017600.000000
813355936291722,0,"cpufreq",672000.000000
813355936293493,1,"cpufreq",672000.000000
813355936370628,0,"cpufreq",1804800.000000
813355936378440,1,"cpufreq",1804800.000000
813355937880055,0,"cpufreq",1017600.000000
813355937882034,1,"cpufreq",1017600.000000
813355937893388,5,"cpufreq",614400.000000
813355937894795,6,"cpufreq",614400.000000
813355938440315,0,"cpufreq",1248000.000000
813355938442034,1,"cpufreq",1248000.000000
813355938501826,0,"cpufreq",1804800.000000
813355938504013,1,"cpufreq",1804800.000000
813355938736409,2,"cpufreq",1920000.000000
813355938737659,3,"cpufreq",1920000.000000
813355938738597,4,"cpufreq",1920000.000000
813355938761253,0,"cpufreq",1248000.000000
813355938763545,1,"cpufreq",1248000.000000
813355938773440,5,"cpufreq",499200.000000
813355938774690,6,"cpufreq",499200.000000
813355938824222,0,"cpufreq",1689600.000000
813355938825784,1,"cpufreq",1689600.000000
813355938936982,0,"cpufreq",1804800.000000
813355938938961,1,"cpufreq",1804800.000000
813355939460159,5,"cpufreq",844800.000000
813355939461878,6,"cpufreq",844800.000000
813355940001461,2,"cpufreq",614400.000000
813355940002295,3,"cpufreq",614400.000000
813355940002659,4,"cpufreq",614400.000000
813355941488493,0,"cpufreq",1344000.000000
813355941489690,1,"cpufreq",1344000.000000
813355941496565,5,"cpufreq",1075200.000000
813355941497763,6,"cpufreq",1075200.000000
813355942196565,5,"cpufreq",844800.000000
813355942197711,6,"cpufreq",844800.000000
813355948150315,0,"cpufreq",1804800.000000
813355948151253,1,"cpufreq",1804800.000000
813355948161774,2,"cpufreq",844800.000000
813355948162607,3,"cpufreq",844800.000000
813355948163284,4,"cpufreq",844800.000000
813355948168545,5,"cpufreq",499200.000000
813355948169222,6,"cpufreq",499200.000000
813355948175836,7,"cpufreq",902400.000000
813355955893805,0,"cpufreq",787200.000000
813355955895524,1,"cpufreq",787200.000000
813355955924378,2,"cpufreq",614400.000000
813355955929274,3,"cpufreq",614400.000000
813355955935784,4,"cpufreq",614400.000000
813355955969378,7,"cpufreq",672000.000000
813355956338909,0,"cpufreq",902400.000000
813355956341305,1,"cpufreq",902400.000000
813355963570628,0,"cpufreq",672000.000000
813355963573753,1,"cpufreq",672000.000000
813355965667086,0,"cpufreq",902400.000000
813355965671201,1,"cpufreq",902400.000000
813355966206774,0,"cpufreq",787200.000000
813355966209482,1,"cpufreq",787200.000000
813355966778284,0,"cpufreq",672000.000000
813355966779743,1,"cpufreq",672000.000000
813355966788180,5,"cpufreq",614400.000000
813355966789690,6,"cpufreq",614400.000000
813355969263076,0,"cpufreq",787200.000000
813355969265784,1,"cpufreq",787200.000000
813355969280940,5,"cpufreq",499200.000000
813355969283857,6,"cpufreq",499200.000000
813355969574326,0,"cpufreq",1248000.000000
813355969576461,1,"cpufreq",1248000.000000
813355970891253,0,"cpufreq",672000.000000
813355970892607,1,"cpufreq",672000.000000
813355971630836,0,"cpufreq",1459200.000000
813355971633388,1,"cpufreq",1459200.000000
813355980187711,0,"cpufreq",672000.000000
813355980189690,1,"cpufreq",672000.000000
813355989310420,5,"cpufreq",614400.000000
813355989312659,6,"cpufreq",614400.000000
813355991375940,5,"cpufreq",499200.000000
813355991380003,6,"cpufreq",499200.000000
813356011526930,0,"cpufreq",1344000.000000
813356011529795,1,"cpufreq",1344000.000000
813356019518545,0,"cpufreq",672000.000000
813356019520940,1,"cpufreq",672000.000000
813356122917607,0,"cpufreq",902400.000000
813356122921722,1,"cpufreq",902400.000000
813356124664430,0,"cpufreq",672000.000000
813356124667659,1,"cpufreq",672000.000000
813356332234638,0,"cpufreq",1344000.000000
813356332239274,1,"cpufreq",1344000.000000
813356334277919,0,"cpufreq",902400.000000
813356334279638,1,"cpufreq",902400.000000
813356339470055,0,"cpufreq",787200.000000
813356339472034,1,"cpufreq",787200.000000
813356348188440,0,"cpufreq",672000.000000
813356348194638,1,"cpufreq",672000.000000
813356420327451,0,"cpufreq",787200.000000
813356420331722,1,"cpufreq",787200.000000
813356431249117,0,"cpufreq",672000.000000
813356431251565,1,"cpufreq",672000.000000
813356544179899,5,"cpufreq",729600.000000
813356544182607,6,"cpufreq",729600.000000
813356544519430,5,"cpufreq",844800.000000
813356544520836,6,"cpufreq",844800.000000
813356546714117,5,"cpufreq",499200.000000
813356546715055,6,"cpufreq",499200.000000
813356563507294,0,"cpufreq",1344000.000000
813356563511669,1,"cpufreq",1344000.000000
813356572187399,0,"cpufreq",672000.000000
813356572188857,1,"cpufreq",672000.000000
813356581413180,0,"cpufreq",787200.000000
813356581414846,1,"cpufreq",787200.000000
813356581548753,0,"cpufreq",672000.000000
813356581550107,1,"cpufreq",672000.000000
813356588196617,0,"cpufreq",1344000.000000
813356588199430,1,"cpufreq",1344000.000000
813356588223805,5,"cpufreq",729600.000000
813356588226878,6,"cpufreq",729600.000000
813356588578805,0,"cpufreq",1017600.000000
813356588580576,1,"cpufreq",1017600.000000
813356588837346,0,"cpufreq",1344000.000000
813356588840524,1,"cpufreq",1344000.000000
813356588851669,5,"cpufreq",499200.000000
813356588854378,6,"cpufreq",499200.000000
813356588966149,0,"cpufreq",1017600.000000
813356588967867,1,"cpufreq",1017600.000000
813356589297867,0,"cpufreq",1344000.000000
813356589300680,1,"cpufreq",1344000.000000
813356589437971,0,"cpufreq",1017600.000000
813356589440628,1,"cpufreq",1017600.000000
813356592237503,0,"cpufreq",1344000.000000
813356592238701,1,"cpufreq",1344000.000000
813356592431982,0,"cpufreq",1017600.000000
813356592433076,1,"cpufreq",1017600.000000
813356592439482,5,"cpufreq",614400.000000
813356592440628,6,"cpufreq",614400.000000
813356592712555,0,"cpufreq",1344000.000000
813356592715836,1,"cpufreq",1344000.000000
813356592726044,5,"cpufreq",499200.000000
813356592728492,6,"cpufreq",499200.000000
813356593383388,0,"cpufreq",1017600.000000
813356593385732,1,"cpufreq",1017600.000000
813356595551096,0,"cpufreq",1344000.000000
813356595552399,1,"cpufreq",1344000.000000
813356600340159,0,"cpufreq",1132800.000000
813356600341617,1,"cpufreq",1132800.000000
813356603509742,0,"cpufreq",1248000.000000
813356603512294,1,"cpufreq",1248000.000000
813356612242034,0,"cpufreq",1574400.000000
813356612243701,1,"cpufreq",1574400.000000
813356612349169,0,"cpufreq",1689600.000000
813356612350419,1,"cpufreq",1689600.000000
813356619774586,0,"cpufreq",672000.000000
813356619776253,1,"cpufreq",672000.000000
813356708242867,0,"cpufreq",1344000.000000
813356708247138,1,"cpufreq",1344000.000000
813356716972607,0,"cpufreq",672000.000000
813356716974117,1,"cpufreq",672000.000000
813356728213388,0,"cpufreq",787200.000000
813356728218180,1,"cpufreq",787200.000000
813356729986096,0,"cpufreq",672000.000000
813356729987659,1,"cpufreq",672000.000000
813356810182711,0,"cpufreq",902400.000000
813356810185523,1,"cpufreq",902400.000000
813356811779742,0,"cpufreq",672000.000000
813356811783336,1,"cpufreq",672000.000000
813356892238440,0,"cpufreq",787200.000000
813356892242711,1,"cpufreq",787200.000000
813356899432711,0,"cpufreq",1804800.000000
813356899434325,1,"cpufreq",1804800.000000
813356901229794,0,"cpufreq",1017600.000000
813356901231565,1,"cpufreq",1017600.000000
813356901538284,0,"cpufreq",1344000.000000
813356901540419,1,"cpufreq",1344000.000000
813356902896461,0,"cpufreq",1017600.000000
813356902898596,1,"cpufreq",1017600.000000
813356903443648,0,"cpufreq",1804800.000000
813356903445471,1,"cpufreq",1804800.000000
813356904018596,5,"cpufreq",960000.000000
813356904020159,6,"cpufreq",960000.000000
813356904097815,5,"cpufreq",1075200.000000
813356904098700,6,"cpufreq",1075200.000000
813356904239950,5,"cpufreq",729600.000000
813356904240732,6,"cpufreq",729600.000000
813356904819534,5,"cpufreq",499200.000000
813356904820575,6,"cpufreq",499200.000000
813356904986200,5,"cpufreq",1075200.000000
813356904988648,6,"cpufreq",1075200.000000
813356905067503,0,"cpufreq",1344000.000000
813356905068492,1,"cpufreq",1344000.000000
813356905075003,5,"cpufreq",499200.000000
813356905075940,6,"cpufreq",499200.000000
813356906166669,5,"cpufreq",614400.000000
813356906168596,6,"cpufreq",614400.000000
813356907523023,0,"cpufreq",1689600.000000
813356907525419,1,"cpufreq",1689600.000000
813356908314690,0,"cpufreq",1459200.000000
813356908316096,1,"cpufreq",1459200.000000
813356908542034,0,"cpufreq",1344000.000000
813356908543700,1,"cpufreq",1344000.000000
813356909579638,0,"cpufreq",1689600.000000
813356909581044,1,"cpufreq",1689600.000000
813356912335159,5,"cpufreq",729600.000000
813356912336461,6,"cpufreq",729600.000000
813356913656930,0,"cpufreq",1344000.000000
813356913658128,1,"cpufreq",1344000.000000
813356913665263,5,"cpufreq",960000.000000
813356913666253,6,"cpufreq",960000.000000
813356914102555,0,"cpufreq",1689600.000000
813356914103857,1,"cpufreq",1689600.000000
813356914111096,5,"cpufreq",1190400.000000
813356914112555,6,"cpufreq",1190400.000000
813356914406200,0,"cpufreq",1804800.000000
813356914407190,1,"cpufreq",1804800.000000
813356915419169,0,"cpufreq",1132800.000000
813356915420211,1,"cpufreq",1132800.000000
813356915970940,0,"cpufreq",1804800.000000
813356915972815,1,"cpufreq",1804800.000000
813356916397450,0,"cpufreq",1132800.000000
813356916398180,1,"cpufreq",1132800.000000
813356917666617,0,"cpufreq",1804800.000000
813356917668492,1,"cpufreq",1804800.000000
813356920782971,0,"cpufreq",1132800.000000
813356920783753,1,"cpufreq",1132800.000000
813356921177555,0,"cpufreq",1689600.000000
813356921178805,1,"cpufreq",1689600.000000
813356921899742,0,"cpufreq",1248000.000000
813356921900888,1,"cpufreq",1248000.000000
813356922033284,0,"cpufreq",1459200.000000
813356922035523,1,"cpufreq",1459200.000000
813356922336721,0,"cpufreq",1248000.000000
813356922337659,1,"cpufreq",1248000.000000
813356923854482,0,"cpufreq",1804800.000000
813356923856825,1,"cpufreq",1804800.000000
813356924347294,2,"cpufreq",2707200.000000
813356924348023,3,"cpufreq",2707200.000000
813356924348544,4,"cpufreq",2707200.000000
813356924354430,5,"cpufreq",960000.000000
813356924354950,6,"cpufreq",960000.000000
813356924414898,0,"cpufreq",787200.000000
813356924416617,1,"cpufreq",787200.000000
813356924422503,5,"cpufreq",1190400.000000
813356924423596,6,"cpufreq",1190400.000000
813356925024482,0,"cpufreq",902400.000000
813356925025315,1,"cpufreq",902400.000000
813356925380836,0,"cpufreq",1344000.000000
813356925383805,1,"cpufreq",1344000.000000
813356925395732,5,"cpufreq",1075200.000000
813356925398805,6,"cpufreq",1075200.000000
813356925496773,0,"cpufreq",1017600.000000
813356925497555,1,"cpufreq",1017600.000000
813356925567867,0,"cpufreq",787200.000000
813356925569013,1,"cpufreq",787200.000000
813356926290940,0,"cpufreq",1017600.000000
813356926293388,1,"cpufreq",1017600.000000
813356926571982,0,"cpufreq",1132800.000000
813356926573700,1,"cpufreq",1132800.000000
813356926703128,0,"cpufreq",1017600.000000
813356926704273,1,"cpufreq",1017600.000000
813356926992294,0,"cpufreq",1248000.000000
813356926994117,1,"cpufreq",1248000.000000
813356927001878,5,"cpufreq",1190400.000000
813356927003544,6,"cpufreq",1190400.000000
813356927151461,0,"cpufreq",1017600.000000
813356927152503,1,"cpufreq",1017600.000000
813356930278388,0,"cpufreq",1132800.000000
813356930281148,1,"cpufreq",1132800.000000
813356931494378,0,"cpufreq",1344000.000000
813356931496096,1,"cpufreq",1344000.000000
813356932029325,0,"cpufreq",902400.000000
813356932030315,1,"cpufreq",902400.000000
813356932520784,0,"cpufreq",1459200.000000
813356932523961,1,"cpufreq",1459200.000000
813356932911044,0,"cpufreq",1804800.000000
813356932912294,1,"cpufreq",1804800.000000
813356936171513,0,"cpufreq",1344000.000000
813356936171982,1,"cpufreq",1344000.000000
813356940134430,0,"cpufreq",902400.000000
813356940135263,1,"cpufreq",902400.000000
813356947214794,0,"cpufreq",1804800.000000
813356947218023,1,"cpufreq",1804800.000000
813356947266721,5,"cpufreq",960000.000000
813356947270003,6,"cpufreq",960000.000000
813356947718857,2,"cpufreq",614400.000000
813356947720367,3,"cpufreq",614400.000000
813356947721253,4,"cpufreq",614400.000000
813356947728857,5,"cpufreq",499200.000000
813356947730471,6,"cpufreq",499200.000000
813356956178336,0,"cpufreq",902400.000000
813356956180628,1,"cpufreq",902400.000000
813356956487242,0,"cpufreq",1017600.000000
813356956490159,1,"cpufreq",1017600.000000
813356967555263,0,"cpufreq",672000.000000
813356967557450,1,"cpufreq",672000.000000
813356970703753,0,"cpufreq",787200.000000
813356970707919,1,"cpufreq",787200.000000
813356970828284,0,"cpufreq",1574400.000000
813356970830523,1,"cpufreq",1574400.000000
813356971119742,0,"cpufreq",1132800.000000
813356971121669,1,"cpufreq",1132800.000000
813356972383492,0,"cpufreq",787200.000000
813356972384950,1,"cpufreq",787200.000000
813356972603961,0,"cpufreq",1344000.000000
813356972607294,1,"cpufreq",1344000.000000
813356973006825,0,"cpufreq",672000.000000
813356973009221,1,"cpufreq",672000.000000
813356976293440,5,"cpufreq",614400.000000
813356976296930,6,"cpufreq",614400.000000
813356976702398,5,"cpufreq",844800.000000
813356976704325,6,"cpufreq",844800.000000
813356976845003,5,"cpufreq",1190400.000000
813356976849534,6,"cpufreq",1190400.000000
813356979093805,2,"cpufreq",2707200.000000
813356979094846,3,"cpufreq",2707200.000000
813356979095523,4,"cpufreq",2707200.000000
813356979484013,5,"cpufreq",844800.000000
813356979485315,6,"cpufreq",844800.000000
813356980807398,0,"cpufreq",1459200.000000
813356980808492,1,"cpufreq",1459200.000000
813356984186878,0,"cpufreq",672000.000000
813356984188909,1,"cpufreq",672000.000000
813356986360680,5,"cpufreq",1190400.000000
813356986361930,6,"cpufreq",1190400.000000
813356986597034,5,"cpufreq",844800.000000
813356986598180,6,"cpufreq",844800.000000
813356987467659,0,"cpufreq",787200.000000
813356987468909,1,"cpufreq",787200.000000
813356987475732,5,"cpufreq",1075200.000000
813356987476825,6,"cpufreq",1075200.000000
813356987502190,2,"cpufreq",614400.000000
813356987503544,3,"cpufreq",614400.000000
813356987504690,4,"cpufreq",614400.000000
813356993160628,0,"cpufreq",902400.000000
813356993161513,1,"cpufreq",902400.000000
813356993165628,5,"cpufreq",1190400.000000
813356993166357,6,"cpufreq",1190400.000000
813356993739221,0,"cpufreq",787200.000000
813356993740055,1,"cpufreq",787200.000000
813356994489846,0,"cpufreq",902400.000000
813356994490940,1,"cpufreq",902400.000000
813356994975211,0,"cpufreq",672000.000000
813356994977138,1,"cpufreq",672000.000000
813356997270315,0,"cpufreq",1804800.000000
813356997272867,1,"cpufreq",1804800.000000
813356997284117,5,"cpufreq",729600.000000
813356997286565,6,"cpufreq",729600.000000
813356997743857,5,"cpufreq",1190400.000000
813356997745940,6,"cpufreq",1190400.000000
813356997799273,0,"cpufreq",672000.000000
813356997800263,1,"cpufreq",672000.000000
813357007609169,0,"cpufreq",1248000.000000
813357007613232,1,"cpufreq",1248000.000000
813357007788805,0,"cpufreq",672000.000000
813357007789846,1,"cpufreq",672000.000000
813357009123023,0,"cpufreq",787200.000000
813357009127086,1,"cpufreq",787200.000000
813357009212711,0,"cpufreq",672000.000000
813357009213857,1,"cpufreq",672000.000000
813357010580523,0,"cpufreq",1459200.000000
813357010584950,1,"cpufreq",1459200.000000
813357012148909,0,"cpufreq",787200.000000
813357012150471,1,"cpufreq",787200.000000
813357012165315,5,"cpufreq",499200.000000
813357012166565,6,"cpufreq",499200.000000
813357019558492,0,"cpufreq",672000.000000
813357019560680,1,"cpufreq",672000.000000
813357099362711,0,"cpufreq",902400.000000
813357099367502,1,"cpufreq",902400.000000
813357099449950,0,"cpufreq",1017600.000000
813357099451252,1,"cpufreq",1017600.000000
813357108218648,0,"cpufreq",672000.000000
813357108222398,1,"cpufreq",672000.000000
813357210573127,0,"cpufreq",787200.000000
813357210578336,1,"cpufreq",787200.000000
813357211578336,0,"cpufreq",672000.000000
813357211581357,1,"cpufreq",672000.000000
813357212216357,0,"cpufreq",1017600.000000
813357212218232,1,"cpufreq",1017600.000000
813357212863961,0,"cpufreq",672000.000000
813357212866825,1,"cpufreq",672000.000000
813357243119482,5,"cpufreq",614400.000000
813357243121461,6,"cpufreq",614400.000000
813357245000367,5,"cpufreq",844800.000000
813357245001721,6,"cpufreq",844800.000000
813357247375055,0,"cpufreq",1132800.000000
813357247379377,1,"cpufreq",1132800.000000
813357247459430,5,"cpufreq",614400.000000
813357247463075,6,"cpufreq",614400.000000
813357247762711,0,"cpufreq",1689600.000000
813357247764534,1,"cpufreq",1689600.000000
813357247831565,0,"cpufreq",1804800.000000
813357247833023,1,"cpufreq",1804800.000000
813357247963648,0,"cpufreq",1689600.000000
813357247964950,1,"cpufreq",1689600.000000
813357248245732,0,"cpufreq",1017600.000000
813357248247971,1,"cpufreq",1017600.000000
813357248419690,0,"cpufreq",672000.000000
813357248421409,1,"cpufreq",672000.000000
813357248429534,5,"cpufreq",729600.000000
813357248430888,6,"cpufreq",729600.000000
813357252165211,0,"cpufreq",787200.000000
813357252166877,1,"cpufreq",787200.000000
813357252180680,5,"cpufreq",960000.000000
813357252181825,6,"cpufreq",960000.000000
813357255351773,0,"cpufreq",902400.000000
813357255355888,1,"cpufreq",902400.000000
813357259989690,0,"cpufreq",1344000.000000
813357259993180,1,"cpufreq",1344000.000000
813357260016773,5,"cpufreq",499200.000000
813357260019690,6,"cpufreq",499200.000000
813357260305575,0,"cpufreq",1132800.000000
813357260307919,1,"cpufreq",1132800.000000
813357262137138,0,"cpufreq",1344000.000000
813357262139430,1,"cpufreq",1344000.000000
813357264393127,0,"cpufreq",672000.000000
813357264395471,1,"cpufreq",672000.000000
813357264404638,5,"cpufreq",729600.000000
813357264406200,6,"cpufreq",729600.000000
813357266844534,5,"cpufreq",844800.000000
813357266849273,6,"cpufreq",844800.000000
813357267540627,0,"cpufreq",787200.000000
813357267544325,1,"cpufreq",787200.000000
813357267564794,5,"cpufreq",960000.000000
813357267568700,6,"cpufreq",960000.000000
813357269290107,0,"cpufreq",1804800.000000
813357269291252,1,"cpufreq",1804800.000000
813357276155784,0,"cpufreq",672000.000000
813357276157607,1,"cpufreq",672000.000000
813357276170992,5,"cpufreq",1190400.000000
813357276172711,6,"cpufreq",1190400.000000
813357283448544,0,"cpufreq",902400.000000
813357283451200,1,"cpufreq",902400.000000
813357283476773,5,"cpufreq",844800.000000
813357283480315,6,"cpufreq",844800.000000
813357284184065,5,"cpufreq",960000.000000
813357284185159,6,"cpufreq",960000.000000
813357285677346,0,"cpufreq",787200.000000
813357285680784,1,"cpufreq",787200.000000
813357291417607,0,"cpufreq",672000.000000
813357291418596,1,"cpufreq",672000.000000
813357291426877,5,"cpufreq",499200.000000
813357291428232,6,"cpufreq",499200.000000
813357291700211,5,"cpufreq",614400.000000
813357291701617,6,"cpufreq",614400.000000
813357294405627,0,"cpufreq",787200.000000
813357294408440,1,"cpufreq",787200.000000
813357294420992,5,"cpufreq",499200.000000
813357294423648,6,"cpufreq",499200.000000
813357304560940,0,"cpufreq",672000.000000
813357304562659,1,"cpufreq",672000.000000
813357306173857,0,"cpufreq",902400.000000
813357306176617,1,"cpufreq",902400.000000
813357306310315,0,"cpufreq",672000.000000
813357306312502,1,"cpufreq",672000.000000
813357307526252,5,"cpufreq",614400.000000
813357307530627,6,"cpufreq",614400.000000
813357308249586,0,"cpufreq",902400.000000
813357308253492,1,"cpufreq",902400.000000
813357308781773,0,"cpufreq",1344000.000000
813357308785054,1,"cpufreq",1344000.000000
813357308964221,0,"cpufreq",1017600.000000
813357308965732,1,"cpufreq",1017600.000000
813357309295315,0,"cpufreq",787200.000000
813357309297554,1,"cpufreq",787200.000000
813357313171877,0,"cpufreq",1017600.000000
813357313174325,1,"cpufreq",1017600.000000
813357313187554,5,"cpufreq",499200.000000
813357313192659,6,"cpufreq",499200.000000
813357314561513,0,"cpufreq",1344000.000000
813357314563023,1,"cpufreq",1344000.000000
813357315319482,0,"cpufreq",1017600.000000
813357315321304,1,"cpufreq",1017600.000000
813357315329534,5,"cpufreq",729600.000000
813357315331096,6,"cpufreq",729600.000000
813357315456304,5,"cpufreq",499200.000000
813357315457398,6,"cpufreq",499200.000000
813357319909950,0,"cpufreq",672000.000000
813357319912138,1,"cpufreq",672000.000000
813357379609325,0,"cpufreq",787200.000000
813357379611982,1,"cpufreq",787200.000000
813357387570107,0,"cpufreq",672000.000000
813357387572607,1,"cpufreq",672000.000000
813357409691669,5,"cpufreq",614400.000000
813357409693544,6,"cpufreq",614400.000000
813357411410888,0,"cpufreq",1344000.000000
813357411413804,1,"cpufreq",1344000.000000
813357411426461,5,"cpufreq",499200.000000
813357411429377,6,"cpufreq",499200.000000
813357411641357,0,"cpufreq",902400.000000
813357411644325,1,"cpufreq",902400.000000
813357412596357,5,"cpufreq",614400.000000
813357412598804,6,"cpufreq",614400.000000
813357412828127,5,"cpufreq",844800.000000
813357412829586,6,"cpufreq",844800.000000
813357413448752,0,"cpufreq",1344000.000000
813357413450836,1,"cpufreq",1344000.000000
813357413461357,5,"cpufreq",729600.000000
813357413463492,6,"cpufreq",729600.000000
813357413662763,5,"cpufreq",499200.000000
813357413665419,6,"cpufreq",499200.000000
813357414494898,5,"cpufreq",614400.000000
813357414496929,6,"cpufreq",614400.000000
813357416365575,0,"cpufreq",787200.000000
813357416367607,1,"cpufreq",787200.000000
813357419762867,0,"cpufreq",1248000.000000
813357419766304,1,"cpufreq",1248000.000000
813357419789065,5,"cpufreq",499200.000000
813357419792346,6,"cpufreq",499200.000000
813357428202398,0,"cpufreq",1574400.000000
813357428205315,1,"cpufreq",1574400.000000
813357436741773,0,"cpufreq",672000.000000
813357436743596,1,"cpufreq",672000.000000
813357600754117,5,"cpufreq",614400.000000
813357600757086,6,"cpufreq",614400.000000
813357601002971,0,"cpufreq",787200.000000
813357601007971,1,"cpufreq",787200.000000
813357601033856,5,"cpufreq",499200.000000
813357601037919,6,"cpufreq",499200.000000
813357603196929,0,"cpufreq",672000.000000
813357603199325,1,"cpufreq",672000.000000
813357603535731,5,"cpufreq",614400.000000
813357603537711,6,"cpufreq",614400.000000
813357604030315,5,"cpufreq",499200.000000
813357604034221,6,"cpufreq",499200.000000
813357604195523,0,"cpufreq",1017600.000000
813357604198440,1,"cpufreq",1017600.000000
813357605270836,0,"cpufreq",787200.000000
813357605272034,1,"cpufreq",787200.000000
813357605279534,5,"cpufreq",960000.000000
813357605280471,6,"cpufreq",960000.000000
813357606076148,0,"cpufreq",672000.000000
813357606077294,1,"cpufreq",672000.000000
813357606083075,5,"cpufreq",499200.000000
813357606083804,6,"cpufreq",499200.000000
813357606694950,0,"cpufreq",787200.000000
813357606699221,1,"cpufreq",787200.000000
813357607039065,0,"cpufreq",672000.000000
813357607041617,1,"cpufreq",672000.000000
813357607177971,0,"cpufreq",902400.000000
813357607180731,1,"cpufreq",902400.000000
813357608626773,0,"cpufreq",672000.000000
813357608628752,1,"cpufreq",672000.000000
813357612208804,0,"cpufreq",787200.000000
813357612213336,1,"cpufreq",787200.000000
813357612240940,5,"cpufreq",729600.000000
813357612245836,6,"cpufreq",729600.000000
813357620170106,0,"cpufreq",672000.000000
813357620172242,1,"cpufreq",672000.000000
813357620196096,5,"cpufreq",499200.000000
813357620198700,6,"cpufreq",499200.000000
813357670433909,5,"cpufreq",844800.000000
813357670436356,6,"cpufreq",844800.000000
813357671583596,0,"cpufreq",902400.000000
813357671587554,1,"cpufreq",902400.000000
813357671603023,5,"cpufreq",614400.000000
813357671606565,6,"cpufreq",614400.000000
813357672291044,5,"cpufreq",499200.000000
813357672294117,6,"cpufreq",499200.000000
813357672727450,0,"cpufreq",1017600.000000
813357672729534,1,"cpufreq",1017600.000000
813357673222398,0,"cpufreq",1132800.000000
813357673225627,1,"cpufreq",1132800.000000
813357673365054,0,"cpufreq",672000.000000
813357673366929,1,"cpufreq",672000.000000
813357673779377,0,"cpufreq",1132800.000000
813357673781929,1,"cpufreq",1132800.000000
813357674063388,0,"cpufreq",902400.000000
813357674065575,1,"cpufreq",902400.000000
813357674249013,0,"cpufreq",1132800.000000
813357674251409,1,"cpufreq",1132800.000000
813357674477398,0,"cpufreq",902400.000000
813357674479794,1,"cpufreq",902400.000000
813357674863388,0,"cpufreq",672000.000000
813357674866565,1,"cpufreq",672000.000000
813357675296669,0,"cpufreq",902400.000000
813357675299221,1,"cpufreq",902400.000000
813357675494638,0,"cpufreq",787200.000000
813357675497815,1,"cpufreq",787200.000000
813357680275575,0,"cpufreq",902400.000000
813357680278804,1,"cpufreq",902400.000000
813357684180784,0,"cpufreq",672000.000000
813357684184013,1,"cpufreq",672000.000000
813357708712554,0,"cpufreq",902400.000000
813357708716669,1,"cpufreq",902400.000000
813357719400888,0,"cpufreq",787200.000000
813357719402971,1,"cpufreq",787200.000000
813357723714534,0,"cpufreq",672000.000000
813357723716929,1,"cpufreq",672000.000000
813357772047190,0,"cpufreq",1574400.000000
813357772050627,1,"cpufreq",1574400.000000
813357781523283,0,"cpufreq",672000.000000
813357781524377,1,"cpufreq",672000.000000
813357812234325,0,"cpufreq",787200.000000
813357812236669,1,"cpufreq",787200.000000
813357819548023,0,"cpufreq",672000.000000
813357819551929,1,"cpufreq",672000.000000
813357826561356,5,"cpufreq",614400.000000
813357826562971,6,"cpufreq",614400.000000
813357826784429,5,"cpufreq",499200.000000
813357826787346,6,"cpufreq",499200.000000
813357830344013,0,"cpufreq",902400.000000
813357830347919,1,"cpufreq",902400.000000
813357832283023,0,"cpufreq",787200.000000
813357832287294,1,"cpufreq",787200.000000
813357832407971,0,"cpufreq",902400.000000
813357832411825,1,"cpufreq",902400.000000
813357833333231,0,"cpufreq",1017600.000000
813357833334898,1,"cpufreq",1017600.000000
813357835615419,0,"cpufreq",1804800.000000
813357835618075,1,"cpufreq",1804800.000000
813357835858179,0,"cpufreq",1344000.000000
813357835859950,1,"cpufreq",1344000.000000
813357835872294,5,"cpufreq",960000.000000
813357835873804,6,"cpufreq",960000.000000
813357837153648,0,"cpufreq",1804800.000000
813357837155888,1,"cpufreq",1804800.000000
813357837192606,5,"cpufreq",1190400.000000
813357837194533,6,"cpufreq",1190400.000000
813357837345679,0,"cpufreq",787200.000000
813357837346617,1,"cpufreq",787200.000000
813357837524065,0,"cpufreq",1344000.000000
813357837526461,1,"cpufreq",1344000.000000
813357837867138,0,"cpufreq",902400.000000
813357837867971,1,"cpufreq",902400.000000
813357837872450,5,"cpufreq",960000.000000
813357837873179,6,"cpufreq",960000.000000
813357838021148,0,"cpufreq",1017600.000000
813357838022138,1,"cpufreq",1017600.000000
813357838245367,0,"cpufreq",1344000.000000
813357838246669,1,"cpufreq",1344000.000000
813357838404794,0,"cpufreq",1132800.000000
813357838406773,1,"cpufreq",1132800.000000
813357838483492,0,"cpufreq",1344000.000000
813357838485054,1,"cpufreq",1344000.000000
813357839763440,0,"cpufreq",1459200.000000
813357839765471,1,"cpufreq",1459200.000000
813357840234377,0,"cpufreq",1248000.000000
813357840235523,1,"cpufreq",1248000.000000
813357840376721,0,"cpufreq",1459200.000000
813357840378231,1,"cpufreq",1459200.000000
813357842574221,0,"cpufreq",1344000.000000
813357842575315,1,"cpufreq",1344000.000000
813357842583127,5,"cpufreq",1190400.000000
813357842583856,6,"cpufreq",1190400.000000
813357843430523,0,"cpufreq",1804800.000000
813357843432606,1,"cpufreq",1804800.000000
813357852143596,0,"cpufreq",1459200.000000
813357852144429,1,"cpufreq",1459200.000000
813357852840367,0,"cpufreq",1574400.000000
813357852842398,1,"cpufreq",1574400.000000
813357852934377,0,"cpufreq",1689600.000000
813357852935992,1,"cpufreq",1689600.000000
813357857889429,0,"cpufreq",1804800.000000
813357857891044,1,"cpufreq",1804800.000000
813357858196356,5,"cpufreq",614400.000000
813357858197711,6,"cpufreq",614400.000000
813357858477502,5,"cpufreq",499200.000000
813357858479273,6,"cpufreq",499200.000000
813357859900211,5,"cpufreq",729600.000000
813357859901408,6,"cpufreq",729600.000000
813357860220731,5,"cpufreq",844800.000000
813357860221773,6,"cpufreq",844800.000000
813357861034377,5,"cpufreq",499200.000000
813357861035679,6,"cpufreq",499200.000000
813357861246929,5,"cpufreq",614400.000000
813357861248231,6,"cpufreq",614400.000000
813357864226825,5,"cpufreq",499200.000000
813357864228388,6,"cpufreq",499200.000000
813357868225575,0,"cpufreq",672000.000000
813357868227242,1,"cpufreq",672000.000000
813357868246044,5,"cpufreq",844800.000000
813357868249742,6,"cpufreq",844800.000000
813357876251617,5,"cpufreq",499200.000000
813357876256252,6,"cpufreq",499200.000000
813357904473544,0,"cpufreq",1017600.000000
813357904475367,1,"cpufreq",1017600.000000
813357904795263,0,"cpufreq",1804800.000000
813357904798023,1,"cpufreq",1804800.000000
813357904946721,0,"cpufreq",1017600.000000
813357904949273,1,"cpufreq",1017600.000000
813357904962450,5,"cpufreq",614400.000000
813357904964117,6,"cpufreq",614400.000000
813357905358908,0,"cpufreq",1132800.000000
813357905360888,1,"cpufreq",1132800.000000
813357906072086,0,"cpufreq",1804800.000000
813357906075054,1,"cpufreq",1804800.000000
813357906135783,5,"cpufreq",499200.000000
813357906138179,6,"cpufreq",499200.000000
813357906834898,0,"cpufreq",672000.000000
813357906836044,1,"cpufreq",672000.000000
813357907568336,0,"cpufreq",1344000.000000
813357907571044,1,"cpufreq",1344000.000000
813357912196981,0,"cpufreq",1248000.000000
813357912198856,1,"cpufreq",1248000.000000
813357912304846,0,"cpufreq",1344000.000000
813357912307606,1,"cpufreq",1344000.000000
813357916165888,0,"cpufreq",672000.000000
813357916168023,1,"cpufreq",672000.000000
813357921887606,0,"cpufreq",902400.000000
813357921892138,1,"cpufreq",902400.000000
813357922674221,0,"cpufreq",1017600.000000
813357922676981,1,"cpufreq",1017600.000000
813357922947606,0,"cpufreq",902400.000000
813357922949273,1,"cpufreq",902400.000000
813357923644065,0,"cpufreq",1459200.000000
813357923647346,1,"cpufreq",1459200.000000
813357923942867,0,"cpufreq",672000.000000
813357923945315,1,"cpufreq",672000.000000
813357925083179,5,"cpufreq",844800.000000
813357925086044,6,"cpufreq",844800.000000
813357925514221,0,"cpufreq",1132800.000000
813357925515471,1,"cpufreq",1132800.000000
813357925657294,5,"cpufreq",499200.000000
813357925660627,6,"cpufreq",499200.000000
813357926121252,5,"cpufreq",960000.000000
813357926123336,6,"cpufreq",960000.000000
813357926177294,0,"cpufreq",902400.000000
813357926180054,1,"cpufreq",902400.000000
813357927533492,0,"cpufreq",672000.000000
813357927534586,1,"cpufreq",672000.000000
813357927542033,5,"cpufreq",844800.000000
813357927543075,6,"cpufreq",844800.000000
813357928143544,5,"cpufreq",499200.000000
813357928145315,6,"cpufreq",499200.000000
813357929630158,5,"cpufreq",960000.000000
813357929632867,6,"cpufreq",960000.000000
813357929961825,0,"cpufreq",902400.000000
813357929966304,1,"cpufreq",902400.000000
813357929981252,5,"cpufreq",499200.000000
813357929985106,6,"cpufreq",499200.000000
813357930467033,0,"cpufreq",672000.000000
813357930471044,1,"cpufreq",672000.000000
813357930489898,5,"cpufreq",1075200.000000
813357930494638,6,"cpufreq",1075200.000000
813357930779429,5,"cpufreq",499200.000000
813357930783492,6,"cpufreq",499200.000000
813357931141200,5,"cpufreq",1075200.000000
813357931143544,6,"cpufreq",1075200.000000
813357931485523,0,"cpufreq",902400.000000
813357931486669,1,"cpufreq",902400.000000
813357932330106,5,"cpufreq",960000.000000
813357932331356,6,"cpufreq",960000.000000
813357940193231,0,"cpufreq",672000.000000
813357940196929,1,"cpufreq",672000.000000
813357940229377,5,"cpufreq",499200.000000
813357940233231,6,"cpufreq",499200.000000
813357977668231,0,"cpufreq",1344000.000000
813357977671356,1,"cpufreq",1344000.000000
813357979295940,0,"cpufreq",672000.000000
813357979297294,1,"cpufreq",672000.000000
813358000993648,0,"cpufreq",902400.000000
813358000997658,1,"cpufreq",902400.000000
813358006458700,0,"cpufreq",672000.000000
813358006461877,1,"cpufreq",672000.000000
813358011065783,0,"cpufreq",1248000.000000
813358011069690,1,"cpufreq",1248000.000000
813358011439065,0,"cpufreq",672000.000000
813358011441669,1,"cpufreq",672000.000000
813358076387398,0,"cpufreq",787200.000000
813358076391304,1,"cpufreq",787200.000000
813358080260471,0,"cpufreq",1689600.000000
813358080262815,1,"cpufreq",1689600.000000
813358080381721,0,"cpufreq",1804800.000000
813358080382763,1,"cpufreq",1804800.000000
813358080627867,0,"cpufreq",787200.000000
813358080630002,1,"cpufreq",787200.000000
813358084191929,0,"cpufreq",902400.000000
813358084193804,1,"cpufreq",902400.000000
813358088307919,0,"cpufreq",1017600.000000
813358088310731,1,"cpufreq",1017600.000000
813358088413023,0,"cpufreq",1344000.000000
813358088416096,1,"cpufreq",1344000.000000
813358089773908,0,"cpufreq",1017600.000000
813358089775835,1,"cpufreq",1017600.000000
813358092200731,0,"cpufreq",672000.000000
813358092203908,1,"cpufreq",672000.000000
813358092224065,5,"cpufreq",729600.000000
813358092225992,6,"cpufreq",729600.000000
813358100190679,0,"cpufreq",1344000.000000
813358100195263,1,"cpufreq",1344000.000000
813358100219742,5,"cpufreq",960000.000000
813358100223596,6,"cpufreq",960000.000000
813358102636669,0,"cpufreq",902400.000000
813358102637971,1,"cpufreq",902400.000000
813358104331617,0,"cpufreq",1344000.000000
813358104333648,1,"cpufreq",1344000.000000
813358104447710,0,"cpufreq",902400.000000
813358104448492,1,"cpufreq",902400.000000
813358104659169,0,"cpufreq",1344000.000000
813358104660627,1,"cpufreq",1344000.000000
813358108147085,0,"cpufreq",902400.000000
813358108148231,1,"cpufreq",902400.000000
813358108157346,5,"cpufreq",1190400.000000
813358108158231,6,"cpufreq",1190400.000000
813358116183700,0,"cpufreq",672000.000000
813358116187867,1,"cpufreq",672000.000000
813358116359533,2,"cpufreq",2707200.000000
813358116360263,3,"cpufreq",2707200.000000
813358116360783,4,"cpufreq",2707200.000000
813358116368648,5,"cpufreq",499200.000000
813358116369065,6,"cpufreq",499200.000000
813358132461148,5,"cpufreq",729600.000000
813358132461929,6,"cpufreq",729600.000000
813358134982606,5,"cpufreq",499200.000000
813358134984325,6,"cpufreq",499200.000000
813358135572242,0,"cpufreq",1017600.000000
813358135576252,1,"cpufreq",1017600.000000
813358136252346,0,"cpufreq",672000.000000
813358136255158,1,"cpufreq",672000.000000
813358139577815,2,"cpufreq",614400.000000
813358139580627,3,"cpufreq",614400.000000
813358139582971,4,"cpufreq",614400.000000
813358160368179,0,"cpufreq",787200.000000
813358160369898,1,"cpufreq",787200.000000
813358164216148,0,"cpufreq",672000.000000
813358164223908,1,"cpufreq",672000.000000
813358181715106,5,"cpufreq",960000.000000
813358181717085,6,"cpufreq",960000.000000
813358182666877,0,"cpufreq",902400.000000
813358182670992,1,"cpufreq",902400.000000
813358182685471,5,"cpufreq",844800.000000
813358182689169,6,"cpufreq",844800.000000
813358184751565,5,"cpufreq",1190400.000000
813358184752710,6,"cpufreq",1190400.000000
813358185303387,0,"cpufreq",672000.000000
813358185304481,1,"cpufreq",672000.000000
813358186177606,0,"cpufreq",787200.000000
813358186180262,1,"cpufreq",787200.000000
813358186191877,5,"cpufreq",499200.000000
813358186194585,6,"cpufreq",499200.000000
813358186772137,0,"cpufreq",672000.000000
813358186773648,1,"cpufreq",672000.000000
813358186787867,5,"cpufreq",614400.000000
813358186789012,6,"cpufreq",614400.000000
813358187057971,5,"cpufreq",499200.000000
813358187062085,6,"cpufreq",499200.000000
813358187494950,5,"cpufreq",844800.000000
813358187497762,6,"cpufreq",844800.000000
813358187903804,5,"cpufreq",729600.000000
813358187906252,6,"cpufreq",729600.000000
813358196208752,5,"cpufreq",499200.000000
813358196212815,6,"cpufreq",499200.000000
813358206571252,0,"cpufreq",787200.000000
813358206573908,1,"cpufreq",787200.000000
813358206940471,0,"cpufreq",672000.000000
813358206944742,1,"cpufreq",672000.000000
813358209495106,5,"cpufreq",729600.000000
813358209497190,6,"cpufreq",729600.000000
813358209680158,5,"cpufreq",499200.000000
813358209681200,6,"cpufreq",499200.000000
813358211509377,5,"cpufreq",614400.000000
813358211512554,6,"cpufreq",614400.000000
813358218547190,5,"cpufreq",729600.000000
813358218548960,6,"cpufreq",729600.000000
813358218732606,5,"cpufreq",614400.000000
813358218735992,6,"cpufreq",614400.000000
813358219144273,5,"cpufreq",729600.000000
813358219145992,6,"cpufreq",729600.000000
813358219447450,5,"cpufreq",499200.000000
813358219451669,6,"cpufreq",499200.000000
813358221830575,0,"cpufreq",1132800.000000
813358221833856,1,"cpufreq",1132800.000000
813358224192919,0,"cpufreq",672000.000000
813358224194794,1,"cpufreq",672000.000000
813358226457085,0,"cpufreq",1017600.000000
813358226460002,1,"cpufreq",1017600.000000
813358228292294,0,"cpufreq",1344000.000000
813358228298596,1,"cpufreq",1344000.000000
813358228645471,0,"cpufreq",787200.000000
813358228647085,1,"cpufreq",787200.000000
813358231805106,5,"cpufreq",729600.000000
813358231809012,6,"cpufreq",729600.000000
813358232219742,5,"cpufreq",499200.000000
813358232223440,6,"cpufreq",499200.000000
813358232537294,0,"cpufreq",1248000.000000
813358232539742,1,"cpufreq",1248000.000000
813358234233908,0,"cpufreq",1132800.000000
813358234236148,1,"cpufreq",1132800.000000
813358234705315,0,"cpufreq",1344000.000000
813358234707710,1,"cpufreq",1344000.000000
813358235352137,5,"cpufreq",960000.000000
813358235353440,6,"cpufreq",960000.000000
813358235540992,0,"cpufreq",1017600.000000
813358235542242,1,"cpufreq",1017600.000000
813358236198960,5,"cpufreq",499200.000000
813358236200002,6,"cpufreq",499200.000000
813358244199117,0,"cpufreq",672000.000000
813358244202502,1,"cpufreq",672000.000000
813358300952294,0,"cpufreq",787200.000000
813358300955158,1,"cpufreq",787200.000000
813358304427398,0,"cpufreq",672000.000000
813358304429637,1,"cpufreq",672000.000000
813358393418023,0,"cpufreq",902400.000000
813358393422346,1,"cpufreq",902400.000000
813358396240158,0,"cpufreq",672000.000000
813358396243387,1,"cpufreq",672000.000000
813358400498075,0,"cpufreq",1248000.000000
813358400502971,1,"cpufreq",1248000.000000
813358402683908,0,"cpufreq",1689600.000000
813358402686148,1,"cpufreq",1689600.000000
813358403411617,0,"cpufreq",1804800.000000
813358403412814,1,"cpufreq",1804800.000000
813358406437658,0,"cpufreq",1344000.000000
813358406438752,1,"cpufreq",1344000.000000
813358407539429,0,"cpufreq",1804800.000000
813358407541408,1,"cpufreq",1804800.000000
813358408187919,0,"cpufreq",1248000.000000
813358408189064,1,"cpufreq",1248000.000000
813358408284481,0,"cpufreq",1344000.000000
813358408286669,1,"cpufreq",1344000.000000
813358408679325,0,"cpufreq",1248000.000000
813358408680575,1,"cpufreq",1248000.000000
813358409213856,0,"cpufreq",1344000.000000
813358409215887,1,"cpufreq",1344000.000000
813358409370887,5,"cpufreq",1075200.000000
813358409372919,6,"cpufreq",1075200.000000
813358409427085,0,"cpufreq",1132800.000000
813358409428596,1,"cpufreq",1132800.000000
813358411399325,0,"cpufreq",1804800.000000
813358411401460,1,"cpufreq",1804800.000000
813358411416877,5,"cpufreq",499200.000000
813358411419273,6,"cpufreq",499200.000000
813358419403023,0,"cpufreq",1689600.000000
813358419404794,1,"cpufreq",1689600.000000
813358428154429,0,"cpufreq",1017600.000000
813358428156408,1,"cpufreq",1017600.000000
813358436199533,0,"cpufreq",672000.000000
813358436201512,1,"cpufreq",672000.000000
813358443464325,5,"cpufreq",614400.000000
813358443467398,6,"cpufreq",614400.000000
813358451624481,5,"cpufreq",499200.000000
813358451629169,6,"cpufreq",499200.000000
813358560444169,5,"cpufreq",614400.000000
813358560445939,6,"cpufreq",614400.000000
813358560740262,5,"cpufreq",499200.000000
813358560744794,6,"cpufreq",499200.000000
813358561504064,5,"cpufreq",614400.000000
813358561505939,6,"cpufreq",614400.000000
813358562016096,0,"cpufreq",787200.000000
813358562020158,1,"cpufreq",787200.000000
813358562090835,5,"cpufreq",499200.000000
813358562093544,6,"cpufreq",499200.000000
813358562501721,0,"cpufreq",1132800.000000
813358562504117,1,"cpufreq",1132800.000000
813358563952242,0,"cpufreq",1344000.000000
813358563953856,1,"cpufreq",1344000.000000
813358564282658,0,"cpufreq",1459200.000000
813358564284950,1,"cpufreq",1459200.000000
813358566925523,0,"cpufreq",1344000.000000
813358566926877,1,"cpufreq",1344000.000000
813358567738179,0,"cpufreq",1132800.000000
813358567740939,1,"cpufreq",1132800.000000
813358567878804,0,"cpufreq",1344000.000000
813358567881512,1,"cpufreq",1344000.000000
813358568943648,0,"cpufreq",672000.000000
813358568945002,1,"cpufreq",672000.000000
813358571586512,0,"cpufreq",1344000.000000
813358571590262,1,"cpufreq",1344000.000000
813358571634117,0,"cpufreq",1017600.000000
813358571637710,1,"cpufreq",1017600.000000
813358575342814,5,"cpufreq",614400.000000
813358575344950,6,"cpufreq",614400.000000
813358576353544,5,"cpufreq",499200.000000
813358576356877,6,"cpufreq",499200.000000
813358577745679,5,"cpufreq",614400.000000
813358577747398,6,"cpufreq",614400.000000
813358578724898,5,"cpufreq",729600.000000
813358578727814,6,"cpufreq",729600.000000
813358579107606,0,"cpufreq",902400.000000
813358579109533,1,"cpufreq",902400.000000
813358579119064,5,"cpufreq",614400.000000
813358579120679,6,"cpufreq",614400.000000
813358579432398,0,"cpufreq",787200.000000
813358579435679,1,"cpufreq",787200.000000
813358579455939,5,"cpufreq",499200.000000
813358579465314,6,"cpufreq",499200.000000
813358579841252,5,"cpufreq",844800.000000
813358579843023,6,"cpufreq",844800.000000
813358580152867,0,"cpufreq",672000.000000
813358580156148,1,"cpufreq",672000.000000
813358580654950,5,"cpufreq",499200.000000
813358580656044,6,"cpufreq",499200.000000
813358583184273,0,"cpufreq",1017600.000000
813358583188075,1,"cpufreq",1017600.000000
813358586494064,0,"cpufreq",1574400.000000
813358586497346,1,"cpufreq",1574400.000000
813358587970627,0,"cpufreq",1344000.000000
813358587973283,1,"cpufreq",1344000.000000
813358588689950,0,"cpufreq",672000.000000
813358588691304,1,"cpufreq",672000.000000
813358588699273,5,"cpufreq",614400.000000
813358588700627,6,"cpufreq",614400.000000
813358590958544,5,"cpufreq",729600.000000
813358590960210,6,"cpufreq",729600.000000
813358592066981,5,"cpufreq",844800.000000
813358592068023,6,"cpufreq",844800.000000
813358595549585,0,"cpufreq",902400.000000
813358595553439,1,"cpufreq",902400.000000
813358595566356,5,"cpufreq",614400.000000
813358595570054,6,"cpufreq",614400.000000
813358595690002,0,"cpufreq",1344000.000000
813358595693127,1,"cpufreq",1344000.000000
813358595777346,0,"cpufreq",902400.000000
813358595778752,1,"cpufreq",902400.000000
813358595985158,5,"cpufreq",729600.000000
813358595987919,6,"cpufreq",729600.000000
813358596495992,5,"cpufreq",844800.000000
813358596497242,6,"cpufreq",844800.000000
813358596766877,5,"cpufreq",729600.000000
813358596767971,6,"cpufreq",729600.000000
813358597152554,5,"cpufreq",844800.000000
813358597153700,6,"cpufreq",844800.000000
813358597442398,5,"cpufreq",729600.000000
813358597443856,6,"cpufreq",729600.000000
813358601801148,0,"cpufreq",1017600.000000
813358601804221,1,"cpufreq",1017600.000000
813358601994117,0,"cpufreq",1344000.000000
813358601995887,1,"cpufreq",1344000.000000
813358602238179,0,"cpufreq",1017600.000000
813358602239950,1,"cpufreq",1017600.000000
813358602360106,0,"cpufreq",1344000.000000
813358602362971,1,"cpufreq",1344000.000000
813358602372502,5,"cpufreq",614400.000000
813358602375002,6,"cpufreq",614400.000000
813358602487085,0,"cpufreq",1017600.000000
813358602488804,1,"cpufreq",1017600.000000
813358602735992,0,"cpufreq",1344000.000000
813358602737137,1,"cpufreq",1344000.000000
813358603082762,0,"cpufreq",1017600.000000
813358603084273,1,"cpufreq",1017600.000000
813358603254637,5,"cpufreq",729600.000000
813358603256096,6,"cpufreq",729600.000000
813358603526200,0,"cpufreq",902400.000000
813358603527762,1,"cpufreq",902400.000000
813358603544064,5,"cpufreq",1190400.000000
813358603545002,6,"cpufreq",1190400.000000
813358604172658,2,"cpufreq",2707200.000000
813358604174742,3,"cpufreq",2707200.000000
813358604175731,4,"cpufreq",2707200.000000
813358604772710,0,"cpufreq",1017600.000000
813358604773700,1,"cpufreq",1017600.000000
813358605048387,0,"cpufreq",902400.000000
813358605051044,1,"cpufreq",902400.000000
813358606833439,2,"cpufreq",614400.000000
813358606835471,3,"cpufreq",614400.000000
813358606837294,4,"cpufreq",614400.000000
813358611414429,0,"cpufreq",1804800.000000
813358611416564,1,"cpufreq",1804800.000000
813358611934377,0,"cpufreq",1689600.000000
813358611935210,1,"cpufreq",1689600.000000
813358612515262,0,"cpufreq",1804800.000000
813358612516252,1,"cpufreq",1804800.000000
813358613482346,0,"cpufreq",1689600.000000
813358613483179,1,"cpufreq",1689600.000000
813358614160314,0,"cpufreq",1804800.000000
813358614161929,1,"cpufreq",1804800.000000
813358614170262,5,"cpufreq",844800.000000
813358614172033,6,"cpufreq",844800.000000
813358614381981,5,"cpufreq",960000.000000
813358614383075,6,"cpufreq",960000.000000
813358620159377,0,"cpufreq",902400.000000
813358620160210,1,"cpufreq",902400.000000
813358620171304,5,"cpufreq",499200.000000
813358620172294,6,"cpufreq",499200.000000
813358627492554,0,"cpufreq",672000.000000
813358627496044,1,"cpufreq",672000.000000
813358629826148,0,"cpufreq",787200.000000
813358629827294,1,"cpufreq",787200.000000
813358632224585,0,"cpufreq",672000.000000
813358632226252,1,"cpufreq",672000.000000
813358632551096,0,"cpufreq",787200.000000
813358632555158,1,"cpufreq",787200.000000
813358632954898,0,"cpufreq",672000.000000
813358632958231,1,"cpufreq",672000.000000
813358633587762,0,"cpufreq",902400.000000
813358633589637,1,"cpufreq",902400.000000
813358633773127,0,"cpufreq",672000.000000
813358633776044,1,"cpufreq",672000.000000
813358633937085,5,"cpufreq",614400.000000
813358633941512,6,"cpufreq",614400.000000
813358634445002,0,"cpufreq",787200.000000
813358634448804,1,"cpufreq",787200.000000
813358634460627,5,"cpufreq",499200.000000
813358634464273,6,"cpufreq",499200.000000
813358635474794,0,"cpufreq",1344000.000000
813358635476460,1,"cpufreq",1344000.000000
813358635490314,5,"cpufreq",614400.000000
813358635491981,6,"cpufreq",614400.000000
813358636241981,0,"cpufreq",1248000.000000
813358636245106,1,"cpufreq",1248000.000000
813358637619950,0,"cpufreq",1344000.000000
813358637621460,1,"cpufreq",1344000.000000
813358637629012,5,"cpufreq",729600.000000
813358637630783,6,"cpufreq",729600.000000
813358640201356,5,"cpufreq",614400.000000
813358640202502,6,"cpufreq",614400.000000
813358644177346,0,"cpufreq",672000.000000
813358644178804,1,"cpufreq",672000.000000
813358644197085,5,"cpufreq",499200.000000
813358644199585,6,"cpufreq",499200.000000
813358662288491,0,"cpufreq",787200.000000
813358662293075,1,"cpufreq",787200.000000
813358663402189,0,"cpufreq",672000.000000
813358663404273,1,"cpufreq",672000.000000
813358663416981,5,"cpufreq",614400.000000
813358663418491,6,"cpufreq",614400.000000
813358663780054,5,"cpufreq",499200.000000
813358663781721,6,"cpufreq",499200.000000
813358695018335,0,"cpufreq",787200.000000
813358695023908,1,"cpufreq",787200.000000
813358699709741,0,"cpufreq",672000.000000
813358699712658,1,"cpufreq",672000.000000
813358703747189,5,"cpufreq",960000.000000
813358703750523,6,"cpufreq",960000.000000
813358704793544,5,"cpufreq",499200.000000
813358704795158,6,"cpufreq",499200.000000
813358844225991,0,"cpufreq",787200.000000
813358844227762,1,"cpufreq",787200.000000
813358849763075,0,"cpufreq",1344000.000000
813358849765158,1,"cpufreq",1344000.000000
813358849941825,0,"cpufreq",902400.000000
813358849944116,1,"cpufreq",902400.000000
813358851448752,0,"cpufreq",672000.000000
813358851451825,1,"cpufreq",672000.000000
813358873513439,2,"cpufreq",2131200.000000
813358873517346,3,"cpufreq",2131200.000000
813358873521512,4,"cpufreq",2131200.000000
813358874964064,2,"cpufreq",614400.000000
813358874964793,3,"cpufreq",614400.000000
813358874965054,4,"cpufreq",614400.000000
813358883521460,0,"cpufreq",1344000.000000
813358883522814,1,"cpufreq",1344000.000000
813358887620210,0,"cpufreq",1459200.000000
813358887621929,1,"cpufreq",1459200.000000
813358892177398,0,"cpufreq",1804800.000000
813358892179168,1,"cpufreq",1804800.000000
813358900156564,0,"cpufreq",1459200.000000
813358900158231,1,"cpufreq",1459200.000000
813358904305366,0,"cpufreq",1344000.000000
813358904306616,1,"cpufreq",1344000.000000
813358908160314,0,"cpufreq",1017600.000000
813358908162762,1,"cpufreq",1017600.000000
813358915012293,2,"cpufreq",1497600.000000
813358915014168,3,"cpufreq",1497600.000000
813358915015366,4,"cpufreq",1497600.000000
813358915340002,0,"cpufreq",1132800.000000
813358915340627,1,"cpufreq",1132800.000000
813358915443856,0,"cpufreq",672000.000000
813358915446616,1,"cpufreq",672000.000000
813358915457293,2,"cpufreq",614400.000000
813358915459325,3,"cpufreq",614400.000000
813358915461408,4,"cpufreq",614400.000000
813358931376512,0,"cpufreq",787200.000000
813358931378387,1,"cpufreq",787200.000000
813358938955523,0,"cpufreq",672000.000000
813358938957450,1,"cpufreq",672000.000000
813358948184064,0,"cpufreq",1344000.000000
813358948186200,1,"cpufreq",1344000.000000
813358948200262,2,"cpufreq",1612800.000000
813358948202033,3,"cpufreq",1612800.000000
813358948203023,4,"cpufreq",1612800.000000
813358949027866,0,"cpufreq",1689600.000000
813358949029846,1,"cpufreq",1689600.000000
813358949107606,0,"cpufreq",1804800.000000
813358949109377,1,"cpufreq",1804800.000000
813358951734793,0,"cpufreq",1689600.000000
813358951736825,1,"cpufreq",1689600.000000
813358951747918,5,"cpufreq",844800.000000
813358951749168,6,"cpufreq",844800.000000
813358953029846,0,"cpufreq",1574400.000000
813358953031252,1,"cpufreq",1574400.000000
813358953039637,5,"cpufreq",499200.000000
813358953040523,6,"cpufreq",499200.000000
813358953337814,0,"cpufreq",1459200.000000
813358953339325,1,"cpufreq",1459200.000000
813358955214168,0,"cpufreq",1804800.000000
813358955216200,1,"cpufreq",1804800.000000
813358955459168,2,"cpufreq",2131200.000000
813358955460210,3,"cpufreq",2131200.000000
813358955461252,4,"cpufreq",2131200.000000
813358955469741,5,"cpufreq",614400.000000
813358955470679,6,"cpufreq",614400.000000
813358956644898,5,"cpufreq",1190400.000000
813358956646877,6,"cpufreq",1190400.000000
813358964148283,2,"cpufreq",2707200.000000
813358964149012,3,"cpufreq",2707200.000000
813358964149481,4,"cpufreq",2707200.000000
813358964154325,5,"cpufreq",499200.000000
813358964155002,6,"cpufreq",499200.000000
813358971792866,0,"cpufreq",672000.000000
813358971794533,1,"cpufreq",672000.000000
813358971805939,2,"cpufreq",1920000.000000
813358971807293,3,"cpufreq",1920000.000000
813358971808596,4,"cpufreq",1920000.000000
813358979466460,2,"cpufreq",614400.000000
813358979469689,3,"cpufreq",614400.000000
813358979472033,4,"cpufreq",614400.000000
813359211993804,0,"cpufreq",787200.000000
813359211999377,1,"cpufreq",787200.000000
813359214607814,0,"cpufreq",1017600.000000
813359214610418,1,"cpufreq",1017600.000000
813359215761825,0,"cpufreq",787200.000000
813359215764012,1,"cpufreq",787200.000000
813359216048908,0,"cpufreq",672000.000000
813359216050418,1,"cpufreq",672000.000000
813359219532762,0,"cpufreq",787200.000000
813359219535575,1,"cpufreq",787200.000000
813359219779429,0,"cpufreq",902400.000000
813359219782762,1,"cpufreq",902400.000000
813359224200783,0,"cpufreq",787200.000000
813359224202606,1,"cpufreq",787200.000000
813359228734064,0,"cpufreq",672000.000000
813359228736512,1,"cpufreq",672000.000000
813359247715939,0,"cpufreq",902400.000000
813359247720418,1,"cpufreq",902400.000000
813359251453908,0,"cpufreq",672000.000000
813359251455991,1,"cpufreq",672000.000000
813359341102189,0,"cpufreq",902400.000000
813359341104168,1,"cpufreq",902400.000000
813359348786772,0,"cpufreq",672000.000000
813359348789012,1,"cpufreq",672000.000000
813359461303335,2,"cpufreq",1401600.000000
813359461304897,3,"cpufreq",1401600.000000
813359461306147,4,"cpufreq",1401600.000000
813359468220627,2,"cpufreq",614400.000000
813359468223856,3,"cpufreq",614400.000000
813359468226147,4,"cpufreq",614400.000000
813359500124429,0,"cpufreq",787200.000000
813359500126720,1,"cpufreq",787200.000000
813359516066304,0,"cpufreq",672000.000000
813359516072762,1,"cpufreq",672000.000000
813359606572658,0,"cpufreq",787200.000000
813359606576095,1,"cpufreq",787200.000000
813359606859272,0,"cpufreq",672000.000000
813359606860939,1,"cpufreq",672000.000000
813359611455679,0,"cpufreq",1132800.000000
813359611457397,1,"cpufreq",1132800.000000
813359611508022,0,"cpufreq",1344000.000000
813359611509429,1,"cpufreq",1344000.000000
813359616212970,0,"cpufreq",1132800.000000
813359616214585,1,"cpufreq",1132800.000000
813359621874533,0,"cpufreq",672000.000000
813359621877345,1,"cpufreq",672000.000000
813359666761460,0,"cpufreq",1017600.000000
813359666765887,1,"cpufreq",1017600.000000
813359667443074,0,"cpufreq",672000.000000
813359667445054,1,"cpufreq",672000.000000
813359668261460,0,"cpufreq",902400.000000
813359668264012,1,"cpufreq",902400.000000
813359668425470,0,"cpufreq",1132800.000000
813359668428960,1,"cpufreq",1132800.000000
813359668544272,0,"cpufreq",1689600.000000
813359668546512,1,"cpufreq",1689600.000000
813359668746929,0,"cpufreq",1574400.000000
813359668748022,1,"cpufreq",1574400.000000
813359668942814,0,"cpufreq",1689600.000000
813359668944012,1,"cpufreq",1689600.000000
813359669193439,0,"cpufreq",1804800.000000
813359669195418,1,"cpufreq",1804800.000000
813359672356095,5,"cpufreq",614400.000000
813359672358491,6,"cpufreq",614400.000000
813359675664272,5,"cpufreq",1190400.000000
813359675665835,6,"cpufreq",1190400.000000
813359676023543,5,"cpufreq",844800.000000
813359676024324,6,"cpufreq",844800.000000
813359676322606,2,"cpufreq",1075200.000000
813359676324377,3,"cpufreq",1075200.000000
813359676325887,4,"cpufreq",1075200.000000
813359676741408,5,"cpufreq",1075200.000000
813359676743804,6,"cpufreq",1075200.000000
813359676847554,5,"cpufreq",1190400.000000
813359676848543,6,"cpufreq",1190400.000000
813359677416095,5,"cpufreq",844800.000000
813359677417033,6,"cpufreq",844800.000000
813359678933804,5,"cpufreq",960000.000000
813359678935366,6,"cpufreq",960000.000000
813359679039064,5,"cpufreq",1075200.000000
813359679040158,6,"cpufreq",1075200.000000
813359679102085,2,"cpufreq",614400.000000
813359679102970,3,"cpufreq",614400.000000
813359679103491,4,"cpufreq",614400.000000
813359679258491,5,"cpufreq",1190400.000000
813359679259793,6,"cpufreq",1190400.000000
813359679666095,2,"cpufreq",729600.000000
813359679666824,3,"cpufreq",729600.000000
813359679667449,4,"cpufreq",729600.000000
813359679767970,2,"cpufreq",1824000.000000
813359679769429,3,"cpufreq",1824000.000000
813359679770314,4,"cpufreq",1824000.000000
813359679886199,2,"cpufreq",729600.000000
813359679886929,3,"cpufreq",729600.000000
813359679887397,4,"cpufreq",729600.000000
813359680112658,2,"cpufreq",1190400.000000
813359680114220,3,"cpufreq",1190400.000000
813359680115210,4,"cpufreq",1190400.000000
813359680250522,2,"cpufreq",614400.000000
813359680251668,3,"cpufreq",614400.000000
813359680252293,4,"cpufreq",614400.000000
813359680790054,2,"cpufreq",2707200.000000
813359680791095,3,"cpufreq",2707200.000000
813359680791824,4,"cpufreq",2707200.000000
813359681170783,5,"cpufreq",844800.000000
813359681172606,6,"cpufreq",844800.000000
813359681204116,5,"cpufreq",1190400.000000
813359681205314,6,"cpufreq",1190400.000000
813359681324272,2,"cpufreq",1075200.000000
813359681325366,3,"cpufreq",1075200.000000
813359681326252,4,"cpufreq",1075200.000000
813359681628491,2,"cpufreq",1286400.000000
813359681629481,3,"cpufreq",1286400.000000
813359681630054,4,"cpufreq",1286400.000000
813359681790314,2,"cpufreq",1612800.000000
813359681792658,3,"cpufreq",1612800.000000
813359681794116,4,"cpufreq",1612800.000000
813359681938752,2,"cpufreq",1708800.000000
813359681939793,3,"cpufreq",1708800.000000
813359681940679,4,"cpufreq",1708800.000000
813359682058439,2,"cpufreq",2707200.000000
813359682058908,3,"cpufreq",2707200.000000
813359682059272,4,"cpufreq",2707200.000000
813359683094637,2,"cpufreq",960000.000000
813359683095002,3,"cpufreq",960000.000000
813359683095418,4,"cpufreq",960000.000000
813359683466772,2,"cpufreq",1612800.000000
813359683468283,3,"cpufreq",1612800.000000
813359683469689,4,"cpufreq",1612800.000000
813359683536668,5,"cpufreq",1920000.000000
813359683537814,6,"cpufreq",1920000.000000
813359683566095,2,"cpufreq",1920000.000000
813359683566877,3,"cpufreq",1920000.000000
813359683567293,4,"cpufreq",1920000.000000
813359683724116,2,"cpufreq",1708800.000000
813359683724533,3,"cpufreq",1708800.000000
813359683725002,4,"cpufreq",1708800.000000
813359683728179,5,"cpufreq",1708800.000000
813359683728595,6,"cpufreq",1708800.000000
813359683987137,5,"cpufreq",2188800.000000
813359683988960,6,"cpufreq",2188800.000000
813359684061877,2,"cpufreq",2188800.000000
813359684062449,3,"cpufreq",2188800.000000
813359684062762,4,"cpufreq",2188800.000000
813359684159012,2,"cpufreq",2035200.000000
813359684160627,3,"cpufreq",2035200.000000
813359684161981,4,"cpufreq",2035200.000000
813359684169324,5,"cpufreq",2035200.000000
813359684170731,6,"cpufreq",2035200.000000
813359684219272,2,"cpufreq",1612800.000000
813359684219897,3,"cpufreq",1612800.000000
813359684220262,4,"cpufreq",1612800.000000
813359684223856,5,"cpufreq",1612800.000000
813359684224168,6,"cpufreq",1612800.000000
813359684532918,2,"cpufreq",2515200.000000
813359684534637,3,"cpufreq",2515200.000000
813359684535939,4,"cpufreq",2515200.000000
813359684544012,5,"cpufreq",2515200.000000
813359684545470,6,"cpufreq",2515200.000000
813359685020939,2,"cpufreq",1920000.000000
813359685021408,3,"cpufreq",1920000.000000
813359685021668,4,"cpufreq",1920000.000000
813359685024272,5,"cpufreq",1920000.000000
813359685024481,6,"cpufreq",1920000.000000
813359685192762,5,"cpufreq",2188800.000000
813359685193387,6,"cpufreq",2188800.000000
813359685338231,2,"cpufreq",2131200.000000
813359685338908,3,"cpufreq",2131200.000000
813359685339324,4,"cpufreq",2131200.000000
813359685343387,5,"cpufreq",2131200.000000
813359685343908,6,"cpufreq",2131200.000000
813359685373491,5,"cpufreq",2707200.000000
813359685374064,6,"cpufreq",2707200.000000
813359685411356,2,"cpufreq",2707200.000000
813359685411772,3,"cpufreq",2707200.000000
813359685412085,4,"cpufreq",2707200.000000
813359685608179,2,"cpufreq",2035200.000000
813359685608699,3,"cpufreq",2035200.000000
813359685608960,4,"cpufreq",2035200.000000
813359685611877,5,"cpufreq",2035200.000000
813359685612189,6,"cpufreq",2035200.000000
813359685705887,5,"cpufreq",2707200.000000
813359685706408,6,"cpufreq",2707200.000000
813359685780991,2,"cpufreq",2707200.000000
813359685781304,3,"cpufreq",2707200.000000
813359685781668,4,"cpufreq",2707200.000000
813359686811460,2,"cpufreq",2380800.000000
813359686813074,3,"cpufreq",2380800.000000
813359686814377,4,"cpufreq",2380800.000000
813359686822345,5,"cpufreq",2380800.000000
813359686824429,6,"cpufreq",2380800.000000
813359686929481,2,"cpufreq",2630400.000000
813359686931043,3,"cpufreq",2630400.000000
813359686932397,4,"cpufreq",2630400.000000
813359686939741,5,"cpufreq",2630400.000000
813359686941616,6,"cpufreq",2630400.000000
813359686955262,5,"cpufreq",2707200.000000
813359686955887,6,"cpufreq",2707200.000000
813359687341304,2,"cpufreq",2323200.000000
813359687341616,3,"cpufreq",2323200.000000
813359687341877,4,"cpufreq",2323200.000000
813359687345887,5,"cpufreq",2323200.000000
813359687346408,6,"cpufreq",2323200.000000
813359687827970,5,"cpufreq",2707200.000000
813359687829272,6,"cpufreq",2707200.000000
813359687870939,2,"cpufreq",2707200.000000
813359687871981,3,"cpufreq",2707200.000000
813359687872866,4,"cpufreq",2707200.000000
813359688163335,2,"cpufreq",2380800.000000
813359688163908,3,"cpufreq",2380800.000000
813359688164168,4,"cpufreq",2380800.000000
813359688167137,5,"cpufreq",2380800.000000
813359688168231,6,"cpufreq",2380800.000000
813359688205262,5,"cpufreq",2707200.000000
813359688206877,6,"cpufreq",2707200.000000
813359688263752,2,"cpufreq",2707200.000000
813359688264585,3,"cpufreq",2707200.000000
813359688264897,4,"cpufreq",2707200.000000
813359688380366,2,"cpufreq",2572800.000000
813359688381772,3,"cpufreq",2572800.000000
813359688383074,4,"cpufreq",2572800.000000
813359688391147,5,"cpufreq",2572800.000000
813359688392658,6,"cpufreq",2572800.000000
813359688414533,5,"cpufreq",2707200.000000
813359688415210,6,"cpufreq",2707200.000000
813359688458439,2,"cpufreq",2707200.000000
813359688459168,3,"cpufreq",2707200.000000
813359688459429,4,"cpufreq",2707200.000000
813359688603908,2,"cpufreq",2630400.000000
813359688604324,3,"cpufreq",2630400.000000
813359688604585,4,"cpufreq",2630400.000000
813359688606981,5,"cpufreq",2630400.000000
813359688607241,6,"cpufreq",2630400.000000
813359688801356,5,"cpufreq",2707200.000000
813359688801877,6,"cpufreq",2707200.000000
813359688843387,2,"cpufreq",2707200.000000
813359688843699,3,"cpufreq",2707200.000000
813359688843960,4,"cpufreq",2707200.000000
813359689499637,2,"cpufreq",2515200.000000
813359689500158,3,"cpufreq",2515200.000000
813359689500418,4,"cpufreq",2515200.000000
813359689504064,5,"cpufreq",2515200.000000
813359689504324,6,"cpufreq",2515200.000000
813359689555835,2,"cpufreq",2380800.000000
813359689556252,3,"cpufreq",2380800.000000
813359689556512,4,"cpufreq",2380800.000000
813359689559272,5,"cpufreq",2380800.000000
813359689559897,6,"cpufreq",2380800.000000
813359689611824,5,"cpufreq",2707200.000000
813359689613595,6,"cpufreq",2707200.000000
813359689753647,5,"cpufreq",2380800.000000
813359689754116,6,"cpufreq",2380800.000000
813359690275106,2,"cpufreq",2035200.000000
813359690276616,3,"cpufreq",2035200.000000
813359690277970,4,"cpufreq",2035200.000000
813359690285262,5,"cpufreq",2035200.000000
813359690286877,6,"cpufreq",2035200.000000
813359691416981,2,"cpufreq",2438400.000000
813359691418647,3,"cpufreq",2438400.000000
813359691420002,4,"cpufreq",2438400.000000
813359691427502,5,"cpufreq",2438400.000000
813359691429012,6,"cpufreq",2438400.000000
813359691754689,2,"cpufreq",2515200.000000
813359691755210,3,"cpufreq",2515200.000000
813359691755522,4,"cpufreq",2515200.000000
813359691758179,5,"cpufreq",2515200.000000
813359691758439,6,"cpufreq",2515200.000000
813359691829272,2,"cpufreq",2438400.000000
813359691830262,3,"cpufreq",2438400.000000
813359691831147,4,"cpufreq",2438400.000000
813359691836877,5,"cpufreq",2438400.000000
813359691838127,6,"cpufreq",2438400.000000
813359692157397,5,"cpufreq",2707200.000000
813359692158231,6,"cpufreq",2707200.000000
813359692276824,2,"cpufreq",2707200.000000
813359692277137,3,"cpufreq",2707200.000000
813359692277397,4,"cpufreq",2707200.000000
813359692413022,2,"cpufreq",2438400.000000
813359692413387,3,"cpufreq",2438400.000000
813359692413752,4,"cpufreq",2438400.000000
813359692417189,5,"cpufreq",2438400.000000
813359692417554,6,"cpufreq",2438400.000000
813359693012449,5,"cpufreq",2707200.000000
813359693013022,6,"cpufreq",2707200.000000
813359693286043,5,"cpufreq",2438400.000000
813359693287189,6,"cpufreq",2438400.000000
813359693521252,5,"cpufreq",2707200.000000
813359693521929,6,"cpufreq",2707200.000000
813359693548231,2,"cpufreq",2707200.000000
813359693548543,3,"cpufreq",2707200.000000
813359693548804,4,"cpufreq",2707200.000000
813359693874897,2,"cpufreq",2438400.000000
813359693875210,3,"cpufreq",2438400.000000
813359693875418,4,"cpufreq",2438400.000000
813359693877502,5,"cpufreq",2438400.000000
813359693877866,6,"cpufreq",2438400.000000
813359693996929,2,"cpufreq",2380800.000000
813359693997293,3,"cpufreq",2380800.000000
813359693997554,4,"cpufreq",2380800.000000
813359694000262,5,"cpufreq",2380800.000000
813359694000887,6,"cpufreq",2380800.000000
813359694051564,2,"cpufreq",2035200.000000
813359694052033,3,"cpufreq",2035200.000000
813359694052449,4,"cpufreq",2035200.000000
813359694055783,5,"cpufreq",2035200.000000
813359694056356,6,"cpufreq",2035200.000000
813359694177554,2,"cpufreq",2246400.000000
813359694179116,3,"cpufreq",2246400.000000
813359694180418,4,"cpufreq",2246400.000000
813359694188752,5,"cpufreq",2246400.000000
813359694190262,6,"cpufreq",2246400.000000
813359694325783,2,"cpufreq",2131200.000000
813359694326356,3,"cpufreq",2131200.000000
813359694326668,4,"cpufreq",2131200.000000
813359694330627,5,"cpufreq",2131200.000000
813359694330991,6,"cpufreq",2131200.000000
813359694632918,2,"cpufreq",2323200.000000
813359694633439,3,"cpufreq",2323200.000000
813359694633752,4,"cpufreq",2323200.000000
813359694637397,5,"cpufreq",2323200.000000
813359694637710,6,"cpufreq",2323200.000000
813359694707137,2,"cpufreq",2131200.000000
813359694707658,3,"cpufreq",2131200.000000
813359694708074,4,"cpufreq",2131200.000000
813359694710939,5,"cpufreq",2131200.000000
813359694711252,6,"cpufreq",2131200.000000
813359695153804,2,"cpufreq",2035200.000000
813359695155314,3,"cpufreq",2035200.000000
813359695156616,4,"cpufreq",2035200.000000
813359695164637,5,"cpufreq",2035200.000000
813359695166304,6,"cpufreq",2035200.000000
813359695432449,2,"cpufreq",2246400.000000
813359695432866,3,"cpufreq",2246400.000000
813359695433179,4,"cpufreq",2246400.000000
813359695437033,5,"cpufreq",2246400.000000
813359695437502,6,"cpufreq",2246400.000000
813359695453804,5,"cpufreq",2572800.000000
813359695454533,6,"cpufreq",2572800.000000
813359695612241,2,"cpufreq",2438400.000000
813359695612554,3,"cpufreq",2438400.000000
813359695612814,4,"cpufreq",2438400.000000
813359695615470,5,"cpufreq",2438400.000000
813359695615887,6,"cpufreq",2438400.000000
813359695659689,5,"cpufreq",2572800.000000
813359695660054,6,"cpufreq",2572800.000000
813359696208335,2,"cpufreq",2515200.000000
813359696210002,3,"cpufreq",2515200.000000
813359696211304,4,"cpufreq",2515200.000000
813359696219012,5,"cpufreq",2515200.000000
813359696220418,6,"cpufreq",2515200.000000
813359697057033,5,"cpufreq",2630400.000000
813359697057397,6,"cpufreq",2630400.000000
813359697213127,2,"cpufreq",2323200.000000
813359697213543,3,"cpufreq",2323200.000000
813359697213856,4,"cpufreq",2323200.000000
813359697216616,5,"cpufreq",2323200.000000
813359697216981,6,"cpufreq",2323200.000000
813359697299897,2,"cpufreq",2188800.000000
813359697300418,3,"cpufreq",2188800.000000
813359697300679,4,"cpufreq",2188800.000000
813359697303231,5,"cpufreq",2188800.000000
813359697303647,6,"cpufreq",2188800.000000
813359697430054,2,"cpufreq",2131200.000000
813359697431512,3,"cpufreq",2131200.000000
813359697432814,4,"cpufreq",2131200.000000
813359697441356,5,"cpufreq",2131200.000000
813359697442866,6,"cpufreq",2131200.000000
813359698868491,5,"cpufreq",2707200.000000
813359698869324,6,"cpufreq",2707200.000000
813359699422606,2,"cpufreq",2707200.000000
813359699423074,3,"cpufreq",2707200.000000
813359699423335,4,"cpufreq",2707200.000000
813359703374637,2,"cpufreq",2131200.000000
813359703376252,3,"cpufreq",2131200.000000
813359703377554,4,"cpufreq",2131200.000000
813359703386772,5,"cpufreq",2131200.000000
813359703388335,6,"cpufreq",2131200.000000
813359708065574,0,"cpufreq",1248000.000000
813359708066668,1,"cpufreq",1248000.000000
813359708075366,2,"cpufreq",729600.000000
813359708076251,3,"cpufreq",729600.000000
813359708077501,4,"cpufreq",729600.000000
813359708087189,5,"cpufreq",729600.000000
813359708088699,6,"cpufreq",729600.000000
813359716191772,0,"cpufreq",672000.000000
813359716194168,1,"cpufreq",672000.000000
813359716208804,2,"cpufreq",614400.000000
813359716210835,3,"cpufreq",614400.000000
813359716213335,4,"cpufreq",614400.000000
813359716231356,5,"cpufreq",499200.000000
813359716235626,6,"cpufreq",499200.000000
813359716514845,0,"cpufreq",1804800.000000
813359716516668,1,"cpufreq",1804800.000000
813359717792762,5,"cpufreq",729600.000000
813359717793960,6,"cpufreq",729600.000000
813359720232918,0,"cpufreq",672000.000000
813359720234585,1,"cpufreq",672000.000000
813359720246720,5,"cpufreq",499200.000000
813359720248543,6,"cpufreq",499200.000000
813359722375939,0,"cpufreq",1804800.000000
813359722379793,1,"cpufreq",1804800.000000
813359723051251,0,"cpufreq",902400.000000
813359723052554,1,"cpufreq",902400.000000
813359723563335,0,"cpufreq",672000.000000
813359723566460,1,"cpufreq",672000.000000
813359724426512,0,"cpufreq",787200.000000
813359724430679,1,"cpufreq",787200.000000
813359724588179,0,"cpufreq",672000.000000
813359724589637,1,"cpufreq",672000.000000
813359726072449,0,"cpufreq",902400.000000
813359726076616,1,"cpufreq",902400.000000
813359726786668,0,"cpufreq",672000.000000
813359726790001,1,"cpufreq",672000.000000
813359727876512,0,"cpufreq",1248000.000000
813359727880418,1,"cpufreq",1248000.000000
813359728301772,0,"cpufreq",672000.000000
813359728303022,1,"cpufreq",672000.000000
813359732186251,0,"cpufreq",787200.000000
813359732187918,1,"cpufreq",787200.000000
813359732346929,0,"cpufreq",902400.000000
813359732348179,1,"cpufreq",902400.000000
813359732416564,0,"cpufreq",1344000.000000
813359732418022,1,"cpufreq",1344000.000000
813359736325470,0,"cpufreq",902400.000000
813359736328126,1,"cpufreq",902400.000000
813359740317397,0,"cpufreq",672000.000000
813359740320679,1,"cpufreq",672000.000000
813359812432397,0,"cpufreq",787200.000000
813359812437658,1,"cpufreq",787200.000000
813359812748491,0,"cpufreq",672000.000000
813359812751095,1,"cpufreq",672000.000000
813359813705314,0,"cpufreq",787200.000000
813359813708022,1,"cpufreq",787200.000000
813359813872970,0,"cpufreq",672000.000000
813359813874637,1,"cpufreq",672000.000000
813359872245106,5,"cpufreq",614400.000000
813359872247137,6,"cpufreq",614400.000000
813359874608856,5,"cpufreq",844800.000000
813359874610783,6,"cpufreq",844800.000000
813359874943491,0,"cpufreq",1459200.000000
813359874947501,1,"cpufreq",1459200.000000
813359875017918,5,"cpufreq",499200.000000
813359875020887,6,"cpufreq",499200.000000
813359875498804,0,"cpufreq",1344000.000000
813359875500679,1,"cpufreq",1344000.000000
813359875509689,5,"cpufreq",844800.000000
813359875510835,6,"cpufreq",844800.000000
813359875553543,0,"cpufreq",787200.000000
813359875554793,1,"cpufreq",787200.000000
813359875669585,0,"cpufreq",1459200.000000
813359875673074,1,"cpufreq",1459200.000000
813359875727762,5,"cpufreq",499200.000000
813359875729897,6,"cpufreq",499200.000000
813359876247814,0,"cpufreq",1344000.000000
813359876250106,1,"cpufreq",1344000.000000
813359876602658,0,"cpufreq",1459200.000000
813359876604064,1,"cpufreq",1459200.000000
813359877056824,5,"cpufreq",729600.000000
813359877058179,6,"cpufreq",729600.000000
813359877112866,0,"cpufreq",1344000.000000
813359877114116,1,"cpufreq",1344000.000000
813359879353751,0,"cpufreq",1459200.000000
813359879355314,1,"cpufreq",1459200.000000
813359879362397,5,"cpufreq",499200.000000
813359879363647,6,"cpufreq",499200.000000
813359879925366,0,"cpufreq",902400.000000
813359879927501,1,"cpufreq",902400.000000
813359880070106,0,"cpufreq",672000.000000
813359880072397,1,"cpufreq",672000.000000
813359880556616,0,"cpufreq",902400.000000
813359880559324,1,"cpufreq",902400.000000
813359880569845,5,"cpufreq",729600.000000
813359880572397,6,"cpufreq",729600.000000
813359880712658,5,"cpufreq",1075200.000000
813359880714012,6,"cpufreq",1075200.000000
813359880734585,0,"cpufreq",1344000.000000
813359880736772,1,"cpufreq",1344000.000000
813359880811408,5,"cpufreq",960000.000000
813359880812658,6,"cpufreq",960000.000000
813359880908491,0,"cpufreq",1689600.000000
813359880909845,1,"cpufreq",1689600.000000
813359881052189,0,"cpufreq",1344000.000000
813359881053960,1,"cpufreq",1344000.000000
813359881059637,5,"cpufreq",844800.000000
813359881061460,6,"cpufreq",844800.000000
813359881405054,0,"cpufreq",1689600.000000
813359881406304,1,"cpufreq",1689600.000000
813359881412397,5,"cpufreq",499200.000000
813359881413179,6,"cpufreq",499200.000000
813359881582137,0,"cpufreq",1132800.000000
813359881583491,1,"cpufreq",1132800.000000
813359882226981,5,"cpufreq",1190400.000000
813359882229481,6,"cpufreq",1190400.000000
813359882273595,0,"cpufreq",1344000.000000
813359882275887,1,"cpufreq",1344000.000000
813359882309272,0,"cpufreq",1804800.000000
813359882310887,1,"cpufreq",1804800.000000
813359882835522,0,"cpufreq",1574400.000000
813359882836616,1,"cpufreq",1574400.000000
813359882840679,5,"cpufreq",499200.000000
813359882841251,6,"cpufreq",499200.000000
813359882974637,0,"cpufreq",1344000.000000
813359882975939,1,"cpufreq",1344000.000000
813359883168022,0,"cpufreq",1689600.000000
813359883170054,1,"cpufreq",1689600.000000
813359883404168,0,"cpufreq",1344000.000000
813359883406095,1,"cpufreq",1344000.000000
813359884064845,0,"cpufreq",1804800.000000
813359884066929,1,"cpufreq",1804800.000000
813359884218543,5,"cpufreq",729600.000000
813359884220626,6,"cpufreq",729600.000000
813359884804637,5,"cpufreq",960000.000000
813359884806251,6,"cpufreq",960000.000000
813359884916460,5,"cpufreq",729600.000000
813359884917970,6,"cpufreq",729600.000000
813359884959429,5,"cpufreq",1190400.000000
813359884960887,6,"cpufreq",1190400.000000
813359885581199,0,"cpufreq",1574400.000000
813359885582241,1,"cpufreq",1574400.000000
813359885880314,0,"cpufreq",1804800.000000
813359885882189,1,"cpufreq",1804800.000000
813359886516095,2,"cpufreq",729600.000000
813359886517606,3,"cpufreq",729600.000000
813359886518908,4,"cpufreq",729600.000000
813359886880106,0,"cpufreq",1574400.000000
813359886881043,1,"cpufreq",1574400.000000
813359887531147,5,"cpufreq",729600.000000
813359887533022,6,"cpufreq",729600.000000
813359887798074,0,"cpufreq",1689600.000000
813359887799481,1,"cpufreq",1689600.000000
813359887906304,0,"cpufreq",1804800.000000
813359887908022,1,"cpufreq",1804800.000000
813359888057606,5,"cpufreq",499200.000000
813359888058804,6,"cpufreq",499200.000000
813359888277762,0,"cpufreq",1689600.000000
813359888279324,1,"cpufreq",1689600.000000
813359888507970,5,"cpufreq",729600.000000
813359888509585,6,"cpufreq",729600.000000
813359888554533,0,"cpufreq",1344000.000000
813359888556043,1,"cpufreq",1344000.000000
813359888635001,5,"cpufreq",844800.000000
813359888636512,6,"cpufreq",844800.000000
813359888863595,5,"cpufreq",729600.000000
813359888864845,6,"cpufreq",729600.000000
813359889076460,0,"cpufreq",1574400.000000
813359889077866,1,"cpufreq",1574400.000000
813359889083231,5,"cpufreq",614400.000000
813359889084481,6,"cpufreq",614400.000000
813359889182397,0,"cpufreq",1804800.000000
813359889183908,1,"cpufreq",1804800.000000
813359889526668,0,"cpufreq",1574400.000000
813359889528126,1,"cpufreq",1574400.000000
813359889535679,5,"cpufreq",844800.000000
813359889537085,6,"cpufreq",844800.000000
813359889840262,5,"cpufreq",729600.000000
813359889842033,6,"cpufreq",729600.000000
813359889935574,5,"cpufreq",499200.000000
813359889937241,6,"cpufreq",499200.000000
813359890167554,0,"cpufreq",1459200.000000
813359890169845,1,"cpufreq",1459200.000000
813359891455262,0,"cpufreq",1804800.000000
813359891457710,1,"cpufreq",1804800.000000
813359891469168,2,"cpufreq",614400.000000
813359891470939,3,"cpufreq",614400.000000
813359891473283,4,"cpufreq",614400.000000
813359891481147,5,"cpufreq",729600.000000
813359891482918,6,"cpufreq",729600.000000
813359891537137,5,"cpufreq",614400.000000
813359891538179,6,"cpufreq",614400.000000
813359891935626,5,"cpufreq",960000.000000
813359891936720,6,"cpufreq",960000.000000
813359892022345,5,"cpufreq",1190400.000000
813359892023179,6,"cpufreq",1190400.000000
813359896282658,5,"cpufreq",844800.000000
813359896284429,6,"cpufreq",844800.000000
813359900161772,0,"cpufreq",672000.000000
813359900163126,1,"cpufreq",672000.000000
813359900175939,5,"cpufreq",499200.000000
813359900176929,6,"cpufreq",499200.000000
813359913757033,0,"cpufreq",1344000.000000
813359913759897,1,"cpufreq",1344000.000000
813359914426147,0,"cpufreq",672000.000000
813359914428179,1,"cpufreq",672000.000000
813359914793856,0,"cpufreq",787200.000000
813359914795574,1,"cpufreq",787200.000000
813359914907814,0,"cpufreq",672000.000000
813359914909376,1,"cpufreq",672000.000000
813359916407814,0,"cpufreq",902400.000000
813359916410939,1,"cpufreq",902400.000000
813359916710574,0,"cpufreq",672000.000000
813359916712554,1,"cpufreq",672000.000000
813359936340158,5,"cpufreq",614400.000000
813359936343543,6,"cpufreq",614400.000000
813359936430731,5,"cpufreq",499200.000000
813359936431824,6,"cpufreq",499200.000000
813359936969637,0,"cpufreq",787200.000000
813359936973699,1,"cpufreq",787200.000000
813359937746356,0,"cpufreq",672000.000000
813359937748803,1,"cpufreq",672000.000000
813359937839533,0,"cpufreq",1017600.000000
813359937844012,1,"cpufreq",1017600.000000
813359938210678,0,"cpufreq",672000.000000
813359938212449,1,"cpufreq",672000.000000
813359973684741,0,"cpufreq",902400.000000
813359973686616,1,"cpufreq",902400.000000
813359980173856,0,"cpufreq",672000.000000
813359980176147,1,"cpufreq",672000.000000
813360163133126,0,"cpufreq",902400.000000
813360163137710,1,"cpufreq",902400.000000
813360164392397,0,"cpufreq",672000.000000
813360164395418,1,"cpufreq",672000.000000
813360165216928,0,"cpufreq",1804800.000000
813360165220730,1,"cpufreq",1804800.000000
813360165485105,0,"cpufreq",902400.000000
813360165486876,1,"cpufreq",902400.000000
813360166239480,0,"cpufreq",1804800.000000
813360166242293,1,"cpufreq",1804800.000000
813360166561199,5,"cpufreq",1075200.000000
813360166563491,6,"cpufreq",1075200.000000
813360166636564,0,"cpufreq",1017600.000000
813360166638283,1,"cpufreq",1017600.000000
813360166785678,0,"cpufreq",1132800.000000
813360166788387,1,"cpufreq",1132800.000000
813360166797189,5,"cpufreq",499200.000000
813360166799585,6,"cpufreq",499200.000000
813360166927501,0,"cpufreq",1804800.000000
813360166929064,1,"cpufreq",1804800.000000
813360167311720,0,"cpufreq",1248000.000000
813360167313387,1,"cpufreq",1248000.000000
813360167324637,5,"cpufreq",1190400.000000
813360167326095,6,"cpufreq",1190400.000000
813360167517918,0,"cpufreq",672000.000000
813360167519897,1,"cpufreq",672000.000000
813360168187449,5,"cpufreq",499200.000000
813360168189012,6,"cpufreq",499200.000000
813360172232918,0,"cpufreq",787200.000000
813360172236668,1,"cpufreq",787200.000000
813360180190783,0,"cpufreq",672000.000000
813360180192553,1,"cpufreq",672000.000000
813360194341147,0,"cpufreq",902400.000000
813360194344376,1,"cpufreq",902400.000000
813360195549012,0,"cpufreq",672000.000000
813360195552710,1,"cpufreq",672000.000000
813360211017710,5,"cpufreq",614400.000000
813360211019897,6,"cpufreq",614400.000000
813360211450314,5,"cpufreq",499200.000000
813360211454637,6,"cpufreq",499200.000000
813360260515210,5,"cpufreq",960000.000000
813360260517241,6,"cpufreq",960000.000000
813360262351303,5,"cpufreq",499200.000000
813360262352449,6,"cpufreq",499200.000000
813360263592189,5,"cpufreq",1075200.000000
813360263594324,6,"cpufreq",1075200.000000
813360263796199,5,"cpufreq",1190400.000000
813360263797033,6,"cpufreq",1190400.000000
813360264669376,0,"cpufreq",787200.000000
813360264673387,1,"cpufreq",787200.000000
813360264687710,5,"cpufreq",499200.000000
813360264692085,6,"cpufreq",499200.000000
813360264828595,0,"cpufreq",1689600.000000
813360264832189,1,"cpufreq",1689600.000000
813360267234845,0,"cpufreq",1804800.000000
813360267236876,1,"cpufreq",1804800.000000
813360267441303,0,"cpufreq",1574400.000000
813360267442345,1,"cpufreq",1574400.000000
813360268250418,0,"cpufreq",1459200.000000
813360268251512,1,"cpufreq",1459200.000000
813360275387137,0,"cpufreq",672000.000000
813360275388803,1,"cpufreq",672000.000000
813360348914897,0,"cpufreq",902400.000000
813360348919064,1,"cpufreq",902400.000000
813360358405626,0,"cpufreq",672000.000000
813360358407866,1,"cpufreq",672000.000000
813360402225105,0,"cpufreq",787200.000000
813360402229480,1,"cpufreq",787200.000000
813360403473074,0,"cpufreq",672000.000000
813360403475678,1,"cpufreq",672000.000000
813360411511147,0,"cpufreq",1344000.000000
813360411513803,1,"cpufreq",1344000.000000
813360411744168,0,"cpufreq",1017600.000000
813360411746251,1,"cpufreq",1017600.000000
813360419561147,0,"cpufreq",902400.000000
813360419562710,1,"cpufreq",902400.000000
813360431313439,0,"cpufreq",672000.000000
813360431316407,1,"cpufreq",672000.000000
813360484010730,0,"cpufreq",787200.000000
813360484014793,1,"cpufreq",787200.000000
813360496978751,0,"cpufreq",672000.000000
813360496981199,1,"cpufreq",672000.000000
813360599915470,0,"cpufreq",1132800.000000
813360599918387,1,"cpufreq",1132800.000000
813360600728282,0,"cpufreq",1248000.000000
813360600729845,1,"cpufreq",1248000.000000
813360601943230,0,"cpufreq",672000.000000
813360601945991,1,"cpufreq",672000.000000
813360603266564,5,"cpufreq",844800.000000
813360603271616,6,"cpufreq",844800.000000
813360603492553,5,"cpufreq",499200.000000
813360603497084,6,"cpufreq",499200.000000
813360605171303,0,"cpufreq",787200.000000
813360605174168,1,"cpufreq",787200.000000
813360609603178,5,"cpufreq",729600.000000
813360609605157,6,"cpufreq",729600.000000
813360609756928,5,"cpufreq",499200.000000
813360609760366,6,"cpufreq",499200.000000
813360610495730,5,"cpufreq",614400.000000
813360610498126,6,"cpufreq",614400.000000
813360610662970,5,"cpufreq",499200.000000
813360610666407,6,"cpufreq",499200.000000
813360611219220,5,"cpufreq",614400.000000
813360611221668,6,"cpufreq",614400.000000
813360611391772,0,"cpufreq",1132800.000000
813360611393334,1,"cpufreq",1132800.000000
813360611400522,5,"cpufreq",729600.000000
813360611401668,6,"cpufreq",729600.000000
813360611432241,0,"cpufreq",1344000.000000
813360611433595,1,"cpufreq",1344000.000000
813360611712918,0,"cpufreq",1248000.000000
813360611714741,1,"cpufreq",1248000.000000
813360611724220,5,"cpufreq",614400.000000
813360611726147,6,"cpufreq",614400.000000
813360611816147,0,"cpufreq",1132800.000000
813360611817553,1,"cpufreq",1132800.000000
813360616321512,0,"cpufreq",1344000.000000
813360616324584,1,"cpufreq",1344000.000000
813360620440157,0,"cpufreq",672000.000000
813360620441512,1,"cpufreq",672000.000000
813360620455418,5,"cpufreq",499200.000000
813360620456459,6,"cpufreq",499200.000000
813360657613282,0,"cpufreq",902400.000000
813360657617189,1,"cpufreq",902400.000000
813360659583699,0,"cpufreq",1344000.000000
813360659586043,1,"cpufreq",1344000.000000
813360660236824,0,"cpufreq",902400.000000
813360660239324,1,"cpufreq",902400.000000
813360660248126,5,"cpufreq",614400.000000
813360660251199,6,"cpufreq",614400.000000
813360660491720,5,"cpufreq",499200.000000
813360660493803,6,"cpufreq",499200.000000
813360660587241,0,"cpufreq",672000.000000
813360660590470,1,"cpufreq",672000.000000
813360660599168,5,"cpufreq",614400.000000
813360660602709,6,"cpufreq",614400.000000
813360662491876,0,"cpufreq",902400.000000
813360662495678,1,"cpufreq",902400.000000
813360662506980,5,"cpufreq",499200.000000
813360662510470,6,"cpufreq",499200.000000
813360663784897,0,"cpufreq",672000.000000
813360663786928,1,"cpufreq",672000.000000
813360663797762,5,"cpufreq",729600.000000
813360663799584,6,"cpufreq",729600.000000
813360664286616,0,"cpufreq",902400.000000
813360664289168,1,"cpufreq",902400.000000
813360664299220,5,"cpufreq",499200.000000
813360664301616,6,"cpufreq",499200.000000
813360664432345,0,"cpufreq",1344000.000000
813360664435157,1,"cpufreq",1344000.000000
813360664588178,0,"cpufreq",1017600.000000
813360664590834,1,"cpufreq",1017600.000000
813360667778074,0,"cpufreq",672000.000000
813360667781095,1,"cpufreq",672000.000000
813360678132553,0,"cpufreq",1132800.000000
813360678135418,1,"cpufreq",1132800.000000
813360686962241,0,"cpufreq",672000.000000
813360686964689,1,"cpufreq",672000.000000
813360730431512,0,"cpufreq",787200.000000
813360730435366,1,"cpufreq",787200.000000
813360732257814,0,"cpufreq",672000.000000
813360732263178,1,"cpufreq",672000.000000
813360806144116,0,"cpufreq",787200.000000
813360806148074,1,"cpufreq",787200.000000
813360807149116,0,"cpufreq",672000.000000
813360807151459,1,"cpufreq",672000.000000
813360853923126,5,"cpufreq",960000.000000
813360853928491,6,"cpufreq",960000.000000
813360855918595,5,"cpufreq",499200.000000
813360855920053,6,"cpufreq",499200.000000
813361143446668,0,"cpufreq",902400.000000
813361143450938,1,"cpufreq",902400.000000
813361144865261,5,"cpufreq",1190400.000000
813361144867188,6,"cpufreq",1190400.000000
813361144940522,0,"cpufreq",672000.000000
813361144942084,1,"cpufreq",672000.000000
813361145026928,0,"cpufreq",1804800.000000
813361145027657,1,"cpufreq",1804800.000000
813361145415209,0,"cpufreq",672000.000000
813361145416199,1,"cpufreq",672000.000000
813361145423022,5,"cpufreq",499200.000000
813361145423907,6,"cpufreq",499200.000000
813361146078022,0,"cpufreq",1804800.000000
813361146079532,1,"cpufreq",1804800.000000
813361146269168,5,"cpufreq",1190400.000000
813361146270626,6,"cpufreq",1190400.000000
813361148153230,0,"cpufreq",672000.000000
813361148154949,1,"cpufreq",672000.000000
813361148164168,5,"cpufreq",499200.000000
813361148164636,6,"cpufreq",499200.000000
813361178474584,0,"cpufreq",1132800.000000
813361178479063,1,"cpufreq",1132800.000000
813361178906668,0,"cpufreq",672000.000000
813361178909688,1,"cpufreq",672000.000000
813361211805938,0,"cpufreq",787200.000000
813361211810105,1,"cpufreq",787200.000000
813361221949636,0,"cpufreq",672000.000000
813361221952657,1,"cpufreq",672000.000000
813361238651928,5,"cpufreq",614400.000000
813361238653959,6,"cpufreq",614400.000000
813361243518699,5,"cpufreq",499200.000000
813361243523490,6,"cpufreq",499200.000000
813361251935209,5,"cpufreq",614400.000000
813361251937709,6,"cpufreq",614400.000000
813361253589584,5,"cpufreq",499200.000000
813361253594376,6,"cpufreq",499200.000000
813361254668282,5,"cpufreq",614400.000000
813361254670105,6,"cpufreq",614400.000000
813361256381876,5,"cpufreq",499200.000000
813361256386251,6,"cpufreq",499200.000000
813361259556772,0,"cpufreq",1574400.000000
813361259560834,1,"cpufreq",1574400.000000
813361263413907,0,"cpufreq",1248000.000000
813361263416407,1,"cpufreq",1248000.000000
813361264335678,0,"cpufreq",1344000.000000
813361264337761,1,"cpufreq",1344000.000000
813361264580418,0,"cpufreq",1248000.000000
813361264581980,1,"cpufreq",1248000.000000
813361268178959,0,"cpufreq",1017600.000000
813361268181251,1,"cpufreq",1017600.000000
813361275460157,0,"cpufreq",672000.000000
813361275463699,1,"cpufreq",672000.000000
813361284474115,5,"cpufreq",614400.000000
813361284475938,6,"cpufreq",614400.000000
813361285393074,5,"cpufreq",499200.000000
813361285394532,6,"cpufreq",499200.000000
813361307509740,0,"cpufreq",1344000.000000
813361307511459,1,"cpufreq",1344000.000000
813361316209636,0,"cpufreq",672000.000000
813361316211824,1,"cpufreq",672000.000000
813361399009740,0,"cpufreq",556800.000000
813361399014845,1,"cpufreq",556800.000000
813361406687136,0,"cpufreq",902400.000000
813361406692397,1,"cpufreq",902400.000000
813361407243282,0,"cpufreq",672000.000000
813361407246251,1,"cpufreq",672000.000000
813361408589740,0,"cpufreq",556800.000000
813361408594272,1,"cpufreq",556800.000000
813361409904168,0,"cpufreq",672000.000000
813361409906043,1,"cpufreq",672000.000000
813361410727397,0,"cpufreq",556800.000000
813361410730990,1,"cpufreq",556800.000000
813361410911615,0,"cpufreq",1017600.000000
813361410916355,1,"cpufreq",1017600.000000
813361411539011,0,"cpufreq",556800.000000
813361411541355,1,"cpufreq",556800.000000
813361420233855,0,"cpufreq",787200.000000
813361420238907,1,"cpufreq",787200.000000
813361420524168,0,"cpufreq",556800.000000
813361420525938,1,"cpufreq",556800.000000
813361420538855,5,"cpufreq",614400.000000
813361420540209,6,"cpufreq",614400.000000
813361420685418,5,"cpufreq",499200.000000
813361420688959,6,"cpufreq",499200.000000
813361421137709,0,"cpufreq",902400.000000
813361421140834,1,"cpufreq",902400.000000
813361421444845,0,"cpufreq",787200.000000
813361421446563,1,"cpufreq",787200.000000
813361422902345,0,"cpufreq",556800.000000
813361422904168,1,"cpufreq",556800.000000
813361422911980,5,"cpufreq",614400.000000
813361422914011,6,"cpufreq",614400.000000
813361424063699,0,"cpufreq",672000.000000
813361424068595,1,"cpufreq",672000.000000
813361424083334,5,"cpufreq",499200.000000
813361424088126,6,"cpufreq",499200.000000
813361425513438,0,"cpufreq",1017600.000000
813361425517657,1,"cpufreq",1017600.000000
813361428610209,0,"cpufreq",1344000.000000
813361428612918,1,"cpufreq",1344000.000000
813361437453386,0,"cpufreq",787200.000000
813361437455105,1,"cpufreq",787200.000000
813361455561303,0,"cpufreq",556800.000000
813361455563334,1,"cpufreq",556800.000000
813361458111511,0,"cpufreq",672000.000000
813361458115053,1,"cpufreq",672000.000000
813361479104532,0,"cpufreq",1017600.000000
813361479108959,1,"cpufreq",1017600.000000
813361480230522,0,"cpufreq",556800.000000
813361480232292,1,"cpufreq",556800.000000
813361484144845,0,"cpufreq",672000.000000
813361484146251,1,"cpufreq",672000.000000
813361501797917,0,"cpufreq",556800.000000
813361501804220,1,"cpufreq",556800.000000
813361511243699,5,"cpufreq",729600.000000
813361511245730,6,"cpufreq",729600.000000
813361512482345,5,"cpufreq",499200.000000
813361512487345,6,"cpufreq",499200.000000
813361512641876,0,"cpufreq",902400.000000
813361512646928,1,"cpufreq",902400.000000
813361515242761,0,"cpufreq",556800.000000
813361515245990,1,"cpufreq",556800.000000
813361515490470,0,"cpufreq",672000.000000
813361515495470,1,"cpufreq",672000.000000
813361516300522,0,"cpufreq",787200.000000
813361516304845,1,"cpufreq",787200.000000
813361520243282,0,"cpufreq",672000.000000
813361520245261,1,"cpufreq",672000.000000
813361524342657,0,"cpufreq",787200.000000
813361524346824,1,"cpufreq",787200.000000
813361528146563,0,"cpufreq",672000.000000
813361528148490,1,"cpufreq",672000.000000
813361529283074,0,"cpufreq",787200.000000
813361529287240,1,"cpufreq",787200.000000
813361532207501,0,"cpufreq",672000.000000
813361532211511,1,"cpufreq",672000.000000
813361548244376,0,"cpufreq",556800.000000
813361548247449,1,"cpufreq",556800.000000
813361559763438,0,"cpufreq",1132800.000000
813361559767084,1,"cpufreq",1132800.000000
813361560127813,0,"cpufreq",787200.000000
813361560130470,1,"cpufreq",787200.000000
813361563599532,0,"cpufreq",672000.000000
813361563603178,1,"cpufreq",672000.000000
813361564762345,0,"cpufreq",902400.000000
813361564763751,1,"cpufreq",902400.000000
813361572184897,0,"cpufreq",1017600.000000
813361572185990,1,"cpufreq",1017600.000000
813361576332865,0,"cpufreq",1344000.000000
813361576335626,1,"cpufreq",1344000.000000
813361585037084,0,"cpufreq",672000.000000
813361585039011,1,"cpufreq",672000.000000
813361600412605,0,"cpufreq",556800.000000
813361600417397,1,"cpufreq",556800.000000
813361606490886,0,"cpufreq",787200.000000
813361606494115,1,"cpufreq",787200.000000
813361607179532,0,"cpufreq",556800.000000
813361607181772,1,"cpufreq",556800.000000
813361608387761,0,"cpufreq",787200.000000
813361608393022,1,"cpufreq",787200.000000
813361608927240,0,"cpufreq",556800.000000
813361608929584,1,"cpufreq",556800.000000
813361678905053,0,"cpufreq",787200.000000
813361678909844,1,"cpufreq",787200.000000
813361695063178,0,"cpufreq",556800.000000
813361695065626,1,"cpufreq",556800.000000
813361747769011,2,"cpufreq",2246400.000000
813361747770834,3,"cpufreq",2246400.000000
813361747771980,4,"cpufreq",2246400.000000
813361756473022,2,"cpufreq",614400.000000
813361756473647,3,"cpufreq",614400.000000
813361756473959,4,"cpufreq",614400.000000
813361765476094,0,"cpufreq",672000.000000
813361765481511,1,"cpufreq",672000.000000
813361773208855,0,"cpufreq",556800.000000
813361773213699,1,"cpufreq",556800.000000
813361807283178,0,"cpufreq",787200.000000
813361807288126,1,"cpufreq",787200.000000
813361807499740,0,"cpufreq",902400.000000
813361807501980,1,"cpufreq",902400.000000
813361808814376,0,"cpufreq",556800.000000
813361808816303,1,"cpufreq",556800.000000
813361831182136,0,"cpufreq",902400.000000
813361831187344,1,"cpufreq",902400.000000
813361832309011,0,"cpufreq",556800.000000
813361832312032,1,"cpufreq",556800.000000
813361974159167,0,"cpufreq",1017600.000000
813361974164428,1,"cpufreq",1017600.000000
813361977415365,0,"cpufreq",787200.000000
813361977417917,1,"cpufreq",787200.000000
813361978042292,0,"cpufreq",556800.000000
813361978044896,1,"cpufreq",556800.000000
813362172057605,0,"cpufreq",1017600.000000
813362172064063,1,"cpufreq",1017600.000000
813362188009792,0,"cpufreq",556800.000000
813362188012605,1,"cpufreq",556800.000000
813362283730938,0,"cpufreq",1132800.000000
813362283733073,1,"cpufreq",1132800.000000
813362292259844,0,"cpufreq",556800.000000
813362292265730,1,"cpufreq",556800.000000
813362298478021,0,"cpufreq",672000.000000
813362298485261,1,"cpufreq",672000.000000
813362300275417,0,"cpufreq",902400.000000
813362300280417,1,"cpufreq",902400.000000
813362300500886,0,"cpufreq",1017600.000000
813362300504219,1,"cpufreq",1017600.000000
813362300706928,0,"cpufreq",672000.000000
813362300709271,1,"cpufreq",672000.000000
813362302353855,0,"cpufreq",556800.000000
813362302355573,1,"cpufreq",556800.000000
813362312365730,0,"cpufreq",672000.000000
813362312371198,1,"cpufreq",672000.000000
813362315929636,0,"cpufreq",1804800.000000
813362315931459,1,"cpufreq",1804800.000000
813362332447709,0,"cpufreq",556800.000000
813362332448959,1,"cpufreq",556800.000000
813362332460469,2,"cpufreq",2707200.000000
813362332461407,3,"cpufreq",2707200.000000
813362332462240,4,"cpufreq",2707200.000000
813362347749323,5,"cpufreq",614400.000000
813362347752709,6,"cpufreq",614400.000000
813362347982500,5,"cpufreq",499200.000000
813362347987553,6,"cpufreq",499200.000000
813362350571407,5,"cpufreq",729600.000000
813362350572657,6,"cpufreq",729600.000000
813362350705886,0,"cpufreq",672000.000000
813362350706928,1,"cpufreq",672000.000000
813362351710365,0,"cpufreq",556800.000000
813362351711928,1,"cpufreq",556800.000000
813362351718334,5,"cpufreq",614400.000000
813362351719688,6,"cpufreq",614400.000000
813362352660834,0,"cpufreq",1344000.000000
813362352661303,1,"cpufreq",1344000.000000
813362352717396,0,"cpufreq",1017600.000000
813362352717813,1,"cpufreq",1017600.000000
813362352723021,5,"cpufreq",499200.000000
813362352723438,6,"cpufreq",499200.000000
813362352769375,0,"cpufreq",1344000.000000
813362352772136,1,"cpufreq",1344000.000000
813362352950053,0,"cpufreq",556800.000000
813362352951719,1,"cpufreq",556800.000000
813362352960000,5,"cpufreq",614400.000000
813362352960834,6,"cpufreq",614400.000000
813362353291198,5,"cpufreq",499200.000000
813362353292396,6,"cpufreq",499200.000000
813362353543073,5,"cpufreq",614400.000000
813362353544167,6,"cpufreq",614400.000000
813362354069011,5,"cpufreq",499200.000000
813362354070261,6,"cpufreq",499200.000000
813362354574428,5,"cpufreq",614400.000000
813362354576094,6,"cpufreq",614400.000000
813362356591094,5,"cpufreq",499200.000000
813362356596146,6,"cpufreq",499200.000000
813362363518542,0,"cpufreq",1344000.000000
813362363520730,1,"cpufreq",1344000.000000
813362363533490,2,"cpufreq",614400.000000
813362363534792,3,"cpufreq",614400.000000
813362363535886,4,"cpufreq",614400.000000
813362364238021,0,"cpufreq",672000.000000
813362364240053,1,"cpufreq",672000.000000
813362380230521,0,"cpufreq",556800.000000
813362380235261,1,"cpufreq",556800.000000
813362585905469,0,"cpufreq",1017600.000000
813362585910313,1,"cpufreq",1017600.000000
813362586595938,0,"cpufreq",672000.000000
813362586598490,1,"cpufreq",672000.000000
813362587337292,0,"cpufreq",556800.000000
813362587340000,1,"cpufreq",556800.000000
813362587509480,0,"cpufreq",672000.000000
813362587514480,1,"cpufreq",672000.000000
813362589012396,0,"cpufreq",556800.000000
813362589014740,1,"cpufreq",556800.000000
813362596741980,0,"cpufreq",672000.000000
813362596746980,1,"cpufreq",672000.000000
813362601524375,0,"cpufreq",556800.000000
813362601526302,1,"cpufreq",556800.000000
813362603551407,0,"cpufreq",1344000.000000
813362603553334,1,"cpufreq",1344000.000000
813362604412865,0,"cpufreq",787200.000000
813362604415677,1,"cpufreq",787200.000000
813362604867605,0,"cpufreq",1344000.000000
813362604869636,1,"cpufreq",1344000.000000
813362606249896,0,"cpufreq",902400.000000
813362606251927,1,"cpufreq",902400.000000
813362606580313,0,"cpufreq",787200.000000
813362606582552,1,"cpufreq",787200.000000
813362606743386,0,"cpufreq",1344000.000000
813362606746927,1,"cpufreq",1344000.000000
813362606911615,0,"cpufreq",787200.000000
813362606913646,1,"cpufreq",787200.000000
813362607040261,0,"cpufreq",1344000.000000
813362607042032,1,"cpufreq",1344000.000000
813362608607657,0,"cpufreq",556800.000000
813362608609584,1,"cpufreq",556800.000000
813362611923073,0,"cpufreq",902400.000000
813362611927813,1,"cpufreq",902400.000000
813362612058386,0,"cpufreq",1344000.000000
813362612060469,1,"cpufreq",1344000.000000
813362612502240,0,"cpufreq",902400.000000
813362612504688,1,"cpufreq",902400.000000
813362612648490,0,"cpufreq",1344000.000000
813362612651511,1,"cpufreq",1344000.000000
813362612946511,0,"cpufreq",787200.000000
813362612948125,1,"cpufreq",787200.000000
813362615220157,0,"cpufreq",1344000.000000
813362615222136,1,"cpufreq",1344000.000000
813362615233750,5,"cpufreq",614400.000000
813362615235209,6,"cpufreq",614400.000000
813362615562969,0,"cpufreq",1017600.000000
813362615564219,1,"cpufreq",1017600.000000
813362615576980,5,"cpufreq",499200.000000
813362615578438,6,"cpufreq",499200.000000
813362615787865,0,"cpufreq",1344000.000000
813362615790261,1,"cpufreq",1344000.000000
813362616224219,0,"cpufreq",787200.000000
813362616226511,1,"cpufreq",787200.000000
813362616309844,0,"cpufreq",1344000.000000
813362616311407,1,"cpufreq",1344000.000000
813362616632605,0,"cpufreq",787200.000000
813362616634532,1,"cpufreq",787200.000000
813362617406355,0,"cpufreq",1017600.000000
813362617409532,1,"cpufreq",1017600.000000
813362617508386,0,"cpufreq",787200.000000
813362617511980,1,"cpufreq",787200.000000
813362619472605,0,"cpufreq",1344000.000000
813362619476198,1,"cpufreq",1344000.000000
813362619504375,5,"cpufreq",729600.000000
813362619507917,6,"cpufreq",729600.000000
813362619558125,0,"cpufreq",1248000.000000
813362619560521,1,"cpufreq",1248000.000000
813362619694375,0,"cpufreq",1132800.000000
813362619696042,1,"cpufreq",1132800.000000
813362620730261,0,"cpufreq",902400.000000
813362620732448,1,"cpufreq",902400.000000
813362620740990,5,"cpufreq",844800.000000
813362620743334,6,"cpufreq",844800.000000
813362623881719,0,"cpufreq",1017600.000000
813362623883959,1,"cpufreq",1017600.000000
813362623893542,5,"cpufreq",729600.000000
813362623895625,6,"cpufreq",729600.000000
813362631463490,0,"cpufreq",902400.000000
813362631464688,1,"cpufreq",902400.000000
813362633198230,0,"cpufreq",1017600.000000
813362633199688,1,"cpufreq",1017600.000000
813362633339636,0,"cpufreq",902400.000000
813362633341250,1,"cpufreq",902400.000000
813362634642032,5,"cpufreq",844800.000000
813362634643386,6,"cpufreq",844800.000000
813362635016198,5,"cpufreq",729600.000000
813362635017344,6,"cpufreq",729600.000000
813362635688646,5,"cpufreq",614400.000000
813362635692240,6,"cpufreq",614400.000000
813362636212969,0,"cpufreq",1804800.000000
813362636215157,1,"cpufreq",1804800.000000
813362636224375,5,"cpufreq",1190400.000000
813362636225521,6,"cpufreq",1190400.000000
813362640103855,0,"cpufreq",1459200.000000
813362640105521,1,"cpufreq",1459200.000000
813362640225365,0,"cpufreq",1344000.000000
813362640227084,1,"cpufreq",1344000.000000
813362644189584,0,"cpufreq",672000.000000
813362644190886,1,"cpufreq",672000.000000
813362644199896,5,"cpufreq",499200.000000
813362644200521,6,"cpufreq",499200.000000
813362646495209,0,"cpufreq",1017600.000000
813362646499323,1,"cpufreq",1017600.000000
813362648850782,5,"cpufreq",1190400.000000
813362648852813,6,"cpufreq",1190400.000000
813362648897605,0,"cpufreq",672000.000000
813362648899271,1,"cpufreq",672000.000000
813362649654740,0,"cpufreq",1804800.000000
813362649659167,1,"cpufreq",1804800.000000
813362649731980,5,"cpufreq",499200.000000
813362649736511,6,"cpufreq",499200.000000
813362650401667,0,"cpufreq",672000.000000
813362650403646,1,"cpufreq",672000.000000
813362650414115,5,"cpufreq",729600.000000
813362650415417,6,"cpufreq",729600.000000
813362651398073,5,"cpufreq",614400.000000
813362651399167,6,"cpufreq",614400.000000
813362652242657,5,"cpufreq",499200.000000
813362652246823,6,"cpufreq",499200.000000
813362658931927,0,"cpufreq",787200.000000
813362658936042,1,"cpufreq",787200.000000
813362659503802,0,"cpufreq",1344000.000000
813362659506146,1,"cpufreq",1344000.000000
813362663686980,0,"cpufreq",1248000.000000
813362663689740,1,"cpufreq",1248000.000000
813362664276563,0,"cpufreq",1344000.000000
813362664278802,1,"cpufreq",1344000.000000
813362667179844,0,"cpufreq",1248000.000000
813362667181667,1,"cpufreq",1248000.000000
813362668217969,0,"cpufreq",787200.000000
813362668219740,1,"cpufreq",787200.000000
813362668459948,0,"cpufreq",902400.000000
813362668462188,1,"cpufreq",902400.000000
813362673451250,5,"cpufreq",614400.000000
813362673453750,6,"cpufreq",614400.000000
813362674202396,0,"cpufreq",1132800.000000
813362674204063,1,"cpufreq",1132800.000000
813362674214011,5,"cpufreq",499200.000000
813362674215313,6,"cpufreq",499200.000000
813362676215782,0,"cpufreq",672000.000000
813362676219532,1,"cpufreq",672000.000000
813362707530677,5,"cpufreq",614400.000000
813362707535105,6,"cpufreq",614400.000000
813362715552917,5,"cpufreq",499200.000000
813362715558282,6,"cpufreq",499200.000000
813362737432188,0,"cpufreq",902400.000000
813362737435990,1,"cpufreq",902400.000000
813362737938959,0,"cpufreq",672000.000000
813362737940834,1,"cpufreq",672000.000000
813362740140677,5,"cpufreq",614400.000000
813362740145209,6,"cpufreq",614400.000000
813362740364063,5,"cpufreq",499200.000000
813362740368073,6,"cpufreq",499200.000000
813362743017032,5,"cpufreq",614400.000000
813362743019271,6,"cpufreq",614400.000000
813362744263334,5,"cpufreq",499200.000000
813362744265261,6,"cpufreq",499200.000000
813362745382188,0,"cpufreq",787200.000000
813362745385209,1,"cpufreq",787200.000000
813362746125417,0,"cpufreq",672000.000000
813362746129011,1,"cpufreq",672000.000000
813362747529115,0,"cpufreq",1344000.000000
813362747532084,1,"cpufreq",1344000.000000
813362747549896,5,"cpufreq",960000.000000
813362747552865,6,"cpufreq",960000.000000
813362748124636,0,"cpufreq",787200.000000
813362748125834,1,"cpufreq",787200.000000
813362748134532,5,"cpufreq",844800.000000
813362748135573,6,"cpufreq",844800.000000
813362748380990,0,"cpufreq",1132800.000000
813362748383646,1,"cpufreq",1132800.000000
813362748562605,0,"cpufreq",1344000.000000
813362748565573,1,"cpufreq",1344000.000000
813362748638438,5,"cpufreq",960000.000000
813362748639584,6,"cpufreq",960000.000000
813362749174375,5,"cpufreq",729600.000000
813362749175990,6,"cpufreq",729600.000000
813362751026302,0,"cpufreq",672000.000000
813362751027813,1,"cpufreq",672000.000000
813362751037657,5,"cpufreq",844800.000000
813362751040000,6,"cpufreq",844800.000000
813362751786667,5,"cpufreq",1075200.000000
813362751787813,6,"cpufreq",1075200.000000
813362754331198,2,"cpufreq",2707200.000000
813362754332865,3,"cpufreq",2707200.000000
813362754333855,4,"cpufreq",2707200.000000
813362754705677,0,"cpufreq",1017600.000000
813362754709636,1,"cpufreq",1017600.000000
813362754786302,2,"cpufreq",614400.000000
813362754789167,3,"cpufreq",614400.000000
813362754791615,4,"cpufreq",614400.000000
813362755011771,0,"cpufreq",672000.000000
813362755012605,1,"cpufreq",672000.000000
813362755351511,0,"cpufreq",1017600.000000
813362755352500,1,"cpufreq",1017600.000000
813362755440990,0,"cpufreq",1132800.000000
813362755443698,1,"cpufreq",1132800.000000
813362755461407,5,"cpufreq",729600.000000
813362755463959,6,"cpufreq",729600.000000
813362756703125,5,"cpufreq",960000.000000
813362756704896,6,"cpufreq",960000.000000
813362760321459,5,"cpufreq",1075200.000000
813362760324115,6,"cpufreq",1075200.000000
813362763691407,0,"cpufreq",672000.000000
813362763693698,1,"cpufreq",672000.000000
813362763713334,5,"cpufreq",499200.000000
813362763717761,6,"cpufreq",499200.000000
813362778737084,0,"cpufreq",1017600.000000
813362778739115,1,"cpufreq",1017600.000000
813362779569532,0,"cpufreq",672000.000000
813362779571198,1,"cpufreq",672000.000000
813362806566875,0,"cpufreq",902400.000000
813362806570990,1,"cpufreq",902400.000000
813362806961198,0,"cpufreq",1248000.000000
813362806963959,1,"cpufreq",1248000.000000
813362807229167,0,"cpufreq",902400.000000
813362807230625,1,"cpufreq",902400.000000
813362807342761,0,"cpufreq",672000.000000
813362807345104,1,"cpufreq",672000.000000
813362809209219,0,"cpufreq",902400.000000
813362809211459,1,"cpufreq",902400.000000
813362809818802,5,"cpufreq",729600.000000
813362809821771,6,"cpufreq",729600.000000
813362810045052,0,"cpufreq",787200.000000
813362810046302,1,"cpufreq",787200.000000
813362810213334,5,"cpufreq",499200.000000
813362810215000,6,"cpufreq",499200.000000
813362810240365,5,"cpufreq",844800.000000
813362810242761,6,"cpufreq",844800.000000
813362810544115,0,"cpufreq",1248000.000000
813362810547657,1,"cpufreq",1248000.000000
813362810561407,5,"cpufreq",499200.000000
813362810564427,6,"cpufreq",499200.000000
813362811255104,0,"cpufreq",1459200.000000
813362811258021,1,"cpufreq",1459200.000000
813362811477552,0,"cpufreq",902400.000000
813362811479271,1,"cpufreq",902400.000000
813362811716823,0,"cpufreq",1017600.000000
813362811719636,1,"cpufreq",1017600.000000
813362816330104,0,"cpufreq",1344000.000000
813362816331615,1,"cpufreq",1344000.000000
813362819953021,0,"cpufreq",672000.000000
813362819955052,1,"cpufreq",672000.000000
813362856987240,0,"cpufreq",787200.000000
813362856991354,1,"cpufreq",787200.000000
813362859555417,0,"cpufreq",672000.000000
813362859559271,1,"cpufreq",672000.000000
813362915544844,0,"cpufreq",787200.000000
813362915549167,1,"cpufreq",787200.000000
813362919833802,0,"cpufreq",1804800.000000
813362919835573,1,"cpufreq",1804800.000000
813362920292500,0,"cpufreq",787200.000000
813362920293959,1,"cpufreq",787200.000000
813362920545157,0,"cpufreq",672000.000000
813362920548386,1,"cpufreq",672000.000000
813362920561875,5,"cpufreq",729600.000000
813362920568490,6,"cpufreq",729600.000000
813362920785834,5,"cpufreq",499200.000000
813362920787604,6,"cpufreq",499200.000000
813362920866198,0,"cpufreq",1017600.000000
813362920870834,1,"cpufreq",1017600.000000
813362923042188,0,"cpufreq",672000.000000
813362923045573,1,"cpufreq",672000.000000
813362923055313,5,"cpufreq",729600.000000
813362923057761,6,"cpufreq",729600.000000
813362923502500,5,"cpufreq",499200.000000
813362923504011,6,"cpufreq",499200.000000
813362931489532,0,"cpufreq",1344000.000000
813362931491354,1,"cpufreq",1344000.000000
813362931796771,0,"cpufreq",787200.000000
813362931798750,1,"cpufreq",787200.000000
813362936270573,0,"cpufreq",1344000.000000
813362936272761,1,"cpufreq",1344000.000000
813362936752969,0,"cpufreq",787200.000000
813362936754584,1,"cpufreq",787200.000000
813362937375000,0,"cpufreq",1344000.000000
813362937376771,1,"cpufreq",1344000.000000
813362939675521,0,"cpufreq",787200.000000
813362939678125,1,"cpufreq",787200.000000
813362944425938,0,"cpufreq",902400.000000
813362944429115,1,"cpufreq",902400.000000
813362948169011,0,"cpufreq",672000.000000
813362948171875,1,"cpufreq",672000.000000
813362972291354,0,"cpufreq",1344000.000000
813362972295782,1,"cpufreq",1344000.000000
813362973568802,0,"cpufreq",902400.000000
813362973570469,1,"cpufreq",902400.000000
813362976208750,0,"cpufreq",1344000.000000
813362976210782,1,"cpufreq",1344000.000000
813362980138594,0,"cpufreq",672000.000000
813362980139948,1,"cpufreq",672000.000000
813363006575261,0,"cpufreq",787200.000000
813363006579740,1,"cpufreq",787200.000000
813363007719531,0,"cpufreq",672000.000000
813363007721771,1,"cpufreq",672000.000000
813363036192552,0,"cpufreq",902400.000000
813363036196250,1,"cpufreq",902400.000000
813363042367865,0,"cpufreq",787200.000000
813363042369844,1,"cpufreq",787200.000000
813363042779427,0,"cpufreq",902400.000000
813363042781823,1,"cpufreq",902400.000000
813363042975781,0,"cpufreq",672000.000000
813363042978281,1,"cpufreq",672000.000000
813363043169740,5,"cpufreq",614400.000000
813363043171615,6,"cpufreq",614400.000000
813363051828750,5,"cpufreq",844800.000000
813363051830104,6,"cpufreq",844800.000000
813363060212604,5,"cpufreq",1075200.000000
813363060215261,6,"cpufreq",1075200.000000
813363068266042,0,"cpufreq",1804800.000000
813363068273542,1,"cpufreq",1804800.000000
813363068312656,5,"cpufreq",499200.000000
813363068316563,6,"cpufreq",499200.000000
813363084372396,0,"cpufreq",672000.000000
813363084374063,1,"cpufreq",672000.000000
813363084440834,2,"cpufreq",2707200.000000
813363084443802,3,"cpufreq",2707200.000000
813363084448802,4,"cpufreq",2707200.000000
813363101549636,5,"cpufreq",844800.000000
813363101551511,6,"cpufreq",844800.000000
813363101710625,5,"cpufreq",499200.000000
813363101712188,6,"cpufreq",499200.000000
813363105679219,0,"cpufreq",1017600.000000
813363105682136,1,"cpufreq",1017600.000000
813363105956511,0,"cpufreq",787200.000000
813363105958334,1,"cpufreq",787200.000000
813363106124740,0,"cpufreq",672000.000000
813363106127604,1,"cpufreq",672000.000000
813363106934479,0,"cpufreq",787200.000000
813363106938490,1,"cpufreq",787200.000000
813363107248073,0,"cpufreq",672000.000000
813363107251146,1,"cpufreq",672000.000000
813363107440261,0,"cpufreq",1344000.000000
813363107441875,1,"cpufreq",1344000.000000
813363107454792,2,"cpufreq",614400.000000
813363107455834,3,"cpufreq",614400.000000
813363107456823,4,"cpufreq",614400.000000
813363112460573,5,"cpufreq",614400.000000
813363112462084,6,"cpufreq",614400.000000
813363115762865,0,"cpufreq",672000.000000
813363115764584,1,"cpufreq",672000.000000
813363115802292,5,"cpufreq",499200.000000
813363115805209,6,"cpufreq",499200.000000
813363120479948,0,"cpufreq",787200.000000
813363120485052,1,"cpufreq",787200.000000
813363124270000,0,"cpufreq",902400.000000
813363124273959,1,"cpufreq",902400.000000
813363131896823,0,"cpufreq",672000.000000
813363131899323,1,"cpufreq",672000.000000
813363181133021,0,"cpufreq",902400.000000
813363181138021,1,"cpufreq",902400.000000
813363187521406,0,"cpufreq",787200.000000
813363187524271,1,"cpufreq",787200.000000
813363195514479,0,"cpufreq",672000.000000
813363195517865,1,"cpufreq",672000.000000
813363203582344,0,"cpufreq",787200.000000
813363203585000,1,"cpufreq",787200.000000
813363205710990,0,"cpufreq",672000.000000
813363205712969,1,"cpufreq",672000.000000
813363208067865,5,"cpufreq",614400.000000
813363208070365,6,"cpufreq",614400.000000
813363210050208,5,"cpufreq",499200.000000
813363210054740,6,"cpufreq",499200.000000
813363211476563,0,"cpufreq",1344000.000000
813363211480208,1,"cpufreq",1344000.000000
813363212303073,0,"cpufreq",902400.000000
813363212305052,1,"cpufreq",902400.000000
813363215288490,0,"cpufreq",672000.000000
813363215290208,1,"cpufreq",672000.000000
813363215747552,5,"cpufreq",614400.000000
813363215749167,6,"cpufreq",614400.000000
813363220183333,5,"cpufreq",499200.000000
813363220184948,6,"cpufreq",499200.000000
813363222164948,0,"cpufreq",787200.000000
813363222167761,1,"cpufreq",787200.000000
813363224335417,0,"cpufreq",672000.000000
813363224339427,1,"cpufreq",672000.000000
813363228245000,0,"cpufreq",1804800.000000
813363228249792,1,"cpufreq",1804800.000000
813363237694636,0,"cpufreq",672000.000000
813363237696458,1,"cpufreq",672000.000000
813363302762083,0,"cpufreq",1017600.000000
813363302765104,1,"cpufreq",1017600.000000
813363304306042,0,"cpufreq",672000.000000
813363304307761,1,"cpufreq",672000.000000
813363304863854,2,"cpufreq",2188800.000000
813363304865261,3,"cpufreq",2188800.000000
813363304866094,4,"cpufreq",2188800.000000
813363305692240,0,"cpufreq",1248000.000000
813363305693333,1,"cpufreq",1248000.000000
813363307837761,0,"cpufreq",787200.000000
813363307840000,1,"cpufreq",787200.000000
813363307862188,2,"cpufreq",614400.000000
813363307865156,3,"cpufreq",614400.000000
813363307868073,4,"cpufreq",614400.000000
813363310186979,2,"cpufreq",2188800.000000
813363310187813,3,"cpufreq",2188800.000000
813363310188594,4,"cpufreq",2188800.000000
813363314312656,2,"cpufreq",614400.000000
813363314313229,3,"cpufreq",614400.000000
813363314313594,4,"cpufreq",614400.000000
813363315552083,0,"cpufreq",672000.000000
813363315553490,1,"cpufreq",672000.000000
813363330668281,5,"cpufreq",844800.000000
813363330671458,6,"cpufreq",844800.000000
813363331817500,5,"cpufreq",499200.000000
813363331821250,6,"cpufreq",499200.000000
813363341788958,0,"cpufreq",787200.000000
813363341793125,1,"cpufreq",787200.000000
813363343007448,0,"cpufreq",672000.000000
813363343008646,1,"cpufreq",672000.000000
813363350504063,5,"cpufreq",614400.000000
813363350506406,6,"cpufreq",614400.000000
813363351286354,5,"cpufreq",499200.000000
813363351289531,6,"cpufreq",499200.000000
813363352538958,5,"cpufreq",614400.000000
813363352540990,6,"cpufreq",614400.000000
813363352806094,5,"cpufreq",499200.000000
813363352809011,6,"cpufreq",499200.000000
813363353854896,0,"cpufreq",1017600.000000
813363353856667,1,"cpufreq",1017600.000000
813363354970521,5,"cpufreq",960000.000000
813363354972552,6,"cpufreq",960000.000000
813363355264115,0,"cpufreq",672000.000000
813363355266615,1,"cpufreq",672000.000000
813363355277083,5,"cpufreq",499200.000000
813363355279948,6,"cpufreq",499200.000000
813363355594583,5,"cpufreq",729600.000000
813363355598490,6,"cpufreq",729600.000000
813363356086771,5,"cpufreq",960000.000000
813363356088698,6,"cpufreq",960000.000000
813363363499115,5,"cpufreq",499200.000000
813363363503542,6,"cpufreq",499200.000000
813363410153386,5,"cpufreq",614400.000000
813363410155052,6,"cpufreq",614400.000000
813363410598386,0,"cpufreq",902400.000000
813363410601302,1,"cpufreq",902400.000000
813363411473750,0,"cpufreq",672000.000000
813363411475417,1,"cpufreq",672000.000000
813363411490313,5,"cpufreq",499200.000000
813363411491354,6,"cpufreq",499200.000000
813363411744844,0,"cpufreq",1017600.000000
813363411749531,1,"cpufreq",1017600.000000
813363412293854,0,"cpufreq",1344000.000000
813363412295677,1,"cpufreq",1344000.000000
813363412884427,0,"cpufreq",1132800.000000
813363412885990,1,"cpufreq",1132800.000000
813363413041042,0,"cpufreq",1248000.000000
813363413042604,1,"cpufreq",1248000.000000
813363413204323,0,"cpufreq",1132800.000000
813363413206667,1,"cpufreq",1132800.000000
813363413401615,0,"cpufreq",1017600.000000
813363413403958,1,"cpufreq",1017600.000000
813363413843646,0,"cpufreq",787200.000000
813363413845990,1,"cpufreq",787200.000000
813363414128750,0,"cpufreq",902400.000000
813363414130886,1,"cpufreq",902400.000000
813363419739375,0,"cpufreq",672000.000000
813363419742865,1,"cpufreq",672000.000000
813363429382031,5,"cpufreq",614400.000000
813363429387344,6,"cpufreq",614400.000000
813363433926823,0,"cpufreq",902400.000000
813363433929583,1,"cpufreq",902400.000000
813363439042396,0,"cpufreq",672000.000000
813363439043802,1,"cpufreq",672000.000000
813363439060313,5,"cpufreq",499200.000000
813363439061458,6,"cpufreq",499200.000000
813363606676146,0,"cpufreq",1017600.000000
813363606679010,1,"cpufreq",1017600.000000
813363607213698,0,"cpufreq",672000.000000
813363607215417,1,"cpufreq",672000.000000
813363608843750,0,"cpufreq",1248000.000000
813363608846563,1,"cpufreq",1248000.000000
813363609088490,0,"cpufreq",787200.000000
813363609090781,1,"cpufreq",787200.000000
813363610363802,0,"cpufreq",672000.000000
813363610367604,1,"cpufreq",672000.000000
813363611475000,5,"cpufreq",614400.000000
813363611477917,6,"cpufreq",614400.000000
813363611782656,0,"cpufreq",902400.000000
813363611784271,1,"cpufreq",902400.000000
813363611879219,0,"cpufreq",672000.000000
813363611880521,1,"cpufreq",672000.000000
813363611982292,0,"cpufreq",787200.000000
813363611986094,1,"cpufreq",787200.000000
813363612544063,0,"cpufreq",902400.000000
813363612546302,1,"cpufreq",902400.000000
813363613270000,0,"cpufreq",1017600.000000
813363613271979,1,"cpufreq",1017600.000000
813363613282760,5,"cpufreq",499200.000000
813363613285313,6,"cpufreq",499200.000000
813363620152344,0,"cpufreq",672000.000000
813363620154115,1,"cpufreq",672000.000000
813363698513646,0,"cpufreq",1804800.000000
813363698515885,1,"cpufreq",1804800.000000
813363708088125,0,"cpufreq",672000.000000
813363708090000,1,"cpufreq",672000.000000
813363714547240,0,"cpufreq",787200.000000
813363714551354,1,"cpufreq",787200.000000
813363715582344,0,"cpufreq",672000.000000
813363715585990,1,"cpufreq",672000.000000
813363720338698,0,"cpufreq",902400.000000
813363720341615,1,"cpufreq",902400.000000
813363721368333,0,"cpufreq",672000.000000
813363721370469,1,"cpufreq",672000.000000
813363724254687,0,"cpufreq",787200.000000
813363724258854,1,"cpufreq",787200.000000
813363724660937,5,"cpufreq",614400.000000
813363724663177,6,"cpufreq",614400.000000
813363725021927,0,"cpufreq",902400.000000
813363725025833,1,"cpufreq",902400.000000
813363725466875,0,"cpufreq",1344000.000000
813363725468594,1,"cpufreq",1344000.000000
813363727564948,0,"cpufreq",1248000.000000
813363727566250,1,"cpufreq",1248000.000000
813363727575312,5,"cpufreq",499200.000000
813363727577865,6,"cpufreq",499200.000000
813363727675312,0,"cpufreq",1344000.000000
813363727677500,1,"cpufreq",1344000.000000
813363728224271,0,"cpufreq",1132800.000000
813363728226094,1,"cpufreq",1132800.000000
813363728257552,0,"cpufreq",1689600.000000
813363728261198,1,"cpufreq",1689600.000000
813363732173073,0,"cpufreq",1132800.000000
813363732174792,1,"cpufreq",1132800.000000
813363740209635,0,"cpufreq",672000.000000
813363740211458,1,"cpufreq",672000.000000
813363748301354,5,"cpufreq",614400.000000
813363748303906,6,"cpufreq",614400.000000
813363752520208,5,"cpufreq",499200.000000
813363752524479,6,"cpufreq",499200.000000
813363811092604,0,"cpufreq",787200.000000
813363811094687,1,"cpufreq",787200.000000
813363811489271,0,"cpufreq",672000.000000
813363811492083,1,"cpufreq",672000.000000
813363820344844,0,"cpufreq",902400.000000
813363820349427,1,"cpufreq",902400.000000
813363825336458,0,"cpufreq",1248000.000000
813363825338542,1,"cpufreq",1248000.000000
813363828225990,0,"cpufreq",672000.000000
813363828228281,1,"cpufreq",672000.000000
813363836267656,0,"cpufreq",1344000.000000
813363836271198,1,"cpufreq",1344000.000000
813363840331354,0,"cpufreq",1017600.000000
813363840333385,1,"cpufreq",1017600.000000
813363844222760,0,"cpufreq",672000.000000
813363844224844,1,"cpufreq",672000.000000
813363868202031,0,"cpufreq",902400.000000
813363868207031,1,"cpufreq",902400.000000
813363868845052,0,"cpufreq",1574400.000000
813363868848125,1,"cpufreq",1574400.000000
813363875993750,0,"cpufreq",672000.000000
813363875995729,1,"cpufreq",672000.000000
813363879263333,0,"cpufreq",1132800.000000
813363879267239,1,"cpufreq",1132800.000000
813363880516458,0,"cpufreq",672000.000000
813363880518854,1,"cpufreq",672000.000000
813363883525469,0,"cpufreq",902400.000000
813363883527656,1,"cpufreq",902400.000000
813363887464739,5,"cpufreq",729600.000000
813363887467239,6,"cpufreq",729600.000000
813363887747656,0,"cpufreq",787200.000000
813363887749062,1,"cpufreq",787200.000000
813363887757083,5,"cpufreq",844800.000000
813363887758333,6,"cpufreq",844800.000000
813363892209062,0,"cpufreq",672000.000000
813363892213281,1,"cpufreq",672000.000000
813363892242969,5,"cpufreq",499200.000000
813363892248385,6,"cpufreq",499200.000000
813363905135781,0,"cpufreq",902400.000000
813363905140208,1,"cpufreq",902400.000000
813363906091979,0,"cpufreq",1132800.000000
813363906095052,1,"cpufreq",1132800.000000
813363907051198,0,"cpufreq",672000.000000
813363907052917,1,"cpufreq",672000.000000
813363930051823,0,"cpufreq",1344000.000000
813363930056146,1,"cpufreq",1344000.000000
813363930762500,0,"cpufreq",672000.000000
813363930764062,1,"cpufreq",672000.000000
813363973437344,0,"cpufreq",902400.000000
813363973440052,1,"cpufreq",902400.000000
813363981926979,0,"cpufreq",1017600.000000
813363981929271,1,"cpufreq",1017600.000000
813363987747396,0,"cpufreq",672000.000000
813363987749114,1,"cpufreq",672000.000000
813364020359479,0,"cpufreq",787200.000000
813364020363437,1,"cpufreq",787200.000000
813364032175104,0,"cpufreq",672000.000000
813364032179114,1,"cpufreq",672000.000000
813364291664010,0,"cpufreq",1344000.000000
813364291667656,1,"cpufreq",1344000.000000
813364298191250,0,"cpufreq",902400.000000
813364298193333,1,"cpufreq",902400.000000
813364299910416,0,"cpufreq",672000.000000
813364299912552,1,"cpufreq",672000.000000
813364300611250,0,"cpufreq",787200.000000
813364300613750,1,"cpufreq",787200.000000
813364300828958,0,"cpufreq",672000.000000
813364300831666,1,"cpufreq",672000.000000
813364305699114,0,"cpufreq",902400.000000
813364305703854,1,"cpufreq",902400.000000
813364308353021,0,"cpufreq",672000.000000
813364308355521,1,"cpufreq",672000.000000
813364309325781,0,"cpufreq",787200.000000
813364309328021,1,"cpufreq",787200.000000
813364310014010,0,"cpufreq",672000.000000
813364310015625,1,"cpufreq",672000.000000
813364310173177,5,"cpufreq",729600.000000
813364310175208,6,"cpufreq",729600.000000
813364310226718,0,"cpufreq",1017600.000000
813364310227656,1,"cpufreq",1017600.000000
813364310474218,0,"cpufreq",672000.000000
813364310475833,1,"cpufreq",672000.000000
813364310482239,5,"cpufreq",499200.000000
813364310483125,6,"cpufreq",499200.000000
813364314079896,5,"cpufreq",729600.000000
813364314082760,6,"cpufreq",729600.000000
813364314261302,5,"cpufreq",499200.000000
813364314265416,6,"cpufreq",499200.000000
813364315504739,5,"cpufreq",729600.000000
813364315507708,6,"cpufreq",729600.000000
813364323410729,5,"cpufreq",499200.000000
813364323412083,6,"cpufreq",499200.000000
813364372294114,0,"cpufreq",787200.000000
813364372300729,1,"cpufreq",787200.000000
813364375499114,0,"cpufreq",1017600.000000
813364375502656,1,"cpufreq",1017600.000000
813364376839843,0,"cpufreq",672000.000000
813364376841718,1,"cpufreq",672000.000000
813364380186666,0,"cpufreq",787200.000000
813364380191041,1,"cpufreq",787200.000000
813364388188489,0,"cpufreq",672000.000000
813364388190989,1,"cpufreq",672000.000000
813364388297291,0,"cpufreq",787200.000000
813364388302135,1,"cpufreq",787200.000000
813364392292343,0,"cpufreq",672000.000000
813364392294635,1,"cpufreq",672000.000000
813364404224114,5,"cpufreq",614400.000000
813364404225729,6,"cpufreq",614400.000000
813364406741093,5,"cpufreq",499200.000000
813364406745364,6,"cpufreq",499200.000000
813364411849218,0,"cpufreq",1344000.000000
813364411853698,1,"cpufreq",1344000.000000
813364412515677,0,"cpufreq",902400.000000
813364412517864,1,"cpufreq",902400.000000
813364419748073,0,"cpufreq",672000.000000
813364419751927,1,"cpufreq",672000.000000
813364426260052,0,"cpufreq",787200.000000
813364426262343,1,"cpufreq",787200.000000
813364427630260,0,"cpufreq",672000.000000
813364427633698,1,"cpufreq",672000.000000
813364430563489,5,"cpufreq",614400.000000
813364430565260,6,"cpufreq",614400.000000
813364436446198,0,"cpufreq",1017600.000000
813364436450104,1,"cpufreq",1017600.000000
813364436464427,5,"cpufreq",499200.000000
813364436468646,6,"cpufreq",499200.000000
813364436740156,0,"cpufreq",672000.000000
813364436741562,1,"cpufreq",672000.000000
813364439980885,5,"cpufreq",844800.000000
813364439983541,6,"cpufreq",844800.000000
813364440056666,5,"cpufreq",960000.000000
813364440057604,6,"cpufreq",960000.000000
813364440700781,5,"cpufreq",614400.000000
813364440705573,6,"cpufreq",614400.000000
813364451618698,5,"cpufreq",499200.000000
813364451620416,6,"cpufreq",499200.000000
813364520395468,0,"cpufreq",1248000.000000
813364520399895,1,"cpufreq",1248000.000000
813364520528698,0,"cpufreq",672000.000000
813364520530364,1,"cpufreq",672000.000000
813364520666823,0,"cpufreq",1344000.000000
813364520668645,1,"cpufreq",1344000.000000
813364520832395,0,"cpufreq",787200.000000
813364520833645,1,"cpufreq",787200.000000
813364521642968,0,"cpufreq",1344000.000000
813364521645677,1,"cpufreq",1344000.000000
813364522203177,0,"cpufreq",1459200.000000
813364522204948,1,"cpufreq",1459200.000000
813364522727760,0,"cpufreq",1344000.000000
813364522730156,1,"cpufreq",1344000.000000
813364523104791,0,"cpufreq",787200.000000
813364523106145,1,"cpufreq",787200.000000
813364523298593,5,"cpufreq",844800.000000
813364523299948,6,"cpufreq",844800.000000
813364524231458,0,"cpufreq",902400.000000
813364524232552,1,"cpufreq",902400.000000
813364524493073,5,"cpufreq",960000.000000
813364524494635,6,"cpufreq",960000.000000
813364528349531,5,"cpufreq",499200.000000
813364528352864,6,"cpufreq",499200.000000
813364531411823,0,"cpufreq",1017600.000000
813364531413541,1,"cpufreq",1017600.000000
813364544829166,0,"cpufreq",672000.000000
813364544831093,1,"cpufreq",672000.000000
813364556457500,0,"cpufreq",902400.000000
813364556460364,1,"cpufreq",902400.000000
813364558008333,0,"cpufreq",672000.000000
813364558010885,1,"cpufreq",672000.000000
813364562646041,0,"cpufreq",1017600.000000
813364562648541,1,"cpufreq",1017600.000000
813364563417395,0,"cpufreq",672000.000000
813364563418958,1,"cpufreq",672000.000000
813364568342135,0,"cpufreq",787200.000000
813364568346770,1,"cpufreq",787200.000000
813364571639791,0,"cpufreq",1344000.000000
813364571641250,1,"cpufreq",1344000.000000
813364572700364,0,"cpufreq",1017600.000000
813364572702448,1,"cpufreq",1017600.000000
813364580222864,0,"cpufreq",1804800.000000
813364580224948,1,"cpufreq",1804800.000000
813364584200364,0,"cpufreq",1344000.000000
813364584202187,1,"cpufreq",1344000.000000
813364588163385,0,"cpufreq",1248000.000000
813364588164948,1,"cpufreq",1248000.000000
813364595429791,0,"cpufreq",672000.000000
813364595431198,1,"cpufreq",672000.000000
813364605640729,0,"cpufreq",1132800.000000
813364605643698,1,"cpufreq",1132800.000000
813364606381770,0,"cpufreq",902400.000000
813364606384635,1,"cpufreq",902400.000000
813364606859895,0,"cpufreq",672000.000000
813364606861823,1,"cpufreq",672000.000000
813364611251770,0,"cpufreq",902400.000000
813364611256510,1,"cpufreq",902400.000000
813364611488698,0,"cpufreq",1344000.000000
813364611491302,1,"cpufreq",1344000.000000
813364612360677,0,"cpufreq",1017600.000000
813364612362448,1,"cpufreq",1017600.000000
813364612482395,0,"cpufreq",1344000.000000
813364612483958,1,"cpufreq",1344000.000000
813364619460104,0,"cpufreq",672000.000000
813364619462083,1,"cpufreq",672000.000000
813364620230416,0,"cpufreq",1132800.000000
813364620234739,1,"cpufreq",1132800.000000
813364623510468,0,"cpufreq",1804800.000000
813364623512187,1,"cpufreq",1804800.000000
813364628176718,0,"cpufreq",672000.000000
813364628178385,1,"cpufreq",672000.000000
813364711624635,0,"cpufreq",787200.000000
813364711629895,1,"cpufreq",787200.000000
813364715970312,0,"cpufreq",672000.000000
813364715972656,1,"cpufreq",672000.000000
813364728996927,0,"cpufreq",902400.000000
813364729000052,1,"cpufreq",902400.000000
813364732227552,0,"cpufreq",787200.000000
813364732231822,1,"cpufreq",787200.000000
813364737705364,0,"cpufreq",1344000.000000
813364737708802,1,"cpufreq",1344000.000000
813364740160989,0,"cpufreq",902400.000000
813364740162447,1,"cpufreq",902400.000000
813364753079479,0,"cpufreq",672000.000000
813364753083645,1,"cpufreq",672000.000000
813365005455989,0,"cpufreq",902400.000000
813365005461510,1,"cpufreq",902400.000000
813365007088593,0,"cpufreq",672000.000000
813365007090885,1,"cpufreq",672000.000000
813365011435677,0,"cpufreq",1344000.000000
813365011439947,1,"cpufreq",1344000.000000
813365011543177,0,"cpufreq",787200.000000
813365011545364,1,"cpufreq",787200.000000
813365012086562,0,"cpufreq",1017600.000000
813365012088906,1,"cpufreq",1017600.000000
813365012392864,0,"cpufreq",787200.000000
813365012395781,1,"cpufreq",787200.000000
813365012406927,5,"cpufreq",614400.000000
813365012409895,6,"cpufreq",614400.000000
813365012579218,5,"cpufreq",499200.000000
813365012581614,6,"cpufreq",499200.000000
813365020275468,0,"cpufreq",672000.000000
813365020285312,1,"cpufreq",672000.000000
813365067950781,0,"cpufreq",902400.000000
813365067954479,1,"cpufreq",902400.000000
813365076218854,0,"cpufreq",1344000.000000
813365076220885,1,"cpufreq",1344000.000000
813365077741666,0,"cpufreq",1689600.000000
813365077743906,1,"cpufreq",1689600.000000
813365081986874,0,"cpufreq",1804800.000000
813365081988489,1,"cpufreq",1804800.000000
813365092167083,0,"cpufreq",1017600.000000
813365092168854,1,"cpufreq",1017600.000000
813365097473854,0,"cpufreq",1132800.000000
813365097476458,1,"cpufreq",1132800.000000
813365098403072,0,"cpufreq",1017600.000000
813365098405468,1,"cpufreq",1017600.000000
813365099687552,0,"cpufreq",1574400.000000
813365099690677,1,"cpufreq",1574400.000000
813365100306562,0,"cpufreq",1804800.000000
813365100308177,1,"cpufreq",1804800.000000
813365101543854,0,"cpufreq",1574400.000000
813365101545208,1,"cpufreq",1574400.000000
813365104354895,0,"cpufreq",672000.000000
813365104356458,1,"cpufreq",672000.000000
813365104363229,5,"cpufreq",614400.000000
813365104364270,6,"cpufreq",614400.000000
813365105069895,0,"cpufreq",1132800.000000
813365105071145,1,"cpufreq",1132800.000000
813365105230572,0,"cpufreq",672000.000000
813365105231874,1,"cpufreq",672000.000000
813365107596354,0,"cpufreq",902400.000000
813365107600833,1,"cpufreq",902400.000000
813365107632343,5,"cpufreq",1075200.000000
813365107640677,6,"cpufreq",1075200.000000
813365108198281,5,"cpufreq",960000.000000
813365108199166,6,"cpufreq",960000.000000
813365116222604,0,"cpufreq",672000.000000
813365116226302,1,"cpufreq",672000.000000
813365116257656,5,"cpufreq",499200.000000
813365116261406,6,"cpufreq",499200.000000
813365125665312,5,"cpufreq",614400.000000
813365125667343,6,"cpufreq",614400.000000
813365126123697,5,"cpufreq",844800.000000
813365126125156,6,"cpufreq",844800.000000
813365126780729,5,"cpufreq",960000.000000
813365126781874,6,"cpufreq",960000.000000
813365127793177,5,"cpufreq",499200.000000
813365127796093,6,"cpufreq",499200.000000
813365184260729,0,"cpufreq",902400.000000
813365184264895,1,"cpufreq",902400.000000
813365187465885,0,"cpufreq",672000.000000
813365187469843,1,"cpufreq",672000.000000
813365206615468,0,"cpufreq",787200.000000
813365206620572,1,"cpufreq",787200.000000
813365207239739,0,"cpufreq",1017600.000000
813365207243437,1,"cpufreq",1017600.000000
813365208332447,0,"cpufreq",672000.000000
813365208335104,1,"cpufreq",672000.000000
813365211729739,5,"cpufreq",729600.000000
813365211732031,6,"cpufreq",729600.000000
813365211867760,5,"cpufreq",844800.000000
813365211869010,6,"cpufreq",844800.000000
813365212666406,0,"cpufreq",902400.000000
813365212667551,1,"cpufreq",902400.000000
813365212674635,5,"cpufreq",729600.000000
813365212675572,6,"cpufreq",729600.000000
813365213195624,0,"cpufreq",672000.000000
813365213198645,1,"cpufreq",672000.000000
813365213213489,5,"cpufreq",499200.000000
813365213218229,6,"cpufreq",499200.000000
813365214475520,0,"cpufreq",787200.000000
813365214477395,1,"cpufreq",787200.000000
813365214953906,0,"cpufreq",672000.000000
813365214956145,1,"cpufreq",672000.000000
813365219549843,0,"cpufreq",1459200.000000
813365219551458,1,"cpufreq",1459200.000000
813365228208385,0,"cpufreq",787200.000000
813365228213281,1,"cpufreq",787200.000000
813365233231822,5,"cpufreq",1190400.000000
813365233233645,6,"cpufreq",1190400.000000
813365234790676,0,"cpufreq",1804800.000000
813365234794218,1,"cpufreq",1804800.000000
813365234806197,5,"cpufreq",499200.000000
813365234809583,6,"cpufreq",499200.000000
813365236314583,0,"cpufreq",902400.000000
813365236316614,1,"cpufreq",902400.000000
813365236639062,0,"cpufreq",1017600.000000
813365236642864,1,"cpufreq",1017600.000000
813365240576666,0,"cpufreq",787200.000000
813365240579010,1,"cpufreq",787200.000000
813365240787135,0,"cpufreq",1017600.000000
813365240789479,1,"cpufreq",1017600.000000
813365240845781,0,"cpufreq",1132800.000000
813365240847395,1,"cpufreq",1132800.000000
813365244226562,0,"cpufreq",1459200.000000
813365244230104,1,"cpufreq",1459200.000000
813365246470781,5,"cpufreq",844800.000000
813365246472864,6,"cpufreq",844800.000000
813365246528176,0,"cpufreq",672000.000000
813365246530156,1,"cpufreq",672000.000000
813365246695104,5,"cpufreq",960000.000000
813365246695885,6,"cpufreq",960000.000000
813365247006197,5,"cpufreq",844800.000000
813365247007187,6,"cpufreq",844800.000000
813365247383020,5,"cpufreq",960000.000000
813365247384114,6,"cpufreq",960000.000000
813365248527447,5,"cpufreq",844800.000000
813365248532135,6,"cpufreq",844800.000000
813365251477604,5,"cpufreq",614400.000000
813365251481510,6,"cpufreq",614400.000000
813365259443437,0,"cpufreq",902400.000000
813365259446926,1,"cpufreq",902400.000000
813365259474218,5,"cpufreq",499200.000000
813365259476718,6,"cpufreq",499200.000000
813365268248749,0,"cpufreq",672000.000000
813365268250989,1,"cpufreq",672000.000000
813365301852656,5,"cpufreq",614400.000000
813365301854687,6,"cpufreq",614400.000000
813365304013854,5,"cpufreq",499200.000000
813365304015572,6,"cpufreq",499200.000000
813365332210260,0,"cpufreq",1344000.000000
813365332213229,1,"cpufreq",1344000.000000
813365336358281,0,"cpufreq",902400.000000
813365336360468,1,"cpufreq",902400.000000
813365336994739,0,"cpufreq",787200.000000
813365336997135,1,"cpufreq",787200.000000
813365340210989,0,"cpufreq",672000.000000
813365340214999,1,"cpufreq",672000.000000
813365604537447,5,"cpufreq",1190400.000000
813365604539270,6,"cpufreq",1190400.000000
813365606745572,5,"cpufreq",1075200.000000
813365606746770,6,"cpufreq",1075200.000000
813365607240572,5,"cpufreq",729600.000000
813365607245572,6,"cpufreq",729600.000000
813365607474635,5,"cpufreq",614400.000000
813365607478853,6,"cpufreq",614400.000000
813365607751978,5,"cpufreq",844800.000000
813365607754843,6,"cpufreq",844800.000000
813365608227655,5,"cpufreq",729600.000000
813365608230676,6,"cpufreq",729600.000000
813365608833020,0,"cpufreq",902400.000000
813365608837030,1,"cpufreq",902400.000000
813365608851666,5,"cpufreq",499200.000000
813365608855155,6,"cpufreq",499200.000000
813365609732916,0,"cpufreq",1017600.000000
813365609736145,1,"cpufreq",1017600.000000
813365610261926,0,"cpufreq",787200.000000
813365610263853,1,"cpufreq",787200.000000
813365610640676,0,"cpufreq",672000.000000
813365610642968,1,"cpufreq",672000.000000
813365611494114,0,"cpufreq",1804800.000000
813365611498749,1,"cpufreq",1804800.000000
813365612278801,0,"cpufreq",1344000.000000
813365612280676,1,"cpufreq",1344000.000000
813365620183749,0,"cpufreq",787200.000000
813365620185312,1,"cpufreq",787200.000000
813365627459270,0,"cpufreq",672000.000000
813365627462655,1,"cpufreq",672000.000000
813365728142395,5,"cpufreq",729600.000000
813365728147083,6,"cpufreq",729600.000000
813365731610520,5,"cpufreq",499200.000000
813365731614322,6,"cpufreq",499200.000000
813365737049791,0,"cpufreq",1248000.000000
813365737053697,1,"cpufreq",1248000.000000
813365737715208,0,"cpufreq",672000.000000
813365737717708,1,"cpufreq",672000.000000
813365739907030,5,"cpufreq",844800.000000
813365739909999,6,"cpufreq",844800.000000
813365740423020,0,"cpufreq",1344000.000000
813365740426718,1,"cpufreq",1344000.000000
813365740439218,5,"cpufreq",499200.000000
813365740443176,6,"cpufreq",499200.000000
813365740558333,0,"cpufreq",1132800.000000
813365740560572,1,"cpufreq",1132800.000000
813365741192916,5,"cpufreq",844800.000000
813365741195260,6,"cpufreq",844800.000000
813365741267083,0,"cpufreq",672000.000000
813365741267968,1,"cpufreq",672000.000000
813365741469322,5,"cpufreq",729600.000000
813365741470728,6,"cpufreq",729600.000000
813365741755364,5,"cpufreq",614400.000000
813365741759530,6,"cpufreq",614400.000000
813365742075728,0,"cpufreq",1132800.000000
813365742079843,1,"cpufreq",1132800.000000
813365744257708,0,"cpufreq",672000.000000
813365744259322,1,"cpufreq",672000.000000
813365748176145,0,"cpufreq",1344000.000000
813365748179166,1,"cpufreq",1344000.000000
813365748201666,5,"cpufreq",499200.000000
813365748204270,6,"cpufreq",499200.000000
813365748502499,0,"cpufreq",902400.000000
813365748503801,1,"cpufreq",902400.000000
813365756159687,0,"cpufreq",672000.000000
813365756160833,1,"cpufreq",672000.000000
813365801622343,0,"cpufreq",902400.000000
813365801626510,1,"cpufreq",902400.000000
813365802676666,0,"cpufreq",672000.000000
813365802678905,1,"cpufreq",672000.000000
813365805317083,0,"cpufreq",902400.000000
813365805319791,1,"cpufreq",902400.000000
813365805524218,0,"cpufreq",672000.000000
813365805526666,1,"cpufreq",672000.000000
813365805835312,0,"cpufreq",787200.000000
813365805839322,1,"cpufreq",787200.000000
813365805981978,0,"cpufreq",672000.000000
813365805984322,1,"cpufreq",672000.000000
813365806743801,0,"cpufreq",1017600.000000
813365806745833,1,"cpufreq",1017600.000000
813365806961301,0,"cpufreq",902400.000000
813365806963228,1,"cpufreq",902400.000000
813365807539374,0,"cpufreq",1017600.000000
813365807541510,1,"cpufreq",1017600.000000
813365808215624,0,"cpufreq",672000.000000
813365808217291,1,"cpufreq",672000.000000
813365808405624,0,"cpufreq",1017600.000000
813365808409843,1,"cpufreq",1017600.000000
813365808797760,0,"cpufreq",672000.000000
813365808800416,1,"cpufreq",672000.000000
813365809710780,0,"cpufreq",1132800.000000
813365809713697,1,"cpufreq",1132800.000000
813365810124635,0,"cpufreq",672000.000000
813365810126978,1,"cpufreq",672000.000000
813365811082030,5,"cpufreq",614400.000000
813365811083489,6,"cpufreq",614400.000000
813365811488489,0,"cpufreq",902400.000000
813365811493801,1,"cpufreq",902400.000000
813365811510676,5,"cpufreq",729600.000000
813365811514791,6,"cpufreq",729600.000000
813365811579999,0,"cpufreq",1344000.000000
813365811583905,1,"cpufreq",1344000.000000
813365812275520,0,"cpufreq",902400.000000
813365812277291,1,"cpufreq",902400.000000
813365812521822,0,"cpufreq",1017600.000000
813365812524791,1,"cpufreq",1017600.000000
813365813007343,0,"cpufreq",1132800.000000
813365813009270,1,"cpufreq",1132800.000000
813365813112135,0,"cpufreq",1344000.000000
813365813114635,1,"cpufreq",1344000.000000
813365813602968,0,"cpufreq",1017600.000000
813365813604270,1,"cpufreq",1017600.000000
813365813699218,0,"cpufreq",1132800.000000
813365813701822,1,"cpufreq",1132800.000000
813365814108593,0,"cpufreq",1017600.000000
813365814109843,1,"cpufreq",1017600.000000
813365820206301,0,"cpufreq",672000.000000
813365820209478,1,"cpufreq",672000.000000
813365820236718,5,"cpufreq",499200.000000
813365820240728,6,"cpufreq",499200.000000
813365965287447,0,"cpufreq",787200.000000
813365965290260,1,"cpufreq",787200.000000
813365971498176,0,"cpufreq",672000.000000
813365971504947,1,"cpufreq",672000.000000
813366107543593,0,"cpufreq",1344000.000000
813366107548124,1,"cpufreq",1344000.000000
813366115059478,0,"cpufreq",787200.000000
813366115061145,1,"cpufreq",787200.000000
813366116078905,0,"cpufreq",672000.000000
813366116080624,1,"cpufreq",672000.000000
813366116460416,0,"cpufreq",787200.000000
813366116462812,1,"cpufreq",787200.000000
813366116538124,0,"cpufreq",1574400.000000
813366116540207,1,"cpufreq",1574400.000000
813366116798332,2,"cpufreq",960000.000000
813366116799478,3,"cpufreq",960000.000000
813366116800520,4,"cpufreq",960000.000000
813366116854530,0,"cpufreq",1804800.000000
813366116855572,1,"cpufreq",1804800.000000
813366119194322,0,"cpufreq",672000.000000
813366119196562,1,"cpufreq",672000.000000
813366120297812,0,"cpufreq",902400.000000
813366120299582,1,"cpufreq",902400.000000
813366123497187,0,"cpufreq",1344000.000000
813366123499166,1,"cpufreq",1344000.000000
813366123517812,2,"cpufreq",614400.000000
813366123519791,3,"cpufreq",614400.000000
813366123521562,4,"cpufreq",614400.000000
813366128172759,0,"cpufreq",1248000.000000
813366128174739,1,"cpufreq",1248000.000000
813366131489166,0,"cpufreq",672000.000000
813366131491718,1,"cpufreq",672000.000000
813366203435468,0,"cpufreq",787200.000000
813366203438853,1,"cpufreq",787200.000000
813366206091718,0,"cpufreq",672000.000000
813366206094322,1,"cpufreq",672000.000000
813366206580832,0,"cpufreq",902400.000000
813366206582968,1,"cpufreq",902400.000000
813366206806041,0,"cpufreq",672000.000000
813366206807551,1,"cpufreq",672000.000000
813366211431874,5,"cpufreq",729600.000000
813366211433332,6,"cpufreq",729600.000000
813366212483749,0,"cpufreq",787200.000000
813366212484999,1,"cpufreq",787200.000000
813366212491770,5,"cpufreq",614400.000000
813366212492759,6,"cpufreq",614400.000000
813366213124218,0,"cpufreq",902400.000000
813366213129530,1,"cpufreq",902400.000000
813366213144530,5,"cpufreq",499200.000000
813366213146666,6,"cpufreq",499200.000000
813366216326457,0,"cpufreq",1344000.000000
813366216328645,1,"cpufreq",1344000.000000
813366219602759,0,"cpufreq",902400.000000
813366219604426,1,"cpufreq",902400.000000
813366227533020,0,"cpufreq",672000.000000
813366227534999,1,"cpufreq",672000.000000
813366563824686,0,"cpufreq",1344000.000000
813366563827863,1,"cpufreq",1344000.000000
813366564209791,0,"cpufreq",902400.000000
813366564211041,1,"cpufreq",902400.000000
813366564560311,0,"cpufreq",672000.000000
813366564562030,1,"cpufreq",672000.000000
813366601346770,0,"cpufreq",1804800.000000
813366601349634,1,"cpufreq",1804800.000000
813366603450259,0,"cpufreq",672000.000000
813366603451978,1,"cpufreq",672000.000000
813366606362447,0,"cpufreq",1248000.000000
813366606365468,1,"cpufreq",1248000.000000
813366607262447,0,"cpufreq",787200.000000
813366607265051,1,"cpufreq",787200.000000
813366607551509,0,"cpufreq",672000.000000
813366607553905,1,"cpufreq",672000.000000
813366611590780,0,"cpufreq",787200.000000
813366611592343,1,"cpufreq",787200.000000
813366611612343,5,"cpufreq",729600.000000
813366611613488,6,"cpufreq",729600.000000
813366612107030,0,"cpufreq",672000.000000
813366612108645,1,"cpufreq",672000.000000
813366612118332,5,"cpufreq",614400.000000
813366612120624,6,"cpufreq",614400.000000
813366612455728,0,"cpufreq",1017600.000000
813366612458905,1,"cpufreq",1017600.000000
813366612560468,0,"cpufreq",1574400.000000
813366612562343,1,"cpufreq",1574400.000000
813366612743124,0,"cpufreq",787200.000000
813366612744999,1,"cpufreq",787200.000000
813366612754530,5,"cpufreq",844800.000000
813366612755520,6,"cpufreq",844800.000000
813366612845780,0,"cpufreq",672000.000000
813366612846666,1,"cpufreq",672000.000000
813366613629322,0,"cpufreq",902400.000000
813366613632134,1,"cpufreq",902400.000000
813366613950936,0,"cpufreq",787200.000000
813366613951718,1,"cpufreq",787200.000000
813366615766249,0,"cpufreq",1248000.000000
813366615767395,1,"cpufreq",1248000.000000
813366615774634,5,"cpufreq",614400.000000
813366615775624,6,"cpufreq",614400.000000
813366616280832,0,"cpufreq",1344000.000000
813366616283436,1,"cpufreq",1344000.000000
813366616414426,5,"cpufreq",499200.000000
813366616417447,6,"cpufreq",499200.000000
813366619441457,0,"cpufreq",1574400.000000
813366619443853,1,"cpufreq",1574400.000000
813366627520936,0,"cpufreq",1459200.000000
813366627523020,1,"cpufreq",1459200.000000
813366628377447,0,"cpufreq",1344000.000000
813366628379166,1,"cpufreq",1344000.000000
813366633810416,0,"cpufreq",1459200.000000
813366633812134,1,"cpufreq",1459200.000000
813366633957447,0,"cpufreq",1344000.000000
813366633958957,1,"cpufreq",1344000.000000
813366634393280,0,"cpufreq",672000.000000
813366634394999,1,"cpufreq",672000.000000
813366634404843,5,"cpufreq",844800.000000
813366634406353,6,"cpufreq",844800.000000
813366634635572,5,"cpufreq",499200.000000
813366634636874,6,"cpufreq",499200.000000
813366635489113,0,"cpufreq",1017600.000000
813366635492863,1,"cpufreq",1017600.000000
813366635516457,5,"cpufreq",1190400.000000
813366635520520,6,"cpufreq",1190400.000000
813366636039947,0,"cpufreq",787200.000000
813366636042551,1,"cpufreq",787200.000000
813366636288072,0,"cpufreq",672000.000000
813366636289634,1,"cpufreq",672000.000000
813366636456249,0,"cpufreq",787200.000000
813366636457030,1,"cpufreq",787200.000000
813366636564843,0,"cpufreq",672000.000000
813366636567499,1,"cpufreq",672000.000000
813366637502655,0,"cpufreq",787200.000000
813366637503593,1,"cpufreq",787200.000000
813366637833228,0,"cpufreq",672000.000000
813366637836666,1,"cpufreq",672000.000000
813366638206561,0,"cpufreq",1017600.000000
813366638207499,1,"cpufreq",1017600.000000
813366639055103,0,"cpufreq",672000.000000
813366639058488,1,"cpufreq",672000.000000
813366639996613,0,"cpufreq",1017600.000000
813366639997447,1,"cpufreq",1017600.000000
813366641398384,0,"cpufreq",1132800.000000
813366641399478,1,"cpufreq",1132800.000000
813366641975051,0,"cpufreq",1017600.000000
813366641976041,1,"cpufreq",1017600.000000
813366642667603,0,"cpufreq",1344000.000000
813366642669374,1,"cpufreq",1344000.000000
813366642810624,0,"cpufreq",1017600.000000
813366642811613,1,"cpufreq",1017600.000000
813366643480051,0,"cpufreq",1344000.000000
813366643481926,1,"cpufreq",1344000.000000
813366645546613,0,"cpufreq",1574400.000000
813366645548905,1,"cpufreq",1574400.000000
813366645559322,5,"cpufreq",1075200.000000
813366645561926,6,"cpufreq",1075200.000000
813366651452707,0,"cpufreq",1132800.000000
813366651455520,1,"cpufreq",1132800.000000
813366651476770,5,"cpufreq",614400.000000
813366651479738,6,"cpufreq",614400.000000
813366652359374,5,"cpufreq",729600.000000
813366652361041,6,"cpufreq",729600.000000
813366652807030,0,"cpufreq",672000.000000
813366652808593,1,"cpufreq",672000.000000
813366652818541,5,"cpufreq",1075200.000000
813366652821561,6,"cpufreq",1075200.000000
813366653792603,0,"cpufreq",902400.000000
813366653796509,1,"cpufreq",902400.000000
813366654113593,0,"cpufreq",1689600.000000
813366654117291,1,"cpufreq",1689600.000000
813366654794999,0,"cpufreq",1574400.000000
813366654796874,1,"cpufreq",1574400.000000
813366655548801,5,"cpufreq",1190400.000000
813366655550155,6,"cpufreq",1190400.000000
813366656010051,0,"cpufreq",672000.000000
813366656010884,1,"cpufreq",672000.000000
813366656829374,0,"cpufreq",1132800.000000
813366656832186,1,"cpufreq",1132800.000000
813366656875780,5,"cpufreq",844800.000000
813366656876457,6,"cpufreq",844800.000000
813366656963020,0,"cpufreq",1017600.000000
813366656964738,1,"cpufreq",1017600.000000
813366659519999,0,"cpufreq",902400.000000
813366659522447,1,"cpufreq",902400.000000
813366659543228,5,"cpufreq",729600.000000
813366659545416,6,"cpufreq",729600.000000
813366668238228,0,"cpufreq",672000.000000
813366668242238,1,"cpufreq",672000.000000
813366668270363,5,"cpufreq",499200.000000
813366668274374,6,"cpufreq",499200.000000
813366671248749,0,"cpufreq",1132800.000000
813366671252707,1,"cpufreq",1132800.000000
813366672040155,0,"cpufreq",672000.000000
813366672042707,1,"cpufreq",672000.000000
813366692823176,0,"cpufreq",787200.000000
813366692827291,1,"cpufreq",787200.000000
813366693177030,0,"cpufreq",672000.000000
813366693179270,1,"cpufreq",672000.000000
813366694174582,0,"cpufreq",787200.000000
813366694178541,1,"cpufreq",787200.000000
813366694508384,0,"cpufreq",1017600.000000
813366694510832,1,"cpufreq",1017600.000000
813366694708332,0,"cpufreq",672000.000000
813366694710780,1,"cpufreq",672000.000000
813366702789426,5,"cpufreq",729600.000000
813366702794895,6,"cpufreq",729600.000000
813366703001718,5,"cpufreq",499200.000000
813366703005936,6,"cpufreq",499200.000000
813366704109790,5,"cpufreq",614400.000000
813366704111874,6,"cpufreq",614400.000000
813366704421561,5,"cpufreq",499200.000000
813366704423593,6,"cpufreq",499200.000000
813366711050311,0,"cpufreq",787200.000000
813366711053749,1,"cpufreq",787200.000000
813366714039686,0,"cpufreq",672000.000000
813366714044999,1,"cpufreq",672000.000000
813366714700363,0,"cpufreq",787200.000000
813366714702968,1,"cpufreq",787200.000000
813366715971301,0,"cpufreq",672000.000000
813366715974790,1,"cpufreq",672000.000000
813366724213072,0,"cpufreq",1344000.000000
813366724217082,1,"cpufreq",1344000.000000
813366731409999,0,"cpufreq",672000.000000
813366731411405,1,"cpufreq",672000.000000
813366740331040,0,"cpufreq",902400.000000
813366740332915,1,"cpufreq",902400.000000
813366740433905,0,"cpufreq",787200.000000
813366740436301,1,"cpufreq",787200.000000
813366740681249,0,"cpufreq",672000.000000
813366740683072,1,"cpufreq",672000.000000
813366748309061,0,"cpufreq",902400.000000
813366748312968,1,"cpufreq",902400.000000
813366748546197,0,"cpufreq",672000.000000
813366748548228,1,"cpufreq",672000.000000
813366764385884,0,"cpufreq",787200.000000
813366764390572,1,"cpufreq",787200.000000
813366769657707,0,"cpufreq",672000.000000
813366769659634,1,"cpufreq",672000.000000
813366778965520,0,"cpufreq",902400.000000
813366778968280,1,"cpufreq",902400.000000
813366779577707,0,"cpufreq",1344000.000000
813366779579738,1,"cpufreq",1344000.000000
813366780307238,0,"cpufreq",787200.000000
813366780309582,1,"cpufreq",787200.000000
813366781259582,5,"cpufreq",729600.000000
813366781261822,6,"cpufreq",729600.000000
813366781876770,0,"cpufreq",1344000.000000
813366781878228,1,"cpufreq",1344000.000000
813366783107499,0,"cpufreq",787200.000000
813366783109165,1,"cpufreq",787200.000000
813366783118020,5,"cpufreq",499200.000000
813366783119113,6,"cpufreq",499200.000000
813366788228540,0,"cpufreq",672000.000000
813366788233020,1,"cpufreq",672000.000000
813366803537551,5,"cpufreq",614400.000000
813366803540207,6,"cpufreq",614400.000000
813366805235415,5,"cpufreq",499200.000000
813366805237343,6,"cpufreq",499200.000000
813366806345155,0,"cpufreq",787200.000000
813366806349530,1,"cpufreq",787200.000000
813366807644322,0,"cpufreq",672000.000000
813366807646665,1,"cpufreq",672000.000000
813366811251770,0,"cpufreq",902400.000000
813366811254426,1,"cpufreq",902400.000000
813366811478593,0,"cpufreq",1248000.000000
813366811480572,1,"cpufreq",1248000.000000
813366819749061,0,"cpufreq",672000.000000
813366819751613,1,"cpufreq",672000.000000
813366837760311,0,"cpufreq",787200.000000
813366837762968,1,"cpufreq",787200.000000
813366842057499,5,"cpufreq",614400.000000
813366842059895,6,"cpufreq",614400.000000
813366842119478,0,"cpufreq",672000.000000
813366842120676,1,"cpufreq",672000.000000
813366844228384,5,"cpufreq",499200.000000
813366844232238,6,"cpufreq",499200.000000
813366939612342,0,"cpufreq",787200.000000
813366939616978,1,"cpufreq",787200.000000
813366948181561,0,"cpufreq",1344000.000000
813366948185415,1,"cpufreq",1344000.000000
813366956149374,0,"cpufreq",672000.000000
813366956151405,1,"cpufreq",672000.000000
813367006441926,0,"cpufreq",787200.000000
813367006446145,1,"cpufreq",787200.000000
813367007454634,0,"cpufreq",672000.000000
813367007457030,1,"cpufreq",672000.000000
813367018066040,0,"cpufreq",1344000.000000
813367018068020,1,"cpufreq",1344000.000000
813367019593280,0,"cpufreq",672000.000000
813367019595155,1,"cpufreq",672000.000000
813367180275207,0,"cpufreq",787200.000000
813367180284113,1,"cpufreq",787200.000000
813367185771353,5,"cpufreq",614400.000000
813367185773384,6,"cpufreq",614400.000000
813367189415936,5,"cpufreq",499200.000000
813367189420676,6,"cpufreq",499200.000000
813367192284217,0,"cpufreq",902400.000000
813367192286822,1,"cpufreq",902400.000000
813367195605624,0,"cpufreq",672000.000000
813367195608176,1,"cpufreq",672000.000000
813367324244790,0,"cpufreq",1344000.000000
813367324250832,1,"cpufreq",1344000.000000
813367328194582,0,"cpufreq",902400.000000
813367328196092,1,"cpufreq",902400.000000
813367331722707,0,"cpufreq",672000.000000
813367331725988,1,"cpufreq",672000.000000
813367342672499,0,"cpufreq",1017600.000000
813367342676822,1,"cpufreq",1017600.000000
813367344289582,0,"cpufreq",787200.000000
813367344292499,1,"cpufreq",787200.000000
813367345367811,0,"cpufreq",672000.000000
813367345371613,1,"cpufreq",672000.000000
813367347694842,0,"cpufreq",902400.000000
813367347699374,1,"cpufreq",902400.000000
813367352959009,0,"cpufreq",672000.000000
813367352960571,1,"cpufreq",672000.000000
813367352969999,5,"cpufreq",614400.000000
813367352971301,6,"cpufreq",614400.000000
813367353266978,5,"cpufreq",499200.000000
813367353271144,6,"cpufreq",499200.000000
813367353602759,0,"cpufreq",902400.000000
813367353605519,1,"cpufreq",902400.000000
813367354039738,0,"cpufreq",672000.000000
813367354042082,1,"cpufreq",672000.000000
813367356249894,5,"cpufreq",729600.000000
813367356252967,6,"cpufreq",729600.000000
813367357784374,5,"cpufreq",844800.000000
813367357786301,6,"cpufreq",844800.000000
813367358446821,5,"cpufreq",729600.000000
813367358451092,6,"cpufreq",729600.000000
813367360298436,5,"cpufreq",614400.000000
813367360303071,6,"cpufreq",614400.000000
813367364225051,5,"cpufreq",499200.000000
813367364231353,6,"cpufreq",499200.000000
813367384528071,0,"cpufreq",902400.000000
813367384532134,1,"cpufreq",902400.000000
813367388931509,0,"cpufreq",672000.000000
813367388934426,1,"cpufreq",672000.000000
813367405792863,0,"cpufreq",787200.000000
813367405795103,1,"cpufreq",787200.000000
813367406951613,0,"cpufreq",672000.000000
813367406953853,1,"cpufreq",672000.000000
813367407256874,0,"cpufreq",787200.000000
813367407261040,1,"cpufreq",787200.000000
813367407623592,0,"cpufreq",672000.000000
813367407625936,1,"cpufreq",672000.000000
813367411629478,0,"cpufreq",1344000.000000
813367411632707,1,"cpufreq",1344000.000000
813367412316665,0,"cpufreq",1132800.000000
813367412318332,1,"cpufreq",1132800.000000
813367416256926,0,"cpufreq",1344000.000000
813367416259530,1,"cpufreq",1344000.000000
813367419693905,0,"cpufreq",672000.000000
813367419696301,1,"cpufreq",672000.000000
813367451493332,0,"cpufreq",1344000.000000
813367451495571,1,"cpufreq",1344000.000000
813367454541717,0,"cpufreq",672000.000000
813367454546144,1,"cpufreq",672000.000000
813367454559686,5,"cpufreq",614400.000000
813367454563540,6,"cpufreq",614400.000000
813367456311092,0,"cpufreq",787200.000000
813367456313332,1,"cpufreq",787200.000000
813367464992082,0,"cpufreq",672000.000000
813367464995780,1,"cpufreq",672000.000000
813367465028488,5,"cpufreq",499200.000000
813367465032446,6,"cpufreq",499200.000000
813367504173696,0,"cpufreq",1459200.000000
813367504178488,1,"cpufreq",1459200.000000
813367513213853,0,"cpufreq",672000.000000
813367513216301,1,"cpufreq",672000.000000
813367552794582,0,"cpufreq",1248000.000000
813367552797551,1,"cpufreq",1248000.000000
813367553308540,0,"cpufreq",672000.000000
813367553310728,1,"cpufreq",672000.000000
813367560217290,0,"cpufreq",787200.000000
813367560221457,1,"cpufreq",787200.000000
813367563620936,0,"cpufreq",1344000.000000
813367563623696,1,"cpufreq",1344000.000000
813367568191457,0,"cpufreq",1017600.000000
813367568193644,1,"cpufreq",1017600.000000
813367568399217,0,"cpufreq",1344000.000000
813367568402238,1,"cpufreq",1344000.000000
813367569688176,0,"cpufreq",1017600.000000
813367569689738,1,"cpufreq",1017600.000000
813367570083228,0,"cpufreq",1344000.000000
813367570084686,1,"cpufreq",1344000.000000
813367572190311,0,"cpufreq",1459200.000000
813367572192238,1,"cpufreq",1459200.000000
813367579709061,0,"cpufreq",672000.000000
813367579710988,1,"cpufreq",672000.000000
813367584008488,0,"cpufreq",787200.000000
813367584011405,1,"cpufreq",787200.000000
813367586978853,0,"cpufreq",672000.000000
813367586980467,1,"cpufreq",672000.000000
813367587150884,0,"cpufreq",1344000.000000
813367587153488,1,"cpufreq",1344000.000000
813367587829165,0,"cpufreq",902400.000000
813367587831353,1,"cpufreq",902400.000000
813367595885780,0,"cpufreq",672000.000000
813367595887655,1,"cpufreq",672000.000000
813367611533905,0,"cpufreq",1344000.000000
813367611536926,1,"cpufreq",1344000.000000
813367612232082,0,"cpufreq",902400.000000
813367612233801,1,"cpufreq",902400.000000
813367616356821,0,"cpufreq",1344000.000000
813367616360311,1,"cpufreq",1344000.000000
813367620184269,0,"cpufreq",672000.000000
813367620186769,1,"cpufreq",672000.000000
813367622348957,0,"cpufreq",1804800.000000
813367622353123,1,"cpufreq",1804800.000000
813367623467551,5,"cpufreq",729600.000000
813367623470467,6,"cpufreq",729600.000000
813367623503384,0,"cpufreq",672000.000000
813367623505207,1,"cpufreq",672000.000000
813367626511873,5,"cpufreq",499200.000000
813367626517238,6,"cpufreq",499200.000000
813367635584686,0,"cpufreq",1344000.000000
813367635589113,1,"cpufreq",1344000.000000
813367649587498,0,"cpufreq",672000.000000
813367649589478,1,"cpufreq",672000.000000
813367654664217,5,"cpufreq",614400.000000
813367654665780,6,"cpufreq",614400.000000
813367655151457,0,"cpufreq",787200.000000
813367655153176,1,"cpufreq",787200.000000
813367656041821,0,"cpufreq",672000.000000
813367656043644,1,"cpufreq",672000.000000
813367659611769,0,"cpufreq",1344000.000000
813367659615728,1,"cpufreq",1344000.000000
813367660328696,0,"cpufreq",1132800.000000
813367660330051,1,"cpufreq",1132800.000000
813367660455207,0,"cpufreq",1344000.000000
813367660457498,1,"cpufreq",1344000.000000
813367664425676,0,"cpufreq",1132800.000000
813367664426926,1,"cpufreq",1132800.000000
813367667401978,0,"cpufreq",672000.000000
813367667403488,1,"cpufreq",672000.000000
813367667417915,5,"cpufreq",499200.000000
813367667419426,6,"cpufreq",499200.000000
813367732164009,0,"cpufreq",787200.000000
813367732168071,1,"cpufreq",787200.000000
813367740205623,0,"cpufreq",672000.000000
813367740210103,1,"cpufreq",672000.000000
813367855013071,0,"cpufreq",902400.000000
813367855018853,1,"cpufreq",902400.000000
813367856308384,0,"cpufreq",672000.000000
813367856311040,1,"cpufreq",672000.000000
813367857120936,0,"cpufreq",902400.000000
813367857125207,1,"cpufreq",902400.000000
813367859473592,0,"cpufreq",672000.000000
813367859476457,1,"cpufreq",672000.000000
813367903795780,0,"cpufreq",902400.000000
813367903800259,1,"cpufreq",902400.000000
813367905890467,0,"cpufreq",672000.000000
813367905892550,1,"cpufreq",672000.000000
813367907639061,0,"cpufreq",787200.000000
813367907643436,1,"cpufreq",787200.000000
813367918081561,0,"cpufreq",672000.000000
813367918083696,1,"cpufreq",672000.000000
813367955529321,0,"cpufreq",787200.000000
813367955531196,1,"cpufreq",787200.000000
813367956059061,0,"cpufreq",672000.000000
813367956061613,1,"cpufreq",672000.000000
813368063476977,0,"cpufreq",1017600.000000
813368063482030,1,"cpufreq",1017600.000000
813368068386613,0,"cpufreq",672000.000000
813368068389477,1,"cpufreq",672000.000000
813368124186352,5,"cpufreq",614400.000000
813368124188071,6,"cpufreq",614400.000000
813368131785311,5,"cpufreq",499200.000000
813368131789998,6,"cpufreq",499200.000000
813368211513332,0,"cpufreq",787200.000000
813368211516300,1,"cpufreq",787200.000000
813368212632967,0,"cpufreq",672000.000000
813368212635102,1,"cpufreq",672000.000000
813368212804373,0,"cpufreq",902400.000000
813368212808592,1,"cpufreq",902400.000000
813368213467602,0,"cpufreq",787200.000000
813368213471092,1,"cpufreq",787200.000000
813368213850727,0,"cpufreq",1344000.000000
813368213853905,1,"cpufreq",1344000.000000
813368220206665,0,"cpufreq",787200.000000
813368220209582,1,"cpufreq",787200.000000
813368227522394,0,"cpufreq",902400.000000
813368227525988,1,"cpufreq",902400.000000
813368236206821,0,"cpufreq",1804800.000000
813368236208800,1,"cpufreq",1804800.000000
813368236925571,0,"cpufreq",672000.000000
813368236928488,1,"cpufreq",672000.000000
813368236943019,5,"cpufreq",729600.000000
813368236944217,6,"cpufreq",729600.000000
813368244240311,5,"cpufreq",960000.000000
813368244242498,6,"cpufreq",960000.000000
813368252224373,5,"cpufreq",1190400.000000
813368252228696,6,"cpufreq",1190400.000000
813368255662967,0,"cpufreq",1804800.000000
813368255666821,1,"cpufreq",1804800.000000
813368255678800,5,"cpufreq",499200.000000
813368255682446,6,"cpufreq",499200.000000
813368260206769,5,"cpufreq",614400.000000
813368260208644,6,"cpufreq",614400.000000
813368268176092,0,"cpufreq",787200.000000
813368268177602,1,"cpufreq",787200.000000
813368268191977,5,"cpufreq",499200.000000
813368268195936,6,"cpufreq",499200.000000
813368276225519,0,"cpufreq",672000.000000
813368276229061,1,"cpufreq",672000.000000
813368357482550,0,"cpufreq",787200.000000
813368357487446,1,"cpufreq",787200.000000
813368358299998,0,"cpufreq",672000.000000
813368358302342,1,"cpufreq",672000.000000
813368363031821,0,"cpufreq",787200.000000
813368363034634,1,"cpufreq",787200.000000
813368364194113,0,"cpufreq",1344000.000000
813368364197342,1,"cpufreq",1344000.000000
813368364561248,0,"cpufreq",672000.000000
813368364563175,1,"cpufreq",672000.000000
813368372241873,5,"cpufreq",844800.000000
813368372246509,6,"cpufreq",844800.000000
813368380224217,5,"cpufreq",1075200.000000
813368380226404,6,"cpufreq",1075200.000000
813368387719373,5,"cpufreq",1190400.000000
813368387722082,6,"cpufreq",1190400.000000
813368401073748,0,"cpufreq",787200.000000
813368401076717,1,"cpufreq",787200.000000
813368403517342,0,"cpufreq",672000.000000
813368403520675,1,"cpufreq",672000.000000
813368403547707,5,"cpufreq",499200.000000
813368403552238,6,"cpufreq",499200.000000
813368411512915,0,"cpufreq",787200.000000
813368411517759,1,"cpufreq",787200.000000
813368412535988,0,"cpufreq",1017600.000000
813368412539321,1,"cpufreq",1017600.000000
813368419410988,0,"cpufreq",672000.000000
813368419412915,1,"cpufreq",672000.000000
813368420159529,0,"cpufreq",787200.000000
813368420163904,1,"cpufreq",787200.000000
813368428294946,0,"cpufreq",672000.000000
813368428299165,1,"cpufreq",672000.000000
813368430720311,0,"cpufreq",902400.000000
813368430723019,1,"cpufreq",902400.000000
813368438770154,0,"cpufreq",787200.000000
813368438773019,1,"cpufreq",787200.000000
813368443777706,0,"cpufreq",672000.000000
813368443779894,1,"cpufreq",672000.000000
813368605045675,0,"cpufreq",902400.000000
813368605050102,1,"cpufreq",902400.000000
813368605291977,0,"cpufreq",672000.000000
813368605294373,1,"cpufreq",672000.000000
813368606447915,0,"cpufreq",902400.000000
813368606452394,1,"cpufreq",902400.000000
813368606746196,0,"cpufreq",787200.000000
813368606747863,1,"cpufreq",787200.000000
813368607461196,0,"cpufreq",672000.000000
813368607464634,1,"cpufreq",672000.000000
813368607757967,0,"cpufreq",787200.000000
813368607762238,1,"cpufreq",787200.000000
813368608251613,0,"cpufreq",902400.000000
813368608253696,1,"cpufreq",902400.000000
813368608425311,0,"cpufreq",672000.000000
813368608426977,1,"cpufreq",672000.000000
813368610535050,0,"cpufreq",902400.000000
813368610538852,1,"cpufreq",902400.000000
813368611047759,0,"cpufreq",672000.000000
813368611049894,1,"cpufreq",672000.000000
813368611444477,0,"cpufreq",1248000.000000
813368611446248,1,"cpufreq",1248000.000000
813368611458904,5,"cpufreq",614400.000000
813368611460259,6,"cpufreq",614400.000000
813368611539009,0,"cpufreq",1344000.000000
813368611542602,1,"cpufreq",1344000.000000
813368612082238,5,"cpufreq",729600.000000
813368612083331,6,"cpufreq",729600.000000
813368612355311,0,"cpufreq",1248000.000000
813368612356665,1,"cpufreq",1248000.000000
813368612365415,5,"cpufreq",614400.000000
813368612366925,6,"cpufreq",614400.000000
813368612437186,0,"cpufreq",1344000.000000
813368612439946,1,"cpufreq",1344000.000000
813368612609425,5,"cpufreq",499200.000000
813368612610727,6,"cpufreq",499200.000000
813368613117186,5,"cpufreq",614400.000000
813368613118852,6,"cpufreq",614400.000000
813368613260519,5,"cpufreq",729600.000000
813368613261665,6,"cpufreq",729600.000000
813368620156925,0,"cpufreq",672000.000000
813368620158436,1,"cpufreq",672000.000000
813368620171144,5,"cpufreq",499200.000000
813368620172602,6,"cpufreq",499200.000000
813368636952759,0,"cpufreq",1248000.000000
813368636955519,1,"cpufreq",1248000.000000
813368644220050,0,"cpufreq",1344000.000000
813368644223227,1,"cpufreq",1344000.000000
813368651439165,0,"cpufreq",902400.000000
813368651440519,1,"cpufreq",902400.000000
813368666766352,0,"cpufreq",672000.000000
813368666768331,1,"cpufreq",672000.000000
813368809270415,0,"cpufreq",787200.000000
813368809273956,1,"cpufreq",787200.000000
813368810051248,0,"cpufreq",672000.000000
813368810054946,1,"cpufreq",672000.000000
813368851954842,0,"cpufreq",787200.000000
813368851960779,1,"cpufreq",787200.000000
813368856767758,0,"cpufreq",672000.000000
813368856769894,1,"cpufreq",672000.000000
813368860451144,0,"cpufreq",787200.000000
813368860455311,1,"cpufreq",787200.000000
813368865385675,0,"cpufreq",902400.000000
813368865389529,1,"cpufreq",902400.000000
813368866160258,0,"cpufreq",787200.000000
813368866164113,1,"cpufreq",787200.000000
813368866825206,0,"cpufreq",902400.000000
813368866828956,1,"cpufreq",902400.000000
813368868213019,0,"cpufreq",672000.000000
813368868215050,1,"cpufreq",672000.000000
813368904539425,0,"cpufreq",787200.000000
813368904546560,1,"cpufreq",787200.000000
813368906565154,5,"cpufreq",844800.000000
813368906568019,6,"cpufreq",844800.000000
813368906789581,0,"cpufreq",672000.000000
813368906792081,1,"cpufreq",672000.000000
813368907226665,0,"cpufreq",902400.000000
813368907229269,1,"cpufreq",902400.000000
813368907479321,0,"cpufreq",1017600.000000
813368907480779,1,"cpufreq",1017600.000000
813368907497029,5,"cpufreq",499200.000000
813368907497915,6,"cpufreq",499200.000000
813368908114946,0,"cpufreq",672000.000000
813368908117029,1,"cpufreq",672000.000000
813368916200831,0,"cpufreq",787200.000000
813368916204998,1,"cpufreq",787200.000000
813368924191196,0,"cpufreq",672000.000000
813368924195258,1,"cpufreq",672000.000000
813369053978331,0,"cpufreq",787200.000000
813369053982498,1,"cpufreq",787200.000000
