"ts","cpu","name","value"
813979959560546,5,"cpufreq",2841600.000000
813979959561067,6,"cpufreq",2841600.000000
813979960011744,5,"cpufreq",2956800.000000
813979960012109,6,"cpufreq",2956800.000000
813979963376640,5,"cpufreq",2707200.000000
813979963377213,6,"cpufreq",2707200.000000
813979964790182,5,"cpufreq",2515200.000000
813979964790494,6,"cpufreq",2515200.000000
813979966028463,5,"cpufreq",2035200.000000
813979966028932,6,"cpufreq",2035200.000000
813979966769400,5,"cpufreq",2515200.000000
813979966769713,6,"cpufreq",2515200.000000
813979967092109,5,"cpufreq",2323200.000000
813979967092577,6,"cpufreq",2323200.000000
813979967740598,5,"cpufreq",1920000.000000
813979967741015,6,"cpufreq",1920000.000000
813979968141379,5,"cpufreq",2035200.000000
813979968141848,6,"cpufreq",2035200.000000
813979968264244,5,"cpufreq",2188800.000000
813979968264713,6,"cpufreq",2188800.000000
813979968296379,5,"cpufreq",2131200.000000
813979968296692,6,"cpufreq",2131200.000000
813979971435963,5,"cpufreq",2956800.000000
813979971436379,6,"cpufreq",2956800.000000
813979975015077,5,"cpufreq",2572800.000000
813979975015650,6,"cpufreq",2572800.000000
813979976153619,5,"cpufreq",2956800.000000
813979976154088,6,"cpufreq",2956800.000000
813979976543932,5,"cpufreq",2707200.000000
813979976544452,6,"cpufreq",2707200.000000
813979981418567,5,"cpufreq",2515200.000000
813979981419036,6,"cpufreq",2515200.000000
813979982451536,5,"cpufreq",2707200.000000
813979982451900,6,"cpufreq",2707200.000000
813979983403984,5,"cpufreq",2899200.000000
813979983404348,6,"cpufreq",2899200.000000
813979984227734,5,"cpufreq",2707200.000000
813979984227994,6,"cpufreq",2707200.000000
813979984376900,5,"cpufreq",2572800.000000
813979984377265,6,"cpufreq",2572800.000000
813979984444504,5,"cpufreq",2707200.000000
813979984444817,6,"cpufreq",2707200.000000
813979987375650,5,"cpufreq",2515200.000000
813979987376327,6,"cpufreq",2515200.000000
813979991488411,5,"cpufreq",2841600.000000
813979991488775,6,"cpufreq",2841600.000000
813979991556796,5,"cpufreq",2515200.000000
813979991557161,6,"cpufreq",2515200.000000
813979992023463,5,"cpufreq",2899200.000000
813979992023723,6,"cpufreq",2899200.000000
813979992240807,5,"cpufreq",2956800.000000
813979992241067,6,"cpufreq",2956800.000000
813979992344713,5,"cpufreq",2515200.000000
813979992345077,6,"cpufreq",2515200.000000
813979992584557,5,"cpufreq",2630400.000000
813979992585077,6,"cpufreq",2630400.000000
813979992668567,5,"cpufreq",2515200.000000
813979992668827,6,"cpufreq",2515200.000000
813979992720129,5,"cpufreq",2572800.000000
813979992720598,6,"cpufreq",2572800.000000
813979992804817,5,"cpufreq",2764800.000000
813979992805286,6,"cpufreq",2764800.000000
813979993434557,5,"cpufreq",2956800.000000
813979993434921,6,"cpufreq",2956800.000000
813979993594817,5,"cpufreq",2764800.000000
813979993595234,6,"cpufreq",2764800.000000
813979993647838,5,"cpufreq",2515200.000000
813979993648254,6,"cpufreq",2515200.000000
813979995357838,5,"cpufreq",2956800.000000
813979995358098,6,"cpufreq",2956800.000000
813980003362109,5,"cpufreq",2630400.000000
813980003362369,6,"cpufreq",2630400.000000
813980004179661,5,"cpufreq",2956800.000000
813980004179973,6,"cpufreq",2956800.000000
813980004421640,5,"cpufreq",2630400.000000
813980004422004,6,"cpufreq",2630400.000000
813980006241588,5,"cpufreq",2956800.000000
813980006241900,6,"cpufreq",2956800.000000
813980006500338,5,"cpufreq",2841600.000000
813980006500650,6,"cpufreq",2841600.000000
813980006525442,5,"cpufreq",2630400.000000
813980006525702,6,"cpufreq",2630400.000000
813980006824765,5,"cpufreq",2956800.000000
813980006825129,6,"cpufreq",2956800.000000
813980007052734,5,"cpufreq",2630400.000000
813980007053202,6,"cpufreq",2630400.000000
813980008216796,5,"cpufreq",2707200.000000
813980008218254,6,"cpufreq",2707200.000000
813980008235754,5,"cpufreq",2841600.000000
813980008236327,6,"cpufreq",2841600.000000
813980008473723,5,"cpufreq",2630400.000000
813980008475025,6,"cpufreq",2630400.000000
813980008494765,5,"cpufreq",2956800.000000
813980008495077,6,"cpufreq",2956800.000000
813980008746588,5,"cpufreq",2630400.000000
813980008746952,6,"cpufreq",2630400.000000
813980011378567,5,"cpufreq",2515200.000000
813980011379765,6,"cpufreq",2515200.000000
813980015168984,5,"cpufreq",2956800.000000
813980015169400,6,"cpufreq",2956800.000000
813980015236744,5,"cpufreq",2841600.000000
813980015237161,6,"cpufreq",2841600.000000
813980015467004,5,"cpufreq",2515200.000000
813980015468254,6,"cpufreq",2515200.000000
813980015535963,5,"cpufreq",2956800.000000
813980015536588,6,"cpufreq",2956800.000000
813980016507890,5,"cpufreq",2438400.000000
813980016508359,6,"cpufreq",2438400.000000
813980016837369,5,"cpufreq",2630400.000000
813980016838046,6,"cpufreq",2630400.000000
813980018426692,5,"cpufreq",2438400.000000
813980018427004,6,"cpufreq",2438400.000000
813980018679192,5,"cpufreq",2841600.000000
813980018679713,6,"cpufreq",2841600.000000
813980019372369,5,"cpufreq",2956800.000000
813980019372942,6,"cpufreq",2956800.000000
813980027368046,5,"cpufreq",2630400.000000
813980027368411,6,"cpufreq",2630400.000000
813980027625702,5,"cpufreq",2707200.000000
813980027626067,6,"cpufreq",2707200.000000
813980028638515,5,"cpufreq",2630400.000000
813980028639504,6,"cpufreq",2630400.000000
813980028822629,5,"cpufreq",2035200.000000
813980028822942,6,"cpufreq",2035200.000000
813980028961223,5,"cpufreq",2630400.000000
813980028961744,6,"cpufreq",2630400.000000
813980029007525,5,"cpufreq",2764800.000000
813980029007838,6,"cpufreq",2764800.000000
813980029138567,5,"cpufreq",2131200.000000
813980029138932,6,"cpufreq",2131200.000000
813980029358984,5,"cpufreq",2630400.000000
813980029359296,6,"cpufreq",2630400.000000
813980029694557,5,"cpufreq",2131200.000000
813980029695077,6,"cpufreq",2131200.000000
813980029826900,5,"cpufreq",2956800.000000
813980029827213,6,"cpufreq",2956800.000000
813980030971119,5,"cpufreq",2630400.000000
813980030971692,6,"cpufreq",2630400.000000
813980031376119,5,"cpufreq",2956800.000000
813980031376692,6,"cpufreq",2956800.000000
813980031428463,5,"cpufreq",2131200.000000
813980031428827,6,"cpufreq",2131200.000000
813980031728359,5,"cpufreq",2630400.000000
813980031728775,6,"cpufreq",2630400.000000
813980031783307,5,"cpufreq",2764800.000000
813980031783671,6,"cpufreq",2764800.000000
813980031833098,5,"cpufreq",2956800.000000
813980031833463,6,"cpufreq",2956800.000000
813980032055911,5,"cpufreq",2131200.000000
813980032056119,6,"cpufreq",2131200.000000
813980032667942,5,"cpufreq",2956800.000000
813980032668515,6,"cpufreq",2956800.000000
813980032808723,5,"cpufreq",2764800.000000
813980032809192,6,"cpufreq",2764800.000000
813980032941223,5,"cpufreq",2956800.000000
813980032941536,6,"cpufreq",2956800.000000
813980033502421,5,"cpufreq",2380800.000000
813980033502786,6,"cpufreq",2380800.000000
813980033879140,5,"cpufreq",2572800.000000
813980033879713,6,"cpufreq",2572800.000000
813980034716900,5,"cpufreq",2899200.000000
813980034717265,6,"cpufreq",2899200.000000
813980034834817,5,"cpufreq",2956800.000000
813980034835286,6,"cpufreq",2956800.000000
813980064689244,7,"cpufreq",3052800.000000
813980465062786,0,"cpufreq",672000.000000
813980465063306,1,"cpufreq",672000.000000
813980465237942,0,"cpufreq",787200.000000
813980465240650,1,"cpufreq",787200.000000
813980465607108,0,"cpufreq",1920000.000000
813980465609348,1,"cpufreq",1920000.000000
813980465695858,0,"cpufreq",1459200.000000
813980465696171,1,"cpufreq",1459200.000000
813980465758202,0,"cpufreq",2150400.000000
813980465758619,1,"cpufreq",2150400.000000
813980465839973,7,"cpufreq",3302400.000000
813980466169973,0,"cpufreq",2265600.000000
813980466170233,1,"cpufreq",2265600.000000
813980467337733,0,"cpufreq",1574400.000000
813980467338202,1,"cpufreq",1574400.000000
813980467386327,0,"cpufreq",2265600.000000
813980467388150,1,"cpufreq",2265600.000000
813980467921275,0,"cpufreq",2150400.000000
813980467922577,1,"cpufreq",2150400.000000
813980468305598,0,"cpufreq",2265600.000000
813980468306171,1,"cpufreq",2265600.000000
813980468501379,0,"cpufreq",2150400.000000
813980468502161,1,"cpufreq",2150400.000000
813980472207473,0,"cpufreq",2265600.000000
813980472208775,1,"cpufreq",2265600.000000
813980473880338,0,"cpufreq",2035200.000000
813980473880650,1,"cpufreq",2035200.000000
813980475029504,0,"cpufreq",2150400.000000
813980475029869,1,"cpufreq",2150400.000000
813980475369869,0,"cpufreq",2265600.000000
813980475370233,1,"cpufreq",2265600.000000
813980475540650,0,"cpufreq",2150400.000000
813980475541900,1,"cpufreq",2150400.000000
813980475695650,0,"cpufreq",1804800.000000
813980475696536,1,"cpufreq",1804800.000000
813980476236588,0,"cpufreq",1689600.000000
813980476236900,1,"cpufreq",1689600.000000
813980480836744,0,"cpufreq",2265600.000000
813980480837838,1,"cpufreq",2265600.000000
813980481467265,0,"cpufreq",1689600.000000
813980481467577,1,"cpufreq",1689600.000000
813980481590858,0,"cpufreq",2035200.000000
813980481592369,1,"cpufreq",2035200.000000
813980482261952,0,"cpufreq",2265600.000000
813980482262265,1,"cpufreq",2265600.000000
813980483401379,0,"cpufreq",1344000.000000
813980483401692,1,"cpufreq",1344000.000000
813980484036483,0,"cpufreq",1248000.000000
813980484038775,1,"cpufreq",1248000.000000
813980484381483,0,"cpufreq",1459200.000000
813980484383723,1,"cpufreq",1459200.000000
813980485009348,0,"cpufreq",1574400.000000
813980485009713,1,"cpufreq",1574400.000000
813980485062577,0,"cpufreq",1344000.000000
813980485062942,1,"cpufreq",1344000.000000
813980485439088,0,"cpufreq",1459200.000000
813980485440390,1,"cpufreq",1459200.000000
813980489910598,0,"cpufreq",1344000.000000
813980489912525,1,"cpufreq",1344000.000000
813980489974140,0,"cpufreq",1459200.000000
813980489974556,1,"cpufreq",1459200.000000
813980491384713,0,"cpufreq",2265600.000000
813980491385181,1,"cpufreq",2265600.000000
813980493076171,0,"cpufreq",2035200.000000
813980493077421,1,"cpufreq",2035200.000000
813980493097629,0,"cpufreq",2265600.000000
813980493098046,1,"cpufreq",2265600.000000
813980494498619,0,"cpufreq",2035200.000000
813980494499869,1,"cpufreq",2035200.000000
813980494749973,0,"cpufreq",2150400.000000
813980494751431,1,"cpufreq",2150400.000000
813980499591588,0,"cpufreq",1344000.000000
813980499591952,1,"cpufreq",1344000.000000
813980499722577,0,"cpufreq",1132800.000000
813980499724608,1,"cpufreq",1132800.000000
813980499912265,0,"cpufreq",1459200.000000
813980499912629,1,"cpufreq",1459200.000000
813980500429973,0,"cpufreq",1574400.000000
813980500431275,1,"cpufreq",1574400.000000
813980500585077,0,"cpufreq",2265600.000000
813980500585650,1,"cpufreq",2265600.000000
813980507423879,0,"cpufreq",1248000.000000
813980507424348,1,"cpufreq",1248000.000000
813980508502786,0,"cpufreq",1344000.000000
813980508503150,1,"cpufreq",1344000.000000
813980508861015,0,"cpufreq",1248000.000000
813980508863150,1,"cpufreq",1248000.000000
813980509799713,0,"cpufreq",1344000.000000
813980509800025,1,"cpufreq",1344000.000000
813980510645702,0,"cpufreq",1248000.000000
813980510647161,1,"cpufreq",1248000.000000
813980511213150,7,"cpufreq",902400.000000
813980511468463,7,"cpufreq",3302400.000000
813980512140233,0,"cpufreq",1344000.000000
813980512140598,1,"cpufreq",1344000.000000
813980514257629,0,"cpufreq",1459200.000000
813980514257942,1,"cpufreq",1459200.000000
813980515387161,0,"cpufreq",1017600.000000
813980515387629,1,"cpufreq",1017600.000000
813980516282265,0,"cpufreq",1574400.000000
813980516284869,1,"cpufreq",1574400.000000
813980516380390,0,"cpufreq",2265600.000000
813980516382004,1,"cpufreq",2265600.000000
813980517026275,0,"cpufreq",1132800.000000
813980517026692,1,"cpufreq",1132800.000000
813980517107681,0,"cpufreq",902400.000000
813980517110077,1,"cpufreq",902400.000000
813980517295754,0,"cpufreq",787200.000000
813980517299192,1,"cpufreq",787200.000000
813980517720806,0,"cpufreq",1459200.000000
813980517723306,1,"cpufreq",1459200.000000
813980518790650,0,"cpufreq",1574400.000000
813980518792056,1,"cpufreq",1574400.000000
813980519260858,0,"cpufreq",1689600.000000
813980519262838,1,"cpufreq",1689600.000000
813980519514765,0,"cpufreq",1804800.000000
813980519516275,1,"cpufreq",1804800.000000
813980519954244,0,"cpufreq",1689600.000000
813980519955338,1,"cpufreq",1689600.000000
813980522552786,0,"cpufreq",1920000.000000
813980522553254,1,"cpufreq",1920000.000000
813980523067733,0,"cpufreq",2035200.000000
813980523069192,1,"cpufreq",2035200.000000
813980523134244,0,"cpufreq",1804800.000000
813980523135494,1,"cpufreq",1804800.000000
813980523238931,0,"cpufreq",1459200.000000
813980523239244,1,"cpufreq",1459200.000000
813980523410390,0,"cpufreq",2265600.000000
813980523412213,1,"cpufreq",2265600.000000
813980524627421,0,"cpufreq",1804800.000000
813980524628619,1,"cpufreq",1804800.000000
813980525454869,0,"cpufreq",2035200.000000
813980525455181,1,"cpufreq",2035200.000000
813980525578358,0,"cpufreq",1920000.000000
813980525579296,1,"cpufreq",1920000.000000
813980525679036,0,"cpufreq",2150400.000000
813980525679452,1,"cpufreq",2150400.000000
813980525702317,0,"cpufreq",2035200.000000
813980525702733,1,"cpufreq",2035200.000000
813980525794765,0,"cpufreq",1574400.000000
813980525795077,1,"cpufreq",1574400.000000
813980528089921,0,"cpufreq",2265600.000000
813980528093358,1,"cpufreq",2265600.000000
813980530849921,0,"cpufreq",1920000.000000
813980530850286,1,"cpufreq",1920000.000000
813980531427004,0,"cpufreq",2265600.000000
813980531428411,1,"cpufreq",2265600.000000
813980533399556,0,"cpufreq",2035200.000000
813980533400806,1,"cpufreq",2035200.000000
813980534853671,0,"cpufreq",2265600.000000
813980534855077,1,"cpufreq",2265600.000000
813980539326431,0,"cpufreq",2150400.000000
813980539327629,1,"cpufreq",2150400.000000
813980542014244,0,"cpufreq",2035200.000000
813980542015129,1,"cpufreq",2035200.000000
813980547461171,0,"cpufreq",1920000.000000
813980547461588,1,"cpufreq",1920000.000000
813980547905598,0,"cpufreq",2035200.000000
813980547905963,1,"cpufreq",2035200.000000
813980550025442,0,"cpufreq",2150400.000000
813980550025806,1,"cpufreq",2150400.000000
813980550881379,0,"cpufreq",1920000.000000
813980550881744,1,"cpufreq",1920000.000000
813980551373358,0,"cpufreq",2150400.000000
813980551374817,1,"cpufreq",2150400.000000
813980556933150,0,"cpufreq",2265600.000000
813980556934035,1,"cpufreq",2265600.000000
813980558838827,0,"cpufreq",1804800.000000
813980558839140,1,"cpufreq",1804800.000000
813980559116119,0,"cpufreq",1574400.000000
813980559116431,1,"cpufreq",1574400.000000
813980559474713,0,"cpufreq",1804800.000000
813980559475129,1,"cpufreq",1804800.000000
813980560187160,0,"cpufreq",1920000.000000
813980560187525,1,"cpufreq",1920000.000000
813980560598983,0,"cpufreq",2150400.000000
813980560600494,1,"cpufreq",2150400.000000
813980563361119,0,"cpufreq",2265600.000000
813980563361588,1,"cpufreq",2265600.000000
813980575518046,0,"cpufreq",1574400.000000
813980575518358,1,"cpufreq",1574400.000000
813980576216171,0,"cpufreq",1459200.000000
813980576217265,1,"cpufreq",1459200.000000
813980576400077,0,"cpufreq",1574400.000000
813980576401379,1,"cpufreq",1574400.000000
813980576781952,0,"cpufreq",1689600.000000
813980576783723,1,"cpufreq",1689600.000000
813980578022890,0,"cpufreq",2265600.000000
813980578024765,1,"cpufreq",2265600.000000
813980589645181,0,"cpufreq",2150400.000000
813980589646431,1,"cpufreq",2150400.000000
813980592062681,0,"cpufreq",1804800.000000
813980592063046,1,"cpufreq",1804800.000000
813980593724713,0,"cpufreq",1920000.000000
813980593725129,1,"cpufreq",1920000.000000
813980593798515,0,"cpufreq",2265600.000000
813980593799973,1,"cpufreq",2265600.000000
813980625342265,0,"cpufreq",2150400.000000
813980625343515,1,"cpufreq",2150400.000000
813980626054504,0,"cpufreq",2035200.000000
813980626054921,1,"cpufreq",2035200.000000
813980627083723,0,"cpufreq",2265600.000000
813980627085129,1,"cpufreq",2265600.000000
813980631286171,0,"cpufreq",2035200.000000
813980631287421,1,"cpufreq",2035200.000000
813980633693254,0,"cpufreq",2265600.000000
813980633693671,1,"cpufreq",2265600.000000
813980633742056,0,"cpufreq",2150400.000000
813980633743098,1,"cpufreq",2150400.000000
813980634157056,0,"cpufreq",2035200.000000
813980634157421,1,"cpufreq",2035200.000000
813980635937525,0,"cpufreq",2150400.000000
813980635937838,1,"cpufreq",2150400.000000
813980639267890,0,"cpufreq",2265600.000000
813980639268775,1,"cpufreq",2265600.000000
813980642309088,0,"cpufreq",2150400.000000
813980642309348,1,"cpufreq",2150400.000000
813980644134556,0,"cpufreq",2265600.000000
813980644134817,1,"cpufreq",2265600.000000
813980655000963,2,"cpufreq",2707200.000000
813980655002369,3,"cpufreq",2707200.000000
813980655003463,4,"cpufreq",2707200.000000
813980655009713,5,"cpufreq",2707200.000000
813980655010806,6,"cpufreq",2707200.000000
813980655016223,7,"cpufreq",2246400.000000
813980656558983,0,"cpufreq",2150400.000000
813980656559244,1,"cpufreq",2150400.000000
813980657130806,0,"cpufreq",2265600.000000
813980657131692,1,"cpufreq",2265600.000000
813980659188879,0,"cpufreq",2150400.000000
813980659190390,1,"cpufreq",2150400.000000
813980659388046,0,"cpufreq",2265600.000000
813980659388463,1,"cpufreq",2265600.000000
813980660289556,0,"cpufreq",1920000.000000
813980660289921,1,"cpufreq",1920000.000000
813980663901119,0,"cpufreq",1804800.000000
813980663901640,1,"cpufreq",1804800.000000
813980664530858,0,"cpufreq",1920000.000000
813980664532473,1,"cpufreq",1920000.000000
813980666020806,0,"cpufreq",1689600.000000
813980666022213,1,"cpufreq",1689600.000000
813980666514348,0,"cpufreq",1920000.000000
813980666514765,1,"cpufreq",1920000.000000
813980667371744,0,"cpufreq",902400.000000
813980667372265,1,"cpufreq",902400.000000
813980668024765,0,"cpufreq",1574400.000000
813980668025181,1,"cpufreq",1574400.000000
813980668125442,0,"cpufreq",1920000.000000
813980668125963,1,"cpufreq",1920000.000000
813980670375650,0,"cpufreq",1017600.000000
813980670376067,1,"cpufreq",1017600.000000
813980670625129,7,"cpufreq",1248000.000000
813980671266327,0,"cpufreq",1248000.000000
813980671268254,1,"cpufreq",1248000.000000
813980671330754,0,"cpufreq",1017600.000000
813980671331067,1,"cpufreq",1017600.000000
813980672140285,0,"cpufreq",1132800.000000
813980672140702,1,"cpufreq",1132800.000000
813980672347160,0,"cpufreq",1017600.000000
813980672348827,1,"cpufreq",1017600.000000
813980672435650,0,"cpufreq",1344000.000000
813980672436067,1,"cpufreq",1344000.000000
813980672514556,0,"cpufreq",1248000.000000
813980672515025,1,"cpufreq",1248000.000000
813980675402317,7,"cpufreq",902400.000000
813980675766588,0,"cpufreq",1344000.000000
813980675767056,1,"cpufreq",1344000.000000
813980680547056,0,"cpufreq",1459200.000000
813980680547473,1,"cpufreq",1459200.000000
813980683416483,0,"cpufreq",1017600.000000
813980683417733,1,"cpufreq",1017600.000000
813980684491796,0,"cpufreq",1248000.000000
813980684492213,1,"cpufreq",1248000.000000
813980684564140,0,"cpufreq",1017600.000000
813980684565702,1,"cpufreq",1017600.000000
813980684773827,0,"cpufreq",787200.000000
813980684777317,1,"cpufreq",787200.000000
813980684958619,0,"cpufreq",1344000.000000
813980684959088,1,"cpufreq",1344000.000000
813980686348723,0,"cpufreq",787200.000000
813980686350077,1,"cpufreq",787200.000000
813980688146171,0,"cpufreq",902400.000000
813980688146640,1,"cpufreq",902400.000000
813980689478775,0,"cpufreq",1017600.000000
813980689484608,1,"cpufreq",1017600.000000
813980690945650,0,"cpufreq",902400.000000
813980690946171,1,"cpufreq",902400.000000
813980691896640,0,"cpufreq",787200.000000
813980691899765,1,"cpufreq",787200.000000
813980692269088,0,"cpufreq",1132800.000000
813980692269608,1,"cpufreq",1132800.000000
813980694197056,0,"cpufreq",787200.000000
813980694199608,1,"cpufreq",787200.000000
813980697199608,0,"cpufreq",902400.000000
813980697200025,1,"cpufreq",902400.000000
813980697789660,0,"cpufreq",1574400.000000
813980697792421,1,"cpufreq",1574400.000000
813980699275442,0,"cpufreq",902400.000000
813980699277213,1,"cpufreq",902400.000000
813980699450650,0,"cpufreq",787200.000000
813980699453463,1,"cpufreq",787200.000000
813980701120233,0,"cpufreq",1017600.000000
813980701123879,1,"cpufreq",1017600.000000
813980701805598,0,"cpufreq",787200.000000
813980701806067,1,"cpufreq",787200.000000
813980702461848,0,"cpufreq",1017600.000000
813980702465390,1,"cpufreq",1017600.000000
813980703047681,7,"cpufreq",1017600.000000
813980703163358,7,"cpufreq",2246400.000000
813980705924817,7,"cpufreq",902400.000000
813980706447525,0,"cpufreq",1344000.000000
813980706448098,1,"cpufreq",1344000.000000
813980706874869,7,"cpufreq",2246400.000000
813980707397369,7,"cpufreq",1017600.000000
813980707448515,7,"cpufreq",902400.000000
813980708249244,0,"cpufreq",1248000.000000
813980708251796,1,"cpufreq",1248000.000000
813980708310650,0,"cpufreq",1344000.000000
813980708312733,1,"cpufreq",1344000.000000
813980708587317,0,"cpufreq",1132800.000000
813980708589400,1,"cpufreq",1132800.000000
813980708670077,0,"cpufreq",1344000.000000
813980708670442,1,"cpufreq",1344000.000000
813980709123306,0,"cpufreq",1132800.000000
813980709123671,1,"cpufreq",1132800.000000
813980709433254,0,"cpufreq",1689600.000000
813980709434921,1,"cpufreq",1689600.000000
813980714416796,0,"cpufreq",1459200.000000
813980714418567,1,"cpufreq",1459200.000000
813980715409348,0,"cpufreq",787200.000000
813980715411223,1,"cpufreq",787200.000000
813980716339817,0,"cpufreq",902400.000000
813980716343931,1,"cpufreq",902400.000000
813980716469452,0,"cpufreq",787200.000000
813980716471327,1,"cpufreq",787200.000000
813980716709296,0,"cpufreq",902400.000000
813980716709660,1,"cpufreq",902400.000000
813980716819713,0,"cpufreq",787200.000000
813980716822577,1,"cpufreq",787200.000000
813980720163723,0,"cpufreq",902400.000000
813980720164140,1,"cpufreq",902400.000000
813980720851900,0,"cpufreq",1017600.000000
813980720852317,1,"cpufreq",1017600.000000
813980723280181,0,"cpufreq",1344000.000000
813980723282108,1,"cpufreq",1344000.000000
813980726042108,0,"cpufreq",1248000.000000
813980726042473,1,"cpufreq",1248000.000000
813980726646275,0,"cpufreq",1344000.000000
813980726649244,1,"cpufreq",1344000.000000
813980728239660,0,"cpufreq",1248000.000000
813980728240963,1,"cpufreq",1248000.000000
813980730931588,0,"cpufreq",1344000.000000
813980730931952,1,"cpufreq",1344000.000000
813980731392108,0,"cpufreq",902400.000000
813980731392525,1,"cpufreq",902400.000000
813980732866067,0,"cpufreq",1017600.000000
813980732867890,1,"cpufreq",1017600.000000
813980733442056,0,"cpufreq",902400.000000
813980733444713,1,"cpufreq",902400.000000
813980734322421,0,"cpufreq",1017600.000000
813980734322890,1,"cpufreq",1017600.000000
813980739357369,0,"cpufreq",1132800.000000
813980739357733,1,"cpufreq",1132800.000000
813980739472681,0,"cpufreq",902400.000000
813980739475077,1,"cpufreq",902400.000000
813980741015754,0,"cpufreq",1017600.000000
813980741018931,1,"cpufreq",1017600.000000
813980741912890,0,"cpufreq",902400.000000
813980741913254,1,"cpufreq",902400.000000
813980742392890,0,"cpufreq",787200.000000
813980742393410,1,"cpufreq",787200.000000
813980742845494,0,"cpufreq",902400.000000
813980742845806,1,"cpufreq",902400.000000
813980747800181,0,"cpufreq",1248000.000000
813980747803306,1,"cpufreq",1248000.000000
813980750048150,0,"cpufreq",1344000.000000
813980750049817,1,"cpufreq",1344000.000000
813980750161379,0,"cpufreq",1132800.000000
813980750161744,1,"cpufreq",1132800.000000
813980750404556,0,"cpufreq",1248000.000000
813980750406119,1,"cpufreq",1248000.000000
813980750464244,0,"cpufreq",1132800.000000
813980750464713,1,"cpufreq",1132800.000000
813980750538306,0,"cpufreq",1017600.000000
813980750538671,1,"cpufreq",1017600.000000
813980752286588,0,"cpufreq",902400.000000
813980752289921,1,"cpufreq",902400.000000
813980752784973,0,"cpufreq",1017600.000000
813980752787056,1,"cpufreq",1017600.000000
813980758111223,0,"cpufreq",902400.000000
813980758111640,1,"cpufreq",902400.000000
813980758233879,0,"cpufreq",1132800.000000
813980758234244,1,"cpufreq",1132800.000000
813980758399088,0,"cpufreq",1017600.000000
813980758400806,1,"cpufreq",1017600.000000
813980758721744,0,"cpufreq",902400.000000
813980758722056,1,"cpufreq",902400.000000
813980763502056,0,"cpufreq",787200.000000
813980763502890,1,"cpufreq",787200.000000
813980764157785,0,"cpufreq",902400.000000
813980764158150,1,"cpufreq",902400.000000
813980764448515,0,"cpufreq",1017600.000000
813980764451483,1,"cpufreq",1017600.000000
813980765976796,0,"cpufreq",787200.000000
813980765979452,1,"cpufreq",787200.000000
813980767814296,0,"cpufreq",1017600.000000
813980767816848,1,"cpufreq",1017600.000000
813980771525442,0,"cpufreq",902400.000000
813980771525806,1,"cpufreq",902400.000000
813980772161900,0,"cpufreq",1017600.000000
813980772162212,1,"cpufreq",1017600.000000
813980772766275,0,"cpufreq",787200.000000
813980772768931,1,"cpufreq",787200.000000
813980772912004,0,"cpufreq",1132800.000000
813980772912525,1,"cpufreq",1132800.000000
813980774968150,0,"cpufreq",1459200.000000
813980774968462,1,"cpufreq",1459200.000000
813980775079140,0,"cpufreq",1248000.000000
813980775081171,1,"cpufreq",1248000.000000
813980775158306,0,"cpufreq",1344000.000000
813980775158723,1,"cpufreq",1344000.000000
813980775547317,0,"cpufreq",1132800.000000
813980775547681,1,"cpufreq",1132800.000000
813980776019400,0,"cpufreq",1248000.000000
813980776019712,1,"cpufreq",1248000.000000
813980776213202,0,"cpufreq",1344000.000000
813980776214869,1,"cpufreq",1344000.000000
813980776276952,0,"cpufreq",1248000.000000
813980776277317,1,"cpufreq",1248000.000000
813980776325181,0,"cpufreq",1344000.000000
813980776325494,1,"cpufreq",1344000.000000
813980779545337,0,"cpufreq",787200.000000
813980779545754,1,"cpufreq",787200.000000
813980780419556,0,"cpufreq",902400.000000
813980780420025,1,"cpufreq",902400.000000
813980781141587,0,"cpufreq",787200.000000
813980781144973,1,"cpufreq",787200.000000
813980784161379,0,"cpufreq",902400.000000
813980784161796,1,"cpufreq",902400.000000
813980784420077,0,"cpufreq",787200.000000
813980784420598,1,"cpufreq",787200.000000
813980784535442,0,"cpufreq",902400.000000
813980784535962,1,"cpufreq",902400.000000
813980786826275,0,"cpufreq",1017600.000000
813980786829400,1,"cpufreq",1017600.000000
813980786976327,0,"cpufreq",902400.000000
813980786978879,1,"cpufreq",902400.000000
813980787395285,0,"cpufreq",787200.000000
813980787395598,1,"cpufreq",787200.000000
813980789560025,0,"cpufreq",1132800.000000
813980789563827,1,"cpufreq",1132800.000000
813980790095025,0,"cpufreq",1920000.000000
813980790095546,1,"cpufreq",1920000.000000
813980790392421,0,"cpufreq",1574400.000000
813980790393931,1,"cpufreq",1574400.000000
813980790960650,0,"cpufreq",1344000.000000
813980790962421,1,"cpufreq",1344000.000000
813980791843358,0,"cpufreq",1132800.000000
813980791844869,1,"cpufreq",1132800.000000
813980791899192,0,"cpufreq",1344000.000000
813980791899504,1,"cpufreq",1344000.000000
813980792178410,0,"cpufreq",1574400.000000
813980792180390,1,"cpufreq",1574400.000000
813980792408619,0,"cpufreq",1344000.000000
813980792409035,1,"cpufreq",1344000.000000
813980795412004,0,"cpufreq",1132800.000000
813980795412525,1,"cpufreq",1132800.000000
813980796262629,0,"cpufreq",1248000.000000
813980796264244,1,"cpufreq",1248000.000000
813980796314035,0,"cpufreq",2035200.000000
813980796316223,1,"cpufreq",2035200.000000
813980797058515,0,"cpufreq",1248000.000000
813980797059869,1,"cpufreq",1248000.000000
813980799276483,0,"cpufreq",1344000.000000
813980799278879,1,"cpufreq",1344000.000000
813980799821067,0,"cpufreq",1574400.000000
813980799822369,1,"cpufreq",1574400.000000
813980800100077,0,"cpufreq",1459200.000000
813980800100546,1,"cpufreq",1459200.000000
813980800331640,0,"cpufreq",1920000.000000
813980800332056,1,"cpufreq",1920000.000000
813980800471379,0,"cpufreq",1689600.000000
813980800472317,1,"cpufreq",1689600.000000
813980800860858,0,"cpufreq",1574400.000000
813980800861275,1,"cpufreq",1574400.000000
813980801199452,0,"cpufreq",1344000.000000
813980801200754,1,"cpufreq",1344000.000000
813980802182369,0,"cpufreq",1574400.000000
813980802184608,1,"cpufreq",1574400.000000
813980803370650,7,"cpufreq",1939200.000000
813980803406796,0,"cpufreq",1689600.000000
813980803407212,1,"cpufreq",1689600.000000
813980803562890,0,"cpufreq",1920000.000000
813980803564660,1,"cpufreq",1920000.000000
813980804114817,0,"cpufreq",2265600.000000
813980804116327,1,"cpufreq",2265600.000000
813980804235337,7,"cpufreq",902400.000000
813980807884608,7,"cpufreq",1939200.000000
813980809500442,0,"cpufreq",1689600.000000
813980809500806,1,"cpufreq",1689600.000000
813980809643671,0,"cpufreq",1804800.000000
813980809644765,1,"cpufreq",1804800.000000
813980810287525,0,"cpufreq",1920000.000000
813980810288046,1,"cpufreq",1920000.000000
813980810435806,0,"cpufreq",1804800.000000
813980810436119,1,"cpufreq",1804800.000000
813980810671692,7,"cpufreq",902400.000000
813980811406796,0,"cpufreq",2265600.000000
813980811407212,1,"cpufreq",2265600.000000
813980827480598,0,"cpufreq",2035200.000000
813980827481067,1,"cpufreq",2035200.000000
813980830439035,0,"cpufreq",2150400.000000
813980830439348,1,"cpufreq",2150400.000000
813980830995390,0,"cpufreq",2265600.000000
813980830995806,1,"cpufreq",2265600.000000
813980831052004,0,"cpufreq",2150400.000000
813980831052473,1,"cpufreq",2150400.000000
813980831326587,0,"cpufreq",2035200.000000
813980831326952,1,"cpufreq",2035200.000000
813980832564504,0,"cpufreq",1920000.000000
813980832565858,1,"cpufreq",1920000.000000
813980832727994,0,"cpufreq",2035200.000000
813980832728358,1,"cpufreq",2035200.000000
813980833901796,0,"cpufreq",1804800.000000
813980833902160,1,"cpufreq",1804800.000000
813980834447629,0,"cpufreq",2150400.000000
813980834449400,1,"cpufreq",2150400.000000
813980835010181,0,"cpufreq",2265600.000000
813980835011015,1,"cpufreq",2265600.000000
813980835449140,0,"cpufreq",1804800.000000
813980835449660,1,"cpufreq",1804800.000000
813980839377056,0,"cpufreq",1017600.000000
813980839378515,1,"cpufreq",1017600.000000
813980840934817,0,"cpufreq",1920000.000000
813980840937525,1,"cpufreq",1920000.000000
813980841368827,0,"cpufreq",2035200.000000
813980841369452,1,"cpufreq",2035200.000000
813980841689817,0,"cpufreq",1017600.000000
813980841690702,1,"cpufreq",1017600.000000
813980843372629,0,"cpufreq",902400.000000
813980843373098,1,"cpufreq",902400.000000
813980843701015,7,"cpufreq",2112000.000000
813980843943410,0,"cpufreq",787200.000000
813980843945285,1,"cpufreq",787200.000000
813980844660598,7,"cpufreq",902400.000000
813980847734608,0,"cpufreq",1574400.000000
813980847738046,1,"cpufreq",1574400.000000
813980849208306,0,"cpufreq",787200.000000
813980849208775,1,"cpufreq",787200.000000
813980849569504,0,"cpufreq",902400.000000
813980849569973,1,"cpufreq",902400.000000
813980850253619,0,"cpufreq",1017600.000000
813980850253983,1,"cpufreq",1017600.000000
813980850517733,0,"cpufreq",1344000.000000
813980850519765,1,"cpufreq",1344000.000000
813980850680702,0,"cpufreq",1248000.000000
813980850682681,1,"cpufreq",1248000.000000
813980851416327,0,"cpufreq",902400.000000
813980851416744,1,"cpufreq",902400.000000
813980855437421,0,"cpufreq",1017600.000000
813980855437942,1,"cpufreq",1017600.000000
813980856116692,0,"cpufreq",1132800.000000
813980856119192,1,"cpufreq",1132800.000000
813980858073619,0,"cpufreq",1248000.000000
813980858073983,1,"cpufreq",1248000.000000
813980858296483,0,"cpufreq",1344000.000000
813980858296796,1,"cpufreq",1344000.000000
813980858366900,0,"cpufreq",1132800.000000
813980858368462,1,"cpufreq",1132800.000000
813980858612212,0,"cpufreq",1017600.000000
813980858614556,1,"cpufreq",1017600.000000
813980859389765,0,"cpufreq",902400.000000
813980859390181,1,"cpufreq",902400.000000
813980866282994,0,"cpufreq",1132800.000000
813980866283410,1,"cpufreq",1132800.000000
813980866426744,0,"cpufreq",1017600.000000
813980866427212,1,"cpufreq",1017600.000000
813980866989973,0,"cpufreq",1132800.000000
813980866991900,1,"cpufreq",1132800.000000
813980867262473,0,"cpufreq",1574400.000000
813980867264921,1,"cpufreq",1574400.000000
813980867404869,0,"cpufreq",787200.000000
813980867406483,1,"cpufreq",787200.000000
813980872693202,0,"cpufreq",1017600.000000
813980872696587,1,"cpufreq",1017600.000000
813980872808410,0,"cpufreq",902400.000000
813980872810962,1,"cpufreq",902400.000000
813980874420233,0,"cpufreq",787200.000000
813980874423202,1,"cpufreq",787200.000000
813980875392212,0,"cpufreq",902400.000000
813980875392577,1,"cpufreq",902400.000000
813980876233046,0,"cpufreq",787200.000000
813980876236327,1,"cpufreq",787200.000000
813980880138619,0,"cpufreq",902400.000000
813980880139296,1,"cpufreq",902400.000000
813980882394817,0,"cpufreq",1132800.000000
813980882395546,1,"cpufreq",1132800.000000
813980882614192,0,"cpufreq",902400.000000
813980882616587,1,"cpufreq",902400.000000
813980882834817,0,"cpufreq",787200.000000
813980882835181,1,"cpufreq",787200.000000
813980884874296,7,"cpufreq",2112000.000000
813980885179452,7,"cpufreq",2246400.000000
813980885851067,7,"cpufreq",902400.000000
813980888164712,0,"cpufreq",902400.000000
813980888165181,1,"cpufreq",902400.000000
813980891452837,0,"cpufreq",787200.000000
813980891456431,1,"cpufreq",787200.000000
813980899087525,0,"cpufreq",902400.000000
813980899087994,1,"cpufreq",902400.000000
813980899289712,0,"cpufreq",787200.000000
813980899291640,1,"cpufreq",787200.000000
813980902379973,7,"cpufreq",2112000.000000
813980903258515,7,"cpufreq",902400.000000
813980907406848,0,"cpufreq",1344000.000000
813980907407317,1,"cpufreq",1344000.000000
813980908151275,0,"cpufreq",902400.000000
813980908151796,1,"cpufreq",902400.000000
813980909440233,0,"cpufreq",1248000.000000
813980909443410,1,"cpufreq",1248000.000000
813980911267212,0,"cpufreq",902400.000000
813980911269452,1,"cpufreq",902400.000000
813980911403254,0,"cpufreq",1344000.000000
813980911406223,1,"cpufreq",1344000.000000
813980914413046,0,"cpufreq",1920000.000000
813980914415025,1,"cpufreq",1920000.000000
813980914620598,0,"cpufreq",2265600.000000
813980914621744,1,"cpufreq",2265600.000000
813980915446952,0,"cpufreq",2035200.000000
813980915448150,1,"cpufreq",2035200.000000
813980916084817,0,"cpufreq",1920000.000000
813980916085702,1,"cpufreq",1920000.000000
813980916235494,0,"cpufreq",1804800.000000
813980916236587,1,"cpufreq",1804800.000000
813980916674608,0,"cpufreq",2150400.000000
813980916675702,1,"cpufreq",2150400.000000
813980916992733,0,"cpufreq",2265600.000000
813980916994244,1,"cpufreq",2265600.000000
813980918296067,0,"cpufreq",2035200.000000
813980918297212,1,"cpufreq",2035200.000000
813980918638098,0,"cpufreq",1804800.000000
813980918639504,1,"cpufreq",1804800.000000
813980919492108,0,"cpufreq",2265600.000000
813980919493150,1,"cpufreq",2265600.000000
813980920143619,0,"cpufreq",1804800.000000
813980920144035,1,"cpufreq",1804800.000000
813980920250546,0,"cpufreq",2265600.000000
813980920251067,1,"cpufreq",2265600.000000
813980921844765,0,"cpufreq",1804800.000000
813980921845546,1,"cpufreq",1804800.000000
813980922091275,0,"cpufreq",2035200.000000
813980922091587,1,"cpufreq",2035200.000000
813980922501796,0,"cpufreq",2265600.000000
813980922502681,1,"cpufreq",2265600.000000
813980922685337,0,"cpufreq",2035200.000000
813980922686587,1,"cpufreq",2035200.000000
813980923175025,0,"cpufreq",1920000.000000
813980923175442,1,"cpufreq",1920000.000000
813980923459400,0,"cpufreq",2265600.000000
813980923460858,1,"cpufreq",2265600.000000
813980924175702,0,"cpufreq",2150400.000000
813980924176692,1,"cpufreq",2150400.000000
813980924316483,0,"cpufreq",2265600.000000
813980924316900,1,"cpufreq",2265600.000000
813980931401952,0,"cpufreq",1344000.000000
813980931402733,1,"cpufreq",1344000.000000
813980931508150,0,"cpufreq",2265600.000000
813980931508619,1,"cpufreq",2265600.000000
813980931727317,0,"cpufreq",1248000.000000
813980931727629,1,"cpufreq",1248000.000000
813980932085129,0,"cpufreq",2265600.000000
813980932087265,1,"cpufreq",2265600.000000
813980932204192,7,"cpufreq",1708800.000000
813980932344400,7,"cpufreq",1824000.000000
813980932993983,0,"cpufreq",1574400.000000
813980932994400,1,"cpufreq",1574400.000000
813980933211692,7,"cpufreq",2035200.000000
813980933325129,7,"cpufreq",1248000.000000
813980933430702,7,"cpufreq",2246400.000000
813980933841171,0,"cpufreq",1804800.000000
813980933841587,1,"cpufreq",1804800.000000
813980934339192,0,"cpufreq",2265600.000000
813980934340806,1,"cpufreq",2265600.000000
813980935911119,7,"cpufreq",1708800.000000
813980938455858,7,"cpufreq",2246400.000000
813980938500285,0,"cpufreq",2035200.000000
813980938500598,1,"cpufreq",2035200.000000
813980938573098,0,"cpufreq",2265600.000000
813980938573723,1,"cpufreq",2265600.000000
813980956030910,7,"cpufreq",902400.000000
813980963100442,7,"cpufreq",1939200.000000
813980963286171,7,"cpufreq",2035200.000000
813980964218775,7,"cpufreq",1708800.000000
813980964662577,7,"cpufreq",2246400.000000
813980965680806,7,"cpufreq",1708800.000000
813980966957837,7,"cpufreq",2035200.000000
813980970913567,7,"cpufreq",1593600.000000
813980971424869,7,"cpufreq",1363200.000000
813980979383827,0,"cpufreq",902400.000000
813980979384244,1,"cpufreq",902400.000000
813980980384921,0,"cpufreq",1459200.000000
813980980386952,1,"cpufreq",1459200.000000
813980980448046,0,"cpufreq",2265600.000000
813980980449817,1,"cpufreq",2265600.000000
813980983330025,0,"cpufreq",902400.000000
813980983331275,1,"cpufreq",902400.000000
813980984239296,7,"cpufreq",1593600.000000
813980987436171,0,"cpufreq",787200.000000
813980987436587,1,"cpufreq",787200.000000
813980987443150,7,"cpufreq",1248000.000000
813980987711900,7,"cpufreq",1478400.000000
813980991730910,0,"cpufreq",902400.000000
813980991731327,1,"cpufreq",902400.000000
813980992291744,0,"cpufreq",2265600.000000
813980992293879,1,"cpufreq",2265600.000000
813980992663671,7,"cpufreq",1363200.000000
813980993319400,7,"cpufreq",902400.000000
813980995571639,0,"cpufreq",902400.000000
813980995571952,1,"cpufreq",902400.000000
813980995892421,7,"cpufreq",1593600.000000
813980996128514,0,"cpufreq",1017600.000000
813980996128983,1,"cpufreq",1017600.000000
813980996622837,7,"cpufreq",902400.000000
813981000944764,0,"cpufreq",2265600.000000
813981000946535,1,"cpufreq",2265600.000000
813981003405702,0,"cpufreq",1017600.000000
813981003406067,1,"cpufreq",1017600.000000
813981004469608,7,"cpufreq",1939200.000000
813981005237369,7,"cpufreq",902400.000000
813981005850337,0,"cpufreq",2265600.000000
813981005852994,1,"cpufreq",2265600.000000
813981005959087,0,"cpufreq",2150400.000000
813981005960285,1,"cpufreq",2150400.000000
813981006492681,0,"cpufreq",1017600.000000
813981006493046,1,"cpufreq",1017600.000000
813981006676744,0,"cpufreq",1344000.000000
813981006679764,1,"cpufreq",1344000.000000
813981007320754,0,"cpufreq",1017600.000000
813981007322733,1,"cpufreq",1017600.000000
813981008221171,0,"cpufreq",1689600.000000
813981008221535,1,"cpufreq",1689600.000000
813981009233046,0,"cpufreq",2265600.000000
813981009234139,1,"cpufreq",2265600.000000
813981018660546,0,"cpufreq",2035200.000000
813981018660910,1,"cpufreq",2035200.000000
813981019454244,0,"cpufreq",1459200.000000
813981019454660,1,"cpufreq",1459200.000000
813981024241275,0,"cpufreq",1344000.000000
813981024242629,1,"cpufreq",1344000.000000
813981024482942,0,"cpufreq",1459200.000000
813981024483254,1,"cpufreq",1459200.000000
813981027481483,0,"cpufreq",787200.000000
813981027481900,1,"cpufreq",787200.000000
813981028127212,0,"cpufreq",1017600.000000
813981028127629,1,"cpufreq",1017600.000000
813981029425910,0,"cpufreq",1132800.000000
813981029427785,1,"cpufreq",1132800.000000
813981030834348,0,"cpufreq",1017600.000000
813981030836952,1,"cpufreq",1017600.000000
813981032574556,0,"cpufreq",787200.000000
813981032577264,1,"cpufreq",787200.000000
813981044279556,0,"cpufreq",902400.000000
813981044285389,1,"cpufreq",902400.000000
813981046822837,0,"cpufreq",787200.000000
813981046823150,1,"cpufreq",787200.000000
813981059506952,0,"cpufreq",902400.000000
813981059507369,1,"cpufreq",902400.000000
813981067436848,0,"cpufreq",787200.000000
813981067440077,1,"cpufreq",787200.000000
813981067573723,0,"cpufreq",2265600.000000
813981067576223,1,"cpufreq",2265600.000000
813981067994973,0,"cpufreq",787200.000000
813981067996535,1,"cpufreq",787200.000000
813981068635494,0,"cpufreq",2265600.000000
813981068637837,1,"cpufreq",2265600.000000
813981069529817,0,"cpufreq",1132800.000000
813981069530129,1,"cpufreq",1132800.000000
813981070055598,0,"cpufreq",787200.000000
813981070056171,1,"cpufreq",787200.000000
813981070095077,0,"cpufreq",1248000.000000
813981070098410,1,"cpufreq",1248000.000000
813981070237837,0,"cpufreq",1132800.000000
813981070239869,1,"cpufreq",1132800.000000
813981070892889,0,"cpufreq",1248000.000000
813981070893462,1,"cpufreq",1248000.000000
813981071392733,0,"cpufreq",1574400.000000
813981071393306,1,"cpufreq",1574400.000000
813981071870442,0,"cpufreq",902400.000000
813981071870910,1,"cpufreq",902400.000000
813981072146171,0,"cpufreq",1017600.000000
813981072146639,1,"cpufreq",1017600.000000
813981072457160,0,"cpufreq",787200.000000
813981072459712,1,"cpufreq",787200.000000
813981074795858,0,"cpufreq",2265600.000000
813981074799192,1,"cpufreq",2265600.000000
813981082516379,0,"cpufreq",2035200.000000
813981082517212,1,"cpufreq",2035200.000000
813981083480129,0,"cpufreq",787200.000000
813981083480754,1,"cpufreq",787200.000000
813981083822473,0,"cpufreq",1132800.000000
813981083825910,1,"cpufreq",1132800.000000
813981091480598,0,"cpufreq",787200.000000
813981091480910,1,"cpufreq",787200.000000
813981099345494,0,"cpufreq",902400.000000
813981099350546,1,"cpufreq",902400.000000
813981099448046,0,"cpufreq",787200.000000
813981099448514,1,"cpufreq",787200.000000
813981100345962,0,"cpufreq",1689600.000000
813981100349556,1,"cpufreq",1689600.000000
813981106258723,0,"cpufreq",1920000.000000
813981106260337,1,"cpufreq",1920000.000000
813981106381275,0,"cpufreq",2265600.000000
813981106382629,1,"cpufreq",2265600.000000
813981106614712,0,"cpufreq",1689600.000000
813981106615077,1,"cpufreq",1689600.000000
813981106796952,0,"cpufreq",2035200.000000
813981106798567,1,"cpufreq",2035200.000000
813981106845962,0,"cpufreq",2265600.000000
813981106847212,1,"cpufreq",2265600.000000
813981107415233,0,"cpufreq",2035200.000000
813981107415702,1,"cpufreq",2035200.000000
813981115395598,0,"cpufreq",1689600.000000
813981115395962,1,"cpufreq",1689600.000000
813981123477264,0,"cpufreq",787200.000000
813981123477889,1,"cpufreq",787200.000000
813981131488983,2,"cpufreq",2188800.000000
813981131489869,3,"cpufreq",2188800.000000
813981131490181,4,"cpufreq",2188800.000000
813981131494764,5,"cpufreq",2188800.000000
813981131495181,6,"cpufreq",2188800.000000
813981139374192,2,"cpufreq",1612800.000000
813981139374764,3,"cpufreq",1612800.000000
813981139375337,4,"cpufreq",1612800.000000
813981139379192,5,"cpufreq",1612800.000000
813981139379504,6,"cpufreq",1612800.000000
813981146222681,2,"cpufreq",2707200.000000
813981146223775,3,"cpufreq",2707200.000000
813981146224192,4,"cpufreq",2707200.000000
813981146343879,5,"cpufreq",2707200.000000
813981146344244,6,"cpufreq",2707200.000000
813981147492056,2,"cpufreq",1612800.000000
813981147496379,3,"cpufreq",1612800.000000
813981147499400,4,"cpufreq",1612800.000000
813981147515233,5,"cpufreq",1612800.000000
813981147519139,6,"cpufreq",1612800.000000
813981151996171,2,"cpufreq",1286400.000000
813981152000129,3,"cpufreq",1286400.000000
813981152003098,4,"cpufreq",1286400.000000
813981152019556,5,"cpufreq",1286400.000000
813981152023098,6,"cpufreq",1286400.000000
813981152789035,2,"cpufreq",1612800.000000
813981152790025,3,"cpufreq",1612800.000000
813981152791171,4,"cpufreq",1612800.000000
813981152795754,5,"cpufreq",1612800.000000
813981152796171,6,"cpufreq",1612800.000000
813981155492004,2,"cpufreq",1190400.000000
813981155492837,3,"cpufreq",1190400.000000
813981155493306,4,"cpufreq",1190400.000000
813981155498931,5,"cpufreq",1190400.000000
813981155499556,6,"cpufreq",1190400.000000
813981163403879,2,"cpufreq",960000.000000
813981163405025,3,"cpufreq",960000.000000
813981163405650,4,"cpufreq",960000.000000
813981163411067,5,"cpufreq",960000.000000
813981163411744,6,"cpufreq",960000.000000
813981163827629,2,"cpufreq",1190400.000000
813981163831171,3,"cpufreq",1190400.000000
813981163834764,4,"cpufreq",1190400.000000
813981163852837,5,"cpufreq",1190400.000000
813981163856275,6,"cpufreq",1190400.000000
813981168388827,2,"cpufreq",960000.000000
813981168389660,3,"cpufreq",960000.000000
813981168390129,4,"cpufreq",960000.000000
813981168394348,5,"cpufreq",960000.000000
813981168394817,6,"cpufreq",960000.000000
813981179620702,2,"cpufreq",844800.000000
813981179621900,3,"cpufreq",844800.000000
813981179622577,4,"cpufreq",844800.000000
813981179632994,5,"cpufreq",844800.000000
813981179634244,6,"cpufreq",844800.000000
813981182124296,2,"cpufreq",960000.000000
813981182125910,3,"cpufreq",960000.000000
813981182126796,4,"cpufreq",960000.000000
813981182135598,5,"cpufreq",499200.000000
813981182136848,6,"cpufreq",499200.000000
813981187461535,2,"cpufreq",844800.000000
813981187462994,3,"cpufreq",844800.000000
813981187463619,4,"cpufreq",844800.000000
813981195568462,2,"cpufreq",1612800.000000
813981195569504,3,"cpufreq",1612800.000000
813981195570181,4,"cpufreq",1612800.000000
813981203413358,2,"cpufreq",1708800.000000
813981203414556,3,"cpufreq",1708800.000000
813981203414973,4,"cpufreq",1708800.000000
813981203840598,2,"cpufreq",1824000.000000
813981203841275,3,"cpufreq",1824000.000000
813981203841744,4,"cpufreq",1824000.000000
813981206675806,0,"cpufreq",1344000.000000
813981206679191,1,"cpufreq",1344000.000000
813981207026796,2,"cpufreq",1708800.000000
813981207027577,3,"cpufreq",1708800.000000
813981207028306,4,"cpufreq",1708800.000000
813981207949764,0,"cpufreq",787200.000000
813981207950389,1,"cpufreq",787200.000000
813981208067056,5,"cpufreq",614400.000000
813981208068254,6,"cpufreq",614400.000000
813981208374764,5,"cpufreq",499200.000000
813981208375754,6,"cpufreq",499200.000000
813981209283098,0,"cpufreq",902400.000000
813981209286535,1,"cpufreq",902400.000000
813981210334660,0,"cpufreq",1574400.000000
813981210336848,1,"cpufreq",1574400.000000
813981211067004,0,"cpufreq",1804800.000000
813981211068254,1,"cpufreq",1804800.000000
813981211437421,0,"cpufreq",1017600.000000
813981211438775,1,"cpufreq",1017600.000000
813981211448931,2,"cpufreq",1612800.000000
813981211449660,3,"cpufreq",1612800.000000
813981211450285,4,"cpufreq",1612800.000000
813981217929244,2,"cpufreq",1708800.000000
813981217930337,3,"cpufreq",1708800.000000
813981217930858,4,"cpufreq",1708800.000000
813981218030962,2,"cpufreq",2131200.000000
813981218031639,3,"cpufreq",2131200.000000
813981218032056,4,"cpufreq",2131200.000000
813981219390858,0,"cpufreq",902400.000000
813981219391744,1,"cpufreq",902400.000000
813981219397369,2,"cpufreq",1708800.000000
813981219397994,3,"cpufreq",1708800.000000
813981219398254,4,"cpufreq",1708800.000000
813981221461379,0,"cpufreq",787200.000000
813981221464973,1,"cpufreq",787200.000000
813981223278306,0,"cpufreq",902400.000000
813981223279191,1,"cpufreq",902400.000000
813981227480337,0,"cpufreq",1344000.000000
813981227483254,1,"cpufreq",1344000.000000
813981227498619,2,"cpufreq",1612800.000000
813981227501275,3,"cpufreq",1612800.000000
813981227503827,4,"cpufreq",1612800.000000
813981228044973,0,"cpufreq",787200.000000
813981228046379,1,"cpufreq",787200.000000
813981228444452,0,"cpufreq",902400.000000
813981228449087,1,"cpufreq",902400.000000
813981228518306,0,"cpufreq",787200.000000
813981228519191,1,"cpufreq",787200.000000
813981228528202,2,"cpufreq",1920000.000000
813981228529087,3,"cpufreq",1920000.000000
813981228529608,4,"cpufreq",1920000.000000
813981228967264,0,"cpufreq",1132800.000000
813981228969556,1,"cpufreq",1132800.000000
813981229370546,0,"cpufreq",787200.000000
813981229372160,1,"cpufreq",787200.000000
813981229552264,0,"cpufreq",902400.000000
813981229554452,1,"cpufreq",902400.000000
813981229751848,0,"cpufreq",787200.000000
813981229753306,1,"cpufreq",787200.000000
813981229930233,5,"cpufreq",614400.000000
813981229934087,6,"cpufreq",614400.000000
813981230266066,5,"cpufreq",499200.000000
813981230267160,6,"cpufreq",499200.000000
813981233771848,2,"cpufreq",2188800.000000
813981233772681,3,"cpufreq",2188800.000000
813981233773254,4,"cpufreq",2188800.000000
813981233868514,5,"cpufreq",729600.000000
813981233869035,6,"cpufreq",729600.000000
813981235150754,5,"cpufreq",960000.000000
813981235153462,6,"cpufreq",960000.000000
813981235483306,2,"cpufreq",2515200.000000
813981235483931,3,"cpufreq",2515200.000000
813981235484296,4,"cpufreq",2515200.000000
813981240749816,2,"cpufreq",2188800.000000
813981240750806,3,"cpufreq",2188800.000000
813981240751483,4,"cpufreq",2188800.000000
813981243007681,2,"cpufreq",2572800.000000
813981243008202,3,"cpufreq",2572800.000000
813981243008514,4,"cpufreq",2572800.000000
813981243565962,5,"cpufreq",844800.000000
813981243566379,6,"cpufreq",844800.000000
813981244054973,2,"cpufreq",2630400.000000
813981244055650,3,"cpufreq",2630400.000000
813981244056744,4,"cpufreq",2630400.000000
813981251464400,0,"cpufreq",2265600.000000
813981251464921,1,"cpufreq",2265600.000000
813981251468619,2,"cpufreq",2707200.000000
813981251468931,3,"cpufreq",2707200.000000
813981251469296,4,"cpufreq",2707200.000000
813981251471379,5,"cpufreq",499200.000000
813981251471796,6,"cpufreq",499200.000000
813981252105129,2,"cpufreq",2438400.000000
813981252105702,3,"cpufreq",2438400.000000
813981252106171,4,"cpufreq",2438400.000000
813981253961014,2,"cpufreq",2707200.000000
813981253961639,3,"cpufreq",2707200.000000
813981253961952,4,"cpufreq",2707200.000000
813981258666119,0,"cpufreq",787200.000000
813981258667525,1,"cpufreq",787200.000000
813981258674921,5,"cpufreq",1190400.000000
813981258675650,6,"cpufreq",1190400.000000
813981259398879,0,"cpufreq",1132800.000000
813981259399191,1,"cpufreq",1132800.000000
813981259587837,0,"cpufreq",1344000.000000
813981259591171,1,"cpufreq",1344000.000000
813981267450858,0,"cpufreq",787200.000000
813981267451431,1,"cpufreq",787200.000000
813981287925806,0,"cpufreq",1017600.000000
813981287928046,1,"cpufreq",1017600.000000
813981291374921,0,"cpufreq",787200.000000
813981291375441,1,"cpufreq",787200.000000
813981300403775,0,"cpufreq",1248000.000000
813981300407160,1,"cpufreq",1248000.000000
813981303349869,0,"cpufreq",1459200.000000
813981303352056,1,"cpufreq",1459200.000000
813981304243983,0,"cpufreq",1248000.000000
813981304245546,1,"cpufreq",1248000.000000
813981304373150,0,"cpufreq",1344000.000000
813981304374087,1,"cpufreq",1344000.000000
813981305733514,0,"cpufreq",1248000.000000
813981305734973,1,"cpufreq",1248000.000000
813981306617785,0,"cpufreq",1574400.000000
813981306620337,1,"cpufreq",1574400.000000
813981306961014,0,"cpufreq",1459200.000000
813981306962108,1,"cpufreq",1459200.000000
813981307091379,0,"cpufreq",787200.000000
813981307092525,1,"cpufreq",787200.000000
813981307446014,0,"cpufreq",1132800.000000
813981307446691,1,"cpufreq",1132800.000000
813981315456535,0,"cpufreq",787200.000000
813981315457108,1,"cpufreq",787200.000000
813981316370962,2,"cpufreq",2515200.000000
813981316372004,3,"cpufreq",2515200.000000
813981316372577,4,"cpufreq",2515200.000000
813981323504296,2,"cpufreq",2438400.000000
813981323504660,3,"cpufreq",2438400.000000
813981323505129,4,"cpufreq",2438400.000000
813981328026171,2,"cpufreq",2707200.000000
813981328026639,3,"cpufreq",2707200.000000
813981328026952,4,"cpufreq",2707200.000000
813981331503671,2,"cpufreq",2438400.000000
813981331504035,3,"cpufreq",2438400.000000
813981331504296,4,"cpufreq",2438400.000000
813981331508931,5,"cpufreq",960000.000000
813981331509296,6,"cpufreq",960000.000000
813981332019296,2,"cpufreq",2707200.000000
813981332019816,3,"cpufreq",2707200.000000
813981332020077,4,"cpufreq",2707200.000000
813981333099764,2,"cpufreq",2572800.000000
813981333100650,3,"cpufreq",2572800.000000
813981333101171,4,"cpufreq",2572800.000000
813981334016900,2,"cpufreq",2707200.000000
813981334017369,3,"cpufreq",2707200.000000
813981334017629,4,"cpufreq",2707200.000000
813981339526275,5,"cpufreq",499200.000000
813981339526796,6,"cpufreq",499200.000000
813981347448931,2,"cpufreq",2515200.000000
813981347449400,3,"cpufreq",2515200.000000
813981347449660,4,"cpufreq",2515200.000000
813981347835754,2,"cpufreq",2707200.000000
813981347836327,3,"cpufreq",2707200.000000
813981347836587,4,"cpufreq",2707200.000000
813981355486066,2,"cpufreq",2438400.000000
813981355486379,3,"cpufreq",2438400.000000
813981355486796,4,"cpufreq",2438400.000000
813981358927004,2,"cpufreq",2707200.000000
813981358927785,3,"cpufreq",2707200.000000
813981358928046,4,"cpufreq",2707200.000000
813981363414816,2,"cpufreq",2630400.000000
813981363415441,3,"cpufreq",2630400.000000
813981363415754,4,"cpufreq",2630400.000000
813981363875598,2,"cpufreq",2707200.000000
813981363875962,3,"cpufreq",2707200.000000
813981363876171,4,"cpufreq",2707200.000000
813981401192837,0,"cpufreq",1459200.000000
813981401196275,1,"cpufreq",1459200.000000
813981403369400,0,"cpufreq",787200.000000
813981403369921,1,"cpufreq",787200.000000
813981405829973,0,"cpufreq",1248000.000000
813981405833358,1,"cpufreq",1248000.000000
813981407573671,0,"cpufreq",787200.000000
813981407574764,1,"cpufreq",787200.000000
813981411396639,0,"cpufreq",1344000.000000
813981411397264,1,"cpufreq",1344000.000000
813981419180546,2,"cpufreq",2515200.000000
813981419180962,3,"cpufreq",2515200.000000
813981419181171,4,"cpufreq",2515200.000000
813981419411431,0,"cpufreq",787200.000000
813981419411848,1,"cpufreq",787200.000000
813981427484608,2,"cpufreq",2707200.000000
813981427485077,3,"cpufreq",2707200.000000
813981427485337,4,"cpufreq",2707200.000000
813981428102160,5,"cpufreq",1190400.000000
813981428103566,6,"cpufreq",1190400.000000
813981435413775,5,"cpufreq",499200.000000
813981435414348,6,"cpufreq",499200.000000
813981454855441,2,"cpufreq",1075200.000000
813981454855754,3,"cpufreq",1075200.000000
813981454856327,4,"cpufreq",1075200.000000
813981456587525,2,"cpufreq",2707200.000000
813981456588410,3,"cpufreq",2707200.000000
813981456588983,4,"cpufreq",2707200.000000
813981457599712,0,"cpufreq",1248000.000000
813981457602108,1,"cpufreq",1248000.000000
813981457732993,0,"cpufreq",787200.000000
813981457733983,1,"cpufreq",787200.000000
813981459366796,2,"cpufreq",2572800.000000
813981459367212,3,"cpufreq",2572800.000000
813981459367525,4,"cpufreq",2572800.000000
813981465473566,2,"cpufreq",2707200.000000
813981465474243,3,"cpufreq",2707200.000000
813981465474556,4,"cpufreq",2707200.000000
813981467462004,0,"cpufreq",1344000.000000
813981467462577,1,"cpufreq",1344000.000000
813981472228671,0,"cpufreq",2265600.000000
813981472230025,1,"cpufreq",2265600.000000
813981472418254,0,"cpufreq",902400.000000
813981472419191,1,"cpufreq",902400.000000
813981472424764,5,"cpufreq",1190400.000000
813981472425598,6,"cpufreq",1190400.000000
813981475510337,0,"cpufreq",787200.000000
813981475510910,1,"cpufreq",787200.000000
813981491404921,2,"cpufreq",2380800.000000
813981491405441,3,"cpufreq",2380800.000000
813981491405858,4,"cpufreq",2380800.000000
813981499478462,2,"cpufreq",2572800.000000
813981499479139,3,"cpufreq",2572800.000000
813981499479452,4,"cpufreq",2572800.000000
813981501475702,0,"cpufreq",2265600.000000
813981501479400,1,"cpufreq",2265600.000000
813981501492785,5,"cpufreq",614400.000000
813981501495962,6,"cpufreq",614400.000000
813981502268566,5,"cpufreq",499200.000000
813981502270077,6,"cpufreq",499200.000000
813981507380181,2,"cpufreq",2707200.000000
813981507380806,3,"cpufreq",2707200.000000
813981507381066,4,"cpufreq",2707200.000000
813981509890910,2,"cpufreq",2323200.000000
813981509892525,3,"cpufreq",2323200.000000
813981509893462,4,"cpufreq",2323200.000000
813981510383931,2,"cpufreq",2572800.000000
813981510384504,3,"cpufreq",2572800.000000
813981510384868,4,"cpufreq",2572800.000000
813981514803983,2,"cpufreq",2707200.000000
813981514804660,3,"cpufreq",2707200.000000
813981514804921,4,"cpufreq",2707200.000000
813981529476223,0,"cpufreq",1804800.000000
813981529476796,1,"cpufreq",1804800.000000
813981529677264,0,"cpufreq",2265600.000000
813981529677629,1,"cpufreq",2265600.000000
813981530605598,0,"cpufreq",1804800.000000
813981530606118,1,"cpufreq",1804800.000000
813981530611118,2,"cpufreq",2630400.000000
813981530611379,3,"cpufreq",2630400.000000
813981530611587,4,"cpufreq",2630400.000000
813981530709868,0,"cpufreq",2265600.000000
813981530710233,1,"cpufreq",2265600.000000
813981531489348,2,"cpufreq",2438400.000000
813981531489973,3,"cpufreq",2438400.000000
813981531490285,4,"cpufreq",2438400.000000
813981532105806,2,"cpufreq",2707200.000000
813981532107316,3,"cpufreq",2707200.000000
813981532110546,4,"cpufreq",2707200.000000
813981535990025,5,"cpufreq",960000.000000
813981535991171,6,"cpufreq",960000.000000
813981536228983,5,"cpufreq",614400.000000
813981536230077,6,"cpufreq",614400.000000
813981536543254,5,"cpufreq",499200.000000
813981536544608,6,"cpufreq",499200.000000
813981537266275,5,"cpufreq",1190400.000000
813981537267421,6,"cpufreq",1190400.000000
813981537822316,5,"cpufreq",499200.000000
813981537824035,6,"cpufreq",499200.000000
813981541639296,5,"cpufreq",614400.000000
813981541640285,6,"cpufreq",614400.000000
813981541877212,5,"cpufreq",499200.000000
813981541878202,6,"cpufreq",499200.000000
813981543005546,5,"cpufreq",1075200.000000
813981543006587,6,"cpufreq",1075200.000000
813981543123671,5,"cpufreq",1190400.000000
813981543124816,6,"cpufreq",1190400.000000
813981544369400,5,"cpufreq",614400.000000
813981544370702,6,"cpufreq",614400.000000
813981547456066,5,"cpufreq",729600.000000
813981547457577,6,"cpufreq",729600.000000
813981548805546,0,"cpufreq",1689600.000000
813981548806118,1,"cpufreq",1689600.000000
813981548810806,2,"cpufreq",2438400.000000
813981548811275,3,"cpufreq",2438400.000000
813981548811535,4,"cpufreq",2438400.000000
813981548921483,0,"cpufreq",2265600.000000
813981548921848,1,"cpufreq",2265600.000000
813981552469400,0,"cpufreq",1689600.000000
813981552469973,1,"cpufreq",1689600.000000
813981552475025,2,"cpufreq",2630400.000000
813981552475389,3,"cpufreq",2630400.000000
813981552475650,4,"cpufreq",2630400.000000
813981552680233,0,"cpufreq",2265600.000000
813981552680650,1,"cpufreq",2265600.000000
813981553307316,2,"cpufreq",2707200.000000
813981553308202,3,"cpufreq",2707200.000000
813981553308931,4,"cpufreq",2707200.000000
813981555377733,5,"cpufreq",499200.000000
813981555378150,6,"cpufreq",499200.000000
813981567219660,0,"cpufreq",1804800.000000
813981567220129,1,"cpufreq",1804800.000000
813981567314868,0,"cpufreq",2265600.000000
813981567315285,1,"cpufreq",2265600.000000
813981571503202,2,"cpufreq",2515200.000000
813981571504348,3,"cpufreq",2515200.000000
813981571505077,4,"cpufreq",2515200.000000
813981572822316,5,"cpufreq",1190400.000000
813981572823827,6,"cpufreq",1190400.000000
813981572858775,5,"cpufreq",614400.000000
813981572859816,6,"cpufreq",614400.000000
813981572969087,5,"cpufreq",499200.000000
813981572970441,6,"cpufreq",499200.000000
813981573065077,5,"cpufreq",844800.000000
813981573066275,6,"cpufreq",844800.000000
813981573286014,5,"cpufreq",960000.000000
813981573287421,6,"cpufreq",960000.000000
813981573491587,5,"cpufreq",499200.000000
813981573492368,6,"cpufreq",499200.000000
813981575323879,2,"cpufreq",2707200.000000
813981575324348,3,"cpufreq",2707200.000000
813981575324712,4,"cpufreq",2707200.000000
813981577283462,0,"cpufreq",1804800.000000
813981577284608,1,"cpufreq",1804800.000000
813981577518358,0,"cpufreq",2265600.000000
813981577518723,1,"cpufreq",2265600.000000
813981582469712,0,"cpufreq",1804800.000000
813981582470337,1,"cpufreq",1804800.000000
813981582687941,0,"cpufreq",2265600.000000
813981582688514,1,"cpufreq",2265600.000000
813981584632056,0,"cpufreq",1804800.000000
813981584632681,1,"cpufreq",1804800.000000
813981584821900,0,"cpufreq",2265600.000000
813981584822212,1,"cpufreq",2265600.000000
813981585689400,2,"cpufreq",2380800.000000
813981585690337,3,"cpufreq",2380800.000000
813981585691066,4,"cpufreq",2380800.000000
813981587450129,2,"cpufreq",2707200.000000
813981587451118,3,"cpufreq",2707200.000000
813981587452733,4,"cpufreq",2707200.000000
813981597422368,0,"cpufreq",1804800.000000
813981597422837,1,"cpufreq",1804800.000000
813981597518462,0,"cpufreq",2265600.000000
813981597520650,1,"cpufreq",2265600.000000
813981599391952,0,"cpufreq",1804800.000000
813981599392368,1,"cpufreq",1804800.000000
813981599624868,0,"cpufreq",2265600.000000
813981599625389,1,"cpufreq",2265600.000000
813981600733098,5,"cpufreq",1190400.000000
813981600734191,6,"cpufreq",1190400.000000
813981603023618,0,"cpufreq",1804800.000000
813981603024139,1,"cpufreq",1804800.000000
813981603219973,0,"cpufreq",2265600.000000
813981603220285,1,"cpufreq",2265600.000000
813981603399243,5,"cpufreq",499200.000000
813981603399973,6,"cpufreq",499200.000000
813981603884816,2,"cpufreq",2438400.000000
813981603885754,3,"cpufreq",2438400.000000
813981603886483,4,"cpufreq",2438400.000000
813981603892316,5,"cpufreq",614400.000000
813981603893098,6,"cpufreq",614400.000000
813981605390181,5,"cpufreq",499200.000000
813981605391796,6,"cpufreq",499200.000000
813981606031900,0,"cpufreq",1689600.000000
813981606032525,1,"cpufreq",1689600.000000
813981606036743,2,"cpufreq",2630400.000000
813981606037056,3,"cpufreq",2630400.000000
813981606037316,4,"cpufreq",2630400.000000
813981606115858,0,"cpufreq",2265600.000000
813981606116223,1,"cpufreq",2265600.000000
813981606324608,2,"cpufreq",2438400.000000
813981606325493,3,"cpufreq",2438400.000000
813981606326223,4,"cpufreq",2438400.000000
813981611135546,0,"cpufreq",1689600.000000
813981611136118,1,"cpufreq",1689600.000000
813981611140650,2,"cpufreq",2707200.000000
813981611140910,3,"cpufreq",2707200.000000
813981611141171,4,"cpufreq",2707200.000000
813981611244660,0,"cpufreq",2265600.000000
813981611245077,1,"cpufreq",2265600.000000
813981613504868,0,"cpufreq",1920000.000000
813981613505702,1,"cpufreq",1920000.000000
813981613712473,0,"cpufreq",2265600.000000
813981613712941,1,"cpufreq",2265600.000000
813981618397316,0,"cpufreq",1920000.000000
813981618397889,1,"cpufreq",1920000.000000
813981618477577,0,"cpufreq",2265600.000000
813981618477941,1,"cpufreq",2265600.000000
813981627378618,2,"cpufreq",2572800.000000
813981627378931,3,"cpufreq",2572800.000000
813981627379139,4,"cpufreq",2572800.000000
813981627419191,2,"cpufreq",2707200.000000
813981627419712,3,"cpufreq",2707200.000000
813981627419973,4,"cpufreq",2707200.000000
813981632951639,0,"cpufreq",1920000.000000
813981632952160,1,"cpufreq",1920000.000000
813981633045285,0,"cpufreq",2265600.000000
813981633045806,1,"cpufreq",2265600.000000
813981633660285,0,"cpufreq",1920000.000000
813981633660910,1,"cpufreq",1920000.000000
813981633744712,0,"cpufreq",2265600.000000
813981633745077,1,"cpufreq",2265600.000000
813981636870337,0,"cpufreq",1804800.000000
813981636870858,1,"cpufreq",1804800.000000
813981636947525,0,"cpufreq",2265600.000000
813981636947889,1,"cpufreq",2265600.000000
813981647135962,0,"cpufreq",1804800.000000
813981647136483,1,"cpufreq",1804800.000000
813981647224816,0,"cpufreq",2265600.000000
813981647225285,1,"cpufreq",2265600.000000
813981647452785,2,"cpufreq",1920000.000000
813981647454139,3,"cpufreq",1920000.000000
813981647455181,4,"cpufreq",1920000.000000
813981647472525,2,"cpufreq",2707200.000000
813981647473150,3,"cpufreq",2707200.000000
813981647473514,4,"cpufreq",2707200.000000
813981647787681,2,"cpufreq",2630400.000000
813981647788827,3,"cpufreq",2630400.000000
813981647789973,4,"cpufreq",2630400.000000
813981650424452,0,"cpufreq",1804800.000000
813981650424973,1,"cpufreq",1804800.000000
813981650429191,2,"cpufreq",2707200.000000
813981650429660,3,"cpufreq",2707200.000000
813981650429868,4,"cpufreq",2707200.000000
813981650520077,0,"cpufreq",2265600.000000
813981650520441,1,"cpufreq",2265600.000000
813981653000025,0,"cpufreq",1689600.000000
813981653000650,1,"cpufreq",1689600.000000
813981653080025,0,"cpufreq",2265600.000000
813981653080337,1,"cpufreq",2265600.000000
813981656296066,0,"cpufreq",1689600.000000
813981656296535,1,"cpufreq",1689600.000000
813981656390389,0,"cpufreq",2265600.000000
813981656390754,1,"cpufreq",2265600.000000
813981657762993,0,"cpufreq",1689600.000000
813981657763670,1,"cpufreq",1689600.000000
813981657843098,0,"cpufreq",2265600.000000
813981657843618,1,"cpufreq",2265600.000000
813981659532889,2,"cpufreq",2438400.000000
813981659533306,3,"cpufreq",2438400.000000
813981659533566,4,"cpufreq",2438400.000000
813981663418410,2,"cpufreq",2707200.000000
813981663418931,3,"cpufreq",2707200.000000
813981663419973,4,"cpufreq",2707200.000000
813981666603827,2,"cpufreq",2438400.000000
813981666605754,3,"cpufreq",2438400.000000
813981666606795,4,"cpufreq",2438400.000000
813981666716327,2,"cpufreq",2707200.000000
813981666717004,3,"cpufreq",2707200.000000
813981666717264,4,"cpufreq",2707200.000000
813981668313202,0,"cpufreq",1920000.000000
813981668314139,1,"cpufreq",1920000.000000
813981668316743,2,"cpufreq",2438400.000000
813981668317004,3,"cpufreq",2438400.000000
813981668318045,4,"cpufreq",2438400.000000
813981668396170,0,"cpufreq",2265600.000000
813981668396587,1,"cpufreq",2265600.000000
813981668573827,2,"cpufreq",2707200.000000
813981668575025,3,"cpufreq",2707200.000000
813981668576066,4,"cpufreq",2707200.000000
813981672322473,0,"cpufreq",1920000.000000
813981672322993,1,"cpufreq",1920000.000000
813981672415181,0,"cpufreq",2265600.000000
813981672415806,1,"cpufreq",2265600.000000
813981672600598,2,"cpufreq",2438400.000000
813981672601848,3,"cpufreq",2438400.000000
813981672602889,4,"cpufreq",2438400.000000
813981675406379,2,"cpufreq",2707200.000000
813981675406743,3,"cpufreq",2707200.000000
813981675407056,4,"cpufreq",2707200.000000
813981682591483,0,"cpufreq",1804800.000000
813981682591952,1,"cpufreq",1804800.000000
813981682669608,0,"cpufreq",2265600.000000
813981682669973,1,"cpufreq",2265600.000000
813981685444087,0,"cpufreq",1804800.000000
813981685444608,1,"cpufreq",1804800.000000
813981685541066,0,"cpufreq",2265600.000000
813981685541431,1,"cpufreq",2265600.000000
813981689401795,5,"cpufreq",960000.000000
813981689403045,6,"cpufreq",960000.000000
813981689604139,0,"cpufreq",1804800.000000
813981689604556,1,"cpufreq",1804800.000000
813981689607577,5,"cpufreq",844800.000000
813981689607837,6,"cpufreq",844800.000000
813981689633670,0,"cpufreq",2265600.000000
813981689634087,1,"cpufreq",2265600.000000
813981691487733,5,"cpufreq",960000.000000
813981691489087,6,"cpufreq",960000.000000
813981691696848,5,"cpufreq",499200.000000
813981691698202,6,"cpufreq",499200.000000
813981696585129,0,"cpufreq",1804800.000000
813981696585598,1,"cpufreq",1804800.000000
813981696695181,0,"cpufreq",2265600.000000
813981696695650,1,"cpufreq",2265600.000000
813981698633514,0,"cpufreq",1804800.000000
813981698634191,1,"cpufreq",1804800.000000
813981698725754,0,"cpufreq",2265600.000000
813981698726170,1,"cpufreq",2265600.000000
813981699460129,5,"cpufreq",729600.000000
813981699460754,6,"cpufreq",729600.000000
813981704639243,2,"cpufreq",2380800.000000
813981704640129,3,"cpufreq",2380800.000000
813981704640910,4,"cpufreq",2380800.000000
813981705287681,2,"cpufreq",2707200.000000
813981705288254,3,"cpufreq",2707200.000000
813981705288566,4,"cpufreq",2707200.000000
813981707475285,2,"cpufreq",2438400.000000
813981707475806,3,"cpufreq",2438400.000000
813981707476066,4,"cpufreq",2438400.000000
813981707481431,5,"cpufreq",844800.000000
813981707481795,6,"cpufreq",844800.000000
813981708217473,2,"cpufreq",2707200.000000
813981708218098,3,"cpufreq",2707200.000000
813981708218358,4,"cpufreq",2707200.000000
813981715447681,2,"cpufreq",2323200.000000
813981715448306,3,"cpufreq",2323200.000000
813981715448566,4,"cpufreq",2323200.000000
813981715452941,5,"cpufreq",499200.000000
813981715453202,6,"cpufreq",499200.000000
813981716441223,2,"cpufreq",2707200.000000
813981716441743,3,"cpufreq",2707200.000000
813981716442004,4,"cpufreq",2707200.000000
813981725103306,0,"cpufreq",1920000.000000
813981725103827,1,"cpufreq",1920000.000000
813981725197785,0,"cpufreq",2265600.000000
813981725198202,1,"cpufreq",2265600.000000
813981728254608,5,"cpufreq",844800.000000
813981728256066,6,"cpufreq",844800.000000
813981729115389,5,"cpufreq",499200.000000
813981729117212,6,"cpufreq",499200.000000
813981731499712,0,"cpufreq",1459200.000000
813981731501014,1,"cpufreq",1459200.000000
813981731514868,5,"cpufreq",2707200.000000
813981731515806,6,"cpufreq",2707200.000000
813981732002525,0,"cpufreq",787200.000000
813981732002837,1,"cpufreq",787200.000000
813981778700077,0,"cpufreq",1248000.000000
813981778702473,1,"cpufreq",1248000.000000
813981779882525,0,"cpufreq",1017600.000000
813981779883879,1,"cpufreq",1017600.000000
813981780289295,0,"cpufreq",1132800.000000
813981780291014,1,"cpufreq",1132800.000000
813981780404868,0,"cpufreq",787200.000000
813981780405598,1,"cpufreq",787200.000000
813981796712993,0,"cpufreq",1574400.000000
813981796716275,1,"cpufreq",1574400.000000
813981799586431,0,"cpufreq",787200.000000
813981799586848,1,"cpufreq",787200.000000
813981800523827,0,"cpufreq",1017600.000000
813981800524191,1,"cpufreq",1017600.000000
813981801193410,0,"cpufreq",1132800.000000
813981801195285,1,"cpufreq",1132800.000000
813981802146535,0,"cpufreq",1017600.000000
813981802146900,1,"cpufreq",1017600.000000
813981805745962,0,"cpufreq",1689600.000000
813981805748827,1,"cpufreq",1689600.000000
813981806548045,0,"cpufreq",787200.000000
813981806548514,1,"cpufreq",787200.000000
813981806934504,0,"cpufreq",1132800.000000
813981806936900,1,"cpufreq",1132800.000000
813981808226170,0,"cpufreq",787200.000000
813981808229191,1,"cpufreq",787200.000000
813981811560910,0,"cpufreq",1132800.000000
813981811564764,1,"cpufreq",1132800.000000
813981820159139,0,"cpufreq",787200.000000
813981820161639,1,"cpufreq",787200.000000
813981834118566,7,"cpufreq",1824000.000000
813981835626118,2,"cpufreq",2380800.000000
813981835629452,3,"cpufreq",2380800.000000
813981835632473,4,"cpufreq",2380800.000000
813981835651535,5,"cpufreq",2380800.000000
813981835654868,6,"cpufreq",2380800.000000
813981835666952,7,"cpufreq",1478400.000000
813981838026066,7,"cpufreq",2169600.000000
813981838148410,7,"cpufreq",2246400.000000
813981838495702,7,"cpufreq",1478400.000000
813981843477368,2,"cpufreq",1190400.000000
813981843480754,3,"cpufreq",1190400.000000
813981843483723,4,"cpufreq",1190400.000000
813981843500650,5,"cpufreq",1190400.000000
813981843504087,6,"cpufreq",1190400.000000
813981843517941,7,"cpufreq",902400.000000
813981844332368,0,"cpufreq",1344000.000000
813981844336379,1,"cpufreq",1344000.000000
813981850904087,7,"cpufreq",1363200.000000
813981851140441,0,"cpufreq",787200.000000
813981851141014,1,"cpufreq",787200.000000
813981851145754,5,"cpufreq",1075200.000000
813981851146379,6,"cpufreq",1075200.000000
813981851364556,7,"cpufreq",902400.000000
813981851469712,2,"cpufreq",844800.000000
813981851472525,3,"cpufreq",844800.000000
813981851474556,4,"cpufreq",844800.000000
813981851490389,5,"cpufreq",844800.000000
813981851492733,6,"cpufreq",844800.000000
813981851712785,5,"cpufreq",960000.000000
813981851713670,6,"cpufreq",960000.000000
813981851759920,2,"cpufreq",960000.000000
813981851760545,3,"cpufreq",960000.000000
813981851761118,4,"cpufreq",960000.000000
813981852171691,0,"cpufreq",1017600.000000
813981852172993,1,"cpufreq",1017600.000000
813981852768202,0,"cpufreq",787200.000000
813981852769608,1,"cpufreq",787200.000000
813981853136639,2,"cpufreq",844800.000000
813981853137837,3,"cpufreq",844800.000000
813981853138618,4,"cpufreq",844800.000000
813981853145129,5,"cpufreq",844800.000000
813981853145962,6,"cpufreq",844800.000000
813981856085702,2,"cpufreq",2707200.000000
813981856087473,3,"cpufreq",2707200.000000
813981856088410,4,"cpufreq",2707200.000000
813981856102160,5,"cpufreq",2707200.000000
813981856103098,6,"cpufreq",2707200.000000
813981858200806,0,"cpufreq",902400.000000
813981858204556,1,"cpufreq",902400.000000
813981858718306,0,"cpufreq",1132800.000000
813981858720754,1,"cpufreq",1132800.000000
813981858982889,0,"cpufreq",1248000.000000
813981858985806,1,"cpufreq",1248000.000000
813981859251691,0,"cpufreq",1132800.000000
813981859254035,1,"cpufreq",1132800.000000
813981859465702,0,"cpufreq",1344000.000000
813981859466170,1,"cpufreq",1344000.000000
813981859678254,2,"cpufreq",1920000.000000
813981859679087,3,"cpufreq",1920000.000000
813981859679347,4,"cpufreq",1920000.000000
813981859685702,5,"cpufreq",1920000.000000
813981859686118,6,"cpufreq",1920000.000000
813981860249764,0,"cpufreq",1459200.000000
813981860250754,1,"cpufreq",1459200.000000
813981860714608,0,"cpufreq",1248000.000000
813981860715181,1,"cpufreq",1248000.000000
813981860827525,0,"cpufreq",1344000.000000
813981860829920,1,"cpufreq",1344000.000000
813981861469712,0,"cpufreq",1574400.000000
813981861470285,1,"cpufreq",1574400.000000
813981861547264,0,"cpufreq",1459200.000000
813981861548045,1,"cpufreq",1459200.000000
813981861765129,0,"cpufreq",1132800.000000
813981861767212,1,"cpufreq",1132800.000000
813981861833462,0,"cpufreq",1344000.000000
813981861833983,1,"cpufreq",1344000.000000
813981863060702,0,"cpufreq",1132800.000000
813981863062264,1,"cpufreq",1132800.000000
813981863201118,0,"cpufreq",1344000.000000
813981863203566,1,"cpufreq",1344000.000000
813981863315702,0,"cpufreq",1132800.000000
813981863316327,1,"cpufreq",1132800.000000
813981863381170,0,"cpufreq",1344000.000000
813981863381691,1,"cpufreq",1344000.000000
813981864181327,0,"cpufreq",1132800.000000
813981864182004,1,"cpufreq",1132800.000000
813981864278983,0,"cpufreq",1344000.000000
813981864281691,1,"cpufreq",1344000.000000
813981864378983,0,"cpufreq",1132800.000000
813981864380337,1,"cpufreq",1132800.000000
813981864444400,0,"cpufreq",1344000.000000
813981864445597,1,"cpufreq",1344000.000000
813981864632733,0,"cpufreq",1804800.000000
813981864634660,1,"cpufreq",1804800.000000
813981864917681,0,"cpufreq",1344000.000000
813981864918410,1,"cpufreq",1344000.000000
813981866428931,0,"cpufreq",1804800.000000
813981866430910,1,"cpufreq",1804800.000000
813981867787108,2,"cpufreq",1497600.000000
813981867788879,3,"cpufreq",1497600.000000
813981867790181,4,"cpufreq",1497600.000000
813981867801795,5,"cpufreq",1497600.000000
813981867803358,6,"cpufreq",1497600.000000
813981869185129,2,"cpufreq",1612800.000000
813981869186222,3,"cpufreq",1612800.000000
813981869187160,4,"cpufreq",1612800.000000
813981869195545,5,"cpufreq",1612800.000000
813981869196587,6,"cpufreq",1612800.000000
813981872203983,2,"cpufreq",1401600.000000
813981872205233,3,"cpufreq",1401600.000000
813981872206118,4,"cpufreq",1401600.000000
813981872215493,5,"cpufreq",1401600.000000
813981872216691,6,"cpufreq",1401600.000000
813981875081431,2,"cpufreq",1497600.000000
813981875082264,3,"cpufreq",1497600.000000
813981875082733,4,"cpufreq",1497600.000000
813981875087837,5,"cpufreq",1497600.000000
813981875088306,6,"cpufreq",1497600.000000
813981875888618,0,"cpufreq",1574400.000000
813981875889556,1,"cpufreq",1574400.000000
813981875896743,2,"cpufreq",844800.000000
813981875897420,3,"cpufreq",844800.000000
813981875897785,4,"cpufreq",844800.000000
813981875901639,5,"cpufreq",844800.000000
813981875902264,6,"cpufreq",844800.000000
813981875907160,7,"cpufreq",672000.000000
813981876321847,2,"cpufreq",1075200.000000
813981876323410,3,"cpufreq",1075200.000000
813981876324243,4,"cpufreq",1075200.000000
813981876332264,5,"cpufreq",1075200.000000
813981876333254,6,"cpufreq",1075200.000000
813981876383150,2,"cpufreq",1612800.000000
813981876384087,3,"cpufreq",1612800.000000
813981876384712,4,"cpufreq",1612800.000000
813981876391222,5,"cpufreq",1612800.000000
813981876392264,6,"cpufreq",1612800.000000
813981876537212,2,"cpufreq",614400.000000
813981876538983,3,"cpufreq",614400.000000
813981876540597,4,"cpufreq",614400.000000
813981876550754,5,"cpufreq",614400.000000
813981876552472,6,"cpufreq",614400.000000
813981876882629,2,"cpufreq",729600.000000
813981876883983,3,"cpufreq",729600.000000
813981876884920,4,"cpufreq",729600.000000
813981876894764,5,"cpufreq",729600.000000
813981876895806,6,"cpufreq",729600.000000
813981878724504,2,"cpufreq",614400.000000
813981878726639,3,"cpufreq",614400.000000
813981878728150,4,"cpufreq",614400.000000
813981878738097,5,"cpufreq",614400.000000
813981878739920,6,"cpufreq",614400.000000
813981881583879,0,"cpufreq",1459200.000000
813981881585597,1,"cpufreq",1459200.000000
813981881597004,2,"cpufreq",844800.000000
813981881597993,3,"cpufreq",844800.000000
813981881598931,4,"cpufreq",844800.000000
813981881605858,5,"cpufreq",844800.000000
813981881606691,6,"cpufreq",844800.000000
813981881858670,0,"cpufreq",1804800.000000
813981881860702,1,"cpufreq",1804800.000000
813981882292629,2,"cpufreq",960000.000000
813981882294035,3,"cpufreq",960000.000000
813981882295337,4,"cpufreq",960000.000000
813981882302316,5,"cpufreq",960000.000000
813981882303879,6,"cpufreq",960000.000000
813981882591691,2,"cpufreq",1190400.000000
813981882592681,3,"cpufreq",1190400.000000
813981882593618,4,"cpufreq",1190400.000000
813981882600650,5,"cpufreq",1190400.000000
813981882601847,6,"cpufreq",1190400.000000
813981882976847,2,"cpufreq",960000.000000
813981882978514,3,"cpufreq",960000.000000
813981882979816,4,"cpufreq",960000.000000
813981882987577,5,"cpufreq",960000.000000
813981882989035,6,"cpufreq",960000.000000
813981883234972,2,"cpufreq",1075200.000000
813981883235806,3,"cpufreq",1075200.000000
813981883236535,4,"cpufreq",1075200.000000
813981883242056,5,"cpufreq",1075200.000000
813981883243202,6,"cpufreq",1075200.000000
813981883481483,0,"cpufreq",1689600.000000
813981883482472,1,"cpufreq",1689600.000000
813981883493462,2,"cpufreq",1612800.000000
813981883494452,3,"cpufreq",1612800.000000
813981883495337,4,"cpufreq",1612800.000000
813981883510077,5,"cpufreq",1612800.000000
813981883511587,6,"cpufreq",1612800.000000
813981883565077,7,"cpufreq",902400.000000
813981883777889,0,"cpufreq",1804800.000000
813981883779660,1,"cpufreq",1804800.000000
813981884052837,0,"cpufreq",1689600.000000
813981884053931,1,"cpufreq",1689600.000000
813981884199035,2,"cpufreq",1708800.000000
813981884200441,3,"cpufreq",1708800.000000
813981884201379,4,"cpufreq",1708800.000000
813981884210650,5,"cpufreq",1708800.000000
813981884211847,6,"cpufreq",1708800.000000
813981884356327,2,"cpufreq",1612800.000000
813981884357108,3,"cpufreq",1612800.000000
813981884357472,4,"cpufreq",1612800.000000
813981884361222,5,"cpufreq",1612800.000000
813981884361795,6,"cpufreq",1612800.000000
813981888128514,0,"cpufreq",1804800.000000
813981888129191,1,"cpufreq",1804800.000000
813981891419660,0,"cpufreq",1459200.000000
813981891420389,1,"cpufreq",1459200.000000
813981891428097,2,"cpufreq",844800.000000
813981891428514,3,"cpufreq",844800.000000
813981891429087,4,"cpufreq",844800.000000
813981891433618,5,"cpufreq",844800.000000
813981891434295,6,"cpufreq",844800.000000
813981891773566,2,"cpufreq",960000.000000
813981891774816,3,"cpufreq",960000.000000
813981891776014,4,"cpufreq",960000.000000
813981891783931,5,"cpufreq",960000.000000
813981891785233,6,"cpufreq",960000.000000
813981892018618,0,"cpufreq",1344000.000000
813981892019504,1,"cpufreq",1344000.000000
813981892029295,2,"cpufreq",1286400.000000
813981892029972,3,"cpufreq",1286400.000000
813981892030441,4,"cpufreq",1286400.000000
813981892037889,5,"cpufreq",1286400.000000
813981892038566,6,"cpufreq",1286400.000000
813981892190545,0,"cpufreq",1574400.000000
813981892192004,1,"cpufreq",1574400.000000
813981892204347,2,"cpufreq",1190400.000000
813981892205545,3,"cpufreq",1190400.000000
813981892207160,4,"cpufreq",1190400.000000
813981892215858,5,"cpufreq",1190400.000000
813981892217160,6,"cpufreq",1190400.000000
813981892687785,2,"cpufreq",1075200.000000
813981892688722,3,"cpufreq",1075200.000000
813981892689764,4,"cpufreq",1075200.000000
813981892695181,5,"cpufreq",1075200.000000
813981892695962,6,"cpufreq",1075200.000000
813981892845806,0,"cpufreq",1804800.000000
813981892846691,1,"cpufreq",1804800.000000
813981894616587,0,"cpufreq",1574400.000000
813981894618150,1,"cpufreq",1574400.000000
813981894756275,2,"cpufreq",1190400.000000
813981894757525,3,"cpufreq",1190400.000000
813981894758150,4,"cpufreq",1190400.000000
813981894763827,5,"cpufreq",1190400.000000
813981894764400,6,"cpufreq",1190400.000000
813981896050077,2,"cpufreq",1075200.000000
813981896050858,3,"cpufreq",1075200.000000
813981896051379,4,"cpufreq",1075200.000000
813981896057837,5,"cpufreq",1075200.000000
813981896058827,6,"cpufreq",1075200.000000
813981898954868,2,"cpufreq",1190400.000000
813981898956743,3,"cpufreq",1190400.000000
813981898958254,4,"cpufreq",1190400.000000
813981898967837,5,"cpufreq",1190400.000000
813981898969660,6,"cpufreq",1190400.000000
813981899499816,0,"cpufreq",1344000.000000
813981899501170,1,"cpufreq",1344000.000000
813981899512108,2,"cpufreq",1612800.000000
813981899514400,3,"cpufreq",1612800.000000
813981899515597,4,"cpufreq",1612800.000000
813981899523879,5,"cpufreq",1612800.000000
813981899525337,6,"cpufreq",1612800.000000
813981899535650,7,"cpufreq",672000.000000
813981901069504,5,"cpufreq",2707200.000000
813981901070233,6,"cpufreq",2707200.000000
813981902786483,5,"cpufreq",1612800.000000
813981902787056,6,"cpufreq",1612800.000000
813981903968514,0,"cpufreq",1574400.000000
813981903970129,1,"cpufreq",1574400.000000
813981904025910,2,"cpufreq",1190400.000000
813981904027004,3,"cpufreq",1190400.000000
813981904028045,4,"cpufreq",1190400.000000
813981904035858,5,"cpufreq",1190400.000000
813981904037108,6,"cpufreq",1190400.000000
813981904316900,0,"cpufreq",1344000.000000
813981904317785,1,"cpufreq",1344000.000000
813981904641222,0,"cpufreq",1804800.000000
813981904642733,1,"cpufreq",1804800.000000
813981906405129,2,"cpufreq",1075200.000000
813981906406222,3,"cpufreq",1075200.000000
813981906407108,4,"cpufreq",1075200.000000
813981906413722,5,"cpufreq",1075200.000000
813981906414816,6,"cpufreq",1075200.000000
813981906772525,2,"cpufreq",1612800.000000
813981906773670,3,"cpufreq",1612800.000000
813981906774556,4,"cpufreq",1612800.000000
813981906781014,5,"cpufreq",1612800.000000
813981906782212,6,"cpufreq",1612800.000000
813981907207420,2,"cpufreq",1401600.000000
813981907209243,3,"cpufreq",1401600.000000
813981907210545,4,"cpufreq",1401600.000000
813981907218827,5,"cpufreq",1401600.000000
813981907220389,6,"cpufreq",1401600.000000
813981907377525,2,"cpufreq",1824000.000000
813981907379191,3,"cpufreq",1824000.000000
813981907380493,4,"cpufreq",1824000.000000
813981907386900,5,"cpufreq",1824000.000000
813981907388358,6,"cpufreq",1824000.000000
813981907819556,2,"cpufreq",2035200.000000
813981907820077,3,"cpufreq",2035200.000000
813981907820389,4,"cpufreq",2035200.000000
813981907826379,5,"cpufreq",2035200.000000
813981907826952,6,"cpufreq",2035200.000000
813981908223254,7,"cpufreq",902400.000000
813981910752941,0,"cpufreq",1574400.000000
813981910753566,1,"cpufreq",1574400.000000
813981912299243,2,"cpufreq",2131200.000000
813981912301170,3,"cpufreq",2131200.000000
813981912302681,4,"cpufreq",2131200.000000
813981912312056,5,"cpufreq",2131200.000000
813981912313775,6,"cpufreq",2131200.000000
813981913483358,2,"cpufreq",2323200.000000
813981913484087,3,"cpufreq",2323200.000000
813981913484504,4,"cpufreq",2323200.000000
813981913488358,5,"cpufreq",2323200.000000
813981913488566,6,"cpufreq",2323200.000000
813981914102160,0,"cpufreq",1804800.000000
813981914104243,1,"cpufreq",1804800.000000
813981914117264,2,"cpufreq",2131200.000000
813981914118775,3,"cpufreq",2131200.000000
813981914120337,4,"cpufreq",2131200.000000
813981914129087,5,"cpufreq",2131200.000000
813981914130858,6,"cpufreq",2131200.000000
813981914613202,2,"cpufreq",2323200.000000
813981914613722,3,"cpufreq",2323200.000000
813981914614035,4,"cpufreq",2323200.000000
813981914618150,5,"cpufreq",2323200.000000
813981914618670,6,"cpufreq",2323200.000000
813981915399816,0,"cpufreq",1689600.000000
813981915400858,1,"cpufreq",1689600.000000
813981915413514,2,"cpufreq",2630400.000000
813981915414504,3,"cpufreq",2630400.000000
813981915415493,4,"cpufreq",2630400.000000
813981915423931,5,"cpufreq",2630400.000000
813981915425233,6,"cpufreq",2630400.000000
813981917220597,0,"cpufreq",1804800.000000
813981917222629,1,"cpufreq",1804800.000000
813981923699400,0,"cpufreq",1132800.000000
813981923700545,1,"cpufreq",1132800.000000
813981923712889,2,"cpufreq",2707200.000000
813981923714295,3,"cpufreq",2707200.000000
813981923715702,4,"cpufreq",2707200.000000
813981923727837,5,"cpufreq",2707200.000000
813981923729452,6,"cpufreq",2707200.000000
813981924752004,0,"cpufreq",1248000.000000
813981924754400,1,"cpufreq",1248000.000000
813981930079243,0,"cpufreq",1459200.000000
813981930081535,1,"cpufreq",1459200.000000
813981931891170,0,"cpufreq",1132800.000000
813981931892629,1,"cpufreq",1132800.000000
813981932027837,0,"cpufreq",787200.000000
813981932030129,1,"cpufreq",787200.000000
813981932568202,0,"cpufreq",1248000.000000
813981932568566,1,"cpufreq",1248000.000000
813981932675754,0,"cpufreq",1017600.000000
813981932676170,1,"cpufreq",1017600.000000
813981932871535,0,"cpufreq",1132800.000000
813981932872004,1,"cpufreq",1132800.000000
813981932943045,0,"cpufreq",1248000.000000
813981932943410,1,"cpufreq",1248000.000000
813981933234972,0,"cpufreq",787200.000000
813981933235493,1,"cpufreq",787200.000000
813981934025962,0,"cpufreq",1459200.000000
813981934026327,1,"cpufreq",1459200.000000
813981934276535,0,"cpufreq",787200.000000
813981934278410,1,"cpufreq",787200.000000
813981939419347,0,"cpufreq",1344000.000000
813981939419712,1,"cpufreq",1344000.000000
813981939425025,2,"cpufreq",1190400.000000
813981939425389,3,"cpufreq",1190400.000000
813981939425597,4,"cpufreq",1190400.000000
813981939429139,5,"cpufreq",1190400.000000
813981939429400,6,"cpufreq",1190400.000000
813981939663879,0,"cpufreq",1132800.000000
813981939664712,1,"cpufreq",1132800.000000
813981939922629,0,"cpufreq",1344000.000000
813981939923514,1,"cpufreq",1344000.000000
813981939929452,2,"cpufreq",1075200.000000
813981939929972,3,"cpufreq",1075200.000000
813981939930493,4,"cpufreq",1075200.000000
813981939935702,5,"cpufreq",1075200.000000
813981939936327,6,"cpufreq",1075200.000000
813981940399920,0,"cpufreq",1248000.000000
813981940401327,1,"cpufreq",1248000.000000
813981940718775,0,"cpufreq",1344000.000000
813981940719660,1,"cpufreq",1344000.000000
813981941512472,0,"cpufreq",1248000.000000
813981941513410,1,"cpufreq",1248000.000000
813981941699035,0,"cpufreq",1344000.000000
813981941699816,1,"cpufreq",1344000.000000
813981941707160,2,"cpufreq",1190400.000000
813981941707733,3,"cpufreq",1190400.000000
813981941708202,4,"cpufreq",1190400.000000
813981941713514,5,"cpufreq",1190400.000000
813981941714191,6,"cpufreq",1190400.000000
813981942896743,0,"cpufreq",1248000.000000
813981942897629,1,"cpufreq",1248000.000000
813981943147837,0,"cpufreq",1344000.000000
813981943148670,1,"cpufreq",1344000.000000
813981943156066,2,"cpufreq",1075200.000000
813981943156535,3,"cpufreq",1075200.000000
813981943157004,4,"cpufreq",1075200.000000
813981943161900,5,"cpufreq",1075200.000000
813981943162368,6,"cpufreq",1075200.000000
813981944627889,0,"cpufreq",1248000.000000
813981944629243,1,"cpufreq",1248000.000000
813981944764035,0,"cpufreq",1344000.000000
813981944766587,1,"cpufreq",1344000.000000
813981946763306,0,"cpufreq",1804800.000000
813981946764712,1,"cpufreq",1804800.000000
813981947246847,2,"cpufreq",1190400.000000
813981947248618,3,"cpufreq",1190400.000000
813981947249920,4,"cpufreq",1190400.000000
813981947256847,5,"cpufreq",1190400.000000
813981947259191,6,"cpufreq",1190400.000000
813981947748670,0,"cpufreq",1248000.000000
813981947751118,1,"cpufreq",1248000.000000
813981947767004,2,"cpufreq",844800.000000
813981947769191,3,"cpufreq",844800.000000
813981947771066,4,"cpufreq",844800.000000
813981947788931,5,"cpufreq",844800.000000
813981947793462,6,"cpufreq",844800.000000
813981948375597,0,"cpufreq",1132800.000000
813981948377212,1,"cpufreq",1132800.000000
813981948850337,0,"cpufreq",1459200.000000
813981948851900,1,"cpufreq",1459200.000000
813981949593931,0,"cpufreq",1017600.000000
813981949594920,1,"cpufreq",1017600.000000
813981950229452,0,"cpufreq",1132800.000000
813981950230493,1,"cpufreq",1132800.000000
813981950424712,0,"cpufreq",1017600.000000
813981950425441,1,"cpufreq",1017600.000000
813981950534243,0,"cpufreq",787200.000000
813981950536066,1,"cpufreq",787200.000000
813981955154764,0,"cpufreq",1248000.000000
813981955158150,1,"cpufreq",1248000.000000
813981955698879,0,"cpufreq",1132800.000000
813981955701535,1,"cpufreq",1132800.000000
813981956600754,0,"cpufreq",1017600.000000
813981956602056,1,"cpufreq",1017600.000000
813981958082420,0,"cpufreq",787200.000000
813981958083983,1,"cpufreq",787200.000000
813981967505389,0,"cpufreq",902400.000000
813981967507941,1,"cpufreq",902400.000000
813981967981795,0,"cpufreq",787200.000000
813981967982837,1,"cpufreq",787200.000000
813981972050910,0,"cpufreq",902400.000000
813981972054347,1,"cpufreq",902400.000000
813981972471639,0,"cpufreq",787200.000000
813981972473722,1,"cpufreq",787200.000000
813981975261170,0,"cpufreq",1017600.000000
813981975264608,1,"cpufreq",1017600.000000
813981975545493,0,"cpufreq",1344000.000000
813981975547577,1,"cpufreq",1344000.000000
813981976196483,0,"cpufreq",1132800.000000
813981976197889,1,"cpufreq",1132800.000000
813981977045181,0,"cpufreq",1248000.000000
813981977046275,1,"cpufreq",1248000.000000
813981977239504,0,"cpufreq",1344000.000000
813981977241431,1,"cpufreq",1344000.000000
813981979966066,0,"cpufreq",1017600.000000
813981979968618,1,"cpufreq",1017600.000000
813981980654191,0,"cpufreq",787200.000000
813981980657264,1,"cpufreq",787200.000000
813981991771952,0,"cpufreq",902400.000000
813981991775858,1,"cpufreq",902400.000000
813981996189712,0,"cpufreq",787200.000000
813981996191170,1,"cpufreq",787200.000000
813981997344243,0,"cpufreq",902400.000000
813981997348150,1,"cpufreq",902400.000000
813981998827056,0,"cpufreq",787200.000000
813981998829972,1,"cpufreq",787200.000000
813982003611118,2,"cpufreq",1075200.000000
813982003612420,3,"cpufreq",1075200.000000
813982003613097,4,"cpufreq",1075200.000000
813982003622264,5,"cpufreq",1075200.000000
813982003623254,6,"cpufreq",1075200.000000
813982004228566,2,"cpufreq",844800.000000
813982004230441,3,"cpufreq",844800.000000
813982004231118,4,"cpufreq",844800.000000
813982004237264,5,"cpufreq",844800.000000
813982004237837,6,"cpufreq",844800.000000
813982004764920,0,"cpufreq",1017600.000000
813982004768618,1,"cpufreq",1017600.000000
813982004894660,0,"cpufreq",787200.000000
813982004895650,1,"cpufreq",787200.000000
813982008987941,0,"cpufreq",1132800.000000
813982008991587,1,"cpufreq",1132800.000000
813982009725754,0,"cpufreq",787200.000000
813982009726795,1,"cpufreq",787200.000000
813982012182681,0,"cpufreq",902400.000000
813982012184087,1,"cpufreq",902400.000000
813982012351014,0,"cpufreq",1017600.000000
813982012352525,1,"cpufreq",1017600.000000
813982012592525,0,"cpufreq",902400.000000
813982012594347,1,"cpufreq",902400.000000
813982013265962,0,"cpufreq",1017600.000000
813982013266952,1,"cpufreq",1017600.000000
813982013542837,0,"cpufreq",1344000.000000
813982013545754,1,"cpufreq",1344000.000000
813982013979868,0,"cpufreq",1017600.000000
813982013982316,1,"cpufreq",1017600.000000
813982014526483,0,"cpufreq",1132800.000000
813982014529243,1,"cpufreq",1132800.000000
813982015832629,0,"cpufreq",1344000.000000
813982015833722,1,"cpufreq",1344000.000000
813982016181170,0,"cpufreq",1248000.000000
813982016182160,1,"cpufreq",1248000.000000
813982016306275,0,"cpufreq",1132800.000000
813982016308879,1,"cpufreq",1132800.000000
813982016460545,0,"cpufreq",1017600.000000
813982016461691,1,"cpufreq",1017600.000000
813982016552577,0,"cpufreq",1132800.000000
813982016554035,1,"cpufreq",1132800.000000
813982018050702,0,"cpufreq",1344000.000000
813982018051900,1,"cpufreq",1344000.000000
813982018411275,0,"cpufreq",1132800.000000
813982018412420,1,"cpufreq",1132800.000000
813982019449816,0,"cpufreq",787200.000000
813982019451483,1,"cpufreq",787200.000000
813982021873202,0,"cpufreq",902400.000000
813982021877108,1,"cpufreq",902400.000000
813982024828045,0,"cpufreq",787200.000000
813982024829504,1,"cpufreq",787200.000000
813982035585337,5,"cpufreq",614400.000000
813982035587004,6,"cpufreq",614400.000000
813982038500233,5,"cpufreq",499200.000000
813982038505025,6,"cpufreq",499200.000000
813982042174087,5,"cpufreq",614400.000000
813982042175389,6,"cpufreq",614400.000000
813982043054556,5,"cpufreq",729600.000000
813982043056014,6,"cpufreq",729600.000000
813982043411118,5,"cpufreq",614400.000000
813982043413879,6,"cpufreq",614400.000000
813982046848879,5,"cpufreq",499200.000000
813982046852681,6,"cpufreq",499200.000000
813982050715389,5,"cpufreq",614400.000000
813982050716795,6,"cpufreq",614400.000000
813982051161691,5,"cpufreq",499200.000000
813982051165545,6,"cpufreq",499200.000000
813982059508775,5,"cpufreq",614400.000000
813982059510285,6,"cpufreq",614400.000000
813982059905441,0,"cpufreq",1017600.000000
813982059908931,1,"cpufreq",1017600.000000
813982060338722,0,"cpufreq",902400.000000
813982060340233,1,"cpufreq",902400.000000
813982060498566,0,"cpufreq",787200.000000
813982060499660,1,"cpufreq",787200.000000
813982063013566,0,"cpufreq",1132800.000000
813982063017056,1,"cpufreq",1132800.000000
813982063287316,0,"cpufreq",787200.000000
813982063289972,1,"cpufreq",787200.000000
813982063414972,0,"cpufreq",1017600.000000
813982063419868,1,"cpufreq",1017600.000000
813982063466275,5,"cpufreq",499200.000000
813982063467004,6,"cpufreq",499200.000000
813982063616222,0,"cpufreq",787200.000000
813982063617733,1,"cpufreq",787200.000000
813982065604400,0,"cpufreq",902400.000000
813982065606795,1,"cpufreq",902400.000000
813982065621795,5,"cpufreq",614400.000000
813982065624191,6,"cpufreq",614400.000000
813982065771118,0,"cpufreq",787200.000000
813982065772316,1,"cpufreq",787200.000000
813982066271066,5,"cpufreq",729600.000000
813982066275181,6,"cpufreq",729600.000000
813982067517681,0,"cpufreq",1344000.000000
813982067518879,1,"cpufreq",1344000.000000
813982067528410,5,"cpufreq",1190400.000000
813982067529452,6,"cpufreq",1190400.000000
813982067574400,0,"cpufreq",1017600.000000
813982067575441,1,"cpufreq",1017600.000000
813982067983462,5,"cpufreq",960000.000000
813982067985754,6,"cpufreq",960000.000000
813982068031847,0,"cpufreq",902400.000000
813982068032941,1,"cpufreq",902400.000000
813982068038462,5,"cpufreq",1190400.000000
813982068039347,6,"cpufreq",1190400.000000
813982071540597,0,"cpufreq",1017600.000000
813982071541535,1,"cpufreq",1017600.000000
813982072259191,0,"cpufreq",1248000.000000
813982072260910,1,"cpufreq",1248000.000000
813982072282108,5,"cpufreq",1075200.000000
813982072284035,6,"cpufreq",1075200.000000
813982072339920,0,"cpufreq",1344000.000000
813982072341431,1,"cpufreq",1344000.000000
813982073773983,0,"cpufreq",1017600.000000
813982073775285,1,"cpufreq",1017600.000000
813982073783358,5,"cpufreq",1190400.000000
813982073784972,6,"cpufreq",1190400.000000
813982073864608,0,"cpufreq",1132800.000000
813982073865754,1,"cpufreq",1132800.000000
813982073966379,0,"cpufreq",902400.000000
813982073968983,1,"cpufreq",902400.000000
813982075111327,0,"cpufreq",1017600.000000
813982075111900,1,"cpufreq",1017600.000000
813982075744452,0,"cpufreq",787200.000000
813982075745806,1,"cpufreq",787200.000000
813982076230702,0,"cpufreq",902400.000000
813982076231587,1,"cpufreq",902400.000000
813982076238931,5,"cpufreq",1075200.000000
813982076239556,6,"cpufreq",1075200.000000
813982076402160,0,"cpufreq",787200.000000
813982076404608,1,"cpufreq",787200.000000
813982076429452,5,"cpufreq",1190400.000000
813982076432316,6,"cpufreq",1190400.000000
813982080098358,0,"cpufreq",1248000.000000
813982080102316,1,"cpufreq",1248000.000000
813982080114608,5,"cpufreq",1075200.000000
813982080117889,6,"cpufreq",1075200.000000
813982082522472,0,"cpufreq",1689600.000000
813982082523306,1,"cpufreq",1689600.000000
813982082707837,0,"cpufreq",1459200.000000
813982082708566,1,"cpufreq",1459200.000000
813982082715806,5,"cpufreq",1190400.000000
813982082717785,6,"cpufreq",1190400.000000
813982083344868,0,"cpufreq",1017600.000000
813982083345962,1,"cpufreq",1017600.000000
813982083440702,5,"cpufreq",614400.000000
813982083442837,6,"cpufreq",614400.000000
813982083516743,0,"cpufreq",787200.000000
813982083518254,1,"cpufreq",787200.000000
813982084399191,0,"cpufreq",902400.000000
813982084401379,1,"cpufreq",902400.000000
813982084517420,5,"cpufreq",499200.000000
813982084518931,6,"cpufreq",499200.000000
813982084703045,0,"cpufreq",787200.000000
813982084705441,1,"cpufreq",787200.000000
813982088500389,0,"cpufreq",902400.000000
813982088504764,1,"cpufreq",902400.000000
813982091444347,0,"cpufreq",787200.000000
813982091447264,1,"cpufreq",787200.000000
813982092124347,5,"cpufreq",614400.000000
813982092125545,6,"cpufreq",614400.000000
813982093182889,5,"cpufreq",729600.000000
813982093184972,6,"cpufreq",729600.000000
813982099584504,0,"cpufreq",902400.000000
813982099586847,1,"cpufreq",902400.000000
813982099610858,5,"cpufreq",614400.000000
813982099613931,6,"cpufreq",614400.000000
813982099981847,0,"cpufreq",787200.000000
813982099982837,1,"cpufreq",787200.000000
813982100674712,5,"cpufreq",729600.000000
813982100676222,6,"cpufreq",729600.000000
813982101365858,0,"cpufreq",902400.000000
813982101367004,1,"cpufreq",902400.000000
813982101374920,5,"cpufreq",614400.000000
813982101376222,6,"cpufreq",614400.000000
813982104251639,5,"cpufreq",729600.000000
813982104253827,6,"cpufreq",729600.000000
813982105434087,0,"cpufreq",787200.000000
813982105436170,1,"cpufreq",787200.000000
813982105446639,5,"cpufreq",960000.000000
813982105449608,6,"cpufreq",960000.000000
813982105790024,5,"cpufreq",1075200.000000
813982105791066,6,"cpufreq",1075200.000000
813982107393202,0,"cpufreq",1017600.000000
813982107394243,1,"cpufreq",1017600.000000
813982107402316,5,"cpufreq",729600.000000
813982107402889,6,"cpufreq",729600.000000
813982107597524,0,"cpufreq",902400.000000
813982107598931,1,"cpufreq",902400.000000
813982107744608,0,"cpufreq",1459200.000000
813982107746847,1,"cpufreq",1459200.000000
813982107883358,0,"cpufreq",1344000.000000
813982107885545,1,"cpufreq",1344000.000000
813982107992264,0,"cpufreq",1248000.000000
813982107994504,1,"cpufreq",1248000.000000
813982108002420,5,"cpufreq",844800.000000
813982108004399,6,"cpufreq",844800.000000
813982108085024,0,"cpufreq",1344000.000000
813982108086379,1,"cpufreq",1344000.000000
813982108608774,0,"cpufreq",1248000.000000
813982108609868,1,"cpufreq",1248000.000000
813982113201379,0,"cpufreq",1344000.000000
813982113202420,1,"cpufreq",1344000.000000
813982113357316,5,"cpufreq",499200.000000
813982113359920,6,"cpufreq",499200.000000
813982115273566,0,"cpufreq",1804800.000000
813982115275910,1,"cpufreq",1804800.000000
813982115389399,0,"cpufreq",1248000.000000
813982115390493,1,"cpufreq",1248000.000000
813982115659868,0,"cpufreq",787200.000000
813982115661118,1,"cpufreq",787200.000000
813982121495962,0,"cpufreq",1017600.000000
813982121497004,1,"cpufreq",1017600.000000
813982122149243,0,"cpufreq",787200.000000
813982122151274,1,"cpufreq",787200.000000
813982142507837,5,"cpufreq",614400.000000
813982142509504,6,"cpufreq",614400.000000
813982146754764,5,"cpufreq",499200.000000
813982146759452,6,"cpufreq",499200.000000
813982150287368,5,"cpufreq",614400.000000
813982150288514,6,"cpufreq",614400.000000
813982152244399,5,"cpufreq",499200.000000
813982152246952,6,"cpufreq",499200.000000
813982154956639,0,"cpufreq",902400.000000
813982154960024,1,"cpufreq",902400.000000
813982155511431,0,"cpufreq",787200.000000
813982155514660,1,"cpufreq",787200.000000
813982158565962,5,"cpufreq",729600.000000
813982158567524,6,"cpufreq",729600.000000
813982163238410,5,"cpufreq",499200.000000
813982163242681,6,"cpufreq",499200.000000
813982175494243,5,"cpufreq",729600.000000
813982175495649,6,"cpufreq",729600.000000
813982176197316,5,"cpufreq",614400.000000
813982176199035,6,"cpufreq",614400.000000
813982176920285,5,"cpufreq",729600.000000
813982176921587,6,"cpufreq",729600.000000
813982179672316,5,"cpufreq",1190400.000000
813982179676952,6,"cpufreq",1190400.000000
813982179984087,5,"cpufreq",844800.000000
813982179988149,6,"cpufreq",844800.000000
813982180198097,0,"cpufreq",902400.000000
813982180201795,1,"cpufreq",902400.000000
813982180213774,5,"cpufreq",614400.000000
813982180216795,6,"cpufreq",614400.000000
813982181850962,0,"cpufreq",787200.000000
813982181853306,1,"cpufreq",787200.000000
813982184225806,5,"cpufreq",729600.000000
813982184229452,6,"cpufreq",729600.000000
813982187944452,5,"cpufreq",1075200.000000
813982187945910,6,"cpufreq",1075200.000000
813982189655181,0,"cpufreq",902400.000000
813982189657577,1,"cpufreq",902400.000000
813982191586014,0,"cpufreq",1017600.000000
813982191589243,1,"cpufreq",1017600.000000
813982191878722,0,"cpufreq",902400.000000
813982191879504,1,"cpufreq",902400.000000
813982191885702,5,"cpufreq",1190400.000000
813982191886327,6,"cpufreq",1190400.000000
813982192324712,0,"cpufreq",1017600.000000
813982192325337,1,"cpufreq",1017600.000000
813982192403149,0,"cpufreq",902400.000000
813982192404868,1,"cpufreq",902400.000000
813982192465545,0,"cpufreq",1017600.000000
813982192466222,1,"cpufreq",1017600.000000
813982192568931,0,"cpufreq",902400.000000
813982192570806,1,"cpufreq",902400.000000
813982192704504,0,"cpufreq",1017600.000000
813982192705285,1,"cpufreq",1017600.000000
813982192798983,0,"cpufreq",1344000.000000
813982192799660,1,"cpufreq",1344000.000000
813982192870077,0,"cpufreq",902400.000000
813982192870649,1,"cpufreq",902400.000000
813982195445754,5,"cpufreq",844800.000000
813982195447056,6,"cpufreq",844800.000000
813982200295649,0,"cpufreq",1017600.000000
813982200298931,1,"cpufreq",1017600.000000
813982203639139,0,"cpufreq",787200.000000
813982203640910,1,"cpufreq",787200.000000
813982203651118,5,"cpufreq",499200.000000
813982203654295,6,"cpufreq",499200.000000
813982203709556,2,"cpufreq",614400.000000
813982203711587,3,"cpufreq",614400.000000
813982203713566,4,"cpufreq",614400.000000
813982203730806,7,"cpufreq",672000.000000
813982208616952,0,"cpufreq",902400.000000
813982208620597,1,"cpufreq",902400.000000
813982209515337,0,"cpufreq",787200.000000
813982209516274,1,"cpufreq",787200.000000
813982214922837,0,"cpufreq",1344000.000000
813982214925389,1,"cpufreq",1344000.000000
813982221183618,0,"cpufreq",672000.000000
813982221186535,1,"cpufreq",672000.000000
813982284597472,0,"cpufreq",787200.000000
813982284600129,1,"cpufreq",787200.000000
813982287073774,0,"cpufreq",672000.000000
813982287075441,1,"cpufreq",672000.000000
813982290344868,5,"cpufreq",1075200.000000
813982290346274,6,"cpufreq",1075200.000000
813982291668254,5,"cpufreq",499200.000000
813982291672785,6,"cpufreq",499200.000000
813982298250076,0,"cpufreq",787200.000000
813982298251431,1,"cpufreq",787200.000000
813982298404191,0,"cpufreq",672000.000000
813982298405076,1,"cpufreq",672000.000000
813982299435337,5,"cpufreq",844800.000000
813982299437004,6,"cpufreq",844800.000000
813982299777785,5,"cpufreq",960000.000000
813982299779347,6,"cpufreq",960000.000000
813982300051222,0,"cpufreq",902400.000000
813982300052264,1,"cpufreq",902400.000000
813982300058618,5,"cpufreq",844800.000000
813982300059451,6,"cpufreq",844800.000000
813982300443201,0,"cpufreq",672000.000000
813982300447108,1,"cpufreq",672000.000000
813982300478410,5,"cpufreq",960000.000000
813982300481170,6,"cpufreq",960000.000000
813982301024243,5,"cpufreq",844800.000000
813982301028514,6,"cpufreq",844800.000000
813982301427733,5,"cpufreq",729600.000000
813982301429087,6,"cpufreq",729600.000000
813982301777576,0,"cpufreq",1248000.000000
813982301781587,1,"cpufreq",1248000.000000
813982301967524,0,"cpufreq",672000.000000
813982301969295,1,"cpufreq",672000.000000
813982301977889,5,"cpufreq",844800.000000
813982301978774,6,"cpufreq",844800.000000
813982302567524,0,"cpufreq",902400.000000
813982302571483,1,"cpufreq",902400.000000
813982302701326,0,"cpufreq",672000.000000
813982302702733,1,"cpufreq",672000.000000
813982302907993,0,"cpufreq",1017600.000000
813982302912160,1,"cpufreq",1017600.000000
813982302927160,5,"cpufreq",729600.000000
813982302931066,6,"cpufreq",729600.000000
813982303271587,0,"cpufreq",672000.000000
813982303274139,1,"cpufreq",672000.000000
813982304439347,5,"cpufreq",844800.000000
813982304442472,6,"cpufreq",844800.000000
813982304566743,0,"cpufreq",787200.000000
813982304569243,1,"cpufreq",787200.000000
813982304578879,5,"cpufreq",729600.000000
813982304584243,6,"cpufreq",729600.000000
813982304651691,5,"cpufreq",844800.000000
813982304652785,6,"cpufreq",844800.000000
813982305115858,5,"cpufreq",729600.000000
813982305118254,6,"cpufreq",729600.000000
813982305343045,5,"cpufreq",844800.000000
813982305349035,6,"cpufreq",844800.000000
813982306311483,0,"cpufreq",902400.000000
813982306314712,1,"cpufreq",902400.000000
813982306425233,0,"cpufreq",1017600.000000
813982306427160,1,"cpufreq",1017600.000000
813982307478774,0,"cpufreq",1344000.000000
813982307480076,1,"cpufreq",1344000.000000
813982307496170,5,"cpufreq",1190400.000000
813982307497420,6,"cpufreq",1190400.000000
813982307558618,0,"cpufreq",1132800.000000
813982307559764,1,"cpufreq",1132800.000000
813982308363306,0,"cpufreq",1344000.000000
813982308366118,1,"cpufreq",1344000.000000
813982312159972,5,"cpufreq",1075200.000000
813982312160858,6,"cpufreq",1075200.000000
813982313084504,0,"cpufreq",1459200.000000
813982313086066,1,"cpufreq",1459200.000000
813982313196066,5,"cpufreq",729600.000000
813982313197524,6,"cpufreq",729600.000000
813982316192160,0,"cpufreq",672000.000000
813982316194660,1,"cpufreq",672000.000000
813982316219399,5,"cpufreq",499200.000000
813982316223774,6,"cpufreq",499200.000000
813982328102316,5,"cpufreq",844800.000000
813982328103931,6,"cpufreq",844800.000000
813982328397524,5,"cpufreq",499200.000000
813982328400754,6,"cpufreq",499200.000000
813982332153149,5,"cpufreq",729600.000000
813982332154920,6,"cpufreq",729600.000000
813982332272004,0,"cpufreq",902400.000000
813982332276014,1,"cpufreq",902400.000000
813982332487993,0,"cpufreq",1344000.000000
813982332490129,1,"cpufreq",1344000.000000
813982336286326,0,"cpufreq",902400.000000
813982336287733,1,"cpufreq",902400.000000
813982339619087,0,"cpufreq",672000.000000
813982339621170,1,"cpufreq",672000.000000
813982339630441,5,"cpufreq",499200.000000
813982339633149,6,"cpufreq",499200.000000
813982347474191,0,"cpufreq",787200.000000
813982347475389,1,"cpufreq",787200.000000
813982347489868,2,"cpufreq",844800.000000
813982347490962,3,"cpufreq",844800.000000
813982347491691,4,"cpufreq",844800.000000
813982347502004,7,"cpufreq",902400.000000
813982353885545,5,"cpufreq",614400.000000
813982353887160,6,"cpufreq",614400.000000
813982356276379,0,"cpufreq",672000.000000
813982356280233,1,"cpufreq",672000.000000
813982356306847,2,"cpufreq",614400.000000
813982356309139,3,"cpufreq",614400.000000
813982356311431,4,"cpufreq",614400.000000
813982356336014,5,"cpufreq",499200.000000
813982356338722,6,"cpufreq",499200.000000
813982356352785,7,"cpufreq",672000.000000
813982390681222,5,"cpufreq",729600.000000
813982390682524,6,"cpufreq",729600.000000
813982397810129,5,"cpufreq",499200.000000
813982397815441,6,"cpufreq",499200.000000
813982411612889,0,"cpufreq",1344000.000000
813982411617681,1,"cpufreq",1344000.000000
813982419721535,0,"cpufreq",672000.000000
813982419724295,1,"cpufreq",672000.000000
813982482689087,0,"cpufreq",787200.000000
813982482690545,1,"cpufreq",787200.000000
813982484312004,0,"cpufreq",672000.000000
813982484313358,1,"cpufreq",672000.000000
813982513460441,2,"cpufreq",844800.000000
813982513463358,3,"cpufreq",844800.000000
813982513465754,4,"cpufreq",844800.000000
813982515618306,2,"cpufreq",614400.000000
813982515619868,3,"cpufreq",614400.000000
813982515620597,4,"cpufreq",614400.000000
813982612188670,0,"cpufreq",1344000.000000
813982612190493,1,"cpufreq",1344000.000000
813982612372420,0,"cpufreq",902400.000000
813982612373566,1,"cpufreq",902400.000000
813982616273618,0,"cpufreq",1017600.000000
813982616277003,1,"cpufreq",1017600.000000
813982620159243,0,"cpufreq",672000.000000
813982620160337,1,"cpufreq",672000.000000
813982621181743,2,"cpufreq",1612800.000000
813982621183097,3,"cpufreq",1612800.000000
813982621184087,4,"cpufreq",1612800.000000
813982627564191,2,"cpufreq",614400.000000
813982627565024,3,"cpufreq",614400.000000
813982627565701,4,"cpufreq",614400.000000
813982627574608,5,"cpufreq",1190400.000000
813982627575285,6,"cpufreq",1190400.000000
813982636318201,5,"cpufreq",499200.000000
813982636321274,6,"cpufreq",499200.000000
813982692704243,0,"cpufreq",787200.000000
813982692707160,1,"cpufreq",787200.000000
813982700804764,0,"cpufreq",672000.000000
813982700806066,1,"cpufreq",672000.000000
813982772005649,0,"cpufreq",1248000.000000
813982772007108,1,"cpufreq",1248000.000000
813982775370233,0,"cpufreq",1804800.000000
813982775371899,1,"cpufreq",1804800.000000
813982780401951,0,"cpufreq",1248000.000000
813982780402993,1,"cpufreq",1248000.000000
813982788156378,0,"cpufreq",672000.000000
813982788157785,1,"cpufreq",672000.000000
813982792135128,2,"cpufreq",2246400.000000
813982792136222,3,"cpufreq",2246400.000000
813982792137108,4,"cpufreq",2246400.000000
813982792685597,2,"cpufreq",2515200.000000
813982792686483,3,"cpufreq",2515200.000000
813982792686795,4,"cpufreq",2515200.000000
813982795633149,2,"cpufreq",844800.000000
813982795637524,3,"cpufreq",844800.000000
813982795641378,4,"cpufreq",844800.000000
813982795824347,0,"cpufreq",1344000.000000
813982795829764,1,"cpufreq",1344000.000000
813982795880858,0,"cpufreq",1248000.000000
813982795884764,1,"cpufreq",1248000.000000
813982795901118,2,"cpufreq",614400.000000
813982795904660,3,"cpufreq",614400.000000
813982795912108,4,"cpufreq",614400.000000
813982800325910,0,"cpufreq",1344000.000000
813982800328253,1,"cpufreq",1344000.000000
813982801127628,0,"cpufreq",1248000.000000
813982801129295,1,"cpufreq",1248000.000000
813982801346066,0,"cpufreq",1344000.000000
813982801347733,1,"cpufreq",1344000.000000
813982801803410,0,"cpufreq",1248000.000000
813982801804816,1,"cpufreq",1248000.000000
813982803056430,0,"cpufreq",1344000.000000
813982803057785,1,"cpufreq",1344000.000000
813982803425389,0,"cpufreq",1248000.000000
813982803426535,1,"cpufreq",1248000.000000
813982803730649,5,"cpufreq",960000.000000
813982803732003,6,"cpufreq",960000.000000
813982803778774,0,"cpufreq",672000.000000
813982803779712,1,"cpufreq",672000.000000
813982804139295,5,"cpufreq",1190400.000000
813982804140285,6,"cpufreq",1190400.000000
813982804557993,0,"cpufreq",1459200.000000
813982804562108,1,"cpufreq",1459200.000000
813982804579972,5,"cpufreq",614400.000000
813982804583826,6,"cpufreq",614400.000000
813982804828514,0,"cpufreq",1689600.000000
813982804830701,1,"cpufreq",1689600.000000
813982804836274,5,"cpufreq",499200.000000
813982804838149,6,"cpufreq",499200.000000
813982804961535,0,"cpufreq",1459200.000000
813982804963149,1,"cpufreq",1459200.000000
813982805239139,5,"cpufreq",960000.000000
813982805240753,6,"cpufreq",960000.000000
813982805288930,0,"cpufreq",672000.000000
813982805290024,1,"cpufreq",672000.000000
813982805569816,5,"cpufreq",1075200.000000
813982805571326,6,"cpufreq",1075200.000000
813982806217941,0,"cpufreq",787200.000000
813982806222003,1,"cpufreq",787200.000000
813982806236066,5,"cpufreq",960000.000000
813982806239712,6,"cpufreq",960000.000000
813982806587108,0,"cpufreq",672000.000000
813982806588618,1,"cpufreq",672000.000000
813982807196066,0,"cpufreq",1248000.000000
813982807198670,1,"cpufreq",1248000.000000
813982807213878,5,"cpufreq",499200.000000
813982807216587,6,"cpufreq",499200.000000
813982807556118,0,"cpufreq",1689600.000000
813982807557628,1,"cpufreq",1689600.000000
813982808258826,0,"cpufreq",1248000.000000
813982808260858,1,"cpufreq",1248000.000000
813982808640285,0,"cpufreq",1132800.000000
813982808641691,1,"cpufreq",1132800.000000
813982809647055,0,"cpufreq",1248000.000000
813982809648566,1,"cpufreq",1248000.000000
813982809786639,0,"cpufreq",1459200.000000
813982809788253,1,"cpufreq",1459200.000000
813982809973045,0,"cpufreq",672000.000000
813982809974816,1,"cpufreq",672000.000000
813982809983097,5,"cpufreq",729600.000000
813982809984399,6,"cpufreq",729600.000000
813982811361326,5,"cpufreq",960000.000000
813982811363201,6,"cpufreq",960000.000000
813982811543201,0,"cpufreq",902400.000000
813982811546014,1,"cpufreq",902400.000000
813982811573878,5,"cpufreq",1075200.000000
813982811576639,6,"cpufreq",1075200.000000
813982815180910,5,"cpufreq",1190400.000000
813982815182524,6,"cpufreq",1190400.000000
813982816378983,5,"cpufreq",1075200.000000
813982816381170,6,"cpufreq",1075200.000000
813982818546274,0,"cpufreq",1132800.000000
813982818549295,1,"cpufreq",1132800.000000
813982818562680,5,"cpufreq",1190400.000000
813982818565493,6,"cpufreq",1190400.000000
813982818917420,0,"cpufreq",1804800.000000
813982818920128,1,"cpufreq",1804800.000000
813982818928253,5,"cpufreq",499200.000000
813982818930545,6,"cpufreq",499200.000000
813982819272003,5,"cpufreq",729600.000000
813982819273618,6,"cpufreq",729600.000000
813982819472055,5,"cpufreq",844800.000000
813982819473618,6,"cpufreq",844800.000000
813982819833774,5,"cpufreq",1190400.000000
813982819834972,6,"cpufreq",1190400.000000
813982819881170,0,"cpufreq",1017600.000000
813982819882108,1,"cpufreq",1017600.000000
813982825029139,0,"cpufreq",1132800.000000
813982825031951,1,"cpufreq",1132800.000000
813982825314608,0,"cpufreq",1344000.000000
813982825316274,1,"cpufreq",1344000.000000
813982827454295,0,"cpufreq",1574400.000000
813982827455337,1,"cpufreq",1574400.000000
813982828255649,0,"cpufreq",1804800.000000
813982828256430,1,"cpufreq",1804800.000000
813982828374243,0,"cpufreq",1574400.000000
813982828374816,1,"cpufreq",1574400.000000
813982828493097,0,"cpufreq",1248000.000000
813982828493618,1,"cpufreq",1248000.000000
813982828966066,0,"cpufreq",672000.000000
813982828966899,1,"cpufreq",672000.000000
813982829696430,0,"cpufreq",902400.000000
813982829700389,1,"cpufreq",902400.000000
813982831263826,0,"cpufreq",1344000.000000
813982831266014,1,"cpufreq",1344000.000000
813982831280180,5,"cpufreq",1075200.000000
813982831282160,6,"cpufreq",1075200.000000
813982834098722,0,"cpufreq",1804800.000000
813982834100128,1,"cpufreq",1804800.000000
813982835842316,0,"cpufreq",1459200.000000
813982835843514,1,"cpufreq",1459200.000000
813982843538670,0,"cpufreq",1804800.000000
813982843539868,1,"cpufreq",1804800.000000
813982843557576,5,"cpufreq",499200.000000
813982843558722,6,"cpufreq",499200.000000
813982851865649,0,"cpufreq",672000.000000
813982851867003,1,"cpufreq",672000.000000
813982860266847,5,"cpufreq",844800.000000
813982860271899,6,"cpufreq",844800.000000
813982864401378,0,"cpufreq",1017600.000000
813982864406222,1,"cpufreq",1017600.000000
813982867406326,0,"cpufreq",1459200.000000
813982867407368,1,"cpufreq",1459200.000000
813982867818983,0,"cpufreq",1689600.000000
813982867820441,1,"cpufreq",1689600.000000
813982867829191,5,"cpufreq",499200.000000
813982867830337,6,"cpufreq",499200.000000
813982867913878,0,"cpufreq",1459200.000000
813982867915805,1,"cpufreq",1459200.000000
813982876209243,0,"cpufreq",1804800.000000
813982876210858,1,"cpufreq",1804800.000000
813982884418983,0,"cpufreq",787200.000000
813982884420858,1,"cpufreq",787200.000000
813982884436066,2,"cpufreq",2707200.000000
813982884439608,3,"cpufreq",2707200.000000
813982884444347,4,"cpufreq",2707200.000000
813982884524295,0,"cpufreq",1804800.000000
813982884526639,1,"cpufreq",1804800.000000
813982884874035,5,"cpufreq",729600.000000
813982884876118,6,"cpufreq",729600.000000
813982888210858,0,"cpufreq",672000.000000
813982888211899,1,"cpufreq",672000.000000
813982888218097,5,"cpufreq",499200.000000
813982888219243,6,"cpufreq",499200.000000
813982898472680,0,"cpufreq",1248000.000000
813982898476951,1,"cpufreq",1248000.000000
813982898551951,0,"cpufreq",1459200.000000
813982898553983,1,"cpufreq",1459200.000000
813982899463201,0,"cpufreq",672000.000000
813982899465076,1,"cpufreq",672000.000000
813982899487889,2,"cpufreq",1190400.000000
813982899491430,3,"cpufreq",1190400.000000
813982899495493,4,"cpufreq",1190400.000000
813982908193566,0,"cpufreq",1804800.000000
813982908194764,1,"cpufreq",1804800.000000
813982908206118,2,"cpufreq",614400.000000
813982908206847,3,"cpufreq",614400.000000
813982908207524,4,"cpufreq",614400.000000
813982908214139,5,"cpufreq",614400.000000
813982908214868,6,"cpufreq",614400.000000
813982908552160,2,"cpufreq",1190400.000000
813982908554035,3,"cpufreq",1190400.000000
813982908555337,4,"cpufreq",1190400.000000
813982908691378,2,"cpufreq",1286400.000000
813982908692264,3,"cpufreq",1286400.000000
813982908692837,4,"cpufreq",1286400.000000
813982909655024,5,"cpufreq",499200.000000
813982909656795,6,"cpufreq",499200.000000
813982910160701,5,"cpufreq",614400.000000
813982910161899,6,"cpufreq",614400.000000
813982910499608,5,"cpufreq",499200.000000
813982910502160,6,"cpufreq",499200.000000
813982912222837,5,"cpufreq",614400.000000
813982912224191,6,"cpufreq",614400.000000
813982912412785,5,"cpufreq",499200.000000
813982912414503,6,"cpufreq",499200.000000
813982912490180,5,"cpufreq",614400.000000
813982912492055,6,"cpufreq",614400.000000
813982912603045,5,"cpufreq",499200.000000
813982912604451,6,"cpufreq",499200.000000
813982913693358,5,"cpufreq",1075200.000000
813982913695076,6,"cpufreq",1075200.000000
813982915123045,5,"cpufreq",499200.000000
813982915124920,6,"cpufreq",499200.000000
813982915454555,2,"cpufreq",614400.000000
813982915456014,3,"cpufreq",614400.000000
813982915456795,4,"cpufreq",614400.000000
813982923466899,0,"cpufreq",1574400.000000
813982923468462,1,"cpufreq",1574400.000000
813982931440858,0,"cpufreq",672000.000000
813982931442003,1,"cpufreq",672000.000000
813982940188149,0,"cpufreq",1248000.000000
813982940190858,1,"cpufreq",1248000.000000
813982940512003,0,"cpufreq",672000.000000
813982940514243,1,"cpufreq",672000.000000
813983001904191,5,"cpufreq",614400.000000
813983001905962,6,"cpufreq",614400.000000
813983002592993,5,"cpufreq",729600.000000
813983002594451,6,"cpufreq",729600.000000
813983003259139,5,"cpufreq",614400.000000
813983003263566,6,"cpufreq",614400.000000
813983003531378,5,"cpufreq",499200.000000
813983003535701,6,"cpufreq",499200.000000
813983011853566,0,"cpufreq",787200.000000
813983011856535,1,"cpufreq",787200.000000
813983012472264,0,"cpufreq",1017600.000000
813983012475128,1,"cpufreq",1017600.000000
813983012622680,0,"cpufreq",672000.000000
813983012623878,1,"cpufreq",672000.000000
813983012876587,0,"cpufreq",787200.000000
813983012880493,1,"cpufreq",787200.000000
813983012956066,0,"cpufreq",672000.000000
813983012957160,1,"cpufreq",672000.000000
813983035637368,5,"cpufreq",844800.000000
813983035642107,6,"cpufreq",844800.000000
813983052257576,5,"cpufreq",499200.000000
813983052262316,6,"cpufreq",499200.000000
813983071559660,2,"cpufreq",1286400.000000
813983071561222,3,"cpufreq",1286400.000000
813983071562003,4,"cpufreq",1286400.000000
813983072797107,5,"cpufreq",614400.000000
813983072798618,6,"cpufreq",614400.000000
813983075596378,0,"cpufreq",787200.000000
813983075600805,1,"cpufreq",787200.000000
813983075622993,2,"cpufreq",844800.000000
813983075626587,3,"cpufreq",844800.000000
813983075630076,4,"cpufreq",844800.000000
813983075649607,5,"cpufreq",499200.000000
813983075653462,6,"cpufreq",499200.000000
813983075671899,7,"cpufreq",902400.000000
813983082603566,2,"cpufreq",1824000.000000
813983082604607,3,"cpufreq",1824000.000000
813983082605232,4,"cpufreq",1824000.000000
813983084202576,2,"cpufreq",2707200.000000
813983084206118,3,"cpufreq",2707200.000000
813983084209087,4,"cpufreq",2707200.000000
813983084224555,5,"cpufreq",729600.000000
813983084227941,6,"cpufreq",729600.000000
813983092169764,5,"cpufreq",499200.000000
813983092171274,6,"cpufreq",499200.000000
813983092333201,0,"cpufreq",1017600.000000
813983092336691,1,"cpufreq",1017600.000000
813983098961170,7,"cpufreq",2246400.000000
813983098982941,2,"cpufreq",844800.000000
813983098983253,3,"cpufreq",844800.000000
813983098983514,4,"cpufreq",844800.000000
813983099695232,0,"cpufreq",787200.000000
813983099696743,1,"cpufreq",787200.000000
813983108141118,7,"cpufreq",902400.000000
813983114118357,0,"cpufreq",1132800.000000
813983114121378,1,"cpufreq",1132800.000000
813983114483566,0,"cpufreq",1248000.000000
813983114485285,1,"cpufreq",1248000.000000
813983115429347,0,"cpufreq",672000.000000
813983115430701,1,"cpufreq",672000.000000
813983115439503,2,"cpufreq",614400.000000
813983115440180,3,"cpufreq",614400.000000
813983115441066,4,"cpufreq",614400.000000
813983115454920,7,"cpufreq",672000.000000
813983211720597,0,"cpufreq",787200.000000
813983211725805,1,"cpufreq",787200.000000
813983219656378,0,"cpufreq",1344000.000000
813983219659764,1,"cpufreq",1344000.000000
813983220189868,0,"cpufreq",1574400.000000
813983220192993,1,"cpufreq",1574400.000000
813983220875962,0,"cpufreq",1804800.000000
813983220877941,1,"cpufreq",1804800.000000
813983223597680,0,"cpufreq",1574400.000000
813983223598618,1,"cpufreq",1574400.000000
813983224517837,0,"cpufreq",1689600.000000
813983224519191,1,"cpufreq",1689600.000000
813983224645232,0,"cpufreq",1017600.000000
813983224646899,1,"cpufreq",1017600.000000
813983225284503,0,"cpufreq",1344000.000000
813983225286274,1,"cpufreq",1344000.000000
813983226125128,0,"cpufreq",902400.000000
813983226126482,1,"cpufreq",902400.000000
813983226137107,5,"cpufreq",614400.000000
813983226138305,6,"cpufreq",614400.000000
813983226369972,5,"cpufreq",1190400.000000
813983226371534,6,"cpufreq",1190400.000000
813983227387732,0,"cpufreq",672000.000000
813983227388826,1,"cpufreq",672000.000000
813983228016066,5,"cpufreq",960000.000000
813983228020337,6,"cpufreq",960000.000000
813983231613982,5,"cpufreq",1190400.000000
813983231614920,6,"cpufreq",1190400.000000
813983231660909,0,"cpufreq",1689600.000000
813983231663826,1,"cpufreq",1689600.000000
813983232261430,0,"cpufreq",1804800.000000
813983232263305,1,"cpufreq",1804800.000000
813983232271430,5,"cpufreq",1075200.000000
813983232272784,6,"cpufreq",1075200.000000
813983235552576,5,"cpufreq",1190400.000000
813983235554347,6,"cpufreq",1190400.000000
813983236720962,2,"cpufreq",960000.000000
813983236722784,3,"cpufreq",960000.000000
813983236723930,4,"cpufreq",960000.000000
813983236731951,5,"cpufreq",960000.000000
813983236732941,6,"cpufreq",960000.000000
813983236961691,2,"cpufreq",1497600.000000
813983236961899,0,"cpufreq",1344000.000000
813983236962732,3,"cpufreq",1497600.000000
813983236963357,4,"cpufreq",1497600.000000
813983236963670,1,"cpufreq",1344000.000000
813983237159347,5,"cpufreq",729600.000000
813983237160597,6,"cpufreq",729600.000000
813983237375857,2,"cpufreq",1920000.000000
813983237376534,3,"cpufreq",1920000.000000
813983237377680,4,"cpufreq",1920000.000000
813983238283826,5,"cpufreq",1190400.000000
813983238285232,6,"cpufreq",1190400.000000
813983238388878,5,"cpufreq",729600.000000
813983238391326,6,"cpufreq",729600.000000
813983240465701,0,"cpufreq",1248000.000000
813983240466274,1,"cpufreq",1248000.000000
813983240470545,2,"cpufreq",1612800.000000
813983240471066,3,"cpufreq",1612800.000000
813983240471378,4,"cpufreq",1612800.000000
813983242122368,2,"cpufreq",1401600.000000
813983242123045,3,"cpufreq",1401600.000000
813983242123566,4,"cpufreq",1401600.000000
813983243519087,0,"cpufreq",902400.000000
813983243519920,1,"cpufreq",902400.000000
813983243527941,2,"cpufreq",2035200.000000
813983243528566,3,"cpufreq",2035200.000000
813983243528930,4,"cpufreq",2035200.000000
813983243535389,5,"cpufreq",499200.000000
813983243536014,6,"cpufreq",499200.000000
813983243674191,2,"cpufreq",2630400.000000
813983243674712,3,"cpufreq",2630400.000000
813983243675232,4,"cpufreq",2630400.000000
813983244077837,2,"cpufreq",2707200.000000
813983244078878,3,"cpufreq",2707200.000000
813983244079139,4,"cpufreq",2707200.000000
813983244240805,0,"cpufreq",1017600.000000
813983244243878,1,"cpufreq",1017600.000000
813983247274295,2,"cpufreq",2035200.000000
813983247275389,3,"cpufreq",2035200.000000
813983247276326,4,"cpufreq",2035200.000000
813983247554399,0,"cpufreq",1804800.000000
813983247557055,1,"cpufreq",1804800.000000
813983247606014,2,"cpufreq",1612800.000000
813983247608409,3,"cpufreq",1612800.000000
813983247610701,4,"cpufreq",1612800.000000
813983251677837,0,"cpufreq",672000.000000
813983251678409,1,"cpufreq",672000.000000
813983251685493,2,"cpufreq",614400.000000
813983251686066,3,"cpufreq",614400.000000
813983251686378,4,"cpufreq",614400.000000
813983252886691,0,"cpufreq",1248000.000000
813983252890024,1,"cpufreq",1248000.000000
813983260252837,0,"cpufreq",902400.000000
813983260256170,1,"cpufreq",902400.000000
813983267657732,0,"cpufreq",672000.000000
813983267659087,1,"cpufreq",672000.000000
813983271234920,0,"cpufreq",902400.000000
813983271239295,1,"cpufreq",902400.000000
813983271379191,0,"cpufreq",672000.000000
813983271382003,1,"cpufreq",672000.000000
813983271868826,0,"cpufreq",1017600.000000
813983271873253,1,"cpufreq",1017600.000000
813983276329868,0,"cpufreq",902400.000000
813983276333357,1,"cpufreq",902400.000000
813983280298097,0,"cpufreq",787200.000000
813983280299347,1,"cpufreq",787200.000000
813983284073618,0,"cpufreq",672000.000000
813983284076378,1,"cpufreq",672000.000000
813983284110545,5,"cpufreq",614400.000000
813983284113253,6,"cpufreq",614400.000000
813983285505441,0,"cpufreq",902400.000000
813983285506795,1,"cpufreq",902400.000000
813983285894347,0,"cpufreq",672000.000000
813983285896847,1,"cpufreq",672000.000000
813983286685805,0,"cpufreq",902400.000000
813983286689920,1,"cpufreq",902400.000000
813983290871118,5,"cpufreq",844800.000000
813983290872316,6,"cpufreq",844800.000000
813983291517784,0,"cpufreq",672000.000000
813983291519607,1,"cpufreq",672000.000000
813983291536066,5,"cpufreq",1075200.000000
813983291536847,6,"cpufreq",1075200.000000
813983292856743,0,"cpufreq",902400.000000
813983292860597,1,"cpufreq",902400.000000
813983300194139,0,"cpufreq",672000.000000
813983300197993,1,"cpufreq",672000.000000
813983300236066,5,"cpufreq",1190400.000000
813983300240284,6,"cpufreq",1190400.000000
813983300682472,0,"cpufreq",787200.000000
813983300683618,1,"cpufreq",787200.000000
813983300792993,0,"cpufreq",1344000.000000
813983300793670,1,"cpufreq",1344000.000000
813983300973253,0,"cpufreq",1574400.000000
813983300973982,1,"cpufreq",1574400.000000
813983301196326,0,"cpufreq",1689600.000000
813983301197003,1,"cpufreq",1689600.000000
813983301263514,0,"cpufreq",1248000.000000
813983301264191,1,"cpufreq",1248000.000000
813983301333930,0,"cpufreq",1132800.000000
813983301334712,1,"cpufreq",1132800.000000
813983301392732,0,"cpufreq",1017600.000000
813983301393409,1,"cpufreq",1017600.000000
813983301431743,0,"cpufreq",672000.000000
813983301432524,1,"cpufreq",672000.000000
813983304320962,0,"cpufreq",1017600.000000
813983304323930,1,"cpufreq",1017600.000000
813983307666170,0,"cpufreq",787200.000000
813983307670128,1,"cpufreq",787200.000000
813983309585441,0,"cpufreq",672000.000000
813983309586170,1,"cpufreq",672000.000000
813983316276847,0,"cpufreq",787200.000000
813983316281066,1,"cpufreq",787200.000000
813983316320805,5,"cpufreq",499200.000000
813983316325649,6,"cpufreq",499200.000000
813983319500701,0,"cpufreq",1804800.000000
813983319503462,1,"cpufreq",1804800.000000
813983324458982,0,"cpufreq",787200.000000
813983324460649,1,"cpufreq",787200.000000
813983324468201,5,"cpufreq",729600.000000
813983324469503,6,"cpufreq",729600.000000
813983326635232,5,"cpufreq",499200.000000
813983326636951,6,"cpufreq",499200.000000
813983331865753,0,"cpufreq",902400.000000
813983331867680,1,"cpufreq",902400.000000
813983331882784,2,"cpufreq",844800.000000
813983331883878,3,"cpufreq",844800.000000
813983331884764,4,"cpufreq",844800.000000
813983331893462,5,"cpufreq",614400.000000
813983331894659,6,"cpufreq",614400.000000
813983331902576,7,"cpufreq",902400.000000
813983339551951,0,"cpufreq",787200.000000
813983339553149,1,"cpufreq",787200.000000
813983339565128,5,"cpufreq",499200.000000
813983339566378,6,"cpufreq",499200.000000
813983346982264,2,"cpufreq",1824000.000000
813983346983462,3,"cpufreq",1824000.000000
813983346984139,4,"cpufreq",1824000.000000
813983348259555,2,"cpufreq",844800.000000
813983348263097,3,"cpufreq",844800.000000
813983348266066,4,"cpufreq",844800.000000
813983355684503,0,"cpufreq",672000.000000
813983355685597,1,"cpufreq",672000.000000
813983355695180,2,"cpufreq",614400.000000
813983355696118,3,"cpufreq",614400.000000
813983355696899,4,"cpufreq",614400.000000
813983355707889,7,"cpufreq",672000.000000
813983408728722,0,"cpufreq",902400.000000
813983408731534,1,"cpufreq",902400.000000
813983411267055,0,"cpufreq",1132800.000000
813983411269243,1,"cpufreq",1132800.000000
813983411511847,0,"cpufreq",672000.000000
813983411513514,1,"cpufreq",672000.000000
813983420250024,5,"cpufreq",729600.000000
813983420251899,6,"cpufreq",729600.000000
813983420455180,0,"cpufreq",787200.000000
813983420457680,1,"cpufreq",787200.000000
813983420472576,5,"cpufreq",499200.000000
813983420475389,6,"cpufreq",499200.000000
813983420829347,0,"cpufreq",1017600.000000
813983420833045,1,"cpufreq",1017600.000000
813983421051743,0,"cpufreq",1344000.000000
813983421053514,1,"cpufreq",1344000.000000
813983421298982,0,"cpufreq",1132800.000000
813983421301274,1,"cpufreq",1132800.000000
813983422004243,0,"cpufreq",1344000.000000
813983422007524,1,"cpufreq",1344000.000000
813983427425336,0,"cpufreq",902400.000000
813983427426795,1,"cpufreq",902400.000000
813983427762368,0,"cpufreq",1017600.000000
813983427764659,1,"cpufreq",1017600.000000
813983436049972,0,"cpufreq",672000.000000
813983436051326,1,"cpufreq",672000.000000
813983464516482,0,"cpufreq",1017600.000000
813983464519139,1,"cpufreq",1017600.000000
813983467555961,0,"cpufreq",672000.000000
813983467558514,1,"cpufreq",672000.000000
813983504664347,0,"cpufreq",787200.000000
813983504667316,1,"cpufreq",787200.000000
813983514950076,2,"cpufreq",844800.000000
813983514952107,3,"cpufreq",844800.000000
813983514953201,4,"cpufreq",844800.000000
813983515476951,7,"cpufreq",902400.000000
813983531822836,0,"cpufreq",672000.000000
813983531824920,1,"cpufreq",672000.000000
813983531838826,2,"cpufreq",614400.000000
813983531839659,3,"cpufreq",614400.000000
813983531840284,4,"cpufreq",614400.000000
813983531858514,7,"cpufreq",672000.000000
813983601236482,0,"cpufreq",787200.000000
813983601240805,1,"cpufreq",787200.000000
813983601729972,0,"cpufreq",672000.000000
813983601733409,1,"cpufreq",672000.000000
813983603647784,0,"cpufreq",787200.000000
813983603650493,1,"cpufreq",787200.000000
813983611496743,0,"cpufreq",1344000.000000
813983611498513,1,"cpufreq",1344000.000000
813983620949034,0,"cpufreq",672000.000000
813983620950597,1,"cpufreq",672000.000000
813983795572420,0,"cpufreq",1344000.000000
813983795574399,1,"cpufreq",1344000.000000
813983804203461,0,"cpufreq",672000.000000
813983804204868,1,"cpufreq",672000.000000
813983812812368,0,"cpufreq",787200.000000
813983812815701,1,"cpufreq",787200.000000
813983821154086,0,"cpufreq",672000.000000
813983821156013,1,"cpufreq",672000.000000
813983846799347,0,"cpufreq",1459200.000000
813983846804138,1,"cpufreq",1459200.000000
813983846932055,0,"cpufreq",1804800.000000
813983846933930,1,"cpufreq",1804800.000000
813983847073357,0,"cpufreq",1132800.000000
813983847075857,1,"cpufreq",1132800.000000
813983847508409,0,"cpufreq",672000.000000
813983847510753,1,"cpufreq",672000.000000
813983847883097,5,"cpufreq",729600.000000
813983847885024,6,"cpufreq",729600.000000
813983848101118,5,"cpufreq",499200.000000
813983848102315,6,"cpufreq",499200.000000
813983848476743,5,"cpufreq",729600.000000
813983848479920,6,"cpufreq",729600.000000
813983848581274,5,"cpufreq",499200.000000
813983848582524,6,"cpufreq",499200.000000
813983931229347,0,"cpufreq",1017600.000000
813983931234763,1,"cpufreq",1017600.000000
813983932226170,0,"cpufreq",1344000.000000
813983932229451,1,"cpufreq",1344000.000000
813983938846743,0,"cpufreq",902400.000000
813983938849086,1,"cpufreq",902400.000000
813983939022524,0,"cpufreq",1344000.000000
813983939025545,1,"cpufreq",1344000.000000
813983939385909,0,"cpufreq",672000.000000
813983939387680,1,"cpufreq",672000.000000
813984101432524,7,"cpufreq",1593600.000000
813984101476795,7,"cpufreq",2246400.000000
813984101611117,0,"cpufreq",1017600.000000
813984101612524,1,"cpufreq",1017600.000000
813984101920961,2,"cpufreq",2131200.000000
813984101921222,3,"cpufreq",2131200.000000
813984101921742,4,"cpufreq",2131200.000000
813984101973878,2,"cpufreq",2380800.000000
813984101974138,3,"cpufreq",2380800.000000
813984101974347,4,"cpufreq",2380800.000000
813984102248513,0,"cpufreq",672000.000000
813984102249242,1,"cpufreq",672000.000000
813984103492992,0,"cpufreq",787200.000000
813984103493409,1,"cpufreq",787200.000000
813984103614555,0,"cpufreq",1017600.000000
813984103615128,1,"cpufreq",1017600.000000
813984103725597,7,"cpufreq",2035200.000000
813984103866222,0,"cpufreq",672000.000000
813984103867003,1,"cpufreq",672000.000000
813984104542315,0,"cpufreq",1017600.000000
813984104545180,1,"cpufreq",1017600.000000
813984104743513,0,"cpufreq",672000.000000
813984104744295,1,"cpufreq",672000.000000
813984107219659,0,"cpufreq",1459200.000000
813984107226690,1,"cpufreq",1459200.000000
813984107315909,7,"cpufreq",672000.000000
813984107464763,0,"cpufreq",1017600.000000
813984107465909,1,"cpufreq",1017600.000000
813984107490597,2,"cpufreq",729600.000000
813984107492159,3,"cpufreq",729600.000000
813984107493722,4,"cpufreq",729600.000000
813984107516899,5,"cpufreq",729600.000000
813984107518461,6,"cpufreq",729600.000000
813984107528201,7,"cpufreq",1132800.000000
813984108458461,0,"cpufreq",787200.000000
813984108461170,1,"cpufreq",787200.000000
813984108495076,5,"cpufreq",1612800.000000
813984108498201,6,"cpufreq",1612800.000000
813984108675024,0,"cpufreq",672000.000000
813984108675649,1,"cpufreq",672000.000000
813984109161065,0,"cpufreq",1804800.000000
813984109165024,1,"cpufreq",1804800.000000
813984112918357,0,"cpufreq",1132800.000000
813984112920284,1,"cpufreq",1132800.000000
813984115883201,0,"cpufreq",1689600.000000
813984115884763,1,"cpufreq",1689600.000000
813984115903930,2,"cpufreq",614400.000000
813984115905336,3,"cpufreq",614400.000000
813984115906690,4,"cpufreq",614400.000000
813984115919138,5,"cpufreq",499200.000000
813984115920805,6,"cpufreq",499200.000000
813984115929034,7,"cpufreq",672000.000000
813984118807628,5,"cpufreq",614400.000000
813984118809399,6,"cpufreq",614400.000000
813984120414399,2,"cpufreq",729600.000000
813984120416638,3,"cpufreq",729600.000000
813984120417836,4,"cpufreq",729600.000000
813984120426274,5,"cpufreq",729600.000000
813984120427315,6,"cpufreq",729600.000000
813984124179920,0,"cpufreq",902400.000000
813984124181326,1,"cpufreq",902400.000000
813984124191795,2,"cpufreq",614400.000000
813984124192732,3,"cpufreq",614400.000000
813984124193878,4,"cpufreq",614400.000000
813984124208617,5,"cpufreq",499200.000000
813984124210805,6,"cpufreq",499200.000000
813984132179607,0,"cpufreq",672000.000000
813984132182992,1,"cpufreq",672000.000000
813984132308930,0,"cpufreq",902400.000000
813984132313253,1,"cpufreq",902400.000000
813984138715857,0,"cpufreq",672000.000000
813984138717576,1,"cpufreq",672000.000000
813984140310701,0,"cpufreq",902400.000000
813984140312263,1,"cpufreq",902400.000000
813984149136430,0,"cpufreq",672000.000000
813984149138357,1,"cpufreq",672000.000000
813984204792159,0,"cpufreq",1017600.000000
813984204795649,1,"cpufreq",1017600.000000
813984206083201,0,"cpufreq",672000.000000
813984206085232,1,"cpufreq",672000.000000
813984206629920,0,"cpufreq",902400.000000
813984206634242,1,"cpufreq",902400.000000
813984207189399,0,"cpufreq",672000.000000
813984207192420,1,"cpufreq",672000.000000
813984209193149,0,"cpufreq",1248000.000000
813984209197003,1,"cpufreq",1248000.000000
813984211743565,0,"cpufreq",1344000.000000
813984211745753,1,"cpufreq",1344000.000000
813984219689190,0,"cpufreq",672000.000000
813984219690492,1,"cpufreq",672000.000000
813984504616899,0,"cpufreq",787200.000000
813984504623149,1,"cpufreq",787200.000000
813984507875284,0,"cpufreq",672000.000000
813984507879503,1,"cpufreq",672000.000000
813984546653826,5,"cpufreq",1190400.000000
813984546658721,6,"cpufreq",1190400.000000
813984547499294,0,"cpufreq",1344000.000000
813984547500544,1,"cpufreq",1344000.000000
813984547515701,5,"cpufreq",499200.000000
813984547516482,6,"cpufreq",499200.000000
813984548210336,0,"cpufreq",902400.000000
813984548211534,1,"cpufreq",902400.000000
813984551084971,5,"cpufreq",729600.000000
813984551086117,6,"cpufreq",729600.000000
813984556157159,0,"cpufreq",672000.000000
813984556158826,1,"cpufreq",672000.000000
813984556173305,5,"cpufreq",614400.000000
813984556174346,6,"cpufreq",614400.000000
813984563510544,5,"cpufreq",499200.000000
813984563514503,6,"cpufreq",499200.000000
813984603850336,0,"cpufreq",1344000.000000
813984603853044,1,"cpufreq",1344000.000000
813984608336378,0,"cpufreq",1017600.000000
813984608338721,1,"cpufreq",1017600.000000
813984609304815,0,"cpufreq",1344000.000000
813984609307471,1,"cpufreq",1344000.000000
813984611475805,0,"cpufreq",1574400.000000
813984611477784,1,"cpufreq",1574400.000000
813984613068878,0,"cpufreq",1459200.000000
813984613070753,1,"cpufreq",1459200.000000
813984620175753,0,"cpufreq",672000.000000
813984620177107,1,"cpufreq",672000.000000
813984754468669,0,"cpufreq",902400.000000
813984754471378,1,"cpufreq",902400.000000
813984755448253,0,"cpufreq",1344000.000000
813984755451638,1,"cpufreq",1344000.000000
813984757246534,2,"cpufreq",960000.000000
813984757248669,3,"cpufreq",960000.000000
813984757249971,4,"cpufreq",960000.000000
813984758856534,0,"cpufreq",672000.000000
813984758857576,1,"cpufreq",672000.000000
813984758868461,2,"cpufreq",1401600.000000
813984758869451,3,"cpufreq",1401600.000000
813984758870076,4,"cpufreq",1401600.000000
813984761611221,0,"cpufreq",902400.000000
813984761615023,1,"cpufreq",902400.000000
813984764170232,0,"cpufreq",672000.000000
813984764173721,1,"cpufreq",672000.000000
813984764192732,2,"cpufreq",844800.000000
813984764196690,3,"cpufreq",844800.000000
813984764201169,4,"cpufreq",844800.000000
813984772940753,2,"cpufreq",614400.000000
813984772941898,3,"cpufreq",614400.000000
813984772942784,4,"cpufreq",614400.000000
813984778665753,0,"cpufreq",1017600.000000
813984778669919,1,"cpufreq",1017600.000000
813984779426378,0,"cpufreq",787200.000000
813984779428878,1,"cpufreq",787200.000000
813984787623305,0,"cpufreq",672000.000000
813984787625701,1,"cpufreq",672000.000000
813984806876221,0,"cpufreq",787200.000000
813984806879451,1,"cpufreq",787200.000000
813984808337159,0,"cpufreq",672000.000000
813984808339346,1,"cpufreq",672000.000000
813984808556690,0,"cpufreq",787200.000000
813984808558982,1,"cpufreq",787200.000000
813984808981117,0,"cpufreq",672000.000000
813984808983513,1,"cpufreq",672000.000000
813984808997159,5,"cpufreq",614400.000000
813984808999659,6,"cpufreq",614400.000000
813984809633461,5,"cpufreq",499200.000000
813984809636846,6,"cpufreq",499200.000000
813984811506221,0,"cpufreq",1344000.000000
813984811507940,1,"cpufreq",1344000.000000
813984811682003,0,"cpufreq",902400.000000
813984811684242,1,"cpufreq",902400.000000
813984812267888,0,"cpufreq",1344000.000000
813984812269815,1,"cpufreq",1344000.000000
813984812447784,0,"cpufreq",902400.000000
813984812449607,1,"cpufreq",902400.000000
813984812549919,0,"cpufreq",1344000.000000
813984812551430,1,"cpufreq",1344000.000000
813984820164659,0,"cpufreq",1689600.000000
813984820166794,1,"cpufreq",1689600.000000
813984828226065,0,"cpufreq",1804800.000000
813984828229971,1,"cpufreq",1804800.000000
813984843410180,0,"cpufreq",672000.000000
813984843412159,1,"cpufreq",672000.000000
813984846118878,5,"cpufreq",614400.000000
813984846123305,6,"cpufreq",614400.000000
813984846393409,5,"cpufreq",499200.000000
813984846397263,6,"cpufreq",499200.000000
813984855341846,0,"cpufreq",787200.000000
813984855345805,1,"cpufreq",787200.000000
813984856344971,0,"cpufreq",672000.000000
813984856347367,1,"cpufreq",672000.000000
813984939371169,0,"cpufreq",787200.000000
813984939376169,1,"cpufreq",787200.000000
813984939450596,0,"cpufreq",902400.000000
813984939454711,1,"cpufreq",902400.000000
813984948933044,0,"cpufreq",672000.000000
813984948935440,1,"cpufreq",672000.000000
813985074482107,0,"cpufreq",1804800.000000
813985074483982,1,"cpufreq",1804800.000000
813985076307992,0,"cpufreq",672000.000000
813985076310857,1,"cpufreq",672000.000000
813985083998513,0,"cpufreq",787200.000000
813985083999971,1,"cpufreq",787200.000000
813985092230075,0,"cpufreq",672000.000000
813985092234398,1,"cpufreq",672000.000000
813985092266690,5,"cpufreq",614400.000000
813985092270648,6,"cpufreq",614400.000000
813985095019555,0,"cpufreq",1804800.000000
813985095023669,1,"cpufreq",1804800.000000
813985100209138,0,"cpufreq",1132800.000000
813985100214398,1,"cpufreq",1132800.000000
813985100240440,5,"cpufreq",499200.000000
813985100245753,6,"cpufreq",499200.000000
813985107432888,0,"cpufreq",1574400.000000
813985107435440,1,"cpufreq",1574400.000000
813985116100336,0,"cpufreq",1804800.000000
813985116101638,1,"cpufreq",1804800.000000
813985124169346,0,"cpufreq",672000.000000
813985124170544,1,"cpufreq",672000.000000
813985135424607,0,"cpufreq",787200.000000
813985135429815,1,"cpufreq",787200.000000
813985135457003,2,"cpufreq",844800.000000
813985135460544,3,"cpufreq",844800.000000
813985135463982,4,"cpufreq",844800.000000
813985135495753,7,"cpufreq",902400.000000
813985141014242,0,"cpufreq",672000.000000
813985141018617,1,"cpufreq",672000.000000
813985141057627,2,"cpufreq",614400.000000
813985141061169,3,"cpufreq",614400.000000
813985141064555,4,"cpufreq",614400.000000
813985141102575,7,"cpufreq",672000.000000
813985210223773,0,"cpufreq",787200.000000
813985210226534,1,"cpufreq",787200.000000
813985223744867,0,"cpufreq",1804800.000000
813985223748409,1,"cpufreq",1804800.000000
813985228046273,0,"cpufreq",672000.000000
813985228048461,1,"cpufreq",672000.000000
813985300187055,0,"cpufreq",1344000.000000
813985300191273,1,"cpufreq",1344000.000000
813985308191846,0,"cpufreq",1689600.000000
813985308194346,1,"cpufreq",1689600.000000
813985312783513,0,"cpufreq",1804800.000000
813985312785127,1,"cpufreq",1804800.000000
813985324296273,0,"cpufreq",672000.000000
813985324297680,1,"cpufreq",672000.000000
813985324309659,2,"cpufreq",1401600.000000
813985324310544,3,"cpufreq",1401600.000000
813985324311586,4,"cpufreq",1401600.000000
813985332194346,2,"cpufreq",1612800.000000
813985332196794,3,"cpufreq",1612800.000000
813985332197523,4,"cpufreq",1612800.000000
813985335666325,2,"cpufreq",1708800.000000
813985335667002,3,"cpufreq",1708800.000000
813985335667367,4,"cpufreq",1708800.000000
813985336313200,2,"cpufreq",1612800.000000
813985336317159,3,"cpufreq",1612800.000000
813985336320596,4,"cpufreq",1612800.000000
813985336731898,0,"cpufreq",787200.000000
813985336733721,1,"cpufreq",787200.000000
813985336918200,0,"cpufreq",672000.000000
813985336919607,1,"cpufreq",672000.000000
813985339512836,2,"cpufreq",2035200.000000
813985339515596,3,"cpufreq",2035200.000000
813985339517940,4,"cpufreq",2035200.000000
813985347477523,0,"cpufreq",787200.000000
813985347478044,1,"cpufreq",787200.000000
813985347484815,2,"cpufreq",960000.000000
813985347485180,3,"cpufreq",960000.000000
813985347485440,4,"cpufreq",960000.000000
813985347493565,7,"cpufreq",902400.000000
813985349120648,2,"cpufreq",1075200.000000
813985349121846,3,"cpufreq",1075200.000000
813985349122575,4,"cpufreq",1075200.000000
813985356010127,0,"cpufreq",1344000.000000
813985356012523,1,"cpufreq",1344000.000000
813985356031638,2,"cpufreq",844800.000000
813985356033721,3,"cpufreq",844800.000000
813985356035752,4,"cpufreq",844800.000000
813985356206846,0,"cpufreq",1017600.000000
813985356208200,1,"cpufreq",1017600.000000
813985357812419,0,"cpufreq",1132800.000000
813985357815596,1,"cpufreq",1132800.000000
813985360468252,0,"cpufreq",1017600.000000
813985360470023,1,"cpufreq",1017600.000000
813985363587679,0,"cpufreq",787200.000000
813985363589294,1,"cpufreq",787200.000000
813985371578773,0,"cpufreq",672000.000000
813985371581013,1,"cpufreq",672000.000000
813985371606482,2,"cpufreq",614400.000000
813985371611586,3,"cpufreq",614400.000000
813985371613929,4,"cpufreq",614400.000000
813985371646898,7,"cpufreq",672000.000000
813985406971377,0,"cpufreq",1132800.000000
813985406975544,1,"cpufreq",1132800.000000
813985407676950,0,"cpufreq",672000.000000
813985407678773,1,"cpufreq",672000.000000
813985410540232,0,"cpufreq",902400.000000
813985410543565,1,"cpufreq",902400.000000
813985411504086,0,"cpufreq",1344000.000000
813985411505857,1,"cpufreq",1344000.000000
813985411750232,0,"cpufreq",787200.000000
813985411752627,1,"cpufreq",787200.000000
813985413058721,0,"cpufreq",902400.000000
813985413061117,1,"cpufreq",902400.000000
813985413237575,0,"cpufreq",1017600.000000
813985413240700,1,"cpufreq",1017600.000000
813985413788565,0,"cpufreq",902400.000000
813985413790023,1,"cpufreq",902400.000000
813985414153929,0,"cpufreq",1017600.000000
813985414157419,1,"cpufreq",1017600.000000
813985419954294,0,"cpufreq",672000.000000
813985419957784,1,"cpufreq",672000.000000
813985500123044,5,"cpufreq",614400.000000
813985500124919,6,"cpufreq",614400.000000
813985500565336,5,"cpufreq",844800.000000
813985500566846,6,"cpufreq",844800.000000
813985502452784,5,"cpufreq",499200.000000
813985502457159,6,"cpufreq",499200.000000
813985523851690,0,"cpufreq",787200.000000
813985523853565,1,"cpufreq",787200.000000
813985523912159,2,"cpufreq",844800.000000
813985523913461,3,"cpufreq",844800.000000
813985523914607,4,"cpufreq",844800.000000
813985523927992,7,"cpufreq",902400.000000
813985541494554,0,"cpufreq",672000.000000
813985541496586,1,"cpufreq",672000.000000
813985541520284,2,"cpufreq",614400.000000
813985541521794,3,"cpufreq",614400.000000
813985541523096,4,"cpufreq",614400.000000
813985541547054,7,"cpufreq",672000.000000
813985606343929,0,"cpufreq",787200.000000
813985606346690,1,"cpufreq",787200.000000
813985608256638,0,"cpufreq",672000.000000
813985608260544,1,"cpufreq",672000.000000
813985608752106,0,"cpufreq",902400.000000
813985608754034,1,"cpufreq",902400.000000
813985609208565,0,"cpufreq",672000.000000
813985609210284,1,"cpufreq",672000.000000
813985611744554,0,"cpufreq",787200.000000
813985611748825,1,"cpufreq",787200.000000
813985620951690,0,"cpufreq",672000.000000
813985620954502,1,"cpufreq",672000.000000
813985808380440,0,"cpufreq",787200.000000
813985808385388,1,"cpufreq",787200.000000
813985809295075,0,"cpufreq",672000.000000
813985809297419,1,"cpufreq",672000.000000
813985852184033,5,"cpufreq",614400.000000
813985852186950,6,"cpufreq",614400.000000
813985852507471,0,"cpufreq",787200.000000
813985852510023,1,"cpufreq",787200.000000
813985852521325,5,"cpufreq",499200.000000
813985852523617,6,"cpufreq",499200.000000
813985856634138,0,"cpufreq",672000.000000
813985856636117,1,"cpufreq",672000.000000
813985856646481,5,"cpufreq",614400.000000
813985856648096,6,"cpufreq",614400.000000
813985859536065,0,"cpufreq",787200.000000
813985859539867,1,"cpufreq",787200.000000
813985867904971,0,"cpufreq",1344000.000000
813985867906638,1,"cpufreq",1344000.000000
813985867922367,5,"cpufreq",499200.000000
813985867923461,6,"cpufreq",499200.000000
813985876271794,0,"cpufreq",902400.000000
813985876274919,1,"cpufreq",902400.000000
813985883581690,0,"cpufreq",787200.000000
813985883584502,1,"cpufreq",787200.000000
813985885184190,0,"cpufreq",1132800.000000
813985885186429,1,"cpufreq",1132800.000000
813985889440596,0,"cpufreq",1344000.000000
813985889443252,1,"cpufreq",1344000.000000
813985891813929,0,"cpufreq",902400.000000
813985891815440,1,"cpufreq",902400.000000
813985893394815,0,"cpufreq",672000.000000
813985893396013,1,"cpufreq",672000.000000
813985904303721,0,"cpufreq",1017600.000000
813985904307679,1,"cpufreq",1017600.000000
813985904614554,0,"cpufreq",672000.000000
813985904616586,1,"cpufreq",672000.000000
813985904624190,5,"cpufreq",614400.000000
813985904626325,6,"cpufreq",614400.000000
813985904787002,0,"cpufreq",787200.000000
813985904788773,1,"cpufreq",787200.000000
813985904800492,5,"cpufreq",499200.000000
813985904801742,6,"cpufreq",499200.000000
813985905122836,0,"cpufreq",672000.000000
813985905125179,1,"cpufreq",672000.000000
813985907539867,0,"cpufreq",787200.000000
813985907542367,1,"cpufreq",787200.000000
813985907765908,0,"cpufreq",672000.000000
813985907768044,1,"cpufreq",672000.000000
813985914674658,0,"cpufreq",902400.000000
813985914677263,1,"cpufreq",902400.000000
813985915502419,0,"cpufreq",1344000.000000
813985915505804,1,"cpufreq",1344000.000000
813985920791221,0,"cpufreq",1132800.000000
813985920793148,1,"cpufreq",1132800.000000
813985920919919,0,"cpufreq",1344000.000000
813985920922679,1,"cpufreq",1344000.000000
813985921575804,0,"cpufreq",672000.000000
813985921577263,1,"cpufreq",672000.000000
813985921587367,5,"cpufreq",729600.000000
813985921588565,6,"cpufreq",729600.000000
813985922209606,0,"cpufreq",787200.000000
813985922211221,1,"cpufreq",787200.000000
813985922528617,0,"cpufreq",1017600.000000
813985922531846,1,"cpufreq",1017600.000000
813985922759398,0,"cpufreq",787200.000000
813985922762367,1,"cpufreq",787200.000000
813985922772836,5,"cpufreq",844800.000000
813985922775440,6,"cpufreq",844800.000000
813985923170336,5,"cpufreq",729600.000000
813985923173877,6,"cpufreq",729600.000000
813985923507106,0,"cpufreq",1344000.000000
813985923508356,1,"cpufreq",1344000.000000
813985923517575,5,"cpufreq",499200.000000
813985923518617,6,"cpufreq",499200.000000
813985923556846,0,"cpufreq",1248000.000000
813985923557888,1,"cpufreq",1248000.000000
813985924287315,0,"cpufreq",1132800.000000
813985924289763,1,"cpufreq",1132800.000000
813985924301481,5,"cpufreq",614400.000000
813985924304190,6,"cpufreq",614400.000000
813985925747731,0,"cpufreq",1248000.000000
813985925750127,1,"cpufreq",1248000.000000
813985925759606,5,"cpufreq",499200.000000
813985925762315,6,"cpufreq",499200.000000
813985926530908,5,"cpufreq",614400.000000
813985926532471,6,"cpufreq",614400.000000
813985926949502,0,"cpufreq",1574400.000000
813985926952054,1,"cpufreq",1574400.000000
813985926961846,5,"cpufreq",499200.000000
813985926964033,6,"cpufreq",499200.000000
813985928070023,0,"cpufreq",1459200.000000
813985928071533,1,"cpufreq",1459200.000000
813985932191898,0,"cpufreq",1344000.000000
813985932194138,1,"cpufreq",1344000.000000
813985939447783,0,"cpufreq",787200.000000
813985939449763,1,"cpufreq",787200.000000
813985939667731,0,"cpufreq",672000.000000
813985939669919,1,"cpufreq",672000.000000
813985942201117,5,"cpufreq",614400.000000
813985942203044,6,"cpufreq",614400.000000
813985942481429,5,"cpufreq",844800.000000
813985942482888,6,"cpufreq",844800.000000
813985943656846,5,"cpufreq",499200.000000
813985943658513,6,"cpufreq",499200.000000
813985945850648,2,"cpufreq",2707200.000000
813985945852992,3,"cpufreq",2707200.000000
813985945854242,4,"cpufreq",2707200.000000
813985946301690,5,"cpufreq",1190400.000000
813985946303513,6,"cpufreq",1190400.000000
813985946357106,2,"cpufreq",614400.000000
813985946358565,3,"cpufreq",614400.000000
813985946359450,4,"cpufreq",614400.000000
813985946745544,0,"cpufreq",1804800.000000
813985946749606,1,"cpufreq",1804800.000000
813985946816950,5,"cpufreq",499200.000000
813985946820648,6,"cpufreq",499200.000000
813985947436586,0,"cpufreq",787200.000000
813985947437940,1,"cpufreq",787200.000000
813985947450856,5,"cpufreq",729600.000000
813985947452054,6,"cpufreq",729600.000000
813985952504190,0,"cpufreq",902400.000000
813985952507679,1,"cpufreq",902400.000000
813985952522367,5,"cpufreq",960000.000000
813985952525700,6,"cpufreq",960000.000000
813985952703929,0,"cpufreq",787200.000000
813985952704763,1,"cpufreq",787200.000000
813985952892888,0,"cpufreq",902400.000000
813985952893825,1,"cpufreq",902400.000000
813985952901325,5,"cpufreq",729600.000000
813985952902054,6,"cpufreq",729600.000000
813985954738773,0,"cpufreq",1132800.000000
813985954741742,1,"cpufreq",1132800.000000
813985954755023,5,"cpufreq",499200.000000
813985954758044,6,"cpufreq",499200.000000
813985955351638,0,"cpufreq",1344000.000000
813985955353513,1,"cpufreq",1344000.000000
813985955493200,0,"cpufreq",672000.000000
813985955495700,1,"cpufreq",672000.000000
813985955509711,5,"cpufreq",844800.000000
813985955511898,6,"cpufreq",844800.000000
813985964166377,5,"cpufreq",1190400.000000
813985964167940,6,"cpufreq",1190400.000000
813985964771429,5,"cpufreq",1075200.000000
813985964775336,6,"cpufreq",1075200.000000
813985971940075,2,"cpufreq",2707200.000000
813985971943773,3,"cpufreq",2707200.000000
813985971947367,4,"cpufreq",2707200.000000
813985971960804,5,"cpufreq",614400.000000
813985971964711,6,"cpufreq",614400.000000
813985979664919,2,"cpufreq",614400.000000
813985979668929,3,"cpufreq",614400.000000
813985979672523,4,"cpufreq",614400.000000
813985979685752,5,"cpufreq",499200.000000
813985979689294,6,"cpufreq",499200.000000
813985987452523,0,"cpufreq",787200.000000
813985987456950,1,"cpufreq",787200.000000
813985988003929,0,"cpufreq",672000.000000
813985988006638,1,"cpufreq",672000.000000
813985993717627,0,"cpufreq",902400.000000
813985993719919,1,"cpufreq",902400.000000
813985993731638,5,"cpufreq",729600.000000
813985993733096,6,"cpufreq",729600.000000
813985993780856,0,"cpufreq",1248000.000000
813985993782731,1,"cpufreq",1248000.000000
813985994002783,5,"cpufreq",844800.000000
813985994005492,6,"cpufreq",844800.000000
813985994205440,0,"cpufreq",1804800.000000
813985994206533,1,"cpufreq",1804800.000000
813985994910752,5,"cpufreq",1190400.000000
813985994911742,6,"cpufreq",1190400.000000
813985995456846,0,"cpufreq",1689600.000000
813985995458461,1,"cpufreq",1689600.000000
813985995469919,5,"cpufreq",1075200.000000
813985995471481,6,"cpufreq",1075200.000000
813985995654242,0,"cpufreq",1804800.000000
813985995655752,1,"cpufreq",1804800.000000
813985996224294,0,"cpufreq",1689600.000000
813985996225752,1,"cpufreq",1689600.000000
813985996231742,5,"cpufreq",1190400.000000
813985996233408,6,"cpufreq",1190400.000000
813985996804606,0,"cpufreq",1344000.000000
813985996805752,1,"cpufreq",1344000.000000
813985996812002,5,"cpufreq",614400.000000
813985996813148,6,"cpufreq",614400.000000
813985997009346,5,"cpufreq",499200.000000
813985997011065,6,"cpufreq",499200.000000
813986003564711,0,"cpufreq",1459200.000000
813986003566481,1,"cpufreq",1459200.000000
813986003576846,5,"cpufreq",614400.000000
813986003578200,6,"cpufreq",614400.000000
813986003863565,0,"cpufreq",1574400.000000
813986003865388,1,"cpufreq",1574400.000000
813986004103148,0,"cpufreq",1459200.000000
813986004105023,1,"cpufreq",1459200.000000
813986012170596,0,"cpufreq",1017600.000000
813986012172835,1,"cpufreq",1017600.000000
813986012190648,5,"cpufreq",499200.000000
813986012193408,6,"cpufreq",499200.000000
813986019693877,0,"cpufreq",672000.000000
813986019696429,1,"cpufreq",672000.000000
813986068177888,5,"cpufreq",729600.000000
813986068179971,6,"cpufreq",729600.000000
813986070040596,5,"cpufreq",614400.000000
813986070043825,6,"cpufreq",614400.000000
813986076189398,5,"cpufreq",499200.000000
813986076191169,6,"cpufreq",499200.000000
813986092333408,0,"cpufreq",1344000.000000
813986092336585,1,"cpufreq",1344000.000000
813986093908929,0,"cpufreq",672000.000000
813986093911429,1,"cpufreq",672000.000000
813986094197471,0,"cpufreq",787200.000000
813986094200179,1,"cpufreq",787200.000000
813986095553565,0,"cpufreq",672000.000000
813986095557263,1,"cpufreq",672000.000000
813986096001013,0,"cpufreq",1017600.000000
813986096005388,1,"cpufreq",1017600.000000
813986096901221,0,"cpufreq",787200.000000
813986096902992,1,"cpufreq",787200.000000
813986096913513,5,"cpufreq",614400.000000
813986096915179,6,"cpufreq",614400.000000
813986097418096,0,"cpufreq",672000.000000
813986097419554,1,"cpufreq",672000.000000
813986097427940,5,"cpufreq",499200.000000
813986097429242,6,"cpufreq",499200.000000
813986098355752,0,"cpufreq",787200.000000
813986098358669,1,"cpufreq",787200.000000
813986098995440,0,"cpufreq",1132800.000000
813986098997783,1,"cpufreq",1132800.000000
813986099009085,5,"cpufreq",729600.000000
813986099011585,6,"cpufreq",729600.000000
813986099431794,0,"cpufreq",1344000.000000
813986099434502,1,"cpufreq",1344000.000000
813986099449763,5,"cpufreq",844800.000000
813986099452263,6,"cpufreq",844800.000000
813986099651221,0,"cpufreq",1132800.000000
813986099652731,1,"cpufreq",1132800.000000
813986099659606,5,"cpufreq",614400.000000
813986099660492,6,"cpufreq",614400.000000
813986099746221,0,"cpufreq",1248000.000000
813986099748669,1,"cpufreq",1248000.000000
813986100301533,0,"cpufreq",1344000.000000
813986100303096,1,"cpufreq",1344000.000000
813986100464971,0,"cpufreq",1248000.000000
813986100466169,1,"cpufreq",1248000.000000
813986100791794,0,"cpufreq",1804800.000000
813986100794346,1,"cpufreq",1804800.000000
813986100845804,5,"cpufreq",729600.000000
813986100847315,6,"cpufreq",729600.000000
813986101211533,0,"cpufreq",1248000.000000
813986101212731,1,"cpufreq",1248000.000000
813986101220335,5,"cpufreq",499200.000000
813986101221325,6,"cpufreq",499200.000000
813986103629658,0,"cpufreq",1344000.000000
813986103630908,1,"cpufreq",1344000.000000
813986104369085,0,"cpufreq",1248000.000000
813986104370492,1,"cpufreq",1248000.000000
813986104377210,5,"cpufreq",614400.000000
813986104378565,6,"cpufreq",614400.000000
813986104574658,5,"cpufreq",499200.000000
813986104576065,6,"cpufreq",499200.000000
813986105152679,0,"cpufreq",1344000.000000
813986105154190,1,"cpufreq",1344000.000000
813986106804658,0,"cpufreq",1248000.000000
813986106805752,1,"cpufreq",1248000.000000
813986106813200,5,"cpufreq",614400.000000
813986106814346,6,"cpufreq",614400.000000
813986107596742,0,"cpufreq",787200.000000
813986107598148,1,"cpufreq",787200.000000
813986107611169,5,"cpufreq",1075200.000000
813986107612106,6,"cpufreq",1075200.000000
813986108326169,0,"cpufreq",902400.000000
813986108329606,1,"cpufreq",902400.000000
813986115823981,0,"cpufreq",672000.000000
813986115826794,1,"cpufreq",672000.000000
813986115852158,5,"cpufreq",499200.000000
813986115856117,6,"cpufreq",499200.000000
813986129530544,0,"cpufreq",787200.000000
813986129533044,1,"cpufreq",787200.000000
813986130232679,2,"cpufreq",1920000.000000
813986130234554,3,"cpufreq",1920000.000000
813986130235908,4,"cpufreq",1920000.000000
813986130312783,0,"cpufreq",1132800.000000
813986130314346,1,"cpufreq",1132800.000000
813986130526585,0,"cpufreq",1248000.000000
813986130528096,1,"cpufreq",1248000.000000
813986130602419,5,"cpufreq",844800.000000
813986130604085,6,"cpufreq",844800.000000
813986130844710,0,"cpufreq",1132800.000000
813986130845908,1,"cpufreq",1132800.000000
813986130851325,5,"cpufreq",1075200.000000
813986130852471,6,"cpufreq",1075200.000000
813986131237106,0,"cpufreq",1344000.000000
813986131238877,1,"cpufreq",1344000.000000
813986131246533,5,"cpufreq",499200.000000
813986131248096,6,"cpufreq",499200.000000
813986131283669,5,"cpufreq",960000.000000
813986131285908,6,"cpufreq",960000.000000
813986131368721,2,"cpufreq",614400.000000
813986131369919,3,"cpufreq",614400.000000
813986131371065,4,"cpufreq",614400.000000
813986131514294,5,"cpufreq",499200.000000
813986131516013,6,"cpufreq",499200.000000
813986131948929,0,"cpufreq",1574400.000000
813986131950856,1,"cpufreq",1574400.000000
813986132603513,0,"cpufreq",1017600.000000
813986132605127,1,"cpufreq",1017600.000000
813986132614346,5,"cpufreq",614400.000000
813986132615492,6,"cpufreq",614400.000000
813986132813773,0,"cpufreq",1344000.000000
813986132815127,1,"cpufreq",1344000.000000
813986132821325,5,"cpufreq",499200.000000
813986132822367,6,"cpufreq",499200.000000
813986139851898,0,"cpufreq",1804800.000000
813986139853304,1,"cpufreq",1804800.000000
813986144354138,0,"cpufreq",1689600.000000
813986144355700,1,"cpufreq",1689600.000000
813986148157367,0,"cpufreq",1017600.000000
813986148159190,1,"cpufreq",1017600.000000
813986149043096,7,"cpufreq",2246400.000000
813986155562679,0,"cpufreq",672000.000000
813986155565283,1,"cpufreq",672000.000000
813986155618304,7,"cpufreq",672000.000000
813986173504815,0,"cpufreq",787200.000000
813986173507627,1,"cpufreq",787200.000000
813986173807002,0,"cpufreq",672000.000000
813986173809138,1,"cpufreq",672000.000000
813986313232575,2,"cpufreq",960000.000000
813986313234033,3,"cpufreq",960000.000000
813986313235023,4,"cpufreq",960000.000000
813986313721169,0,"cpufreq",787200.000000
813986313724919,1,"cpufreq",787200.000000
813986315529137,2,"cpufreq",614400.000000
813986315531898,3,"cpufreq",614400.000000
813986315533877,4,"cpufreq",614400.000000
813986324406065,0,"cpufreq",672000.000000
813986324408356,1,"cpufreq",672000.000000
813986408199085,0,"cpufreq",902400.000000
813986408202210,1,"cpufreq",902400.000000
813986415384085,0,"cpufreq",672000.000000
813986415387783,1,"cpufreq",672000.000000
813986423077992,0,"cpufreq",1248000.000000
813986423080908,1,"cpufreq",1248000.000000
813986428139450,0,"cpufreq",672000.000000
813986428142315,1,"cpufreq",672000.000000
813986455254814,0,"cpufreq",787200.000000
813986455259033,1,"cpufreq",787200.000000
813986458978460,0,"cpufreq",672000.000000
813986458980908,1,"cpufreq",672000.000000
813986561945023,5,"cpufreq",614400.000000
813986561947054,6,"cpufreq",614400.000000
813986563505856,5,"cpufreq",499200.000000
813986563510492,6,"cpufreq",499200.000000
813986572228252,5,"cpufreq",614400.000000
813986572232471,6,"cpufreq",614400.000000
813986579678617,5,"cpufreq",499200.000000
813986579682731,6,"cpufreq",499200.000000
813986616183825,0,"cpufreq",787200.000000
813986616185908,1,"cpufreq",787200.000000
813986620170179,0,"cpufreq",672000.000000
813986620171637,1,"cpufreq",672000.000000
813986829720231,0,"cpufreq",902400.000000
813986829723929,1,"cpufreq",902400.000000
813986835561846,0,"cpufreq",1132800.000000
813986835564033,1,"cpufreq",1132800.000000
813986836590439,0,"cpufreq",902400.000000
813986836592419,1,"cpufreq",902400.000000
813986841007002,5,"cpufreq",1190400.000000
813986841008512,6,"cpufreq",1190400.000000
813986841346169,2,"cpufreq",960000.000000
813986841347262,3,"cpufreq",960000.000000
813986841347991,4,"cpufreq",960000.000000
813986841415908,2,"cpufreq",1708800.000000
813986841418252,3,"cpufreq",1708800.000000
813986841420023,4,"cpufreq",1708800.000000
813986842680179,2,"cpufreq",960000.000000
813986842680908,3,"cpufreq",960000.000000
813986842681429,4,"cpufreq",960000.000000
813986843075596,2,"cpufreq",614400.000000
813986843076898,3,"cpufreq",614400.000000
813986843077731,4,"cpufreq",614400.000000
813986843084189,5,"cpufreq",1075200.000000
813986843084971,6,"cpufreq",1075200.000000
813986843454189,0,"cpufreq",1459200.000000
813986843457835,1,"cpufreq",1459200.000000
813986843676846,0,"cpufreq",1344000.000000
813986843677575,1,"cpufreq",1344000.000000
813986844033564,5,"cpufreq",960000.000000
813986844035179,6,"cpufreq",960000.000000
813986844101898,5,"cpufreq",1075200.000000
813986844102939,6,"cpufreq",1075200.000000
813986844241898,0,"cpufreq",1248000.000000
813986844244033,1,"cpufreq",1248000.000000
813986844251898,5,"cpufreq",960000.000000
813986844254085,6,"cpufreq",960000.000000
813986844806012,0,"cpufreq",1804800.000000
813986844808304,1,"cpufreq",1804800.000000
813986845022210,0,"cpufreq",1459200.000000
813986845023460,1,"cpufreq",1459200.000000
813986845310283,0,"cpufreq",1344000.000000
813986845311637,1,"cpufreq",1344000.000000
813986852034398,0,"cpufreq",1248000.000000
813986852036950,1,"cpufreq",1248000.000000
813986860181689,0,"cpufreq",672000.000000
813986860183304,1,"cpufreq",672000.000000
813986860199814,5,"cpufreq",499200.000000
813986860200908,6,"cpufreq",499200.000000
813986916223721,0,"cpufreq",787200.000000
813986916227523,1,"cpufreq",787200.000000
813986916878929,0,"cpufreq",672000.000000
813986916882627,1,"cpufreq",672000.000000
813986930803564,0,"cpufreq",1804800.000000
813986930805335,1,"cpufreq",1804800.000000
813986932241064,0,"cpufreq",672000.000000
813986932243877,1,"cpufreq",672000.000000
813986939714814,0,"cpufreq",787200.000000
813986939719346,1,"cpufreq",787200.000000
813986948205908,0,"cpufreq",672000.000000
813986948210231,1,"cpufreq",672000.000000
813987324226012,0,"cpufreq",1344000.000000
813987324231064,1,"cpufreq",1344000.000000
813987324436481,0,"cpufreq",902400.000000
813987324437731,1,"cpufreq",902400.000000
813987332177835,0,"cpufreq",1689600.000000
813987332179814,1,"cpufreq",1689600.000000
813987340136845,0,"cpufreq",1804800.000000
813987340138043,1,"cpufreq",1804800.000000
813987348233981,0,"cpufreq",672000.000000
813987348235543,1,"cpufreq",672000.000000
813987348245543,2,"cpufreq",1286400.000000
813987348247210,3,"cpufreq",1286400.000000
813987348248512,4,"cpufreq",1286400.000000
813987356189606,2,"cpufreq",1401600.000000
813987356193564,3,"cpufreq",1401600.000000
813987356197054,4,"cpufreq",1401600.000000
813987373403772,2,"cpufreq",614400.000000
813987373407939,3,"cpufreq",614400.000000
813987373411377,4,"cpufreq",614400.000000
813987429964033,5,"cpufreq",614400.000000
813987429966793,6,"cpufreq",614400.000000
813987430178304,5,"cpufreq",1190400.000000
813987430179345,6,"cpufreq",1190400.000000
813987432644189,5,"cpufreq",499200.000000
813987432648564,6,"cpufreq",499200.000000
813987433183460,5,"cpufreq",729600.000000
813987433186220,6,"cpufreq",729600.000000
813987433713252,5,"cpufreq",614400.000000
813987433714450,6,"cpufreq",614400.000000
813987434529866,5,"cpufreq",499200.000000
813987434532991,6,"cpufreq",499200.000000
813987435491950,5,"cpufreq",729600.000000
813987435494241,6,"cpufreq",729600.000000
813987436125960,0,"cpufreq",787200.000000
813987436127418,1,"cpufreq",787200.000000
813987436629918,0,"cpufreq",672000.000000
813987436631272,1,"cpufreq",672000.000000
813987444213668,5,"cpufreq",499200.000000
813987444218147,6,"cpufreq",499200.000000
813987464908825,0,"cpufreq",1017600.000000
813987464913147,1,"cpufreq",1017600.000000
813987465027054,5,"cpufreq",960000.000000
813987465032783,6,"cpufreq",960000.000000
813987465296689,5,"cpufreq",499200.000000
813987465299345,6,"cpufreq",499200.000000
813987467494918,0,"cpufreq",902400.000000
813987467497835,1,"cpufreq",902400.000000
813987467991533,0,"cpufreq",672000.000000
813987467993929,1,"cpufreq",672000.000000
813987606614449,0,"cpufreq",902400.000000
813987606617574,1,"cpufreq",902400.000000
813987607362679,0,"cpufreq",672000.000000
813987607364658,1,"cpufreq",672000.000000
813987611590647,0,"cpufreq",787200.000000
813987611593356,1,"cpufreq",787200.000000
813987613438981,0,"cpufreq",672000.000000
813987613440699,1,"cpufreq",672000.000000
813987613724137,0,"cpufreq",787200.000000
813987613725595,1,"cpufreq",787200.000000
813987614256168,0,"cpufreq",902400.000000
813987614259658,1,"cpufreq",902400.000000
813987614377158,0,"cpufreq",787200.000000
813987614378877,1,"cpufreq",787200.000000
813987615490595,0,"cpufreq",902400.000000
813987615493095,1,"cpufreq",902400.000000
813987629181637,0,"cpufreq",672000.000000
813987629184762,1,"cpufreq",672000.000000
813987810751116,0,"cpufreq",787200.000000
813987810752783,1,"cpufreq",787200.000000
813987810888147,0,"cpufreq",1132800.000000
813987810890908,1,"cpufreq",1132800.000000
813987811106741,0,"cpufreq",1017600.000000
813987811109293,1,"cpufreq",1017600.000000
813987811880856,0,"cpufreq",672000.000000
813987811882470,1,"cpufreq",672000.000000
813987816624449,0,"cpufreq",1132800.000000
813987816628564,1,"cpufreq",1132800.000000
813987816927210,0,"cpufreq",672000.000000
813987816929606,1,"cpufreq",672000.000000
813987820255856,2,"cpufreq",1075200.000000
813987820258147,3,"cpufreq",1075200.000000
813987820259918,4,"cpufreq",1075200.000000
813987821886897,2,"cpufreq",1286400.000000
813987821887731,3,"cpufreq",1286400.000000
813987821888356,4,"cpufreq",1286400.000000
813987827670126,2,"cpufreq",614400.000000
813987827672991,3,"cpufreq",614400.000000
813987827675335,4,"cpufreq",614400.000000
813987845330074,0,"cpufreq",1132800.000000
813987845335022,1,"cpufreq",1132800.000000
813987852181845,0,"cpufreq",1344000.000000
813987852184606,1,"cpufreq",1344000.000000
813987860200283,0,"cpufreq",1132800.000000
813987860201793,1,"cpufreq",1132800.000000
813987867501481,0,"cpufreq",672000.000000
813987867503147,1,"cpufreq",672000.000000
813987943633043,0,"cpufreq",1344000.000000
813987943637626,1,"cpufreq",1344000.000000
813987943841064,0,"cpufreq",902400.000000
813987943842470,1,"cpufreq",902400.000000
813987948237054,0,"cpufreq",672000.000000
813987948239293,1,"cpufreq",672000.000000
813987952293356,0,"cpufreq",787200.000000
813987952297939,1,"cpufreq",787200.000000
813987954668095,0,"cpufreq",902400.000000
813987954670543,1,"cpufreq",902400.000000
813987956197939,0,"cpufreq",672000.000000
813987956201168,1,"cpufreq",672000.000000
813988009180231,0,"cpufreq",902400.000000
813988009183408,1,"cpufreq",902400.000000
813988009547158,0,"cpufreq",672000.000000
813988009549553,1,"cpufreq",672000.000000
813988011161585,0,"cpufreq",787200.000000
813988011164918,1,"cpufreq",787200.000000
813988011368408,0,"cpufreq",672000.000000
813988011370595,1,"cpufreq",672000.000000
813988137566376,0,"cpufreq",787200.000000
813988137571116,1,"cpufreq",787200.000000
813988138382106,0,"cpufreq",1017600.000000
813988138384501,1,"cpufreq",1017600.000000
813988138616689,0,"cpufreq",902400.000000
813988138619033,1,"cpufreq",902400.000000
813988138734762,0,"cpufreq",1459200.000000
813988138737731,1,"cpufreq",1459200.000000
813988139029606,0,"cpufreq",902400.000000
813988139031949,1,"cpufreq",902400.000000
813988139081897,0,"cpufreq",1459200.000000
813988139088928,1,"cpufreq",1459200.000000
813988139179189,0,"cpufreq",902400.000000
813988139181220,1,"cpufreq",902400.000000
813988139361897,0,"cpufreq",672000.000000
813988139363616,1,"cpufreq",672000.000000
813988139865699,5,"cpufreq",614400.000000
813988139867262,6,"cpufreq",614400.000000
813988140600126,5,"cpufreq",844800.000000
813988140601689,6,"cpufreq",844800.000000
813988140785178,5,"cpufreq",1075200.000000
813988140786220,6,"cpufreq",1075200.000000
813988140956481,5,"cpufreq",499200.000000
813988140961533,6,"cpufreq",499200.000000
813988142224033,0,"cpufreq",787200.000000
813988142228043,1,"cpufreq",787200.000000
813988142363460,0,"cpufreq",672000.000000
813988142365074,1,"cpufreq",672000.000000
813988211546793,0,"cpufreq",1344000.000000
813988211550074,1,"cpufreq",1344000.000000
813988220625335,0,"cpufreq",672000.000000
813988220627574,1,"cpufreq",672000.000000
813988439196220,0,"cpufreq",902400.000000
813988439203512,1,"cpufreq",902400.000000
813988444280282,0,"cpufreq",787200.000000
813988444282574,1,"cpufreq",787200.000000
813988446901272,0,"cpufreq",672000.000000
813988446903616,1,"cpufreq",672000.000000
813988508234397,0,"cpufreq",787200.000000
813988508238564,1,"cpufreq",787200.000000
813988517636689,0,"cpufreq",672000.000000
813988517639241,1,"cpufreq",672000.000000
813988606420282,0,"cpufreq",787200.000000
813988606423512,1,"cpufreq",787200.000000
813988607617470,0,"cpufreq",672000.000000
813988607619657,1,"cpufreq",672000.000000
813988611470699,0,"cpufreq",1344000.000000
813988611472314,1,"cpufreq",1344000.000000
813988612274866,0,"cpufreq",787200.000000
813988612277314,1,"cpufreq",787200.000000
813988619963512,0,"cpufreq",672000.000000
813988619965282,1,"cpufreq",672000.000000
813988756983824,2,"cpufreq",1401600.000000
813988756985751,3,"cpufreq",1401600.000000
813988756986897,4,"cpufreq",1401600.000000
813988764231272,2,"cpufreq",614400.000000
813988764235907,3,"cpufreq",614400.000000
813988764244449,4,"cpufreq",614400.000000
813988768183147,0,"cpufreq",787200.000000
813988768187262,1,"cpufreq",787200.000000
813988768415178,0,"cpufreq",902400.000000
813988768419032,1,"cpufreq",902400.000000
813988769840855,0,"cpufreq",672000.000000
813988769843095,1,"cpufreq",672000.000000
813988771573564,0,"cpufreq",787200.000000
813988771577991,1,"cpufreq",787200.000000
813988779658251,0,"cpufreq",672000.000000
813988779660178,1,"cpufreq",672000.000000
813988779681637,5,"cpufreq",844800.000000
813988779683043,6,"cpufreq",844800.000000
813988784338199,5,"cpufreq",614400.000000
813988784342522,6,"cpufreq",614400.000000
813988787531116,5,"cpufreq",499200.000000
813988787533407,6,"cpufreq",499200.000000
813988798478199,0,"cpufreq",787200.000000
813988798482105,1,"cpufreq",787200.000000
813988804218564,0,"cpufreq",672000.000000
813988804222105,1,"cpufreq",672000.000000
813988806517782,0,"cpufreq",902400.000000
813988806522157,1,"cpufreq",902400.000000
813988807081741,0,"cpufreq",672000.000000
813988807084814,1,"cpufreq",672000.000000
813988811464814,0,"cpufreq",1344000.000000
813988811467782,1,"cpufreq",1344000.000000
813988820224084,0,"cpufreq",672000.000000
813988820226272,1,"cpufreq",672000.000000
813988867499553,0,"cpufreq",787200.000000
813988867504970,1,"cpufreq",787200.000000
813988875374970,0,"cpufreq",672000.000000
813988875377314,1,"cpufreq",672000.000000
813988879630647,0,"cpufreq",787200.000000
813988879633824,1,"cpufreq",787200.000000
813988880510907,0,"cpufreq",672000.000000
813988880512574,1,"cpufreq",672000.000000
813988890859136,0,"cpufreq",1017600.000000
813988890861741,1,"cpufreq",1017600.000000
813988891416428,0,"cpufreq",672000.000000
813988891419553,1,"cpufreq",672000.000000
813988897097105,0,"cpufreq",787200.000000
813988897101272,1,"cpufreq",787200.000000
813988899756428,0,"cpufreq",1132800.000000
813988899758772,1,"cpufreq",1132800.000000
813988900198251,0,"cpufreq",1344000.000000
813988900199918,1,"cpufreq",1344000.000000
813988900384709,0,"cpufreq",672000.000000
813988900387418,1,"cpufreq",672000.000000
813988903795803,5,"cpufreq",614400.000000
813988903798147,6,"cpufreq",614400.000000
813988907445751,0,"cpufreq",1344000.000000
813988907448407,1,"cpufreq",1344000.000000
813988907472574,5,"cpufreq",499200.000000
813988907475386,6,"cpufreq",499200.000000
813988908382366,0,"cpufreq",902400.000000
813988908383824,1,"cpufreq",902400.000000
813988908498459,0,"cpufreq",1344000.000000
813988908500386,1,"cpufreq",1344000.000000
813988916216168,0,"cpufreq",1459200.000000
813988916218668,1,"cpufreq",1459200.000000
813988924165022,0,"cpufreq",672000.000000
813988924167209,1,"cpufreq",672000.000000
813989103273251,0,"cpufreq",902400.000000
813989103277313,1,"cpufreq",902400.000000
813989103348407,0,"cpufreq",1017600.000000
813989103350543,1,"cpufreq",1017600.000000
813989103917418,0,"cpufreq",672000.000000
813989103919761,1,"cpufreq",672000.000000
813989105795022,0,"cpufreq",787200.000000
813989105797366,1,"cpufreq",787200.000000
813989107041220,0,"cpufreq",902400.000000
813989107043563,1,"cpufreq",902400.000000
813989107483407,0,"cpufreq",1344000.000000
813989107485855,1,"cpufreq",1344000.000000
813989113202261,0,"cpufreq",1132800.000000
813989113204449,1,"cpufreq",1132800.000000
813989116043772,0,"cpufreq",1459200.000000
813989116045543,1,"cpufreq",1459200.000000
813989124186168,0,"cpufreq",787200.000000
813989124188199,1,"cpufreq",787200.000000
813989132271845,0,"cpufreq",672000.000000
813989132276168,1,"cpufreq",672000.000000
813989504892834,0,"cpufreq",787200.000000
813989504897365,1,"cpufreq",787200.000000
813989515836792,0,"cpufreq",672000.000000
813989515840074,1,"cpufreq",672000.000000
813989605424292,0,"cpufreq",1017600.000000
813989605428772,1,"cpufreq",1017600.000000
813989605631428,0,"cpufreq",902400.000000
813989605633720,1,"cpufreq",902400.000000
813989605950542,0,"cpufreq",672000.000000
813989605952626,1,"cpufreq",672000.000000
813989606034709,0,"cpufreq",787200.000000
813989606043147,1,"cpufreq",787200.000000
813989606564188,0,"cpufreq",902400.000000
813989606566324,1,"cpufreq",902400.000000
813989606993876,0,"cpufreq",1017600.000000
813989606995959,1,"cpufreq",1017600.000000
813989607399084,0,"cpufreq",672000.000000
813989607400490,1,"cpufreq",672000.000000
813989608734240,0,"cpufreq",787200.000000
813989608735907,1,"cpufreq",787200.000000
813989608859865,0,"cpufreq",672000.000000
813989608862313,1,"cpufreq",672000.000000
813989609862157,0,"cpufreq",902400.000000
813989609864136,1,"cpufreq",902400.000000
813989610327730,0,"cpufreq",672000.000000
813989610332574,1,"cpufreq",672000.000000
813989611460907,0,"cpufreq",1344000.000000
813989611462470,1,"cpufreq",1344000.000000
813989611477522,5,"cpufreq",614400.000000
813989611478824,6,"cpufreq",614400.000000
813989613145074,0,"cpufreq",1017600.000000
813989613147313,1,"cpufreq",1017600.000000
813989613416428,0,"cpufreq",1344000.000000
813989613418251,1,"cpufreq",1344000.000000
813989620189657,0,"cpufreq",1017600.000000
813989620191011,1,"cpufreq",1017600.000000
813989620212522,5,"cpufreq",499200.000000
813989620213928,6,"cpufreq",499200.000000
813989627431011,0,"cpufreq",672000.000000
813989627434605,1,"cpufreq",672000.000000
813989806658511,0,"cpufreq",902400.000000
813989806662522,1,"cpufreq",902400.000000
813989808562782,2,"cpufreq",2707200.000000
813989808566272,3,"cpufreq",2707200.000000
813989808568824,4,"cpufreq",2707200.000000
813989811532105,2,"cpufreq",614400.000000
813989811534397,3,"cpufreq",614400.000000
813989811535803,4,"cpufreq",614400.000000
813989820177365,0,"cpufreq",1344000.000000
813989820179240,1,"cpufreq",1344000.000000
813989822487522,0,"cpufreq",1132800.000000
813989822489240,1,"cpufreq",1132800.000000
813989824193980,0,"cpufreq",1248000.000000
813989824195334,1,"cpufreq",1248000.000000
813989826741792,0,"cpufreq",1344000.000000
813989826743355,1,"cpufreq",1344000.000000
813989827680594,0,"cpufreq",1574400.000000
813989827681949,1,"cpufreq",1574400.000000
813989829108563,5,"cpufreq",614400.000000
813989829110126,6,"cpufreq",614400.000000
813989832172730,5,"cpufreq",499200.000000
813989832174136,6,"cpufreq",499200.000000
813989835489449,0,"cpufreq",1248000.000000
813989835490699,1,"cpufreq",1248000.000000
813989836241792,0,"cpufreq",1344000.000000
813989836244292,1,"cpufreq",1344000.000000
813989844194397,0,"cpufreq",672000.000000
813989844195803,1,"cpufreq",672000.000000
813989844222053,5,"cpufreq",729600.000000
813989844225126,6,"cpufreq",729600.000000
813989853948667,5,"cpufreq",499200.000000
813989853952834,6,"cpufreq",499200.000000
813989884215803,2,"cpufreq",2707200.000000
813989884218459,3,"cpufreq",2707200.000000
813989884219709,4,"cpufreq",2707200.000000
813989902639188,0,"cpufreq",787200.000000
813989902643147,1,"cpufreq",787200.000000
813989905166219,0,"cpufreq",672000.000000
813989905168147,1,"cpufreq",672000.000000
813989905493876,0,"cpufreq",787200.000000
813989905496636,1,"cpufreq",787200.000000
813989907820594,0,"cpufreq",672000.000000
813989907821011,1,"cpufreq",672000.000000
813989907824188,2,"cpufreq",614400.000000
813989907824397,3,"cpufreq",614400.000000
813989907824605,4,"cpufreq",614400.000000
813989908892678,0,"cpufreq",1132800.000000
813989908895230,1,"cpufreq",1132800.000000
813989909170178,0,"cpufreq",672000.000000
813989909172730,1,"cpufreq",672000.000000
813989911864449,0,"cpufreq",1132800.000000
813989911867626,1,"cpufreq",1132800.000000
813989916190230,0,"cpufreq",902400.000000
813989916191897,1,"cpufreq",902400.000000
813989918735386,0,"cpufreq",672000.000000
813989918738615,1,"cpufreq",672000.000000
813989924209397,0,"cpufreq",1344000.000000
813989924211584,1,"cpufreq",1344000.000000
813989928565959,0,"cpufreq",902400.000000
813989928567834,1,"cpufreq",902400.000000
813989930625334,0,"cpufreq",1344000.000000
813989930627730,1,"cpufreq",1344000.000000
813989931692417,0,"cpufreq",1459200.000000
813989931693980,1,"cpufreq",1459200.000000
813989932171532,0,"cpufreq",1574400.000000
813989932172938,1,"cpufreq",1574400.000000
813989932573511,0,"cpufreq",1459200.000000
813989932575751,1,"cpufreq",1459200.000000
813989933798094,0,"cpufreq",1574400.000000
813989933799605,1,"cpufreq",1574400.000000
813989937845282,0,"cpufreq",1459200.000000
813989937847522,1,"cpufreq",1459200.000000
813989939484709,0,"cpufreq",1344000.000000
813989939486063,1,"cpufreq",1344000.000000
813989943654605,0,"cpufreq",1132800.000000
813989943656532,1,"cpufreq",1132800.000000
813989946371115,0,"cpufreq",1017600.000000
813989946372782,1,"cpufreq",1017600.000000
813989946384292,5,"cpufreq",614400.000000
813989946385646,6,"cpufreq",614400.000000
813989947495230,0,"cpufreq",1132800.000000
813989947498303,1,"cpufreq",1132800.000000
813989950912574,0,"cpufreq",1574400.000000
813989950914240,1,"cpufreq",1574400.000000
813989951790803,5,"cpufreq",499200.000000
813989951792469,6,"cpufreq",499200.000000
813989952213771,0,"cpufreq",1689600.000000
813989952215490,1,"cpufreq",1689600.000000
813989952849657,0,"cpufreq",1459200.000000
813989952851740,1,"cpufreq",1459200.000000
813989953857730,0,"cpufreq",1248000.000000
813989953859657,1,"cpufreq",1248000.000000
813989953872521,5,"cpufreq",844800.000000
813989953874188,6,"cpufreq",844800.000000
813989954461063,5,"cpufreq",729600.000000
813989954462105,6,"cpufreq",729600.000000
813989956191636,0,"cpufreq",787200.000000
813989956193303,1,"cpufreq",787200.000000
813989956219344,5,"cpufreq",499200.000000
813989956222574,6,"cpufreq",499200.000000
813989960376271,0,"cpufreq",672000.000000
813989960379917,1,"cpufreq",672000.000000
813989968790230,0,"cpufreq",787200.000000
813989968791636,1,"cpufreq",787200.000000
813989979428355,0,"cpufreq",902400.000000
813989979430803,1,"cpufreq",902400.000000
813989987671271,0,"cpufreq",672000.000000
813989987673355,1,"cpufreq",672000.000000
813989988985178,5,"cpufreq",729600.000000
813989988987365,6,"cpufreq",729600.000000
813989989300803,5,"cpufreq",1190400.000000
813989989302469,6,"cpufreq",1190400.000000
813989992318355,5,"cpufreq",499200.000000
813989992323042,6,"cpufreq",499200.000000
813989992849501,0,"cpufreq",787200.000000
813989992851324,1,"cpufreq",787200.000000
813989993147521,0,"cpufreq",1344000.000000
813989993150907,1,"cpufreq",1344000.000000
813989993899032,0,"cpufreq",672000.000000
813989993901376,1,"cpufreq",672000.000000
813989994125699,0,"cpufreq",1132800.000000
813989994131063,1,"cpufreq",1132800.000000
813989994570959,0,"cpufreq",787200.000000
813989994572730,1,"cpufreq",787200.000000
813989995359553,0,"cpufreq",672000.000000
813989995361115,1,"cpufreq",672000.000000
813989995577209,5,"cpufreq",960000.000000
813989995581271,6,"cpufreq",960000.000000
813989998842521,0,"cpufreq",902400.000000
813989998846480,1,"cpufreq",902400.000000
813990000181792,0,"cpufreq",672000.000000
813990000182782,1,"cpufreq",672000.000000
813990004258876,0,"cpufreq",787200.000000
813990004262261,1,"cpufreq",787200.000000
813990004287730,5,"cpufreq",499200.000000
813990004290751,6,"cpufreq",499200.000000
813990006509657,0,"cpufreq",902400.000000
813990006513303,1,"cpufreq",902400.000000
813990007053876,0,"cpufreq",787200.000000
813990007055699,1,"cpufreq",787200.000000
813990010476792,0,"cpufreq",902400.000000
813990010478511,1,"cpufreq",902400.000000
813990010535282,0,"cpufreq",1344000.000000
813990010539657,1,"cpufreq",1344000.000000
813990010670282,0,"cpufreq",787200.000000
813990010672730,1,"cpufreq",787200.000000
813990012009396,0,"cpufreq",1344000.000000
813990012011167,1,"cpufreq",1344000.000000
813990012055074,0,"cpufreq",902400.000000
813990012056480,1,"cpufreq",902400.000000
813990018974084,5,"cpufreq",614400.000000
813990018976219,6,"cpufreq",614400.000000
813990020289188,0,"cpufreq",672000.000000
813990020294657,1,"cpufreq",672000.000000
813990020332938,5,"cpufreq",499200.000000
813990020337521,6,"cpufreq",499200.000000
813990035042053,0,"cpufreq",787200.000000
813990035047313,1,"cpufreq",787200.000000
813990035691740,0,"cpufreq",672000.000000
813990035695074,1,"cpufreq",672000.000000
813990099640021,0,"cpufreq",902400.000000
813990099642886,1,"cpufreq",902400.000000
813990102793355,0,"cpufreq",672000.000000
813990102795334,1,"cpufreq",672000.000000
813990107489240,0,"cpufreq",787200.000000
813990107491949,1,"cpufreq",787200.000000
813990115604917,0,"cpufreq",672000.000000
813990115609136,1,"cpufreq",672000.000000
813990206343251,0,"cpufreq",787200.000000
813990206347365,1,"cpufreq",787200.000000
813990207823771,0,"cpufreq",672000.000000
813990207826115,1,"cpufreq",672000.000000
813990213756480,5,"cpufreq",729600.000000
813990213759709,6,"cpufreq",729600.000000
813990214436271,5,"cpufreq",960000.000000
813990214438094,6,"cpufreq",960000.000000
813990214819761,5,"cpufreq",499200.000000
813990214821271,6,"cpufreq",499200.000000
813990216313459,0,"cpufreq",787200.000000
813990216317886,1,"cpufreq",787200.000000
813990216699605,0,"cpufreq",672000.000000
813990216701844,1,"cpufreq",672000.000000
813990216895386,5,"cpufreq",844800.000000
813990216897157,6,"cpufreq",844800.000000
813990217425803,5,"cpufreq",614400.000000
813990217427001,6,"cpufreq",614400.000000
813990219513251,0,"cpufreq",1344000.000000
813990219518459,1,"cpufreq",1344000.000000
813990219547209,5,"cpufreq",499200.000000
813990219551063,6,"cpufreq",499200.000000
813990219640803,0,"cpufreq",902400.000000
813990219643042,1,"cpufreq",902400.000000
813990219652782,5,"cpufreq",729600.000000
813990219653980,6,"cpufreq",729600.000000
813990224184605,0,"cpufreq",1017600.000000
813990224186011,1,"cpufreq",1017600.000000
813990228216271,0,"cpufreq",672000.000000
813990228219396,1,"cpufreq",672000.000000
813990228248876,5,"cpufreq",499200.000000
813990228254761,6,"cpufreq",499200.000000
813990244945803,0,"cpufreq",1132800.000000
813990244950282,1,"cpufreq",1132800.000000
813990245100386,0,"cpufreq",1248000.000000
813990245102834,1,"cpufreq",1248000.000000
813990245157157,0,"cpufreq",1804800.000000
813990245159136,1,"cpufreq",1804800.000000
813990246779657,0,"cpufreq",1248000.000000
813990246781480,1,"cpufreq",1248000.000000
813990246964396,0,"cpufreq",672000.000000
813990246966688,1,"cpufreq",672000.000000
813990250124969,0,"cpufreq",902400.000000
813990250128719,1,"cpufreq",902400.000000
813990251530126,0,"cpufreq",1459200.000000
813990251533355,1,"cpufreq",1459200.000000
813990260155907,0,"cpufreq",672000.000000
813990260157573,1,"cpufreq",672000.000000
813990282731323,0,"cpufreq",1248000.000000
813990282735334,1,"cpufreq",1248000.000000
813990282844136,5,"cpufreq",614400.000000
813990282846636,6,"cpufreq",614400.000000
813990283440126,0,"cpufreq",787200.000000
813990283442365,1,"cpufreq",787200.000000
813990284141532,5,"cpufreq",844800.000000
813990284144188,6,"cpufreq",844800.000000
813990284613407,5,"cpufreq",499200.000000
813990284614917,6,"cpufreq",499200.000000
813990285281376,0,"cpufreq",672000.000000
813990285283615,1,"cpufreq",672000.000000
813990286733823,0,"cpufreq",787200.000000
813990286736063,1,"cpufreq",787200.000000
813990286982886,0,"cpufreq",672000.000000
813990286984657,1,"cpufreq",672000.000000
813990292267261,0,"cpufreq",787200.000000
813990292270698,1,"cpufreq",787200.000000
813990296275386,0,"cpufreq",902400.000000
813990296278876,1,"cpufreq",902400.000000
813990300202886,0,"cpufreq",672000.000000
813990300206115,1,"cpufreq",672000.000000
813990307464501,0,"cpufreq",1344000.000000
813990307468771,1,"cpufreq",1344000.000000
813990315738823,0,"cpufreq",672000.000000
813990315740386,1,"cpufreq",672000.000000
813990374655282,5,"cpufreq",614400.000000
813990374657157,6,"cpufreq",614400.000000
813990383576688,5,"cpufreq",499200.000000
813990383577990,6,"cpufreq",499200.000000
813990404475073,0,"cpufreq",902400.000000
813990404479084,1,"cpufreq",902400.000000
813990406540282,0,"cpufreq",672000.000000
813990406543198,1,"cpufreq",672000.000000
813990440216584,0,"cpufreq",787200.000000
813990440221375,1,"cpufreq",787200.000000
813990449279917,0,"cpufreq",672000.000000
813990449283094,1,"cpufreq",672000.000000
813990456383250,0,"cpufreq",787200.000000
813990456388042,1,"cpufreq",787200.000000
813990460171740,0,"cpufreq",672000.000000
813990460175334,1,"cpufreq",672000.000000
813990606425750,0,"cpufreq",787200.000000
813990606428875,1,"cpufreq",787200.000000
813990606669396,0,"cpufreq",902400.000000
813990606673407,1,"cpufreq",902400.000000
813990606917052,0,"cpufreq",672000.000000
813990606919240,1,"cpufreq",672000.000000
813990607207782,0,"cpufreq",787200.000000
813990607210386,1,"cpufreq",787200.000000
813990607469605,0,"cpufreq",672000.000000
813990607472000,1,"cpufreq",672000.000000
813990611534344,0,"cpufreq",787200.000000
813990611537105,1,"cpufreq",787200.000000
813990620214396,0,"cpufreq",672000.000000
813990620217782,1,"cpufreq",672000.000000
813990679762886,0,"cpufreq",902400.000000
813990679766375,1,"cpufreq",902400.000000
813990687417938,0,"cpufreq",672000.000000
813990687421063,1,"cpufreq",672000.000000
813990747599188,5,"cpufreq",614400.000000
813990747600907,6,"cpufreq",614400.000000
813990748453980,5,"cpufreq",499200.000000
813990748456948,6,"cpufreq",499200.000000
813990806478407,0,"cpufreq",787200.000000
813990806483771,1,"cpufreq",787200.000000
813990808056896,0,"cpufreq",672000.000000
813990808059344,1,"cpufreq",672000.000000
813990907455177,0,"cpufreq",787200.000000
813990907456896,1,"cpufreq",787200.000000
813990915855542,0,"cpufreq",672000.000000
813990915858042,1,"cpufreq",672000.000000
813990976958042,0,"cpufreq",787200.000000
813990976960802,1,"cpufreq",787200.000000
813990990574657,0,"cpufreq",672000.000000
813990990578302,1,"cpufreq",672000.000000
813991148219188,0,"cpufreq",1344000.000000
813991148224188,1,"cpufreq",1344000.000000
813991149401948,0,"cpufreq",902400.000000
813991149403406,1,"cpufreq",902400.000000
813991156205229,0,"cpufreq",672000.000000
813991156209865,1,"cpufreq",672000.000000
813991211473354,0,"cpufreq",1344000.000000
813991211477521,1,"cpufreq",1344000.000000
813991220217104,0,"cpufreq",672000.000000
813991220219188,1,"cpufreq",672000.000000
813991291474396,0,"cpufreq",1344000.000000
813991291478563,1,"cpufreq",1344000.000000
813991299804396,0,"cpufreq",672000.000000
813991299807000,1,"cpufreq",672000.000000
813991447642677,5,"cpufreq",614400.000000
813991447645177,6,"cpufreq",614400.000000
813991450101011,5,"cpufreq",499200.000000
813991450105281,6,"cpufreq",499200.000000
813991504880958,0,"cpufreq",1248000.000000
813991504885333,1,"cpufreq",1248000.000000
813991505327365,0,"cpufreq",672000.000000
813991505328927,1,"cpufreq",672000.000000
813991564215698,5,"cpufreq",729600.000000
813991564219240,6,"cpufreq",729600.000000
813991572245021,5,"cpufreq",499200.000000
813991572249500,6,"cpufreq",499200.000000
813991578918146,0,"cpufreq",1017600.000000
813991578922469,1,"cpufreq",1017600.000000
813991579493458,0,"cpufreq",672000.000000
813991579496740,1,"cpufreq",672000.000000
813991600426479,0,"cpufreq",902400.000000
813991600430542,1,"cpufreq",902400.000000
813991603529135,0,"cpufreq",672000.000000
813991603531219,1,"cpufreq",672000.000000
813991611496948,0,"cpufreq",1344000.000000
813991611501844,1,"cpufreq",1344000.000000
813991620198615,0,"cpufreq",672000.000000
813991620200125,1,"cpufreq",672000.000000
813991903027052,0,"cpufreq",1132800.000000
813991903029448,1,"cpufreq",1132800.000000
813991907531167,0,"cpufreq",672000.000000
813991907533198,1,"cpufreq",672000.000000
813991913408719,0,"cpufreq",1248000.000000
813991913411583,1,"cpufreq",1248000.000000
813991913488198,5,"cpufreq",844800.000000
813991913491271,6,"cpufreq",844800.000000
813991913826896,0,"cpufreq",672000.000000
813991913828302,1,"cpufreq",672000.000000
813991913836114,5,"cpufreq",499200.000000
813991913837000,6,"cpufreq",499200.000000
813991914687312,5,"cpufreq",614400.000000
813991914689812,6,"cpufreq",614400.000000
813991915508719,5,"cpufreq",499200.000000
813991915513250,6,"cpufreq",499200.000000
813991917763406,0,"cpufreq",787200.000000
813991917765958,1,"cpufreq",787200.000000
813991918627364,0,"cpufreq",902400.000000
813991918629552,1,"cpufreq",902400.000000
813991920244969,0,"cpufreq",787200.000000
813991920246844,1,"cpufreq",787200.000000
813991920256844,5,"cpufreq",729600.000000
813991920258979,6,"cpufreq",729600.000000
813991920651375,0,"cpufreq",1017600.000000
813991920652729,1,"cpufreq",1017600.000000
813991923065594,0,"cpufreq",672000.000000
813991923066896,1,"cpufreq",672000.000000
813991923073823,5,"cpufreq",614400.000000
813991923074708,6,"cpufreq",614400.000000
813991923282156,5,"cpufreq",499200.000000
813991923286114,6,"cpufreq",499200.000000
813991923398042,0,"cpufreq",1248000.000000
813991923400646,1,"cpufreq",1248000.000000
813991923480802,0,"cpufreq",1344000.000000
813991923482156,1,"cpufreq",1344000.000000
813991923495281,5,"cpufreq",729600.000000
813991923496844,6,"cpufreq",729600.000000
813991923545594,0,"cpufreq",1689600.000000
813991923547937,1,"cpufreq",1689600.000000
813991924197208,0,"cpufreq",1344000.000000
813991924198823,1,"cpufreq",1344000.000000
813991924206062,5,"cpufreq",844800.000000
813991924208146,6,"cpufreq",844800.000000
813991925168042,0,"cpufreq",1017600.000000
813991925170333,1,"cpufreq",1017600.000000
813991925748927,0,"cpufreq",1344000.000000
813991925750073,1,"cpufreq",1344000.000000
813991925972104,5,"cpufreq",960000.000000
813991925973042,6,"cpufreq",960000.000000
813991929019917,5,"cpufreq",729600.000000
813991929021375,6,"cpufreq",729600.000000
813991929058823,0,"cpufreq",1459200.000000
813991929060802,1,"cpufreq",1459200.000000
813991929954917,0,"cpufreq",1248000.000000
813991929956062,1,"cpufreq",1248000.000000
813991929963406,5,"cpufreq",960000.000000
813991929964552,6,"cpufreq",960000.000000
813991929997885,0,"cpufreq",1344000.000000
813991929999239,1,"cpufreq",1344000.000000
813991931389135,5,"cpufreq",1190400.000000
813991931390177,6,"cpufreq",1190400.000000
813991932145854,0,"cpufreq",1459200.000000
813991932146583,1,"cpufreq",1459200.000000
813991932341323,0,"cpufreq",1804800.000000
813991932342677,1,"cpufreq",1804800.000000
813991932351167,5,"cpufreq",960000.000000
813991932352573,6,"cpufreq",960000.000000
813991932506219,0,"cpufreq",1459200.000000
813991932507052,1,"cpufreq",1459200.000000
813991932511792,5,"cpufreq",1190400.000000
813991932512729,6,"cpufreq",1190400.000000
813991936393354,0,"cpufreq",1344000.000000
813991936395489,1,"cpufreq",1344000.000000
813991939475646,0,"cpufreq",1804800.000000
813991939477625,1,"cpufreq",1804800.000000
813991939495542,5,"cpufreq",499200.000000
813991939497625,6,"cpufreq",499200.000000
813991948031010,0,"cpufreq",1459200.000000
813991948032000,1,"cpufreq",1459200.000000
813991956136844,0,"cpufreq",672000.000000
813991956138771,1,"cpufreq",672000.000000
813992011511010,0,"cpufreq",787200.000000
813992011514917,1,"cpufreq",787200.000000
813992012693562,0,"cpufreq",672000.000000
813992012696167,1,"cpufreq",672000.000000
813992013036323,0,"cpufreq",787200.000000
813992013040542,1,"cpufreq",787200.000000
813992013192052,0,"cpufreq",672000.000000
813992013194135,1,"cpufreq",672000.000000
813992013289656,0,"cpufreq",787200.000000
813992013291010,1,"cpufreq",787200.000000
813992020935125,0,"cpufreq",672000.000000
813992020937625,1,"cpufreq",672000.000000
813992124820021,5,"cpufreq",614400.000000
813992124822052,6,"cpufreq",614400.000000
813992131528979,5,"cpufreq",729600.000000
813992131533614,6,"cpufreq",729600.000000
813992140222781,5,"cpufreq",844800.000000
813992140227364,6,"cpufreq",844800.000000
813992147721844,5,"cpufreq",499200.000000
813992147724656,6,"cpufreq",499200.000000
813992210015906,0,"cpufreq",787200.000000
813992210018823,1,"cpufreq",787200.000000
813992211126375,0,"cpufreq",672000.000000
813992211128719,1,"cpufreq",672000.000000
813992298535906,0,"cpufreq",787200.000000
813992298538979,1,"cpufreq",787200.000000
813992298874969,0,"cpufreq",672000.000000
813992298877052,1,"cpufreq",672000.000000
813992316234396,0,"cpufreq",556800.000000
813992316240073,1,"cpufreq",556800.000000
813992350459708,5,"cpufreq",844800.000000
813992350461114,6,"cpufreq",844800.000000
813992351586218,0,"cpufreq",787200.000000
813992351587677,1,"cpufreq",787200.000000
813992351683354,5,"cpufreq",729600.000000
813992351684291,6,"cpufreq",729600.000000
813992353305541,0,"cpufreq",902400.000000
813992353307833,1,"cpufreq",902400.000000
813992353320333,5,"cpufreq",844800.000000
813992353322521,6,"cpufreq",844800.000000
813992360183875,0,"cpufreq",556800.000000
813992360185281,1,"cpufreq",556800.000000
813992360193406,5,"cpufreq",499200.000000
813992360194656,6,"cpufreq",499200.000000
813992606270020,0,"cpufreq",672000.000000
813992606276010,1,"cpufreq",672000.000000
813992606527729,0,"cpufreq",556800.000000
813992606532000,1,"cpufreq",556800.000000
813992610131635,0,"cpufreq",672000.000000
813992610133458,1,"cpufreq",672000.000000
813992610380645,0,"cpufreq",556800.000000
813992610383093,1,"cpufreq",556800.000000
813992611704864,0,"cpufreq",672000.000000
813992611706479,1,"cpufreq",672000.000000
813992611951427,0,"cpufreq",556800.000000
813992611957156,1,"cpufreq",556800.000000
813992806997989,0,"cpufreq",787200.000000
813992807000437,1,"cpufreq",787200.000000
813992807618093,0,"cpufreq",556800.000000
813992807619968,1,"cpufreq",556800.000000
813993004236739,2,"cpufreq",2707200.000000
813993004241218,3,"cpufreq",2707200.000000
813993004242624,4,"cpufreq",2707200.000000
813993081676843,0,"cpufreq",672000.000000
813993081678770,1,"cpufreq",672000.000000
813993084208822,0,"cpufreq",556800.000000
813993084213822,1,"cpufreq",556800.000000
813993084239187,2,"cpufreq",2246400.000000
813993084243510,3,"cpufreq",2246400.000000
813993084247677,4,"cpufreq",2246400.000000
813993084658302,0,"cpufreq",1017600.000000
813993084660072,1,"cpufreq",1017600.000000
813993084938302,0,"cpufreq",902400.000000
813993084940072,1,"cpufreq",902400.000000
813993084996531,0,"cpufreq",1804800.000000
813993084998041,1,"cpufreq",1804800.000000
813993086568041,5,"cpufreq",729600.000000
813993086570177,6,"cpufreq",729600.000000
813993086654812,0,"cpufreq",556800.000000
813993086655958,1,"cpufreq",556800.000000
813993086883718,5,"cpufreq",614400.000000
813993086893354,6,"cpufreq",614400.000000
813993087531062,5,"cpufreq",499200.000000
813993087534760,6,"cpufreq",499200.000000
813993087592572,5,"cpufreq",614400.000000
813993087597416,6,"cpufreq",614400.000000
813993087695958,5,"cpufreq",729600.000000
813993087697520,6,"cpufreq",729600.000000
813993087893249,5,"cpufreq",614400.000000
813993087896479,6,"cpufreq",614400.000000
813993088026791,0,"cpufreq",902400.000000
813993088027989,1,"cpufreq",902400.000000
813993088033562,5,"cpufreq",499200.000000
813993088035020,6,"cpufreq",499200.000000
813993088491947,0,"cpufreq",556800.000000
813993088493718,1,"cpufreq",556800.000000
813993088572104,0,"cpufreq",902400.000000
813993088574916,1,"cpufreq",902400.000000
813993100192729,0,"cpufreq",1017600.000000
813993100195697,1,"cpufreq",1017600.000000
813993100212833,2,"cpufreq",614400.000000
813993100215489,3,"cpufreq",614400.000000
813993100218145,4,"cpufreq",614400.000000
813993104995489,0,"cpufreq",556800.000000
813993104998145,1,"cpufreq",556800.000000
813993105006270,5,"cpufreq",729600.000000
813993105008041,6,"cpufreq",729600.000000
813993115640333,0,"cpufreq",672000.000000
813993115645541,1,"cpufreq",672000.000000
813993115685645,5,"cpufreq",960000.000000
813993115689968,6,"cpufreq",960000.000000
813993129506583,5,"cpufreq",844800.000000
813993129511531,6,"cpufreq",844800.000000
813993132195697,0,"cpufreq",556800.000000
813993132199656,1,"cpufreq",556800.000000
813993132228562,5,"cpufreq",1075200.000000
813993132233145,6,"cpufreq",1075200.000000
813993154169083,5,"cpufreq",499200.000000
813993154175124,6,"cpufreq",499200.000000
813993322909604,0,"cpufreq",1017600.000000
813993322913354,1,"cpufreq",1017600.000000
813993323479031,0,"cpufreq",1344000.000000
813993323482364,1,"cpufreq",1344000.000000
813993324314812,0,"cpufreq",1132800.000000
813993324316531,1,"cpufreq",1132800.000000
813993324329447,5,"cpufreq",729600.000000
813993324331010,6,"cpufreq",729600.000000
813993325238249,0,"cpufreq",1344000.000000
813993325239864,1,"cpufreq",1344000.000000
813993325248041,5,"cpufreq",499200.000000
813993325249187,6,"cpufreq",499200.000000
813993326227104,0,"cpufreq",902400.000000
813993326228718,1,"cpufreq",902400.000000
813993326678458,0,"cpufreq",787200.000000
813993326680385,1,"cpufreq",787200.000000
813993328333406,0,"cpufreq",1344000.000000
813993328335176,1,"cpufreq",1344000.000000
813993329104864,0,"cpufreq",787200.000000
813993329106166,1,"cpufreq",787200.000000
813993330118770,0,"cpufreq",902400.000000
813993330121010,1,"cpufreq",902400.000000
813993330669968,0,"cpufreq",787200.000000
813993330672364,1,"cpufreq",787200.000000
813993330983666,0,"cpufreq",672000.000000
813993330985541,1,"cpufreq",672000.000000
813993331259447,0,"cpufreq",1017600.000000
813993331262051,1,"cpufreq",1017600.000000
813993331403666,0,"cpufreq",902400.000000
813993331406479,1,"cpufreq",902400.000000
813993331719031,0,"cpufreq",787200.000000
813993331720854,1,"cpufreq",787200.000000
813993332494864,0,"cpufreq",672000.000000
813993332496270,1,"cpufreq",672000.000000
813993332505645,5,"cpufreq",614400.000000
813993332506947,6,"cpufreq",614400.000000
813993333039239,5,"cpufreq",499200.000000
813993333042051,6,"cpufreq",499200.000000
813993334313510,0,"cpufreq",787200.000000
813993334316322,1,"cpufreq",787200.000000
813993334971947,0,"cpufreq",1344000.000000
813993334975906,1,"cpufreq",1344000.000000
813993337597364,0,"cpufreq",1132800.000000
813993337599395,1,"cpufreq",1132800.000000
813993337959604,0,"cpufreq",672000.000000
813993337961999,1,"cpufreq",672000.000000
813993339429968,0,"cpufreq",1574400.000000
813993339432468,1,"cpufreq",1574400.000000
813993339441687,5,"cpufreq",614400.000000
813993339443458,6,"cpufreq",614400.000000
813993339883874,5,"cpufreq",499200.000000
813993339885958,6,"cpufreq",499200.000000
813993340019968,0,"cpufreq",1804800.000000
813993340021322,1,"cpufreq",1804800.000000
813993340217312,5,"cpufreq",1075200.000000
813993340219291,6,"cpufreq",1075200.000000
813993340955489,5,"cpufreq",499200.000000
813993340956583,6,"cpufreq",499200.000000
813993341920385,2,"cpufreq",960000.000000
813993341921999,3,"cpufreq",960000.000000
813993341923197,4,"cpufreq",960000.000000
813993348441947,0,"cpufreq",1459200.000000
813993348444239,1,"cpufreq",1459200.000000
813993348453406,5,"cpufreq",614400.000000
813993348454812,6,"cpufreq",614400.000000
813993348577937,2,"cpufreq",614400.000000
813993348578926,3,"cpufreq",614400.000000
813993348579395,4,"cpufreq",614400.000000
813993350488145,0,"cpufreq",1804800.000000
813993350489968,1,"cpufreq",1804800.000000
813993350497260,5,"cpufreq",499200.000000
813993350499760,6,"cpufreq",499200.000000
813993351687416,2,"cpufreq",1401600.000000
813993351689031,3,"cpufreq",1401600.000000
813993351689968,4,"cpufreq",1401600.000000
813993351744656,0,"cpufreq",1689600.000000
813993351747156,1,"cpufreq",1689600.000000
813993353029239,0,"cpufreq",1459200.000000
813993353030020,1,"cpufreq",1459200.000000
813993353034812,2,"cpufreq",614400.000000
813993353035229,3,"cpufreq",614400.000000
813993353035593,4,"cpufreq",614400.000000
813993353669656,2,"cpufreq",1401600.000000
813993353670958,3,"cpufreq",1401600.000000
813993353671895,4,"cpufreq",1401600.000000
813993355409239,0,"cpufreq",1132800.000000
813993355410958,1,"cpufreq",1132800.000000
813993355424812,2,"cpufreq",1612800.000000
813993355425906,3,"cpufreq",1612800.000000
813993355426791,4,"cpufreq",1612800.000000
813993355998562,0,"cpufreq",1017600.000000
813993355999343,1,"cpufreq",1017600.000000
813993356635906,0,"cpufreq",1132800.000000
813993356637833,1,"cpufreq",1132800.000000
813993357114083,0,"cpufreq",1017600.000000
813993357116062,1,"cpufreq",1017600.000000
813993358636270,0,"cpufreq",902400.000000
813993358637937,1,"cpufreq",902400.000000
813993358837729,0,"cpufreq",1017600.000000
813993358839968,1,"cpufreq",1017600.000000
813993360781687,2,"cpufreq",1190400.000000
813993360783458,3,"cpufreq",1190400.000000
813993360784708,4,"cpufreq",1190400.000000
813993360791895,5,"cpufreq",614400.000000
813993360793406,6,"cpufreq",614400.000000
813993361649499,5,"cpufreq",499200.000000
813993361651374,6,"cpufreq",499200.000000
813993361927833,0,"cpufreq",1459200.000000
813993361930906,1,"cpufreq",1459200.000000
813993361942208,2,"cpufreq",960000.000000
813993361944708,3,"cpufreq",960000.000000
813993361946999,4,"cpufreq",960000.000000
813993362790281,0,"cpufreq",1017600.000000
813993362792260,1,"cpufreq",1017600.000000
813993362801895,5,"cpufreq",844800.000000
813993362803301,6,"cpufreq",844800.000000
813993367844031,5,"cpufreq",729600.000000
813993367846322,6,"cpufreq",729600.000000
813993370697051,0,"cpufreq",902400.000000
813993370698301,1,"cpufreq",902400.000000
813993371510020,2,"cpufreq",614400.000000
813993371511114,3,"cpufreq",614400.000000
813993371512468,4,"cpufreq",614400.000000
813993371519708,5,"cpufreq",844800.000000
813993371520645,6,"cpufreq",844800.000000
813993372972051,0,"cpufreq",787200.000000
813993372973249,1,"cpufreq",787200.000000
813993388999812,0,"cpufreq",556800.000000
813993389003926,1,"cpufreq",556800.000000
813993389052416,5,"cpufreq",499200.000000
813993389059604,6,"cpufreq",499200.000000
813993535892624,0,"cpufreq",1017600.000000
813993535898145,1,"cpufreq",1017600.000000
813993537245176,5,"cpufreq",614400.000000
813993537247833,6,"cpufreq",614400.000000
813993537486166,0,"cpufreq",1574400.000000
813993537488041,1,"cpufreq",1574400.000000
813993538882624,0,"cpufreq",556800.000000
813993538884603,1,"cpufreq",556800.000000
813993538895333,5,"cpufreq",729600.000000
813993538896531,6,"cpufreq",729600.000000
813993540921791,5,"cpufreq",499200.000000
813993540927103,6,"cpufreq",499200.000000
813993639852260,0,"cpufreq",672000.000000
813993639855593,1,"cpufreq",672000.000000
813993640514864,0,"cpufreq",556800.000000
813993640516947,1,"cpufreq",556800.000000
813993810751010,0,"cpufreq",672000.000000
813993810756062,1,"cpufreq",672000.000000
813993811176426,0,"cpufreq",556800.000000
813993811180697,1,"cpufreq",556800.000000
813993847014343,0,"cpufreq",672000.000000
813993847017155,1,"cpufreq",672000.000000
813993847165280,0,"cpufreq",556800.000000
813993847167155,1,"cpufreq",556800.000000
813993848412989,0,"cpufreq",672000.000000
813993848416583,1,"cpufreq",672000.000000
813993848560280,0,"cpufreq",787200.000000
813993848562155,1,"cpufreq",787200.000000
813993848889291,0,"cpufreq",1132800.000000
813993848891635,1,"cpufreq",1132800.000000
813993849255645,0,"cpufreq",787200.000000
813993849257937,1,"cpufreq",787200.000000
813993849645958,0,"cpufreq",556800.000000
813993849648353,1,"cpufreq",556800.000000
813993851596062,0,"cpufreq",1344000.000000
813993851597989,1,"cpufreq",1344000.000000
813993856326999,0,"cpufreq",787200.000000
813993856328978,1,"cpufreq",787200.000000
813993856509239,0,"cpufreq",1344000.000000
813993856511687,1,"cpufreq",1344000.000000
813993856783822,0,"cpufreq",787200.000000
813993856787728,1,"cpufreq",787200.000000
813993859618718,0,"cpufreq",1344000.000000
813993859621010,1,"cpufreq",1344000.000000
813993860856114,0,"cpufreq",787200.000000
813993860857833,1,"cpufreq",787200.000000
813993862489812,0,"cpufreq",1132800.000000
813993862492155,1,"cpufreq",1132800.000000
813993863192468,0,"cpufreq",1017600.000000
813993863195853,1,"cpufreq",1017600.000000
813993863292520,0,"cpufreq",1344000.000000
813993863294239,1,"cpufreq",1344000.000000
813993864258718,0,"cpufreq",672000.000000
813993864260958,1,"cpufreq",672000.000000
813993864404760,0,"cpufreq",787200.000000
813993864407364,1,"cpufreq",787200.000000
813993867930958,0,"cpufreq",1344000.000000
813993867934343,1,"cpufreq",1344000.000000
813993868272103,0,"cpufreq",1459200.000000
813993868273978,1,"cpufreq",1459200.000000
813993884916739,0,"cpufreq",556800.000000
813993884918874,1,"cpufreq",556800.000000
813993933733353,0,"cpufreq",1017600.000000
813993933739187,1,"cpufreq",1017600.000000
813993933905176,0,"cpufreq",556800.000000
813993933906739,1,"cpufreq",556800.000000
813993936427103,0,"cpufreq",672000.000000
813993936432155,1,"cpufreq",672000.000000
813993936548978,5,"cpufreq",729600.000000
813993936551947,6,"cpufreq",729600.000000
813993937207832,0,"cpufreq",556800.000000
813993937209707,1,"cpufreq",556800.000000
813993937219030,5,"cpufreq",499200.000000
813993937220124,6,"cpufreq",499200.000000
813993938959864,0,"cpufreq",672000.000000
813993938965124,1,"cpufreq",672000.000000
813993939418353,0,"cpufreq",556800.000000
813993939421062,1,"cpufreq",556800.000000
813993947810385,0,"cpufreq",1344000.000000
813993947813614,1,"cpufreq",1344000.000000
813993952626218,0,"cpufreq",902400.000000
813993952628562,1,"cpufreq",902400.000000
813993955519447,0,"cpufreq",1344000.000000
813993955522937,1,"cpufreq",1344000.000000
813993961289916,0,"cpufreq",787200.000000
813993961291530,1,"cpufreq",787200.000000
813993961865437,5,"cpufreq",614400.000000
813993961867572,6,"cpufreq",614400.000000
813993962053197,0,"cpufreq",1344000.000000
813993962054864,1,"cpufreq",1344000.000000
813993962062520,5,"cpufreq",499200.000000
813993962063666,6,"cpufreq",499200.000000
813993962238145,0,"cpufreq",787200.000000
813993962240176,1,"cpufreq",787200.000000
813993963016010,0,"cpufreq",1344000.000000
813993963018197,1,"cpufreq",1344000.000000
813993963151843,0,"cpufreq",787200.000000
813993963153093,1,"cpufreq",787200.000000
813993963507520,0,"cpufreq",556800.000000
813993963509864,1,"cpufreq",556800.000000
813993963530749,5,"cpufreq",614400.000000
813993963534030,6,"cpufreq",614400.000000
813993964398718,5,"cpufreq",729600.000000
813993964403457,6,"cpufreq",729600.000000
813993965022103,0,"cpufreq",672000.000000
813993965023197,1,"cpufreq",672000.000000
813993965029499,5,"cpufreq",614400.000000
813993965030489,6,"cpufreq",614400.000000
813993965194187,0,"cpufreq",556800.000000
813993965199916,1,"cpufreq",556800.000000
813993965215749,5,"cpufreq",729600.000000
813993965220176,6,"cpufreq",729600.000000
813993965359291,5,"cpufreq",614400.000000
813993965360645,6,"cpufreq",614400.000000
813993966670489,5,"cpufreq",729600.000000
813993966674082,6,"cpufreq",729600.000000
813993967354968,0,"cpufreq",787200.000000
813993967358457,1,"cpufreq",787200.000000
813993967388301,5,"cpufreq",844800.000000
813993967394343,6,"cpufreq",844800.000000
813993980201739,5,"cpufreq",614400.000000
813993980205749,6,"cpufreq",614400.000000
813993982375697,0,"cpufreq",1017600.000000
813993982379291,1,"cpufreq",1017600.000000
813993983974655,0,"cpufreq",787200.000000
813993983975957,1,"cpufreq",787200.000000
813993984212989,0,"cpufreq",1459200.000000
813993984215385,1,"cpufreq",1459200.000000
813993984289343,0,"cpufreq",1344000.000000
813993984291895,1,"cpufreq",1344000.000000
813993984371791,5,"cpufreq",729600.000000
813993984374030,6,"cpufreq",729600.000000
813993984773145,0,"cpufreq",787200.000000
813993984774760,1,"cpufreq",787200.000000
813993985533874,0,"cpufreq",902400.000000
813993985537572,1,"cpufreq",902400.000000
813993986419187,5,"cpufreq",614400.000000
813993986421426,6,"cpufreq",614400.000000
813993986616895,0,"cpufreq",787200.000000
813993986618926,1,"cpufreq",787200.000000
813993988218926,0,"cpufreq",902400.000000
813993988221218,1,"cpufreq",902400.000000
813993988494603,0,"cpufreq",1344000.000000
813993988497832,1,"cpufreq",1344000.000000
813993993531374,0,"cpufreq",902400.000000
813993993532676,1,"cpufreq",902400.000000
813993994223093,0,"cpufreq",787200.000000
813993994224395,1,"cpufreq",787200.000000
813993995649291,0,"cpufreq",672000.000000
813993995654082,1,"cpufreq",672000.000000
813993995692520,5,"cpufreq",499200.000000
813993995696270,6,"cpufreq",499200.000000
813993998126374,0,"cpufreq",787200.000000
813993998128770,1,"cpufreq",787200.000000
813993999117885,0,"cpufreq",902400.000000
813993999121270,1,"cpufreq",902400.000000
813993999491947,0,"cpufreq",1017600.000000
813993999495124,1,"cpufreq",1017600.000000
813994002816270,0,"cpufreq",902400.000000
813994002817937,1,"cpufreq",902400.000000
813994003224395,0,"cpufreq",787200.000000
813994003225957,1,"cpufreq",787200.000000
813994011573978,0,"cpufreq",1344000.000000
813994011576270,1,"cpufreq",1344000.000000
813994012249187,0,"cpufreq",1017600.000000
813994012251478,1,"cpufreq",1017600.000000
813994012534030,0,"cpufreq",902400.000000
813994012536426,1,"cpufreq",902400.000000
813994012545176,5,"cpufreq",614400.000000
813994012546947,6,"cpufreq",614400.000000
813994013271791,0,"cpufreq",1017600.000000
813994013273197,1,"cpufreq",1017600.000000
813994014238822,0,"cpufreq",1344000.000000
813994014240593,1,"cpufreq",1344000.000000
813994014434864,0,"cpufreq",1017600.000000
813994014436947,1,"cpufreq",1017600.000000
813994016290749,0,"cpufreq",1132800.000000
813994016292155,1,"cpufreq",1132800.000000
813994016300957,5,"cpufreq",499200.000000
813994016302572,6,"cpufreq",499200.000000
813994021330124,0,"cpufreq",1344000.000000
813994021332520,1,"cpufreq",1344000.000000
813994021469864,0,"cpufreq",1132800.000000
813994021472207,1,"cpufreq",1132800.000000
813994022336582,0,"cpufreq",1344000.000000
813994022338145,1,"cpufreq",1344000.000000
813994022775280,0,"cpufreq",1132800.000000
813994022777520,1,"cpufreq",1132800.000000
813994027016062,5,"cpufreq",614400.000000
813994027018301,6,"cpufreq",614400.000000
813994027458978,0,"cpufreq",1344000.000000
813994027460645,1,"cpufreq",1344000.000000
813994027481530,5,"cpufreq",499200.000000
813994027483353,6,"cpufreq",499200.000000
813994043632312,0,"cpufreq",672000.000000
813994043634291,1,"cpufreq",672000.000000
813994060209916,0,"cpufreq",556800.000000
813994060218666,1,"cpufreq",556800.000000
813994460661166,0,"cpufreq",672000.000000
813994460662780,1,"cpufreq",672000.000000
813994476250853,0,"cpufreq",556800.000000
813994476257780,1,"cpufreq",556800.000000
813994612298978,0,"cpufreq",672000.000000
813994612302259,1,"cpufreq",672000.000000
813994651499707,0,"cpufreq",556800.000000
813994651505176,1,"cpufreq",556800.000000
813994901801270,0,"cpufreq",672000.000000
813994901807051,1,"cpufreq",672000.000000
813994907472624,0,"cpufreq",556800.000000
813994907476895,1,"cpufreq",556800.000000
813994929903249,0,"cpufreq",672000.000000
813994929906634,1,"cpufreq",672000.000000
813994936337780,0,"cpufreq",556800.000000
813994936343353,1,"cpufreq",556800.000000
813994948413926,0,"cpufreq",672000.000000
813994948417311,1,"cpufreq",672000.000000
813994948623718,0,"cpufreq",556800.000000
813994948626113,1,"cpufreq",556800.000000
813994954396947,0,"cpufreq",1017600.000000
813994954398770,1,"cpufreq",1017600.000000
813994955490801,0,"cpufreq",556800.000000
813994955493040,1,"cpufreq",556800.000000
813994957280332,0,"cpufreq",787200.000000
813994957283457,1,"cpufreq",787200.000000
813994957547520,0,"cpufreq",556800.000000
813994957549186,1,"cpufreq",556800.000000
813994971596530,0,"cpufreq",1344000.000000
813994971599655,1,"cpufreq",1344000.000000
813994971742936,0,"cpufreq",902400.000000
813994971745176,1,"cpufreq",902400.000000
813994971974395,0,"cpufreq",1017600.000000
813994971976634,1,"cpufreq",1017600.000000
813994976497884,0,"cpufreq",1344000.000000
813994976499863,1,"cpufreq",1344000.000000
813994977903561,5,"cpufreq",614400.000000
813994977905436,6,"cpufreq",614400.000000
813994980309395,0,"cpufreq",1017600.000000
813994980311686,1,"cpufreq",1017600.000000
813994988188665,0,"cpufreq",787200.000000
813994988191947,1,"cpufreq",787200.000000
813995004207624,0,"cpufreq",556800.000000
813995004211374,1,"cpufreq",556800.000000
813995004245853,5,"cpufreq",844800.000000
813995004250280,6,"cpufreq",844800.000000
813995020246842,0,"cpufreq",1344000.000000
813995020252259,1,"cpufreq",1344000.000000
813995020290176,5,"cpufreq",499200.000000
813995020295124,6,"cpufreq",499200.000000
813995024279655,0,"cpufreq",787200.000000
813995024281790,1,"cpufreq",787200.000000
813995024355801,0,"cpufreq",1344000.000000
813995024359134,1,"cpufreq",1344000.000000
813995032177624,0,"cpufreq",787200.000000
813995032179290,1,"cpufreq",787200.000000
813995035985749,0,"cpufreq",1017600.000000
813995035988197,1,"cpufreq",1017600.000000
813995053936999,0,"cpufreq",556800.000000
813995053939811,1,"cpufreq",556800.000000
813995483029967,0,"cpufreq",1804800.000000
813995483032259,1,"cpufreq",1804800.000000
813995484035749,0,"cpufreq",1248000.000000
813995484039030,1,"cpufreq",1248000.000000
813995500152519,0,"cpufreq",556800.000000
813995500154082,1,"cpufreq",556800.000000
813995611491738,0,"cpufreq",1344000.000000
813995611496790,1,"cpufreq",1344000.000000
813995612223874,0,"cpufreq",672000.000000
813995612226217,1,"cpufreq",672000.000000
813995613536999,0,"cpufreq",556800.000000
813995613539290,1,"cpufreq",556800.000000
813995616224238,0,"cpufreq",672000.000000
813995616226374,1,"cpufreq",672000.000000
813995627982259,0,"cpufreq",556800.000000
813995627988248,1,"cpufreq",556800.000000
813995825786738,0,"cpufreq",672000.000000
813995825790071,1,"cpufreq",672000.000000
813995835603978,0,"cpufreq",556800.000000
813995835609915,1,"cpufreq",556800.000000
813995850075019,0,"cpufreq",1132800.000000
813995850080488,1,"cpufreq",1132800.000000
813995851558561,0,"cpufreq",1344000.000000
813995851561373,1,"cpufreq",1344000.000000
813995851827675,0,"cpufreq",787200.000000
813995851830644,1,"cpufreq",787200.000000
813995852316634,0,"cpufreq",1344000.000000
813995852318978,1,"cpufreq",1344000.000000
813995853076738,0,"cpufreq",787200.000000
813995853079290,1,"cpufreq",787200.000000
813995853568248,0,"cpufreq",556800.000000
813995853569707,1,"cpufreq",556800.000000
813996004776113,0,"cpufreq",672000.000000
813996004779915,1,"cpufreq",672000.000000
813996006152415,0,"cpufreq",556800.000000
813996006159030,1,"cpufreq",556800.000000
813996401188509,0,"cpufreq",672000.000000
813996401193248,1,"cpufreq",672000.000000
813996406899759,0,"cpufreq",556800.000000
813996406904602,1,"cpufreq",556800.000000
813996572239811,0,"cpufreq",1344000.000000
813996572243613,1,"cpufreq",1344000.000000
813996572447936,0,"cpufreq",787200.000000
813996572450227,1,"cpufreq",787200.000000
813996572570904,0,"cpufreq",1344000.000000
813996572573509,1,"cpufreq",1344000.000000
813996572673821,0,"cpufreq",787200.000000
813996572676217,1,"cpufreq",787200.000000
813996574526373,0,"cpufreq",1344000.000000
813996574528509,1,"cpufreq",1344000.000000
813996588531790,0,"cpufreq",556800.000000
813996588534134,1,"cpufreq",556800.000000
813996604336217,0,"cpufreq",787200.000000
813996604339915,1,"cpufreq",787200.000000
813996606511321,0,"cpufreq",556800.000000
813996606514706,1,"cpufreq",556800.000000
813996610388196,0,"cpufreq",787200.000000
813996610392727,1,"cpufreq",787200.000000
813996611173925,0,"cpufreq",556800.000000
813996611175644,1,"cpufreq",556800.000000
813996611427623,0,"cpufreq",672000.000000
813996611434654,1,"cpufreq",672000.000000
813996611683509,0,"cpufreq",787200.000000
813996611688040,1,"cpufreq",787200.000000
813996611837154,0,"cpufreq",556800.000000
813996611838769,1,"cpufreq",556800.000000
813996620340436,0,"cpufreq",672000.000000
813996620345644,1,"cpufreq",672000.000000
813996636897050,0,"cpufreq",556800.000000
813996636903925,1,"cpufreq",556800.000000
813996644272467,0,"cpufreq",787200.000000
813996644277519,1,"cpufreq",787200.000000
813996651476373,0,"cpufreq",556800.000000
813996651479602,1,"cpufreq",556800.000000
813996668170384,0,"cpufreq",672000.000000
813996668175696,1,"cpufreq",672000.000000
813996687281790,0,"cpufreq",556800.000000
813996687287988,1,"cpufreq",556800.000000
813996901760331,5,"cpufreq",614400.000000
813996901761738,6,"cpufreq",614400.000000
813996902091738,5,"cpufreq",1075200.000000
813996902093040,6,"cpufreq",1075200.000000
813996902156217,5,"cpufreq",1190400.000000
813996902157467,6,"cpufreq",1190400.000000
813996902563300,0,"cpufreq",672000.000000
813996902568196,1,"cpufreq",672000.000000
813996903594342,0,"cpufreq",556800.000000
813996903599238,1,"cpufreq",556800.000000
813996904788977,0,"cpufreq",1132800.000000
813996904792571,1,"cpufreq",1132800.000000
813996904977415,0,"cpufreq",1804800.000000
813996904979654,1,"cpufreq",1804800.000000
813996906207258,0,"cpufreq",556800.000000
813996906208300,1,"cpufreq",556800.000000
813996906215540,5,"cpufreq",1075200.000000
813996906216842,6,"cpufreq",1075200.000000
813996906599706,0,"cpufreq",672000.000000
813996906604915,1,"cpufreq",672000.000000
813996906621321,5,"cpufreq",499200.000000
813996906625592,6,"cpufreq",499200.000000
813996907471165,0,"cpufreq",556800.000000
813996907476321,1,"cpufreq",556800.000000
813996984863404,0,"cpufreq",787200.000000
813996984869290,1,"cpufreq",787200.000000
813996989883040,0,"cpufreq",556800.000000
813996989887154,1,"cpufreq",556800.000000
813996999098352,0,"cpufreq",672000.000000
813996999103717,1,"cpufreq",672000.000000
813997010322935,0,"cpufreq",556800.000000
813997010325227,1,"cpufreq",556800.000000
813997020815227,0,"cpufreq",672000.000000
813997020816529,1,"cpufreq",672000.000000
813997040033821,0,"cpufreq",556800.000000
813997040039238,1,"cpufreq",556800.000000
813997291527415,0,"cpufreq",1344000.000000
813997291532831,1,"cpufreq",1344000.000000
813997308370800,0,"cpufreq",556800.000000
813997308372310,1,"cpufreq",556800.000000
813997965083196,0,"cpufreq",672000.000000
813997965086737,1,"cpufreq",672000.000000
813997969186581,0,"cpufreq",556800.000000
813997969191893,1,"cpufreq",556800.000000
813997969386581,0,"cpufreq",672000.000000
813997969388560,1,"cpufreq",672000.000000
813997969662727,0,"cpufreq",787200.000000
813997969664446,1,"cpufreq",787200.000000
813997970341060,0,"cpufreq",556800.000000
813997970343508,1,"cpufreq",556800.000000
813997972534289,0,"cpufreq",672000.000000
813997972537675,1,"cpufreq",672000.000000
813997972803508,0,"cpufreq",556800.000000
813997972806060,1,"cpufreq",556800.000000
813997976190539,0,"cpufreq",672000.000000
813997976192206,1,"cpufreq",672000.000000
813997979587675,0,"cpufreq",1344000.000000
813997979591893,1,"cpufreq",1344000.000000
813997979846112,0,"cpufreq",672000.000000
813997979847466,1,"cpufreq",672000.000000
813997980221425,0,"cpufreq",787200.000000
813997980224237,1,"cpufreq",787200.000000
813997982374862,0,"cpufreq",672000.000000
813997982376373,1,"cpufreq",672000.000000
813997992368977,0,"cpufreq",787200.000000
813997992372987,1,"cpufreq",787200.000000
813997993452466,0,"cpufreq",672000.000000
813997993454133,1,"cpufreq",672000.000000
813997995054029,0,"cpufreq",902400.000000
813997995056737,1,"cpufreq",902400.000000
813997995512050,0,"cpufreq",787200.000000
813997995514081,1,"cpufreq",787200.000000
813997995757779,0,"cpufreq",902400.000000
813997995759706,1,"cpufreq",902400.000000
813997996115748,0,"cpufreq",672000.000000
813997996117362,1,"cpufreq",672000.000000
813997996558091,0,"cpufreq",1017600.000000
813997996562518,1,"cpufreq",1017600.000000
813997998151841,0,"cpufreq",1132800.000000
813997998154550,1,"cpufreq",1132800.000000
813997998167779,5,"cpufreq",614400.000000
813997998170487,6,"cpufreq",614400.000000
813997998311321,0,"cpufreq",1017600.000000
813997998312779,1,"cpufreq",1017600.000000
813997998322258,5,"cpufreq",499200.000000
813997998323664,6,"cpufreq",499200.000000
813997998647362,0,"cpufreq",1248000.000000
813997998649341,1,"cpufreq",1248000.000000
813997998658196,5,"cpufreq",614400.000000
813997998659498,6,"cpufreq",614400.000000
813997998782935,0,"cpufreq",1017600.000000
813997998784706,1,"cpufreq",1017600.000000
813997998794966,5,"cpufreq",729600.000000
813997998796164,6,"cpufreq",729600.000000
813997998928873,5,"cpufreq",499200.000000
813997998931789,6,"cpufreq",499200.000000
813997999238196,0,"cpufreq",902400.000000
813997999240904,1,"cpufreq",902400.000000
813997999249393,5,"cpufreq",614400.000000
813997999251841,6,"cpufreq",614400.000000
813997999405018,0,"cpufreq",1017600.000000
813997999406633,1,"cpufreq",1017600.000000
813997999641581,5,"cpufreq",499200.000000
813997999642779,6,"cpufreq",499200.000000
813997999749237,0,"cpufreq",902400.000000
813997999752102,1,"cpufreq",902400.000000
813997999762571,5,"cpufreq",614400.000000
813997999765123,6,"cpufreq",614400.000000
813998000233925,0,"cpufreq",1248000.000000
813998000235383,1,"cpufreq",1248000.000000
813998000241633,5,"cpufreq",499200.000000
813998000242518,6,"cpufreq",499200.000000
813998000318143,0,"cpufreq",1017600.000000
813998000320383,1,"cpufreq",1017600.000000
813998000608300,0,"cpufreq",787200.000000
813998000609914,1,"cpufreq",787200.000000
813998000617466,5,"cpufreq",614400.000000
813998000618716,6,"cpufreq",614400.000000
813998000903508,5,"cpufreq",729600.000000
813998000907050,6,"cpufreq",729600.000000
813998002178248,0,"cpufreq",902400.000000
813998002180487,1,"cpufreq",902400.000000
813998002480904,0,"cpufreq",787200.000000
813998002483768,1,"cpufreq",787200.000000
813998004344966,5,"cpufreq",844800.000000
813998004346164,6,"cpufreq",844800.000000
813998004569081,5,"cpufreq",729600.000000
813998004572883,6,"cpufreq",729600.000000
813998006262831,0,"cpufreq",1017600.000000
813998006264029,1,"cpufreq",1017600.000000
813998006423560,0,"cpufreq",1132800.000000
813998006425487,1,"cpufreq",1132800.000000
813998007851633,0,"cpufreq",1248000.000000
813998007852935,1,"cpufreq",1248000.000000
813998008094810,0,"cpufreq",1459200.000000
813998008096373,1,"cpufreq",1459200.000000
813998008434393,0,"cpufreq",1574400.000000
813998008436321,1,"cpufreq",1574400.000000
813998009122050,0,"cpufreq",787200.000000
813998009123508,1,"cpufreq",787200.000000
813998009133143,5,"cpufreq",960000.000000
813998009133977,6,"cpufreq",960000.000000
813998010645071,0,"cpufreq",1017600.000000
813998010648612,1,"cpufreq",1017600.000000
813998010714602,5,"cpufreq",614400.000000
813998010717779,6,"cpufreq",614400.000000
813998011689446,0,"cpufreq",1344000.000000
813998011691216,1,"cpufreq",1344000.000000
813998011703091,5,"cpufreq",1190400.000000
813998011705123,6,"cpufreq",1190400.000000
813998012022466,0,"cpufreq",902400.000000
813998012023456,1,"cpufreq",902400.000000
813998012270904,0,"cpufreq",1132800.000000
813998012273716,1,"cpufreq",1132800.000000
813998012442466,0,"cpufreq",1689600.000000
813998012443196,1,"cpufreq",1689600.000000
813998012654966,0,"cpufreq",1248000.000000
813998012656164,1,"cpufreq",1248000.000000
813998012732310,0,"cpufreq",1804800.000000
813998012734550,1,"cpufreq",1804800.000000
813998013427466,0,"cpufreq",1689600.000000
813998013428560,1,"cpufreq",1689600.000000
813998013591685,0,"cpufreq",1344000.000000
813998013592310,1,"cpufreq",1344000.000000
813998013715904,0,"cpufreq",1017600.000000
813998013716998,1,"cpufreq",1017600.000000
813998014545956,0,"cpufreq",1689600.000000
813998014546737,1,"cpufreq",1689600.000000
813998014984029,0,"cpufreq",1804800.000000
813998014984810,1,"cpufreq",1804800.000000
813998016275435,0,"cpufreq",1017600.000000
813998016276112,1,"cpufreq",1017600.000000
813998017036998,0,"cpufreq",1248000.000000
813998017038768,1,"cpufreq",1248000.000000
813998017478664,0,"cpufreq",1017600.000000
813998017479498,1,"cpufreq",1017600.000000
813998018036008,0,"cpufreq",902400.000000
813998018037310,1,"cpufreq",902400.000000
813998018362258,0,"cpufreq",787200.000000
813998018363039,1,"cpufreq",787200.000000
813998018711268,0,"cpufreq",902400.000000
813998018715175,1,"cpufreq",902400.000000
813998019242050,0,"cpufreq",1248000.000000
813998019242935,1,"cpufreq",1248000.000000
813998019502050,0,"cpufreq",787200.000000
813998019502935,1,"cpufreq",787200.000000
813998021108612,0,"cpufreq",1017600.000000
813998021109446,1,"cpufreq",1017600.000000
813998021221841,0,"cpufreq",787200.000000
813998021222883,1,"cpufreq",787200.000000
813998023261789,0,"cpufreq",1248000.000000
813998023264029,1,"cpufreq",1248000.000000
813998024231164,0,"cpufreq",1344000.000000
813998024233248,1,"cpufreq",1344000.000000
813998024342154,0,"cpufreq",1248000.000000
813998024342779,1,"cpufreq",1248000.000000
813998024476946,0,"cpufreq",1344000.000000
813998024479393,1,"cpufreq",1344000.000000
813998027646216,0,"cpufreq",1017600.000000
813998027648352,1,"cpufreq",1017600.000000
813998027668300,5,"cpufreq",960000.000000
813998027671060,6,"cpufreq",960000.000000
813998028287623,0,"cpufreq",1132800.000000
813998028289706,1,"cpufreq",1132800.000000
813998028298039,5,"cpufreq",844800.000000
813998028299810,6,"cpufreq",844800.000000
813998028520800,5,"cpufreq",960000.000000
813998028522310,6,"cpufreq",960000.000000
813998028771529,5,"cpufreq",844800.000000
813998028772935,6,"cpufreq",844800.000000
813998029226685,0,"cpufreq",1459200.000000
813998029228352,1,"cpufreq",1459200.000000
813998031003560,5,"cpufreq",960000.000000
813998031004810,6,"cpufreq",960000.000000
813998031559133,5,"cpufreq",844800.000000
813998031560383,6,"cpufreq",844800.000000
813998031599237,0,"cpufreq",1248000.000000
813998031600227,1,"cpufreq",1248000.000000
813998032353248,0,"cpufreq",1459200.000000
813998032354810,1,"cpufreq",1459200.000000
813998035009393,0,"cpufreq",1344000.000000
813998035010695,1,"cpufreq",1344000.000000
813998035017154,5,"cpufreq",960000.000000
813998035018612,6,"cpufreq",960000.000000
813998036193977,5,"cpufreq",844800.000000
813998036195227,6,"cpufreq",844800.000000
813998040272623,0,"cpufreq",1248000.000000
813998040273925,1,"cpufreq",1248000.000000
813998040281373,5,"cpufreq",960000.000000
813998040283456,6,"cpufreq",960000.000000
813998044175852,0,"cpufreq",787200.000000
813998044177675,1,"cpufreq",787200.000000
813998044193925,5,"cpufreq",499200.000000
813998044195279,6,"cpufreq",499200.000000
813998048433716,0,"cpufreq",902400.000000
813998048437727,1,"cpufreq",902400.000000
813998050023300,0,"cpufreq",787200.000000
813998050025383,1,"cpufreq",787200.000000
813998050816893,0,"cpufreq",672000.000000
813998050820279,1,"cpufreq",672000.000000
813998053006789,5,"cpufreq",614400.000000
813998053008612,6,"cpufreq",614400.000000
813998053540070,5,"cpufreq",499200.000000
813998053541633,6,"cpufreq",499200.000000
813998053981373,5,"cpufreq",614400.000000
813998053986998,6,"cpufreq",614400.000000
813998054318560,5,"cpufreq",499200.000000
813998054320643,6,"cpufreq",499200.000000
813998059407258,0,"cpufreq",902400.000000
813998059411425,1,"cpufreq",902400.000000
813998060359862,0,"cpufreq",556800.000000
813998060363039,1,"cpufreq",556800.000000
813998062441008,0,"cpufreq",672000.000000
813998062447154,1,"cpufreq",672000.000000
813998063024914,0,"cpufreq",556800.000000
813998063026841,1,"cpufreq",556800.000000
813998078462779,2,"cpufreq",2707200.000000
813998078464498,3,"cpufreq",2707200.000000
813998078465695,4,"cpufreq",2707200.000000
813998093984550,2,"cpufreq",614400.000000
813998093987675,3,"cpufreq",614400.000000
813998093990487,4,"cpufreq",614400.000000
813998108421893,0,"cpufreq",672000.000000
813998108427050,1,"cpufreq",672000.000000
813998109570800,0,"cpufreq",1017600.000000
813998109575904,1,"cpufreq",1017600.000000
813998114691320,0,"cpufreq",556800.000000
813998114694081,1,"cpufreq",556800.000000
813998148744498,0,"cpufreq",672000.000000
813998148748716,1,"cpufreq",672000.000000
813998149277987,0,"cpufreq",556800.000000
813998149280591,1,"cpufreq",556800.000000
813998174461841,0,"cpufreq",787200.000000
813998174466945,1,"cpufreq",787200.000000
813998190160279,0,"cpufreq",556800.000000
813998190164185,1,"cpufreq",556800.000000
813998199731425,0,"cpufreq",672000.000000
813998199735643,1,"cpufreq",672000.000000
813998201961633,0,"cpufreq",556800.000000
813998201963404,1,"cpufreq",556800.000000
813998203884602,0,"cpufreq",787200.000000
813998203890018,1,"cpufreq",787200.000000
813998204779341,0,"cpufreq",556800.000000
813998204782935,1,"cpufreq",556800.000000
813998206310800,0,"cpufreq",672000.000000
813998206313925,1,"cpufreq",672000.000000
813998206608456,0,"cpufreq",556800.000000
813998206611060,1,"cpufreq",556800.000000
813998209607779,0,"cpufreq",787200.000000
813998209609706,1,"cpufreq",787200.000000
813998225779029,0,"cpufreq",902400.000000
813998225781633,1,"cpufreq",902400.000000
813998235548560,0,"cpufreq",787200.000000
813998235552154,1,"cpufreq",787200.000000
813998237756789,0,"cpufreq",556800.000000
813998237761216,1,"cpufreq",556800.000000
813998246759029,0,"cpufreq",672000.000000
813998246763977,1,"cpufreq",672000.000000
813998247570695,0,"cpufreq",1248000.000000
813998247574602,1,"cpufreq",1248000.000000
813998248392675,0,"cpufreq",1017600.000000
813998248395122,1,"cpufreq",1017600.000000
813998251667310,0,"cpufreq",1344000.000000
813998251671685,1,"cpufreq",1344000.000000
813998252319341,0,"cpufreq",902400.000000
813998252320904,1,"cpufreq",902400.000000
813998268130435,0,"cpufreq",556800.000000
813998268133300,1,"cpufreq",556800.000000
813998304686268,0,"cpufreq",787200.000000
813998304690070,1,"cpufreq",787200.000000
813998317457831,0,"cpufreq",556800.000000
813998317460956,1,"cpufreq",556800.000000
813998712271685,0,"cpufreq",1017600.000000
813998712275226,1,"cpufreq",1017600.000000
813998716335851,0,"cpufreq",556800.000000
813998716337935,1,"cpufreq",556800.000000
813999206721945,0,"cpufreq",1017600.000000
813999206727205,1,"cpufreq",1017600.000000
813999208309341,0,"cpufreq",902400.000000
813999208311320,1,"cpufreq",902400.000000
813999211544393,0,"cpufreq",556800.000000
813999211548091,1,"cpufreq",556800.000000
813999436279653,0,"cpufreq",672000.000000
813999436285018,1,"cpufreq",672000.000000
813999451566268,0,"cpufreq",1344000.000000
813999451569080,1,"cpufreq",1344000.000000
813999468264549,0,"cpufreq",1689600.000000
813999468268195,1,"cpufreq",1689600.000000
813999480200591,0,"cpufreq",1804800.000000
813999480202674,1,"cpufreq",1804800.000000
813999499456945,0,"cpufreq",556800.000000
813999499457987,1,"cpufreq",556800.000000
813999620549445,0,"cpufreq",787200.000000
813999620555903,1,"cpufreq",787200.000000
813999622245174,0,"cpufreq",672000.000000
813999622248664,1,"cpufreq",672000.000000
813999622601632,0,"cpufreq",556800.000000
813999622603976,1,"cpufreq",556800.000000
813999623601737,0,"cpufreq",672000.000000
813999623607101,1,"cpufreq",672000.000000
813999623743403,0,"cpufreq",787200.000000
813999623746476,1,"cpufreq",787200.000000
813999624232674,0,"cpufreq",556800.000000
813999624234445,1,"cpufreq",556800.000000
813999626118872,0,"cpufreq",902400.000000
813999626123768,1,"cpufreq",902400.000000
813999628297466,0,"cpufreq",1344000.000000
813999628302518,1,"cpufreq",1344000.000000
813999636286164,0,"cpufreq",1017600.000000
813999636287674,1,"cpufreq",1017600.000000
813999640280434,0,"cpufreq",1344000.000000
813999640283299,1,"cpufreq",1344000.000000
813999640388768,0,"cpufreq",1017600.000000
813999640390122,1,"cpufreq",1017600.000000
813999644155851,0,"cpufreq",902400.000000
813999644157778,1,"cpufreq",902400.000000
813999662000330,0,"cpufreq",556800.000000
813999662003612,1,"cpufreq",556800.000000
