run,clientPid,callback,generation,requestId,client_resolveNs,client_registerNs,client_encodeNs,request_transportNs,server_admissionNs,server_queueNs,server_dispatchNs,server_businessNs,server_reply_encodeNs,reply_transportNs,client_resumeNs,totalNs
traceon4,1466,213673524,1,51,151146,291615,462969,133020,478646,179427,658073,20938,15677,116927,220312,2070677
traceon4,1466,213673524,1,52,237396,398490,100469,101145,115834,107552,223386,20677,12864,98594,182552,1375573
traceon4,1466,213673524,1,53,109583,71719,71354,93021,100000,97240,197240,18489,22761,83177,170052,837396
traceon4,1466,213673524,1,54,108906,60365,62917,89427,102135,122083,224218,18646,13334,85000,166198,829011
traceon4,1466,213673524,1,55,129844,69948,64063,101198,117083,109323,226406,13958,11979,82240,157135,856771
traceon4,1466,213673524,1,56,101302,51719,66770,88177,99688,116719,216407,18646,13125,84531,159427,800104
traceon4,1466,213673524,1,57,98750,49010,70365,83906,91094,98281,189375,32187,13698,231719,169375,938385
traceon4,1466,213673524,1,58,142812,76250,58855,93697,108490,108385,216875,16303,12239,185469,184427,986927
traceon4,1466,213673524,1,59,151407,63698,46302,82187,117083,127657,244740,15104,11458,79115,232812,926823
traceon4,1466,213673524,1,60,105156,52188,51666,109479,114323,121980,236303,17604,11354,87448,156146,827344
traceon4,1466,213673524,1,61,111927,63438,64687,90052,108802,100730,209532,17447,11667,79688,176250,824688
traceon4,1466,213673524,1,62,111718,59948,60521,88177,112813,84843,197656,13750,10625,70990,130729,744114
traceon4,1466,213673524,1,63,103333,85417,64739,80521,96042,88333,184375,12344,10364,66511,195156,802760
traceon4,1466,213673524,1,64,109583,60886,61614,79427,94479,99688,194167,29167,12291,78802,141146,767083
traceon4,1466,213673524,1,65,103646,64740,83594,76927,104583,98229,202812,14792,10781,69219,124844,751355
traceon4,1466,213673524,1,66,93802,81667,52031,79375,95260,88177,183437,13438,10885,75209,158281,748125
traceon4,1466,213673524,1,67,100573,54427,63958,204480,121354,119791,241145,16302,12344,86927,172917,953073
traceon4,1466,213673524,1,68,111198,65729,53542,98333,110156,110156,220312,17396,11459,99687,176979,854635
traceon4,1466,213673524,1,69,105000,52343,68229,90209,249479,387448,636927,18646,21875,224896,200416,1418541
traceon4,1466,213673524,1,70,118437,67917,64896,102187,103594,111250,214844,22448,13333,103125,185781,892968
traceon4,1466,213673524,1,71,117969,86823,62864,113542,122552,118854,241406,18282,11875,106718,177188,936667
traceon4,1466,213673524,1,72,100417,51146,63125,87865,99531,104635,204166,19531,11980,84479,164687,787396
traceon4,1466,213673524,1,73,96823,49688,58333,83802,97604,104480,202084,20989,12188,84427,165364,773698
traceon4,1466,213673524,1,74,99011,49739,59063,80104,105990,147656,253646,20104,11979,184792,198437,956875
traceon4,1466,213673524,1,75,179011,49583,69479,101459,90833,94583,185416,16927,10834,74166,160729,847604
traceon4,1466,213673524,1,76,140312,104427,68698,101511,113854,101875,215729,17292,12656,114219,177343,952187
traceon4,1466,213673524,1,77,237865,56614,71771,86615,102083,95677,197760,14427,10781,75521,193177,944531
traceon4,1466,213673524,1,78,115312,73698,63177,83750,108177,98750,206927,31823,12761,73229,161823,822500
traceon4,1466,213673524,1,79,117916,56094,52917,85468,105625,93282,198907,18229,12500,68854,128802,739687
traceon4,1466,213673524,1,80,92448,61875,54635,74219,100260,95261,195521,14531,11354,72292,128541,705416
traceon4,1466,213673524,1,81,103437,52865,51458,73230,104270,96875,201145,16198,10313,69375,128750,706771
traceon4,1466,213673524,1,82,95105,47760,62031,75729,102084,106562,208646,13959,10572,70730,125573,710105
traceon4,1466,213673524,1,83,140833,55990,58489,71511,99739,90157,189896,14218,10000,73438,123750,738125
traceon4,1466,213673524,1,84,230052,71407,72343,78282,101302,92344,193646,15885,13385,75157,209375,959532
traceon4,1466,213673524,1,85,107552,52291,51667,68646,111823,96302,208125,24114,11615,72031,144636,740677
traceon4,1466,213673524,1,86,95417,49895,73386,81927,93646,94427,188073,17916,11146,131823,127292,776875
traceon4,1466,213673524,1,87,84062,48490,57864,87917,125156,111146,236302,17135,11042,85990,150052,778854
traceon4,1466,213673524,1,88,101667,54792,55521,97812,129896,104948,234844,19844,10833,77083,161719,814115
traceon4,1466,213673524,1,89,105677,54636,53854,97864,96198,91875,188073,14896,10990,68698,125000,719688
traceon4,1466,213673524,1,90,104895,50365,62708,75625,100313,94531,194844,17552,32500,68490,108802,715781
traceon4,1466,213673524,1,91,88907,49531,60885,92240,134583,116094,250677,14062,10834,73281,133177,773594
traceon4,1466,213673524,1,92,95625,48646,53958,69063,105052,92708,197760,13750,10469,72813,253802,815886
traceon4,1466,213673524,1,93,263594,50573,55521,121979,91458,91355,182813,17291,11615,233698,162864,1099948
traceon4,1466,213673524,1,94,108906,50730,61302,83958,97135,102448,199583,19844,11719,98489,210573,845104
traceon4,1466,213673524,1,95,105000,80261,58385,84688,93750,120156,213906,20417,12812,113594,204896,893959
traceon4,1466,213673524,1,96,103177,60417,64063,104687,124427,112240,236667,19531,13021,567708,219948,1389219
traceon4,1466,213673524,1,97,160834,92343,59063,103594,101718,125625,227343,22188,13594,100156,200729,979844
traceon4,1466,213673524,1,98,114688,62344,65677,102187,96198,108073,204271,21146,13594,81562,177761,843230
traceon4,1466,213673524,1,99,101770,53802,74688,88333,96823,102240,199063,19219,25885,76719,175937,815416
traceon4,1466,213673524,1,100,97708,49792,60417,74323,102604,100000,202604,17760,11979,81875,219167,815625
traceon4,1466,213673524,1,101,102291,55678,71197,79063,90104,91667,181771,28385,12136,93281,321094,944896
traceon4,1466,213673524,1,102,108594,53437,57709,74583,88177,109531,197708,18021,11563,68073,191562,781250
traceon4,1466,213673524,1,103,280157,347604,106614,128282,124791,180938,305729,16823,13489,106667,182083,1487448
traceon4,1466,213673524,1,104,86770,47709,48281,80312,103073,93282,196355,15052,11979,79896,230156,796510
traceon4,1466,213673524,1,105,130208,60313,66146,91093,105209,100833,206042,16719,12083,78750,279740,941094
traceon4,1466,213673524,1,106,129375,63333,63542,92708,102188,101718,203906,22552,11250,316771,238750,1142187
traceon4,1466,213673524,1,107,138386,81718,89792,167135,127292,112344,239636,15625,12239,89792,157031,991354
traceon4,1466,213673524,1,108,144531,70990,55573,102604,110625,121302,231927,16042,12656,115208,166511,916042
traceon4,1466,213673524,1,109,115989,59219,54115,77812,92188,92916,185104,16511,12239,71094,162031,754114
traceon4,1466,213673524,1,110,137084,61354,145573,121771,92448,105885,198333,14167,10156,63177,221250,972865
traceon4,1466,213673524,1,111,108542,70781,57240,86510,92813,103073,195886,13802,18646,57083,173750,782240
traceon4,1466,213673524,1,112,103333,100364,58230,71406,93802,100677,194479,16042,12031,67760,173750,797395
traceon4,1466,213673524,1,113,114167,62604,59948,84479,119167,91458,210625,13906,11615,65104,142604,765052
traceon4,1466,213673524,1,114,95520,79532,57604,81719,102864,94479,197343,14375,11407,64322,122813,724635
traceon4,1466,213673524,1,115,88802,49219,53490,70833,93698,90260,183958,12865,11250,61041,125261,656719
traceon4,1466,213673524,1,116,104479,54584,63593,110469,95677,92396,188073,15104,11198,77292,122656,747448
traceon4,1466,213673524,1,117,106042,49739,61354,74896,105886,97343,203229,13959,11145,66355,121302,708021
traceon4,1466,213673524,1,118,117656,61198,65625,68282,95312,88750,184062,13385,10105,60729,179739,760781
traceon4,1466,213673524,1,119,112917,59219,170937,91458,99896,87448,187344,14167,10208,60781,145625,852656
traceon4,1466,213673524,1,120,175625,71927,81302,78490,103958,100730,204688,21406,25625,114896,164375,938334
traceon4,1466,213673524,1,121,110521,60260,54011,101979,130833,108646,239479,16302,12761,97604,138073,830990
traceon4,1466,213673524,1,122,124323,60417,62344,79270,102240,100573,202813,15885,12396,118333,148959,824740
traceon4,1466,213673524,1,123,103177,53073,56823,112968,112344,106354,218698,14948,11094,85937,148698,805416
traceon4,1466,213673524,1,124,118386,55260,70313,87604,100989,101719,202708,14427,10990,79323,134583,773594
traceon4,1466,213673524,1,125,182657,77031,79844,102500,132291,135886,268177,49843,13073,120782,227447,1121354
traceon4,1466,213673524,1,126,132917,58906,58958,91407,105573,138125,243698,14427,9687,101667,383073,1094740
traceon4,1466,213673524,1,127,143958,55677,68594,176406,128386,101927,230313,23125,10521,92812,336198,1137604
traceon4,1466,213673524,1,128,145833,58021,61354,506979,121354,336979,458333,15625,10573,331719,553646,2142083
traceon4,1466,213673524,1,129,102291,85261,53437,271406,119115,119531,238646,15886,10156,107864,188386,1073333
traceon4,1466,213673524,1,130,115782,55729,73177,98802,125573,114740,240313,18177,10989,100156,205105,918230
traceon4,1466,213673524,1,131,180260,85573,53646,116302,97500,109114,206614,14740,10208,106302,174948,948593
traceon4,1466,213673524,1,132,174219,88385,74427,131563,110260,110312,220572,15834,20989,100886,174531,1001406
traceon4,1466,213673524,1,133,194063,102291,57917,101615,95833,107448,203281,10833,8542,216510,195886,1090938
traceon4,1466,213673524,1,134,148594,50625,58645,356146,112813,108958,221771,10885,9896,73802,699792,1630156
traceon4,1466,213673524,1,135,71094,58385,57761,226614,109532,108958,218490,11354,9479,118021,206511,977709
traceon4,1466,213673524,1,136,131979,60625,62292,88437,110469,107864,218333,16771,10938,98281,180260,867916
traceon4,1466,213673524,1,137,111250,58750,80729,94219,123229,102813,226042,13906,9219,103958,170677,868750
traceon4,1466,213673524,1,138,135313,72864,59896,84427,108855,100885,209740,14427,11198,76458,321146,985469
traceon4,1466,213673524,1,139,115416,70782,58541,79063,93125,101562,194687,14427,9636,77916,153073,773541
traceon4,1466,213673524,1,140,121771,75052,56354,98438,117865,93906,211771,10989,8125,70313,150364,803177
traceon4,1466,213673524,1,141,106614,64584,55521,110416,105417,170469,275886,22031,10208,251407,157083,1053750
traceon4,1466,213673524,1,142,96042,52812,135313,711823,174166,108750,282916,15573,10313,138437,165625,1608854
traceon4,1466,213673524,1,143,100730,89531,51562,86302,111980,129739,241719,15521,10052,119479,189844,904740
traceon4,1466,213673524,1,144,143125,58750,58906,80938,107083,97240,204323,15104,10052,72552,199323,843073
traceon4,1466,213673524,1,145,103594,78593,57761,71823,92031,95781,187812,13698,9896,69792,198645,791614
traceon4,1466,213673524,1,146,130208,200781,69063,81719,105000,87760,192760,12187,9636,69271,163385,929010
traceon4,1466,213673524,1,147,110729,56615,54843,76407,103125,92708,195833,13698,9635,67136,163073,747969
traceon4,1466,213673524,1,148,111562,61563,69896,70833,104323,88958,193281,20417,8802,71979,175677,784010
traceon4,1466,213673524,1,149,135729,64010,47761,86146,111510,105365,216875,14687,10104,179427,164323,919062
traceon4,1466,213673524,1,150,100885,70938,56146,94114,216406,141875,358281,14375,10000,90469,228854,1024062
traceon4,1466,213673524,1,151,188073,80365,50729,83958,109740,104114,213854,13229,9948,84271,161042,885469
traceon4,1466,213673524,1,152,121042,80469,53073,77135,91146,93802,184948,13594,10729,84531,168490,794011
traceon4,1466,213673524,1,153,125365,82917,65833,84844,95885,99219,195104,22396,10469,87343,177969,852240
traceon4,1466,213673524,1,154,110000,85052,106771,99375,120312,124844,245156,11458,8907,68593,216719,952031
traceon4,1466,213673524,1,155,113542,81614,58750,83802,107396,97292,204688,11250,9844,68125,243125,874740
traceon4,1466,213673524,1,156,151145,80834,62604,89740,105625,95416,201041,11771,8438,73750,176822,856145
traceon4,1466,213673524,1,157,134375,82396,55208,77969,103593,101094,204687,13281,9375,72500,160521,810312
traceon4,1466,213673524,1,158,93385,67969,58646,70625,103125,91094,194219,12187,16615,149270,258490,921406
traceon4,1466,213673524,1,159,126823,72760,46667,76719,225312,261458,486770,14167,9740,121458,192813,1147917
traceon4,1466,213673524,1,160,112136,64687,54896,81198,102448,98490,200938,14791,9844,78073,198073,814636
traceon4,1466,213673524,1,161,116198,59010,53698,78646,99635,94011,193646,12969,8645,246823,273334,1042969
traceon4,1466,213673524,1,162,111354,73698,60105,79895,152136,99219,251355,23697,9323,92709,223333,925469
traceon4,1466,213673524,1,163,114219,75364,53646,76406,109271,103646,212917,13802,8854,82813,172083,810104
traceon4,1466,213673524,1,164,116458,60105,56562,81354,118646,99271,217917,12448,9531,70625,168698,793698
traceon4,1466,213673524,1,165,132448,78802,53646,87604,104427,99011,203438,13177,9375,69166,158334,805990
traceon4,1466,213673524,1,166,103020,74636,58281,73438,95937,95000,190937,12656,9532,234948,169947,927395
traceon4,1466,213673524,1,167,116875,76614,57761,71614,95677,100834,196511,12135,9271,107864,175625,824270
traceon4,1466,213673524,1,168,98437,75677,114427,84688,118437,97917,216354,14479,10052,234427,221302,1069843
traceon4,1466,213673524,1,169,107032,68854,72708,79479,99688,103802,203490,23541,9948,99063,233594,897709
traceon4,1466,213673524,1,170,167083,69219,57500,77395,105313,98802,204115,14583,41407,83333,207083,921718
traceon4,1466,213673524,1,171,111927,75625,59375,76563,100937,99219,200156,13959,8906,72239,159167,777917
traceon4,1466,213673524,1,172,121458,69271,55156,76302,116719,99271,215990,12813,8489,234896,201042,995417
traceon4,1466,213673524,1,173,162448,87136,65260,97500,105104,95730,200834,13072,8438,87396,199010,921094
traceon4,1466,213673524,1,174,129844,79948,47708,80208,99688,125833,225521,19948,8542,248229,205990,1045938
traceon4,1466,213673524,1,175,137968,162292,128385,109271,101511,150625,252136,15000,11666,82396,170886,1070000
traceon4,1466,213673524,1,176,132031,68281,50625,102917,114739,95730,210469,14895,10469,81302,221354,892343
traceon4,1466,213673524,1,177,157136,69218,62396,94740,116094,138385,254479,14479,9844,115729,199740,977761
traceon4,1466,213673524,1,178,130105,69583,90885,118959,105729,102760,208489,13177,9167,81042,182864,904271
traceon4,1466,213673524,1,179,124791,76615,54739,98334,131354,105260,236614,13907,20520,75417,191719,892656
traceon4,1466,213673524,1,180,126927,80261,59375,84375,106718,101980,208698,13802,8906,74010,166979,823333
traceon4,1466,213673524,1,181,108490,73698,67500,82500,129844,106250,236094,12968,9584,75989,178021,844844
traceon4,1466,213673524,1,182,114687,71042,47500,72031,156927,94583,251510,11563,8750,237864,189167,1004114
traceon4,1466,213673524,1,183,217760,190573,64896,95989,167344,112865,280209,22864,9636,147396,204635,1233958
traceon4,1466,213673524,1,184,116510,87969,49792,126614,103281,105209,208490,16562,10521,91615,271198,979271
traceon4,1466,213673524,1,185,125260,78542,64062,90105,113489,105781,219270,15782,10833,99427,218229,921510
traceon4,1466,213673524,1,186,133594,78698,54687,123803,101562,92188,193750,11145,9219,85990,178177,869063
traceon4,1466,213673524,1,187,114531,75781,50417,99166,97709,90312,188021,10990,9375,80833,171563,800677
traceon4,1466,213673524,1,188,146979,75364,55052,107552,100000,94584,194584,10989,8698,78959,151823,830000
traceon4,1466,213673524,1,189,119114,70729,68646,97448,108750,92760,201510,10990,8490,78906,152760,808593
traceon4,1466,213673524,1,190,148646,85000,58229,83646,96250,91927,188177,10573,8958,71563,213281,868073
traceon4,1466,213673524,1,191,101771,64271,53906,91875,97344,101198,198542,13802,9531,82448,193906,810052
traceon4,1466,213673524,1,192,180677,101771,164375,105052,90833,111771,202604,15990,12031,89010,239167,1110677
traceon4,1466,213673524,1,193,116302,79271,56666,113490,93906,105990,199896,16250,11093,78698,164688,836354
traceon4,1466,213673524,1,194,114843,60209,83646,92552,112083,137708,249791,11094,8854,77396,149219,847604
traceon4,1466,213673524,1,195,113229,80833,52813,85625,99375,96093,195468,27917,10156,80469,152292,798802
traceon4,1466,213673524,1,196,138386,64427,65000,88021,96614,100469,197083,11042,8489,79063,168541,820052
traceon4,1466,213673524,1,197,112292,88802,52396,84270,98490,87604,186094,10469,8229,92760,156042,791354
traceon4,1466,213673524,1,198,110208,57344,74323,83906,154375,92344,246719,10729,9167,76198,167916,836510
traceon4,1466,213673524,1,199,146562,72188,45104,74375,90521,114375,204896,13073,9375,75469,188645,829687
traceon4,1466,213673524,1,200,141771,79427,124948,204740,97604,204948,302552,16875,21458,86459,157656,1135886
traceon4,1466,213673524,1,201,121302,72604,54011,153646,105208,97604,202812,12500,9115,62656,145312,833958
traceon4,1466,213673524,1,202,107291,60209,97291,74688,119479,105521,225000,12344,9375,63645,146667,796510
traceon4,1466,213673524,1,203,145312,67760,54948,74532,95729,96510,192239,13021,10573,62552,164844,785781
traceon4,1466,213673524,1,204,115937,74531,62969,73906,92292,87240,179532,13333,9687,64219,141302,735416
traceon4,1466,213673524,1,205,127135,76615,63073,81302,112292,98021,210313,10416,16250,108698,160573,854375
traceon4,1466,213673524,1,206,114531,80729,64531,89219,93229,90000,183229,12344,9219,76042,156822,786666
traceon4,1466,213673524,1,207,128281,79219,51875,68020,97657,107552,205209,13437,9688,95833,217031,868593
traceon4,1466,213673524,1,208,125365,77135,50833,92553,91354,94583,185937,13021,10364,81875,167188,804271
traceon4,1466,213673524,1,209,131459,75000,73541,241302,96042,90938,186980,11718,9063,75469,185000,989532
traceon4,1466,213673524,1,210,188333,66146,58542,93177,108542,104010,212552,11927,9271,105365,172552,917865
traceon4,1466,213673524,1,211,132083,80937,74115,84479,115990,108906,224896,13385,10365,74688,184843,879791
traceon4,1466,213673524,1,212,129167,76354,59114,121927,96823,99636,196459,14010,9688,91458,166979,865156
traceon4,1466,213673524,1,213,126459,70104,83177,84219,91458,97917,189375,14375,9895,83021,155521,816146
traceon4,1466,213673524,1,214,130573,80104,57865,84063,101666,95469,197135,15677,10521,72812,179115,827865
traceon4,1466,213673524,1,215,121927,64843,75573,122032,160572,136928,297500,15156,11250,86146,192135,986562
traceon4,1466,213673524,1,216,121406,74896,51927,159167,103854,114479,218333,24792,10937,84479,173750,919687
traceon4,1466,213673524,1,217,125938,75781,61458,100000,109792,168073,277865,13906,10104,81615,194062,940729
traceon4,1466,213673524,1,218,132917,92239,57188,87187,98438,126562,225000,11823,10469,109167,242552,968542
traceon4,1466,213673524,1,219,120104,72135,65834,122031,97500,97083,194583,12031,9584,228021,167760,992083
traceon4,1466,213673524,1,220,121458,80677,53594,115781,102552,99584,202136,12187,9896,80885,182605,859219
traceon4,1466,213673524,1,221,134792,75625,53229,105417,94323,102708,197031,20313,9843,83438,157604,837292
traceon4,1466,213673524,1,222,130156,74375,58177,106511,94739,90417,185156,11927,9375,94427,145937,816041
traceon4,1466,213673524,1,223,123906,72344,57188,101718,91823,122292,214115,16250,11146,89062,233854,919583
traceon4,1466,213673524,1,224,134635,81719,49271,194479,101406,144635,246041,11355,8958,102292,316406,1145156
traceon4,1466,213673524,1,225,140417,76615,259218,150313,107500,105729,213229,15625,10781,105938,201354,1173490
traceon4,1466,213673524,1,226,171980,67395,63125,293073,106407,107968,214375,15365,20000,86458,220938,1152709
traceon4,1466,213673524,1,227,143229,65677,69480,96822,106980,111406,218386,17396,11041,81250,173646,876927
traceon4,1466,213673524,1,228,121667,100573,55156,73698,91823,146302,238125,14167,10156,72448,158802,844792
traceon4,1466,213673524,1,229,126146,80208,59740,118541,97396,93229,190625,11563,8854,91458,155469,842604
traceon4,1466,213673524,1,230,142500,91198,54688,98437,94427,88490,182917,11458,8542,90312,158906,838958
traceon4,1466,213673524,1,231,119375,69532,51770,101719,109584,87239,196823,10990,10573,87031,153385,801198
traceon4,1466,213673524,1,232,137396,174844,89323,117916,103177,90990,194167,11875,8802,74063,236250,1044636
traceon4,1466,213673524,1,233,127708,61250,68855,147343,102084,90833,192917,12083,9011,153958,221250,994375
traceon4,1466,213673524,1,234,109166,80730,65885,84896,103281,105625,208906,12396,9531,103177,168125,842812
traceon4,1466,213673524,1,235,114792,76406,57604,85625,115729,107396,223125,11302,10052,75625,159375,813906
traceon4,1466,213673524,1,236,112656,59323,76667,107969,96302,111093,207395,14948,10261,119844,206718,915781
traceon4,1466,213673524,1,237,124427,76146,68698,83125,128802,96354,225156,11979,9740,74375,152135,825781
traceon4,1466,213673524,1,238,112292,87552,74114,86927,96355,91093,187448,13229,11459,74427,149635,797083
traceon4,1466,213673524,1,239,118489,67396,61719,83646,93229,94114,187343,11042,8958,67084,160625,766302
traceon4,1466,213673524,1,240,121458,90104,107656,92188,87916,103021,190937,14375,11354,95000,304011,1027083
traceon4,1466,213673524,1,241,117396,62812,150573,195729,92761,166979,259740,10885,9219,97292,203906,1107552
traceon4,1466,213673524,1,242,184635,88854,53073,108802,92917,156458,249375,22031,10261,82552,178594,978177
traceon4,1466,213673524,1,243,121614,63594,54427,87760,92292,95833,188125,13542,9792,90156,191354,820364
traceon4,1466,213673524,1,244,132969,82135,54375,109531,95000,89427,184427,11511,9479,78437,159167,822031
traceon4,1466,213673524,1,245,146771,70521,62604,101667,93541,89948,183489,11511,9114,90990,468541,1145208
traceon4,1466,213673524,1,246,133802,82552,67396,104844,123958,113594,237552,12135,10105,91927,182291,922604
traceon4,1466,213673524,1,247,132552,84688,69687,104428,102812,113750,216562,17292,20989,84219,168021,898438
traceon4,1466,213673524,1,248,110469,78542,60573,90781,99635,111406,211041,13334,9114,107813,222344,904011
traceon4,1466,213673524,1,249,247448,163541,67448,86979,106771,371563,478334,15208,10729,91146,229740,1390573
traceon4,1466,213673524,1,250,194375,73385,59427,91250,117865,130312,248177,14636,10781,81146,167552,940729
traceon4,1466,213673524,1,251,163438,104687,61354,88750,97865,91146,189011,12083,8854,69375,145677,843229
traceon4,1466,213673524,1,252,126718,70990,54792,102760,95469,85937,181406,11615,18385,79375,145209,791250
traceon4,1466,213673524,1,253,133281,76250,64323,85625,91250,94167,185417,13750,9479,68698,161042,797865
traceon4,1466,213673524,1,254,125625,68750,59531,77031,92396,111094,203490,13490,10468,67969,157865,784219
traceon4,1466,213673524,1,255,111979,60000,77396,73438,93489,87604,181093,12813,9010,67604,147917,741250
traceon4,1466,213673524,1,256,120573,76406,64896,85885,106407,93906,200313,10469,8854,74844,207656,849896
traceon4,1466,213673524,1,257,199010,74167,71146,88020,96823,101302,198125,14011,9844,98593,239115,992031
traceon4,1466,213673524,1,258,125469,68854,64271,99636,105416,108334,213750,13541,8854,78334,203385,876094
traceon4,1466,213673524,1,259,130313,70937,63386,91979,100573,94375,194948,13698,9687,75834,275364,926146
traceon4,1466,213673524,1,260,115938,95312,61719,76719,91510,99844,191354,13802,9531,78177,185782,828334
traceon4,1466,213673524,1,261,109635,74531,66302,75261,90260,93021,183281,11719,10677,73802,176406,781614
traceon4,1466,213673524,1,262,119167,81302,55469,78541,87136,96198,183334,12500,9687,71979,161823,773802
traceon4,1466,213673524,1,263,109115,90365,60052,78645,101980,96979,198959,25625,10052,71875,173802,818490
traceon4,1466,213673524,1,264,141511,83489,60625,81146,85625,89427,175052,14219,10677,67969,173073,807761
traceon4,1466,213673524,1,265,268125,85469,186666,122448,110782,119531,230313,10833,8542,76094,338125,1326615
traceon4,1466,213673524,1,266,335208,64740,70938,112968,120521,104479,225000,10625,8854,86303,158645,1073281
traceon4,1466,213673524,1,267,116771,66823,57500,95052,94166,92240,186406,10885,8490,73125,178177,793229
traceon4,1466,213673524,1,268,126094,86615,48854,108542,94114,116198,210312,18229,9740,78489,187344,874219
traceon4,1466,213673524,1,269,106250,183230,59427,99843,111094,93802,204896,10417,8854,105208,184167,962292
traceon4,1466,213673524,1,270,104792,69947,50105,83750,106927,113073,220000,14635,9896,248906,171979,974010
traceon4,1466,213673524,1,271,138229,85312,55678,201250,101718,176146,277864,12292,9479,258542,463854,1502500
traceon4,1466,213673524,1,272,267708,63750,64167,2619843,280938,147083,428021,13490,12239,219063,210729,3899010
traceon4,1466,213673524,1,273,140782,69218,64271,792969,250417,516979,767396,14114,21198,135521,1673333,3678802
traceon4,1466,213673524,1,274,157448,81562,61615,248021,157552,120000,277552,14844,11354,284479,216094,1352969
traceon4,1466,213673524,1,275,144479,109375,50104,200521,123125,452448,575573,14896,10885,102136,241875,1449844
traceon4,1466,213673524,1,276,341093,74167,75833,100104,125469,114584,240053,14427,10781,99635,259375,1215468
traceon4,1466,213673524,1,277,126875,71458,45677,252969,111041,222761,333802,12291,9688,106458,175677,1134895
traceon4,1466,213673524,1,278,117396,88281,52136,115833,106302,120521,226823,14010,10521,92188,195573,912761
traceon4,1466,213673524,1,279,158489,76042,59635,101303,106458,185989,292447,15834,12083,93333,201563,1010729
traceon4,1466,213673524,1,280,130833,86980,51093,86719,104115,148020,252135,14948,10157,95156,237344,965365
traceon4,1466,213673524,1,281,124792,105104,53229,88333,102240,109531,211771,16667,10937,93125,191771,895729
traceon4,1466,213673524,1,282,121146,78593,41667,84010,93282,95521,188803,13177,9843,78334,183906,799479
traceon4,1466,213673524,1,283,123229,63646,43438,90052,102083,101406,203489,12709,8906,77865,191197,814531
traceon4,1466,213673524,1,284,128281,61094,51927,94895,100365,107552,207917,15104,10938,98333,186511,855000
traceon4,1466,213673524,1,285,142396,74792,46510,91979,112553,295260,407813,14896,10573,81927,342396,1213282
traceon4,1466,213673524,1,286,120521,79844,194896,117812,102865,118021,220886,14114,10834,125833,223542,1108282
traceon4,1466,213673524,1,287,154427,72031,66719,121719,109583,126302,235885,15729,22969,122083,191979,1003541
traceon4,1466,213673524,1,288,109844,53333,51094,151198,112552,135417,247969,14843,10938,116719,205989,961927
traceon4,1466,213673524,1,289,325886,79218,48907,115312,130625,171302,301927,141615,11562,176823,226875,1428125
traceon4,1466,213673524,1,290,142136,59791,53334,302604,110156,118646,228802,15729,11563,93958,176614,1084531
traceon4,1466,213673524,1,291,127657,77864,58334,108281,97917,115989,213906,19948,12344,102604,181719,902657
traceon4,1466,213673524,1,292,126406,60416,89115,141510,102813,113698,216511,14010,10209,80625,166875,905677
traceon4,1466,213673524,1,293,121406,59323,62083,107761,100260,106406,206666,12240,8906,82396,159115,819896
traceon4,1466,213673524,1,294,124011,61562,51563,101614,100834,93437,194271,12500,22188,83125,156770,807604
traceon4,1466,213673524,1,295,126980,57812,69167,102656,100677,95938,196615,12708,9115,84062,162188,821303
traceon4,1466,213673524,1,296,119115,56302,47135,90000,104688,119739,224427,11615,9375,88437,199219,845625
traceon4,1466,213673524,1,297,116041,62292,66198,195000,416615,120781,537396,13802,9844,85677,165677,1251927
traceon4,1466,213673524,1,298,129062,50417,49219,94948,117239,135469,252708,15365,10885,80208,170313,853125
traceon4,1466,213673524,1,299,120937,53698,51094,112916,100000,118282,218282,18385,23125,98229,172865,869531
traceon4,1466,213673524,1,300,128594,56041,50782,127447,110625,105261,215886,12969,9323,87291,157344,845677
traceon4,1466,213673524,1,301,114011,55208,54583,88542,103177,99531,202708,14115,10833,87657,147916,775573
traceon4,1466,213673524,1,302,112604,61146,56718,79219,111354,92500,203854,10834,8750,83645,145677,762447
traceon4,1466,213673524,1,303,110937,53594,48333,79115,102500,91354,193854,11250,10729,81302,145209,734323
traceon4,1466,213673524,1,304,124271,53438,50104,129323,103073,91771,194844,11770,11771,87604,135261,798386
traceon4,1466,213673524,1,305,108750,59219,53229,119739,96511,94114,190625,12605,9114,83958,145834,783073
traceon4,1466,213673524,1,306,125104,63073,49427,84010,101719,120521,222240,11875,9427,81563,149739,796458
traceon4,1466,213673524,1,307,109427,48959,48906,84635,103490,95573,199063,12135,8958,84063,147812,743958
traceon4,1466,213673524,1,308,108229,64375,50052,86146,102448,94427,196875,10833,27396,86354,146355,776615
traceon4,1466,213673524,1,309,109323,53333,47761,82187,103438,98750,202188,12187,9740,97760,148125,762604
traceon4,1466,213673524,1,310,107709,58385,51146,92656,106667,133541,240208,27240,12031,101927,157552,848854
traceon4,1466,213673524,1,311,121563,55833,61406,119479,132188,118437,250625,14323,9792,93594,153958,880573
traceon4,1466,213673524,1,312,100156,48906,52553,93489,95000,122136,217136,19062,12865,108854,168021,821042
traceon4,1466,213673524,1,313,108021,54375,51458,124167,110989,118542,229531,15000,10521,105885,194636,893594
traceon4,1466,213673524,1,314,113438,56302,82812,103334,111406,110052,221458,14479,10833,77240,205781,885677
traceon4,1466,213673524,1,315,108177,49479,49375,127448,114115,118698,232813,29375,13385,92448,152135,854635
traceon4,1466,213673524,1,316,110417,46927,60521,98229,105625,115729,221354,15104,11458,82969,129167,776146
traceon4,1466,213673524,1,317,107709,47135,58386,97395,118959,116198,235157,16354,11614,81511,130625,785886
traceon4,1466,213673524,1,318,107292,45938,56406,121666,106146,114219,220365,16354,9896,81146,133073,792136
traceon4,1466,213673524,1,319,109271,46354,56615,95781,98125,121771,219896,15990,11250,93489,167344,815990
traceon4,1466,213673524,1,320,105625,46250,59427,91979,107761,113437,221198,17032,22291,86094,132135,782031
traceon4,1466,213673524,1,321,105781,45625,50365,93541,100625,115469,216094,15677,11198,85052,126094,749427
traceon4,1466,213673524,1,322,167239,49063,52604,96146,104739,147344,252083,14011,10833,80469,169531,891979
traceon4,1466,213673524,1,323,162239,85886,51510,115365,114687,119584,234271,15677,76770,271198,170105,1183021
traceon4,1466,213673524,1,324,108698,50885,49167,79896,125417,115677,241094,16041,11198,93438,156666,807083
traceon4,1466,213673524,1,325,125885,53906,53282,127447,104219,96406,200625,12136,9271,97031,146615,826198
traceon4,1466,213673524,1,326,102239,45782,45572,97084,106562,101042,207604,11875,9375,84844,159218,763593
traceon4,1466,213673524,1,327,95938,62031,52969,98958,102188,91823,194011,12239,8802,84844,134271,744063
traceon4,1466,213673524,1,328,97969,44739,45469,96094,122500,92396,214896,11197,8178,83697,132136,734375
traceon4,1466,213673524,1,329,98386,57083,45521,98594,106145,96927,203072,23803,10156,79635,131250,747500
traceon4,1466,213673524,1,330,96146,43750,53854,100417,113437,98907,212344,11718,8542,95000,180625,802396
traceon4,1466,213673524,1,331,102813,49791,68386,102395,104063,96458,200521,11667,8125,87031,222448,853177
traceon4,1466,213673524,1,332,102032,46562,51250,94063,107968,122657,230625,14375,9323,74062,136302,758594
traceon4,1466,213673524,1,333,98750,43073,69791,105938,106771,94114,200885,11980,8958,82187,128959,750521
traceon4,1466,213673524,1,334,96563,47500,50573,99739,112552,89636,202188,12968,9219,79896,130000,728646
traceon4,1466,213673524,1,335,95781,42292,64792,96979,104062,92031,196093,11198,8282,81875,130468,727760
traceon4,1466,213673524,1,336,95677,44114,44167,91510,104375,186980,291355,23541,9271,80261,132135,812031
traceon4,1466,213673524,1,337,91563,42552,42239,100938,113854,96875,210729,12240,8593,80157,152187,741198
traceon4,1466,213673524,1,338,100312,44948,44427,90208,98178,102395,200573,15313,9427,85625,163542,754375
traceon4,1466,213673524,1,339,104635,46875,56511,124739,107396,97083,204479,12813,8698,78541,136563,773854
traceon4,1466,213673524,1,340,110417,53333,52031,174063,102239,97553,199792,13437,8958,76927,130105,819063
traceon4,1466,213673524,1,341,99584,89166,52396,135469,135625,98542,234167,11666,19219,83958,130469,856094
traceon4,1466,213673524,1,342,96979,43177,53021,96875,105885,94688,200573,10885,8438,82968,130052,722968
traceon4,1466,213673524,1,343,100365,46719,50729,97031,104583,98490,203073,12188,9739,82344,131979,734167
traceon4,1466,213673524,1,344,108333,43854,53802,94115,105885,93334,199219,11250,9791,81042,133594,735000
traceon4,1466,213673524,1,345,99010,48906,53125,99740,104531,233125,337656,12448,11875,84323,147500,894583
traceon4,1466,213673524,1,346,94792,52865,45364,92136,109323,97083,206406,11875,10364,106615,128438,748855
traceon4,1466,213673524,1,347,92083,42761,48906,95521,103489,95313,198802,11979,9427,80781,130209,710469
traceon4,1466,213673524,1,348,95625,56302,48020,104480,109114,97084,206198,11406,9531,80990,130677,743229
traceon4,1466,213673524,1,349,95677,49375,50885,99948,104740,91771,196511,13281,11615,80885,189948,788125
traceon4,1466,213673524,1,350,108438,46666,52448,100417,144010,122761,266771,11562,8230,73750,174427,842709
traceon4,1466,213673524,1,351,100990,42812,50886,108125,117552,111510,229062,11250,9531,98334,140260,791250
traceon4,1466,213673524,1,352,124896,42291,54427,98438,96406,130573,226979,14896,10208,93177,167292,832604
traceon4,1466,213673524,1,353,122709,45364,46980,93489,105469,102604,208073,11927,9375,85938,132760,756615
traceon4,1466,213673524,1,354,107344,45573,61354,94479,122031,104375,226406,11615,8489,87448,128854,771562
traceon4,1466,213673524,1,355,109114,88282,57031,90989,106094,99271,205365,10833,8907,91302,136458,798281
traceon4,1466,213673524,1,356,104062,47865,64896,89792,105833,97396,203229,13125,8541,87709,133489,752708
traceon4,1466,213673524,1,357,98803,60312,56823,90990,105520,101094,206614,22292,8594,93125,130260,767813
traceon4,1466,213673524,1,358,99843,43542,60000,91510,105313,123385,228698,11875,8021,91146,131042,765677
traceon4,1466,213673524,1,359,146198,58750,57708,87969,108281,100781,209062,11146,9063,89843,164375,834114
traceon4,1466,213673524,1,360,97917,43750,50312,92240,140468,107136,247604,12604,10208,96146,138073,788854
traceon4,1466,213673524,1,361,113437,45052,63698,113281,129844,120781,250625,12136,8802,95625,176875,879531
traceon4,1466,213673524,1,362,114271,50260,62500,105990,133177,121458,254635,27344,10729,105677,149167,880573
traceon4,1466,213673524,1,363,106875,45677,71615,110000,132291,117344,249635,13542,11093,101042,141458,850937
traceon4,1466,213673524,1,364,135313,50052,62031,130573,115573,110208,225781,12865,9479,93021,148281,867396
traceon4,1466,213673524,1,365,110209,50677,67031,100469,109791,108125,217916,12396,10521,93958,138907,802084
traceon4,1466,213673524,1,366,102708,51771,59011,101302,110833,107604,218437,12657,10468,92344,139740,788438
traceon4,1466,213673524,1,367,100834,44791,50417,109479,123229,111302,234531,11615,38906,97709,150208,838490
traceon4,1466,213673524,1,368,100886,44219,50000,108073,125312,112031,237343,11771,8906,91771,133334,786303
traceon4,1466,213673524,1,369,99947,44896,51198,95417,115156,115313,230469,13073,8437,88438,129583,761458
traceon4,1466,213673524,1,370,100313,44323,60260,96094,100781,105834,206615,12916,9844,86198,133958,750521
traceon4,1466,213673524,1,371,107291,47865,57917,76302,106562,117552,224114,12813,9687,85782,126927,748698
traceon4,1466,213673524,1,372,113073,45677,59739,76459,104323,105156,209479,13646,9062,98802,133334,759271
traceon4,1466,213673524,1,373,107396,44739,61459,102031,106875,106094,212969,13333,10625,85729,128958,767239
traceon4,1466,213673524,1,374,118645,46667,60104,80417,104010,108959,212969,12708,9687,85053,134843,761093
traceon4,1466,213673524,1,375,99896,47552,54375,79948,104114,107657,211771,13854,10104,82656,129844,730000
traceon4,1466,213673524,1,376,106667,58125,59271,82760,126771,108125,234896,12500,9792,83333,140521,787865
traceon4,1466,213673524,1,377,107447,46459,58177,123958,147448,131146,278594,16458,12500,104479,165782,913854
traceon4,1466,213673524,1,378,136197,77969,72292,96198,127500,170052,297552,21250,13125,123177,173437,1011197
traceon4,1466,213673524,1,379,277188,63593,68907,147083,138177,145885,284062,16823,11354,99688,183802,1152500
traceon4,1466,213673524,1,380,147709,80521,67552,93073,145156,165208,310364,20313,13906,94375,170156,997969
traceon4,1466,213673524,1,381,134063,62500,63437,95156,181563,136719,318282,16614,12813,97239,169271,969375
traceon4,1466,213673524,1,382,154428,61822,85365,105000,137344,124062,261406,16927,13073,94792,171094,963907
traceon4,1466,213673524,1,383,133281,61250,73438,99635,133177,128490,261667,31458,11511,93697,171667,937604
traceon4,1466,213673524,1,384,129583,60573,82135,89427,134792,183229,318021,19844,11823,130989,210052,1052447
traceon4,1466,213673524,1,385,208281,84323,70833,102604,160990,143229,304219,19375,12292,107760,189271,1098958
traceon4,1466,213673524,1,386,146771,64843,93750,110886,149896,136979,286875,21510,14427,104219,189011,1032292
traceon4,1466,213673524,1,387,141771,63385,70833,129896,167240,146198,313438,16823,13020,117240,198750,1065156
traceon4,1466,213673524,1,388,141719,64323,76719,131510,156875,170365,327240,17916,45938,99062,189948,1094375
traceon4,1466,213673524,1,389,108334,45625,61770,85157,122552,107708,230260,14531,10573,83646,159219,799115
traceon4,1466,213673524,1,390,114063,48593,68177,90157,114479,114219,228698,14739,10729,83542,140521,799219
traceon4,1466,213673524,1,391,116250,48021,60416,89115,116250,110625,226875,14114,9844,87083,142865,794583
traceon4,1466,213673524,1,392,120365,51927,68698,103958,130365,125781,256146,15677,11771,98646,219531,946719
traceon4,1466,213673524,1,393,139479,54375,66094,86302,143177,125886,269063,16302,11666,97136,162500,902917
traceon4,1466,213673524,1,394,121875,54375,60521,87031,130625,125677,256302,15886,10364,92761,155000,854115
traceon4,1466,213673524,1,395,129636,54323,61927,91510,123854,111094,234948,14740,10729,88750,156146,842709
traceon4,1466,213673524,1,396,119271,53541,55938,89323,120156,114063,234219,13645,10052,86407,215156,877552
traceon4,1466,213673524,1,397,132084,82448,67968,135834,130052,143698,273750,14427,10833,106563,155729,979636
traceon4,1466,213673524,1,398,125729,56719,62448,102395,124219,117969,242188,15833,12240,91302,150208,859062
traceon4,1466,213673524,1,399,114583,69323,66198,91719,122291,118542,240833,15052,11823,82396,156406,848333
traceon4,1466,213673524,1,400,123542,52292,64687,144271,170000,153073,323073,19739,14532,98229,194583,1034948
traceon4,1466,213673524,1,401,155052,75468,93542,113750,158646,150052,308698,19740,14739,100990,194844,1076823
traceon4,1466,213673524,1,402,143906,70938,64583,106719,194635,145625,340260,20157,15625,104739,207969,1074896
traceon4,1466,213673524,1,403,149271,69322,85678,111354,159062,138386,297448,19114,14063,101562,188594,1036406
traceon4,1466,213673524,1,404,154480,75416,74531,143073,159532,156666,316198,41407,14010,105052,189792,1113959
traceon4,1466,213673524,1,405,153385,78073,95886,114687,155469,149844,305313,20885,14479,104375,188073,1075156
traceon4,1466,213673524,1,406,159480,73177,74218,103855,170052,146614,316666,19479,13386,87656,369792,1217709
traceon4,1466,213673524,1,407,162344,98386,75416,152709,228802,170625,399427,20625,13385,118594,255521,1296407
traceon4,1466,213673524,1,408,148125,68073,72292,120000,139843,136198,276041,18542,11875,170885,250365,1136198
traceon4,1466,213673524,1,409,159635,70938,87812,115156,161146,163959,325105,57239,16302,100834,240104,1173125
traceon4,1466,213673524,1,410,154635,66719,80573,112656,137239,206667,343906,19271,15937,108698,211042,1113437
traceon4,1466,213673524,1,411,159011,67604,73906,98334,137968,131146,269114,20521,13646,143385,220990,1066511
traceon4,1466,213673524,1,412,168229,67031,78906,116771,136511,150052,286563,21093,14375,114011,215208,1082187
traceon4,1466,213673524,1,413,141458,66198,78021,173385,158542,156406,314948,19792,14010,124219,272188,1204219
traceon4,1466,213673524,1,414,174063,72864,74896,105937,145313,145885,291198,18646,28959,112604,225312,1104479
traceon4,1466,213673524,1,415,151459,67708,70365,115833,160833,153334,314167,22291,16198,119479,253542,1131042
traceon4,1466,213673524,1,416,152136,97760,89011,121250,142968,158542,301510,22031,14584,118437,240521,1157240
traceon4,1466,213673524,1,417,206041,74740,89844,122552,141927,157864,299791,19584,14583,101094,202083,1130312
traceon4,1466,213673524,1,418,140833,97813,76927,103385,127500,130886,258386,17395,11771,111615,203541,1021666
traceon4,1466,213673524,1,419,146927,68333,76979,101354,145157,130520,275677,17969,13750,281511,192239,1174739
traceon4,1466,213673524,1,420,135677,60000,101510,115886,180989,131615,312604,30000,12604,94896,197343,1060520
traceon4,1466,213673524,1,421,136042,63489,74792,96979,118646,133958,252604,18229,12396,90365,187552,932448
traceon4,1466,213673524,1,422,122969,66145,80677,91459,121562,116407,237969,17239,11146,99792,187708,915104
traceon4,1466,213673524,1,423,121875,61406,61667,91927,119010,119219,238229,16823,11823,92343,197448,893541
traceon4,1466,213673524,1,424,146354,64010,127761,114479,139375,133542,272917,18385,13594,104166,209688,1071354
traceon4,1466,213673524,1,425,135469,56823,86198,113333,124011,137916,261927,38802,12292,93073,212448,1010365
traceon4,1466,213673524,1,426,134687,59636,92604,111041,126094,137500,263594,19792,12344,98697,198073,990468
traceon4,1466,213673524,1,427,134531,68021,68750,150677,136719,133802,270521,18646,12500,110937,273750,1108333
traceon4,1466,213673524,1,428,149479,71406,84479,140886,158177,143073,301250,19948,12447,99428,230520,1109843
traceon4,1466,213673524,1,429,139271,61875,85677,109844,139166,141615,280781,20156,13177,103073,205365,1019219
traceon4,1466,213673524,1,430,142396,63177,73594,105521,126718,133490,260208,58698,14375,107344,214583,1039896
traceon4,1466,213673524,1,431,145417,62500,125312,110521,125625,142761,268386,22031,13177,110677,197708,1055729
traceon4,1466,213673524,1,432,139270,68177,74740,103750,148021,137500,285521,19271,13385,109740,205521,1019375
traceon4,1466,213673524,1,433,170781,62031,75365,169896,135521,143906,279427,19010,12969,101667,229427,1120573
traceon4,1466,213673524,1,434,213333,66979,77813,108698,119739,216980,336719,20364,11302,93177,223542,1151927
traceon4,1466,213673524,1,435,131145,57761,72812,93594,116406,138125,254531,15677,26407,103020,213959,968906
traceon4,1466,213673524,1,436,137552,65781,79167,108385,137709,128645,266354,18125,12553,90364,199844,978125
traceon4,1466,213673524,1,437,129739,103959,70156,112917,133958,132708,266666,19948,12396,99479,192969,1008229
traceon4,1466,213673524,1,438,129427,60469,126094,105833,126927,127708,254635,16407,12291,107396,200261,1012813
traceon4,1466,213673524,1,439,137031,77448,75521,116302,116510,133802,250312,19375,12292,96979,191667,976927
traceon4,1466,213673524,1,440,133802,63021,70937,90990,118906,125156,244062,17552,11719,117760,224375,974218
traceon4,1466,213673524,1,441,111771,53594,82864,107292,113229,116771,230000,15833,9948,114219,252239,977760
traceon4,1466,213673524,1,442,135573,51250,58437,95104,110157,110677,220834,16406,10937,95469,190521,874531
traceon4,1466,213673524,1,443,130520,52709,88646,109687,112448,124688,237136,18645,12032,87604,190677,927656
traceon4,1466,213673524,1,444,125416,57813,72969,100052,104531,119271,223802,17448,10833,304531,238698,1151562
traceon4,1466,213673524,1,445,119583,50625,92708,101355,155833,166562,322395,19428,11666,102813,180052,1000625
traceon4,1466,213673524,1,446,126823,53646,71250,98958,111771,122031,233802,15157,10885,104948,183281,898750
traceon4,1466,213673524,1,447,127448,51667,79583,116719,108906,122865,231771,18385,11510,92240,197760,927083
traceon4,1466,213673524,1,448,122448,52083,64636,98593,165000,124323,289323,22552,13334,401510,268906,1333385
traceon4,1466,213673524,1,449,205417,152708,81771,125469,120052,123437,243489,17396,14323,123125,255104,1218802
traceon4,1466,213673524,1,450,153802,64480,77864,123021,141198,137240,278438,20468,13750,110417,225312,1067552
traceon4,1466,213673524,1,451,128229,54740,66094,102031,112292,124739,237031,51823,13333,93594,206667,953542
traceon4,1466,213673524,1,452,142448,53958,66667,99739,104792,142656,247448,18385,11459,87344,165468,892916
traceon4,1466,213673524,1,453,121979,53542,62291,83803,126927,112343,239270,14584,11406,91667,206875,885417
traceon4,1466,213673524,1,454,149062,54583,57761,91406,106406,112240,218646,16823,9323,83698,157396,838698
traceon4,1466,213673524,1,455,106771,45625,63385,85209,97031,101302,198333,14479,9583,88125,162136,773646
traceon4,1466,213673524,1,456,115417,64739,65365,93385,101615,116771,218386,33854,12083,99844,316979,1020052
traceon4,1466,213673524,1,457,111875,49218,62500,104480,164218,119115,283333,19583,12396,334375,217344,1195104
traceon4,1466,213673524,1,458,118646,68229,68698,91771,117760,108542,226302,17656,10573,111875,203177,916927
traceon4,1466,213673524,1,459,128802,59583,68125,98959,103646,120104,223750,17448,10989,92604,174063,874323
traceon4,1466,213673524,1,460,113385,51719,75677,93073,107812,121459,229271,13489,10313,99114,197084,883125
traceon4,1466,213673524,1,461,123906,50417,71510,106667,107500,130000,237500,16406,30052,96927,172657,906042
traceon4,1466,213673524,1,462,120000,49948,80365,100937,105417,109792,215209,15104,10521,104635,176667,873386
traceon4,1466,213673524,1,463,116459,51458,66146,90104,139062,111459,250521,15468,11042,94011,183281,878490
traceon4,1466,213673524,1,464,162292,52188,91406,96823,106562,149479,256041,17136,10729,100573,208385,995573
traceon4,1466,213673524,1,465,102812,44740,71615,86822,92344,118750,211094,16406,10209,100781,168698,813177
traceon4,1466,213673524,1,466,114479,45677,64271,108073,101042,121718,222760,16980,11093,107969,184375,875677
traceon4,1466,213673524,1,467,111875,45938,55312,94531,113959,112552,226511,16823,11823,88645,184532,835990
traceon4,1466,213673524,1,468,112084,52969,63229,97083,94635,114271,208906,14532,11197,90573,187657,838230
traceon4,1466,213673524,1,469,111510,53073,60833,93907,102916,105782,208698,12916,10000,90834,155833,797604
traceon4,1466,213673524,1,470,112448,49166,60938,92864,150261,108177,258438,14167,10156,107916,181771,887864
traceon4,1466,213673524,1,471,111094,52344,62083,91406,101459,120104,221563,15677,11041,94948,176667,836823
traceon4,1466,213673524,1,472,104271,45990,54844,137812,147031,98177,245208,41511,10729,260156,251875,1152396
traceon4,1466,213673524,1,473,126458,48542,57708,105521,123906,111979,235885,16823,11146,117292,160000,879375
traceon4,1466,213673524,1,474,113593,47813,62292,93593,99167,109062,208229,15469,10156,86980,170885,809010
traceon4,1466,213673524,1,475,105990,61094,61719,102656,94323,106927,201250,15521,10364,86667,172552,817813
traceon4,1466,213673524,1,476,107656,46823,62187,94844,113177,115781,228958,15469,9740,88073,161145,814895
traceon4,1466,213673524,1,477,118021,114062,67605,95625,96875,104270,201145,29115,10885,98542,160208,895208
traceon4,1466,213673524,1,478,114167,46823,67344,94791,97032,108437,205469,16302,9792,96250,160364,811302
traceon4,1466,213673524,1,479,110782,80000,61458,94010,99219,102031,201250,13073,10417,94844,185937,851771
traceon4,1466,213673524,1,480,113125,46198,60313,95208,130469,118281,248750,15365,9948,124322,173542,886771
traceon4,1466,213673524,1,481,118854,50052,78802,89427,194219,99792,294011,12917,9114,94271,175417,922865
traceon4,1466,213673524,1,482,108750,48333,65885,94740,103490,101250,204740,12343,22657,98385,161146,816979
traceon4,1466,213673524,1,483,105989,45365,76562,97813,94219,109739,203958,14479,10365,84375,169115,808021
traceon4,1466,213673524,1,484,107969,46979,65729,105938,99583,128802,228385,16146,10364,96459,174114,852083
traceon4,1466,213673524,1,485,110365,49583,77136,97604,101614,112188,213802,15312,10469,93802,192188,860261
traceon4,1466,213673524,1,486,114688,53385,62135,92188,98177,100521,198698,12552,10417,99062,158906,802031
traceon4,1466,213673524,1,487,112916,46875,55000,118907,112812,115833,228645,14636,10052,104271,169635,860937
traceon4,1466,213673524,1,488,102448,44844,58385,89948,94740,103750,198490,13802,11042,86718,168490,774167
traceon4,1466,213673524,1,489,117708,52657,66770,93594,118542,111198,229740,14271,10468,103907,184791,873906
traceon4,1466,213673524,1,490,169063,49635,63229,98490,99219,109948,209167,14739,11198,94844,161562,871927
traceon4,1466,213673524,1,491,111250,46459,63489,101980,96197,111250,207447,16042,11042,89739,160469,807917
traceon4,1466,213673524,1,492,126615,51771,58229,87344,92187,101511,193698,13541,10157,94166,189063,824584
traceon4,1466,213673524,1,493,110990,47135,63594,97240,115989,116302,232291,15625,11303,90000,169270,837448
traceon4,1466,213673524,1,494,117656,49323,57239,93073,101771,139271,241042,15000,11198,89792,174166,848489
traceon4,1466,213673524,1,495,111875,46927,60260,94115,98125,108541,206666,15834,11718,89063,158021,794479
traceon4,1466,213673524,1,496,113020,75938,55104,90104,96250,102396,198646,11927,10833,96980,161250,813802
traceon4,1466,213673524,1,497,111250,45365,67864,93021,103229,148490,251719,15885,9844,91823,160260,847031
traceon4,1466,213673524,1,498,108958,59167,63698,105573,95989,109792,205781,30417,10364,93854,227344,905156
traceon4,1466,213673524,1,499,119479,47969,72656,88646,91615,109531,201146,15521,10000,111979,178906,846302
traceon4,1466,213673524,1,500,111198,48489,72188,88541,96511,105417,201928,13489,11250,102604,159011,808698
traceon4,1466,213673524,1,501,116771,52396,62760,91250,93229,112344,205573,15052,11042,91198,166927,812969
traceon4,1466,213673524,1,502,102813,45417,63593,82969,108073,103594,211667,14323,10677,102604,177500,811563
traceon4,1466,213673524,1,503,105833,44427,95261,102031,100156,113073,213229,15313,21562,91979,170521,860156
traceon4,1466,213673524,1,504,109219,51667,80885,92448,115729,109167,224896,15260,11875,88542,172344,847136
traceon4,1466,213673524,1,505,107084,46875,52552,94687,97761,108281,206042,16302,11250,91719,169114,795625
traceon4,1466,213673524,1,506,127500,53802,56563,120260,111875,107396,219271,13281,10521,100573,174739,876510
traceon4,1466,213673524,1,507,115417,47083,63958,98594,102709,149166,251875,15469,9792,120520,169115,891823
traceon4,1466,213673524,1,508,104271,44427,61927,98073,98698,111041,209739,15990,25052,94583,163125,817187
traceon4,1466,213673524,1,509,123750,53854,62917,88281,99531,104375,203906,12761,9270,96875,160521,812135
traceon4,1466,213673524,1,510,112292,48802,59219,93437,97605,128281,225886,17239,9688,90469,152968,810000
traceon4,1466,213673524,1,511,126459,47968,53490,89427,101615,100104,201719,13646,9895,98386,161875,802865
traceon4,1466,213673524,1,512,115937,47969,63750,92240,99427,103073,202500,13125,10781,94063,166250,806615
traceon4,1466,213673524,1,513,138854,57396,56719,98698,104687,116302,220989,15886,10469,120000,176510,895521
traceon4,1466,213673524,1,514,108542,49063,64323,95677,97552,110468,208020,15938,11042,92968,157761,803334
traceon4,1466,213673524,1,515,116250,61666,53073,86771,171042,142656,313698,19844,11666,317032,299895,1279895
traceon4,1466,213673524,1,516,112917,53333,55833,94688,95677,132656,228333,14427,10938,190469,196406,957344
traceon4,1466,213673524,1,517,67343,59792,55521,91666,103230,121927,225157,16510,10573,131406,174219,832187
traceon4,1466,213673524,1,518,105677,47709,57708,112031,132240,125208,257448,13490,10260,104323,164323,872969
traceon4,1466,213673524,1,519,102917,50573,67187,104011,138750,126458,265208,27292,11250,103385,146354,878177
traceon4,1466,213673524,1,520,145572,53750,63021,118438,123177,118021,241198,14479,11250,109271,140260,897239
traceon4,1466,213673524,1,521,106667,47396,77396,102656,132708,110729,243437,11719,9636,102395,138073,839375
traceon4,1466,213673524,1,522,101197,45990,47813,92864,115521,108750,224271,11875,9271,99791,136198,769270
traceon4,1466,213673524,1,523,103541,46563,62969,96354,108646,132812,241458,11302,9167,145729,138698,855781
traceon4,1466,213673524,1,524,103959,48385,56198,97656,167917,101458,269375,21771,10573,101250,137292,846459
traceon4,1466,213673524,1,525,103698,51198,55208,108073,113281,100417,213698,10885,8386,100677,132239,784062
traceon4,1466,213673524,1,526,103593,45469,47188,88072,110678,99635,210313,11823,10000,98489,129115,744062
traceon4,1466,213673524,1,527,104791,48177,59636,94323,110156,101562,211718,12969,9115,105052,136718,782499
traceon4,1466,213673524,1,528,106458,45625,55937,105521,128177,104688,232865,12396,8281,102969,134948,805000
traceon4,1466,213673524,1,529,142708,45782,58229,104167,110937,106094,217031,10781,26198,108698,136771,850365
traceon4,1466,213673524,1,530,114844,48802,59479,101198,111094,103385,214479,10938,8906,102916,146615,808177
traceon4,1466,213673524,1,531,106875,45417,63854,102813,112916,102136,215052,10833,8542,98698,134739,786823
traceon4,1466,213673524,1,532,117447,47761,57604,103438,194062,127656,321718,14375,9896,106146,183646,962031
traceon4,1466,213673524,1,533,109219,45365,56979,142812,191615,131458,323073,17657,11666,103334,170156,980261
traceon4,1466,213673524,1,534,126823,68750,63490,100833,110312,112761,223073,13906,11823,137292,169896,915886
traceon4,1466,213673524,1,535,114063,51927,64427,89740,105052,109844,214896,13385,23594,97552,155156,824740
traceon4,1466,213673524,1,536,199479,70469,65729,93282,99323,135312,234635,16510,11563,101875,176667,970209
traceon4,1466,213673524,1,537,111875,46823,56979,113854,107396,116562,223958,14375,11198,96094,174636,849792
traceon4,1466,213673524,1,538,107187,86042,54166,98438,122917,124218,247135,13802,11146,94219,168750,880885
traceon4,1466,213673524,1,539,117865,54114,65730,100937,106979,109531,216510,11980,9948,104791,181511,863386
traceon4,1466,213673524,1,540,116875,47917,81458,102656,104115,122656,226771,15052,11250,101459,180000,883438
traceon4,1466,213673524,1,541,115468,49115,86458,95000,122657,178697,301354,12084,10260,101771,196510,968020
traceon4,1466,213673524,1,542,117187,47240,85469,106875,102396,119114,221510,14167,10156,91094,170000,863698
traceon4,1466,213673524,1,543,122448,51354,67031,97083,109375,113230,222605,12864,11198,99479,197709,881771
traceon4,1466,213673524,1,544,115990,47291,69792,103958,102448,122448,224896,15104,11302,98907,179895,867135
traceon4,1466,213673524,1,545,117969,48385,58438,93854,115521,116250,231771,66666,12813,86146,165000,881042
traceon4,1466,213673524,1,546,99427,44219,60417,113541,102917,113021,215938,16719,11250,98437,167344,827292
traceon4,1466,213673524,1,547,115417,49687,65417,97968,103594,105729,209323,11615,8958,265052,229532,1052969
traceon4,1466,213673524,1,548,135989,50677,66771,91875,98333,120052,218385,13907,9948,127135,178958,893645
traceon4,1466,213673524,1,549,120261,47656,64896,94479,105729,144636,250365,14114,11459,156666,182084,941980
traceon4,1466,213673524,1,550,114583,48803,65625,93593,110052,111094,221146,12396,24427,99219,180833,860625
traceon4,1466,213673524,1,551,128907,46093,56042,97031,101823,120313,222136,15573,11041,95573,169011,841407
traceon4,1466,213673524,1,552,103542,44010,57292,94114,104375,117657,222032,14739,10313,94114,172917,813073
traceon4,1466,213673524,1,553,122396,50677,60521,91823,103750,113229,216979,14948,9895,261980,218854,1048073
traceon4,1466,213673524,1,554,125260,45938,56823,97604,115573,111614,227187,15000,10573,120990,188177,887552
traceon4,1466,213673524,1,555,107552,88281,58489,91823,115886,113489,229375,15834,41771,89427,180468,903020
traceon4,1466,213673524,1,556,110938,46250,66510,92031,108802,118802,227604,15365,10208,89480,231354,889740
traceon4,1466,213673524,1,557,110417,61719,54166,93282,104323,120729,225052,15989,10573,100573,204740,876511
traceon4,1466,213673524,1,558,108906,44063,46822,81563,116354,116198,232552,15469,9687,93177,168230,800469
traceon4,1466,213673524,1,559,103854,45261,68125,93073,97812,111302,209114,15625,10000,75208,161563,781823
traceon4,1466,213673524,1,560,128907,54739,63177,102448,100209,104218,204427,12865,10885,102240,160104,839792
traceon4,1466,213673524,1,561,110052,48386,66979,81302,101510,104792,206302,13125,9375,92917,166927,795365
traceon4,1466,213673524,1,562,108438,49114,56250,84427,148073,124323,272396,13125,9792,93281,161563,848386
traceon4,1466,213673524,1,563,114115,47708,82865,100781,100052,111406,211458,14792,10313,81614,162240,825886
traceon4,1466,213673524,1,564,112708,49011,57396,84166,104427,107292,211719,14375,10833,90834,161302,792344
traceon4,1466,213673524,1,565,139531,44583,55625,103698,98698,113698,212396,14427,10104,98021,161667,840052
traceon4,1466,213673524,1,566,114740,49375,70156,101198,103229,110261,213490,36718,11615,84114,203282,884688
traceon4,1466,213673524,1,567,102084,48906,59427,91979,130573,115677,246250,15625,11302,81042,162552,819167
traceon4,1466,213673524,1,568,101302,42916,51094,79531,95625,106771,202396,14844,8906,80313,164531,745833
traceon4,1466,213673524,1,569,101093,44427,62136,79635,96042,112292,208334,15208,10156,104271,164167,789427
traceon4,1466,213673524,1,570,113750,44739,58125,93594,99479,150209,249688,15000,10104,99062,179219,863281
traceon4,1466,213673524,1,571,104948,43855,57500,119635,117812,111146,228958,30157,10312,87865,152968,836198
traceon4,1466,213673524,1,572,149635,52448,76406,100313,120573,110833,231406,13854,10938,93958,161927,890885
traceon4,1466,213673524,1,573,110677,47917,65052,88958,99219,113125,212344,15729,10052,82188,165416,798333
traceon4,1466,213673524,1,574,98698,75468,52344,89323,112917,108645,221562,15990,9531,85990,171667,820573
traceon4,1466,213673524,1,575,105365,45469,59218,92605,102916,125052,227968,13854,58230,129375,163333,895417
traceon4,1466,213673524,1,576,106302,66302,59583,85052,104167,102969,207136,15416,36563,88073,152135,816562
traceon4,1466,213673524,1,577,104844,44479,51927,88385,97865,111979,209844,15313,9323,79114,151146,754375
traceon4,1466,213673524,1,578,103698,49010,71667,78333,98594,98698,197292,14115,9218,80938,148906,753177
traceon4,1466,213673524,1,579,106302,44115,58802,91562,103698,132813,236511,13437,10417,81666,163907,806719
traceon4,1466,213673524,1,580,96198,81875,76458,90052,112292,110052,222344,12291,8542,84583,150209,822552
traceon4,1466,213673524,1,581,98958,46458,55730,100416,119792,124375,244167,14687,10000,105313,182500,858229
traceon4,1466,213673524,1,582,104427,51927,63437,129011,156979,152448,309427,27604,10156,101042,172500,969531
traceon4,1466,213673524,1,583,108542,46510,62761,94531,101406,118438,219844,16302,10156,133438,160468,852552
traceon4,1466,213673524,1,584,115469,49896,58177,105625,236771,107760,344531,12552,10729,82500,158907,938386
traceon4,1466,213673524,1,585,107291,45573,48386,83750,103333,113854,217187,14948,10156,81719,147917,756927
traceon4,1466,213673524,1,586,102604,44219,47240,75416,101667,112135,213802,16198,9896,85521,148802,743698
traceon4,1466,213673524,1,587,111093,48854,59219,90469,100312,139584,239896,13177,8906,82344,168906,822864
traceon4,1466,213673524,1,588,97187,45729,55521,106927,149219,135052,284271,16042,13437,99740,172083,890937
traceon4,1466,213673524,1,589,115468,46094,67240,109531,123958,124063,248021,20208,12656,121615,175990,916823
traceon4,1466,213673524,1,590,110781,52709,61354,89427,100833,113854,214687,15782,11302,94427,175833,826302
traceon4,1466,213673524,1,591,118593,45573,52969,92031,100886,110573,211459,17447,11094,95469,171823,816458
traceon4,1466,213673524,1,592,109531,47709,60937,148073,103125,129896,233021,32083,11302,98021,191354,932031
traceon4,1466,213673524,1,593,117552,60260,61927,102605,109062,120208,229270,17084,11198,100937,194063,894896
traceon4,1466,213673524,1,594,114531,46719,63906,101042,105416,119792,225208,17031,12084,99739,184375,864635
traceon4,1466,213673524,1,595,111823,58906,59271,105990,102187,116875,219062,16406,12032,102083,228490,914063
traceon4,1466,213673524,1,596,92968,75834,49323,87708,101719,115885,217604,15938,11041,111250,171719,833385
traceon4,1466,213673524,1,597,146250,79114,53907,85885,116250,108802,225052,15469,50416,85730,155052,896875
traceon4,1466,213673524,1,598,101875,48906,52708,82969,102760,107969,210729,14115,10312,97969,155729,775312
traceon4,1466,213673524,1,599,98073,44167,65833,109479,105209,123958,229167,16667,10729,293229,181458,1048802
traceon4,1466,213673524,1,600,119479,46667,70416,104480,105520,120469,225989,15313,11718,112448,186146,892656
traceon4,1466,213673524,1,601,197448,55312,68125,110000,127760,111928,239688,12239,9375,95156,172709,960052
traceon4,1466,213673524,1,602,99791,42188,61875,99687,111354,110730,222084,14062,10052,117604,163438,830781
traceon4,1466,213673524,1,603,100573,42604,67292,103906,105365,108437,213802,13386,10260,109219,167604,828646
traceon4,1466,213673524,1,604,109011,49843,60834,105677,117031,125938,242969,15520,11303,115937,172969,884063
traceon4,1466,213673524,1,605,101198,43802,50729,139896,104219,131198,235417,13802,9843,100053,173125,867865
traceon4,1466,213673524,1,606,98177,43906,52813,102448,129166,125938,255104,17448,9583,112396,173437,865312
traceon4,1466,213673524,1,607,98698,42812,61354,107188,107552,110104,217656,13021,9583,117656,170157,838125
traceon4,1466,213673524,1,608,100833,44010,63334,99531,108906,108646,217552,14010,9844,106094,234948,890156
traceon4,1466,213673524,1,609,113177,51094,60312,110052,110469,152188,262657,15364,10781,186355,204739,1014531
traceon4,1466,213673524,1,610,122343,43334,49843,104375,121771,114948,236719,14896,10469,111614,166250,859843
traceon4,1466,213673524,1,611,103021,42812,55104,106094,108073,110938,219011,14114,10365,111094,172968,834583
traceon4,1466,213673524,1,612,116302,46355,53073,104739,115365,121250,236615,16927,12500,116302,188229,891042
traceon4,1466,213673524,1,613,100468,43855,51718,102344,109219,118854,228073,30885,10157,131145,182292,880937
traceon4,1466,213673524,1,614,97448,69739,47188,101562,119011,112083,231094,15156,10261,111562,174896,858906
traceon4,1466,213673524,1,615,109010,45937,53490,107188,115000,122864,237864,17136,10468,113125,181354,875572
traceon4,1466,213673524,1,616,125989,54427,43959,179583,107448,118385,225833,15573,10677,103125,178438,937604
traceon4,1466,213673524,1,617,160885,50052,59740,101666,102448,112240,214688,13802,9792,106093,214844,931562
traceon4,1466,213673524,1,618,124427,41406,66042,188073,118802,133489,252291,41250,12240,112083,191615,1029427
traceon4,1466,213673524,1,619,100729,43385,51250,98542,110573,118906,229479,15938,10625,112760,177761,840469
traceon4,1466,213673524,1,620,93177,44792,63020,166928,123385,118021,241406,14531,9323,98854,175781,907812
traceon4,1466,213673524,1,621,96666,44636,55833,106875,106875,108542,215417,14687,9844,109844,194739,848541
traceon4,1466,213673524,1,622,93229,44219,70573,104688,106458,105990,212448,13958,10417,103750,168281,821563
traceon4,1466,213673524,1,623,109583,44011,52187,101042,140781,116667,257448,15833,24948,111875,202761,919688
traceon4,1466,213673524,1,624,95573,45782,48802,187916,105782,112343,218125,15052,10365,104740,175312,901667
traceon4,1466,213673524,1,625,98646,48125,59739,143281,111198,116459,227657,15625,10937,115938,173281,893229
traceon4,1466,213673524,1,626,147500,44323,93802,131615,123125,119583,242708,13906,10000,110365,212500,1006719
traceon4,1466,213673524,1,627,113698,48542,59323,110677,120781,124792,245573,18125,11823,112708,174531,895000
traceon4,1466,213673524,1,628,98385,47708,51459,99062,110938,116198,227136,15520,9688,107917,165885,822760
traceon4,1466,213673524,1,629,276667,42968,46198,91042,102292,101250,203542,12864,8594,92917,165885,940677
traceon4,1466,213673524,1,630,98125,46615,52917,87968,106667,115261,221928,15156,10312,103125,175313,811459
traceon4,1466,213673524,1,631,113178,49895,52969,92240,107343,136250,243593,16719,10052,111823,159584,850053
traceon4,1466,213673524,1,632,99479,42969,54323,102865,107604,112812,220416,15104,9844,103698,166250,814948
traceon4,1466,213673524,1,633,97864,55521,50000,101302,106979,151407,258386,12343,9011,99427,151927,835781
traceon4,1466,213673524,1,634,101354,43282,52291,129479,165625,150782,316407,15052,9219,101666,157448,926198
traceon4,1466,213673524,1,635,96250,57813,54114,94844,107917,112031,219948,14635,10053,105989,175156,828802
traceon4,1466,213673524,1,636,107605,46406,63646,110104,144271,124948,269219,12552,9427,94219,152500,865678
traceon4,1466,213673524,1,637,106458,45000,77083,90052,101303,115000,216303,15833,10312,88750,159167,808958
traceon4,1466,213673524,1,638,99532,42343,53073,89271,102656,113125,215781,15104,9688,106510,161302,792604
traceon4,1466,213673524,1,639,94896,44219,76458,84740,93750,99583,193333,43125,10260,75105,144843,766979
traceon4,1466,213673524,1,640,102448,52135,58958,83959,133489,105573,239062,13854,9427,89636,151250,800729
traceon4,1466,213673524,1,641,104636,43385,70990,92708,100625,110000,210625,14583,9948,83177,172292,802344
traceon4,1466,213673524,1,642,104584,42083,63281,94115,98854,109062,207916,14688,10469,88281,156823,782240
traceon4,1466,213673524,1,643,98177,42657,51927,232656,100521,112552,213073,14687,10782,90156,174219,928334
traceon4,1466,213673524,1,644,107761,42916,64271,95625,105052,123125,228177,15625,27813,87187,154375,823750
traceon4,1466,213673524,1,645,111510,47709,55312,85469,97083,106146,203229,13438,10573,94010,174896,796146
traceon4,1466,213673524,1,646,110365,43750,64322,100834,96041,110782,206823,15156,10937,84011,156042,792240
traceon4,1466,213673524,1,647,99271,45677,59740,84270,103646,101094,204740,13229,10990,123541,150053,791511
traceon4,1466,213673524,1,648,113854,52291,71615,93542,115052,114010,229062,14167,10937,102032,186302,873802
traceon4,1466,213673524,1,649,119323,51042,64583,105573,118021,123698,241719,14740,11093,114532,189947,912552
traceon4,1466,213673524,1,650,130990,48333,61510,106250,109219,122604,231823,16563,12187,101094,179063,887813
traceon4,1466,213673524,1,651,172240,49948,62552,95625,98020,110678,208698,15572,10105,91198,290104,996042
traceon4,1466,213673524,1,652,116198,62500,57760,83698,101927,105781,207708,13438,10573,94218,158178,804271
traceon4,1466,213673524,1,653,111980,45260,66979,95729,109323,111667,220990,16614,10990,88385,168907,825834
traceon4,1466,213673524,1,654,103698,56614,60625,92969,95417,106302,201719,16302,10469,99375,175104,816875
traceon4,1466,213673524,1,655,104531,42187,54427,91563,100885,112657,213542,15781,9948,89114,168125,789218
traceon4,1466,213673524,1,656,99792,97395,58855,88125,98750,107760,206510,15938,9739,89219,167812,833385
traceon4,1466,213673524,1,657,102344,43333,54375,88542,112135,129323,241458,17031,10000,81771,162813,801667
traceon4,1466,213673524,1,658,97657,43698,68437,85261,101979,106041,208020,16198,9948,84531,164844,778594
traceon4,1466,213673524,1,659,100781,41719,50781,84271,97136,111770,208906,15365,11042,92760,158750,764375
traceon4,1466,213673524,1,660,161458,56042,78802,97500,109063,160208,269271,48021,12292,143906,187500,1054792
traceon4,1466,213673524,1,661,110625,91354,54687,88177,98021,110365,208386,15312,9896,243958,184167,1006562
traceon4,1466,213673524,1,662,115625,47917,66458,88229,114844,101927,216771,14167,10104,103021,161823,824115
traceon4,1466,213673524,1,663,111875,49948,63020,98386,96146,108593,204739,14219,10521,96771,173750,823229
traceon4,1466,213673524,1,664,100833,42656,54063,108542,99322,114323,213645,14948,10677,137136,177708,860208
traceon4,1466,213673524,1,665,103073,41094,64635,89584,101406,112500,213906,30313,10781,92500,142448,788334
traceon4,1466,213673524,1,666,105573,45781,52187,101146,123646,139792,263438,18958,12240,124895,158386,882604
traceon4,1466,213673524,1,667,112917,43125,65990,116823,113177,118958,232135,11823,9948,111302,140521,844584
traceon4,1466,213673524,1,668,99896,41875,58906,161146,154219,139115,293334,16250,12604,124218,172032,980261
traceon4,1466,213673524,1,669,140364,66198,69011,108698,140468,133230,273698,16302,12760,127083,173803,987917
traceon4,1466,213673524,1,670,130782,56354,70989,123334,141718,140990,282708,14427,25365,115885,171042,990886
traceon4,1466,213673524,1,671,138177,57083,72865,123333,144479,130313,274792,14010,10417,119062,182292,992031
traceon4,1466,213673524,1,672,126250,64635,77865,124687,138855,126458,265313,13490,11718,116719,169583,970260
traceon4,1466,213673524,1,673,124896,84010,67709,126094,143281,126875,270156,14427,11458,116146,169792,984688
traceon4,1466,213673524,1,674,123177,57812,76875,116406,157448,122292,279740,14635,11719,118646,169375,968385
traceon4,1466,213673524,1,675,126511,77135,61302,120156,172865,133542,306407,17395,13282,165833,215104,1103125
traceon4,1466,213673524,1,676,159688,136198,90156,160781,190000,168594,358594,20781,13542,150208,222865,1312813
traceon4,1466,213673524,1,677,162916,74896,106875,148281,182709,160052,342761,19687,20209,149479,215885,1240989
traceon4,1466,213673524,1,678,161511,75364,81354,145521,191250,165834,357084,20885,19479,149636,226041,1236875
traceon4,1466,213673524,1,679,232812,79896,114479,157552,200104,168854,368958,19428,15052,147708,219115,1355000
traceon4,1466,213673524,1,680,160469,77187,79375,146459,183333,158750,342083,19948,14844,145208,290625,1276198
traceon4,1466,213673524,1,681,142240,59479,109583,145938,171771,180937,352708,20886,15625,142031,295781,1284271
traceon4,1466,213673524,1,682,156406,69375,82657,154479,172239,241511,413750,23854,15573,150937,243802,1310833
traceon4,1466,213673524,1,683,178854,67396,88594,173646,178177,209427,387604,23906,16458,153907,249687,1340052
traceon4,1466,213673524,1,684,160625,66459,89791,139740,163437,166198,329635,23802,15365,170938,266979,1263334
traceon4,1466,213673524,1,685,150885,67760,81771,128698,162188,165885,328073,23958,14896,123907,240520,1160468
traceon4,1466,213673524,1,686,161041,72448,82657,129947,165573,158282,323855,43645,15209,135625,246354,1210781
traceon4,1466,213673524,1,687,154271,69688,73698,129218,156042,161511,317553,22500,14947,165000,238334,1185209
traceon4,1466,213673524,1,688,150208,71615,90156,124219,170521,161719,332240,20468,15157,128229,251771,1184063
traceon4,1466,213673524,1,689,166094,77396,96927,136667,158229,166719,324948,22812,15677,131407,257604,1229532
traceon4,1466,213673524,1,690,195729,72084,83958,124271,156354,164114,320468,24063,17292,149218,236771,1223854
traceon4,1466,213673524,1,691,167344,75364,85105,127604,177500,164114,341614,21355,36979,141354,247083,1243802
traceon4,1466,213673524,1,692,160677,87448,88906,137031,193854,160261,354115,24375,16354,125208,230209,1224323
traceon4,1466,213673524,1,693,155885,72500,84323,133490,170156,171458,341614,23177,15834,170520,250157,1247500
traceon4,1466,213673524,1,694,152865,158541,92553,130572,161771,166459,328230,23073,16041,145156,256511,1303542
traceon4,1466,213673524,1,695,178178,84010,94323,144739,163542,182761,346303,25156,16771,134895,250730,1275105
traceon4,1466,213673524,1,696,218125,80990,101250,124635,165208,223386,388594,27500,18906,213333,330469,1503802
traceon4,1466,213673524,1,697,167448,76198,86354,137031,184428,180677,365105,27083,16406,150417,278437,1304479
traceon4,1466,213673524,1,698,152709,67291,113230,134479,154166,161511,315677,27344,16770,189636,238958,1256094
traceon4,1466,213673524,1,699,151511,70208,159219,191979,153542,172343,325885,24375,15469,121979,244636,1305261
traceon4,1466,213673524,1,700,202656,75260,87031,141980,155156,157448,312604,24219,16093,136823,247188,1243854
traceon4,1466,213673524,1,701,155000,67916,75782,129583,162239,157084,319323,21250,14166,170938,218542,1172500
traceon4,1466,213673524,1,702,147448,123125,84583,136510,152344,154636,306980,20364,15313,138333,234323,1206979
traceon4,1466,213673524,1,703,154948,69375,74948,131458,151355,163125,314480,23645,15625,120105,258281,1162865
traceon4,1466,213673524,1,704,150000,68802,75573,125104,152969,167135,320104,23907,16093,183073,205104,1167760
traceon4,1466,213673524,1,705,139219,63698,73958,211823,148177,143178,291355,20520,13646,112396,230365,1156980
traceon4,1466,213673524,1,706,128281,67031,80417,121823,191406,136094,327500,18489,12917,142292,210104,1108854
traceon4,1466,213673524,1,707,141770,61303,85729,121823,138750,135833,274583,36510,13855,131041,271771,1138385
traceon4,1466,213673524,1,708,120104,105469,66146,109791,154740,181354,336094,19531,13073,129948,222084,1122240
traceon4,1466,213673524,1,709,159792,60521,68906,116615,136302,143541,279843,19323,14427,120677,232344,1072448
traceon4,1466,213673524,1,710,133177,58177,77239,123021,169271,147656,316927,19011,13750,116562,224636,1082500
traceon4,1466,213673524,1,711,145156,62656,70209,160208,192865,125156,318021,26458,35573,137917,287656,1243854
traceon4,1466,213673524,1,712,119375,48958,69219,107083,114011,125260,239271,32240,14062,103854,177917,911979
traceon4,1466,213673524,1,713,111980,99583,61823,86719,103333,118437,221770,16667,11823,129115,193125,932605
traceon4,1466,213673524,1,714,113073,53386,73073,94583,125260,125313,250573,16979,11198,99114,177188,889167
traceon4,1466,213673524,1,715,98802,86459,53906,94271,109583,108385,217968,15000,11407,153125,181771,912709
traceon4,1466,213673524,1,716,105417,44739,62553,116979,128646,130729,259375,14948,10677,113125,200260,928073
traceon4,1466,213673524,1,717,98698,54375,80885,114062,121146,120521,241667,15365,25468,114688,190417,935625
traceon4,1466,213673524,1,718,106094,47395,66302,118230,124531,118073,242604,14166,10105,118854,227708,951458
traceon4,1466,213673524,1,719,113229,51562,66563,116198,117864,189167,307031,22865,11771,144427,178125,1011771
traceon4,1466,213673524,1,720,141823,51302,65260,125104,115209,119218,234427,15938,11667,120312,179375,945208
traceon4,1466,213673524,1,721,101510,44583,65573,114584,136562,120417,256979,12864,10938,175729,226510,1009270
traceon4,1466,213673524,1,722,118542,52448,63125,89843,116927,128542,245469,19427,12552,175521,253958,1030885
traceon4,1466,213673524,1,723,115053,53802,64895,150938,131719,125416,257135,19063,14010,152344,260000,1087240
traceon4,1466,213673524,1,724,112031,45156,54688,101614,99480,114322,213802,15469,10625,129636,221093,904114
traceon4,1466,213673524,1,725,107657,49114,57448,96302,119636,115104,234740,16406,12344,126614,208334,908959
traceon4,1466,213673524,1,726,111406,45417,65469,92916,99532,155364,254896,13490,9635,278125,202813,1074167
traceon4,1466,213673524,1,727,169323,48646,81822,101563,122135,111719,233854,14375,11458,116042,187708,964791
traceon4,1466,213673524,1,728,123282,41354,65729,99479,100625,109427,210052,32240,10416,94219,174427,851198
traceon4,1466,213673524,1,729,103438,47135,63542,95573,95833,108177,204010,16355,10677,89583,193802,824115
traceon4,1466,213673524,1,730,166615,50365,57239,89063,92448,105781,198229,15364,10417,96250,158750,842292
traceon4,1466,213673524,1,731,103542,42864,100105,106875,108802,107708,216510,14792,10729,85677,169219,850313
traceon4,1466,213673524,1,732,102292,78802,55885,95521,98386,106250,204636,14843,10782,84635,157292,804688
traceon4,1466,213673524,1,733,103593,48646,65521,87292,95781,104479,200260,29115,11458,91094,150937,787916
traceon4,1466,213673524,1,734,106146,64635,57917,98281,96250,105261,201511,14948,9479,91354,160208,804479
traceon4,1466,213673524,1,735,168489,55886,66822,90105,100885,108490,209375,13854,10521,134583,176719,926354
traceon4,1466,213673524,1,736,127604,47969,64583,92448,111823,122552,234375,16406,13178,153541,211302,961406
traceon4,1466,213673524,1,737,107604,45052,62448,89063,96406,97396,193802,13229,10833,95313,156510,773854
traceon4,1466,213673524,1,738,105573,41406,59844,91354,96771,100990,197761,13281,21667,90937,165104,786927
traceon4,1466,213673524,1,739,102136,47083,60156,87136,93854,102812,196666,14896,10521,81094,145937,745625
traceon4,1466,213673524,1,740,131979,53803,77187,96094,124375,110156,234531,27396,11667,98645,163855,895157
traceon4,1466,213673524,1,741,114635,45990,61041,110000,119479,121563,241042,17396,10885,86667,171562,859218
traceon4,1466,213673524,1,742,102656,49792,61614,104115,119635,110157,229792,15729,12396,93021,160052,829167
traceon4,1466,213673524,1,743,105260,47396,64636,96093,105677,108021,213698,14323,11406,187813,178385,919010
traceon4,1466,213673524,1,744,124843,53125,69063,152760,106250,159948,266198,16511,13281,96094,191718,983593
traceon4,1466,213673524,1,745,113802,54375,75208,107813,111718,123386,235104,17656,12344,100729,164531,881562
traceon4,1466,213673524,1,746,110469,55416,67396,98229,113646,110990,224636,15781,12396,107916,175365,867604
traceon4,1466,213673524,1,747,119323,51041,77136,112448,111927,117344,229271,19739,12813,100208,179583,901562
traceon4,1466,213673524,1,748,105990,48489,61928,110885,114427,110729,225156,15209,12031,103854,223437,906979
traceon4,1466,213673524,1,749,148646,50625,121823,94114,163021,105208,268229,16042,10625,141302,168333,1019739
traceon4,1466,213673524,1,750,110208,47344,62135,97083,104115,113021,217136,17135,12396,101042,163177,827656
traceon4,1466,213673524,1,751,112969,62343,61875,93386,110833,112344,223177,14948,11927,141614,188386,910625
traceon4,1466,213673524,1,752,106407,41979,63802,94792,137500,99427,236927,13750,10052,82969,147916,798594
traceon4,1466,213673524,1,753,94896,56562,57604,94375,118125,104115,222240,13698,10312,96823,160261,806771
traceon4,1466,213673524,1,754,104271,43958,64219,98854,99011,107448,206459,28437,11563,90573,155052,803386
traceon4,1466,213673524,1,755,107083,44375,66615,85000,96510,96146,192656,12604,10000,89636,151770,759739
traceon4,1466,213673524,1,756,98959,48125,60156,85313,93229,105312,198541,13386,10104,82969,164895,762448
traceon4,1466,213673524,1,757,164479,45365,87760,114531,92448,112865,205313,15104,11406,85521,158854,888333
traceon4,1466,213673524,1,758,97135,42969,61666,93490,96562,93594,190156,15261,11093,83386,157552,752708
traceon4,1466,213673524,1,759,101042,43021,67500,94114,117136,108385,225521,28333,12032,92448,155729,819740
traceon4,1466,213673524,1,760,111250,42917,61823,91979,99688,100677,200365,13333,10729,105417,174375,812188
traceon4,1466,213673524,1,761,112760,49688,77343,102084,108489,183334,291823,13541,9792,89531,173959,920521
traceon4,1466,213673524,1,762,114323,46146,64635,110885,135000,160678,295678,13802,10573,213333,173437,1042812
traceon4,1466,213673524,1,763,98594,43125,58072,103021,99115,108698,207813,13385,11250,93229,147448,775937
traceon4,1466,213673524,1,764,103437,41719,61354,91823,94375,99948,194323,11927,43750,97031,152813,798177
traceon4,1466,213673524,1,765,105000,40781,57709,139687,91927,111406,203333,14532,10989,105729,142396,820156
traceon4,1466,213673524,1,766,99636,48489,58334,79843,103959,94375,198334,13698,9270,79427,152605,739636
traceon4,1466,213673524,1,767,102552,47136,59896,84218,129271,101927,231198,15729,9532,135989,171250,857500
traceon4,1466,213673524,1,768,111614,41198,59323,93750,89636,101927,191563,13958,10156,83386,182916,787864
traceon4,1466,213673524,1,769,98021,44635,62604,79063,88542,136093,224635,12813,10677,106771,152708,791927
traceon4,1466,213673524,1,770,108541,43386,56093,163438,96875,118906,215781,13438,9270,160157,147864,917968
traceon4,1466,213673524,1,771,91198,40052,57239,84271,94375,97032,191407,14375,10000,77656,141354,707552
traceon4,1466,213673524,1,772,88906,53177,58177,86927,101979,95261,197240,12448,10468,97084,156458,760885
traceon4,1466,213673524,1,773,107604,40677,62813,95989,94011,109166,203177,13542,11510,97553,169270,802135
traceon4,1466,213673524,1,774,96823,71041,52969,90313,96093,105000,201093,13646,11302,94115,183073,814375
traceon4,1466,213673524,1,775,100052,43698,62709,90677,107864,98802,206666,24688,11094,99062,154115,792761
traceon4,1466,213673524,1,776,99739,42448,75417,91823,113385,98281,211666,13750,10417,99375,173177,817812
traceon4,1466,213673524,1,777,109323,45521,60521,97187,95625,109375,205000,15417,11458,92865,164687,801979
traceon4,1466,213673524,1,778,96614,40990,66614,99219,91250,106406,197656,13438,12292,128177,157552,812552
traceon4,1466,213673524,1,779,103281,42136,52656,92865,193385,210469,403854,14583,9896,104114,174271,997656
traceon4,1466,213673524,1,780,111667,49427,78229,106458,111615,114375,225990,30677,12239,98230,189010,901927
traceon4,1466,213673524,1,781,104010,45104,58490,96562,99636,110052,209688,16250,12656,95052,164375,802187
traceon4,1466,213673524,1,782,103594,46406,65260,121146,104167,108802,212969,13698,11458,105156,186719,866406
traceon4,1466,213673524,1,783,105521,46041,63802,101354,92136,141771,233907,15156,10729,90521,203385,870416
traceon4,1466,213673524,1,784,99063,40520,56927,99115,94167,106093,200260,14323,10730,90937,150521,762396
traceon4,1466,213673524,1,785,97500,42031,56615,99948,92656,94531,187187,13125,38750,93021,148906,777083
traceon4,1466,213673524,1,786,104792,41302,57448,99219,94843,98542,193385,13958,11511,87292,164375,773282
traceon4,1466,213673524,1,787,111198,41354,64375,124636,98646,103489,202135,14167,11354,88438,151875,809532
traceon4,1466,213673524,1,788,106980,124843,96511,86562,105886,105468,211354,12344,9479,83021,158854,889948
traceon4,1466,213673524,1,789,108385,46563,53125,87083,90677,96354,187031,14271,11042,91823,273594,872917
traceon4,1466,213673524,1,790,109427,47291,60782,94427,122812,114479,237291,12396,10417,109531,164427,845989
traceon4,1466,213673524,1,791,106927,76875,58593,99948,106407,113072,219479,15834,12187,96511,173229,859583
traceon4,1466,213673524,1,792,104427,44531,61719,99375,149896,113281,263177,14062,12032,91198,154010,844531
traceon4,1466,213673524,1,793,100677,58229,63021,90052,120990,107083,228073,13334,10833,97083,160261,821563
traceon4,1466,213673524,1,794,96458,42656,67917,92708,102917,105469,208386,13229,10104,99531,166354,797343
traceon4,1466,213673524,1,795,103594,40468,70990,100469,96354,112656,209010,15885,10782,97291,149948,798437
traceon4,1466,213673524,1,796,168333,51927,69011,93646,104427,142500,246927,14166,10573,103698,248386,1006667
traceon4,1466,213673524,1,797,102188,41614,86719,106146,102083,114063,216146,15885,11875,98646,162292,841511
traceon4,1466,213673524,1,798,101614,42083,61615,98281,96459,108645,205104,13855,10677,94166,160313,787708
traceon4,1466,213673524,1,799,99791,48021,88333,101198,96927,110053,206980,15885,10260,91302,180678,842448
traceon4,1466,213673524,1,800,110833,45938,62552,94010,97344,101719,199063,12916,10052,98698,212084,846146
traceon4,1466,213673524,1,801,98958,79896,56979,107292,107552,110209,217761,30000,11562,107396,177396,887240
traceon4,1466,213673524,1,802,98385,40209,53281,98646,94427,104583,199010,16302,11927,98802,171563,788125
traceon4,1466,213673524,1,803,99740,41562,62552,98230,94323,105000,199323,15468,10625,99427,169740,796667
traceon4,1466,213673524,1,804,100729,46459,63177,100104,101510,105730,207240,15260,10625,95625,178281,817500
traceon4,1466,213673524,1,805,108385,47969,61093,91146,113594,136198,249792,11771,8073,255000,156250,989479
traceon4,1466,213673524,1,806,104115,41927,63906,88802,97813,97187,195000,12448,39792,104635,156198,806823
traceon4,1466,213673524,1,807,104271,41302,56042,98229,93073,105625,198698,14948,10573,89843,168282,782188
traceon4,1466,213673524,1,808,125469,41667,61458,103958,94375,105573,199948,15365,10468,90573,165469,814375
traceon4,1466,213673524,1,809,97813,42552,62656,91875,92344,120625,212969,14167,9635,88906,165104,785677
traceon4,1466,213673524,1,810,96875,54792,55364,97657,104635,103594,208229,13385,9063,92604,155573,783542
traceon4,1466,213673524,1,811,98542,41302,54427,88281,94740,93437,188177,12344,20521,91823,144583,740000
traceon4,1466,213673524,1,812,100417,56823,50312,84427,89792,95573,185365,13437,9480,82864,156719,739844
traceon4,1466,213673524,1,813,95625,41355,56406,88802,88698,96198,184896,13802,10625,90052,169739,751302
traceon4,1466,213673524,1,814,146666,60678,60989,94271,118490,103437,221927,13073,10052,140000,155990,903646
traceon4,1466,213673524,1,815,110261,43177,61718,137396,91146,121146,212292,10781,10104,252865,202344,1040938
traceon4,1466,213673524,1,816,97135,41563,80364,93855,87812,102552,190364,11927,9167,158177,158177,840729
traceon4,1466,213673524,1,817,103385,42136,60677,94010,93646,105104,198750,13021,9010,92813,200208,814010
traceon4,1466,213673524,1,818,88959,41354,72864,83230,103281,103437,206718,14063,9427,101614,199063,817292
traceon4,1466,213673524,1,819,95521,40677,50156,87448,86042,102187,188229,13386,9427,89010,159219,733073
traceon4,1466,213673524,1,820,93437,42240,58906,85677,84584,99062,183646,14063,9375,82552,163281,733177
traceon4,1466,213673524,1,821,92761,46770,57292,82344,87448,101823,189271,13021,9531,84896,163489,739375
traceon4,1466,213673524,1,822,98906,44063,56302,103593,87448,106355,193803,26822,8855,87708,181771,801823
traceon4,1466,213673524,1,823,99062,44428,55989,78542,89479,98958,188437,14115,9167,112708,195000,797448
traceon4,1466,213673524,1,824,86875,39636,47083,79010,90417,102500,192917,12188,9270,87188,152396,706563
traceon4,1466,213673524,1,825,89688,39270,59271,82344,89115,95573,184688,12812,9271,83437,152552,713333
traceon4,1466,213673524,1,826,97604,47760,59740,90729,87084,100989,188073,13073,10365,87552,192812,787708
traceon4,1466,213673524,1,827,101823,39740,49635,188907,164218,78855,243073,17239,11354,108282,237447,997500
traceon4,1466,213673524,1,828,89635,42292,51354,124583,96198,100938,197136,54635,10885,130052,166094,866666
traceon4,1466,213673524,1,829,109011,45469,54687,96198,124635,120730,245365,12916,8594,95156,139271,806667
traceon4,1466,213673524,1,830,102656,42552,55365,119271,127395,114584,241979,10469,7343,98698,135261,813594
traceon4,1466,213673524,1,831,97136,59427,54271,103333,148125,104062,252187,9688,6771,95260,194896,872969
traceon4,1466,213673524,1,832,99479,79740,51510,99844,96198,112760,208958,15053,57343,158438,158802,929167
traceon4,1466,213673524,1,833,97656,72656,51979,90834,95000,102344,197344,26927,10573,100572,162500,811041
traceon4,1466,213673524,1,834,105209,40989,60104,102553,93854,106718,200572,14740,10990,101927,169375,806459
traceon4,1466,213673524,1,835,104844,41875,70364,98542,91198,120052,211250,14115,9791,94740,152916,798437
traceon4,1466,213673524,1,836,109583,42969,63386,89843,88177,98855,187032,12656,10208,100313,169896,785886
traceon4,1466,213673524,1,837,167656,45312,71875,102969,89948,110729,200677,15209,10000,91614,206250,911562
traceon4,1466,213673524,1,838,96979,43437,52031,88490,82969,138125,221094,27344,10833,281823,170625,992656
traceon4,1466,213673524,1,839,105469,40000,66510,100052,89792,102135,191927,14636,9218,113855,189375,831042
traceon4,1466,213673524,1,840,106041,85730,57135,88021,104739,96355,201094,13541,9115,115937,152396,829010
traceon4,1466,213673524,1,841,102135,42344,114844,149218,91719,104896,196615,13438,8593,92448,169323,888958
traceon4,1466,213673524,1,842,101407,42291,58490,91979,90781,105729,196510,13803,9010,98125,157500,769115
traceon4,1466,213673524,1,843,102083,50000,57239,92032,93437,99167,192604,13125,27969,94739,156146,785937
traceon4,1466,213673524,1,844,112083,44323,61198,92604,124896,129427,254323,13229,9636,125677,161562,874635
traceon4,1466,213673524,1,845,93021,40677,62656,102656,96927,110105,207032,13750,10052,122968,147657,800469
traceon4,1466,213673524,1,846,123906,43334,56197,88803,94322,103282,197604,12656,8698,96042,152604,779844
traceon4,1466,213673524,1,847,106614,40157,62396,94635,93073,100677,193750,14115,8593,88594,152083,760937
traceon4,1466,213673524,1,848,111458,47605,54531,92604,90104,134115,224219,12604,9219,126198,154427,832865
traceon4,1466,213673524,1,849,104635,40729,53334,94583,89427,135052,224479,13125,8073,90729,163334,793021
traceon4,1466,213673524,1,850,100833,77500,113490,175156,89688,102031,191719,14531,9323,88438,179791,950781
traceon4,1466,213673524,1,851,144062,43646,55261,87343,88125,105730,193855,12031,9427,135989,180521,862135
traceon4,1466,213673524,1,852,103229,55105,59843,103490,135156,91042,226198,12708,9427,130365,173333,873698
traceon4,1466,213673524,1,853,132864,38386,55104,99583,102604,100261,202865,12500,9375,108333,177031,836041
traceon4,1466,213673524,1,854,102709,45937,70261,94896,92968,162448,255416,11979,10209,92968,174219,858594
traceon4,1466,213673524,1,855,79896,40313,55469,90468,130209,98698,228907,14114,9479,174792,177344,870782
traceon4,1466,213673524,1,856,108698,50104,76667,99792,87552,108177,195729,15781,9323,95052,168438,819584
traceon4,1466,213673524,1,857,100052,41042,52552,92083,105157,106770,211927,13855,10468,89740,165833,777552
traceon4,1466,213673524,1,858,152240,46719,83177,97812,90573,107136,197709,13177,8333,90677,217292,907136
traceon4,1466,213673524,1,859,97083,40469,56041,100261,93541,102605,196146,29375,9583,91354,156042,776354
traceon4,1466,213673524,1,860,98229,41406,55886,111510,130156,91250,221406,13438,7812,160157,133802,843646
traceon4,1466,213673524,1,861,97813,41562,63802,105104,132969,134427,267396,12761,8958,91510,166355,855261
traceon4,1466,213673524,1,862,97188,40572,57188,94010,132032,97968,230000,12761,8229,122708,146042,808698
traceon4,1466,213673524,1,863,97500,39584,96927,103333,98906,102969,201875,13542,8489,91771,166511,819532
traceon4,1466,213673524,1,864,102604,46771,64531,92240,87239,132083,219322,13282,21510,207500,150573,918333
traceon4,1466,213673524,1,865,98802,40521,53021,90990,88854,113958,202812,15469,9479,92448,188646,792188
traceon4,1466,213673524,1,866,102292,46562,54375,86667,113073,106979,220052,11771,9531,103229,161823,796302
traceon4,1466,213673524,1,867,122553,41510,57396,92708,89531,98282,187813,13645,64063,110000,172500,862188
traceon4,1466,213673524,1,868,105000,41614,59427,100521,87396,98177,185573,14896,9062,88698,154584,759375
traceon4,1466,213673524,1,869,102969,58854,63125,93490,89687,97500,187187,11823,8698,125990,161198,813334
traceon4,1466,213673524,1,870,102709,39479,53281,93594,102604,108750,211354,15573,8333,88802,157761,770886
traceon4,1466,213673524,1,871,101823,55260,58646,84792,92865,99062,191927,12708,9115,91719,151510,757500
traceon4,1466,213673524,1,872,102812,43490,94323,94062,88282,103489,191771,13854,9896,88750,162604,801562
traceon4,1466,213673524,1,873,97865,56614,56980,89895,90782,103177,193959,14114,9115,88437,167657,774636
traceon4,1466,213673524,1,874,95052,42500,55469,91302,85781,108437,194218,15573,9011,96302,155781,755208
traceon4,1466,213673524,1,875,92291,39167,76458,88177,87813,99583,187396,14115,9687,88125,162917,758333
traceon4,1466,213673524,1,876,91354,41042,57604,113125,86302,97761,184063,11927,9010,81094,144375,733594
traceon4,1466,213673524,1,877,132916,44011,62552,79323,87291,92188,179479,10885,8230,85052,141093,743541
traceon4,1466,213673524,1,878,104010,43073,59427,91927,105000,105209,210209,14375,9739,89948,149635,772343
traceon4,1466,213673524,1,879,104219,43594,69219,89270,102865,96198,199063,12865,8645,95105,152343,774323
traceon4,1466,213673524,1,880,100833,40781,58698,95365,89740,102552,192292,27864,9948,91250,169792,786823
traceon4,1466,213673524,1,881,97813,40573,54895,111823,94584,105677,200261,16510,9011,88958,192500,812344
traceon4,1466,213673524,1,882,101614,43698,62396,103334,88906,104323,193229,16354,9010,90521,160886,781042
traceon4,1466,213673524,1,883,96355,40468,62032,94583,117917,106822,224739,14219,9584,89531,166979,798490
traceon4,1466,213673524,1,884,101250,85625,51823,85938,85000,93958,178958,13177,7604,97344,153437,775156
traceon4,1466,213673524,1,885,93906,40521,59792,96979,89635,139896,229531,24532,10729,95260,162136,813386
traceon4,1466,213673524,1,886,113594,40417,58698,136146,90885,100885,191770,14115,9948,87604,147292,799584
traceon4,1466,213673524,1,887,101771,41979,59115,91614,88073,107344,195417,12396,8437,94532,143489,748750
traceon4,1466,213673524,1,888,135157,41406,52344,82500,81510,90625,172135,14479,8542,102708,154271,763542
traceon4,1466,213673524,1,889,106302,44166,63021,98906,89948,106979,196927,16511,9010,92657,166406,793906
traceon4,1466,213673524,1,890,92031,53594,55521,92344,91666,103073,194739,14115,35468,86615,148854,773281
traceon4,1466,213673524,1,891,134948,45625,57968,86563,85573,94635,180208,12240,9114,93750,147448,767864
traceon4,1466,213673524,1,892,101563,75625,49791,90938,100260,102917,203177,15416,8698,88802,163386,797396
traceon4,1466,213673524,1,893,93854,38802,53438,92448,87135,105104,192239,15104,8646,86459,165104,746094
traceon4,1466,213673524,1,894,100469,41458,72761,89270,89271,138906,228177,13178,7916,116615,179791,849635
traceon4,1466,213673524,1,895,93178,69947,45313,95677,109323,101042,210365,13698,8541,152969,155312,845000
traceon4,1466,213673524,1,896,105834,47656,68437,96354,107032,99427,206459,13073,9375,101250,151146,799584
traceon4,1466,213673524,1,897,101771,37917,62760,94219,91667,104323,195990,13281,9583,94844,160729,771094
traceon4,1466,213673524,1,898,95469,37760,74896,91458,91875,104844,196719,14271,9010,89636,153802,763021
traceon4,1466,213673524,1,899,100573,43541,56719,89063,94687,95469,190156,12291,9375,99844,148959,750521
traceon4,1466,213673524,1,900,100677,39427,55052,137291,93282,170260,263542,14948,7760,78282,148437,845416
traceon4,1466,213673524,1,901,97187,45260,61146,107761,113593,118021,231614,13907,11614,113073,151354,832916
traceon4,1466,213673524,1,902,106615,45781,61875,118854,124115,109688,233803,10677,8541,104688,132656,823490
traceon4,1466,213673524,1,903,95885,39844,58854,110156,112031,96198,208229,11979,8334,100937,130365,764583
traceon4,1466,213673524,1,904,145313,41875,58854,108958,109844,96979,206823,10730,8333,100208,160886,841980
traceon4,1466,213673524,1,905,109271,39844,65104,111979,125364,101928,227292,11302,8073,103697,132865,809427
traceon4,1466,213673524,1,906,105208,45678,63750,108489,109688,88802,198490,21666,8750,103073,131979,787083
traceon4,1466,213673524,1,907,115521,38594,63802,100156,111771,93490,205261,13802,8854,107240,129531,782761
traceon4,1466,213673524,1,908,102343,42032,60677,105000,110625,97448,208073,10833,8385,101875,127657,766875
traceon4,1466,213673524,1,909,96927,72344,59739,107917,182292,100625,282917,9896,6822,94011,130729,861302
traceon4,1466,213673524,1,910,93958,38698,51302,101667,108593,91979,200572,12188,7552,91615,125000,722552
traceon4,1466,213673524,1,911,93959,52708,49896,98177,107448,91406,198854,10260,31771,91511,123020,750156
traceon4,1466,213673524,1,912,91458,39219,49063,92031,118177,88542,206719,9948,7291,87396,126511,709636
traceon4,1466,213673524,1,913,79531,39375,54219,90833,101094,206302,307396,16302,10260,113438,216927,928281
traceon4,1466,213673524,1,914,145312,93958,59532,101979,100781,102344,203125,13854,8802,102708,178334,907604
traceon4,1466,213673524,1,915,104687,39271,70885,102396,93438,106198,199636,15000,10104,102396,168541,812916
traceon4,1466,213673524,1,916,98750,38959,60416,92292,91094,103489,194583,14584,9687,110313,160885,780469
traceon4,1466,213673524,1,917,95625,38958,81094,99010,90209,103854,194063,13802,9115,94895,153855,780417
traceon4,1466,213673524,1,918,103594,41406,55156,96927,124532,125208,249740,12396,9010,105521,151042,824792
traceon4,1466,213673524,1,919,97760,40573,61667,116250,91875,97344,189219,14843,9636,96406,169635,795989
traceon4,1466,213673524,1,920,98125,38646,59271,93490,90833,101927,192760,15521,10208,97813,155468,761302
traceon4,1466,213673524,1,921,103177,42031,61407,95052,92395,98021,190416,12396,9115,123698,154739,792031
traceon4,1466,213673524,1,922,109375,43229,61354,127917,109427,103854,213281,15625,8489,99532,167604,846406
traceon4,1466,213673524,1,923,137656,45105,55052,90729,91666,95834,187500,12760,8750,90938,158281,786771
traceon4,1466,213673524,1,924,98437,37917,59375,94739,90365,105000,195365,13802,9531,91250,146980,747396
traceon4,1466,213673524,1,925,101198,40573,58229,85417,92500,99687,192187,12344,9167,102031,153854,755000
traceon4,1466,213673524,1,926,127761,41197,54688,85052,93281,103021,196302,11563,9375,96979,145416,768333
traceon4,1466,213673524,1,927,98541,39323,58334,94896,91145,100209,191354,29062,9219,87083,193229,801041
traceon4,1466,213673524,1,928,103386,42969,47552,89375,88385,100000,188385,13802,9115,87500,163021,745105
traceon4,1466,213673524,1,929,96459,38802,56719,93281,107917,106354,214271,15416,9375,89219,150104,763646
traceon4,1466,213673524,1,930,103020,51407,53541,86407,91406,95364,186770,12344,9063,95364,148802,746718
traceon4,1466,213673524,1,931,104010,43177,59115,93490,99531,102291,201822,13959,9479,85990,263072,874114
traceon4,1466,213673524,1,932,104740,53177,49479,93386,98906,102500,201406,36666,9896,88177,159375,796302
traceon4,1466,213673524,1,933,107292,40937,58125,97709,95000,102031,197031,14166,9896,96302,166667,788125
traceon4,1466,213673524,1,934,101771,39531,78802,98385,93021,105573,198594,13177,9636,94375,166718,800989
traceon4,1466,213673524,1,935,100625,45781,61458,92917,120729,103125,223854,13906,9531,90625,168959,807656
traceon4,1466,213673524,1,936,99427,38646,74896,94115,94114,101511,195625,12812,8854,89636,162291,776302
traceon4,1466,213673524,1,937,96979,65886,58802,92239,95157,99687,194844,15261,25625,92968,149584,792188
traceon4,1466,213673524,1,938,104583,42344,65938,95364,93490,92656,186146,11719,9687,92865,152344,760990
traceon4,1466,213673524,1,939,139479,42448,55416,87917,87500,105365,192865,14531,10416,101511,178177,822760
traceon4,1466,213673524,1,940,97813,47083,62135,108073,89167,102031,191198,14792,10364,96928,167812,796198
traceon4,1466,213673524,1,941,156927,42344,64323,99635,90937,99636,190573,14635,9323,116094,154635,848489
traceon4,1466,213673524,1,942,96094,43281,57813,91146,90989,92396,183385,12135,8802,108803,146197,747656
traceon4,1466,213673524,1,943,100000,41510,59844,90469,86250,97291,183541,15000,9167,88958,157813,746302
traceon4,1466,213673524,1,944,94688,38125,57344,87187,99115,95312,194427,13125,8542,92760,153750,739948
traceon4,1466,213673524,1,945,107084,39114,58230,79218,86667,106823,193490,14323,8333,73906,140886,714584
traceon4,1466,213673524,1,946,88437,36407,54010,83698,102448,92448,194896,13229,8333,99584,143073,721667
traceon4,1466,213673524,1,947,98750,47135,56667,76562,86667,89479,176146,10886,7916,88542,145625,708229
traceon4,1466,213673524,1,948,96875,37396,61510,87917,99011,97552,196563,27448,8020,86980,158281,760990
traceon4,1466,213673524,1,949,94167,52916,63438,86510,88334,97239,185573,12604,8959,87656,164896,756719
traceon4,1466,213673524,1,950,94480,37552,58802,87083,88906,97292,186198,14323,9479,132917,154791,775625
traceon4,1466,213673524,1,951,106615,99427,53437,91615,145990,119791,265781,12500,8646,96875,154271,889167
traceon4,1466,213673524,1,952,95677,39375,55521,89114,91980,122500,214480,11614,8281,92709,169583,776354
traceon4,1466,213673524,1,953,101406,39166,80053,92447,83646,92500,176146,37240,8698,107239,137136,779531
traceon4,1466,213673524,1,954,98125,71823,49115,84948,84218,89115,173333,14375,9427,103385,161875,766406
traceon4,1466,213673524,1,955,90990,39635,71563,88177,87135,97188,184323,13750,8229,86146,155208,738021
traceon4,1466,213673524,1,956,88021,77916,60000,90052,93907,95260,189167,15104,8594,85885,152709,767448
traceon4,1466,213673524,1,957,108438,37239,64792,76146,94062,96511,190573,12500,8541,97865,143490,739584
traceon4,1466,213673524,1,958,95625,38386,59114,83386,86145,95313,181458,13854,24271,88229,148385,732708
traceon4,1466,213673524,1,959,96198,42240,56146,112291,94896,99531,194427,12396,8959,86666,156875,766198
traceon4,1466,213673524,1,960,102031,39584,50677,93541,87500,96563,184063,11875,8229,102865,158229,751094
traceon4,1466,213673524,1,961,191458,42500,56406,92500,114063,101562,215625,13125,8750,89011,158177,867552
traceon4,1466,213673524,1,962,97760,37031,56823,89115,92187,99688,191875,12656,9063,94843,154375,743541
traceon4,1466,213673524,1,963,92344,37135,48073,82031,109271,102083,211354,15105,8645,105886,163125,763698
traceon4,1466,213673524,1,964,97031,38073,51719,89166,90782,101302,192084,13541,8125,91146,156979,737864
traceon4,1466,213673524,1,965,93959,38125,58489,88438,87396,106979,194375,13125,9375,105000,166198,767084
traceon4,1466,213673524,1,966,107500,42812,61042,86667,88593,97084,185677,15208,9896,87344,146406,742552
traceon4,1466,213673524,1,967,93802,39791,53021,87552,89323,90261,179584,11770,10053,93854,155781,725208
traceon4,1466,213673524,1,968,104896,72187,48334,91406,90260,100834,191094,13489,8959,84895,145782,761042
traceon4,1466,213673524,1,969,95781,39010,50834,83750,89583,93021,182604,12031,8594,95000,161510,729114
traceon4,1466,213673524,1,970,100573,57344,56823,96458,122917,103177,226094,11250,7448,89114,156354,801458
traceon4,1466,213673524,1,971,108073,46823,63907,93906,93385,101459,194844,14114,9427,93281,161198,785573
traceon4,1466,213673524,1,972,108385,42136,66354,84635,99532,99635,199167,12656,9896,98750,158490,780469
traceon4,1466,213673524,1,973,103490,46979,61927,92813,95312,105365,200677,15104,9844,93385,160417,784636
traceon4,1466,213673524,1,974,100938,42396,70833,94948,109271,97916,207187,45313,9115,100625,166458,837813
traceon4,1466,213673524,1,975,100052,70573,58125,95156,91146,100416,191562,12657,8906,89896,159895,786822
traceon4,1466,213673524,1,976,95469,36354,79896,94948,87500,95260,182760,14480,9375,88750,153958,755990
traceon4,1466,213673524,1,977,92396,35990,46145,85313,89896,96771,186667,13489,9167,91146,146562,706875
traceon4,1466,213673524,1,978,99167,38385,68854,88750,91511,97292,188803,10989,8698,97813,170677,772136
traceon4,1466,213673524,1,979,103906,37500,56563,93854,100208,100677,200885,13490,22969,91718,158490,779375
traceon4,1466,213673524,1,980,115729,37657,56562,121146,101875,95521,197396,12708,10313,90885,160208,802604
traceon4,1466,213673524,1,981,93698,35156,50313,84791,88959,101614,190573,13438,8333,92240,150000,718542
traceon4,1466,213673524,1,982,95625,38281,50469,86146,87031,90469,177500,11979,7865,94895,145000,707760
traceon4,1466,213673524,1,983,97083,37448,61146,87656,100886,97604,198490,14323,8750,91302,156666,752864
traceon4,1466,213673524,1,984,94114,38490,58594,85312,91146,95573,186719,14010,25261,87604,190365,780469
traceon4,1466,213673524,1,985,126458,39115,60052,92031,92396,97448,189844,13437,9584,88958,147656,767135
traceon4,1466,213673524,1,986,96979,43386,58021,85573,86770,93750,180520,11563,8958,96146,143906,725052
traceon4,1466,213673524,1,987,116927,44531,61094,87969,118229,102604,220833,13750,8281,86823,149532,789740
traceon4,1466,213673524,1,988,87552,38437,48125,85886,91510,91198,182708,11875,8386,95468,155313,713750
traceon4,1466,213673524,1,989,96146,62239,62396,93073,102448,102188,204636,12812,56771,124115,157760,869948
traceon4,1466,213673524,1,990,103490,44218,59688,90156,98594,93385,191979,13490,9739,93542,157656,763958
traceon4,1466,213673524,1,991,107031,59584,54479,96354,391719,145885,537604,12761,8177,94427,165729,1136146
traceon4,1466,213673524,1,992,95833,41042,51719,92604,897760,114011,1011771,16041,10157,137187,180729,1637083
traceon4,1466,213673524,1,993,95573,39323,76927,110938,360364,153698,514062,16250,9844,114583,168021,1145521
traceon4,1466,213673524,1,994,100260,39740,50937,107448,114583,114428,229011,13593,9323,114896,166979,832187
traceon4,1466,213673524,1,995,93386,38698,59218,120209,506302,249792,756094,41354,11614,169271,234011,1523855
traceon4,1466,213673524,1,996,95833,37084,98646,105625,165208,137240,302448,18854,21041,114688,159531,953750
traceon4,1466,213673524,1,997,93125,42500,65520,104844,142396,124010,266406,15782,10781,112448,150937,862343
traceon4,1466,213673524,1,998,89271,37500,46979,102812,1111719,119219,1230938,17396,9010,107031,145052,1785989
traceon4,1466,213673524,1,999,91875,36823,54010,132032,157083,155104,312187,16250,9375,104375,157761,914688
traceon4,1466,213673524,1,1000,93698,38854,51823,108958,120938,120156,241094,28959,11197,104480,146927,825990
traceon4,1466,213673524,1,1001,88698,36823,50834,100937,116615,133229,249844,13125,8958,204219,162448,915886
traceon4,1466,213673524,1,1002,96666,45886,54792,126614,128333,129323,257656,17344,10052,117240,190104,916354
traceon4,1466,213673524,1,1003,99271,38125,53021,116458,115834,115156,230990,14271,8541,102813,201771,865261
traceon4,1466,213673524,1,1004,102916,38021,48542,107239,123750,112865,236615,13750,9271,101927,142187,800468
traceon4,1466,213673524,1,1005,90833,36250,55417,103593,111511,110833,222344,15156,22709,101771,153125,801198
traceon4,1466,213673524,1,1006,105469,36406,50417,106094,111302,108437,219739,14427,8855,102395,141459,785261
traceon4,1466,213673524,1,1007,99218,37709,53333,101875,110625,105677,216302,14531,9011,102864,139011,773854
traceon4,1466,213673524,1,1008,95313,83333,53959,98437,124531,106563,231094,14114,9948,101823,145729,833750
traceon4,1466,213673524,1,1009,90104,37188,46562,93490,110781,107448,218229,15417,9843,101667,138333,750833
traceon4,1466,213673524,1,1010,88333,60990,43750,106041,111198,108125,219323,16407,8541,109219,136615,789219
traceon4,1466,213673524,1,1011,90469,37396,45364,100313,111823,106614,218437,13958,8855,101927,139166,755885
traceon4,1466,213673524,1,1012,134844,55833,53177,98959,162968,166927,329895,14323,8907,105416,175729,977083
traceon4,1466,213673524,1,1013,91770,41303,44531,163125,182812,128594,311406,14010,9219,106094,165990,947448
traceon4,1466,213673524,1,1014,89323,39480,61614,98958,126928,112864,239792,15573,9583,109844,173646,837813
traceon4,1466,213673524,1,1015,98229,38958,50209,103854,97448,108229,205677,9687,7292,255104,171615,940625
traceon4,1466,213673524,1,1016,85208,38646,54167,107239,125417,111510,236927,10729,7188,114635,262917,917656
traceon4,1466,213673524,1,1017,94480,40052,45989,105261,130729,117448,248177,14323,9895,122761,158177,839115
traceon4,1466,213673524,1,1018,93021,40312,68750,96667,125781,121042,246823,14062,8177,125625,159636,853073
traceon4,1466,213673524,1,1019,85417,38437,47448,104010,121146,106302,227448,11042,7187,109375,149167,779531
traceon4,1466,213673524,1,1020,92136,40312,51250,116458,100521,139427,239948,11979,17188,107031,149636,825938
traceon4,1466,213673524,1,1021,92969,40781,54011,116510,105417,99114,204531,26250,8334,110833,145625,799844
traceon4,1466,213673524,1,1022,89219,37135,45990,99479,101510,109792,211302,13906,8698,102969,139948,748646
traceon4,1466,213673524,1,1023,89843,38490,45573,99479,108125,101667,209792,13594,8750,94895,141719,742135
traceon4,1466,213673524,1,1024,86823,37969,45989,103750,108698,98438,207136,11718,18125,97032,162552,771094
traceon4,1466,213673524,1,1025,94062,45313,56250,105572,111823,134948,246771,12813,8489,103594,158490,831354
traceon4,1466,213673524,1,1026,116458,37240,45781,98802,103386,99896,203282,12864,20573,106615,142656,784271
traceon4,1466,213673524,1,1027,112448,44115,52500,97291,107917,119375,227292,12969,8437,92448,167552,815052
traceon4,1466,213673524,1,1028,97188,39583,52448,106250,105833,106458,212291,13125,10782,107031,173646,812344
traceon4,1466,213673524,1,1029,97240,50000,50312,111406,106563,111406,217969,12865,9844,112604,186458,848698
traceon4,1466,213673524,1,1030,95105,39948,48125,98437,139375,114740,254115,11875,9166,79219,157240,793230
traceon4,1466,213673524,1,1031,97396,51667,54323,93333,102031,100886,202917,12552,26094,92343,164688,795313
traceon4,1466,213673524,1,1032,89688,39635,49427,85105,97135,94687,191822,13542,9636,108854,157239,744948
traceon4,1466,213673524,1,1033,101146,58072,50209,97135,94219,102500,196719,15677,10417,97916,155157,782448
traceon4,1466,213673524,1,1034,97812,45052,58750,96823,104219,98333,202552,12969,9271,87083,136667,746979
traceon4,1466,213673524,1,1035,98073,39635,76823,104479,89688,102396,192084,11979,8594,92604,146510,770781
traceon4,1466,213673524,1,1036,97448,38802,57865,92187,89167,98854,188021,14583,8959,113958,159792,771615
traceon4,1466,213673524,1,1037,91302,36771,63281,96823,88385,98698,187083,14167,8958,87917,156719,743021
traceon4,1466,213673524,1,1038,90261,87135,47344,79271,83541,106250,189791,13698,8594,100052,156771,772917
traceon4,1466,213673524,1,1039,92395,38125,70417,142396,86979,105990,192969,12448,9218,92344,162188,812500
traceon4,1466,213673524,1,1040,171823,41666,51302,85834,83229,96094,179323,13177,9062,100834,155260,808281
traceon4,1466,213673524,1,1041,94323,38073,49843,106146,91042,102031,193073,14063,10312,91979,161146,758958
traceon4,1466,213673524,1,1042,94896,36562,58438,90364,91355,99218,190573,30729,9740,88073,166302,765677
traceon4,1466,213673524,1,1043,94219,43281,60521,92448,102760,103229,205989,13282,10052,91979,159427,771198
traceon4,1466,213673524,1,1044,92968,42344,61459,92083,93021,101718,194739,13594,9740,90885,181771,779583
traceon4,1466,213673524,1,1045,90625,38177,58385,86198,92813,97968,190781,15157,9531,85937,159480,734271
traceon4,1466,213673524,1,1046,97813,41093,56407,92187,87031,98386,185417,14531,9167,87448,160781,744844
traceon4,1466,213673524,1,1047,92656,43177,55990,86718,123698,98906,222604,29896,9375,86511,146666,773593
traceon4,1466,213673524,1,1048,104219,37500,53854,96042,136822,93073,229895,12292,8698,193802,212240,948542
traceon4,1466,213673524,1,1049,122084,53125,73645,162240,110469,114791,225260,16615,10417,124010,206719,994115
traceon4,1466,213673524,1,1050,114167,43489,50938,89948,90208,97761,187969,12395,8698,95469,167917,770990
