"id","ts","dur","name","tid","pid"
57678,813349827550734,3334,"MIPC:client_registered:51",3397,1466
57680,813349827569537,1822,"MIPC:client_entry:51",3397,1466
57682,813349827582037,1562,"MIPC:client_resolved:51",3397,1466
57729,813349827945318,4114,"MIPC:client_send:51",3397,1466
57789,813349828900109,4896,"MIPC:client_reply:51",3362,1466
57796,813349829105005,6407,"MIPC:client_resume:51",3397,1466
57832,813349829851776,4583,"MIPC:client_registered:52",3397,1466
57833,813349829867245,1667,"MIPC:client_entry:52",3397,1466
57834,813349829884224,1719,"MIPC:client_resolved:52",3397,1466
57838,813349829926620,1719,"MIPC:client_send:52",3397,1466
57875,813349830417401,1771,"MIPC:client_reply:52",3362,1466
57892,813349830591672,4740,"MIPC:client_resume:52",3397,1466
57901,813349830856412,4166,"MIPC:client_registered:53",3397,1466
57903,813349830869849,1823,"MIPC:client_entry:53",3397,1466
57905,813349830880266,1250,"MIPC:client_resolved:53",3397,1466
57910,813349830913964,1823,"MIPC:client_send:53",3397,1466
57928,813349831344068,3489,"MIPC:client_reply:53",3362,1466
57940,813349831524068,4427,"MIPC:client_resume:53",3397,1466
57958,813349831778651,4167,"MIPC:client_registered:54",3397,1466
57960,813349831791776,1615,"MIPC:client_entry:54",3397,1466
57962,813349831799328,3802,"MIPC:client_resolved:54",3397,1466
57963,813349831831932,2605,"MIPC:client_send:54",3397,1466
57999,813349832273026,3073,"MIPC:client_reply:54",3362,1466
58009,813349832447453,3594,"MIPC:client_resume:54",3397,1466
58033,813349832733964,3229,"MIPC:client_registered:55",3397,1466
58036,813349832747557,1407,"MIPC:client_entry:55",3397,1466
58037,813349832755526,1250,"MIPC:client_resolved:55",3397,1466
58038,813349832786359,2136,"MIPC:client_send:55",3397,1466
58063,813349833238703,2865,"MIPC:client_reply:55",3362,1466
58064,813349833397193,5885,"MIPC:client_resume:55",3397,1466
58065,813349833621620,5052,"MIPC:client_registered:56",3397,1466
58066,813349833640318,1979,"MIPC:client_entry:56",3397,1466
58067,813349833649432,1511,"MIPC:client_resolved:56",3397,1466
58068,813349833681620,1979,"MIPC:client_send:56",3397,1466
58081,813349834115839,3541,"MIPC:client_reply:56",3362,1466
58082,813349834280630,5469,"MIPC:client_resume:56",3397,1466
58091,813349834517766,5052,"MIPC:client_registered:57",3397,1466
58092,813349834535422,2031,"MIPC:client_entry:57",3397,1466
58095,813349834544589,6718,"MIPC:client_resolved:57",3397,1466
58099,813349834580682,1719,"MIPC:client_send:57",3397,1466
58119,813349835147922,3646,"MIPC:client_reply:57",3362,1466
58120,813349835309901,4375,"MIPC:client_resume:57",3397,1466
58131,813349835595682,2969,"MIPC:client_registered:58",3397,1466
58132,813349835606932,1459,"MIPC:client_entry:58",3397,1466
58133,813349835614693,1458,"MIPC:client_resolved:58",3397,1466
58138,813349835648287,2500,"MIPC:client_send:58",3397,1466
58180,813349836189797,3542,"MIPC:client_reply:58",3362,1466
58197,813349836366724,4323,"MIPC:client_resume:58",3397,1466
58199,813349836646672,2292,"MIPC:client_registered:59",3397,1466
58200,813349836656620,1458,"MIPC:client_entry:59",3397,1466
58201,813349836663964,1302,"MIPC:client_resolved:59",3397,1466
58202,813349836689068,1719,"MIPC:client_send:59",3397,1466
58211,813349837137089,3073,"MIPC:client_reply:59",3362,1466
58227,813349837371828,4167,"MIPC:client_resume:59",3397,1466
58247,813349837615943,2344,"MIPC:client_registered:60",3397,1466
58250,813349837625526,1615,"MIPC:client_entry:60",3397,1466
58251,813349837633547,1667,"MIPC:client_resolved:60",3397,1466
58252,813349837658026,1563,"MIPC:client_send:60",3397,1466
58292,813349838137505,5938,"MIPC:client_reply:60",3362,1466
58299,813349838288859,4271,"MIPC:client_resume:60",3397,1466
58314,813349838549432,3802,"MIPC:client_registered:61",3397,1466
58315,813349838561568,1823,"MIPC:client_entry:61",3397,1466
58317,813349838569484,1459,"MIPC:client_resolved:61",3397,1466
58321,813349838600630,1927,"MIPC:client_send:61",3397,1466
58346,813349839023599,3125,"MIPC:client_reply:61",3362,1466
58361,813349839199589,3385,"MIPC:client_resume:61",3397,1466
58377,813349839454745,3802,"MIPC:client_registered:62",3397,1466
58378,813349839467818,1510,"MIPC:client_entry:62",3397,1466
58379,813349839475578,1667,"MIPC:client_resolved:62",3397,1466
58382,813349839511151,2031,"MIPC:client_send:62",3397,1466
58411,813349839902818,3802,"MIPC:client_reply:62",3362,1466
58412,813349840030109,4063,"MIPC:client_resume:62",3397,1466
58437,813349840329484,2344,"MIPC:client_registered:63",3397,1466
58438,813349840340839,1562,"MIPC:client_entry:63",3397,1466
58441,813349840348651,1458,"MIPC:client_resolved:63",3397,1466
58444,813349840379380,1719,"MIPC:client_send:63",3397,1466
58478,813349840752974,3073,"MIPC:client_reply:63",3362,1466
58491,813349840944537,5208,"MIPC:client_resume:63",3397,1466
58510,813349841202037,3697,"MIPC:client_registered:64",3397,1466
58511,813349841214693,1510,"MIPC:client_entry:64",3397,1466
58512,813349841222349,1458,"MIPC:client_resolved:64",3397,1466
58517,813349841253443,2135,"MIPC:client_send:64",3397,1466
58549,813349841658495,4062,"MIPC:client_reply:64",3362,1466
58558,813349841793703,2500,"MIPC:client_resume:64",3397,1466
58582,813349842044380,3750,"MIPC:client_registered:65",3397,1466
58585,813349842057557,1667,"MIPC:client_entry:65",3397,1466
58586,813349842081828,1667,"MIPC:client_resolved:65",3397,1466
58589,813349842113234,1615,"MIPC:client_send:65",3397,1466
58629,813349842496412,3697,"MIPC:client_reply:65",3362,1466
58638,813349842619745,3854,"MIPC:client_resume:65",3397,1466
58656,813349842863599,4635,"MIPC:client_registered:66",3397,1466
58659,813349842876307,1563,"MIPC:client_entry:66",3397,1466
58660,813349842883755,1511,"MIPC:client_resolved:66",3397,1466
58666,813349842915266,1458,"MIPC:client_send:66",3397,1466
58709,813349843290214,3125,"MIPC:client_reply:66",3362,1466
58716,813349843443339,3593,"MIPC:client_resume:66",3397,1466
58726,813349843666255,3698,"MIPC:client_registered:67",3397,1466
58728,813349843687609,1667,"MIPC:client_entry:67",3397,1466
58729,813349843695839,1354,"MIPC:client_resolved:67",3397,1466
58732,813349843721672,1979,"MIPC:client_send:67",3397,1466
58760,813349844295995,3542,"MIPC:client_reply:67",3362,1466
58767,813349844485370,3594,"MIPC:client_resume:67",3397,1466
58786,813349844740630,2188,"MIPC:client_registered:68",3397,1466
58788,813349844750057,1823,"MIPC:client_entry:68",3397,1466
58790,813349844757766,1510,"MIPC:client_resolved:68",3397,1466
58793,813349844789172,2292,"MIPC:client_send:68",3397,1466
58830,813349845262141,4427,"MIPC:client_reply:68",3362,1466
58842,813349845428807,4427,"MIPC:client_resume:68",3397,1466
58852,813349845669589,3593,"MIPC:client_registered:69",3397,1466
58853,813349845682037,1458,"MIPC:client_entry:69",3397,1466
58854,813349845698078,1459,"MIPC:client_resolved:69",3397,1466
58855,813349845728391,1875,"MIPC:client_send:69",3397,1466
58900,813349846752089,3750,"MIPC:client_reply:69",3362,1466
58912,813349846930578,4427,"MIPC:client_resume:69",3397,1466
58936,813349847193651,2969,"MIPC:client_registered:70",3397,1466
58939,813349847207505,2292,"MIPC:client_entry:70",3397,1466
58940,813349847217557,1823,"MIPC:client_resolved:70",3397,1466
58943,813349847252505,1979,"MIPC:client_send:70",3397,1466
58970,813349847727297,5104,"MIPC:client_reply:70",3362,1466
58978,813349847912297,4583,"MIPC:client_resume:70",3397,1466
58983,813349848192974,4010,"MIPC:client_registered:71",3397,1466
58984,813349848205266,1406,"MIPC:client_entry:71",3397,1466
58985,813349848213130,2188,"MIPC:client_resolved:71",3397,1466
58986,813349848254745,1719,"MIPC:client_send:71",3397,1466
58991,813349848760162,3750,"MIPC:client_reply:71",3362,1466
58992,813349848934953,5000,"MIPC:client_resume:71",3397,1466
58993,813349849157818,4427,"MIPC:client_registered:72",3397,1466
58994,813349849173807,2136,"MIPC:client_entry:72",3397,1466
58995,813349849182714,1354,"MIPC:client_resolved:72",3397,1466
58996,813349849215734,2188,"MIPC:client_send:72",3397,1466
59001,813349849636099,4167,"MIPC:client_reply:72",3362,1466
59002,813349849806932,5157,"MIPC:client_resume:72",3397,1466
59003,813349850022505,4896,"MIPC:client_registered:73",3397,1466
59004,813349850035995,2135,"MIPC:client_entry:73",3397,1466
59005,813349850044328,1719,"MIPC:client_resolved:73",3397,1466
59006,813349850072401,1771,"MIPC:client_send:73",3397,1466
59011,813349850490057,3594,"MIPC:client_reply:73",3362,1466
59012,813349850664432,6302,"MIPC:client_resume:73",3397,1466
59013,813349850898912,4375,"MIPC:client_registered:74",3397,1466
59014,813349850912141,1458,"MIPC:client_entry:74",3397,1466
59015,813349850919693,1354,"MIPC:client_resolved:74",3397,1466
59016,813349850947089,1614,"MIPC:client_send:74",3397,1466
59054,813349851531359,4532,"MIPC:client_reply:74",3362,1466
59068,813349851713755,7240,"MIPC:client_resume:74",3397,1466
59083,813349852013547,9271,"MIPC:client_registered:75",3397,1466
59086,813349852036828,2292,"MIPC:client_entry:75",3397,1466
59087,813349852047037,1614,"MIPC:client_resolved:75",3397,1466
59088,813349852077245,1719,"MIPC:client_send:75",3397,1466
59119,813349852479537,2708,"MIPC:client_reply:75",3362,1466
59133,813349852644484,5105,"MIPC:client_resume:75",3397,1466
59161,813349852990682,2813,"MIPC:client_registered:76",3397,1466
59163,813349853003651,1927,"MIPC:client_entry:76",3397,1466
59165,813349853013130,1823,"MIPC:client_resolved:76",3397,1466
59171,813349853049432,4740,"MIPC:client_send:76",3397,1466
59211,813349853525057,4115,"MIPC:client_reply:76",3362,1466
59212,813349853706359,4792,"MIPC:client_resume:76",3397,1466
59251,813349854506880,5157,"MIPC:client_registered:77",3397,1466
59254,813349854524224,1927,"MIPC:client_entry:77",3397,1466
59256,813349854535318,1510,"MIPC:client_resolved:77",3397,1466
59261,813349854570266,2187,"MIPC:client_send:77",3397,1466
59304,813349854982193,1875,"MIPC:client_reply:77",3362,1466
59316,813349855154380,2657,"MIPC:client_resume:77",3397,1466
59334,813349855419641,3541,"MIPC:client_registered:78",3397,1466
59335,813349855436151,2292,"MIPC:client_entry:78",3397,1466
59338,813349855446307,1407,"MIPC:client_resolved:78",3397,1466
59339,813349855475943,1875,"MIPC:client_send:78",3397,1466
59362,813349855897037,2968,"MIPC:client_reply:78",3362,1466
59367,813349856066828,5052,"MIPC:client_resume:78",3397,1466
59370,813349856340995,2708,"MIPC:client_registered:79",3397,1466
59371,813349856351255,1667,"MIPC:client_entry:79",3397,1466
59372,813349856358859,1250,"MIPC:client_resolved:79",3397,1466
59373,813349856385839,1510,"MIPC:client_send:79",3397,1466
59379,813349856784745,3906,"MIPC:client_reply:79",3362,1466
59380,813349856912193,3854,"MIPC:client_resume:79",3397,1466
59381,813349857134537,3281,"MIPC:client_registered:80",3397,1466
59382,813349857146672,1875,"MIPC:client_entry:80",3397,1466
59383,813349857155109,1511,"MIPC:client_resolved:80",3397,1466
59384,813349857181464,1614,"MIPC:client_send:80",3397,1466
59389,813349857563964,4270,"MIPC:client_reply:80",3362,1466
59390,813349857691724,4688,"MIPC:client_resume:80",3397,1466
59392,813349857916776,2656,"MIPC:client_registered:81",3397,1466
59393,813349857927870,1562,"MIPC:client_entry:81",3397,1466
59394,813349857935318,1302,"MIPC:client_resolved:81",3397,1466
59395,813349857959849,1719,"MIPC:client_send:81",3397,1466
59400,813349858344953,4167,"MIPC:client_reply:81",3362,1466
59401,813349858472870,4010,"MIPC:client_resume:81",3397,1466
59402,813349858692870,3177,"MIPC:client_registered:82",3397,1466
59403,813349858705162,1406,"MIPC:client_entry:82",3397,1466
59404,813349858712609,1459,"MIPC:client_resolved:82",3397,1466
59405,813349858738443,1666,"MIPC:client_send:82",3397,1466
59410,813349859131412,3645,"MIPC:client_reply:82",3362,1466
59411,813349859255630,3854,"MIPC:client_resume:82",3397,1466
59413,813349859524328,4011,"MIPC:client_registered:83",3397,1466
59414,813349859537870,1354,"MIPC:client_entry:83",3397,1466
59415,813349859545422,1354,"MIPC:client_resolved:83",3397,1466
59416,813349859570995,1562,"MIPC:client_send:83",3397,1466
59421,813349859942141,3125,"MIPC:client_reply:83",3362,1466
59422,813349860066464,4791,"MIPC:client_resume:83",3397,1466
59424,813349860481412,4583,"MIPC:client_registered:84",3397,1466
59425,813349860503287,1770,"MIPC:client_entry:84",3397,1466
59426,813349860511932,1407,"MIPC:client_resolved:84",3397,1466
59427,813349860541255,1979,"MIPC:client_send:84",3397,1466
59434,813349860929068,2916,"MIPC:client_reply:84",3362,1466
59435,813349861135943,4635,"MIPC:client_resume:84",3397,1466
59437,813349861365943,2916,"MIPC:client_registered:85",3397,1466
59438,813349861377349,1563,"MIPC:client_entry:85",3397,1466
59439,813349861385005,1407,"MIPC:client_resolved:85",3397,1466
59440,813349861410162,1718,"MIPC:client_send:85",3397,1466
59445,813349861806880,3438,"MIPC:client_reply:85",3362,1466
59448,813349861953391,4479,"MIPC:client_resume:85",3397,1466
59449,813349862167974,4583,"MIPC:client_registered:86",3397,1466
59450,813349862184797,1719,"MIPC:client_entry:86",3397,1466
59451,813349862206203,1667,"MIPC:client_resolved:86",3397,1466
59452,813349862235891,1927,"MIPC:client_send:86",3397,1466
59457,813349862675526,2969,"MIPC:client_reply:86",3362,1466
59459,813349862805526,3958,"MIPC:client_resume:86",3397,1466
59461,813349863002662,4843,"MIPC:client_registered:87",3397,1466
59462,813349863019797,1875,"MIPC:client_entry:87",3397,1466
59463,813349863028807,1563,"MIPC:client_resolved:87",3397,1466
59464,813349863056307,1980,"MIPC:client_send:87",3397,1466
59473,813349863511984,2969,"MIPC:client_reply:87",3362,1466
59476,813349863654589,4427,"MIPC:client_resume:87",3397,1466
59478,813349863877037,3020,"MIPC:client_registered:88",3397,1466
59479,813349863889484,1563,"MIPC:client_entry:88",3397,1466
59480,813349863897974,1563,"MIPC:client_resolved:88",3397,1466
59481,813349863937401,1927,"MIPC:client_send:88",3397,1466
59486,813349864377609,3542,"MIPC:client_reply:88",3362,1466
59487,813349864549068,4635,"MIPC:client_resume:88",3397,1466
59488,813349864782662,3593,"MIPC:client_registered:89",3397,1466
59489,813349864794589,1302,"MIPC:client_entry:89",3397,1466
59490,813349864801776,1302,"MIPC:client_resolved:89",3397,1466
59491,813349864833287,2083,"MIPC:client_send:89",3397,1466
59498,813349865222037,3906,"MIPC:client_reply:89",3362,1466
59499,813349865346828,5000,"MIPC:client_resume:89",3397,1466
59501,813349865576620,4427,"MIPC:client_registered:90",3397,1466
59502,813349865594745,1927,"MIPC:client_entry:90",3397,1466
59503,813349865603651,1458,"MIPC:client_resolved:90",3397,1466
59504,813349865631672,1875,"MIPC:client_send:90",3397,1466
59509,813349866029484,2917,"MIPC:client_reply:90",3362,1466
59510,813349866148703,3438,"MIPC:client_resume:90",3397,1466
59511,813349866354953,4688,"MIPC:client_registered:91",3397,1466
59512,813349866372609,1615,"MIPC:client_entry:91",3397,1466
59513,813349866381255,1511,"MIPC:client_resolved:91",3397,1466
59514,813349866408755,2032,"MIPC:client_send:91",3397,1466
59519,813349866870578,3021,"MIPC:client_reply:91",3362,1466
59520,813349866994172,5729,"MIPC:client_resume:91",3397,1466
59521,813349867211984,4011,"MIPC:client_registered:92",3397,1466
59522,813349867225109,1407,"MIPC:client_entry:92",3397,1466
59523,813349867232557,1459,"MIPC:client_resolved:92",3397,1466
59524,813349867257766,1666,"MIPC:client_send:92",3397,1466
59529,813349867635474,3750,"MIPC:client_reply:92",3362,1466
59530,813349867912193,8541,"MIPC:client_resume:92",3397,1466
59531,813349868355995,3958,"MIPC:client_registered:93",3397,1466
59532,813349868368547,1458,"MIPC:client_entry:93",3397,1466
59533,813349868376307,1563,"MIPC:client_resolved:93",3397,1466
59534,813349868402818,24271,"MIPC:client_send:93",3397,1466
59539,813349868990318,3698,"MIPC:client_reply:93",3362,1466
59542,813349869143182,5782,"MIPC:client_resume:93",3397,1466
59544,813349869378807,2761,"MIPC:client_registered:94",3397,1466
59545,813349869394849,1823,"MIPC:client_entry:94",3397,1466
59546,813349869404224,1563,"MIPC:client_resolved:94",3397,1466
59547,813349869433495,2500,"MIPC:client_send:94",3397,1466
59552,813349869864901,5156,"MIPC:client_reply:94",3362,1466
59553,813349870069589,4479,"MIPC:client_resume:94",3397,1466
59554,813349870331151,3177,"MIPC:client_registered:95",3397,1466
59555,813349870343287,1562,"MIPC:client_entry:95",3397,1466
59556,813349870351047,1354,"MIPC:client_resolved:95",3397,1466
59557,813349870378703,1719,"MIPC:client_send:95",3397,1466
59564,813349870848859,3646,"MIPC:client_reply:95",3362,1466
59565,813349871041255,4375,"MIPC:client_resume:95",3397,1466
59572,813349871282557,4063,"MIPC:client_registered:96",3397,1466
59575,813349871300005,1667,"MIPC:client_entry:96",3397,1466
59576,813349871308182,1459,"MIPC:client_resolved:96",3397,1466
59579,813349871334589,2343,"MIPC:client_send:96",3397,1466
59637,813349872297922,4271,"MIPC:client_reply:96",3362,1466
59643,813349872505995,4844,"MIPC:client_resume:96",3397,1466
59660,813349872838495,1979,"MIPC:client_registered:97",3397,1466
59662,813349872849537,1614,"MIPC:client_entry:97",3397,1466
59666,813349872860787,1406,"MIPC:client_resolved:97",3397,1466
59667,813349872891932,2136,"MIPC:client_send:97",3397,1466
59694,813349873371724,3333,"MIPC:client_reply:97",3362,1466
59695,813349873580839,5312,"MIPC:client_resume:97",3397,1466
59704,813349873834016,3854,"MIPC:client_registered:98",3397,1466
59705,813349873847089,2083,"MIPC:client_entry:98",3397,1466
59706,813349873859536,1980,"MIPC:client_resolved:98",3397,1466
59709,813349873891932,5573,"MIPC:client_send:98",3397,1466
59734,813349874323339,4062,"MIPC:client_reply:98",3362,1466
59744,813349874516672,4427,"MIPC:client_resume:98",3397,1466
59754,813349874754276,3490,"MIPC:client_registered:99",3397,1466
59755,813349874767974,2135,"MIPC:client_entry:99",3397,1466
59756,813349874780682,1667,"MIPC:client_resolved:99",3397,1466
59757,813349874812453,1823,"MIPC:client_send:99",3397,1466
59782,813349875233339,3020,"MIPC:client_reply:99",3362,1466
59794,813349875414849,4792,"MIPC:client_resume:99",3397,1466
59802,813349875629589,4635,"MIPC:client_registered:100",3397,1466
59803,813349875646828,1667,"MIPC:client_entry:100",3397,1466
59804,813349875655370,1875,"MIPC:client_resolved:100",3397,1466
59805,813349875683807,1823,"MIPC:client_send:100",3397,1466
59831,813349876089120,72344,"MIPC:client_reply:100",3362,1466
59844,813349876305422,4219,"MIPC:client_resume:100",3397,1466
59865,813349876529901,6875,"MIPC:client_registered:101",3397,1466
59869,813349876556672,1823,"MIPC:client_entry:101",3397,1466
59871,813349876568495,1614,"MIPC:client_resolved:101",3397,1466
59874,813349876597401,1927,"MIPC:client_send:101",3397,1466
59895,813349877002297,3489,"MIPC:client_reply:101",3362,1466
59921,813349877345734,2657,"MIPC:client_resume:101",3397,1466
59945,813349877587870,2187,"MIPC:client_registered:102",3397,1466
59946,813349877598599,1510,"MIPC:client_entry:102",3397,1466
59947,813349877605891,1562,"MIPC:client_resolved:102",3397,1466
59948,813349877630995,1927,"MIPC:client_send:102",3397,1466
59965,813349878012818,3437,"MIPC:client_reply:102",3362,1466
59980,813349878216568,4896,"MIPC:client_resume:102",3397,1466
60029,813349878937453,3906,"MIPC:client_registered:103",3397,1466
60032,813349878956099,1979,"MIPC:client_entry:103",3397,1466
60035,813349878983807,2084,"MIPC:client_resolved:103",3397,1466
60036,813349879036620,2500,"MIPC:client_send:103",3397,1466
60065,813349879614589,3437,"MIPC:client_reply:103",3362,1466
60073,813349879800422,4635,"MIPC:client_resume:103",3397,1466
60085,813349880002714,3177,"MIPC:client_registered:104",3397,1466
60086,813349880013547,1614,"MIPC:client_entry:104",3397,1466
60087,813349880021307,1511,"MIPC:client_resolved:104",3397,1466
60088,813349880045422,1823,"MIPC:client_send:104",3397,1466
60118,813349880450005,1875,"MIPC:client_reply:104",3362,1466
60136,813349880671464,5989,"MIPC:client_resume:104",3397,1466
60160,813349880945995,4219,"MIPC:client_registered:105",3397,1466
60162,813349880960214,1927,"MIPC:client_entry:105",3397,1466
60164,813349880969745,5208,"MIPC:client_resolved:105",3397,1466
60167,813349881011984,1980,"MIPC:client_send:105",3397,1466
60203,813349881419901,4219,"MIPC:client_reply:105",3362,1466
60214,813349881703495,5573,"MIPC:client_resume:105",3397,1466
60228,813349881978911,3959,"MIPC:client_registered:106",3397,1466
60229,813349881995057,2084,"MIPC:client_entry:106",3397,1466
60230,813349882006568,1823,"MIPC:client_resolved:106",3397,1466
60231,813349882035995,1771,"MIPC:client_send:106",3397,1466
60270,813349882711724,12760,"MIPC:client_reply:106",3362,1466
60281,813349882947401,6146,"MIPC:client_resume:106",3397,1466
60296,813349883275370,5625,"MIPC:client_registered:107",3397,1466
60298,813349883298026,5677,"MIPC:client_entry:107",3397,1466
60300,813349883314172,2083,"MIPC:client_resolved:107",3397,1466
60304,813349883358078,2604,"MIPC:client_send:107",3397,1466
60349,813349883896464,3229,"MIPC:client_reply:107",3362,1466
60354,813349884056307,4011,"MIPC:client_resume:107",3397,1466
60382,813349884393755,2396,"MIPC:client_registered:108",3397,1466
60383,813349884405005,1615,"MIPC:client_entry:108",3397,1466
60384,813349884414380,2136,"MIPC:client_resolved:108",3397,1466
60390,813349884460474,2083,"MIPC:client_send:108",3397,1466
60423,813349884939849,3385,"MIPC:client_reply:108",3362,1466
60433,813349885103651,5052,"MIPC:client_resume:108",3397,1466
60460,813349885367557,3021,"MIPC:client_registered:109",3397,1466
60461,813349885379120,1562,"MIPC:client_entry:109",3397,1466
60462,813349885387089,1562,"MIPC:client_resolved:109",3397,1466
60463,813349885414484,1980,"MIPC:client_send:109",3397,1466
60485,813349885788703,2604,"MIPC:client_reply:109",3362,1466
60487,813349885960318,4583,"MIPC:client_resume:109",3397,1466
60509,813349886243964,66197,"MIPC:client_registered:110",3397,1466
60514,813349886336776,1927,"MIPC:client_entry:110",3397,1466
60515,813349886346307,1459,"MIPC:client_resolved:110",3397,1466
60517,813349886380370,1771,"MIPC:client_send:110",3397,1466
60533,813349886796464,2552,"MIPC:client_reply:110",3362,1466
60534,813349887028182,4792,"MIPC:client_resume:110",3397,1466
60550,813349887290474,2865,"MIPC:client_registered:111",3397,1466
60551,813349887301828,1458,"MIPC:client_entry:111",3397,1466
60552,813349887309016,1562,"MIPC:client_resolved:111",3397,1466
60553,813349887343443,1875,"MIPC:client_send:111",3397,1466
60579,813349887721255,2969,"MIPC:client_reply:111",3362,1466
60584,813349887900786,3542,"MIPC:client_resume:111",3397,1466
60599,813349888182141,3958,"MIPC:client_registered:112",3397,1466
60601,813349888194953,1563,"MIPC:client_entry:112",3397,1466
60602,813349888203182,1511,"MIPC:client_resolved:112",3397,1466
60603,813349888230161,1823,"MIPC:client_send:112",3397,1466
60629,813349888600943,2448,"MIPC:client_reply:112",3362,1466
60646,813349888788443,5104,"MIPC:client_resume:112",3397,1466
60674,813349889057401,3906,"MIPC:client_registered:113",3397,1466
60675,813349889070057,1511,"MIPC:client_entry:113",3397,1466
60676,813349889077401,1250,"MIPC:client_resolved:113",3397,1466
60677,813349889106724,1458,"MIPC:client_send:113",3397,1466
60698,813349889502557,2969,"MIPC:client_reply:113",3362,1466
60708,813349889644016,3541,"MIPC:client_resume:113",3397,1466
60725,813349889888651,6771,"MIPC:client_registered:114",3397,1466
60728,813349889904693,1354,"MIPC:client_entry:114",3397,1466
60729,813349889912089,1510,"MIPC:client_resolved:114",3397,1466
60732,813349889940943,1718,"MIPC:client_send:114",3397,1466
60763,813349890319849,3437,"MIPC:client_reply:114",3362,1466
60770,813349890445943,3958,"MIPC:client_resume:114",3397,1466
60778,813349890655318,3750,"MIPC:client_registered:115",3397,1466
60779,813349890667609,1355,"MIPC:client_entry:115",3397,1466
60780,813349890674953,1354,"MIPC:client_resolved:115",3397,1466
60781,813349890700161,1667,"MIPC:client_send:115",3397,1466
60801,813349891055786,3438,"MIPC:client_reply:115",3362,1466
60812,813349891176880,4011,"MIPC:client_resume:115",3397,1466
60826,813349891412974,3333,"MIPC:client_registered:116",3397,1466
60827,813349891425578,1458,"MIPC:client_entry:116",3397,1466
60828,813349891432714,1354,"MIPC:client_resolved:116",3397,1466
60830,813349891457036,1719,"MIPC:client_send:116",3397,1466
60859,813349891870786,3594,"MIPC:client_reply:116",3362,1466
60867,813349891992974,3594,"MIPC:client_resume:116",3397,1466
60872,813349892221307,4063,"MIPC:client_registered:117",3397,1466
60874,813349892234172,1979,"MIPC:client_entry:117",3397,1466
60876,813349892248182,1615,"MIPC:client_resolved:117",3397,1466
60879,813349892274432,2344,"MIPC:client_send:117",3397,1466
60889,813349892654953,3802,"MIPC:client_reply:117",3362,1466
60894,813349892777349,4583,"MIPC:client_resume:117",3397,1466
60913,813349893097922,3229,"MIPC:client_registered:118",3397,1466
60917,813349893119172,1354,"MIPC:client_entry:118",3397,1466
60918,813349893126932,1407,"MIPC:client_resolved:118",3397,1466
60923,813349893156568,1927,"MIPC:client_send:118",3397,1466
60932,813349893503547,3385,"MIPC:client_reply:118",3362,1466
60949,813349893696047,5000,"MIPC:client_resume:118",3397,1466
60982,813349894035214,15312,"MIPC:client_registered:119",3397,1466
60983,813349894079589,1822,"MIPC:client_entry:119",3397,1466
60984,813349894088599,1354,"MIPC:client_resolved:119",3397,1466
60987,813349894128651,1667,"MIPC:client_send:119",3397,1466
61024,813349894500943,1875,"MIPC:client_reply:119",3362,1466
61032,813349894647505,6354,"MIPC:client_resume:119",3397,1466
61061,813349894983443,4271,"MIPC:client_registered:120",3397,1466
61063,813349894997557,1719,"MIPC:client_entry:120",3397,1466
61068,813349895024120,1719,"MIPC:client_resolved:120",3397,1466
61071,813349895060266,2291,"MIPC:client_send:120",3397,1466
61114,813349895524380,3334,"MIPC:client_reply:120",3362,1466
61121,813349895677297,4687,"MIPC:client_resume:120",3397,1466
61136,813349895933391,2812,"MIPC:client_registered:121",3397,1466
61137,813349895944797,1406,"MIPC:client_entry:121",3397,1466
61138,813349895952141,1354,"MIPC:client_resolved:121",3397,1466
61139,813349895978755,2396,"MIPC:client_send:121",3397,1466
61162,813349896464693,4739,"MIPC:client_reply:121",3362,1466
61163,813349896595578,4063,"MIPC:client_resume:121",3397,1466
61177,813349896853234,3698,"MIPC:client_registered:122",3397,1466
61179,813349896866880,1875,"MIPC:client_entry:122",3397,1466
61181,813349896875370,6198,"MIPC:client_resolved:122",3397,1466
61185,813349896915630,2031,"MIPC:client_send:122",3397,1466
61198,813349897350682,3334,"MIPC:client_reply:122",3362,1466
61208,813349897505161,4219,"MIPC:client_resume:122",3397,1466
61218,813349897749276,3958,"MIPC:client_registered:123",3397,1466
61219,813349897762349,2135,"MIPC:client_entry:123",3397,1466
61222,813349897771464,1614,"MIPC:client_resolved:123",3397,1466
61225,813349897805005,2552,"MIPC:client_send:123",3397,1466
61250,813349898256411,3698,"MIPC:client_reply:123",3362,1466
61260,813349898403339,6458,"MIPC:client_resume:123",3397,1466
61280,813349898679953,4740,"MIPC:client_registered:124",3397,1466
61281,813349898701568,1979,"MIPC:client_entry:124",3397,1466
61282,813349898711516,1927,"MIPC:client_resolved:124",3397,1466
61284,813349898743130,2084,"MIPC:client_send:124",3397,1466
61317,813349899150734,3750,"MIPC:client_reply:124",3362,1466
61322,813349899289276,5729,"MIPC:client_resume:124",3397,1466
61351,813349899656203,4636,"MIPC:client_registered:125",3397,1466
61352,813349899672505,2292,"MIPC:client_entry:125",3397,1466
61353,813349899682453,1719,"MIPC:client_resolved:125",3397,1466
61358,813349899718599,2760,"MIPC:client_send:125",3397,1466
61387,813349900291255,3646,"MIPC:client_reply:125",3362,1466
61402,813349900522349,5260,"MIPC:client_resume:125",3397,1466
61416,813349900793234,3125,"MIPC:client_registered:126",3397,1466
61417,813349900805995,1406,"MIPC:client_entry:126",3397,1466
61418,813349900813547,1406,"MIPC:client_resolved:126",3397,1466
61419,813349900842349,2135,"MIPC:client_send:126",3397,1466
61456,813349901328286,3386,"MIPC:client_reply:126",3362,1466
61493,813349901703547,4479,"MIPC:client_resume:126",3397,1466
61506,813349901976516,6458,"MIPC:client_registered:127",3397,1466
61510,813349901998703,1511,"MIPC:client_entry:127",3397,1466
61511,813349902006620,1458,"MIPC:client_resolved:127",3397,1466
61515,813349902036359,2084,"MIPC:client_send:127",3397,1466
61544,813349902584380,3438,"MIPC:client_reply:127",3362,1466
61571,813349902914224,4323,"MIPC:client_resume:127",3397,1466
61605,813349903203911,3438,"MIPC:client_registered:128",3397,1466
61608,813349903219484,1719,"MIPC:client_entry:128",3397,1466
61611,813349903227453,1354,"MIPC:client_resolved:128",3397,1466
61614,813349903255526,1510,"MIPC:client_send:128",3397,1466
61650,813349904607193,3802,"MIPC:client_reply:128",3362,1466
61696,813349905146932,4688,"MIPC:client_resume:128",3397,1466
61705,813349905427401,2552,"MIPC:client_registered:129",3397,1466
61706,813349905437609,1615,"MIPC:client_entry:129",3397,1466
61707,813349905445266,1510,"MIPC:client_resolved:129",3397,1466
61708,813349905472714,1875,"MIPC:client_send:129",3397,1466
61755,813349906141203,3698,"MIPC:client_reply:129",3362,1466
61769,813349906324172,4896,"MIPC:client_resume:129",3397,1466
61785,813349906586568,2396,"MIPC:client_registered:130",3397,1466
61786,813349906598234,1511,"MIPC:client_entry:130",3397,1466
61788,813349906609484,1771,"MIPC:client_resolved:130",3397,1466
61792,813349906645422,1719,"MIPC:client_send:130",3397,1466
61837,813349907147609,1823,"MIPC:client_reply:130",3362,1466
61861,813349907328443,2552,"MIPC:client_resume:130",3397,1466
61892,813349907672870,2864,"MIPC:client_registered:131",3397,1466
61896,813349907683599,1562,"MIPC:client_entry:131",3397,1466
61897,813349907690839,1510,"MIPC:client_resolved:131",3397,1466
61898,813349907717245,1823,"MIPC:client_send:131",3397,1466
61927,813349908189797,2969,"MIPC:client_reply:131",3362,1466
61956,813349908361203,4583,"MIPC:client_resume:131",3397,1466
61979,813349908717193,2500,"MIPC:client_registered:132",3397,1466
61981,813349908728286,1615,"MIPC:client_entry:132",3397,1466
61987,813349908746932,1615,"MIPC:client_resolved:132",3397,1466
61993,813349908789849,2292,"MIPC:client_send:132",3397,1466
62042,813349909296047,3542,"MIPC:client_reply:132",3362,1466
62048,813349909459849,4271,"MIPC:client_resume:132",3397,1466
62083,813349909840943,2760,"MIPC:client_registered:133",3397,1466
62086,813349909853495,1927,"MIPC:client_entry:133",3397,1466
62089,813349909861359,1407,"MIPC:client_resolved:133",3397,1466
62094,813349909890734,2032,"MIPC:client_send:133",3397,1466
62162,813349910463130,2240,"MIPC:client_reply:133",3362,1466
62174,813349910637141,3593,"MIPC:client_resume:133",3397,1466
62183,813349910918286,3282,"MIPC:client_registered:134",3397,1466
62185,813349910929224,1458,"MIPC:client_entry:134",3397,1466
62186,813349910936724,1406,"MIPC:client_resolved:134",3397,1466
62189,813349910963130,1719,"MIPC:client_send:134",3397,1466
62244,813349911654536,3021,"MIPC:client_reply:134",3362,1466
62286,813349912348443,3021,"MIPC:client_resume:134",3397,1466
62300,813349912564797,2239,"MIPC:client_registered:135",3397,1466
62301,813349912574849,1510,"MIPC:client_entry:135",3397,1466
62302,813349912582193,1406,"MIPC:client_resolved:135",3397,1466
62305,813349912611880,1927,"MIPC:client_send:135",3397,1466
62360,813349913212141,2864,"MIPC:client_reply:135",3362,1466
62378,813349913412245,3437,"MIPC:client_resume:135",3397,1466
62400,813349913680682,3386,"MIPC:client_registered:136",3397,1466
62401,813349913692714,1458,"MIPC:client_entry:136",3397,1466
62404,813349913700214,1458,"MIPC:client_resolved:136",3397,1466
62408,813349913730005,1667,"MIPC:client_send:136",3397,1466
62461,813349914181464,2812,"MIPC:client_reply:136",3362,1466
62465,813349914359484,4115,"MIPC:client_resume:136",3397,1466
62495,813349914624120,3698,"MIPC:client_registered:137",3397,1466
62500,813349914654224,1875,"MIPC:client_entry:137",3397,1466
62501,813349914663026,1667,"MIPC:client_resolved:137",3397,1466
62506,813349914701672,2135,"MIPC:client_send:137",3397,1466
62530,813349915156516,2760,"MIPC:client_reply:137",3362,1466
62547,813349915322349,3385,"MIPC:client_resume:137",3397,1466
62576,813349915609849,3229,"MIPC:client_registered:138",3397,1466
62579,813349915624276,1667,"MIPC:client_entry:138",3397,1466
62580,813349915632974,1406,"MIPC:client_resolved:138",3397,1466
62581,813349915661880,1823,"MIPC:client_send:138",3397,1466
62600,813349916069693,2916,"MIPC:client_reply:138",3362,1466
62610,813349916395161,3178,"MIPC:client_resume:138",3397,1466
62634,813349916665266,1927,"MIPC:client_registered:139",3397,1466
62635,813349916674328,1302,"MIPC:client_entry:139",3397,1466
62636,813349916689641,1979,"MIPC:client_resolved:139",3397,1466
62637,813349916717297,1771,"MIPC:client_send:139",3397,1466
62652,813349917109328,4688,"MIPC:client_reply:139",3362,1466
62666,813349917267505,4740,"MIPC:client_resume:139",3397,1466
62697,813349917541516,1979,"MIPC:client_registered:140",3397,1466
62700,813349917550891,1406,"MIPC:client_entry:140",3397,1466
62701,813349917558391,1770,"MIPC:client_resolved:140",3397,1466
62706,813349917588859,2709,"MIPC:client_send:140",3397,1466
62719,813349918008391,2968,"MIPC:client_reply:140",3362,1466
62720,813349918154536,4428,"MIPC:client_resume:140",3397,1466
62729,813349918463339,2760,"MIPC:client_registered:141",3397,1466
62730,813349918473547,1406,"MIPC:client_entry:141",3397,1466
62731,813349918484849,1771,"MIPC:client_resolved:141",3397,1466
62732,813349918524016,1875,"MIPC:client_send:141",3397,1466
62756,813349919198443,2968,"MIPC:client_reply:141",3362,1466
62757,813349919358495,4635,"MIPC:client_resume:141",3397,1466
62758,813349919654328,3333,"MIPC:client_registered:142",3397,1466
62759,813349919668182,1511,"MIPC:client_entry:142",3397,1466
62760,813349919676203,1302,"MIPC:client_resolved:142",3397,1466
62762,813349919707245,1823,"MIPC:client_send:142",3397,1466
62795,813349920886724,2865,"MIPC:client_reply:142",3362,1466
62797,813349921045578,3802,"MIPC:client_resume:142",3397,1466
62810,813349921303755,1823,"MIPC:client_registered:143",3397,1466
62811,813349921313182,1563,"MIPC:client_entry:143",3397,1466
62813,813349921320630,1302,"MIPC:client_resolved:143",3397,1466
62817,813349921349745,1666,"MIPC:client_send:143",3397,1466
62847,813349921844276,3594,"MIPC:client_reply:143",3362,1466
62859,813349922042141,3958,"MIPC:client_resume:143",3397,1466
62884,813349922337245,2760,"MIPC:client_registered:144",3397,1466
62885,813349922348443,1666,"MIPC:client_entry:144",3397,1466
62887,813349922356724,1615,"MIPC:client_resolved:144",3397,1466
62891,813349922387661,1667,"MIPC:client_send:144",3397,1466
62922,813349922791047,2656,"MIPC:client_reply:144",3362,1466
62948,813349922980214,3177,"MIPC:client_resume:144",3397,1466
62967,813349923231932,2344,"MIPC:client_registered:145",3397,1466
62972,813349923244745,1406,"MIPC:client_entry:145",3397,1466
62974,813349923252245,1354,"MIPC:client_resolved:145",3397,1466
62978,813349923280526,1615,"MIPC:client_send:145",3397,1466
62995,813349923650995,2916,"MIPC:client_reply:145",3362,1466
63004,813349923840318,3802,"MIPC:client_resume:145",3397,1466
63015,813349924259901,3073,"MIPC:client_registered:146",3397,1466
63018,813349924274172,2031,"MIPC:client_entry:146",3397,1466
63019,813349924286359,1459,"MIPC:client_resolved:146",3397,1466
63024,813349924316307,1771,"MIPC:client_send:146",3397,1466
63044,813349924702714,2760,"MIPC:client_reply:146",3362,1466
63045,813349924860474,4531,"MIPC:client_resume:146",3397,1466
63048,813349925095161,3438,"MIPC:client_registered:147",3397,1466
63049,813349925107609,1719,"MIPC:client_entry:147",3397,1466
63050,813349925115630,1459,"MIPC:client_resolved:147",3397,1466
63051,813349925142349,1875,"MIPC:client_send:147",3397,1466
63059,813349925518859,2761,"MIPC:client_reply:147",3362,1466
63063,813349925678026,4375,"MIPC:client_resume:147",3397,1466
63075,813349925927349,3958,"MIPC:client_registered:148",3397,1466
63081,813349925948859,1719,"MIPC:client_entry:148",3397,1466
63082,813349925958859,1407,"MIPC:client_resolved:148",3397,1466
63083,813349925985943,1510,"MIPC:client_send:148",3397,1466
63109,813349926368339,6770,"MIPC:client_reply:148",3362,1466
63126,813349926539797,3281,"MIPC:client_resume:148",3397,1466
63152,813349926805266,2708,"MIPC:client_registered:149",3397,1466
63153,813349926815057,1615,"MIPC:client_entry:149",3397,1466
63155,813349926822505,1302,"MIPC:client_resolved:149",3397,1466
63158,813349926846724,1823,"MIPC:client_send:149",3397,1466
63204,813349927375734,3438,"MIPC:client_reply:149",3362,1466
63209,813349927532766,4010,"MIPC:client_resume:149",3397,1466
63215,813349927779797,2969,"MIPC:client_registered:150",3397,1466
63216,813349927792036,1511,"MIPC:client_entry:150",3397,1466
63217,813349927799693,1354,"MIPC:client_resolved:150",3397,1466
63218,813349927826880,1667,"MIPC:client_send:150",3397,1466
63256,813349928414276,3698,"MIPC:client_reply:150",3362,1466
63265,813349928636099,3385,"MIPC:client_resume:150",3397,1466
63289,813349928990474,1771,"MIPC:client_registered:151",3397,1466
63290,813349928999484,1615,"MIPC:client_entry:151",3397,1466
63292,813349929007557,1407,"MIPC:client_resolved:151",3397,1466
63293,813349929032453,1563,"MIPC:client_send:151",3397,1466
63332,813349929457974,3229,"MIPC:client_reply:151",3362,1466
63340,813349929616359,3907,"MIPC:client_resume:151",3397,1466
63374,813349929890422,2552,"MIPC:client_registered:152",3397,1466
63375,813349929901620,1614,"MIPC:client_entry:152",3397,1466
63378,813349929909484,1407,"MIPC:client_resolved:152",3397,1466
63382,813349929937870,1458,"MIPC:client_send:152",3397,1466
63398,813349930327036,3282,"MIPC:client_reply:152",3362,1466
63404,813349930490266,3906,"MIPC:client_resume:152",3397,1466
63433,813349930777505,3334,"MIPC:client_registered:153",3397,1466
63437,813349930800474,1979,"MIPC:client_entry:153",3397,1466
63441,813349930810161,1355,"MIPC:client_resolved:153",3397,1466
63442,813349930839068,1718,"MIPC:client_send:153",3397,1466
63461,813349931255630,3698,"MIPC:client_reply:153",3362,1466
63478,813349931427870,3646,"MIPC:client_resume:153",3397,1466
63508,813349931720109,2344,"MIPC:client_registered:154",3397,1466
63512,813349931731828,1563,"MIPC:client_entry:154",3397,1466
63513,813349931739641,37916,"MIPC:client_resolved:154",3397,1466
63522,813349931811307,1927,"MIPC:client_send:154",3397,1466
63555,813349932258130,3490,"MIPC:client_reply:154",3362,1466
63587,813349932471411,2292,"MIPC:client_resume:154",3397,1466
63631,813349932754953,2240,"MIPC:client_registered:155",3397,1466
63635,813349932765891,1666,"MIPC:client_entry:155",3397,1466
63636,813349932773755,1302,"MIPC:client_resolved:155",3397,1466
63638,813349932804380,1563,"MIPC:client_send:155",3397,1466
63679,813349933195526,2448,"MIPC:client_reply:155",3362,1466
63709,813349933440057,2344,"MIPC:client_resume:155",3397,1466
63752,813349933759328,2344,"MIPC:client_registered:156",3397,1466
63753,813349933779745,1406,"MIPC:client_entry:156",3397,1466
63754,813349933788182,1407,"MIPC:client_resolved:156",3397,1466
63755,813349933816568,1666,"MIPC:client_send:156",3397,1466
63794,813349934215370,4739,"MIPC:client_reply:156",3362,1466
63814,813349934392609,4740,"MIPC:client_resume:156",3397,1466
63854,813349934702766,4218,"MIPC:client_registered:157",3397,1466
63859,813349934719693,1250,"MIPC:client_entry:157",3397,1466
63860,813349934727141,1406,"MIPC:client_resolved:157",3397,1466
63864,813349934754172,1771,"MIPC:client_send:157",3397,1466
63892,813349935143339,2708,"MIPC:client_reply:157",3362,1466
63895,813349935304328,4219,"MIPC:client_resume:157",3397,1466
63906,813349935541724,2656,"MIPC:client_registered:158",3397,1466
63908,813349935555839,1770,"MIPC:client_entry:158",3397,1466
63909,813349935571516,1510,"MIPC:client_resolved:158",3397,1466
63910,813349935598078,1771,"MIPC:client_send:158",3397,1466
63931,813349936061411,3230,"MIPC:client_reply:158",3362,1466
63958,813349936310109,3802,"MIPC:client_resume:158",3397,1466
63988,813349936589016,1979,"MIPC:client_registered:159",3397,1466
63990,813349936598911,1771,"MIPC:client_entry:159",3397,1466
63991,813349936606932,1302,"MIPC:client_resolved:159",3397,1466
63992,813349936630526,1719,"MIPC:client_send:159",3397,1466
64073,813349937372505,3281,"MIPC:client_reply:159",3362,1466
64089,813349937547505,4063,"MIPC:client_resume:159",3397,1466
64114,813349937823130,3073,"MIPC:client_registered:160",3397,1466
64115,813349937834380,1459,"MIPC:client_entry:160",3397,1466
64116,813349937842089,1354,"MIPC:client_resolved:160",3397,1466
64118,813349937876828,1875,"MIPC:client_send:160",3397,1466
64158,813349938272714,2968,"MIPC:client_reply:160",3362,1466
64169,813349938462505,2448,"MIPC:client_resume:160",3397,1466
64191,813349938728391,3333,"MIPC:client_registered:161",3397,1466
64192,813349938739380,1459,"MIPC:client_entry:161",3397,1466
64193,813349938746880,1406,"MIPC:client_resolved:161",3397,1466
64196,813349938771880,1406,"MIPC:client_send:161",3397,1466
64257,813349939328234,2448,"MIPC:client_reply:161",3362,1466
64275,813349939601359,3542,"MIPC:client_resume:161",3397,1466
64313,813349939881255,2188,"MIPC:client_registered:162",3397,1466
64319,813349939895057,1511,"MIPC:client_entry:162",3397,1466
64322,813349939903495,2083,"MIPC:client_resolved:162",3397,1466
64326,813349939932661,2032,"MIPC:client_send:162",3397,1466
64364,813349940412089,9322,"MIPC:client_reply:162",3362,1466
64395,813349940645422,5000,"MIPC:client_resume:162",3397,1466
64430,813349940931151,2344,"MIPC:client_registered:163",3397,1466
64433,813349940941203,4323,"MIPC:client_entry:163",3397,1466
64435,813349940952089,1458,"MIPC:client_resolved:163",3397,1466
64438,813349940977870,1771,"MIPC:client_send:163",3397,1466
64491,813349941391359,3698,"MIPC:client_reply:163",3362,1466
64511,813349941562089,3958,"MIPC:client_resume:163",3397,1466
64528,813349941828182,3229,"MIPC:client_registered:164",3397,1466
64529,813349941840734,1823,"MIPC:client_entry:164",3397,1466
64531,813349941848964,1458,"MIPC:client_resolved:164",3397,1466
64535,813349941874693,1562,"MIPC:client_send:164",3397,1466
64583,813349942280474,3021,"MIPC:client_reply:164",3362,1466
64601,813349942456255,2969,"MIPC:client_resume:164",3397,1466
64637,813349942763703,3125,"MIPC:client_registered:165",3397,1466
64640,813349942774484,1511,"MIPC:client_entry:165",3397,1466
64641,813349942782401,1406,"MIPC:client_resolved:165",3397,1466
64642,813349942808391,2395,"MIPC:client_send:165",3397,1466
64692,813349943208286,3021,"MIPC:client_reply:165",3362,1466
64699,813349943361828,4115,"MIPC:client_resume:165",3397,1466
64710,813349943623703,2292,"MIPC:client_registered:166",3397,1466
64714,813349943634589,1562,"MIPC:client_entry:166",3397,1466
64716,813349943642766,1406,"MIPC:client_resolved:166",3397,1466
64722,813349943669901,1771,"MIPC:client_send:166",3397,1466
64767,813349944204120,2239,"MIPC:client_reply:166",3362,1466
64772,813349944368443,3073,"MIPC:client_resume:166",3397,1466
64791,813349944638859,2761,"MIPC:client_registered:167",3397,1466
64795,813349944649745,4583,"MIPC:client_entry:167",3397,1466
64800,813349944664901,1406,"MIPC:client_resolved:167",3397,1466
64801,813349944689536,1511,"MIPC:client_send:167",3397,1466
64857,813349945106932,3490,"MIPC:client_reply:167",3362,1466
64877,813349945277036,3698,"MIPC:client_resume:167",3397,1466
64901,813349945544120,2500,"MIPC:client_registered:168",3397,1466
64904,813349945554380,1459,"MIPC:client_entry:168",3397,1466
64912,813349945619224,1823,"MIPC:client_resolved:168",3397,1466
64917,813349945653911,1719,"MIPC:client_send:168",3397,1466
64982,813349946229849,3490,"MIPC:client_reply:168",3362,1466
65005,813349946443182,3959,"MIPC:client_resume:168",3397,1466
65018,813349946707922,2396,"MIPC:client_registered:169",3397,1466
65022,813349946722141,1666,"MIPC:client_entry:169",3397,1466
65023,813349946730630,1354,"MIPC:client_resolved:169",3397,1466
65025,813349946758547,1771,"MIPC:client_send:169",3397,1466
65046,813349947194901,3802,"MIPC:client_reply:169",3362,1466
65063,813349947424536,4219,"MIPC:client_resume:169",3397,1466
65082,813349947748234,2605,"MIPC:client_registered:170",3397,1466
65084,813349947762609,1302,"MIPC:client_entry:170",3397,1466
65086,813349947773339,1406,"MIPC:client_resolved:170",3397,1466
65087,813349947799536,1719,"MIPC:client_send:170",3397,1466
65120,813349948237349,4115,"MIPC:client_reply:170",3362,1466
65144,813349948438911,5053,"MIPC:client_resume:170",3397,1466
65166,813349948710057,3438,"MIPC:client_registered:171",3397,1466
65167,813349948726516,1562,"MIPC:client_entry:171",3397,1466
65168,813349948735370,1302,"MIPC:client_resolved:171",3397,1466
65170,813349948764901,1563,"MIPC:client_send:171",3397,1466
65188,813349949150161,2709,"MIPC:client_reply:171",3362,1466
65196,813349949308026,4115,"MIPC:client_resume:171",3397,1466
65218,813349949575214,3541,"MIPC:client_registered:172",3397,1466
65219,813349949587974,1458,"MIPC:client_entry:172",3397,1466
65220,813349949595839,1406,"MIPC:client_resolved:172",3397,1466
65221,813349949622661,1980,"MIPC:client_send:172",3397,1466
65281,813349950196151,2917,"MIPC:client_reply:172",3362,1466
65290,813349950395682,4532,"MIPC:client_resume:172",3397,1466
65336,813349950750005,2709,"MIPC:client_registered:173",3397,1466
65337,813349950761255,1302,"MIPC:client_entry:173",3397,1466
65338,813349950768807,1302,"MIPC:client_resolved:173",3397,1466
65339,813349950800943,1771,"MIPC:client_send:173",3397,1466
65394,813349951219745,2760,"MIPC:client_reply:173",3362,1466
65413,813349951414589,2604,"MIPC:client_resume:173",3397,1466
65455,813349951711047,2031,"MIPC:client_registered:174",3397,1466
65456,813349951720422,1250,"MIPC:client_entry:174",3397,1466
65457,813349951727974,1719,"MIPC:client_resolved:174",3397,1466
65459,813349951753286,1355,"MIPC:client_send:174",3397,1466
65527,813349952357974,2031,"MIPC:client_reply:174",3362,1466
65541,813349952559172,3958,"MIPC:client_resume:174",3397,1466
65584,813349952958234,2344,"MIPC:client_registered:175",3397,1466
65593,813349952979849,1615,"MIPC:client_entry:175",3397,1466
65600,813349953026620,9948,"MIPC:client_resolved:175",3397,1466
65604,813349953090682,1511,"MIPC:client_send:175",3397,1466
65637,813349953568443,2656,"MIPC:client_reply:175",3362,1466
65646,813349953733026,4635,"MIPC:client_resume:175",3397,1466
65684,813349954033547,1979,"MIPC:client_registered:176",3397,1466
65686,813349954044328,1458,"MIPC:client_entry:176",3397,1466
65687,813349954051828,1354,"MIPC:client_resolved:176",3397,1466
65688,813349954079016,2135,"MIPC:client_send:176",3397,1466
65733,813349954517870,2812,"MIPC:client_reply:176",3362,1466
65754,813349954730839,3802,"MIPC:client_resume:176",3397,1466
65801,813349955047609,2709,"MIPC:client_registered:177",3397,1466
65802,813349955058599,1198,"MIPC:client_entry:177",3397,1466
65803,813349955074172,1198,"MIPC:client_resolved:177",3397,1466
65804,813349955103078,1615,"MIPC:client_send:177",3397,1466
65855,813349955613703,3646,"MIPC:client_reply:177",3362,1466
65867,813349955810734,4115,"MIPC:client_resume:177",3397,1466
65897,813349956135734,2396,"MIPC:client_registered:178",3397,1466
65898,813349956147089,1302,"MIPC:client_entry:178",3397,1466
65899,813349956155318,1718,"MIPC:client_resolved:178",3397,1466
65904,813349956196724,2552,"MIPC:client_send:178",3397,1466
65943,813349956627245,2031,"MIPC:client_reply:178",3362,1466
65954,813349956814016,4583,"MIPC:client_resume:178",3397,1466
65995,813349957111047,2708,"MIPC:client_registered:179",3397,1466
65996,813349957122453,1354,"MIPC:client_entry:179",3397,1466
65997,813349957130057,1250,"MIPC:client_resolved:179",3397,1466
66001,813349957175578,1719,"MIPC:client_send:179",3397,1466
66015,813349957625005,2084,"MIPC:client_reply:179",3362,1466
66025,813349957822245,2239,"MIPC:client_resume:179",3397,1466
66042,813349958112766,2187,"MIPC:client_registered:180",3397,1466
66043,813349958123130,1302,"MIPC:client_entry:180",3397,1466
66045,813349958130422,1354,"MIPC:client_resolved:180",3397,1466
66052,813349958165370,1510,"MIPC:client_send:180",3397,1466
66073,813349958568339,4010,"MIPC:client_reply:180",3362,1466
66077,813349958736932,4636,"MIPC:client_resume:180",3397,1466
66084,813349958996620,2969,"MIPC:client_registered:181",3397,1466
66086,813349959012766,1406,"MIPC:client_entry:181",3397,1466
66088,813349959025214,1458,"MIPC:client_resolved:181",3397,1466
66090,813349959058755,1563,"MIPC:client_send:181",3397,1466
66113,813349959490786,3178,"MIPC:client_reply:181",3362,1466
66120,813349959671151,2396,"MIPC:client_resume:181",3397,1466
66143,813349959947297,2239,"MIPC:client_registered:182",3397,1466
66144,813349959958234,1302,"MIPC:client_entry:182",3397,1466
66145,813349959965734,1355,"MIPC:client_resolved:182",3397,1466
66148,813349959993547,1406,"MIPC:client_send:182",3397,1466
66178,813349960587401,3177,"MIPC:client_reply:182",3362,1466
66202,813349960777714,9010,"MIPC:client_resume:182",3397,1466
66265,813349961295318,2448,"MIPC:client_registered:183",3397,1466
66266,813349961306620,1458,"MIPC:client_entry:183",3397,1466
66267,813349961314745,1354,"MIPC:client_resolved:183",3397,1466
66268,813349961343495,1614,"MIPC:client_send:183",3397,1466
66320,813349961923026,7240,"MIPC:client_reply:183",3362,1466
66345,813349962117714,2812,"MIPC:client_resume:183",3397,1466
66375,813349962424641,1875,"MIPC:client_registered:184",3397,1466
66376,813349962434224,1302,"MIPC:client_entry:184",3397,1466
66377,813349962441411,1303,"MIPC:client_resolved:184",3397,1466
66379,813349962468755,1615,"MIPC:client_send:184",3397,1466
66425,813349962944276,2917,"MIPC:client_reply:184",3362,1466
66457,813349963205630,5156,"MIPC:client_resume:184",3397,1466
66490,813349963508234,3334,"MIPC:client_registered:185",3397,1466
66493,813349963527557,1823,"MIPC:client_entry:185",3397,1466
66496,813349963537401,1510,"MIPC:client_resolved:185",3397,1466
66498,813349963567661,1875,"MIPC:client_send:185",3397,1466
66536,813349964021776,3385,"MIPC:client_reply:185",3362,1466
66540,813349964241203,5417,"MIPC:client_resume:185",3397,1466
66549,813349964538964,2239,"MIPC:client_registered:186",3397,1466
66551,813349964549589,1770,"MIPC:client_entry:186",3397,1466
66552,813349964558339,1406,"MIPC:client_resolved:186",3397,1466
66555,813349964594432,1667,"MIPC:client_send:186",3397,1466
66576,813349965034172,3177,"MIPC:client_reply:186",3362,1466
66597,813349965203547,3489,"MIPC:client_resume:186",3397,1466
66627,813349965487661,2344,"MIPC:client_registered:187",3397,1466
66628,813349965498234,1407,"MIPC:client_entry:187",3397,1466
66629,813349965505839,1406,"MIPC:client_resolved:187",3397,1466
66632,813349965533026,2083,"MIPC:client_send:187",3397,1466
66670,813349965942089,3645,"MIPC:client_reply:187",3362,1466
66681,813349966105786,6459,"MIPC:client_resume:187",3397,1466
66731,813349966418807,2084,"MIPC:client_registered:188",3397,1466
66732,813349966428964,1302,"MIPC:client_entry:188",3397,1466
66734,813349966436984,1355,"MIPC:client_resolved:188",3397,1466
66740,813349966464953,1615,"MIPC:client_send:188",3397,1466
66779,813349966886203,2969,"MIPC:client_reply:188",3362,1466
66782,813349967033443,4010,"MIPC:client_resume:188",3397,1466
66795,813349967315318,2500,"MIPC:client_registered:189",3397,1466
66797,813349967326516,1458,"MIPC:client_entry:189",3397,1466
66798,813349967334276,1354,"MIPC:client_resolved:189",3397,1466
66807,813349967371359,1615,"MIPC:client_send:189",3397,1466
66824,813349967786151,3385,"MIPC:client_reply:189",3362,1466
66828,813349967934068,4114,"MIPC:client_resume:189",3397,1466
66863,813349968243599,2135,"MIPC:client_registered:190",3397,1466
66865,813349968255891,1770,"MIPC:client_entry:190",3397,1466
66866,813349968267661,1511,"MIPC:client_resolved:190",3397,1466
66870,813349968298703,1875,"MIPC:client_send:190",3397,1466
66896,813349968680005,1979,"MIPC:client_reply:190",3362,1466
66903,813349968880422,3646,"MIPC:client_resume:190",3397,1466
66915,813349969129328,3073,"MIPC:client_registered:191",3397,1466
66916,813349969140474,1458,"MIPC:client_entry:191",3397,1466
66917,813349969148234,1302,"MIPC:client_resolved:191",3397,1466
66918,813349969176620,2500,"MIPC:client_send:191",3397,1466
66931,813349969590839,3229,"MIPC:client_reply:191",3362,1466
66948,813349969780109,2709,"MIPC:client_resume:191",3397,1466
67019,813349970329901,3021,"MIPC:client_registered:192",3397,1466
67023,813349970347245,4010,"MIPC:client_entry:192",3397,1466
67025,813349970358547,1510,"MIPC:client_resolved:192",3397,1466
67029,813349970391411,1511,"MIPC:client_send:192",3397,1466
67054,813349970831099,3594,"MIPC:client_reply:192",3362,1466
67083,813349971071047,4479,"MIPC:client_resume:192",3397,1466
67118,813349971365995,2448,"MIPC:client_registered:193",3397,1466
67119,813349971376620,1302,"MIPC:client_entry:193",3397,1466
67120,813349971384120,1198,"MIPC:client_resolved:193",3397,1466
67122,813349971411307,1563,"MIPC:client_send:193",3397,1466
67153,813349971845578,5833,"MIPC:client_reply:193",3362,1466
67160,813349972013443,4531,"MIPC:client_resume:193",3397,1466
67173,813349972316464,3177,"MIPC:client_registered:194",3397,1466
67176,813349972335943,1614,"MIPC:client_entry:194",3397,1466
67180,813349972351880,2031,"MIPC:client_resolved:194",3397,1466
67187,813349972388286,1823,"MIPC:client_send:194",3397,1466
67214,813349972840943,3906,"MIPC:client_reply:194",3362,1466
67218,813349972985995,4323,"MIPC:client_resume:194",3397,1466
67232,813349973257505,2604,"MIPC:client_registered:195",3397,1466
67233,813349973268547,1302,"MIPC:client_entry:195",3397,1466
67234,813349973275995,1198,"MIPC:client_resolved:195",3397,1466
67235,813349973303807,1875,"MIPC:client_send:195",3397,1466
67244,813349973721151,3542,"MIPC:client_reply:195",3362,1466
67255,813349973868182,3907,"MIPC:client_resume:195",3397,1466
67288,813349974150318,3489,"MIPC:client_registered:196",3397,1466
67289,813349974172297,1302,"MIPC:client_entry:196",3397,1466
67290,813349974180995,1354,"MIPC:client_resolved:196",3397,1466
67292,813349974212349,1198,"MIPC:client_send:196",3397,1466
67340,813349974615161,3125,"MIPC:client_reply:196",3362,1466
67357,813349974774016,4270,"MIPC:client_resume:196",3397,1466
67401,813349975064953,2344,"MIPC:client_registered:197",3397,1466
67404,813349975075839,1510,"MIPC:client_entry:197",3397,1466
67405,813349975083755,1146,"MIPC:client_resolved:197",3397,1466
67409,813349975113130,1823,"MIPC:client_send:197",3397,1466
67458,813349975513078,1875,"MIPC:client_reply:197",3362,1466
67464,813349975660422,4271,"MIPC:client_resume:197",3397,1466
67469,813349975915266,4062,"MIPC:client_registered:198",3397,1466
67470,813349975929380,1563,"MIPC:client_entry:198",3397,1466
67472,813349975950422,1510,"MIPC:client_resolved:198",3397,1466
67473,813349975979380,1511,"MIPC:client_send:198",3397,1466
67499,813349976424068,3437,"MIPC:client_reply:198",3362,1466
67525,813349976585474,3906,"MIPC:client_resume:198",3397,1466
67562,813349976881516,2239,"MIPC:client_registered:199",3397,1466
67563,813349976890995,1354,"MIPC:client_entry:199",3397,1466
67564,813349976898026,1198,"MIPC:client_resolved:199",3397,1466
67566,813349976921984,1511,"MIPC:client_send:199",3397,1466
67583,813349977315318,2812,"MIPC:client_reply:199",3362,1466
67601,813349977510891,8333,"MIPC:client_resume:199",3397,1466
67640,813349977959172,3958,"MIPC:client_registered:200",3397,1466
67643,813349977977870,1823,"MIPC:client_entry:200",3397,1466
67647,813349977986568,1406,"MIPC:client_resolved:200",3397,1466
67658,813349978093599,3125,"MIPC:client_send:200",3397,1466
67723,813349978732349,1875,"MIPC:client_reply:200",3362,1466
67727,813349978880682,4427,"MIPC:client_resume:200",3397,1466
67741,813349979169745,2916,"MIPC:client_registered:201",3397,1466
67742,813349979180578,1250,"MIPC:client_entry:201",3397,1466
67743,813349979187714,1145,"MIPC:client_resolved:201",3397,1466
67744,813349979214797,1458,"MIPC:client_send:201",3397,1466
67761,813349979670891,3437,"MIPC:client_reply:201",3362,1466
67770,813349979815891,3437,"MIPC:client_resume:201",3397,1466
67776,813349980087818,31666,"MIPC:client_registered:202",3397,1466
67778,813349980134536,1511,"MIPC:client_entry:202",3397,1466
67780,813349980143339,1510,"MIPC:client_resolved:202",3397,1466
67782,813349980174745,1510,"MIPC:client_send:202",3397,1466
67795,813349980574849,3802,"MIPC:client_reply:202",3362,1466
67809,813349980722557,3438,"MIPC:client_resume:202",3397,1466
67848,813349981033599,4531,"MIPC:client_registered:203",3397,1466
67853,813349981048859,1198,"MIPC:client_entry:203",3397,1466
67854,813349981056255,1094,"MIPC:client_resolved:203",3397,1466
67860,813349981084901,2292,"MIPC:client_send:203",3397,1466
67911,813349981455891,3281,"MIPC:client_reply:203",3362,1466
67928,813349981612453,3177,"MIPC:client_resume:203",3397,1466
67957,813349981894432,2657,"MIPC:client_registered:204",3397,1466
67959,813349981906099,1302,"MIPC:client_entry:204",3397,1466
67963,813349981920370,1198,"MIPC:client_resolved:204",3397,1466
67966,813349981947974,1719,"MIPC:client_send:204",3397,1466
67992,813349982304901,3073,"MIPC:client_reply:204",3362,1466
67995,813349982441047,3021,"MIPC:client_resume:204",3397,1466
68017,813349982738547,1614,"MIPC:client_registered:205",3397,1466
68018,813349982749120,1979,"MIPC:client_entry:205",3397,1466
68021,813349982766099,1354,"MIPC:client_resolved:205",3397,1466
68026,813349982793391,1666,"MIPC:client_send:205",3397,1466
68060,813349983235630,3698,"MIPC:client_reply:205",3362,1466
68074,813349983400682,3854,"MIPC:client_resume:205",3397,1466
68102,813349983700214,1875,"MIPC:client_registered:206",3397,1466
68107,813349983716359,1250,"MIPC:client_entry:206",3397,1466
68108,813349983724172,1614,"MIPC:client_resolved:206",3397,1466
68109,813349983756932,2032,"MIPC:client_send:206",3397,1466
68150,813349984135891,5781,"MIPC:client_reply:206",3362,1466
68155,813349984295682,4167,"MIPC:client_resume:206",3397,1466
68185,813349984600734,2084,"MIPC:client_registered:207",3397,1466
68186,813349984611099,1198,"MIPC:client_entry:207",3397,1466
68187,813349984618547,1198,"MIPC:client_resolved:207",3397,1466
68189,813349984648599,1146,"MIPC:client_send:207",3397,1466
68235,813349985061203,3073,"MIPC:client_reply:207",3362,1466
68265,813349985270318,3646,"MIPC:client_resume:207",3397,1466
68308,813349985574120,2135,"MIPC:client_registered:208",3397,1466
68309,813349985584172,1458,"MIPC:client_entry:208",3397,1466
68310,813349985592036,1303,"MIPC:client_resolved:208",3397,1466
68311,813349985619484,2188,"MIPC:client_send:208",3397,1466
68357,813349986016828,3125,"MIPC:client_reply:208",3362,1466
68390,813349986226776,9010,"MIPC:client_resume:208",3397,1466
68422,813349986558964,3333,"MIPC:client_registered:209",3397,1466
68423,813349986571047,1979,"MIPC:client_entry:209",3397,1466
68425,813349986579901,1563,"MIPC:client_resolved:209",3397,1466
68432,813349986623234,1667,"MIPC:client_send:209",3397,1466
68473,813349987166568,3177,"MIPC:client_reply:209",3362,1466
68490,813349987345630,4375,"MIPC:client_resume:209",3397,1466
68537,813349987699068,4531,"MIPC:client_registered:210",3397,1466
68540,813349987713130,1511,"MIPC:client_entry:210",3397,1466
68542,813349987721359,1407,"MIPC:client_resolved:210",3397,1466
68547,813349987750578,1563,"MIPC:client_send:210",3397,1466
68585,813349988207974,1719,"MIPC:client_reply:210",3362,1466
68600,813349988370578,4011,"MIPC:client_resume:210",3397,1466
68640,813349988670839,2239,"MIPC:client_registered:211",3397,1466
68644,813349988681255,4740,"MIPC:client_entry:211",3397,1466
68650,813349988697349,2187,"MIPC:client_resolved:211",3397,1466
68658,813349988744849,1823,"MIPC:client_send:211",3397,1466
68717,813349989161880,3125,"MIPC:client_reply:211",3362,1466
68745,813349989349068,4218,"MIPC:client_resume:211",3397,1466
68777,813349989651724,2708,"MIPC:client_registered:212",3397,1466
68781,813349989668964,1302,"MIPC:client_entry:212",3397,1466
68782,813349989677089,1406,"MIPC:client_resolved:212",3397,1466
68783,813349989704068,1666,"MIPC:client_send:212",3397,1466
68830,813349990151828,2188,"MIPC:client_reply:212",3362,1466
68851,813349990324224,4167,"MIPC:client_resume:212",3397,1466
68901,813349990650734,1875,"MIPC:client_registered:213",3397,1466
68905,813349990662505,1875,"MIPC:client_entry:213",3397,1466
68907,813349990671203,1563,"MIPC:client_resolved:213",3397,1466
68913,813349990710266,2291,"MIPC:client_send:213",3397,1466
68960,813349991099328,2188,"MIPC:client_reply:213",3362,1466
68970,813349991258859,4844,"MIPC:client_resume:213",3397,1466
68992,813349991554641,2448,"MIPC:client_registered:214",3397,1466
68993,813349991565005,1459,"MIPC:client_entry:214",3397,1466
68994,813349991573391,1875,"MIPC:client_resolved:214",3397,1466
68998,813349991612141,2552,"MIPC:client_send:214",3397,1466
69042,813349991999380,2917,"MIPC:client_reply:214",3362,1466
69051,813349992185891,4166,"MIPC:client_resume:214",3397,1466
69081,813349992471932,3282,"MIPC:client_registered:215",3397,1466
69083,813349992492661,1459,"MIPC:client_entry:215",3397,1466
69085,813349992505422,2396,"MIPC:client_resolved:215",3397,1466
69093,813349992544693,2135,"MIPC:client_send:215",3397,1466
69132,813349993089849,3229,"MIPC:client_reply:215",3362,1466
69145,813349993274172,3489,"MIPC:client_resume:215",3397,1466
69166,813349993551464,2656,"MIPC:client_registered:216",3397,1466
69169,813349993561724,1458,"MIPC:client_entry:216",3397,1466
69170,813349993572193,1458,"MIPC:client_resolved:216",3397,1466
69174,813349993597245,1562,"MIPC:client_send:216",3397,1466
69210,813349994110266,7031,"MIPC:client_reply:216",3362,1466
69225,813349994283339,4427,"MIPC:client_resume:216",3397,1466
69266,813349994585786,2032,"MIPC:client_registered:217",3397,1466
69268,813349994598703,1406,"MIPC:client_entry:217",3397,1466
69271,813349994612974,1302,"MIPC:client_resolved:217",3397,1466
69273,813349994640526,1771,"MIPC:client_send:217",3397,1466
69336,813349995153495,1875,"MIPC:client_reply:217",3362,1466
69345,813349995328755,4011,"MIPC:client_resume:217",3397,1466
69397,813349995662870,4531,"MIPC:client_registered:218",3397,1466
69401,813349995675943,1406,"MIPC:client_entry:218",3397,1466
69402,813349995683807,1459,"MIPC:client_resolved:218",3397,1466
69407,813349995713443,1875,"MIPC:client_send:218",3397,1466
69460,813349996167349,1823,"MIPC:client_reply:218",3362,1466
69479,813349996413339,3593,"MIPC:client_resume:218",3397,1466
69502,813349996706672,2708,"MIPC:client_registered:219",3397,1466
69503,813349996721151,1510,"MIPC:client_entry:219",3397,1466
69504,813349996729484,1615,"MIPC:client_resolved:219",3397,1466
69506,813349996774224,1615,"MIPC:client_send:219",3397,1466
69559,813349997345057,2500,"MIPC:client_reply:219",3362,1466
69578,813349997516568,3750,"MIPC:client_resume:219",3397,1466
69619,813349997814589,1979,"MIPC:client_registered:220",3397,1466
69620,813349997824120,1771,"MIPC:client_entry:220",3397,1466
69621,813349997832401,1354,"MIPC:client_resolved:220",3397,1466
69624,813349997865526,3073,"MIPC:client_send:220",3397,1466
69669,813349998299224,3125,"MIPC:client_reply:220",3362,1466
69695,813349998473703,2552,"MIPC:client_resume:220",3397,1466
69729,813349998773234,2448,"MIPC:client_registered:221",3397,1466
69732,813349998783859,1459,"MIPC:client_entry:221",3397,1466
69734,813349998791672,1406,"MIPC:client_resolved:221",3397,1466
69736,813349998817245,1458,"MIPC:client_send:221",3397,1466
69785,813349999250734,3177,"MIPC:client_reply:221",3362,1466
69790,813349999417297,2396,"MIPC:client_resume:221",3397,1466
69831,813349999711464,2447,"MIPC:client_registered:222",3397,1466
69835,813349999730109,1407,"MIPC:client_entry:222",3397,1466
69836,813349999738443,1354,"MIPC:client_resolved:222",3397,1466
69838,813349999764797,1667,"MIPC:client_send:222",3397,1466
69888,813350000189901,3385,"MIPC:client_reply:222",3362,1466
69891,813350000328911,3178,"MIPC:client_resume:222",3397,1466
69918,813350000621828,1511,"MIPC:client_registered:223",3397,1466
69919,813350000630943,1302,"MIPC:client_entry:223",3397,1466
69921,813350000638495,1250,"MIPC:client_resolved:223",3397,1466
69927,813350000665995,1458,"MIPC:client_send:223",3397,1466
69968,813350001123911,3230,"MIPC:client_reply:223",3362,1466
69979,813350001339849,3021,"MIPC:client_resume:223",3397,1466
70018,813350001647870,2239,"MIPC:client_registered:224",3397,1466
70019,813350001658078,1563,"MIPC:client_entry:224",3397,1466
70020,813350001665630,1250,"MIPC:client_resolved:224",3397,1466
70022,813350001691151,1510,"MIPC:client_send:224",3397,1466
70069,813350002273755,3229,"MIPC:client_reply:224",3362,1466
70112,813350002630109,5365,"MIPC:client_resume:224",3397,1466
70158,813350003096620,1927,"MIPC:client_registered:225",3397,1466
70163,813350003114484,1719,"MIPC:client_entry:225",3397,1466
70165,813350003123443,1458,"MIPC:client_resolved:225",3397,1466
70176,813350003208964,2656,"MIPC:client_send:225",3397,1466
70234,813350003716411,3334,"MIPC:client_reply:225",3362,1466
70247,813350003907245,4166,"MIPC:client_resume:225",3397,1466
70254,813350004228755,2188,"MIPC:client_registered:226",3397,1466
70256,813350004243443,1354,"MIPC:client_entry:226",3397,1466
70260,813350004259484,1667,"MIPC:client_resolved:226",3397,1466
70265,813350004290474,1354,"MIPC:client_send:226",3397,1466
70313,813350004932505,3125,"MIPC:client_reply:226",3362,1466
70349,813350005153443,2760,"MIPC:client_resume:226",3397,1466
70393,813350005470005,3854,"MIPC:client_registered:227",3397,1466
70396,813350005484380,1563,"MIPC:client_entry:227",3397,1466
70398,813350005495422,1458,"MIPC:client_resolved:227",3397,1466
70399,813350005526307,1615,"MIPC:client_send:227",3397,1466
70453,813350005967089,3177,"MIPC:client_reply:227",3362,1466
70483,813350006155578,4271,"MIPC:client_resume:227",3397,1466
70522,813350006462453,1927,"MIPC:client_registered:228",3397,1466
70523,813350006472766,1354,"MIPC:client_entry:228",3397,1466
70525,813350006480214,1458,"MIPC:client_resolved:228",3397,1466
70530,813350006511099,1771,"MIPC:client_send:228",3397,1466
70558,813350006932609,3490,"MIPC:client_reply:228",3362,1466
70574,813350007095578,7656,"MIPC:client_resume:228",3397,1466
70633,813350007399484,1980,"MIPC:client_registered:229",3397,1466
70634,813350007410474,1562,"MIPC:client_entry:229",3397,1466
70636,813350007418495,1562,"MIPC:client_resolved:229",3397,1466
70646,813350007454276,1354,"MIPC:client_send:229",3397,1466
70694,813350007885891,2604,"MIPC:client_reply:229",3362,1466
70715,813350008047141,2448,"MIPC:client_resume:229",3397,1466
70757,813350008392453,2500,"MIPC:client_registered:230",3397,1466
70759,813350008403703,1771,"MIPC:client_entry:230",3397,1466
70760,813350008411724,1302,"MIPC:client_resolved:230",3397,1466
70764,813350008442609,2032,"MIPC:client_send:230",3397,1466
70809,813350008842661,2813,"MIPC:client_reply:230",3362,1466
70827,813350009005682,4636,"MIPC:client_resume:230",3397,1466
70858,813350009274432,2657,"MIPC:client_registered:231",3397,1466
70860,813350009285214,1406,"MIPC:client_entry:231",3397,1466
70861,813350009292870,1250,"MIPC:client_resolved:231",3397,1466
70864,813350009324328,1927,"MIPC:client_send:231",3397,1466
70914,813350009744693,3437,"MIPC:client_reply:231",3362,1466
70921,813350009901047,2344,"MIPC:client_resume:231",3397,1466
70971,813350010328339,2291,"MIPC:client_registered:232",3397,1466
70975,813350010339172,1406,"MIPC:client_entry:232",3397,1466
70976,813350010346984,1302,"MIPC:client_resolved:232",3397,1466
70984,813350010387193,1406,"MIPC:client_send:232",3397,1466
71042,813350010813964,3125,"MIPC:client_reply:232",3362,1466
71068,813350011054641,4062,"MIPC:client_resume:232",3397,1466
71106,813350011426880,4167,"MIPC:client_registered:233",3397,1466
71108,813350011444224,1667,"MIPC:client_entry:233",3397,1466
71109,813350011453078,1511,"MIPC:client_resolved:233",3397,1466
71111,813350011484328,1667,"MIPC:client_send:233",3397,1466
71123,813350012012766,3854,"MIPC:client_reply:233",3362,1466
71132,813350012237766,4687,"MIPC:client_resume:233",3397,1466
71140,813350012518599,2448,"MIPC:client_registered:234",3397,1466
71141,813350012529953,1563,"MIPC:client_entry:234",3397,1466
71143,813350012538807,1511,"MIPC:client_resolved:234",3397,1466
71144,813350012567193,1771,"MIPC:client_send:234",3397,1466
71169,813350013008495,3802,"MIPC:client_reply:234",3362,1466
71177,813350013165422,4167,"MIPC:client_resume:234",3397,1466
71223,813350013458703,2604,"MIPC:client_registered:235",3397,1466
71225,813350013469172,1562,"MIPC:client_entry:235",3397,1466
71229,813350013484120,1614,"MIPC:client_resolved:235",3397,1466
71233,813350013510995,1719,"MIPC:client_send:235",3397,1466
71266,813350013935943,3229,"MIPC:client_reply:235",3362,1466
71284,813350014087766,3854,"MIPC:client_resume:235",3397,1466
71314,813350014371151,3542,"MIPC:client_registered:236",3397,1466
71317,813350014395057,1771,"MIPC:client_entry:236",3397,1466
71321,813350014404641,1406,"MIPC:client_resolved:236",3397,1466
71325,813350014435370,1666,"MIPC:client_send:236",3397,1466
71362,813350014935839,2656,"MIPC:client_reply:236",3362,1466
71373,813350015108026,3802,"MIPC:client_resume:236",3397,1466
71408,813350015408599,2812,"MIPC:client_registered:237",3397,1466
71412,813350015427766,1406,"MIPC:client_entry:237",3397,1466
71413,813350015436464,1406,"MIPC:client_resolved:237",3397,1466
71418,813350015467922,1719,"MIPC:client_send:237",3397,1466
71454,813350015891099,2812,"MIPC:client_reply:237",3362,1466
71456,813350016033703,3542,"MIPC:client_resume:237",3397,1466
71472,813350016352141,3020,"MIPC:client_registered:238",3397,1466
71473,813350016364068,1510,"MIPC:client_entry:238",3397,1466
71476,813350016386880,1771,"MIPC:client_resolved:238",3397,1466
71482,813350016418339,1666,"MIPC:client_send:238",3397,1466
71524,813350016806932,3229,"MIPC:client_reply:238",3362,1466
71536,813350016951620,4479,"MIPC:client_resume:238",3397,1466
71560,813350017240370,2916,"MIPC:client_registered:239",3397,1466
71561,813350017252818,2031,"MIPC:client_entry:239",3397,1466
71562,813350017266203,1667,"MIPC:client_resolved:239",3397,1466
71563,813350017296984,1927,"MIPC:client_send:239",3397,1466
71582,813350017668547,4062,"MIPC:client_reply:239",3362,1466
71603,813350017827089,3385,"MIPC:client_resume:239",3397,1466
71667,813350018130266,1979,"MIPC:client_registered:240",3397,1466
71668,813350018139901,1510,"MIPC:client_entry:240",3397,1466
71670,813350018147714,1354,"MIPC:client_resolved:240",3397,1466
71676,813350018243286,2605,"MIPC:client_send:240",3397,1466
71711,813350018649484,3125,"MIPC:client_reply:240",3362,1466
71719,813350018961099,4687,"MIPC:client_resume:240",3397,1466
71725,813350019299484,15990,"MIPC:client_registered:241",3397,1466
71727,813350019343911,2188,"MIPC:client_entry:241",3397,1466
71728,813350019354172,1510,"MIPC:client_resolved:241",3397,1466
71732,813350019386776,1510,"MIPC:client_send:241",3397,1466
71747,813350019972609,3438,"MIPC:client_reply:241",3362,1466
71751,813350020177089,4010,"MIPC:client_resume:241",3397,1466
71763,813350020538078,2396,"MIPC:client_registered:242",3397,1466
71764,813350020548651,1458,"MIPC:client_entry:242",3397,1466
71765,813350020556672,1354,"MIPC:client_resolved:242",3397,1466
71766,813350020585266,1562,"MIPC:client_send:242",3397,1466
71779,813350021073547,3594,"MIPC:client_reply:242",3362,1466
71794,813350021255214,3593,"MIPC:client_resume:242",3397,1466
71832,813350021531307,2240,"MIPC:client_registered:243",3397,1466
71833,813350021541724,1615,"MIPC:client_entry:243",3397,1466
71836,813350021550057,1511,"MIPC:client_resolved:243",3397,1466
71840,813350021580474,1979,"MIPC:client_send:243",3397,1466
71894,813350021991932,1615,"MIPC:client_reply:243",3362,1466
71910,813350022174432,2813,"MIPC:client_resume:243",3397,1466
71947,813350022477193,2552,"MIPC:client_registered:244",3397,1466
71948,813350022487714,1406,"MIPC:client_entry:244",3397,1466
71949,813350022495682,1302,"MIPC:client_resolved:244",3397,1466
71952,813350022527036,1771,"MIPC:client_send:244",3397,1466
71998,813350022934224,3229,"MIPC:client_reply:244",3362,1466
72002,813350023091776,3750,"MIPC:client_resume:244",3397,1466
72030,813350023397557,2969,"MIPC:client_registered:245",3397,1466
72031,813350023409641,1406,"MIPC:client_entry:245",3397,1466
72034,813350023417661,4375,"MIPC:client_resolved:245",3397,1466
72040,813350023448495,3594,"MIPC:client_send:245",3397,1466
72095,813350023940734,8907,"MIPC:client_reply:245",3362,1466
72122,813350024325109,2813,"MIPC:client_resume:245",3397,1466
72153,813350024621984,3438,"MIPC:client_registered:246",3397,1466
72154,813350024637557,1667,"MIPC:client_entry:246",3397,1466
72155,813350024646516,1354,"MIPC:client_resolved:246",3397,1466
72162,813350024683234,1823,"MIPC:client_send:246",3397,1466
72204,813350025169849,2656,"MIPC:client_reply:246",3362,1466
72231,813350025347870,2448,"MIPC:client_resume:246",3397,1466
72270,813350025657818,2708,"MIPC:client_registered:247",3397,1466
72273,813350025675839,1406,"MIPC:client_entry:247",3397,1466
72275,813350025683703,1354,"MIPC:client_resolved:247",3397,1466
72280,813350025720474,1667,"MIPC:client_send:247",3397,1466
72327,813350026186932,2136,"MIPC:client_reply:247",3362,1466
72331,813350026347661,5782,"MIPC:client_resume:247",3397,1466
72343,813350026613964,3020,"MIPC:client_registered:248",3397,1466
72344,813350026628964,1875,"MIPC:client_entry:248",3397,1466
72345,813350026638807,1459,"MIPC:client_resolved:248",3397,1466
72346,813350026671151,2344,"MIPC:client_send:248",3397,1466
72359,813350027121776,3438,"MIPC:client_reply:248",3362,1466
72362,813350027343026,4479,"MIPC:client_resume:248",3397,1466
72377,813350027850839,3802,"MIPC:client_registered:249",3397,1466
72378,813350027863599,1354,"MIPC:client_entry:249",3397,1466
72379,813350027871359,1511,"MIPC:client_resolved:249",3397,1466
72381,813350027902089,1562,"MIPC:client_send:249",3397,1466
72412,813350028602297,3542,"MIPC:client_reply:249",3362,1466
72441,813350028824589,3229,"MIPC:client_resume:249",3397,1466
72464,813350029182193,2708,"MIPC:client_registered:250",3397,1466
72465,813350029199068,1458,"MIPC:client_entry:250",3397,1466
72469,813350029207505,1354,"MIPC:client_resolved:250",3397,1466
72472,813350029234953,1563,"MIPC:client_send:250",3397,1466
72533,813350029694380,3542,"MIPC:client_reply:250",3362,1466
72555,813350029869953,4792,"MIPC:client_resume:250",3397,1466
72622,813350030237557,2448,"MIPC:client_registered:251",3397,1466
72624,813350030248807,1771,"MIPC:client_entry:251",3397,1466
72626,813350030258807,1511,"MIPC:client_resolved:251",3397,1466
72630,813350030287297,1719,"MIPC:client_send:251",3397,1466
72666,813350030669224,2917,"MIPC:client_reply:251",3362,1466
72672,813350030819484,5209,"MIPC:client_resume:251",3397,1466
72680,813350031097193,2760,"MIPC:client_registered:252",3397,1466
72681,813350031108651,1458,"MIPC:client_entry:252",3397,1466
72682,813350031116620,1406,"MIPC:client_resolved:252",3397,1466
72685,813350031145266,9635,"MIPC:client_send:252",3397,1466
72733,813350031557036,3855,"MIPC:client_reply:252",3362,1466
72749,813350031696099,2865,"MIPC:client_resume:252",3397,1466
72792,813350032004536,2917,"MIPC:client_registered:253",3397,1466
72794,813350032017036,1563,"MIPC:client_entry:253",3397,1466
72795,813350032024641,1354,"MIPC:client_resolved:253",3397,1466
72797,813350032052714,1614,"MIPC:client_send:253",3397,1466
72835,813350032432714,4270,"MIPC:client_reply:253",3362,1466
72848,813350032595370,2291,"MIPC:client_resume:253",3397,1466
72867,813350032879849,2448,"MIPC:client_registered:254",3397,1466
72868,813350032890943,1406,"MIPC:client_entry:254",3397,1466
72870,813350032901880,1302,"MIPC:client_resolved:254",3397,1466
72871,813350032936203,1927,"MIPC:client_send:254",3397,1466
72911,813350033325526,3333,"MIPC:client_reply:254",3362,1466
72916,813350033475370,4375,"MIPC:client_resume:254",3397,1466
72930,813350033726776,3385,"MIPC:client_registered:255",3397,1466
72934,813350033755839,1666,"MIPC:client_entry:255",3397,1466
72936,813350033767714,1614,"MIPC:client_resolved:255",3397,1466
72941,813350033798391,2187,"MIPC:client_send:255",3397,1466
72969,813350034153755,2865,"MIPC:client_reply:255",3362,1466
72978,813350034300057,3334,"MIPC:client_resume:255",3397,1466
73015,813350034592661,2240,"MIPC:client_registered:256",3397,1466
73018,813350034605786,1823,"MIPC:client_entry:256",3397,1466
73021,813350034618964,1406,"MIPC:client_resolved:256",3397,1466
73024,813350034653547,1927,"MIPC:client_send:256",3397,1466
73057,813350035049016,3229,"MIPC:client_reply:256",3362,1466
73068,813350035250422,3698,"MIPC:client_resume:256",3397,1466
73086,813350035606724,2448,"MIPC:client_registered:257",3397,1466
73088,813350035622036,1459,"MIPC:client_entry:257",3397,1466
73091,813350035643911,1459,"MIPC:client_resolved:257",3397,1466
73094,813350035674901,2604,"MIPC:client_send:257",3397,1466
73125,813350036146359,3698,"MIPC:client_reply:257",3362,1466
73143,813350036328130,2656,"MIPC:client_resume:257",3397,1466
73210,813350036932870,2760,"MIPC:client_registered:258",3397,1466
73211,813350036947349,1562,"MIPC:client_entry:258",3397,1466
73212,813350036956203,1458,"MIPC:client_resolved:258",3397,1466
73219,813350036991516,1510,"MIPC:client_send:258",3397,1466
73271,813350037414901,5573,"MIPC:client_reply:258",3362,1466
73296,813350037616932,4167,"MIPC:client_resume:258",3397,1466
73339,813350037921203,3698,"MIPC:client_registered:259",3397,1466
73345,813350037940786,1875,"MIPC:client_entry:259",3397,1466
73346,813350037950474,1562,"MIPC:client_resolved:259",3397,1466
73348,813350037992193,1771,"MIPC:client_send:259",3397,1466
73372,813350038382141,2656,"MIPC:client_reply:259",3362,1466
73402,813350038650318,4635,"MIPC:client_resume:259",3397,1466
73443,813350038940474,2344,"MIPC:client_registered:260",3397,1466
73447,813350038950943,1458,"MIPC:client_entry:260",3397,1466
73449,813350038962193,1406,"MIPC:client_resolved:260",3397,1466
73455,813350038993651,1771,"MIPC:client_send:260",3397,1466
73497,813350039378495,3750,"MIPC:client_reply:260",3362,1466
73523,813350039559432,3125,"MIPC:client_resume:260",3397,1466
73542,813350039831255,4688,"MIPC:client_registered:261",3397,1466
73545,813350039847036,1823,"MIPC:client_entry:261",3397,1466
73549,813350039855370,1354,"MIPC:client_resolved:261",3397,1466
73554,813350039886464,1666,"MIPC:client_send:261",3397,1466
73595,813350040264745,2552,"MIPC:client_reply:261",3362,1466
73611,813350040442193,4427,"MIPC:client_resume:261",3397,1466
73659,813350040738130,2500,"MIPC:client_registered:262",3397,1466
73661,813350040749953,1563,"MIPC:client_entry:262",3397,1466
73662,813350040758234,1459,"MIPC:client_resolved:262",3397,1466
73663,813350040787297,2031,"MIPC:client_send:262",3397,1466
73679,813350041157609,3282,"MIPC:client_reply:262",3362,1466
73689,813350041331203,2292,"MIPC:client_resume:262",3397,1466
73728,813350041613911,2344,"MIPC:client_registered:263",3397,1466
73729,813350041624849,1562,"MIPC:client_entry:263",3397,1466
73732,813350041637193,1823,"MIPC:client_resolved:263",3397,1466
73737,813350041668286,1980,"MIPC:client_send:263",3397,1466
73768,813350042067818,6510,"MIPC:client_reply:263",3362,1466
73785,813350042244016,5208,"MIPC:client_resume:263",3397,1466
73821,813350042553443,1666,"MIPC:client_registered:264",3397,1466
73822,813350042563391,1562,"MIPC:client_entry:264",3397,1466
73823,813350042571932,1563,"MIPC:client_resolved:264",3397,1466
73825,813350042600370,1562,"MIPC:client_send:264",3397,1466
73868,813350042967714,1666,"MIPC:client_reply:264",3362,1466
73887,813350043139484,2605,"MIPC:client_resume:264",3397,1466
73938,813350043597245,1823,"MIPC:client_registered:265",3397,1466
73939,813350043606880,91771,"MIPC:client_entry:265",3397,1466
73949,813350043737766,1562,"MIPC:client_resolved:265",3397,1466
73954,813350043777922,1614,"MIPC:client_send:265",3397,1466
74007,813350044320005,3959,"MIPC:client_reply:265",3362,1466
74028,813350044571359,2969,"MIPC:client_resume:265",3397,1466
74060,813350045067245,5208,"MIPC:client_registered:266",3397,1466
74061,813350045085786,1667,"MIPC:client_entry:266",3397,1466
74062,813350045095005,1406,"MIPC:client_resolved:266",3397,1466
74065,813350045126307,1667,"MIPC:client_send:266",3397,1466
74112,813350045586568,3333,"MIPC:client_reply:266",3362,1466
74125,813350045738130,2709,"MIPC:client_resume:266",3397,1466
74155,813350046012297,1771,"MIPC:client_registered:267",3397,1466
74156,813350046022089,1458,"MIPC:client_entry:267",3397,1466
74160,813350046030630,2188,"MIPC:client_resolved:267",3397,1466
74167,813350046067766,1666,"MIPC:client_send:267",3397,1466
74203,813350046462870,1771,"MIPC:client_reply:267",3362,1466
74218,813350046635578,2708,"MIPC:client_resume:267",3397,1466
74246,813350046923234,2292,"MIPC:client_registered:268",3397,1466
74247,813350046932661,1250,"MIPC:client_entry:268",3397,1466
74248,813350046939224,1302,"MIPC:client_resolved:268",3397,1466
74252,813350046966411,1563,"MIPC:client_send:268",3397,1466
74301,813350047412297,2760,"MIPC:client_reply:268",3362,1466
74321,813350047588964,3489,"MIPC:client_resume:268",3397,1466
74354,813350047977974,1927,"MIPC:client_registered:269",3397,1466
74357,813350047986724,5260,"MIPC:client_entry:269",3397,1466
74361,813350048001828,1458,"MIPC:client_resolved:269",3397,1466
74365,813350048030474,1615,"MIPC:client_send:269",3397,1466
74407,813350048478911,3907,"MIPC:client_reply:269",3362,1466
74439,813350048651776,1875,"MIPC:client_resume:269",3397,1466
74454,813350048899172,2396,"MIPC:client_registered:270",3397,1466
74456,813350048910995,1406,"MIPC:client_entry:270",3397,1466
74457,813350048919224,1719,"MIPC:client_resolved:270",3397,1466
74458,813350048944536,1615,"MIPC:client_send:270",3397,1466
74493,813350049534693,2604,"MIPC:client_reply:270",3362,1466
74499,813350049708130,3073,"MIPC:client_resume:270",3397,1466
74542,813350050013807,2240,"MIPC:client_registered:271",3397,1466
74545,813350050022245,4635,"MIPC:client_entry:271",3397,1466
74549,813350050035682,1511,"MIPC:client_resolved:271",3397,1466
74554,813350050065630,1667,"MIPC:client_send:271",3397,1466
74652,813350050846047,3229,"MIPC:client_reply:271",3362,1466
74687,813350051296151,1771,"MIPC:client_resume:271",3397,1466
74714,813350051725109,1719,"MIPC:client_registered:272",3397,1466
74715,813350051733339,1666,"MIPC:client_entry:272",3397,1466
74716,813350051739901,1354,"MIPC:client_resolved:272",3397,1466
74719,813350051774328,1771,"MIPC:client_send:272",3397,1466
74943,813350055082505,2865,"MIPC:client_reply:272",3362,1466
74945,813350055286359,3386,"MIPC:client_resume:272",3397,1466
74950,813350055578443,3281,"MIPC:client_registered:273",3397,1466
74952,813350055595266,1614,"MIPC:client_entry:273",3397,1466
74955,813350055604745,1458,"MIPC:client_resolved:273",3397,1466
74957,813350055634432,1667,"MIPC:client_send:273",3397,1466
75122,813350057385057,2865,"MIPC:client_reply:273",3362,1466
75246,813350059052453,3021,"MIPC:client_resume:273",3397,1466
75268,813350059390682,2344,"MIPC:client_registered:274",3397,1466
75270,813350059412557,1459,"MIPC:client_entry:274",3397,1466
75271,813350059419328,1302,"MIPC:client_resolved:274",3397,1466
75273,813350059445995,1458,"MIPC:client_send:274",3397,1466
75335,813350060320161,1823,"MIPC:client_reply:274",3362,1466
75359,813350060511776,2969,"MIPC:client_resume:274",3397,1466
75398,813350060875526,2552,"MIPC:client_registered:275",3397,1466
75399,813350060885578,1615,"MIPC:client_entry:275",3397,1466
75401,813350060892714,1718,"MIPC:client_resolved:275",3397,1466
75407,813350060921516,1458,"MIPC:client_send:275",3397,1466
75504,813350061846464,2656,"MIPC:client_reply:275",3362,1466
75527,813350062075682,2917,"MIPC:client_resume:275",3397,1466
75575,813350062586411,2761,"MIPC:client_registered:276",3397,1466
75576,813350062596828,1406,"MIPC:client_entry:276",3397,1466
75579,813350062623391,1458,"MIPC:client_resolved:276",3397,1466
75583,813350062653443,1458,"MIPC:client_send:276",3397,1466
75625,813350063140891,2916,"MIPC:client_reply:276",3362,1466
75639,813350063390786,3386,"MIPC:client_resume:276",3397,1466
75666,813350063675057,1979,"MIPC:client_registered:277",3397,1466
75669,813350063685057,1354,"MIPC:client_entry:277",3397,1466
75673,813350063691307,1302,"MIPC:client_resolved:277",3397,1466
75675,813350063716411,1511,"MIPC:client_send:277",3397,1466
75761,813350064449849,2812,"MIPC:client_reply:277",3362,1466
75774,813350064624172,3021,"MIPC:client_resume:277",3397,1466
75821,813350064931568,2031,"MIPC:client_registered:278",3397,1466
75824,813350064939484,1407,"MIPC:client_entry:278",3397,1466
75828,813350064953026,1302,"MIPC:client_resolved:278",3397,1466
75837,813350064995630,1667,"MIPC:client_send:278",3397,1466
75876,813350065455891,2916,"MIPC:client_reply:278",3362,1466
75890,813350065644589,1458,"MIPC:client_resume:278",3397,1466
75910,813350065965839,1614,"MIPC:client_registered:279",3397,1466
75914,813350065977714,1302,"MIPC:client_entry:279",3397,1466
75917,813350065986724,1146,"MIPC:client_resolved:279",3397,1466
75920,813350066015682,1354,"MIPC:client_send:279",3397,1466
75970,813350066559953,1354,"MIPC:client_reply:279",3362,1466
75991,813350066748026,3385,"MIPC:client_resume:279",3397,1466
76022,813350067067766,2500,"MIPC:client_registered:280",3397,1466
76023,813350067076047,1875,"MIPC:client_entry:280",3397,1466
76024,813350067085370,1354,"MIPC:client_resolved:280",3397,1466
76029,813350067115214,1666,"MIPC:client_send:280",3397,1466
76095,813350067594745,5469,"MIPC:client_reply:280",3362,1466
76153,813350067834016,1614,"MIPC:client_resume:280",3397,1466
76225,813350068155630,1719,"MIPC:client_registered:281",3397,1466
76227,813350068165422,1354,"MIPC:client_entry:281",3397,1466
76229,813350068170839,1354,"MIPC:client_resolved:281",3397,1466
76235,813350068200943,2083,"MIPC:client_send:281",3397,1466
76333,813350068631359,2605,"MIPC:client_reply:281",3362,1466
76377,813350068817349,3177,"MIPC:client_resume:281",3397,1466
76445,813350069086620,1719,"MIPC:client_registered:282",3397,1466
76448,813350069093703,1406,"MIPC:client_entry:282",3397,1466
76451,813350069099380,1354,"MIPC:client_resolved:282",3397,1466
76459,813350069124849,1510,"MIPC:client_send:282",3397,1466
76524,813350069513807,3282,"MIPC:client_reply:282",3362,1466
76563,813350069695630,3386,"MIPC:client_resume:282",3397,1466
76620,813350069961151,1875,"MIPC:client_registered:283",3397,1466
76622,813350069968078,1250,"MIPC:client_entry:283",3397,1466
76624,813350069973130,3646,"MIPC:client_resolved:283",3397,1466
76635,813350070005943,1302,"MIPC:client_send:283",3397,1466
76724,813350070408234,3386,"MIPC:client_reply:283",3362,1466
76765,813350070595839,1927,"MIPC:client_resume:283",3397,1466
76818,813350070857609,4636,"MIPC:client_registered:284",3397,1466
76820,813350070868339,1302,"MIPC:client_entry:284",3397,1466
76824,813350070873547,1198,"MIPC:client_resolved:284",3397,1466
76829,813350070901620,1562,"MIPC:client_send:284",3397,1466
76933,813350071347766,2708,"MIPC:client_reply:284",3362,1466
76980,813350071526255,2969,"MIPC:client_resume:284",3397,1466
77024,813350071820422,1719,"MIPC:client_registered:285",3397,1466
77028,813350071827557,1719,"MIPC:client_entry:285",3397,1466
77032,813350071833495,1250,"MIPC:client_resolved:285",3397,1466
77039,813350071863339,1510,"MIPC:client_send:285",3397,1466
77212,813350072634641,3281,"MIPC:client_reply:285",3362,1466
77253,813350072825943,1927,"MIPC:client_resume:285",3397,1466
77334,813350073225214,5885,"MIPC:client_registered:286",3397,1466
77342,813350073247036,1667,"MIPC:client_entry:286",3397,1466
77346,813350073253651,1146,"MIPC:client_resolved:286",3397,1466
77355,813350073290943,3125,"MIPC:client_send:286",3397,1466
77477,813350073800526,2344,"MIPC:client_reply:286",3362,1466
77542,813350074025109,1563,"MIPC:client_resume:286",3397,1466
77585,813350074331620,1771,"MIPC:client_registered:287",3397,1466
77587,813350074339536,1303,"MIPC:client_entry:287",3397,1466
77589,813350074346932,1250,"MIPC:client_resolved:287",3397,1466
77602,813350074382609,3282,"MIPC:client_send:287",3397,1466
77656,813350074936203,1875,"MIPC:client_reply:287",3362,1466
77661,813350075110786,4271,"MIPC:client_resume:287",3397,1466
77668,813350075342870,2969,"MIPC:client_registered:288",3397,1466
77669,813350075353911,1407,"MIPC:client_entry:288",3397,1466
77670,813350075360318,1198,"MIPC:client_resolved:288",3397,1466
77671,813350075390682,1354,"MIPC:client_send:288",3397,1466
77679,813350075950578,3594,"MIPC:client_reply:288",3362,1466
77681,813350076144432,1563,"MIPC:client_resume:288",3397,1466
77688,813350076610214,1875,"MIPC:client_registered:289",3397,1466
77689,813350076618599,1354,"MIPC:client_entry:289",3397,1466
77690,813350076624484,1250,"MIPC:client_resolved:289",3397,1466
77691,813350076651203,1354,"MIPC:client_send:289",3397,1466
77709,813350077421151,3542,"MIPC:client_reply:289",3362,1466
77718,813350077642870,3385,"MIPC:client_resume:289",3397,1466
77724,813350077924641,2968,"MIPC:client_registered:290",3397,1466
77725,813350077933755,1198,"MIPC:client_entry:290",3397,1466
77726,813350077939224,1146,"MIPC:client_resolved:290",3397,1466
77727,813350077966568,1510,"MIPC:client_send:290",3397,1466
77737,813350078639224,2760,"MIPC:client_reply:290",3362,1466
77739,813350078814120,3698,"MIPC:client_resume:290",3397,1466
77740,813350079101203,3021,"MIPC:client_registered:291",3397,1466
77741,813350079110266,1302,"MIPC:client_entry:291",3397,1466
77742,813350079116880,1406,"MIPC:client_resolved:291",3397,1466
77743,813350079153859,1927,"MIPC:client_send:291",3397,1466
77748,813350079628182,2969,"MIPC:client_reply:291",3362,1466
77749,813350079811724,4271,"MIPC:client_resume:291",3397,1466
77751,813350080084328,3906,"MIPC:client_registered:292",3397,1466
77752,813350080124068,1927,"MIPC:client_entry:292",3397,1466
77753,813350080131984,1250,"MIPC:client_resolved:292",3397,1466
77754,813350080167609,1615,"MIPC:client_send:292",3397,1466
77759,813350080648339,3697,"MIPC:client_reply:292",3362,1466
77761,813350080811672,3281,"MIPC:client_resume:292",3397,1466
77763,813350081086620,2760,"MIPC:client_registered:293",3397,1466
77764,813350081095734,1250,"MIPC:client_entry:293",3397,1466
77765,813350081101151,1458,"MIPC:client_resolved:293",3397,1466
77766,813350081131984,1615,"MIPC:client_send:293",3397,1466
77771,813350081569641,3541,"MIPC:client_reply:293",3362,1466
77772,813350081722557,3959,"MIPC:client_resume:293",3397,1466
77773,813350081994068,2916,"MIPC:client_registered:294",3397,1466
77774,813350082002974,1354,"MIPC:client_entry:294",3397,1466
77775,813350082008495,1302,"MIPC:client_resolved:294",3397,1466
77776,813350082036307,1823,"MIPC:client_send:294",3397,1466
77783,813350082470109,3386,"MIPC:client_reply:294",3362,1466
77784,813350082620526,3438,"MIPC:client_resume:294",3397,1466
77785,813350082889484,4532,"MIPC:client_registered:295",3397,1466
77786,813350082910318,1406,"MIPC:client_entry:295",3397,1466
77787,813350082917974,1198,"MIPC:client_resolved:295",3397,1466
77788,813350082951255,1563,"MIPC:client_send:295",3397,1466
77793,813350083373755,3438,"MIPC:client_reply:295",3362,1466
77794,813350083532401,3906,"MIPC:client_resume:295",3397,1466
77795,813350083791307,2657,"MIPC:client_registered:296",3397,1466
77796,813350083799484,1250,"MIPC:client_entry:296",3397,1466
77797,813350083804797,1198,"MIPC:client_resolved:296",3397,1466
77798,813350083831672,1302,"MIPC:client_send:296",3397,1466
77803,813350084275109,2761,"MIPC:client_reply:296",3362,1466
77804,813350084465839,2968,"MIPC:client_resume:296",3397,1466
77806,813350084723495,3073,"MIPC:client_registered:297",3397,1466
77807,813350084732141,1145,"MIPC:client_entry:297",3397,1466
77808,813350084750266,1354,"MIPC:client_resolved:297",3397,1466
77809,813350084779276,1510,"MIPC:client_send:297",3397,1466
77826,813350085638703,2969,"MIPC:client_reply:297",3362,1466
77828,813350085795630,2917,"MIPC:client_resume:297",3397,1466
77831,813350086039797,3594,"MIPC:client_registered:298",3397,1466
77832,813350086051724,1354,"MIPC:client_entry:298",3397,1466
77833,813350086058130,1146,"MIPC:client_resolved:298",3397,1466
77834,813350086085266,1562,"MIPC:client_send:298",3397,1466
77840,813350086552661,2709,"MIPC:client_reply:298",3362,1466
77841,813350086724745,3750,"MIPC:client_resume:298",3397,1466
77844,813350086971151,3021,"MIPC:client_registered:299",3397,1466
77845,813350086979589,1250,"MIPC:client_entry:299",3397,1466
77846,813350086985214,1145,"MIPC:client_resolved:299",3397,1466
77847,813350087036464,1718,"MIPC:client_send:299",3397,1466
77852,813350087506359,2969,"MIPC:client_reply:299",3362,1466
77853,813350087681359,4427,"MIPC:client_resume:299",3397,1466
77854,813350087945266,3906,"MIPC:client_registered:300",3397,1466
77855,813350087954849,1302,"MIPC:client_entry:300",3397,1466
77856,813350087960422,1302,"MIPC:client_resolved:300",3397,1466
77857,813350087990318,2083,"MIPC:client_send:300",3397,1466
77862,813350088470734,2448,"MIPC:client_reply:300",3362,1466
77863,813350088615057,4063,"MIPC:client_resume:300",3397,1466
77864,813350088859849,4271,"MIPC:client_registered:301",3397,1466
77865,813350088873339,1406,"MIPC:client_entry:301",3397,1466
77866,813350088879589,1302,"MIPC:client_resolved:301",3397,1466
77867,813350088909120,1614,"MIPC:client_send:301",3397,1466
77872,813350089332036,3073,"MIPC:client_reply:301",3362,1466
77873,813350089483286,4063,"MIPC:client_resume:301",3397,1466
77874,813350089740786,3855,"MIPC:client_registered:302",3397,1466
77875,813350089751880,1354,"MIPC:client_entry:302",3397,1466
77876,813350089757349,1146,"MIPC:client_resolved:302",3397,1466
77877,813350089784953,1458,"MIPC:client_send:302",3397,1466
77882,813350090190526,2917,"MIPC:client_reply:302",3362,1466
77883,813350090332036,3542,"MIPC:client_resume:302",3397,1466
77884,813350090571359,2448,"MIPC:client_registered:303",3397,1466
77885,813350090579432,1615,"MIPC:client_entry:303",3397,1466
77886,813350090585630,1198,"MIPC:client_resolved:303",3397,1466
77887,813350090613182,1250,"MIPC:client_send:303",3397,1466
77894,813350091007141,2448,"MIPC:client_reply:303",3362,1466
77899,813350091148964,3177,"MIPC:client_resume:303",3397,1466
77900,813350091403026,2708,"MIPC:client_registered:304",3397,1466
77901,813350091411672,1146,"MIPC:client_entry:304",3397,1466
77902,813350091417141,1145,"MIPC:client_resolved:304",3397,1466
77903,813350091444536,1511,"MIPC:client_send:304",3397,1466
77908,813350091898391,3281,"MIPC:client_reply:304",3362,1466
77915,813350092029849,3854,"MIPC:client_resume:304",3397,1466
77916,813350092306099,4114,"MIPC:client_registered:305",3397,1466
77917,813350092316984,1198,"MIPC:client_entry:305",3397,1466
77918,813350092322505,1302,"MIPC:client_resolved:305",3397,1466
77919,813350092350630,1563,"MIPC:client_send:305",3397,1466
77924,813350092785578,2865,"MIPC:client_reply:305",3362,1466
77925,813350092925995,3750,"MIPC:client_resume:305",3397,1466
77926,813350093192661,2917,"MIPC:client_registered:306",3397,1466
77927,813350093202193,1458,"MIPC:client_entry:306",3397,1466
77928,813350093208130,1354,"MIPC:client_resolved:306",3397,1466
77929,813350093236151,1979,"MIPC:client_send:306",3397,1466
77934,813350093664328,2604,"MIPC:client_reply:306",3362,1466
77935,813350093806620,4218,"MIPC:client_resume:306",3397,1466
77936,813350094042713,3021,"MIPC:client_registered:307",3397,1466
77937,813350094051463,1303,"MIPC:client_entry:307",3397,1466
77938,813350094057141,1354,"MIPC:client_resolved:307",3397,1466
77939,813350094084953,1719,"MIPC:client_send:307",3397,1466
77944,813350094492505,2969,"MIPC:client_reply:307",3362,1466
77945,813350094634016,3750,"MIPC:client_resume:307",3397,1466
77946,813350094880318,2968,"MIPC:client_registered:308",3397,1466
77947,813350094889224,1354,"MIPC:client_entry:308",3397,1466
77948,813350094895266,1302,"MIPC:client_resolved:308",3397,1466
77949,813350094922505,1771,"MIPC:client_send:308",3397,1466
77954,813350095350005,3177,"MIPC:client_reply:308",3362,1466
77955,813350095489849,3802,"MIPC:client_resume:308",3397,1466
77956,813350095727401,3542,"MIPC:client_registered:309",3397,1466
77957,813350095736984,1407,"MIPC:client_entry:309",3397,1466
77958,813350095742453,1354,"MIPC:client_resolved:309",3397,1466
77959,813350095769328,1458,"MIPC:client_send:309",3397,1466
77964,813350096192245,3021,"MIPC:client_reply:309",3362,1466
77965,813350096334641,4583,"MIPC:client_resume:309",3397,1466
77966,813350096573443,2864,"MIPC:client_registered:310",3397,1466
77967,813350096584016,1562,"MIPC:client_entry:310",3397,1466
77968,813350096591203,1406,"MIPC:client_resolved:310",3397,1466
77971,813350096620943,1562,"MIPC:client_send:310",3397,1466
77981,813350097112609,3073,"MIPC:client_reply:310",3362,1466
77982,813350097267766,3177,"MIPC:client_resume:310",3397,1466
77983,813350097523703,3646,"MIPC:client_registered:311",3397,1466
77984,813350097536672,1562,"MIPC:client_entry:311",3397,1466
77985,813350097543755,1250,"MIPC:client_resolved:311",3397,1466
77986,813350097578026,1927,"MIPC:client_send:311",3397,1466
77996,813350098081828,3177,"MIPC:client_reply:311",3362,1466
78000,813350098229849,3489,"MIPC:client_resume:311",3397,1466
78004,813350098453234,2032,"MIPC:client_registered:312",3397,1466
78005,813350098460995,1198,"MIPC:client_entry:312",3397,1466
78007,813350098465943,1145,"MIPC:client_resolved:312",3397,1466
78008,813350098496880,2136,"MIPC:client_send:312",3397,1466
78027,813350098965005,3177,"MIPC:client_reply:312",3362,1466
78036,813350099124901,3385,"MIPC:client_resume:312",3397,1466
78042,813350099372557,3073,"MIPC:client_registered:313",3397,1466
78043,813350099382349,1198,"MIPC:client_entry:313",3397,1466
78044,813350099387713,1198,"MIPC:client_resolved:313",3397,1466
78045,813350099414276,1615,"MIPC:client_send:313",3397,1466
78066,813350099914693,3750,"MIPC:client_reply:313",3362,1466
78076,813350100174068,3541,"MIPC:client_resume:313",3397,1466
78077,813350100430630,4115,"MIPC:client_registered:314",3397,1466
78078,813350100461151,1562,"MIPC:client_entry:314",3397,1466
78079,813350100470005,1250,"MIPC:client_resolved:314",3397,1466
78080,813350100506151,2604,"MIPC:client_send:314",3397,1466
78085,813350100944328,3438,"MIPC:client_reply:314",3362,1466
78086,813350101149588,3438,"MIPC:client_resume:314",3397,1466
78087,813350101376359,3177,"MIPC:client_registered:315",3397,1466
78088,813350101385786,1459,"MIPC:client_entry:315",3397,1466
78089,813350101391463,1303,"MIPC:client_resolved:315",3397,1466
78090,813350101421776,2031,"MIPC:client_send:315",3397,1466
78095,813350101933443,2760,"MIPC:client_reply:315",3362,1466
78096,813350102084797,4323,"MIPC:client_resume:315",3397,1466
78097,813350102315630,3438,"MIPC:client_registered:316",3397,1466
78098,813350102325318,1250,"MIPC:client_entry:316",3397,1466
78099,813350102339016,1354,"MIPC:client_resolved:316",3397,1466
78100,813350102368130,2552,"MIPC:client_send:316",3397,1466
78105,813350102808599,3021,"MIPC:client_reply:316",3362,1466
78106,813350102941776,3958,"MIPC:client_resume:316",3397,1466
78107,813350103166516,4270,"MIPC:client_registered:317",3397,1466
78108,813350103181359,1771,"MIPC:client_entry:317",3397,1466
78109,813350103188026,1302,"MIPC:client_resolved:317",3397,1466
78110,813350103220318,2031,"MIPC:client_send:317",3397,1466
78115,813350103672505,2917,"MIPC:client_reply:317",3362,1466
78116,813350103807818,4218,"MIPC:client_resume:317",3397,1466
78117,813350104030266,3541,"MIPC:client_registered:318",3397,1466
78118,813350104043859,1459,"MIPC:client_entry:318",3397,1466
78119,813350104050474,1354,"MIPC:client_resolved:318",3397,1466
78120,813350104113495,3281,"MIPC:client_send:318",3397,1466
78125,813350104541724,3646,"MIPC:client_reply:318",3362,1466
78126,813350104679797,4583,"MIPC:client_resume:318",3397,1466
78127,813350104904901,3646,"MIPC:client_registered:319",3397,1466
78128,813350104915474,1406,"MIPC:client_entry:319",3397,1466
78129,813350104924849,1562,"MIPC:client_resolved:319",3397,1466
78130,813350104956724,1719,"MIPC:client_send:319",3397,1466
78135,813350105408599,3073,"MIPC:client_reply:319",3362,1466
78136,813350105572818,4114,"MIPC:client_resume:319",3397,1466
78137,813350105795734,4219,"MIPC:client_registered:320",3397,1466
78138,813350105809536,1407,"MIPC:client_entry:320",3397,1466
78139,813350105816359,1198,"MIPC:client_resolved:320",3397,1466
78140,813350105847245,1771,"MIPC:client_send:320",3397,1466
78145,813350106297193,2448,"MIPC:client_reply:320",3362,1466
78146,813350106455838,4115,"MIPC:client_resume:320",3397,1466
78147,813350106676984,3802,"MIPC:client_registered:321",3397,1466
78148,813350106687505,1198,"MIPC:client_entry:321",3397,1466
78149,813350106692609,1250,"MIPC:client_resolved:321",3397,1466
78150,813350106719276,1458,"MIPC:client_send:321",3397,1466
78155,813350107153911,3334,"MIPC:client_reply:321",3362,1466
78156,813350107282193,3437,"MIPC:client_resume:321",3397,1466
78157,813350107568859,3594,"MIPC:client_registered:322",3397,1466
78158,813350107579276,1250,"MIPC:client_entry:322",3397,1466
78159,813350107584641,1302,"MIPC:client_resolved:322",3397,1466
78160,813350107611516,1875,"MIPC:client_send:322",3397,1466
78167,813350108077193,3229,"MIPC:client_reply:322",3362,1466
78168,813350108249484,3646,"MIPC:client_resume:322",3397,1466
78171,813350108567141,2604,"MIPC:client_registered:323",3397,1466
78172,813350108576307,1302,"MIPC:client_entry:323",3397,1466
78173,813350108582505,1146,"MIPC:client_resolved:323",3397,1466
78174,813350108610318,2343,"MIPC:client_send:323",3397,1466
78185,813350109340474,4635,"MIPC:client_reply:323",3362,1466
78186,813350109503443,4010,"MIPC:client_resume:323",3397,1466
78189,813350109732713,3073,"MIPC:client_registered:324",3397,1466
78190,813350109742401,1198,"MIPC:client_entry:324",3397,1466
78191,813350109747818,1198,"MIPC:client_resolved:324",3397,1466
78194,813350109774536,1771,"MIPC:client_send:324",3397,1466
78199,813350110233911,3073,"MIPC:client_reply:324",3362,1466
78200,813350110395161,4480,"MIPC:client_resume:324",3397,1466
78201,813350110650422,3906,"MIPC:client_registered:325",3397,1466
78202,813350110660161,1146,"MIPC:client_entry:325",3397,1466
78203,813350110665318,1093,"MIPC:client_resolved:325",3397,1466
78204,813350110699953,2135,"MIPC:client_send:325",3397,1466
78209,813350111168078,2813,"MIPC:client_reply:325",3362,1466
78210,813350111302766,4218,"MIPC:client_resume:325",3397,1466
78211,813350111519380,2761,"MIPC:client_registered:326",3397,1466
78212,813350111527922,1250,"MIPC:client_entry:326",3397,1466
78213,813350111533234,1146,"MIPC:client_resolved:326",3397,1466
78214,813350111559797,1771,"MIPC:client_send:326",3397,1466
78219,813350111987245,3281,"MIPC:client_reply:326",3362,1466
78220,813350112142922,3958,"MIPC:client_resume:326",3397,1466
78221,813350112370422,3073,"MIPC:client_registered:327",3397,1466
78222,813350112380266,1250,"MIPC:client_entry:327",3397,1466
78223,813350112386203,1198,"MIPC:client_resolved:327",3397,1466
78224,813350112414224,1562,"MIPC:client_send:327",3397,1466
78229,813350112829693,3437,"MIPC:client_reply:327",3362,1466
78230,813350112960891,3697,"MIPC:client_resume:327",3397,1466
78231,813350113168755,3229,"MIPC:client_registered:328",3397,1466
78232,813350113177974,1146,"MIPC:client_entry:328",3397,1466
78233,813350113183078,1198,"MIPC:client_resolved:328",3397,1466
78234,813350113209380,1511,"MIPC:client_send:328",3397,1466
78239,813350113640682,3229,"MIPC:client_reply:328",3362,1466
78240,813350113770422,4791,"MIPC:client_resume:328",3397,1466
78241,813350113991255,2813,"MIPC:client_registered:329",3397,1466
78242,813350114000266,1145,"MIPC:client_entry:329",3397,1466
78243,813350114005474,1094,"MIPC:client_resolved:329",3397,1466
78244,813350114031099,1667,"MIPC:client_send:329",3397,1466
78249,813350114462713,3438,"MIPC:client_reply:329",3362,1466
78250,813350114591672,3229,"MIPC:client_resume:329",3397,1466
78251,813350114793859,4532,"MIPC:client_registered:330",3397,1466
78252,813350114808495,1458,"MIPC:client_entry:330",3397,1466
78253,813350114814641,1302,"MIPC:client_resolved:330",3397,1466
78254,813350114843911,1667,"MIPC:client_send:330",3397,1466
78259,813350115287193,3177,"MIPC:client_reply:330",3362,1466
78260,813350115466724,4010,"MIPC:client_resume:330",3397,1466
78261,813350115702349,2396,"MIPC:client_registered:331",3397,1466
78262,813350115713547,1302,"MIPC:client_entry:331",3397,1466
78263,813350115718911,1250,"MIPC:client_resolved:331",3397,1466
78264,813350115747661,1823,"MIPC:client_send:331",3397,1466
78269,813350116171724,3073,"MIPC:client_reply:331",3362,1466
78270,813350116396568,4583,"MIPC:client_resume:331",3397,1466
78271,813350116613547,3333,"MIPC:client_registered:332",3397,1466
78272,813350116622661,1250,"MIPC:client_entry:332",3397,1466
78273,813350116627922,1614,"MIPC:client_resolved:332",3397,1466
78274,813350116661880,2552,"MIPC:client_send:332",3397,1466
78279,813350117094432,3386,"MIPC:client_reply:332",3362,1466
78280,813350117231828,4219,"MIPC:client_resume:332",3397,1466
78281,813350117436984,4063,"MIPC:client_registered:333",3397,1466
78282,813350117461307,1511,"MIPC:client_entry:333",3397,1466
78283,813350117469432,1302,"MIPC:client_resolved:333",3397,1466
78284,813350117503026,1771,"MIPC:client_send:333",3397,1466
78289,813350117925891,2916,"MIPC:client_reply:333",3362,1466
78290,813350118054120,3073,"MIPC:client_resume:333",3397,1466
78291,813350118264693,3281,"MIPC:client_registered:334",3397,1466
78292,813350118274224,1198,"MIPC:client_entry:334",3397,1466
78293,813350118279693,1198,"MIPC:client_resolved:334",3397,1466
78294,813350118304328,1667,"MIPC:client_send:334",3397,1466
78299,813350118725422,2656,"MIPC:client_reply:334",3362,1466
78300,813350118850526,3385,"MIPC:client_resume:334",3397,1466
78301,813350119052349,4167,"MIPC:client_registered:335",3397,1466
78302,813350119066672,1666,"MIPC:client_entry:335",3397,1466
78303,813350119081828,1458,"MIPC:client_resolved:335",3397,1466
78304,813350119113182,1771,"MIPC:client_send:335",3397,1466
78309,813350119520682,3021,"MIPC:client_reply:335",3362,1466
78310,813350119648547,3437,"MIPC:client_resume:335",3397,1466
78311,813350119850838,2657,"MIPC:client_registered:336",3397,1466
78312,813350119859172,1302,"MIPC:client_entry:336",3397,1466
78313,813350119864588,1459,"MIPC:client_resolved:336",3397,1466
78314,813350119890526,1562,"MIPC:client_send:336",3397,1466
78319,813350120404849,3437,"MIPC:client_reply:336",3362,1466
78320,813350120530474,3594,"MIPC:client_resume:336",3397,1466
78321,813350120728286,3021,"MIPC:client_registered:337",3397,1466
78322,813350120737401,1302,"MIPC:client_entry:337",3397,1466
78323,813350120742713,1355,"MIPC:client_resolved:337",3397,1466
78324,813350120772661,1927,"MIPC:client_send:337",3397,1466
78329,813350121192922,3333,"MIPC:client_reply:337",3362,1466
78330,813350121341568,3698,"MIPC:client_resume:337",3397,1466
78331,813350121549172,3854,"MIPC:client_registered:338",3397,1466
78332,813350121558495,1198,"MIPC:client_entry:338",3397,1466
78333,813350121563651,1146,"MIPC:client_resolved:338",3397,1466
78334,813350121588182,1823,"MIPC:client_send:338",3397,1466
78339,813350122018599,1667,"MIPC:client_reply:338",3362,1466
78340,813350122172453,3698,"MIPC:client_resume:338",3397,1466
78341,813350122393234,3959,"MIPC:client_registered:339",3397,1466
78342,813350122406463,1355,"MIPC:client_entry:339",3397,1466
78343,813350122412766,1197,"MIPC:client_resolved:339",3397,1466
78344,813350122443807,1563,"MIPC:client_send:339",3397,1466
78349,813350122890161,2761,"MIPC:client_reply:339",3362,1466
78350,813350123038391,1770,"MIPC:client_resume:339",3397,1466
78351,813350123274432,3073,"MIPC:client_registered:340",3397,1466
78352,813350123283807,1302,"MIPC:client_entry:340",3397,1466
78353,813350123289484,1146,"MIPC:client_resolved:340",3397,1466
78354,813350123317401,1875,"MIPC:client_send:340",3397,1466
78359,813350123805786,2865,"MIPC:client_reply:340",3362,1466
78360,813350123933807,3542,"MIPC:client_resume:340",3397,1466
78361,813350124191932,3594,"MIPC:client_registered:341",3397,1466
78362,813350124202349,1250,"MIPC:client_entry:341",3397,1466
78363,813350124207713,1250,"MIPC:client_resolved:341",3397,1466
78364,813350124233703,1615,"MIPC:client_send:341",3397,1466
78369,813350124735109,3021,"MIPC:client_reply:341",3362,1466
78370,813350124863651,3333,"MIPC:client_resume:341",3397,1466
78371,813350125080630,3125,"MIPC:client_registered:342",3397,1466
78372,813350125092401,1354,"MIPC:client_entry:342",3397,1466
78373,813350125098182,1511,"MIPC:client_resolved:342",3397,1466
78374,813350125127401,1615,"MIPC:client_send:342",3397,1466
78379,813350125541672,3281,"MIPC:client_reply:342",3362,1466
78380,813350125669641,3958,"MIPC:client_resume:342",3397,1466
78381,813350125885526,3698,"MIPC:client_registered:343",3397,1466
78382,813350125895161,1250,"MIPC:client_entry:343",3397,1466
78383,813350125900370,1198,"MIPC:client_resolved:343",3397,1466
78384,813350125927193,2031,"MIPC:client_send:343",3397,1466
78389,813350126347713,3021,"MIPC:client_reply:343",3362,1466
78390,813350126476568,4114,"MIPC:client_resume:343",3397,1466
78391,813350126696463,4740,"MIPC:client_registered:344",3397,1466
78392,813350126709849,1302,"MIPC:client_entry:344",3397,1466
78393,813350126715526,1146,"MIPC:client_resolved:344",3397,1466
78394,813350126742505,1458,"MIPC:client_send:344",3397,1466
78399,813350127155578,3021,"MIPC:client_reply:344",3362,1466
78400,813350127283963,3907,"MIPC:client_resume:344",3397,1466
78401,813350127502141,3958,"MIPC:client_registered:345",3397,1466
78402,813350127512609,1198,"MIPC:client_entry:345",3397,1466
78403,813350127517661,1094,"MIPC:client_resolved:345",3397,1466
78404,813350127543234,1615,"MIPC:client_send:345",3397,1466
78409,813350128125213,2709,"MIPC:client_reply:345",3362,1466
78410,813350128252818,3750,"MIPC:client_resume:345",3397,1466
78411,813350128462766,2968,"MIPC:client_registered:346",3397,1466
78412,813350128472088,1823,"MIPC:client_entry:346",3397,1466
78413,813350128477922,1302,"MIPC:client_resolved:346",3397,1466
78414,813350128503547,1510,"MIPC:client_send:346",3397,1466
78419,813350128948963,2917,"MIPC:client_reply:346",3362,1466
78420,813350129072401,2969,"MIPC:client_resume:346",3397,1466
78421,813350129267922,2552,"MIPC:client_registered:347",3397,1466
78422,813350129276307,1146,"MIPC:client_entry:347",3397,1466
78423,813350129281724,2239,"MIPC:client_resolved:347",3397,1466
78424,813350129315526,1719,"MIPC:client_send:347",3397,1466
78429,813350129725422,3333,"MIPC:client_reply:347",3362,1466
78430,813350129852453,5208,"MIPC:client_resume:347",3397,1466
78431,813350130068391,2812,"MIPC:client_registered:348",3397,1466
78432,813350130079588,1355,"MIPC:client_entry:348",3397,1466
78433,813350130085682,1250,"MIPC:client_resolved:348",3397,1466
78434,813350130122088,1823,"MIPC:client_send:348",3397,1466
78439,813350130540786,3177,"MIPC:client_reply:348",3362,1466
78440,813350130669172,3854,"MIPC:client_resume:348",3397,1466
78441,813350130883443,3020,"MIPC:client_registered:349",3397,1466
78442,813350130893443,1770,"MIPC:client_entry:349",3397,1466
78443,813350130899120,1718,"MIPC:client_resolved:349",3397,1466
78444,813350130925786,2084,"MIPC:client_send:349",3397,1466
78449,813350131343182,2709,"MIPC:client_reply:349",3362,1466
78450,813350131531099,2917,"MIPC:client_resume:349",3397,1466
78451,813350131756776,3958,"MIPC:client_registered:350",3397,1466
78452,813350131767245,1198,"MIPC:client_entry:350",3397,1466
78453,813350131772609,1198,"MIPC:client_resolved:350",3397,1466
78454,813350131802766,2239,"MIPC:client_send:350",3397,1466
78459,813350132275891,2656,"MIPC:client_reply:350",3362,1466
78460,813350132463651,2865,"MIPC:client_resume:350",3397,1466
78461,813350132675838,3178,"MIPC:client_registered:351",3397,1466
78462,813350132685526,1302,"MIPC:client_entry:351",3397,1466
78463,813350132690891,1822,"MIPC:client_resolved:351",3397,1466
78464,813350132718495,2031,"MIPC:client_send:351",3397,1466
78469,813350133198651,2500,"MIPC:client_reply:351",3362,1466
78470,813350133327922,3594,"MIPC:client_resume:351",3397,1466
78473,813350133558911,3959,"MIPC:client_registered:352",3397,1466
78474,813350133572349,1302,"MIPC:client_entry:352",3397,1466
78475,813350133578651,1146,"MIPC:client_resolved:352",3397,1466
78476,813350133607141,2291,"MIPC:client_send:352",3397,1466
78489,813350134065995,3073,"MIPC:client_reply:352",3362,1466
78490,813350134231568,5416,"MIPC:client_resume:352",3397,1466
78491,813350134469328,3073,"MIPC:client_registered:353",3397,1466
78492,813350134478547,1250,"MIPC:client_entry:353",3397,1466
78493,813350134483703,1250,"MIPC:client_resolved:353",3397,1466
78494,813350134510526,1875,"MIPC:client_send:353",3397,1466
78499,813350134935943,3177,"MIPC:client_reply:353",3362,1466
78500,813350135064901,4375,"MIPC:client_resume:353",3397,1466
78501,813350135286568,4791,"MIPC:client_registered:354",3397,1466
78502,813350135302088,1563,"MIPC:client_entry:354",3397,1466
78503,813350135309016,3020,"MIPC:client_resolved:354",3397,1466
78504,813350135344536,2344,"MIPC:client_send:354",3397,1466
78509,813350135785734,3073,"MIPC:client_reply:354",3362,1466
78510,813350135912922,4323,"MIPC:client_resume:354",3397,1466
78511,813350136179588,4063,"MIPC:client_registered:355",3397,1466
78512,813350136192193,2031,"MIPC:client_entry:355",3397,1466
78513,813350136198911,1250,"MIPC:client_resolved:355",3397,1466
78514,813350136228078,2083,"MIPC:client_send:355",3397,1466
78519,813350136652297,3750,"MIPC:client_reply:355",3362,1466
78520,813350136784484,4584,"MIPC:client_resume:355",3397,1466
78521,813350137011724,4739,"MIPC:client_registered:356",3397,1466
78522,813350137025318,1302,"MIPC:client_entry:356",3397,1466
78523,813350137035630,1146,"MIPC:client_resolved:356",3397,1466
78524,813350137065526,1719,"MIPC:client_send:356",3397,1466
78529,813350137482974,2969,"MIPC:client_reply:356",3362,1466
78530,813350137613234,4219,"MIPC:client_resume:356",3397,1466
78531,813350137844588,3594,"MIPC:client_registered:357",3397,1466
78532,813350137856359,1302,"MIPC:client_entry:357",3397,1466
78533,813350137861932,1250,"MIPC:client_resolved:357",3397,1466
78534,813350137889849,1667,"MIPC:client_send:357",3397,1466
78539,813350138327036,2917,"MIPC:client_reply:357",3362,1466
78540,813350138454016,3958,"MIPC:client_resume:357",3397,1466
78541,813350138664432,4636,"MIPC:client_registered:358",3397,1466
78542,813350138679484,3125,"MIPC:client_entry:358",3397,1466
78543,813350138688078,1667,"MIPC:client_resolved:358",3397,1466
78544,813350138719224,1823,"MIPC:client_send:358",3397,1466
78549,813350139164641,2864,"MIPC:client_reply:358",3362,1466
78550,813350139294016,4687,"MIPC:client_resume:358",3397,1466
78551,813350139583130,3906,"MIPC:client_registered:359",3397,1466
78552,813350139595161,1250,"MIPC:client_entry:359",3397,1466
78553,813350139600995,1093,"MIPC:client_resolved:359",3397,1466
78554,813350139628182,1823,"MIPC:client_send:359",3397,1466
78559,813350140050474,3333,"MIPC:client_reply:359",3362,1466
78560,813350140212036,4167,"MIPC:client_resume:359",3397,1466
78561,813350140419953,4375,"MIPC:client_registered:360",3397,1466
78562,813350140430734,1927,"MIPC:client_entry:360",3397,1466
78563,813350140436880,1250,"MIPC:client_resolved:360",3397,1466
78564,813350140465057,2136,"MIPC:client_send:360",3397,1466
78569,813350140938911,3438,"MIPC:client_reply:360",3362,1466
78570,813350141074484,5313,"MIPC:client_resume:360",3397,1466
78573,813350141352713,3542,"MIPC:client_registered:361",3397,1466
78574,813350141362974,1354,"MIPC:client_entry:361",3397,1466
78575,813350141371307,1459,"MIPC:client_resolved:361",3397,1466
78576,813350141401568,2656,"MIPC:client_send:361",3397,1466
78589,813350141898651,3073,"MIPC:client_reply:361",3362,1466
78592,813350142069484,3125,"MIPC:client_resume:361",3397,1466
78593,813350142312245,4271,"MIPC:client_registered:362",3397,1466
78594,813350142325422,1302,"MIPC:client_entry:362",3397,1466
78595,813350142331359,1615,"MIPC:client_resolved:362",3397,1466
78596,813350142362505,1927,"MIPC:client_send:362",3397,1466
78605,813350142887453,3698,"MIPC:client_reply:362",3362,1466
78606,813350143030995,5000,"MIPC:client_resume:362",3397,1466
78607,813350143255213,4167,"MIPC:client_registered:363",3397,1466
78608,813350143278963,1667,"MIPC:client_entry:363",3397,1466
78609,813350143286776,1302,"MIPC:client_resolved:363",3397,1466
78610,813350143322349,2083,"MIPC:client_send:363",3397,1466
78615,813350143822245,3646,"MIPC:client_reply:363",3362,1466
78616,813350143959641,3750,"MIPC:client_resume:363",3397,1466
78617,813350144218026,4010,"MIPC:client_registered:364",3397,1466
78618,813350144230422,1198,"MIPC:client_entry:364",3397,1466
78619,813350144236880,1823,"MIPC:client_resolved:364",3397,1466
78620,813350144268495,2343,"MIPC:client_send:364",3397,1466
78625,813350144766568,3177,"MIPC:client_reply:364",3362,1466
78626,813350144900474,4739,"MIPC:client_resume:364",3397,1466
78627,813350145130213,4115,"MIPC:client_registered:365",3397,1466
78628,813350145142766,2500,"MIPC:client_entry:365",3397,1466
78629,813350145159016,1197,"MIPC:client_resolved:365",3397,1466
78630,813350145189484,1927,"MIPC:client_send:365",3397,1466
78635,813350145641307,3438,"MIPC:client_reply:365",3362,1466
78636,813350145777141,5416,"MIPC:client_resume:365",3397,1466
78637,813350146005786,3490,"MIPC:client_registered:366",3397,1466
78638,813350146017609,1823,"MIPC:client_entry:366",3397,1466
78639,813350146023651,1823,"MIPC:client_resolved:366",3397,1466
78640,813350146054276,2240,"MIPC:client_send:366",3397,1466
78645,813350146506880,3281,"MIPC:client_reply:366",3362,1466
78646,813350146642609,3698,"MIPC:client_resume:366",3397,1466
78647,813350146852036,3125,"MIPC:client_registered:367",3397,1466
78648,813350146862088,1250,"MIPC:client_entry:367",3397,1466
78649,813350146867401,1198,"MIPC:client_resolved:367",3397,1466
78650,813350146905682,1823,"MIPC:client_send:367",3397,1466
78655,813350147407036,3594,"MIPC:client_reply:367",3362,1466
78656,813350147553130,3906,"MIPC:client_resume:367",3397,1466
78657,813350147763859,3959,"MIPC:client_registered:368",3397,1466
78658,813350147774901,1250,"MIPC:client_entry:368",3397,1466
78659,813350147779953,1250,"MIPC:client_resolved:368",3397,1466
78660,813350147807401,2031,"MIPC:client_send:368",3397,1466
78665,813350148281984,3282,"MIPC:client_reply:368",3362,1466
78666,813350148410422,4791,"MIPC:client_resume:368",3397,1466
78667,813350148627766,3645,"MIPC:client_registered:369",3397,1466
78668,813350148637870,1302,"MIPC:client_entry:369",3397,1466
78669,813350148643495,1250,"MIPC:client_resolved:369",3397,1466
78670,813350148674901,2812,"MIPC:client_send:369",3397,1466
78675,813350149121516,3333,"MIPC:client_reply:369",3362,1466
78676,813350149259120,4010,"MIPC:client_resume:369",3397,1466
78677,813350149481359,2969,"MIPC:client_registered:370",3397,1466
78678,813350149491776,2187,"MIPC:client_entry:370",3397,1466
78679,813350149499224,1302,"MIPC:client_resolved:370",3397,1466
78680,813350149538755,2552,"MIPC:client_send:370",3397,1466
78685,813350149954120,4427,"MIPC:client_reply:370",3362,1466
78686,813350150086828,3906,"MIPC:client_resume:370",3397,1466
78687,813350150315057,4167,"MIPC:client_registered:371",3397,1466
78688,813350150328338,1459,"MIPC:client_entry:371",3397,1466
78689,813350150334276,1146,"MIPC:client_resolved:371",3397,1466
78690,813350150363807,2604,"MIPC:client_send:371",3397,1466
78695,813350150784901,3854,"MIPC:client_reply:371",3362,1466
78696,813350150909797,3906,"MIPC:client_resume:371",3397,1466
78697,813350151149588,4584,"MIPC:client_registered:372",3397,1466
78698,813350151164016,1197,"MIPC:client_entry:372",3397,1466
78699,813350151169901,1146,"MIPC:client_resolved:372",3397,1466
78700,813350151197297,1666,"MIPC:client_send:372",3397,1466
78705,813350151619641,3541,"MIPC:client_reply:372",3362,1466
78706,813350151750630,3646,"MIPC:client_resume:372",3397,1466
78707,813350151970891,3333,"MIPC:client_registered:373",3397,1466
78708,813350151987818,1718,"MIPC:client_entry:373",3397,1466
78709,813350151995370,1354,"MIPC:client_resolved:373",3397,1466
78710,813350152023963,1771,"MIPC:client_send:373",3397,1466
78715,813350152461620,3906,"MIPC:client_reply:373",3362,1466
78716,813350152589536,4271,"MIPC:client_resume:373",3397,1466
78717,813350152830370,4531,"MIPC:client_registered:374",3397,1466
78718,813350152842245,1354,"MIPC:client_entry:374",3397,1466
78719,813350152849328,1354,"MIPC:client_resolved:374",3397,1466
78720,813350152877870,1718,"MIPC:client_send:374",3397,1466
78725,813350153293651,4062,"MIPC:client_reply:374",3362,1466
78726,813350153426880,3802,"MIPC:client_resume:374",3397,1466
78727,813350153643443,3645,"MIPC:client_registered:375",3397,1466
78728,813350153654641,1250,"MIPC:client_entry:375",3397,1466
78729,813350153660526,1250,"MIPC:client_resolved:375",3397,1466
78730,813350153689120,2291,"MIPC:client_send:375",3397,1466
78735,813350154100213,4480,"MIPC:client_reply:375",3362,1466
78736,813350154228495,4739,"MIPC:client_resume:375",3397,1466
78737,813350154463755,3802,"MIPC:client_registered:376",3397,1466
78738,813350154476828,1250,"MIPC:client_entry:376",3397,1466
78739,813350154482818,1666,"MIPC:client_resolved:376",3397,1466
78740,813350154511568,1979,"MIPC:client_send:376",3397,1466
78745,813350154948911,3907,"MIPC:client_reply:376",3362,1466
78746,813350155089172,3854,"MIPC:client_resume:376",3397,1466
78747,813350155312661,5105,"MIPC:client_registered:377",3397,1466
78748,813350155326880,1563,"MIPC:client_entry:377",3397,1466
78749,813350155332557,1302,"MIPC:client_resolved:377",3397,1466
78750,813350155359849,1875,"MIPC:client_send:377",3397,1466
78755,813350155915682,5052,"MIPC:client_reply:377",3362,1466
78756,813350156078495,4531,"MIPC:client_resume:377",3397,1466
78757,813350156414120,5416,"MIPC:client_registered:378",3397,1466
78758,813350156429328,1667,"MIPC:client_entry:378",3397,1466
78759,813350156436932,1719,"MIPC:client_resolved:378",3397,1466
78760,813350156476099,2187,"MIPC:client_send:378",3397,1466
78765,813350157043963,4896,"MIPC:client_reply:378",3362,1466
78766,813350157218130,4688,"MIPC:client_resume:378",3397,1466
78767,813350157664901,4948,"MIPC:client_registered:379",3397,1466
78768,813350157677193,1927,"MIPC:client_entry:379",3397,1466
78769,813350157683338,1875,"MIPC:client_resolved:379",3397,1466
78770,813350157715891,1875,"MIPC:client_send:379",3397,1466
78775,813350158298391,4791,"MIPC:client_reply:379",3362,1466
78776,813350158478338,4792,"MIPC:client_resume:379",3397,1466
78777,813350158804016,4531,"MIPC:client_registered:380",3397,1466
78778,813350158816828,1719,"MIPC:client_entry:380",3397,1466
78779,813350158824172,1458,"MIPC:client_resolved:380",3397,1466
78780,813350158858078,1875,"MIPC:client_send:380",3397,1466
78785,813350159410422,4427,"MIPC:client_reply:380",3362,1466
78786,813350159578130,4375,"MIPC:client_resume:380",3397,1466
78787,813350159870422,3646,"MIPC:client_registered:381",3397,1466
78788,813350159882818,1562,"MIPC:client_entry:381",3397,1466
78789,813350159889953,1458,"MIPC:client_resolved:381",3397,1466
78790,813350159922245,2343,"MIPC:client_send:381",3397,1466
78795,813350160481568,4739,"MIPC:client_reply:381",3362,1466
78796,813350160651359,4792,"MIPC:client_resume:381",3397,1466
78797,813350160972661,4219,"MIPC:client_registered:382",3397,1466
78798,813350160985786,1615,"MIPC:client_entry:382",3397,1466
78799,813350160993234,2136,"MIPC:client_resolved:382",3397,1466
78800,813350161037036,2448,"MIPC:client_send:382",3397,1466
78805,813350161542297,4739,"MIPC:client_reply:382",3362,1466
78806,813350161711932,4948,"MIPC:client_resume:382",3397,1466
78807,813350161997974,4583,"MIPC:client_registered:383",3397,1466
78808,813350162010943,2448,"MIPC:client_entry:383",3397,1466
78809,813350162023495,2343,"MIPC:client_resolved:383",3397,1466
78810,813350162065734,3021,"MIPC:client_send:383",3397,1466
78815,813350162577922,4635,"MIPC:client_reply:383",3362,1466
78816,813350162748078,6042,"MIPC:client_resume:383",3397,1466
78817,813350163027141,5833,"MIPC:client_registered:384",3397,1466
78818,813350163053495,1875,"MIPC:client_entry:384",3397,1466
78819,813350163062713,1563,"MIPC:client_resolved:384",3397,1466
78820,813350163099536,2136,"MIPC:client_send:384",3397,1466
78825,813350163694641,6927,"MIPC:client_reply:384",3362,1466
78826,813350163896307,4115,"MIPC:client_resume:384",3397,1466
78827,813350164290786,5417,"MIPC:client_registered:385",3397,1466
78828,813350164306255,1875,"MIPC:client_entry:385",3397,1466
78829,813350164313859,1771,"MIPC:client_resolved:385",3397,1466
78830,813350164349484,2552,"MIPC:client_send:385",3397,1466
78835,813350164919016,5625,"MIPC:client_reply:385",3362,1466
78836,813350165102036,6094,"MIPC:client_resume:385",3397,1466
78837,813350165413703,6354,"MIPC:client_registered:386",3397,1466
78838,813350165432713,1823,"MIPC:client_entry:386",3397,1466
78839,813350165451932,1667,"MIPC:client_resolved:386",3397,1466
78840,813350165496099,2239,"MIPC:client_send:386",3397,1466
78845,813350166054641,6354,"MIPC:client_reply:386",3362,1466
78848,813350166235630,4011,"MIPC:client_resume:386",3397,1466
78851,813350166529693,4948,"MIPC:client_registered:387",3397,1466
78854,813350166546620,1875,"MIPC:client_entry:387",3397,1466
78855,813350166554849,1719,"MIPC:client_resolved:387",3397,1466
78856,813350166591203,1771,"MIPC:client_send:387",3397,1466
78861,813350167206255,5208,"MIPC:client_reply:387",3362,1466
78862,813350167398338,4948,"MIPC:client_resume:387",3397,1466
78863,813350167696516,6302,"MIPC:client_registered:388",3397,1466
78864,813350167715578,2083,"MIPC:client_entry:388",3397,1466
78865,813350167724224,1614,"MIPC:client_resolved:388",3397,1466
78866,813350167775630,2083,"MIPC:client_send:388",3397,1466
78872,813350168405005,5261,"MIPC:client_reply:388",3362,1466
78874,813350168589536,5157,"MIPC:client_resume:388",3397,1466
78875,813350168826568,5000,"MIPC:client_registered:389",3397,1466
78876,813350168842036,1771,"MIPC:client_entry:389",3397,1466
78877,813350168848651,1406,"MIPC:client_resolved:389",3397,1466
78878,813350168877922,1719,"MIPC:client_send:389",3397,1466
78883,813350169336880,2500,"MIPC:client_reply:389",3362,1466
78884,813350169470682,3959,"MIPC:client_resume:389",3397,1466
78885,813350169718911,2032,"MIPC:client_registered:390",3397,1466
78886,813350169728338,1355,"MIPC:client_entry:390",3397,1466
78887,813350169733703,1354,"MIPC:client_resolved:390",3397,1466
78888,813350169764953,1823,"MIPC:client_send:390",3397,1466
78893,813350170210526,4427,"MIPC:client_reply:390",3362,1466
78894,813350170358755,3229,"MIPC:client_resume:390",3397,1466
78895,813350170598443,3854,"MIPC:client_registered:391",3397,1466
78896,813350170610995,1614,"MIPC:client_entry:391",3397,1466
78897,813350170617453,1510,"MIPC:client_resolved:391",3397,1466
78898,813350170647245,2031,"MIPC:client_send:391",3397,1466
78903,813350171090318,4270,"MIPC:client_reply:391",3362,1466
78904,813350171231776,4583,"MIPC:client_resume:391",3397,1466
78905,813350171481047,4635,"MIPC:client_registered:392",3397,1466
78906,813350171492818,3385,"MIPC:client_entry:392",3397,1466
78907,813350171504745,1406,"MIPC:client_resolved:392",3397,1466
78908,813350171536151,1562,"MIPC:client_send:392",3397,1466
78913,813350172045318,5000,"MIPC:client_reply:392",3362,1466
78914,813350172257713,4480,"MIPC:client_resume:392",3397,1466
78915,813350172537609,4271,"MIPC:client_registered:393",3397,1466
78916,813350172552141,1510,"MIPC:client_entry:393",3397,1466
78917,813350172560161,1667,"MIPC:client_resolved:393",3397,1466
78918,813350172592349,2083,"MIPC:client_send:393",3397,1466
78923,813350173090474,5521,"MIPC:client_reply:393",3362,1466
78924,813350173247557,3854,"MIPC:client_resume:393",3397,1466
78925,813350173501359,5157,"MIPC:client_registered:394",3397,1466
78926,813350173514901,1510,"MIPC:client_entry:394",3397,1466
78927,813350173521984,1875,"MIPC:client_resolved:394",3397,1466
78928,813350173551099,2083,"MIPC:client_send:394",3397,1466
78933,813350174030630,4740,"MIPC:client_reply:394",3362,1466
78934,813350174182557,4688,"MIPC:client_resume:394",3397,1466
78935,813350174444484,3282,"MIPC:client_registered:395",3397,1466
78936,813350174455213,1511,"MIPC:client_entry:395",3397,1466
78937,813350174461568,2031,"MIPC:client_resolved:395",3397,1466
78938,813350174499536,2084,"MIPC:client_send:395",3397,1466
78943,813350174954536,5886,"MIPC:client_reply:395",3362,1466
78944,813350175107036,4011,"MIPC:client_resume:395",3397,1466
78945,813350175357713,4792,"MIPC:client_registered:396",3397,1466
78946,813350175369693,1458,"MIPC:client_entry:396",3397,1466
78947,813350175375734,1407,"MIPC:client_resolved:396",3397,1466
78948,813350175404901,1875,"MIPC:client_send:396",3397,1466
78953,813350175853078,4479,"MIPC:client_reply:396",3362,1466
78956,813350176072141,4739,"MIPC:client_resume:396",3397,1466
78957,813350176407766,4843,"MIPC:client_registered:397",3397,1466
78958,813350176421047,1614,"MIPC:client_entry:397",3397,1466
78959,813350176427870,1458,"MIPC:client_resolved:397",3397,1466
78960,813350176463963,1875,"MIPC:client_send:397",3397,1466
78969,813350177024693,4583,"MIPC:client_reply:397",3362,1466
78970,813350177173078,4115,"MIPC:client_resume:397",3397,1466
78971,813350177433547,4948,"MIPC:client_registered:398",3397,1466
78972,813350177446203,2031,"MIPC:client_entry:398",3397,1466
78973,813350177453286,2032,"MIPC:client_resolved:398",3397,1466
78974,813350177485891,2291,"MIPC:client_send:398",3397,1466
78979,813350177966047,4219,"MIPC:client_reply:398",3362,1466
78980,813350178123130,2344,"MIPC:client_resume:398",3397,1466
78981,813350178386620,4896,"MIPC:client_registered:399",3397,1466
78982,813350178402713,1563,"MIPC:client_entry:399",3397,1466
78983,813350178409536,1355,"MIPC:client_resolved:399",3397,1466
78984,813350178442661,1823,"MIPC:client_send:399",3397,1466
78989,813350178899641,3906,"MIPC:client_reply:399",3362,1466
78990,813350179055370,4323,"MIPC:client_resume:399",3397,1466
78991,813350179306516,4947,"MIPC:client_registered:400",3397,1466
78992,813350179323234,1563,"MIPC:client_entry:400",3397,1466
78993,813350179330630,1406,"MIPC:client_resolved:400",3397,1466
78994,813350179365318,2135,"MIPC:client_send:400",3397,1466
78999,813350179987922,5364,"MIPC:client_reply:400",3362,1466
79000,813350180176047,5416,"MIPC:client_resume:400",3397,1466
79001,813350180521359,5104,"MIPC:client_registered:401",3397,1466
79002,813350180537713,1980,"MIPC:client_entry:401",3397,1466
79003,813350180546307,1823,"MIPC:client_resolved:401",3397,1466
79004,813350180587505,2292,"MIPC:client_send:401",3397,1466
79009,813350181168234,5625,"MIPC:client_reply:401",3362,1466
79010,813350181356255,6042,"MIPC:client_resume:401",3397,1466
79011,813350181665370,3593,"MIPC:client_registered:402",3397,1466
79012,813350181677349,1667,"MIPC:client_entry:402",3397,1466
79013,813350181685213,1667,"MIPC:client_resolved:402",3397,1466
79014,813350181721516,3750,"MIPC:client_send:402",3397,1466
79019,813350182345682,4896,"MIPC:client_reply:402",3362,1466
79020,813350182535474,5625,"MIPC:client_resume:402",3397,1466
79021,813350182858026,5469,"MIPC:client_registered:403",3397,1466
79022,813350182883859,2761,"MIPC:client_entry:403",3397,1466
79023,813350182893599,2239,"MIPC:client_resolved:403",3397,1466
79024,813350182932141,2395,"MIPC:client_send:403",3397,1466
79029,813350183495318,5156,"MIPC:client_reply:403",3362,1466
79030,813350183682245,6093,"MIPC:client_resume:403",3397,1466
79031,813350184011932,5469,"MIPC:client_registered:404",3397,1466
79032,813350184027870,1927,"MIPC:client_entry:404",3397,1466
79033,813350184035891,1770,"MIPC:client_resolved:404",3397,1466
79034,813350184072349,2708,"MIPC:client_send:404",3397,1466
79039,813350184712609,6354,"MIPC:client_reply:404",3362,1466
79040,813350184900109,4792,"MIPC:client_resume:404",3397,1466
79041,813350185234953,6094,"MIPC:client_registered:405",3397,1466
79042,813350185252245,1979,"MIPC:client_entry:405",3397,1466
79043,813350185274276,2500,"MIPC:client_resolved:405",3397,1466
79044,813350185315005,2500,"MIPC:client_send:405",3397,1466
79049,813350185893807,6667,"MIPC:client_reply:405",3362,1466
79050,813350186080891,4375,"MIPC:client_resume:405",3397,1466
79051,813350186414016,4583,"MIPC:client_registered:406",3397,1466
79052,813350186427505,2708,"MIPC:client_entry:406",3397,1466
79053,813350186436620,2083,"MIPC:client_resolved:406",3397,1466
79054,813350186473807,2656,"MIPC:client_send:406",3397,1466
79061,813350187109016,5000,"MIPC:client_reply:406",3362,1466
79064,813350187402557,4323,"MIPC:client_resume:406",3397,1466
79065,813350187747713,3282,"MIPC:client_registered:407",3397,1466
79066,813350187760995,2135,"MIPC:client_entry:407",3397,1466
79067,813350187769484,2240,"MIPC:client_resolved:407",3397,1466
79068,813350187826516,2604,"MIPC:client_send:407",3397,1466
79075,813350188543911,5677,"MIPC:client_reply:407",3362,1466
79077,813350188779588,3855,"MIPC:client_resume:407",3397,1466
79079,813350189090213,5261,"MIPC:client_registered:408",3397,1466
79080,813350189104745,1666,"MIPC:client_entry:408",3397,1466
79081,813350189111984,1667,"MIPC:client_resolved:408",3397,1466
79083,813350189148026,2031,"MIPC:client_send:408",3397,1466
79089,813350189770057,4427,"MIPC:client_reply:408",3362,1466
79090,813350190024849,7396,"MIPC:client_resume:408",3397,1466
79092,813350190371411,6719,"MIPC:client_registered:409",3397,1466
79093,813350190393182,2240,"MIPC:client_entry:409",3397,1466
79094,813350190402609,1979,"MIPC:client_resolved:409",3397,1466
79095,813350190447088,3021,"MIPC:client_send:409",3397,1466
79101,813350191077505,5000,"MIPC:client_reply:409",3362,1466
79104,813350191334536,5521,"MIPC:client_resume:409",3397,1466
79105,813350191657088,5365,"MIPC:client_registered:410",3397,1466
79106,813350191672557,2188,"MIPC:client_entry:410",3397,1466
79107,813350191680734,2084,"MIPC:client_resolved:410",3397,1466
79108,813350191722766,2760,"MIPC:client_send:410",3397,1466
79115,813350192342505,4896,"MIPC:client_reply:410",3362,1466
79118,813350192550109,5209,"MIPC:client_resume:410",3397,1466
79120,813350192870474,4739,"MIPC:client_registered:411",3397,1466
79121,813350192885005,2292,"MIPC:client_entry:411",3397,1466
79122,813350192893859,2344,"MIPC:client_resolved:411",3397,1466
79123,813350192931984,2136,"MIPC:client_send:411",3397,1466
79132,813350193501984,4115,"MIPC:client_reply:411",3362,1466
79133,813350193725005,5208,"MIPC:client_resume:411",3397,1466
79136,813350194086984,4792,"MIPC:client_registered:412",3397,1466
79138,813350194102193,2500,"MIPC:client_entry:412",3397,1466
79139,813350194111516,1822,"MIPC:client_resolved:412",3397,1466
79140,813350194149536,2032,"MIPC:client_send:412",3397,1466
79146,813350194722193,4895,"MIPC:client_reply:412",3362,1466
79147,813350194929693,4375,"MIPC:client_resume:412",3397,1466
79150,813350195230109,4532,"MIPC:client_registered:413",3397,1466
79151,813350195244901,1927,"MIPC:client_entry:413",3397,1466
79152,813350195252557,1771,"MIPC:client_resolved:413",3397,1466
79153,813350195292401,2187,"MIPC:client_send:413",3397,1466
79158,813350195962609,5052,"MIPC:client_reply:413",3362,1466
79159,813350196222193,3645,"MIPC:client_resume:413",3397,1466
79161,813350196562818,4687,"MIPC:client_registered:414",3397,1466
79162,813350196578495,1979,"MIPC:client_entry:414",3397,1466
79163,813350196587036,1823,"MIPC:client_resolved:414",3397,1466
79165,813350196623651,2135,"MIPC:client_send:414",3397,1466
79170,813350197202870,4479,"MIPC:client_reply:414",3362,1466
79171,813350197431984,6407,"MIPC:client_resume:414",3397,1466
79172,813350197745995,3541,"MIPC:client_registered:415",3397,1466
79173,813350197758547,2291,"MIPC:client_entry:415",3397,1466
79174,813350197767505,2448,"MIPC:client_resolved:415",3397,1466
79175,813350197808547,2760,"MIPC:client_send:415",3397,1466
79180,813350198431463,3750,"MIPC:client_reply:415",3362,1466
79181,813350198673755,8386,"MIPC:client_resume:415",3397,1466
79182,813350199029328,6667,"MIPC:client_registered:416",3397,1466
79183,813350199047766,2500,"MIPC:client_entry:416",3397,1466
79184,813350199057870,2291,"MIPC:client_resolved:416",3397,1466
79185,813350199102766,3177,"MIPC:client_send:416",3397,1466
79190,813350199699380,4583,"MIPC:client_reply:416",3362,1466
79191,813350199943391,6770,"MIPC:client_resume:416",3397,1466
79192,813350200333286,7188,"MIPC:client_registered:417",3397,1466
79193,813350200353130,2344,"MIPC:client_entry:417",3397,1466
79194,813350200363495,2343,"MIPC:client_resolved:417",3397,1466
79195,813350200407401,3698,"MIPC:client_send:417",3397,1466
79200,813350200979536,5730,"MIPC:client_reply:417",3362,1466
79201,813350201176516,3750,"MIPC:client_resume:417",3397,1466
79202,813350201507349,5104,"MIPC:client_registered:418",3397,1466
79203,813350201523130,1927,"MIPC:client_entry:418",3397,1466
79204,813350201531411,1719,"MIPC:client_resolved:418",3397,1466
79205,813350201569068,2708,"MIPC:client_send:418",3397,1466
79210,813350202090630,4792,"MIPC:client_reply:418",3362,1466
79211,813350202299224,6771,"MIPC:client_resume:418",3397,1466
79212,813350202610578,6719,"MIPC:client_registered:419",3397,1466
79213,813350202628338,2240,"MIPC:client_entry:419",3397,1466
79214,813350202636568,2187,"MIPC:client_resolved:419",3397,1466
79215,813350202672036,2761,"MIPC:client_send:419",3397,1466
79242,813350203381932,4636,"MIPC:client_reply:419",3362,1466
79245,813350203571672,5625,"MIPC:client_resume:419",3397,1466
79246,813350203882922,3125,"MIPC:client_registered:420",3397,1466
79247,813350203895734,2188,"MIPC:client_entry:420",3397,1466
79248,813350203904745,2031,"MIPC:client_resolved:420",3397,1466
79249,813350203947766,3072,"MIPC:client_send:420",3397,1466
79254,813350204527713,4063,"MIPC:client_reply:420",3362,1466
79255,813350204730213,5886,"MIPC:client_resume:420",3397,1466
79256,813350205019276,5729,"MIPC:client_registered:421",3397,1466
79257,813350205036672,2135,"MIPC:client_entry:421",3397,1466
79258,813350205046151,2448,"MIPC:client_resolved:421",3397,1466
79259,813350205081568,2552,"MIPC:client_send:421",3397,1466
79264,813350205568703,5365,"MIPC:client_reply:421",3362,1466
79265,813350205748807,3386,"MIPC:client_resume:421",3397,1466
79266,813350206031984,3594,"MIPC:client_registered:422",3397,1466
79267,813350206045578,1823,"MIPC:client_entry:422",3397,1466
79268,813350206052713,2240,"MIPC:client_resolved:422",3397,1466
79269,813350206090734,2240,"MIPC:client_send:422",3397,1466
79275,813350206566307,4219,"MIPC:client_reply:422",3362,1466
79286,813350206746463,3542,"MIPC:client_resume:422",3397,1466
79300,813350207009901,3646,"MIPC:client_registered:423",3397,1466
79301,813350207021307,1875,"MIPC:client_entry:423",3397,1466
79302,813350207028651,1667,"MIPC:client_resolved:423",3397,1466
79303,813350207060786,2084,"MIPC:client_send:423",3397,1466
79314,813350207530109,4219,"MIPC:client_reply:423",3362,1466
79315,813350207734172,5469,"MIPC:client_resume:423",3397,1466
79316,813350208038078,5833,"MIPC:client_registered:424",3397,1466
79317,813350208067609,2761,"MIPC:client_entry:424",3397,1466
79318,813350208077974,2187,"MIPC:client_resolved:424",3397,1466
79319,813350208155734,4479,"MIPC:client_send:424",3397,1466
79324,813350208692661,5157,"MIPC:client_reply:424",3362,1466
79325,813350208906568,6875,"MIPC:client_resume:424",3397,1466
79326,813350209184901,7500,"MIPC:client_registered:425",3397,1466
79327,813350209208651,2240,"MIPC:client_entry:425",3397,1466
79328,813350209219120,2083,"MIPC:client_resolved:425",3397,1466
79329,813350209263651,7552,"MIPC:client_send:425",3397,1466
79334,813350209795474,5104,"MIPC:client_reply:425",3362,1466
79335,813350210014068,6458,"MIPC:client_resume:425",3397,1466
79336,813350210296099,5989,"MIPC:client_registered:426",3397,1466
79337,813350210313338,2761,"MIPC:client_entry:426",3397,1466
79338,813350210337141,2812,"MIPC:client_resolved:426",3397,1466
79339,813350210387557,3594,"MIPC:client_send:426",3397,1466
79344,813350210904276,4479,"MIPC:client_reply:426",3362,1466
79345,813350211100682,5000,"MIPC:client_resume:426",3397,1466
79346,813350211395109,4948,"MIPC:client_registered:427",3397,1466
79347,813350211408495,1771,"MIPC:client_entry:427",3397,1466
79348,813350211415891,1666,"MIPC:client_resolved:427",3397,1466
79349,813350211449641,1927,"MIPC:client_send:427",3397,1466
79354,813350212034849,4792,"MIPC:client_reply:427",3362,1466
79355,813350212312036,5990,"MIPC:client_resume:427",3397,1466
79356,813350212631463,7344,"MIPC:client_registered:428",3397,1466
79357,813350212649745,2187,"MIPC:client_entry:428",3397,1466
79358,813350212658651,2031,"MIPC:client_resolved:428",3397,1466
79359,813350212723026,2604,"MIPC:client_send:428",3397,1466
79364,813350213302297,4114,"MIPC:client_reply:428",3362,1466
79366,813350213526203,6198,"MIPC:client_resume:428",3397,1466
79367,813350213819276,6771,"MIPC:client_registered:429",3397,1466
79368,813350213842297,2500,"MIPC:client_entry:429",3397,1466
79369,813350213853651,2031,"MIPC:client_resolved:429",3397,1466
79370,813350213894328,3125,"MIPC:client_send:429",3397,1466
79375,813350214437922,5521,"MIPC:client_reply:429",3362,1466
79376,813350214642870,5937,"MIPC:client_resume:429",3397,1466
79377,813350214946099,5260,"MIPC:client_registered:430",3397,1466
79378,813350214960422,1927,"MIPC:client_entry:430",3397,1466
79379,813350214967870,3385,"MIPC:client_resolved:430",3397,1466
79380,813350215010266,3072,"MIPC:client_send:430",3397,1466
79385,813350215575630,5365,"MIPC:client_reply:430",3362,1466
79386,813350215807297,5989,"MIPC:client_resume:430",3397,1466
79387,813350216157349,6667,"MIPC:client_registered:431",3397,1466
79388,813350216174328,2240,"MIPC:client_entry:431",3397,1466
79389,813350216183234,2136,"MIPC:client_resolved:431",3397,1466
79390,813350216225578,3125,"MIPC:client_send:431",3397,1466
79395,813350216768859,4636,"MIPC:client_reply:431",3362,1466
79396,813350216962713,4167,"MIPC:client_resume:431",3397,1466
79397,813350217261620,5781,"MIPC:client_registered:432",3397,1466
79398,813350217276932,1823,"MIPC:client_entry:432",3397,1466
79399,813350217284536,1927,"MIPC:client_resolved:432",3397,1466
79400,813350217324328,2813,"MIPC:client_send:432",3397,1466
79405,813350217874172,4583,"MIPC:client_reply:432",3362,1466
79406,813350218083391,7291,"MIPC:client_resume:432",3397,1466
79407,813350218412088,5053,"MIPC:client_registered:433",3397,1466
79408,813350218427349,2239,"MIPC:client_entry:433",3397,1466
79409,813350218437453,2135,"MIPC:client_resolved:433",3397,1466
79410,813350218536776,2969,"MIPC:client_send:433",3397,1466
79415,813350219075838,5938,"MIPC:client_reply:433",3362,1466
79416,813350219309016,5937,"MIPC:client_resume:433",3397,1466
79417,813350219686203,5938,"MIPC:client_registered:434",3397,1466
79418,813350219705109,2188,"MIPC:client_entry:434",3397,1466
79419,813350219713026,2031,"MIPC:client_resolved:434",3397,1466
79420,813350219748547,2916,"MIPC:client_send:434",3397,1466
79426,813350220335734,4167,"MIPC:client_reply:434",3362,1466
79428,813350220553547,4427,"MIPC:client_resume:434",3397,1466
79431,813350220828703,5208,"MIPC:client_registered:435",3397,1466
79432,813350220846411,1875,"MIPC:client_entry:435",3397,1466
79433,813350220853963,1823,"MIPC:client_resolved:435",3397,1466
79434,813350220888234,2240,"MIPC:client_send:435",3397,1466
79443,813350221401203,5625,"MIPC:client_reply:435",3362,1466
79444,813350221621776,7031,"MIPC:client_resume:435",3397,1466
79445,813350221928911,4532,"MIPC:client_registered:436",3397,1466
79446,813350221944484,2188,"MIPC:client_entry:436",3397,1466
79447,813350221952922,1927,"MIPC:client_resolved:436",3397,1466
79448,813350221991255,3802,"MIPC:client_send:436",3397,1466
79453,813350222502922,4896,"MIPC:client_reply:436",3362,1466
79454,813350222707297,5156,"MIPC:client_resume:436",3397,1466
79455,813350223026932,3698,"MIPC:client_registered:437",3397,1466
79456,813350223039588,2761,"MIPC:client_entry:437",3397,1466
79457,813350223048755,1979,"MIPC:client_resolved:437",3397,1466
79458,813350223086047,3281,"MIPC:client_send:437",3397,1466
79463,813350223615005,3958,"MIPC:client_reply:437",3362,1466
79464,813350223800891,4322,"MIPC:client_resume:437",3397,1466
79465,813350224077661,5469,"MIPC:client_registered:438",3397,1466
79466,813350224137922,2864,"MIPC:client_entry:438",3397,1466
79467,813350224149380,2396,"MIPC:client_resolved:438",3397,1466
79468,813350224196411,2865,"MIPC:client_send:438",3397,1466
79473,813350224707036,4011,"MIPC:client_reply:438",3362,1466
79474,813350224914120,6510,"MIPC:client_resume:438",3397,1466
79475,813350225215891,5104,"MIPC:client_registered:439",3397,1466
79476,813350225230474,2239,"MIPC:client_entry:439",3397,1466
79477,813350225241099,2083,"MIPC:client_resolved:439",3397,1466
79478,813350225283859,3542,"MIPC:client_send:439",3397,1466
79483,813350225793859,4792,"MIPC:client_reply:439",3362,1466
79484,813350225978963,4480,"MIPC:client_resume:439",3397,1466
79485,813350226263495,4739,"MIPC:client_registered:440",3397,1466
79486,813350226276516,1510,"MIPC:client_entry:440",3397,1466
79487,813350226283859,1250,"MIPC:client_resolved:440",3397,1466
79488,813350226320578,1979,"MIPC:client_send:440",3397,1466
79493,813350226821620,3906,"MIPC:client_reply:440",3362,1466
79494,813350227050266,7447,"MIPC:client_resume:440",3397,1466
79499,813350227365943,5052,"MIPC:client_registered:441",3397,1466
79500,813350227383286,2188,"MIPC:client_entry:441",3397,1466
79501,813350227391463,2500,"MIPC:client_resolved:441",3397,1466
79502,813350227428443,2864,"MIPC:client_send:441",3397,1466
79512,813350227920474,4583,"MIPC:client_reply:441",3362,1466
79515,813350228172297,4479,"MIPC:client_resume:441",3397,1466
79516,813350228438286,3802,"MIPC:client_registered:442",3397,1466
79517,813350228449901,1250,"MIPC:client_entry:442",3397,1466
79518,813350228455526,1198,"MIPC:client_resolved:442",3397,1466
79519,813350228488651,2344,"MIPC:client_send:442",3397,1466
79526,813350228944953,4896,"MIPC:client_reply:442",3362,1466
79527,813350229141932,5886,"MIPC:client_resume:442",3397,1466
79528,813350229410109,6042,"MIPC:client_registered:443",3397,1466
79529,813350229440422,2344,"MIPC:client_entry:443",3397,1466
79530,813350229450370,1823,"MIPC:client_resolved:443",3397,1466
79531,813350229491516,3333,"MIPC:client_send:443",3397,1466
79536,813350229964693,4948,"MIPC:client_reply:443",3362,1466
79537,813350230160474,6771,"MIPC:client_resume:443",3397,1466
79538,813350230431932,5156,"MIPC:client_registered:444",3397,1466
79539,813350230447245,2291,"MIPC:client_entry:444",3397,1466
79540,813350230455474,2448,"MIPC:client_resolved:444",3397,1466
79541,813350230489276,2448,"MIPC:client_send:444",3397,1466
79552,813350231169536,5521,"MIPC:client_reply:444",3362,1466
79557,813350231395474,3802,"MIPC:client_resume:444",3397,1466
79558,813350231640734,5052,"MIPC:client_registered:445",3397,1466
79559,813350231654953,2031,"MIPC:client_entry:445",3397,1466
79560,813350231684953,2344,"MIPC:client_resolved:445",3397,1466
79561,813350231727036,3386,"MIPC:client_send:445",3397,1466
79566,813350232296568,4010,"MIPC:client_reply:445",3362,1466
79567,813350232471932,4896,"MIPC:client_resume:445",3397,1466
79568,813350232732922,5833,"MIPC:client_registered:446",3397,1466
79569,813350232749953,1302,"MIPC:client_entry:446",3397,1466
79570,813350232756984,1354,"MIPC:client_resolved:446",3397,1466
79571,813350232793547,1979,"MIPC:client_send:446",3397,1466
79576,813350233271984,4636,"MIPC:client_reply:446",3362,1466
79577,813350233463391,5572,"MIPC:client_resume:446",3397,1466
79578,813350233725109,5677,"MIPC:client_registered:447",3397,1466
79579,813350233745474,2500,"MIPC:client_entry:447",3397,1466
79580,813350233755318,2291,"MIPC:client_resolved:447",3397,1466
79581,813350233807922,3698,"MIPC:client_send:447",3397,1466
79586,813350234278703,5208,"MIPC:client_reply:447",3362,1466
79587,813350234480578,5833,"MIPC:client_resume:447",3397,1466
79588,813350234736828,5000,"MIPC:client_registered:448",3397,1466
79589,813350234749380,2240,"MIPC:client_entry:448",3397,1466
79590,813350234757557,2136,"MIPC:client_resolved:448",3397,1466
79591,813350234791724,3698,"MIPC:client_send:448",3397,1466
79596,813350235650213,4896,"MIPC:client_reply:448",3362,1466
79597,813350235915682,5573,"MIPC:client_resume:448",3397,1466
79598,813350236376151,5156,"MIPC:client_registered:449",3397,1466
79599,813350236391568,2708,"MIPC:client_entry:449",3397,1466
79600,813350236400266,2343,"MIPC:client_resolved:449",3397,1466
79601,813350236439849,2500,"MIPC:client_send:449",3397,1466
79608,813350236984588,4948,"MIPC:client_reply:449",3362,1466
79609,813350237253443,5729,"MIPC:client_resume:449",3397,1466
79610,813350237569953,6094,"MIPC:client_registered:450",3397,1466
79611,813350237585109,2552,"MIPC:client_entry:450",3397,1466
79612,813350237594120,2604,"MIPC:client_resolved:450",3397,1466
79613,813350237640370,3802,"MIPC:client_send:450",3397,1466
79618,813350238201828,5208,"MIPC:client_reply:450",3362,1466
79619,813350238427193,5885,"MIPC:client_resume:450",3397,1466
79620,813350238690474,5469,"MIPC:client_registered:451",3397,1466
79621,813350238705005,2656,"MIPC:client_entry:451",3397,1466
79622,813350238714276,2135,"MIPC:client_resolved:451",3397,1466
79623,813350238749172,2708,"MIPC:client_send:451",3397,1466
79628,813350239262193,6041,"MIPC:client_reply:451",3362,1466
79629,813350239472818,6041,"MIPC:client_resume:451",3397,1466
79630,813350239750786,5365,"MIPC:client_registered:452",3397,1466
79631,813350239765161,2084,"MIPC:client_entry:452",3397,1466
79632,813350239773078,2240,"MIPC:client_resolved:452",3397,1466
79633,813350239807713,2709,"MIPC:client_send:452",3397,1466
79638,813350240285370,5625,"MIPC:client_reply:452",3362,1466
79639,813350240448338,4844,"MIPC:client_resume:452",3397,1466
79640,813350240704953,4167,"MIPC:client_registered:453",3397,1466
79641,813350240718078,2135,"MIPC:client_entry:453",3397,1466
79642,813350240725943,2239,"MIPC:client_resolved:453",3397,1466
79643,813350240758234,2292,"MIPC:client_send:453",3397,1466
79648,813350241224536,4480,"MIPC:client_reply:453",3362,1466
79649,813350241425318,4895,"MIPC:client_resume:453",3397,1466
79652,813350241703547,3958,"MIPC:client_registered:454",3397,1466
79653,813350241715266,2187,"MIPC:client_entry:454",3397,1466
79654,813350241724693,1979,"MIPC:client_resolved:454",3397,1466
79655,813350241757974,2969,"MIPC:client_send:454",3397,1466
79660,813350242189224,4687,"MIPC:client_reply:454",3362,1466
79661,813350242339953,4531,"MIPC:client_resume:454",3397,1466
79662,813350242559328,5260,"MIPC:client_registered:455",3397,1466
79663,813350242572557,2656,"MIPC:client_entry:455",3397,1466
79664,813350242581255,2552,"MIPC:client_resolved:455",3397,1466
79665,813350242612297,2708,"MIPC:client_send:455",3397,1466
79670,813350243024172,4687,"MIPC:client_reply:455",3362,1466
79671,813350243188911,4323,"MIPC:client_resume:455",3397,1466
79672,813350243445682,5000,"MIPC:client_registered:456",3397,1466
79673,813350243459745,2083,"MIPC:client_entry:456",3397,1466
79674,813350243467088,2188,"MIPC:client_resolved:456",3397,1466
79675,813350243498963,2553,"MIPC:client_send:456",3397,1466
79680,813350243973495,4427,"MIPC:client_reply:456",3362,1466
79681,813350244294276,4531,"MIPC:client_resume:456",3397,1466
79682,813350244534745,3958,"MIPC:client_registered:457",3397,1466
79683,813350244547297,2291,"MIPC:client_entry:457",3397,1466
79684,813350244554693,2239,"MIPC:client_resolved:457",3397,1466
79685,813350244590474,3125,"MIPC:client_send:457",3397,1466
79697,813350245373547,5729,"MIPC:client_reply:457",3362,1466
79698,813350245577661,5886,"MIPC:client_resume:457",3397,1466
79699,813350245840786,5000,"MIPC:client_registered:458",3397,1466
79700,813350245857557,1927,"MIPC:client_entry:458",3397,1466
79701,813350245865318,1823,"MIPC:client_resolved:458",3397,1466
79702,813350245900526,2240,"MIPC:client_send:458",3397,1466
79707,813350246379432,4479,"MIPC:client_reply:458",3362,1466
79709,813350246581463,5521,"MIPC:client_resume:458",3397,1466
79711,813350246857088,4115,"MIPC:client_registered:459",3397,1466
79712,813350246869641,2083,"MIPC:client_entry:459",3397,1466
79713,813350246876620,1718,"MIPC:client_resolved:459",3397,1466
79714,813350246911099,2344,"MIPC:client_send:459",3397,1466
79719,813350247372297,5729,"MIPC:client_reply:459",3362,1466
79720,813350247541828,4219,"MIPC:client_resume:459",3397,1466
79721,813350247795943,4114,"MIPC:client_registered:460",3397,1466
79722,813350247808911,2605,"MIPC:client_entry:460",3397,1466
79723,813350247816828,2500,"MIPC:client_resolved:460",3397,1466
79724,813350247849849,3125,"MIPC:client_send:460",3397,1466
79729,813350248314484,5104,"MIPC:client_reply:460",3362,1466
79730,813350248512922,4791,"MIPC:client_resume:460",3397,1466
79731,813350248763391,5468,"MIPC:client_registered:461",3397,1466
79732,813350248781932,2084,"MIPC:client_entry:461",3397,1466
79733,813350248789849,1823,"MIPC:client_resolved:461",3397,1466
79734,813350248827870,2604,"MIPC:client_send:461",3397,1466
79739,813350249330213,4428,"MIPC:client_reply:461",3362,1466
79740,813350249499172,4896,"MIPC:client_resume:461",3397,1466
79741,813350249748286,3594,"MIPC:client_registered:462",3397,1466
79742,813350249779120,2396,"MIPC:client_entry:462",3397,1466
79743,813350249788651,1875,"MIPC:client_resolved:462",3397,1466
79744,813350249823078,4844,"MIPC:client_send:462",3397,1466
79749,813350250285578,4688,"MIPC:client_reply:462",3362,1466
79750,813350250456463,5105,"MIPC:client_resume:462",3397,1466
79751,813350250702818,4427,"MIPC:client_registered:463",3397,1466
79752,813350250717661,2605,"MIPC:client_entry:463",3397,1466
79753,813350250726047,2552,"MIPC:client_resolved:463",3397,1466
79754,813350250758859,3438,"MIPC:client_send:463",3397,1466
79759,813350251235995,5156,"MIPC:client_reply:463",3362,1466
79760,813350251414641,4791,"MIPC:client_resume:463",3397,1466
79761,813350251706568,6406,"MIPC:client_registered:464",3397,1466
79762,813350251726880,2396,"MIPC:client_entry:464",3397,1466
79763,813350251747193,2291,"MIPC:client_resolved:464",3397,1466
79764,813350251788807,2969,"MIPC:client_send:464",3397,1466
79769,813350252289380,4948,"MIPC:client_reply:464",3362,1466
79770,813350252536516,4583,"MIPC:client_resume:464",3397,1466
79775,813350252754328,4792,"MIPC:client_registered:465",3397,1466
79776,813350252765734,11823,"MIPC:client_entry:465",3397,1466
79777,813350252784849,2552,"MIPC:client_resolved:465",3397,1466
79780,813350252820838,2448,"MIPC:client_send:465",3397,1466
79785,813350253261359,3750,"MIPC:client_reply:465",3362,1466
79788,813350253433182,4479,"MIPC:client_resume:465",3397,1466
79789,813350253666724,5417,"MIPC:client_registered:466",3397,1466
79790,813350253681411,1771,"MIPC:client_entry:466",3397,1466
79791,813350253688391,1666,"MIPC:client_resolved:466",3397,1466
79792,813350253738443,3541,"MIPC:client_send:466",3397,1466
79797,813350254215786,5521,"MIPC:client_reply:466",3362,1466
79798,813350254394693,5520,"MIPC:client_resume:466",3397,1466
79799,813350254624068,4270,"MIPC:client_registered:467",3397,1466
79800,813350254634745,1718,"MIPC:client_entry:467",3397,1466
79801,813350254640526,1719,"MIPC:client_resolved:467",3397,1466
79802,813350254671828,2813,"MIPC:client_send:467",3397,1466
79807,813350255124693,5312,"MIPC:client_reply:467",3362,1466
79808,813350255312557,5313,"MIPC:client_resume:467",3397,1466
79809,813350255553651,4792,"MIPC:client_registered:468",3397,1466
79810,813350255566047,1875,"MIPC:client_entry:468",3397,1466
79811,813350255572818,1927,"MIPC:client_resolved:468",3397,1466
79812,813350255604588,3073,"MIPC:client_send:468",3397,1466
79817,813350256039693,6614,"MIPC:client_reply:468",3362,1466
79818,813350256238026,5417,"MIPC:client_resume:468",3397,1466
79819,813350256480161,5157,"MIPC:client_registered:469",3397,1466
79820,813350256492349,1875,"MIPC:client_entry:469",3397,1466
79821,813350256498911,1771,"MIPC:client_resolved:469",3397,1466
79822,813350256531984,3750,"MIPC:client_send:469",3397,1466
79827,813350256960786,4740,"MIPC:client_reply:469",3362,1466
79830,813350257120474,5000,"MIPC:client_resume:469",3397,1466
79833,813350257350526,4792,"MIPC:client_registered:470",3397,1466
79834,813350257361463,2084,"MIPC:client_entry:470",3397,1466
79835,813350257367557,3386,"MIPC:client_resolved:470",3397,1466
79836,813350257399693,2187,"MIPC:client_send:470",3397,1466
79847,813350257902349,3333,"MIPC:client_reply:470",3362,1466
79848,813350258085318,5000,"MIPC:client_resume:470",3397,1466
79849,813350258343599,4375,"MIPC:client_registered:471",3397,1466
79850,813350258354849,1979,"MIPC:client_entry:471",3397,1466
79851,813350258361047,2135,"MIPC:client_resolved:471",3397,1466
79852,813350258392609,2552,"MIPC:client_send:471",3397,1466
79857,813350258842557,4896,"MIPC:client_reply:471",3362,1466
79858,813350259022505,5365,"MIPC:client_resume:471",3397,1466
79859,813350259242401,4479,"MIPC:client_registered:472",3397,1466
79860,813350259252713,1928,"MIPC:client_entry:472",3397,1466
79861,813350259258807,1719,"MIPC:client_resolved:472",3397,1466
79862,813350259289588,2084,"MIPC:client_send:472",3397,1466
79869,813350260006776,4062,"MIPC:client_reply:472",3362,1466
79870,813350260248963,4323,"MIPC:client_resume:472",3397,1466
79873,813350260493859,3959,"MIPC:client_registered:473",3397,1466
79876,813350260503755,1927,"MIPC:client_entry:473",3397,1466
79877,813350260509901,1823,"MIPC:client_resolved:473",3397,1466
79878,813350260541620,3021,"MIPC:client_send:473",3397,1466
79883,813350261044484,3750,"MIPC:client_reply:473",3362,1466
79884,813350261206932,5261,"MIPC:client_resume:473",3397,1466
79885,813350261442974,4635,"MIPC:client_registered:474",3397,1466
79886,813350261454432,2292,"MIPC:client_entry:474",3397,1466
79887,813350261461411,2292,"MIPC:client_resolved:474",3397,1466
79888,813350261493286,1927,"MIPC:client_send:474",3397,1466
79893,813350261922193,4531,"MIPC:client_reply:474",3362,1466
79894,813350262098130,4011,"MIPC:client_resume:474",3397,1466
79895,813350262333026,4219,"MIPC:client_registered:475",3397,1466
79896,813350262345734,1771,"MIPC:client_entry:475",3397,1466
79897,813350262352713,1771,"MIPC:client_resolved:475",3397,1466
79898,813350262390943,2239,"MIPC:client_send:475",3397,1466
79903,813350262818182,4427,"MIPC:client_reply:475",3362,1466
79904,813350262995266,5312,"MIPC:client_resume:475",3397,1466
79905,813350263218078,4948,"MIPC:client_registered:476",3397,1466
79906,813350263232245,2083,"MIPC:client_entry:476",3397,1466
79907,813350263239328,1771,"MIPC:client_resolved:476",3397,1466
79908,813350263273859,2240,"MIPC:client_send:476",3397,1466
79913,813350263724224,4479,"MIPC:client_reply:476",3362,1466
79914,813350263883651,4844,"MIPC:client_resume:476",3397,1466
79915,813350264193703,4531,"MIPC:client_registered:477",3397,1466
79916,813350264206359,1927,"MIPC:client_entry:477",3397,1466
79917,813350264212870,1771,"MIPC:client_resolved:477",3397,1466
79918,813350264249172,1927,"MIPC:client_send:477",3397,1466
79923,813350264700057,3750,"MIPC:client_reply:477",3362,1466
79924,813350264863234,4896,"MIPC:client_resume:477",3397,1466
79925,813350265094484,5625,"MIPC:client_registered:478",3397,1466
79926,813350265111463,1875,"MIPC:client_entry:478",3397,1466
79927,813350265118807,1875,"MIPC:client_resolved:478",3397,1466
79928,813350265154588,2292,"MIPC:client_send:478",3397,1466
79933,813350265589849,3854,"MIPC:client_reply:478",3362,1466
79934,813350265746672,4583,"MIPC:client_resume:478",3397,1466
79935,813350266012609,2657,"MIPC:client_registered:479",3397,1466
79936,813350266022505,1979,"MIPC:client_entry:479",3397,1466
79937,813350266029745,1562,"MIPC:client_resolved:479",3397,1466
79938,813350266065943,2916,"MIPC:client_send:479",3397,1466
79943,813350266503443,4062,"MIPC:client_reply:479",3362,1466
79944,813350266684380,4792,"MIPC:client_resume:479",3397,1466
79945,813350266916099,4479,"MIPC:client_registered:480",3397,1466
79946,813350266926620,1510,"MIPC:client_entry:480",3397,1466
79947,813350266934693,1562,"MIPC:client_resolved:480",3397,1466
79948,813350266971568,1875,"MIPC:client_send:480",3397,1466
79953,813350267477557,5990,"MIPC:client_reply:480",3362,1466
79954,813350267649849,5260,"MIPC:client_resume:480",3397,1466
79955,813350267908130,5000,"MIPC:client_registered:481",3397,1466
79956,813350267921828,1875,"MIPC:client_entry:481",3397,1466
79957,813350267928547,1562,"MIPC:client_resolved:481",3397,1466
79958,813350267962245,1823,"MIPC:client_send:481",3397,1466
79963,813350268479536,4375,"MIPC:client_reply:481",3362,1466
79964,813350268647870,4843,"MIPC:client_resume:481",3397,1466
79965,813350268878703,5260,"MIPC:client_registered:482",3397,1466
79966,813350268892505,1979,"MIPC:client_entry:482",3397,1466
79967,813350268899849,1771,"MIPC:client_resolved:482",3397,1466
79968,813350268932974,2083,"MIPC:client_send:482",3397,1466
79973,813350269380734,4688,"MIPC:client_reply:482",3362,1466
79974,813350269543547,5000,"MIPC:client_resume:482",3397,1466
79975,813350269762036,5209,"MIPC:client_registered:483",3397,1466
79976,813350269788495,2291,"MIPC:client_entry:483",3397,1466
79977,813350269796828,1719,"MIPC:client_resolved:483",3397,1466
79978,813350269834172,2031,"MIPC:client_send:483",3397,1466
79985,813350270256047,3958,"MIPC:client_reply:483",3362,1466
79986,813350270430318,4375,"MIPC:client_resume:483",3397,1466
79987,813350270656099,4792,"MIPC:client_registered:484",3397,1466
79988,813350270668755,2500,"MIPC:client_entry:484",3397,1466
79989,813350270676099,2864,"MIPC:client_resolved:484",3397,1466
79990,813350270717349,3750,"MIPC:client_send:484",3397,1466
79995,813350271184641,4427,"MIPC:client_reply:484",3362,1466
79996,813350271360682,5313,"MIPC:client_resume:484",3397,1466
79997,813350271594849,4375,"MIPC:client_registered:485",3397,1466
79998,813350271607193,1875,"MIPC:client_entry:485",3397,1466
79999,813350271624953,1875,"MIPC:client_resolved:485",3397,1466
80000,813350271658443,2395,"MIPC:client_send:485",3397,1466
80005,813350272127609,4844,"MIPC:client_reply:485",3362,1466
80006,813350272289693,4166,"MIPC:client_resume:485",3397,1466
80007,813350272529380,5052,"MIPC:client_registered:486",3397,1466
80008,813350272541776,1875,"MIPC:client_entry:486",3397,1466
80009,813350272547766,1614,"MIPC:client_resolved:486",3397,1466
80010,813350272580266,2604,"MIPC:client_send:486",3397,1466
80015,813350273008234,4740,"MIPC:client_reply:486",3362,1466
80016,813350273173807,5990,"MIPC:client_resume:486",3397,1466
80017,813350273404016,3177,"MIPC:client_registered:487",3397,1466
80018,813350273413286,1875,"MIPC:client_entry:487",3397,1466
80019,813350273419641,1770,"MIPC:client_resolved:487",3397,1466
80020,813350273472453,2292,"MIPC:client_send:487",3397,1466
80025,813350273941255,4167,"MIPC:client_reply:487",3362,1466
80026,813350274116672,5000,"MIPC:client_resume:487",3397,1466
80027,813350274332818,4895,"MIPC:client_registered:488",3397,1466
80028,813350274343755,1875,"MIPC:client_entry:488",3397,1466
80029,813350274351047,2083,"MIPC:client_resolved:488",3397,1466
80030,813350274387349,2448,"MIPC:client_send:488",3397,1466
80035,813350274799328,5208,"MIPC:client_reply:488",3362,1466
80036,813350274964484,5052,"MIPC:client_resume:488",3397,1466
80037,813350275209901,6302,"MIPC:client_registered:489",3397,1466
80038,813350275225266,2031,"MIPC:client_entry:489",3397,1466
80039,813350275232453,1875,"MIPC:client_resolved:489",3397,1466
80040,813350275263286,2709,"MIPC:client_send:489",3397,1466
80045,813350275734641,4166,"MIPC:client_reply:489",3362,1466
80046,813350275934849,4687,"MIPC:client_resume:489",3397,1466
80047,813350276226672,5781,"MIPC:client_registered:490",3397,1466
80048,813350276239484,2136,"MIPC:client_entry:490",3397,1466
80049,813350276247141,2500,"MIPC:client_resolved:490",3397,1466
80050,813350276278599,2656,"MIPC:client_send:490",3397,1466
80055,813350276722297,4479,"MIPC:client_reply:490",3362,1466
80056,813350276887297,4375,"MIPC:client_resume:490",3397,1466
80057,813350277113807,4948,"MIPC:client_registered:491",3397,1466
80058,813350277125734,2188,"MIPC:client_entry:491",3397,1466
80059,813350277134745,1771,"MIPC:client_resolved:491",3397,1466
80060,813350277171411,2917,"MIPC:client_send:491",3397,1466
80065,813350277609536,3802,"MIPC:client_reply:491",3362,1466
80066,813350277767141,4166,"MIPC:client_resume:491",3397,1466
80067,813350278016880,4271,"MIPC:client_registered:492",3397,1466
80068,813350278027609,1459,"MIPC:client_entry:492",3397,1466
80069,813350278033391,1302,"MIPC:client_resolved:492",3397,1466
80070,813350278067713,2500,"MIPC:client_send:492",3397,1466
80075,813350278496880,2656,"MIPC:client_reply:492",3362,1466
80076,813350278671099,3750,"MIPC:client_resume:492",3397,1466
80077,813350278896568,4375,"MIPC:client_registered:493",3397,1466
80078,813350278911568,1875,"MIPC:client_entry:493",3397,1466
80079,813350278919276,1875,"MIPC:client_resolved:493",3397,1466
80080,813350278953859,2136,"MIPC:client_send:493",3397,1466
80085,813350279414797,3594,"MIPC:client_reply:493",3362,1466
80086,813350279585109,5990,"MIPC:client_resume:493",3397,1466
80087,813350279820370,4218,"MIPC:client_registered:494",3397,1466
80088,813350279831984,2604,"MIPC:client_entry:494",3397,1466
80089,813350279838859,2344,"MIPC:client_resolved:494",3397,1466
80090,813350279873755,2136,"MIPC:client_send:494",3397,1466
80095,813350280336776,5104,"MIPC:client_reply:494",3362,1466
80096,813350280512505,4636,"MIPC:client_resume:494",3397,1466
80097,813350280742349,4844,"MIPC:client_registered:495",3397,1466
80098,813350280753963,1823,"MIPC:client_entry:495",3397,1466
80099,813350280760161,1719,"MIPC:client_resolved:495",3397,1466
80100,813350280791620,1875,"MIPC:client_send:495",3397,1466
80105,813350281223026,4115,"MIPC:client_reply:495",3362,1466
80106,813350281377193,4010,"MIPC:client_resume:495",3397,1466
80107,813350281631672,4062,"MIPC:client_registered:496",3397,1466
80108,813350281643026,1927,"MIPC:client_entry:496",3397,1466
80109,813350281649641,1927,"MIPC:client_resolved:496",3397,1466
80110,813350281681620,2396,"MIPC:client_send:496",3397,1466
80115,813350282105422,5156,"MIPC:client_reply:496",3362,1466
80116,813350282272766,5364,"MIPC:client_resume:496",3397,1466
80117,813350282500682,5729,"MIPC:client_registered:497",3397,1466
80118,813350282517505,2031,"MIPC:client_entry:497",3397,1466
80119,813350282525734,1719,"MIPC:client_resolved:497",3397,1466
80120,813350282560005,2240,"MIPC:client_send:497",3397,1466
80125,813350283037141,4114,"MIPC:client_reply:497",3362,1466
80126,813350283198859,5729,"MIPC:client_resume:497",3397,1466
80127,813350283436880,4427,"MIPC:client_registered:498",3397,1466
80128,813350283448443,2343,"MIPC:client_entry:498",3397,1466
80129,813350283455891,3020,"MIPC:client_resolved:498",3397,1466
80130,813350283496776,3073,"MIPC:client_send:498",3397,1466
80135,813350283956463,5105,"MIPC:client_reply:498",3362,1466
80136,813350284182349,5312,"MIPC:client_resume:498",3397,1466
80139,813350284467609,10052,"MIPC:client_registered:499",3397,1466
80140,813350284485786,1980,"MIPC:client_entry:499",3397,1466
80141,813350284492245,1823,"MIPC:client_resolved:499",3397,1466
80142,813350284527297,2708,"MIPC:client_send:499",3397,1466
80151,813350284968807,3959,"MIPC:client_reply:499",3362,1466
80152,813350285144641,3385,"MIPC:client_resume:499",3397,1466
80153,813350285389641,4166,"MIPC:client_registered:500",3397,1466
80154,813350285401620,1927,"MIPC:client_entry:500",3397,1466
80155,813350285407818,1718,"MIPC:client_resolved:500",3397,1466
80156,813350285439797,2552,"MIPC:client_send:500",3397,1466
80161,813350285874224,4739,"MIPC:client_reply:500",3362,1466
80162,813350286035630,5521,"MIPC:client_resume:500",3397,1466
80163,813350286281151,4635,"MIPC:client_registered:501",3397,1466
80164,813350286293391,1614,"MIPC:client_entry:501",3397,1466
80165,813350286299849,1667,"MIPC:client_resolved:501",3397,1466
80166,813350286329484,2136,"MIPC:client_send:501",3397,1466
80172,813350286756620,4271,"MIPC:client_reply:501",3362,1466
80173,813350286930422,4479,"MIPC:client_resume:501",3397,1466
80175,813350287145734,4323,"MIPC:client_registered:502",3397,1466
80176,813350287166463,1771,"MIPC:client_entry:502",3397,1466
80177,813350287173338,2344,"MIPC:client_resolved:502",3397,1466
80178,813350287202088,1980,"MIPC:client_send:502",3397,1466
80185,813350287646099,3646,"MIPC:client_reply:502",3362,1466
80186,813350287821151,4896,"MIPC:client_resume:502",3397,1466
80187,813350288041307,5000,"MIPC:client_registered:503",3397,1466
80188,813350288055370,1823,"MIPC:client_entry:503",3397,1466
80189,813350288061932,1459,"MIPC:client_resolved:503",3397,1466
80190,813350288137036,2761,"MIPC:client_send:503",3397,1466
80195,813350288585109,3334,"MIPC:client_reply:503",3362,1466
80196,813350288760057,4792,"MIPC:client_resume:503",3397,1466
80197,813350288993911,5000,"MIPC:client_registered:504",3397,1466
80198,813350289005474,1302,"MIPC:client_entry:504",3397,1466
80199,813350289027766,1562,"MIPC:client_resolved:504",3397,1466
80200,813350289061151,2187,"MIPC:client_send:504",3397,1466
80205,813350289508391,3697,"MIPC:client_reply:504",3362,1466
80206,813350289684068,5573,"MIPC:client_resume:504",3397,1466
80209,813350289907193,4323,"MIPC:client_registered:505",3397,1466
80210,813350289916880,1719,"MIPC:client_entry:505",3397,1466
80211,813350289922036,1407,"MIPC:client_resolved:505",3397,1466
80212,813350289956411,2657,"MIPC:client_send:505",3397,1466
80217,813350290386932,3594,"MIPC:client_reply:505",3362,1466
80218,813350290557297,4062,"MIPC:client_resume:505",3397,1466
80219,813350290815630,3281,"MIPC:client_registered:506",3397,1466
80220,813350290825526,1302,"MIPC:client_entry:506",3397,1466
80221,813350290830786,1302,"MIPC:client_resolved:506",3397,1466
80222,813350290873807,2709,"MIPC:client_send:506",3397,1466
80227,813350291343286,3802,"MIPC:client_reply:506",3362,1466
80228,813350291521411,4584,"MIPC:client_resume:506",3397,1466
80229,813350291752661,4844,"MIPC:client_registered:507",3397,1466
80230,813350291765995,1666,"MIPC:client_entry:507",3397,1466
80231,813350291773026,1510,"MIPC:client_resolved:507",3397,1466
80232,813350291808703,2083,"MIPC:client_send:507",3397,1466
80237,813350292317818,3958,"MIPC:client_reply:507",3362,1466
80238,813350292491151,4479,"MIPC:client_resume:507",3397,1466
80239,813350292707870,4635,"MIPC:client_registered:508",3397,1466
80240,813350292722088,1719,"MIPC:client_entry:508",3397,1466
80241,813350292728286,1250,"MIPC:client_resolved:508",3397,1466
80242,813350292762766,2343,"MIPC:client_send:508",3397,1466
80247,813350293219588,3594,"MIPC:client_reply:508",3362,1466
80248,813350293391880,3542,"MIPC:client_resume:508",3397,1466
80249,813350293647557,4479,"MIPC:client_registered:509",3397,1466
80250,813350293658911,1927,"MIPC:client_entry:509",3397,1466
80251,813350293664588,1823,"MIPC:client_resolved:509",3397,1466
80252,813350293695266,1666,"MIPC:client_send:509",3397,1466
80257,813350294122349,2812,"MIPC:client_reply:509",3362,1466
80258,813350294286568,4218,"MIPC:client_resume:509",3397,1466
80259,813350294516932,3750,"MIPC:client_registered:510",3397,1466
80260,813350294527609,1407,"MIPC:client_entry:510",3397,1466
80261,813350294532818,1666,"MIPC:client_resolved:510",3397,1466
80262,813350294570318,2135,"MIPC:client_send:510",3397,1466
80267,813350295018130,3594,"MIPC:client_reply:510",3362,1466
80268,813350295168182,3021,"MIPC:client_resume:510",3397,1466
80269,813350295412818,3020,"MIPC:client_registered:511",3397,1466
80270,813350295421411,1355,"MIPC:client_entry:511",3397,1466
80271,813350295426776,1250,"MIPC:client_resolved:511",3397,1466
80272,813350295456828,1667,"MIPC:client_send:511",3397,1466
80277,813350295885422,3177,"MIPC:client_reply:511",3362,1466
80278,813350296043495,3281,"MIPC:client_resume:511",3397,1466
80279,813350296318963,3698,"MIPC:client_registered:512",3397,1466
80280,813350296329953,1406,"MIPC:client_entry:512",3397,1466
80281,813350296335318,1250,"MIPC:client_resolved:512",3397,1466
80282,813350296371463,2188,"MIPC:client_send:512",3397,1466
80287,813350296798443,3489,"MIPC:client_reply:512",3362,1466
80288,813350296968391,5781,"MIPC:client_resume:512",3397,1466
80289,813350297236724,4323,"MIPC:client_registered:513",3397,1466
80290,813350297247766,1354,"MIPC:client_entry:513",3397,1466
80291,813350297252818,1093,"MIPC:client_resolved:513",3397,1466
80292,813350297283182,1719,"MIPC:client_send:513",3397,1466
80297,813350297763234,3282,"MIPC:client_reply:513",3362,1466
80298,813350297943599,4479,"MIPC:client_resume:513",3397,1466
80299,813350298175213,5053,"MIPC:client_registered:514",3397,1466
80300,813350298187141,1875,"MIPC:client_entry:514",3397,1466
80301,813350298192661,1667,"MIPC:client_resolved:514",3397,1466
80302,813350298226307,2240,"MIPC:client_send:514",3397,1466
80307,813350298663963,2813,"MIPC:client_reply:514",3362,1466
80308,813350298821620,3073,"MIPC:client_resume:514",3397,1466
80309,813350299072401,3333,"MIPC:client_registered:515",3397,1466
80310,813350299081620,1146,"MIPC:client_entry:515",3397,1466
80311,813350299086359,1354,"MIPC:client_resolved:515",3397,1466
80312,813350299116203,1458,"MIPC:client_send:515",3397,1466
80319,813350299890370,4166,"MIPC:client_reply:515",3362,1466
80320,813350300180266,4375,"MIPC:client_resume:515",3397,1466
80321,813350300426568,2968,"MIPC:client_registered:516",3397,1466
80322,813350300435161,1407,"MIPC:client_entry:516",3397,1466
80323,813350300440526,1354,"MIPC:client_resolved:516",3397,1466
80324,813350300472193,1979,"MIPC:client_send:516",3397,1466
80335,813350301027766,3177,"MIPC:client_reply:516",3362,1466
80336,813350301219745,3021,"MIPC:client_resume:516",3397,1466
80337,813350301412245,3593,"MIPC:client_registered:517",3397,1466
80338,813350301423130,1302,"MIPC:client_entry:517",3397,1466
80339,813350301427922,1250,"MIPC:client_resolved:517",3397,1466
80340,813350301459016,1927,"MIPC:client_send:517",3397,1466
80345,813350301963599,3333,"MIPC:client_reply:517",3362,1466
80346,813350302121255,3438,"MIPC:client_resume:517",3397,1466
80347,813350302338859,4011,"MIPC:client_registered:518",3397,1466
80348,813350302351880,1406,"MIPC:client_entry:518",3397,1466
80349,813350302357870,1146,"MIPC:client_resolved:518",3397,1466
80350,813350302390891,2083,"MIPC:client_send:518",3397,1466
80355,813350302904068,3229,"MIPC:client_reply:518",3362,1466
80356,813350303060630,3333,"MIPC:client_resume:518",3397,1466
80361,813350303297713,3334,"MIPC:client_registered:519",3397,1466
80362,813350303308338,1459,"MIPC:client_entry:519",3397,1466
80363,813350303313703,1302,"MIPC:client_resolved:519",3397,1466
80364,813350303344432,1719,"MIPC:client_send:519",3397,1466
80369,813350303871463,3907,"MIPC:client_reply:519",3362,1466
80370,813350304022505,4375,"MIPC:client_resume:519",3397,1466
80371,813350304296984,4271,"MIPC:client_registered:520",3397,1466
80372,813350304307922,1614,"MIPC:client_entry:520",3397,1466
80373,813350304313807,1250,"MIPC:client_resolved:520",3397,1466
80374,813350304345578,1563,"MIPC:client_send:520",3397,1466
80379,813350304859328,4479,"MIPC:client_reply:520",3362,1466
80380,813350304994380,3594,"MIPC:client_resume:520",3397,1466
80381,813350305215734,3542,"MIPC:client_registered:521",3397,1466
80382,813350305244641,1562,"MIPC:client_entry:521",3397,1466
80383,813350305252245,1354,"MIPC:client_resolved:521",3397,1466
80384,813350305287297,2396,"MIPC:client_send:521",3397,1466
80389,813350305771307,4011,"MIPC:client_reply:521",3362,1466
80390,813350305906620,3854,"MIPC:client_resume:521",3397,1466
80391,813350306116672,2708,"MIPC:client_registered:522",3397,1466
80392,813350306125578,1250,"MIPC:client_entry:522",3397,1466
80393,813350306130422,1146,"MIPC:client_resolved:522",3397,1466
80394,813350306157766,1197,"MIPC:client_send:522",3397,1466
80399,813350306613859,3854,"MIPC:client_reply:522",3362,1466
80400,813350306747141,3906,"MIPC:client_resume:522",3397,1466
80401,813350306961516,3958,"MIPC:client_registered:523",3397,1466
80402,813350306971776,1510,"MIPC:client_entry:523",3397,1466
80403,813350306986411,1875,"MIPC:client_resolved:523",3397,1466
80404,813350307017193,1562,"MIPC:client_send:523",3397,1466
80409,813350307539693,3281,"MIPC:client_reply:523",3362,1466
80410,813350307675266,3645,"MIPC:client_resume:523",3397,1466
80411,813350307896984,3490,"MIPC:client_registered:524",3397,1466
80412,813350307907453,1354,"MIPC:client_entry:524",3397,1466
80413,813350307912818,1093,"MIPC:client_resolved:524",3397,1466
80414,813350307943807,1979,"MIPC:client_send:524",3397,1466
80419,813350308462193,4531,"MIPC:client_reply:524",3362,1466
80420,813350308595630,3802,"MIPC:client_resume:524",3397,1466
80421,813350308820057,3750,"MIPC:client_registered:525",3397,1466
80422,813350308830266,1406,"MIPC:client_entry:525",3397,1466
80423,813350308835526,1302,"MIPC:client_resolved:525",3397,1466
80424,813350308874068,1770,"MIPC:client_send:525",3397,1466
80429,813350309322245,3802,"MIPC:client_reply:525",3362,1466
80430,813350309451828,4167,"MIPC:client_resume:525",3397,1466
80431,813350309665838,3021,"MIPC:client_registered:526",3397,1466
80432,813350309673807,1250,"MIPC:client_entry:526",3397,1466
80433,813350309678859,1146,"MIPC:client_resolved:526",3397,1466
80434,813350309704849,1250,"MIPC:client_send:526",3397,1466
80439,813350310141620,3385,"MIPC:client_reply:526",3362,1466
80440,813350310266463,3073,"MIPC:client_resume:526",3397,1466
80441,813350310489068,3281,"MIPC:client_registered:527",3397,1466
80442,813350310500057,1250,"MIPC:client_entry:527",3397,1466
80443,813350310505474,1302,"MIPC:client_resolved:527",3397,1466
80444,813350310536776,1562,"MIPC:client_send:527",3397,1466
80449,813350310988807,3177,"MIPC:client_reply:527",3362,1466
80450,813350311132661,3177,"MIPC:client_resume:527",3397,1466
80451,813350311352297,3281,"MIPC:client_registered:528",3397,1466
80452,813350311360995,1406,"MIPC:client_entry:528",3397,1466
80453,813350311366203,1198,"MIPC:client_resolved:528",3397,1466
80454,813350311402557,2656,"MIPC:client_send:528",3397,1466
80459,813350311879640,3750,"MIPC:client_reply:528",3362,1466
80460,813350312011880,4323,"MIPC:client_resume:528",3397,1466
80461,813350312268234,4844,"MIPC:client_registered:529",3397,1466
80462,813350312281984,1459,"MIPC:client_entry:529",3397,1466
80463,813350312287557,1250,"MIPC:client_resolved:529",3397,1466
80464,813350312320318,1822,"MIPC:client_send:529",3397,1466
80469,813350312805995,3750,"MIPC:client_reply:529",3362,1466
80470,813350312935109,4167,"MIPC:client_resume:529",3397,1466
80471,813350313190786,3959,"MIPC:client_registered:530",3397,1466
80472,813350313201047,1198,"MIPC:client_entry:530",3397,1466
80473,813350313206411,1146,"MIPC:client_resolved:530",3397,1466
80474,813350313235526,1823,"MIPC:client_send:530",3397,1466
80479,813350313699015,3438,"MIPC:client_reply:530",3362,1466
80480,813350313835890,3855,"MIPC:client_resume:530",3397,1466
80481,813350314058182,4792,"MIPC:client_registered:531",3397,1466
80482,813350314072818,1770,"MIPC:client_entry:531",3397,1466
80483,813350314079745,1875,"MIPC:client_resolved:531",3397,1466
80484,813350314113390,2084,"MIPC:client_send:531",3397,1466
80489,813350314565630,3802,"MIPC:client_reply:531",3362,1466
80490,813350314695734,4219,"MIPC:client_resume:531",3397,1466
80491,813350314928338,3959,"MIPC:client_registered:532",3397,1466
80492,813350314940890,1511,"MIPC:client_entry:532",3397,1466
80493,813350314947401,1354,"MIPC:client_resolved:532",3397,1466
80494,813350314978807,2656,"MIPC:client_send:532",3397,1466
80505,813350315548755,3177,"MIPC:client_reply:532",3362,1466
80506,813350315734849,4114,"MIPC:client_resume:532",3397,1466
80507,813350315960109,4323,"MIPC:client_registered:533",3397,1466
80508,813350315970474,1823,"MIPC:client_entry:533",3397,1466
80509,813350315976880,1823,"MIPC:client_resolved:533",3397,1466
80510,813350316007818,2135,"MIPC:client_send:533",3397,1466
80515,813350316619901,4635,"MIPC:client_reply:533",3362,1466
80516,813350316791463,5417,"MIPC:client_resume:533",3397,1466
80517,813350317066307,3750,"MIPC:client_registered:534",3397,1466
80518,813350317078182,1979,"MIPC:client_entry:534",3397,1466
80519,813350317085109,1615,"MIPC:client_resolved:534",3397,1466
80520,813350317118807,2500,"MIPC:client_send:534",3397,1466
80525,813350317621255,5000,"MIPC:client_reply:534",3362,1466
80526,813350317788338,4427,"MIPC:client_resume:534",3397,1466
80527,813350318031255,5104,"MIPC:client_registered:535",3397,1466
80528,813350318043755,1719,"MIPC:client_entry:535",3397,1466
80529,813350318050578,1979,"MIPC:client_resolved:535",3397,1466
80530,813350318084068,1979,"MIPC:client_send:535",3397,1466
80535,813350318536828,3750,"MIPC:client_reply:535",3362,1466
80536,813350318695578,5000,"MIPC:client_resume:535",3397,1466
80537,813350319040474,4791,"MIPC:client_registered:536",3397,1466
80538,813350319052922,1771,"MIPC:client_entry:536",3397,1466
80539,813350319059432,2344,"MIPC:client_resolved:536",3397,1466
80540,813350319092557,2344,"MIPC:client_send:536",3397,1466
80545,813350319568963,4271,"MIPC:client_reply:536",3362,1466
80546,813350319747818,4895,"MIPC:client_resume:536",3397,1466
80547,813350319976151,5312,"MIPC:client_registered:537",3397,1466
80548,813350319987557,1511,"MIPC:client_entry:537",3397,1466
80549,813350319992922,1718,"MIPC:client_resolved:537",3397,1466
80550,813350320023755,1979,"MIPC:client_send:537",3397,1466
80555,813350320498755,4427,"MIPC:client_reply:537",3362,1466
80556,813350320679588,5209,"MIPC:client_resume:537",3397,1466
80557,813350320942193,2708,"MIPC:client_registered:538",3397,1466
80558,813350320950838,1615,"MIPC:client_entry:538",3397,1466
80559,813350320956411,1615,"MIPC:client_resolved:538",3397,1466
80560,813350320988755,2240,"MIPC:client_send:538",3397,1466
80565,813350321468807,4792,"MIPC:client_reply:538",3362,1466
80566,813350321637401,5052,"MIPC:client_resume:538",3397,1466
80567,813350321889640,7136,"MIPC:client_registered:539",3397,1466
80568,813350321903911,2552,"MIPC:client_entry:539",3397,1466
80569,813350321911203,2448,"MIPC:client_resolved:539",3397,1466
80570,813350321945370,2812,"MIPC:client_send:539",3397,1466
80575,813350322406151,4844,"MIPC:client_reply:539",3362,1466
80576,813350322591047,5468,"MIPC:client_resume:539",3397,1466
80577,813350322841203,4948,"MIPC:client_registered:540",3397,1466
80578,813350322856515,2553,"MIPC:client_entry:540",3397,1466
80579,813350322863911,1563,"MIPC:client_resolved:540",3397,1466
80580,813350322903130,2500,"MIPC:client_send:540",3397,1466
80585,813350323373390,4115,"MIPC:client_reply:540",3362,1466
80586,813350323548755,3958,"MIPC:client_resume:540",3397,1466
80587,813350323790370,5312,"MIPC:client_registered:541",3397,1466
80588,813350323818651,1875,"MIPC:client_entry:541",3397,1466
80589,813350323825943,1666,"MIPC:client_resolved:541",3397,1466
80590,813350323864432,2292,"MIPC:client_send:541",3397,1466
80595,813350324397505,4219,"MIPC:client_reply:541",3362,1466
80596,813350324600005,5625,"MIPC:client_resume:541",3397,1466
80597,813350324839849,4844,"MIPC:client_registered:542",3397,1466
80598,813350324869015,2500,"MIPC:client_entry:542",3397,1466
80599,813350324878182,1979,"MIPC:client_resolved:542",3397,1466
80600,813350324916880,3073,"MIPC:client_send:542",3397,1466
80605,813350325373755,4948,"MIPC:client_reply:542",3362,1466
80606,813350325541932,5521,"MIPC:client_resume:542",3397,1466
80607,813350325793599,4739,"MIPC:client_registered:543",3397,1466
80608,813350325806568,1770,"MIPC:client_entry:543",3397,1466
80609,813350325814224,1562,"MIPC:client_resolved:543",3397,1466
80610,813350325848078,2552,"MIPC:client_send:543",3397,1466
80615,813350326322557,2969,"MIPC:client_reply:543",3362,1466
80616,813350326509901,4896,"MIPC:client_resume:543",3397,1466
80617,813350326744745,4635,"MIPC:client_registered:544",3397,1466
80618,813350326755526,2344,"MIPC:client_entry:544",3397,1466
80619,813350326772297,2083,"MIPC:client_resolved:544",3397,1466
80620,813350326806724,1875,"MIPC:client_send:544",3397,1466
80625,813350327278859,5104,"MIPC:client_reply:544",3362,1466
80626,813350327458078,3958,"MIPC:client_resume:544",3397,1466
80627,813350327696307,4271,"MIPC:client_registered:545",3397,1466
80628,813350327707245,1145,"MIPC:client_entry:545",3397,1466
80629,813350327712088,990,"MIPC:client_resolved:545",3397,1466
80630,813350327742453,1979,"MIPC:client_send:545",3397,1466
80635,813350328248651,4531,"MIPC:client_reply:545",3362,1466
80636,813350328414588,3802,"MIPC:client_resume:545",3397,1466
80638,813350328624745,4010,"MIPC:client_registered:546",3397,1466
80640,813350328637765,1928,"MIPC:client_entry:546",3397,1466
80641,813350328644745,1823,"MIPC:client_resolved:546",3397,1466
80642,813350328698599,2239,"MIPC:client_send:546",3397,1466
80647,813350329148026,4739,"MIPC:client_reply:546",3362,1466
80650,813350329314380,5313,"MIPC:client_resume:546",3397,1466
80651,813350329557297,3646,"MIPC:client_registered:547",3397,1466
80652,813350329569640,1667,"MIPC:client_entry:547",3397,1466
80653,813350329575943,1562,"MIPC:client_resolved:547",3397,1466
80655,813350329616151,3333,"MIPC:client_send:547",3397,1466
80673,813350330226411,4896,"MIPC:client_reply:547",3362,1466
80686,813350330446099,3750,"MIPC:client_resume:547",3397,1466
80697,813350330701515,4011,"MIPC:client_registered:548",3397,1466
80699,813350330713130,1615,"MIPC:client_entry:548",3397,1466
80700,813350330719276,1510,"MIPC:client_resolved:548",3397,1466
80701,813350330758338,2084,"MIPC:client_send:548",3397,1466
80724,813350331235005,4010,"MIPC:client_reply:548",3362,1466
80726,813350331423026,3385,"MIPC:client_resume:548",3397,1466
80728,813350331665526,4635,"MIPC:client_registered:549",3397,1466
80729,813350331677609,2240,"MIPC:client_entry:549",3397,1466
80730,813350331684328,1719,"MIPC:client_resolved:549",3397,1466
80731,813350331714953,2604,"MIPC:client_send:549",3397,1466
80736,813350332260422,5052,"MIPC:client_reply:549",3362,1466
80737,813350332436672,5260,"MIPC:client_resume:549",3397,1466
80738,813350332679484,4844,"MIPC:client_registered:550",3397,1466
80739,813350332691932,1406,"MIPC:client_entry:550",3397,1466
80740,813350332698390,2032,"MIPC:client_resolved:550",3397,1466
80741,813350332733026,2448,"MIPC:client_send:550",3397,1466
80746,813350333199484,4271,"MIPC:client_reply:550",3362,1466
80747,813350333383703,4323,"MIPC:client_resume:550",3397,1466
80748,813350333631047,4583,"MIPC:client_registered:551",3397,1466
80749,813350333642088,1302,"MIPC:client_entry:551",3397,1466
80750,813350333647088,1250,"MIPC:client_resolved:551",3397,1466
80751,813350333676568,2031,"MIPC:client_send:551",3397,1466
80756,813350334134276,3802,"MIPC:client_reply:551",3362,1466
80757,813350334305786,4115,"MIPC:client_resume:551",3397,1466
80758,813350334522245,4218,"MIPC:client_registered:552",3397,1466
80759,813350334532401,1354,"MIPC:client_entry:552",3397,1466
80760,813350334538859,1354,"MIPC:client_resolved:552",3397,1466
80761,813350334572974,3021,"MIPC:client_send:552",3397,1466
80766,813350335023443,3697,"MIPC:client_reply:552",3362,1466
80767,813350335197505,5052,"MIPC:client_resume:552",3397,1466
80768,813350335442974,4739,"MIPC:client_registered:553",3397,1466
80769,813350335454693,1302,"MIPC:client_entry:553",3397,1466
80770,813350335460005,1354,"MIPC:client_resolved:553",3397,1466
80771,813350335492453,1979,"MIPC:client_send:553",3397,1466
80776,813350336138286,4584,"MIPC:client_reply:553",3362,1466
80777,813350336317713,3959,"MIPC:client_resume:553",3397,1466
80778,813350336555682,5208,"MIPC:client_registered:554",3397,1466
80779,813350336567193,2343,"MIPC:client_entry:554",3397,1466
80780,813350336573859,2084,"MIPC:client_resolved:554",3397,1466
80781,813350336606255,1823,"MIPC:client_send:554",3397,1466
80786,813350337098443,4375,"MIPC:client_reply:554",3362,1466
80787,813350337284484,4844,"MIPC:client_resume:554",3397,1466
80788,813350337549640,2709,"MIPC:client_registered:555",3397,1466
80789,813350337558703,1979,"MIPC:client_entry:555",3397,1466
80790,813350337566047,3073,"MIPC:client_resolved:555",3397,1466
80791,813350337599797,2187,"MIPC:client_send:555",3397,1466
80796,813350338080265,4219,"MIPC:client_reply:555",3362,1466
80797,813350338267453,4948,"MIPC:client_resume:555",3397,1466
80798,813350338494068,5625,"MIPC:client_registered:556",3397,1466
80799,813350338509849,2135,"MIPC:client_entry:556",3397,1466
80800,813350338517036,1146,"MIPC:client_resolved:556",3397,1466
80801,813350338553286,2292,"MIPC:client_send:556",3397,1466
80806,813350339009068,3177,"MIPC:client_reply:556",3362,1466
80807,813350339238390,3750,"MIPC:client_resume:556",3397,1466
80808,813350339477818,3750,"MIPC:client_registered:557",3397,1466
80809,813350339487870,1093,"MIPC:client_entry:557",3397,1466
80810,813350339492557,2136,"MIPC:client_resolved:557",3397,1466
80811,813350339522974,1458,"MIPC:client_send:557",3397,1466
80816,813350339986151,3646,"MIPC:client_reply:557",3362,1466
80817,813350340190890,4115,"MIPC:client_resume:557",3397,1466
80818,813350340408443,3645,"MIPC:client_registered:558",3397,1466
80819,813350340417609,1042,"MIPC:client_entry:558",3397,1466
80820,813350340421932,1250,"MIPC:client_resolved:558",3397,1466
80821,813350340446672,1562,"MIPC:client_send:558",3397,1466
80826,813350340895474,3854,"MIPC:client_reply:558",3362,1466
80827,813350341065890,4584,"MIPC:client_resume:558",3397,1466
80828,813350341292870,3073,"MIPC:client_registered:559",3397,1466
80829,813350341302349,1302,"MIPC:client_entry:559",3397,1466
80830,813350341307401,989,"MIPC:client_resolved:559",3397,1466
80831,813350341346099,1614,"MIPC:client_send:559",3397,1466
80836,813350341758234,3438,"MIPC:client_reply:559",3362,1466
80837,813350341918390,3282,"MIPC:client_resume:559",3397,1466
80838,813350342182088,5365,"MIPC:client_registered:560",3397,1466
80839,813350342194068,1666,"MIPC:client_entry:560",3397,1466
80840,813350342199536,1146,"MIPC:client_resolved:560",3397,1466
80841,813350342232609,1511,"MIPC:client_send:560",3397,1466
80846,813350342680734,3438,"MIPC:client_reply:560",3362,1466
80847,813350342837349,4896,"MIPC:client_resume:560",3397,1466
80848,813350343065630,4688,"MIPC:client_registered:561",3397,1466
80849,813350343086620,1406,"MIPC:client_entry:561",3397,1466
80850,813350343092036,1250,"MIPC:client_resolved:561",3397,1466
80851,813350343123026,1771,"MIPC:client_send:561",3397,1466
80856,813350343540943,3645,"MIPC:client_reply:561",3362,1466
80857,813350343704068,4479,"MIPC:client_resume:561",3397,1466
80858,813350343937713,3646,"MIPC:client_registered:562",3397,1466
80859,813350343946984,1615,"MIPC:client_entry:562",3397,1466
80860,813350343952297,1406,"MIPC:client_resolved:562",3397,1466
80861,813350343982401,1771,"MIPC:client_send:562",3397,1466
80866,813350344471880,3958,"MIPC:client_reply:562",3362,1466
80867,813350344639432,4896,"MIPC:client_resume:562",3397,1466
80868,813350344872505,4531,"MIPC:client_registered:563",3397,1466
80869,813350344887088,1563,"MIPC:client_entry:563",3397,1466
80870,813350344909745,1614,"MIPC:client_resolved:563",3397,1466
80871,813350344949276,1979,"MIPC:client_send:563",3397,1466
80876,813350345380786,4167,"MIPC:client_reply:563",3362,1466
80877,813350345537557,3021,"MIPC:client_resume:563",3397,1466
80878,813350345768495,4375,"MIPC:client_registered:564",3397,1466
80879,813350345778807,1198,"MIPC:client_entry:564",3397,1466
80880,813350345784901,1302,"MIPC:client_resolved:564",3397,1466
80881,813350345812713,1563,"MIPC:client_send:564",3397,1466
80886,813350346239380,2969,"MIPC:client_reply:564",3362,1466
80887,813350346408495,4218,"MIPC:client_resume:564",3397,1466
80890,813350346663078,3490,"MIPC:client_registered:565",3397,1466
80891,813350346673807,1511,"MIPC:client_entry:565",3397,1466
80892,813350346678963,1302,"MIPC:client_resolved:565",3397,1466
80894,813350346722193,2343,"MIPC:client_send:565",3397,1466
80902,813350347167088,3594,"MIPC:client_reply:565",3362,1466
80903,813350347332609,4531,"MIPC:client_resume:565",3397,1466
80904,813350347567505,4792,"MIPC:client_registered:566",3397,1466
80905,813350347582713,1407,"MIPC:client_entry:566",3397,1466
80906,813350347589797,1354,"MIPC:client_resolved:566",3397,1466
80907,813350347630734,2396,"MIPC:client_send:566",3397,1466
80912,813350348127818,4843,"MIPC:client_reply:566",3362,1466
80913,813350348295422,3906,"MIPC:client_resume:566",3397,1466
80915,813350348520630,4427,"MIPC:client_registered:567",3397,1466
80916,813350348532036,1459,"MIPC:client_entry:567",3397,1466
80917,813350348537349,1354,"MIPC:client_resolved:567",3397,1466
80918,813350348568599,2031,"MIPC:client_send:567",3397,1466
80926,813350349030005,4167,"MIPC:client_reply:567",3362,1466
80927,813350349206568,3541,"MIPC:client_resume:567",3397,1466
80929,813350349416515,3282,"MIPC:client_registered:568",3397,1466
80930,813350349425370,1614,"MIPC:client_entry:568",3397,1466
80931,813350349431255,1563,"MIPC:client_resolved:568",3397,1466
80932,813350349460265,1667,"MIPC:client_send:568",3397,1466
80941,813350349859745,3698,"MIPC:client_reply:568",3362,1466
80942,813350350028443,3437,"MIPC:client_resume:568",3397,1466
80944,813350350238755,5260,"MIPC:client_registered:569",3397,1466
80945,813350350252922,2135,"MIPC:client_entry:569",3397,1466
80946,813350350261359,1719,"MIPC:client_resolved:569",3397,1466
80947,813350350294484,2188,"MIPC:client_send:569",3397,1466
80954,813350350725057,5052,"MIPC:client_reply:569",3362,1466
80955,813350350892036,4740,"MIPC:client_resume:569",3397,1466
80958,813350351116984,3959,"MIPC:client_registered:570",3397,1466
80959,813350351130005,1927,"MIPC:client_entry:570",3397,1466
80960,813350351136932,1823,"MIPC:client_resolved:570",3397,1466
80961,813350351169120,2448,"MIPC:client_send:570",3397,1466
80967,813350351649328,4167,"MIPC:client_reply:570",3362,1466
80970,813350351831672,3593,"MIPC:client_resume:570",3397,1466
80971,813350352044120,4427,"MIPC:client_registered:571",3397,1466
80972,813350352057401,1823,"MIPC:client_entry:571",3397,1466
80973,813350352064120,2031,"MIPC:client_resolved:571",3397,1466
80974,813350352130370,2864,"MIPC:client_send:571",3397,1466
80979,813350352585057,4011,"MIPC:client_reply:571",3362,1466
80980,813350352738338,8230,"MIPC:client_resume:571",3397,1466
80981,813350353019172,15000,"MIPC:client_registered:572",3397,1466
80982,813350353041828,1823,"MIPC:client_entry:572",3397,1466
80983,813350353048547,1666,"MIPC:client_resolved:572",3397,1466
80984,813350353086099,2291,"MIPC:client_send:572",3397,1466
80989,813350353551203,3802,"MIPC:client_reply:572",3362,1466
80990,813350353717088,4636,"MIPC:client_resume:572",3397,1466
80991,813350353950526,3958,"MIPC:client_registered:573",3397,1466
80992,813350353961515,2396,"MIPC:client_entry:573",3397,1466
80993,813350353968338,2344,"MIPC:client_resolved:573",3397,1466
80994,813350354001776,3542,"MIPC:client_send:573",3397,1466
80999,813350354426672,3906,"MIPC:client_reply:573",3362,1466
81000,813350354593390,4532,"MIPC:client_resume:573",3397,1466
81001,813350354834536,3802,"MIPC:client_registered:574",3397,1466
81002,813350354843703,1510,"MIPC:client_entry:574",3397,1466
81003,813350354849328,1510,"MIPC:client_resolved:574",3397,1466
81004,813350354879172,2031,"MIPC:client_send:574",3397,1466
81009,813350355317505,4688,"MIPC:client_reply:574",3362,1466
81010,813350355491099,3906,"MIPC:client_resume:574",3397,1466
81011,813350355710422,4791,"MIPC:client_registered:575",3397,1466
81012,813350355723026,1510,"MIPC:client_entry:575",3397,1466
81013,813350355729536,1511,"MIPC:client_resolved:575",3397,1466
81014,813350355763182,1771,"MIPC:client_send:575",3397,1466
81019,813350356297036,4323,"MIPC:client_reply:575",3362,1466
81020,813350356481828,3437,"MIPC:client_resume:575",3397,1466
81021,813350356724276,4583,"MIPC:client_registered:576",3397,1466
81022,813350356735578,1667,"MIPC:client_entry:576",3397,1466
81023,813350356741515,1719,"MIPC:client_resolved:576",3397,1466
81024,813350356773547,1666,"MIPC:client_send:576",3397,1466
81029,813350357219693,3906,"MIPC:client_reply:576",3362,1466
81032,813350357373286,3490,"MIPC:client_resume:576",3397,1466
81033,813350357587765,2709,"MIPC:client_registered:577",3397,1466
81034,813350357596776,1458,"MIPC:client_entry:577",3397,1466
81035,813350357602401,1354,"MIPC:client_resolved:577",3397,1466
81036,813350357633599,1875,"MIPC:client_send:577",3397,1466
81041,813350358047505,4583,"MIPC:client_reply:577",3362,1466
81042,813350358196099,3229,"MIPC:client_resume:577",3397,1466
81043,813350358431359,3281,"MIPC:client_registered:578",3397,1466
81044,813350358441255,1406,"MIPC:client_entry:578",3397,1466
81045,813350358446620,1354,"MIPC:client_resolved:578",3397,1466
81046,813350358475422,2083,"MIPC:client_send:578",3397,1466
81051,813350358869849,3750,"MIPC:client_reply:578",3362,1466
81052,813350359024172,3073,"MIPC:client_resume:578",3397,1466
81053,813350359240057,4375,"MIPC:client_registered:579",3397,1466
81054,813350359253495,1510,"MIPC:client_entry:579",3397,1466
81055,813350359259276,1302,"MIPC:client_resolved:579",3397,1466
81056,813350359292401,1719,"MIPC:client_send:579",3397,1466
81061,813350359738495,4010,"MIPC:client_reply:579",3362,1466
81062,813350359905786,3229,"MIPC:client_resume:579",3397,1466
81063,813350360152818,3333,"MIPC:client_registered:580",3397,1466
81064,813350360179172,1666,"MIPC:client_entry:580",3397,1466
81065,813350360185578,1667,"MIPC:client_resolved:580",3397,1466
81066,813350360219745,2083,"MIPC:client_send:580",3397,1466
81071,813350360649015,3386,"MIPC:client_reply:580",3362,1466
81074,813350360796411,3854,"MIPC:client_resume:580",3397,1466
81075,813350361006880,3854,"MIPC:client_registered:581",3397,1466
81076,813350361016047,1302,"MIPC:client_entry:581",3397,1466
81077,813350361023599,1458,"MIPC:client_resolved:581",3397,1466
81078,813350361055213,1875,"MIPC:client_send:581",3397,1466
81087,813350361558963,3230,"MIPC:client_reply:581",3362,1466
81088,813350361725682,3906,"MIPC:client_resume:581",3397,1466
81089,813350361950995,4427,"MIPC:client_registered:582",3397,1466
81090,813350361961620,1562,"MIPC:client_entry:582",3397,1466
81091,813350361975734,1563,"MIPC:client_resolved:582",3397,1466
81092,813350362007870,1562,"MIPC:client_send:582",3397,1466
81097,813350362601828,3333,"MIPC:client_reply:582",3362,1466
81098,813350362774640,4167,"MIPC:client_resume:582",3397,1466
81099,813350363000578,4583,"MIPC:client_registered:583",3397,1466
81100,813350363014172,1562,"MIPC:client_entry:583",3397,1466
81101,813350363020318,1250,"MIPC:client_resolved:583",3397,1466
81102,813350363055318,1979,"MIPC:client_send:583",3397,1466
81107,813350363541932,3333,"MIPC:client_reply:583",3362,1466
81108,813350363699797,3333,"MIPC:client_resume:583",3397,1466
81109,813350363942609,3281,"MIPC:client_registered:584",3397,1466
81110,813350363952245,1718,"MIPC:client_entry:584",3397,1466
81111,813350363957713,1355,"MIPC:client_resolved:584",3397,1466
81112,813350364000995,1979,"MIPC:client_send:584",3397,1466
81117,813350364559328,3437,"MIPC:client_reply:584",3362,1466
81118,813350364722922,3906,"MIPC:client_resume:584",3397,1466
81119,813350364940213,2813,"MIPC:client_registered:585",3397,1466
81120,813350364948911,1511,"MIPC:client_entry:585",3397,1466
81121,813350364955109,990,"MIPC:client_resolved:585",3397,1466
81122,813350364982765,1980,"MIPC:client_send:585",3397,1466
81127,813350365403651,3437,"MIPC:client_reply:585",3362,1466
81128,813350365558963,3698,"MIPC:client_resume:585",3397,1466
81129,813350365770890,3438,"MIPC:client_registered:586",3397,1466
81130,813350365779640,1146,"MIPC:client_entry:586",3397,1466
81131,813350365784328,1094,"MIPC:client_resolved:586",3397,1466
81132,813350365810630,1198,"MIPC:client_send:586",3397,1466
81137,813350366225318,3177,"MIPC:client_reply:586",3362,1466
81138,813350366381932,3750,"MIPC:client_resume:586",3397,1466
81139,813350366615370,3698,"MIPC:client_registered:587",3397,1466
81140,813350366626463,1667,"MIPC:client_entry:587",3397,1466
81141,813350366631880,1406,"MIPC:client_resolved:587",3397,1466
81142,813350366666307,2448,"MIPC:client_send:587",3397,1466
81149,813350367113963,2865,"MIPC:client_reply:587",3362,1466
81151,813350367276463,3698,"MIPC:client_resume:587",3397,1466
81155,813350367488755,3385,"MIPC:client_registered:588",3397,1466
81156,813350367499380,1667,"MIPC:client_entry:588",3397,1466
81157,813350367505109,1563,"MIPC:client_resolved:588",3397,1466
81158,813350367534172,1927,"MIPC:client_send:588",3397,1466
81163,813350368070161,3959,"MIPC:client_reply:588",3362,1466
81164,813350368242765,3698,"MIPC:client_resume:588",3397,1466
81165,813350368489901,4792,"MIPC:client_registered:589",3397,1466
81166,813350368505057,1771,"MIPC:client_entry:589",3397,1466
81167,813350368512088,2240,"MIPC:client_resolved:589",3397,1466
81168,813350368549745,2135,"MIPC:client_send:589",3397,1466
81173,813350369076724,3958,"MIPC:client_reply:589",3362,1466
81174,813350369257505,3646,"MIPC:client_resume:589",3397,1466
81175,813350369495838,4375,"MIPC:client_registered:590",3397,1466
81176,813350369507713,1511,"MIPC:client_entry:590",3397,1466
81177,813350369513182,1511,"MIPC:client_resolved:590",3397,1466
81178,813350369545526,2604,"MIPC:client_send:590",3397,1466
81183,813350369985995,4166,"MIPC:client_reply:590",3362,1466
81184,813350370164015,4115,"MIPC:client_resume:590",3397,1466
81185,813350370395161,3802,"MIPC:client_registered:591",3397,1466
81186,813350370405526,1354,"MIPC:client_entry:591",3397,1466
81187,813350370410578,1354,"MIPC:client_resolved:591",3397,1466
81188,813350370440265,2084,"MIPC:client_send:591",3397,1466
81193,813350370882609,4271,"MIPC:client_reply:591",3362,1466
81194,813350371057505,4323,"MIPC:client_resume:591",3397,1466
81195,813350371285161,3959,"MIPC:client_registered:592",3397,1466
81196,813350371298078,1667,"MIPC:client_entry:592",3397,1466
81197,813350371303963,1459,"MIPC:client_resolved:592",3397,1466
81198,813350371339120,1927,"MIPC:client_send:592",3397,1466
81203,813350371874224,5052,"MIPC:client_reply:592",3362,1466
81204,813350372073026,3698,"MIPC:client_resume:592",3397,1466
81205,813350372439849,3750,"MIPC:client_registered:593",3397,1466
81206,813350372450682,1667,"MIPC:client_entry:593",3397,1466
81207,813350372456099,1614,"MIPC:client_resolved:593",3397,1466
81208,813350372487870,1875,"MIPC:client_send:593",3397,1466
81213,813350372965943,3958,"MIPC:client_reply:593",3362,1466
81214,813350373163078,3802,"MIPC:client_resume:593",3397,1466
81215,813350373395786,3229,"MIPC:client_registered:594",3397,1466
81216,813350373405109,1563,"MIPC:client_entry:594",3397,1466
81217,813350373413026,1719,"MIPC:client_resolved:594",3397,1466
81218,813350373455109,2240,"MIPC:client_send:594",3397,1466
81223,813350373941515,1980,"MIPC:client_reply:594",3362,1466
81224,813350374112401,3854,"MIPC:client_resume:594",3397,1466
81225,813350374351099,3489,"MIPC:client_registered:595",3397,1466
81226,813350374361203,2031,"MIPC:client_entry:595",3397,1466
81227,813350374369380,1823,"MIPC:client_resolved:595",3397,1466
81228,813350374406359,2136,"MIPC:client_send:595",3397,1466
81233,813350374873182,4271,"MIPC:client_reply:595",3362,1466
81234,813350375103859,3542,"MIPC:client_resume:595",3397,1466
81242,813350375334693,2552,"MIPC:client_registered:596",3397,1466
81243,813350375342765,1511,"MIPC:client_entry:596",3397,1466
81244,813350375348338,1511,"MIPC:client_resolved:596",3397,1466
81245,813350375377505,1563,"MIPC:client_send:596",3397,1466
81250,813350375838130,4323,"MIPC:client_reply:596",3362,1466
81251,813350376014172,3802,"MIPC:client_resume:596",3397,1466
81252,813350376311828,2187,"MIPC:client_registered:597",3397,1466
81253,813350376318963,1459,"MIPC:client_entry:597",3397,1466
81254,813350376324380,1563,"MIPC:client_resolved:597",3397,1466
81255,813350376356359,1771,"MIPC:client_send:597",3397,1466
81260,813350376833911,4167,"MIPC:client_reply:597",3362,1466
81263,813350376985890,4480,"MIPC:client_resume:597",3397,1466
81265,813350377203651,3177,"MIPC:client_registered:598",3397,1466
81266,813350377212818,1562,"MIPC:client_entry:598",3397,1466
81267,813350377218599,1406,"MIPC:client_resolved:598",3397,1466
81270,813350377250265,3230,"MIPC:client_send:598",3397,1466
81275,813350377682661,3594,"MIPC:client_reply:598",3362,1466
81278,813350377831463,3855,"MIPC:client_resume:598",3397,1466
81283,813350378046463,3230,"MIPC:client_registered:599",3397,1466
81284,813350378058078,1562,"MIPC:client_entry:599",3397,1466
81285,813350378064640,1615,"MIPC:client_resolved:599",3397,1466
81286,813350378095005,1823,"MIPC:client_send:599",3397,1466
81297,813350378779172,4218,"MIPC:client_reply:599",3362,1466
81298,813350378953026,5104,"MIPC:client_resume:599",3397,1466
81299,813350379199484,5104,"MIPC:client_registered:600",3397,1466
81300,813350379214380,1823,"MIPC:client_entry:600",3397,1466
81301,813350379220474,1719,"MIPC:client_resolved:600",3397,1466
81302,813350379257193,2135,"MIPC:client_send:600",3397,1466
81307,813350379744380,3906,"MIPC:client_reply:600",3362,1466
81308,813350379933443,4375,"MIPC:client_resume:600",3397,1466
81309,813350380262088,4375,"MIPC:client_registered:601",3397,1466
81310,813350380281672,2031,"MIPC:client_entry:601",3397,1466
81311,813350380289432,1771,"MIPC:client_resolved:601",3397,1466
81312,813350380324224,1875,"MIPC:client_send:601",3397,1466
81317,813350380804172,3802,"MIPC:client_reply:601",3362,1466
81318,813350380978286,3386,"MIPC:client_resume:601",3397,1466
81319,813350381185838,4271,"MIPC:client_registered:602",3397,1466
81320,813350381198963,2136,"MIPC:client_entry:602",3397,1466
81321,813350381207765,1823,"MIPC:client_resolved:602",3397,1466
81322,813350381240474,2187,"MIPC:client_send:602",3397,1466
81327,813350381718807,3490,"MIPC:client_reply:602",3362,1466
81328,813350381885318,4010,"MIPC:client_resume:602",3397,1466
81329,813350382091255,4479,"MIPC:client_registered:603",3397,1466
81330,813350382103338,1407,"MIPC:client_entry:603",3397,1466
81331,813350382119640,1615,"MIPC:client_resolved:603",3397,1466
81332,813350382153495,1770,"MIPC:client_send:603",3397,1466
81337,813350382617713,3490,"MIPC:client_reply:603",3362,1466
81338,813350382784901,3489,"MIPC:client_resume:603",3397,1466
81339,813350383017765,5105,"MIPC:client_registered:604",3397,1466
81340,813350383029276,2135,"MIPC:client_entry:604",3397,1466
81341,813350383035370,1823,"MIPC:client_resolved:604",3397,1466
81342,813350383065370,2083,"MIPC:client_send:604",3397,1466
81347,813350383574015,4271,"MIPC:client_reply:604",3362,1466
81348,813350383745057,4427,"MIPC:client_resume:604",3397,1466
81349,813350383954224,3594,"MIPC:client_registered:605",3397,1466
81350,813350383963807,1667,"MIPC:client_entry:605",3397,1466
81351,813350383969380,1510,"MIPC:client_resolved:605",3397,1466
81352,813350384015318,1875,"MIPC:client_send:605",3397,1466
81357,813350384512818,4010,"MIPC:client_reply:605",3362,1466
81358,813350384683130,4375,"MIPC:client_resume:605",3397,1466
81359,813350384889797,4791,"MIPC:client_registered:606",3397,1466
81360,813350384901099,1666,"MIPC:client_entry:606",3397,1466
81361,813350384906515,1511,"MIPC:client_resolved:606",3397,1466
81362,813350384934745,2083,"MIPC:client_send:606",3397,1466
81367,813350385449224,3541,"MIPC:client_reply:606",3362,1466
81368,813350385621724,4583,"MIPC:client_resume:606",3397,1466
81369,813350385830213,4688,"MIPC:client_registered:607",3397,1466
81370,813350385844015,1875,"MIPC:client_entry:607",3397,1466
81371,813350385850318,1770,"MIPC:client_resolved:607",3397,1466
81372,813350385886880,2552,"MIPC:client_send:607",3397,1466
81377,813350386370578,3281,"MIPC:client_reply:607",3362,1466
81378,813350386543078,4323,"MIPC:client_resume:607",3397,1466
81379,813350386761203,4323,"MIPC:client_registered:608",3397,1466
81380,813350386772505,1458,"MIPC:client_entry:608",3397,1466
81381,813350386778130,2708,"MIPC:client_resolved:608",3397,1466
81382,813350386810943,1927,"MIPC:client_send:608",3397,1466
81387,813350387274797,3333,"MIPC:client_reply:608",3362,1466
81388,813350387504797,4323,"MIPC:client_resume:608",3397,1466
81389,813350387739380,4375,"MIPC:client_registered:609",3397,1466
81390,813350387751359,1667,"MIPC:client_entry:609",3397,1466
81391,813350387757088,1719,"MIPC:client_resolved:609",3397,1466
81392,813350387787349,2604,"MIPC:client_send:609",3397,1466
81397,813350388391359,3490,"MIPC:client_reply:609",3362,1466
81398,813350388590682,3906,"MIPC:client_resume:609",3397,1466
81399,813350388850943,3437,"MIPC:client_registered:610",3397,1466
81400,813350388860057,1719,"MIPC:client_entry:610",3397,1466
81401,813350388865734,1511,"MIPC:client_resolved:610",3397,1466
81402,813350388895265,1823,"MIPC:client_send:610",3397,1466
81407,813350389392297,4739,"MIPC:client_reply:610",3362,1466
81408,813350389557193,5052,"MIPC:client_resume:610",3397,1466
81409,813350389769015,4740,"MIPC:client_registered:611",3397,1466
81410,813350389780318,1510,"MIPC:client_entry:611",3397,1466
81411,813350389785474,1250,"MIPC:client_resolved:611",3397,1466
81412,813350389819172,2083,"MIPC:client_send:611",3397,1466
81417,813350390293495,3802,"MIPC:client_reply:611",3362,1466
81418,813350390464484,3906,"MIPC:client_resume:611",3397,1466
81419,813350390695630,4115,"MIPC:client_registered:612",3397,1466
81420,813350390706047,1354,"MIPC:client_entry:612",3397,1466
81421,813350390710890,1250,"MIPC:client_resolved:612",3397,1466
81422,813350390739797,1823,"MIPC:client_send:612",3397,1466
81427,813350391245734,4219,"MIPC:client_reply:612",3362,1466
81428,813350391430318,4166,"MIPC:client_resume:612",3397,1466
81429,813350391643599,4114,"MIPC:client_registered:613",3397,1466
81430,813350391654276,1667,"MIPC:client_entry:613",3397,1466
81431,813350391659797,1250,"MIPC:client_resolved:613",3397,1466
81432,813350391686828,2240,"MIPC:client_send:613",3397,1466
81437,813350392206568,4062,"MIPC:client_reply:613",3362,1466
81438,813350392387661,4271,"MIPC:client_resume:613",3397,1466
81439,813350392616515,3542,"MIPC:client_registered:614",3397,1466
81440,813350392625213,1459,"MIPC:client_entry:614",3397,1466
81441,813350392630422,1562,"MIPC:client_resolved:614",3397,1466
81442,813350392658703,2083,"MIPC:client_send:614",3397,1466
81447,813350393145838,3698,"MIPC:client_reply:614",3362,1466
81448,813350393315161,4219,"MIPC:client_resume:614",3397,1466
81449,813350393537140,3907,"MIPC:client_registered:615",3397,1466
81450,813350393547088,1615,"MIPC:client_entry:615",3397,1466
81451,813350393552870,1302,"MIPC:client_resolved:615",3397,1466
81452,813350393582036,2032,"MIPC:client_send:615",3397,1466
81457,813350394084901,5000,"MIPC:client_reply:615",3362,1466
81458,813350394266932,4011,"MIPC:client_resume:615",3397,1466
81461,813350394508078,2865,"MIPC:client_registered:616",3397,1466
81462,813350394515786,1354,"MIPC:client_entry:616",3397,1466
81463,813350394520995,1406,"MIPC:client_resolved:616",3397,1466
81464,813350394547922,2187,"MIPC:client_send:616",3397,1466
81473,813350395099276,3646,"MIPC:client_reply:616",3362,1466
81474,813350395281411,4584,"MIPC:client_resume:616",3397,1466
81475,813350395566203,4062,"MIPC:client_registered:617",3397,1466
81476,813350395576932,1771,"MIPC:client_entry:617",3397,1466
81477,813350395582922,1406,"MIPC:client_resolved:617",3397,1466
81478,813350395613338,2136,"MIPC:client_send:617",3397,1466
81483,813350396073495,4583,"MIPC:client_reply:617",3362,1466
81484,813350396289068,4166,"MIPC:client_resume:617",3397,1466
81487,813350396530318,3645,"MIPC:client_registered:618",3397,1466
81488,813350396541672,1458,"MIPC:client_entry:618",3397,1466
81489,813350396547713,1511,"MIPC:client_resolved:618",3397,1466
81490,813350396579745,2135,"MIPC:client_send:618",3397,1466
81499,813350397203495,4218,"MIPC:client_reply:618",3362,1466
81500,813350397388859,3281,"MIPC:client_resume:618",3397,1466
81501,813350397600578,3437,"MIPC:client_registered:619",3397,1466
81502,813350397610005,1719,"MIPC:client_entry:619",3397,1466
81503,813350397615630,1250,"MIPC:client_resolved:619",3397,1466
81504,813350397644640,1928,"MIPC:client_send:619",3397,1466
81509,813350398129953,3333,"MIPC:client_reply:619",3362,1466
81510,813350398305265,4323,"MIPC:client_resume:619",3397,1466
81513,813350398553651,4167,"MIPC:client_registered:620",3397,1466
81514,813350398573390,1823,"MIPC:client_entry:620",3397,1466
81515,813350398580057,1354,"MIPC:client_resolved:620",3397,1466
81518,813350398619224,2344,"MIPC:client_send:620",3397,1466
81525,813350399164745,3489,"MIPC:client_reply:620",3362,1466
81526,813350399334745,4166,"MIPC:client_resume:620",3397,1466
81527,813350399538495,3958,"MIPC:client_registered:621",3397,1466
81528,813350399549224,1302,"MIPC:client_entry:621",3397,1466
81529,813350399554432,1354,"MIPC:client_resolved:621",3397,1466
81530,813350399592245,2812,"MIPC:client_send:621",3397,1466
81535,813350400062349,3541,"MIPC:client_reply:621",3362,1466
81536,813350400257245,4270,"MIPC:client_resume:621",3397,1466
81537,813350400457713,3073,"MIPC:client_registered:622",3397,1466
81538,813350400466672,1354,"MIPC:client_entry:622",3397,1466
81539,813350400487193,1666,"MIPC:client_resolved:622",3397,1466
81540,813350400525474,1927,"MIPC:client_send:622",3397,1466
81545,813350400982609,3906,"MIPC:client_reply:622",3362,1466
81546,813350401150265,3698,"MIPC:client_resume:622",3397,1466
81547,813350401366515,3594,"MIPC:client_registered:623",3397,1466
81548,813350401375578,1510,"MIPC:client_entry:623",3397,1466
81549,813350401382036,1459,"MIPC:client_resolved:623",3397,1466
81550,813350401411255,1823,"MIPC:client_send:623",3397,1466
81555,813350401941307,3750,"MIPC:client_reply:623",3362,1466
81558,813350402135943,3697,"MIPC:client_resume:623",3397,1466
81559,813350402340265,3542,"MIPC:client_registered:624",3397,1466
81560,813350402349328,1354,"MIPC:client_entry:624",3397,1466
81561,813350402354380,1302,"MIPC:client_resolved:624",3397,1466
81562,813350402392713,2292,"MIPC:client_send:624",3397,1466
81571,813350402934693,2968,"MIPC:client_reply:624",3362,1466
81572,813350403105943,3541,"MIPC:client_resume:624",3397,1466
81573,813350403318859,4688,"MIPC:client_registered:625",3397,1466
81574,813350403330422,1406,"MIPC:client_entry:625",3397,1466
81575,813350403337193,1562,"MIPC:client_resolved:625",3397,1466
81576,813350403367922,2239,"MIPC:client_send:625",3397,1466
81581,813350403900265,3907,"MIPC:client_reply:625",3362,1466
81582,813350404069015,4115,"MIPC:client_resume:625",3397,1466
81583,813350404382818,44739,"MIPC:client_registered:626",3397,1466
81584,813350404433651,1406,"MIPC:client_entry:626",3397,1466
81585,813350404439849,1354,"MIPC:client_resolved:626",3397,1466
81586,813350404471515,2084,"MIPC:client_send:626",3397,1466
81591,813350404999745,4166,"MIPC:client_reply:626",3362,1466
81592,813350405211411,3073,"MIPC:client_resume:626",3397,1466
81593,813350405449015,3959,"MIPC:client_registered:627",3397,1466
81594,813350405458547,1354,"MIPC:client_entry:627",3397,1466
81595,813350405466047,1458,"MIPC:client_resolved:627",3397,1466
81596,813350405500422,2187,"MIPC:client_send:627",3397,1466
81601,813350406015786,4167,"MIPC:client_reply:627",3362,1466
81602,813350406184901,3958,"MIPC:client_resume:627",3397,1466
81603,813350406395474,3333,"MIPC:client_registered:628",3397,1466
81604,813350406405213,1302,"MIPC:client_entry:628",3397,1466
81605,813350406410057,1198,"MIPC:client_resolved:628",3397,1466
81606,813350406440318,2708,"MIPC:client_send:628",3397,1466
81611,813350406915734,3281,"MIPC:client_reply:628",3362,1466
81612,813350407077036,3802,"MIPC:client_resume:628",3397,1466
81621,813350407456463,2657,"MIPC:client_registered:629",3397,1466
81622,813350407464588,2188,"MIPC:client_entry:629",3397,1466
81623,813350407470995,1250,"MIPC:client_resolved:629",3397,1466
81624,813350407497922,1458,"MIPC:client_send:629",3397,1466
81636,813350407921359,2917,"MIPC:client_reply:629",3362,1466
81637,813350408082297,4271,"MIPC:client_resume:629",3397,1466
81638,813350408365526,3906,"MIPC:client_registered:630",3397,1466
81639,813350408375109,1459,"MIPC:client_entry:630",3397,1466
81640,813350408380161,1250,"MIPC:client_resolved:630",3397,1466
81641,813350408406776,1406,"MIPC:client_send:630",3397,1466
81659,813350408863338,4063,"MIPC:client_reply:630",3362,1466
81665,813350409032922,3177,"MIPC:client_resume:630",3397,1466
81666,813350409261724,2916,"MIPC:client_registered:631",3397,1466
81667,813350409271359,1511,"MIPC:client_entry:631",3397,1466
81668,813350409276620,1250,"MIPC:client_resolved:631",3397,1466
81669,813350409304901,1927,"MIPC:client_send:631",3397,1466
81674,813350409799640,3490,"MIPC:client_reply:631",3362,1466
81675,813350409954015,4532,"MIPC:client_resume:631",3397,1466
81676,813350410165370,3281,"MIPC:client_registered:632",3397,1466
81677,813350410175474,1510,"MIPC:client_entry:632",3397,1466
81678,813350410181151,1198,"MIPC:client_resolved:632",3397,1466
81679,813350410212036,2448,"MIPC:client_send:632",3397,1466
81684,813350410680370,3333,"MIPC:client_reply:632",3362,1466
81685,813350410846463,4532,"MIPC:client_resume:632",3397,1466
81686,813350411065578,2500,"MIPC:client_registered:633",3397,1466
81687,813350411073755,1406,"MIPC:client_entry:633",3397,1466
81688,813350411079224,1354,"MIPC:client_resolved:633",3397,1466
81689,813350411108078,2240,"MIPC:client_send:633",3397,1466
81694,813350411607245,3177,"MIPC:client_reply:633",3362,1466
81695,813350411755630,4427,"MIPC:client_resume:633",3397,1466
81696,813350411966932,3594,"MIPC:client_registered:634",3397,1466
81697,813350411976932,1615,"MIPC:client_entry:634",3397,1466
81698,813350411982661,1250,"MIPC:client_resolved:634",3397,1466
81699,813350412011463,1927,"MIPC:client_send:634",3397,1466
81704,813350412599693,3020,"MIPC:client_reply:634",3362,1466
81705,813350412759328,3542,"MIPC:client_resume:634",3397,1466
81706,813350412977557,3438,"MIPC:client_registered:635",3397,1466
81707,813350412987193,1614,"MIPC:client_entry:635",3397,1466
81708,813350412992453,1250,"MIPC:client_resolved:635",3397,1466
81709,813350413026568,2291,"MIPC:client_send:635",3397,1466
81714,813350413487297,2708,"MIPC:client_reply:635",3362,1466
81715,813350413659953,4167,"MIPC:client_resume:635",3397,1466
81716,813350413889276,4114,"MIPC:client_registered:636",3397,1466
81717,813350413899849,1250,"MIPC:client_entry:636",3397,1466
81718,813350413907818,2500,"MIPC:client_resolved:636",3397,1466
81719,813350413942557,2083,"MIPC:client_send:636",3397,1466
81724,813350414453338,3125,"MIPC:client_reply:636",3362,1466
81725,813350414611359,4844,"MIPC:client_resume:636",3397,1466
81726,813350414846880,4010,"MIPC:client_registered:637",3397,1466
81727,813350414858651,1614,"MIPC:client_entry:637",3397,1466
81728,813350414864380,1250,"MIPC:client_resolved:637",3397,1466
81729,813350414897922,1979,"MIPC:client_send:637",3397,1466
81734,813350415334015,3750,"MIPC:client_reply:637",3362,1466
81735,813350415499068,4166,"MIPC:client_resume:637",3397,1466
81736,813350415706984,2917,"MIPC:client_registered:638",3397,1466
81737,813350415715734,1823,"MIPC:client_entry:638",3397,1466
81738,813350415722609,1459,"MIPC:client_resolved:638",3397,1466
81739,813350415753130,2083,"MIPC:client_send:638",3397,1466
81744,813350416203859,3542,"MIPC:client_reply:638",3362,1466
81745,813350416367088,3646,"MIPC:client_resume:638",3397,1466
81746,813350416570943,4010,"MIPC:client_registered:639",3397,1466
81747,813350416598599,1875,"MIPC:client_entry:639",3397,1466
81748,813350416606047,1927,"MIPC:client_resolved:639",3397,1466
81749,813350416640526,1979,"MIPC:client_send:639",3397,1466
81754,813350417058390,3386,"MIPC:client_reply:639",3362,1466
81755,813350417200474,4114,"MIPC:client_resume:639",3397,1466
81756,813350417424953,4427,"MIPC:client_registered:640",3397,1466
81757,813350417436099,1406,"MIPC:client_entry:640",3397,1466
81758,813350417441776,1458,"MIPC:client_resolved:640",3397,1466
81759,813350417472036,1823,"MIPC:client_send:640",3397,1466
81764,813350417923026,3489,"MIPC:client_reply:640",3362,1466
81765,813350418080422,4687,"MIPC:client_resume:640",3397,1466
81766,813350418297401,3958,"MIPC:client_registered:641",3397,1466
81767,813350418308026,2135,"MIPC:client_entry:641",3397,1466
81768,813350418325057,2083,"MIPC:client_resolved:641",3397,1466
81769,813350418359120,2448,"MIPC:client_send:641",3397,1466
81774,813350418784693,3750,"MIPC:client_reply:641",3362,1466
81775,813350418963859,4531,"MIPC:client_resume:641",3397,1466
81776,813350419178390,3959,"MIPC:client_registered:642",3397,1466
81777,813350419191776,2292,"MIPC:client_entry:642",3397,1466
81778,813350419199120,1875,"MIPC:client_resolved:642",3397,1466
81779,813350419234953,2448,"MIPC:client_send:642",3397,1466
81784,813350419662088,4323,"MIPC:client_reply:642",3362,1466
81785,813350419823390,4063,"MIPC:client_resume:642",3397,1466
81786,813350420028495,3437,"MIPC:client_registered:643",3397,1466
81787,813350420038130,1094,"MIPC:client_entry:643",3397,1466
81788,813350420043703,2083,"MIPC:client_resolved:643",3397,1466
81789,813350420086411,1979,"MIPC:client_send:643",3397,1466
81794,813350420650265,3490,"MIPC:client_reply:643",3362,1466
81795,813350420828078,5417,"MIPC:client_resume:643",3397,1466
81796,813350421048599,4166,"MIPC:client_registered:644",3397,1466
81797,813350421064588,1823,"MIPC:client_entry:644",3397,1466
81798,813350421070838,1042,"MIPC:client_resolved:644",3397,1466
81799,813350421106828,2083,"MIPC:client_send:644",3397,1466
81804,813350421572661,3750,"MIPC:client_reply:644",3362,1466
81805,813350421722557,3854,"MIPC:client_resume:644",3397,1466
81806,813350421954588,3438,"MIPC:client_registered:645",3397,1466
81807,813350421963599,1302,"MIPC:client_entry:645",3397,1466
81808,813350421969015,1250,"MIPC:client_resolved:645",3397,1466
81809,813350421998755,1406,"MIPC:client_send:645",3397,1466
81814,813350422435734,1823,"MIPC:client_reply:645",3362,1466
81815,813350422613182,3854,"MIPC:client_resume:645",3397,1466
81816,813350422839745,4114,"MIPC:client_registered:646",3397,1466
81817,813350422851047,1927,"MIPC:client_entry:646",3397,1466
81818,813350422858963,1563,"MIPC:client_resolved:646",3397,1466
81819,813350422895734,2500,"MIPC:client_send:646",3397,1466
81824,813350423325630,3802,"MIPC:client_reply:646",3362,1466
81825,813350423478338,3698,"MIPC:client_resume:646",3397,1466
81826,813350423691984,4636,"MIPC:client_registered:647",3397,1466
81827,813350423703703,1458,"MIPC:client_entry:647",3397,1466
81828,813350423709276,1302,"MIPC:client_resolved:647",3397,1466
81829,813350423742401,1719,"MIPC:client_send:647",3397,1466
81834,813350424194693,3697,"MIPC:client_reply:647",3362,1466
81835,813350424341307,3750,"MIPC:client_resume:647",3397,1466
81836,813350424608026,4896,"MIPC:client_registered:648",3397,1466
81837,813350424622661,2240,"MIPC:client_entry:648",3397,1466
81838,813350424629901,1875,"MIPC:client_resolved:648",3397,1466
81839,813350424666672,2396,"MIPC:client_send:648",3397,1466
81844,813350425133182,3854,"MIPC:client_reply:648",3362,1466
81845,813350425322557,4063,"MIPC:client_resume:648",3397,1466
81846,813350425569536,4115,"MIPC:client_registered:649",3397,1466
81847,813350425580786,1511,"MIPC:client_entry:649",3397,1466
81848,813350425587505,1458,"MIPC:client_resolved:649",3397,1466
81849,813350425626099,2031,"MIPC:client_send:649",3397,1466
81854,813350426127765,3542,"MIPC:client_reply:649",3362,1466
81855,813350426322245,4895,"MIPC:client_resume:649",3397,1466
81856,813350426575943,4479,"MIPC:client_registered:650",3397,1466
81857,813350426587349,1354,"MIPC:client_entry:650",3397,1466
81858,813350426592765,1198,"MIPC:client_resolved:650",3397,1466
81859,813350426633182,2396,"MIPC:client_send:650",3397,1466
81864,813350427110005,3385,"MIPC:client_reply:650",3362,1466
81865,813350427295474,5000,"MIPC:client_resume:650",3397,1466
81866,813350427596620,3698,"MIPC:client_registered:651",3397,1466
81867,813350427608234,1250,"MIPC:client_entry:651",3397,1466
81868,813350427613130,1354,"MIPC:client_resolved:651",3397,1466
81869,813350427645370,1875,"MIPC:client_send:651",3397,1466
81874,813350428081151,2969,"MIPC:client_reply:651",3362,1466
81875,813350428372713,4584,"MIPC:client_resume:651",3397,1466
81876,813350428623599,3541,"MIPC:client_registered:652",3397,1466
81877,813350428633078,1146,"MIPC:client_entry:652",3397,1466
81878,813350428638130,1042,"MIPC:client_resolved:652",3397,1466
81879,813350428672765,1511,"MIPC:client_send:652",3397,1466
81884,813350429096984,3281,"MIPC:client_reply:652",3362,1466
81885,813350429261047,5989,"MIPC:client_resume:652",3397,1466
81886,813350429491620,5104,"MIPC:client_registered:653",3397,1466
81887,813350429507401,1354,"MIPC:client_entry:653",3397,1466
81888,813350429513338,1042,"MIPC:client_resolved:653",3397,1466
81889,813350429550109,2188,"MIPC:client_send:653",3397,1466
81894,813350429996099,3489,"MIPC:client_reply:653",3362,1466
81895,813350430167401,4375,"MIPC:client_resume:653",3397,1466
81896,813350430395943,4531,"MIPC:client_registered:654",3397,1466
81897,813350430409276,1198,"MIPC:client_entry:654",3397,1466
81898,813350430414797,1146,"MIPC:client_resolved:654",3397,1466
81899,813350430452713,2552,"MIPC:client_send:654",3397,1466
81904,813350430884328,3958,"MIPC:client_reply:654",3362,1466
81905,813350431063182,5573,"MIPC:client_resume:654",3397,1466
81906,813350431280005,4531,"MIPC:client_registered:655",3397,1466
81907,813350431290943,1041,"MIPC:client_entry:655",3397,1466
81908,813350431295474,1198,"MIPC:client_resolved:655",3397,1466
81909,813350431326307,1615,"MIPC:client_send:655",3397,1466
81914,813350431760005,4323,"MIPC:client_reply:655",3362,1466
81915,813350431931932,4896,"MIPC:client_resume:655",3397,1466
81916,813350432198963,2396,"MIPC:client_registered:656",3397,1466
81917,813350432209172,1875,"MIPC:client_entry:656",3397,1466
81918,813350432216463,1771,"MIPC:client_resolved:656",3397,1466
81919,813350432251880,2448,"MIPC:client_send:656",3397,1466
81924,813350432673338,4167,"MIPC:client_reply:656",3362,1466
81925,813350432846047,4323,"MIPC:client_resume:656",3397,1466
81926,813350433057557,3229,"MIPC:client_registered:657",3397,1466
81927,813350433067401,1146,"MIPC:client_entry:657",3397,1466
81928,813350433072661,1042,"MIPC:client_resolved:657",3397,1466
81929,813350433103547,2135,"MIPC:client_send:657",3397,1466
81934,813350433556099,4010,"MIPC:client_reply:657",3362,1466
81935,813350433725318,4166,"MIPC:client_resume:657",3397,1466
81936,813350433943234,3542,"MIPC:client_registered:658",3397,1466
81937,813350433953078,1354,"MIPC:client_entry:658",3397,1466
81938,813350433958859,1615,"MIPC:client_resolved:658",3397,1466
81939,813350433995995,1718,"MIPC:client_send:658",3397,1466
81944,813350434418495,2968,"MIPC:client_reply:658",3362,1466
81945,813350434581047,4531,"MIPC:client_resume:658",3397,1466
81946,813350434790318,3281,"MIPC:client_registered:659",3397,1466
81947,813350434799172,1354,"MIPC:client_entry:659",3397,1466
81948,813350434804953,1146,"MIPC:client_resolved:659",3397,1466
81949,813350434833963,1823,"MIPC:client_send:659",3397,1466
81954,813350435259380,4063,"MIPC:client_reply:659",3362,1466
81955,813350435419484,5573,"MIPC:client_resume:659",3397,1466
81956,813350435709380,4271,"MIPC:client_registered:660",3397,1466
81957,813350435731776,2969,"MIPC:client_entry:660",3397,1466
81958,813350435741463,1615,"MIPC:client_resolved:660",3397,1466
81959,813350435779484,1823,"MIPC:client_send:660",3397,1466
81964,813350436364015,3907,"MIPC:client_reply:660",3362,1466
81965,813350436556672,5104,"MIPC:client_resume:660",3397,1466
81968,813350436828963,3594,"MIPC:client_registered:661",3397,1466
81969,813350436838234,1406,"MIPC:client_entry:661",3397,1466
81970,813350436843338,1094,"MIPC:client_resolved:661",3397,1466
81971,813350436871880,1875,"MIPC:client_send:661",3397,1466
81980,813350437465318,4583,"MIPC:client_reply:661",3362,1466
81981,813350437640057,5156,"MIPC:client_resume:661",3397,1466
81982,813350437873234,3542,"MIPC:client_registered:662",3397,1466
81983,813350437883443,1250,"MIPC:client_entry:662",3397,1466
81984,813350437897765,1146,"MIPC:client_resolved:662",3397,1466
81985,813350437931151,2344,"MIPC:client_send:662",3397,1466
81990,813350438377661,4219,"MIPC:client_reply:662",3362,1466
81991,813350438543859,4375,"MIPC:client_resume:662",3397,1466
81992,813350438778286,5104,"MIPC:client_registered:663",3397,1466
81993,813350438790318,1770,"MIPC:client_entry:663",3397,1466
81994,813350438795578,1875,"MIPC:client_resolved:663",3397,1466
81995,813350438827609,2084,"MIPC:client_send:663",3397,1466
82000,813350439266307,4271,"MIPC:client_reply:663",3362,1466
82001,813350439445943,4843,"MIPC:client_resume:663",3397,1466
82002,813350439656880,4531,"MIPC:client_registered:664",3397,1466
82003,813350439667349,1354,"MIPC:client_entry:664",3397,1466
82004,813350439672297,989,"MIPC:client_resolved:664",3397,1466
82005,813350439721359,1927,"MIPC:client_send:664",3397,1466
82010,813350440203130,3906,"MIPC:client_reply:664",3362,1466
82011,813350440382974,4635,"MIPC:client_resume:664",3397,1466
82012,813350440594745,4687,"MIPC:client_registered:665",3397,1466
82013,813350440609432,1302,"MIPC:client_entry:665",3397,1466
82014,813350440615734,1094,"MIPC:client_resolved:665",3397,1466
82015,813350440652036,2136,"MIPC:client_send:665",3397,1466
82020,813350441101099,4062,"MIPC:client_reply:665",3362,1466
82021,813350441238078,5312,"MIPC:client_resume:665",3397,1466
82022,813350441457557,3333,"MIPC:client_registered:666",3397,1466
82023,813350441467297,1093,"MIPC:client_entry:666",3397,1466
82024,813350441472193,1041,"MIPC:client_resolved:666",3397,1466
82025,813350441502245,2239,"MIPC:client_send:666",3397,1466
82030,813350442040161,3438,"MIPC:client_reply:666",3362,1466
82031,813350442213599,4323,"MIPC:client_resume:666",3397,1466
82032,813350442443078,5052,"MIPC:client_registered:667",3397,1466
82033,813350442459380,2083,"MIPC:client_entry:667",3397,1466
82034,813350442465838,1459,"MIPC:client_resolved:667",3397,1466
82035,813350442499224,2396,"MIPC:client_send:667",3397,1466
82040,813350443000057,3906,"MIPC:client_reply:667",3362,1466
82041,813350443136307,4688,"MIPC:client_resume:667",3397,1466
82042,813350443343130,3698,"MIPC:client_registered:668",3397,1466
82043,813350443356411,1354,"MIPC:client_entry:668",3397,1466
82044,813350443362609,1094,"MIPC:client_resolved:668",3397,1466
82045,813350443397245,2291,"MIPC:client_send:668",3397,1466
82050,813350444025682,4271,"MIPC:client_reply:668",3362,1466
82051,813350444190578,4427,"MIPC:client_resume:668",3397,1466
82052,813350444479224,4427,"MIPC:client_registered:669",3397,1466
82053,813350444491620,2187,"MIPC:client_entry:669",3397,1466
82054,813350444499693,1354,"MIPC:client_resolved:669",3397,1466
82055,813350444537245,2448,"MIPC:client_send:669",3397,1466
82060,813350445099172,5052,"MIPC:client_reply:669",3362,1466
82061,813350445268390,5938,"MIPC:client_resume:669",3397,1466
82062,813350445538390,4219,"MIPC:client_registered:670",3397,1466
82063,813350445550474,1875,"MIPC:client_entry:670",3397,1466
82064,813350445559276,1979,"MIPC:client_resolved:670",3397,1466
82065,813350445604745,2552,"MIPC:client_send:670",3397,1466
82070,813350446183234,4896,"MIPC:client_reply:670",3362,1466
82071,813350446351515,5678,"MIPC:client_resume:670",3397,1466
82072,813350446628286,4011,"MIPC:client_registered:671",3397,1466
82073,813350446639693,2239,"MIPC:client_entry:671",3397,1466
82074,813350446647713,3594,"MIPC:client_resolved:671",3397,1466
82075,813350446695838,3073,"MIPC:client_send:671",3397,1466
82080,813350447264380,3854,"MIPC:client_reply:671",3362,1466
82081,813350447433390,6250,"MIPC:client_resume:671",3397,1466
82082,813350447711307,4323,"MIPC:client_registered:672",3397,1466
82083,813350447725786,2240,"MIPC:client_entry:672",3397,1466
82084,813350447734693,2812,"MIPC:client_resolved:672",3397,1466
82085,813350447777088,3021,"MIPC:client_send:672",3397,1466
82090,813350448330057,4636,"MIPC:client_reply:672",3362,1466
82091,813350448494693,6302,"MIPC:client_resume:672",3397,1466
82092,813350448784380,3333,"MIPC:client_registered:673",3397,1466
82093,813350448797609,1615,"MIPC:client_entry:673",3397,1466
82094,813350448805630,1563,"MIPC:client_resolved:673",3397,1466
82095,813350448850943,3125,"MIPC:client_send:673",3397,1466
82100,813350449404901,5469,"MIPC:client_reply:673",3362,1466
82101,813350449571672,4687,"MIPC:client_resume:673",3397,1466
82102,813350449834745,5573,"MIPC:client_registered:674",3397,1466
82103,813350449851672,2031,"MIPC:client_entry:674",3397,1466
82104,813350449861151,1719,"MIPC:client_resolved:674",3397,1466
82105,813350449902922,2343,"MIPC:client_send:674",3397,1466
82110,813350450462557,4688,"MIPC:client_reply:674",3362,1466
82111,813350450628338,5105,"MIPC:client_resume:674",3397,1466
82112,813350450908859,3490,"MIPC:client_registered:675",3397,1466
82113,813350450918547,1771,"MIPC:client_entry:675",3397,1466
82114,813350450925318,3385,"MIPC:client_resolved:675",3397,1466
82115,813350450964432,2604,"MIPC:client_send:675",3397,1466
82120,813350451615682,5990,"MIPC:client_reply:675",3362,1466
82121,813350451825161,6146,"MIPC:client_resume:675",3397,1466
82122,813350452222453,7031,"MIPC:client_registered:676",3397,1466
82123,813350452245422,2604,"MIPC:client_entry:676",3397,1466
82124,813350452256359,2084,"MIPC:client_resolved:676",3397,1466
82125,813350452306359,3490,"MIPC:client_send:676",3397,1466
82130,813350453038547,6458,"MIPC:client_reply:676",3362,1466
82131,813350453252297,6458,"MIPC:client_resume:676",3397,1466
82132,813350453620526,5156,"MIPC:client_registered:677",3397,1466
82133,813350453636047,2187,"MIPC:client_entry:677",3397,1466
82134,813350453645682,3021,"MIPC:client_resolved:677",3397,1466
82135,813350453694693,3020,"MIPC:client_send:677",3397,1466
82140,813350454400213,5105,"MIPC:client_reply:677",3362,1466
82141,813350454611828,7083,"MIPC:client_resume:677",3397,1466
82142,813350454955265,4375,"MIPC:client_registered:678",3397,1466
82143,813350454970213,2657,"MIPC:client_entry:678",3397,1466
82144,813350454979745,2135,"MIPC:client_resolved:678",3397,1466
82145,813350455027557,2865,"MIPC:client_send:678",3397,1466
82150,813350455750265,6407,"MIPC:client_reply:678",3362,1466
82151,813350455970526,6927,"MIPC:client_resume:678",3397,1466
82152,813350456400838,7032,"MIPC:client_registered:679",3397,1466
82153,813350456433651,2604,"MIPC:client_entry:679",3397,1466
82154,813350456446463,2552,"MIPC:client_resolved:679",3397,1466
82155,813350456498390,2813,"MIPC:client_send:679",3397,1466
82160,813350457231984,5886,"MIPC:client_reply:679",3362,1466
82161,813350457446099,5833,"MIPC:client_resume:679",3397,1466
82162,813350457786307,5104,"MIPC:client_registered:680",3397,1466
82163,813350457800995,3020,"MIPC:client_entry:680",3397,1466
82164,813350457810734,2500,"MIPC:client_resolved:680",3397,1466
82165,813350457858078,3177,"MIPC:client_send:680",3397,1466
82170,813350458555943,5729,"MIPC:client_reply:680",3362,1466
82171,813350458834380,4896,"MIPC:client_resume:680",3397,1466
82172,813350459127349,5416,"MIPC:client_registered:681",3397,1466
82173,813350459141672,2031,"MIPC:client_entry:681",3397,1466
82174,813350459175213,2552,"MIPC:client_resolved:681",3397,1466
82175,813350459227974,3125,"MIPC:client_send:681",3397,1466
82180,813350459930630,6042,"MIPC:client_reply:681",3362,1466
82181,813350460280057,5261,"MIPC:client_resume:681",3397,1466
82182,813350460615786,6146,"MIPC:client_registered:682",3397,1466
82183,813350460632453,1927,"MIPC:client_entry:682",3397,1466
82184,813350460640526,1979,"MIPC:client_resolved:682",3397,1466
82185,813350460684432,2761,"MIPC:client_send:682",3397,1466
82192,813350461468703,5937,"MIPC:client_reply:682",3362,1466
82193,813350461711099,6146,"MIPC:client_resume:682",3397,1466
82198,813350462052609,6563,"MIPC:client_registered:683",3397,1466
82201,813350462072349,2656,"MIPC:client_entry:683",3397,1466
82202,813350462085318,2395,"MIPC:client_resolved:683",3397,1466
82203,813350462145265,2865,"MIPC:client_send:683",3397,1466
82213,813350462908807,5677,"MIPC:client_reply:683",3362,1466
82214,813350463164328,7812,"MIPC:client_resume:683",3397,1466
82215,813350463497193,6406,"MIPC:client_registered:684",3397,1466
82216,813350463513911,3021,"MIPC:client_entry:684",3397,1466
82217,813350463523859,3490,"MIPC:client_resolved:684",3397,1466
82218,813350463579328,3802,"MIPC:client_send:684",3397,1466
82223,813350464285630,5156,"MIPC:client_reply:684",3362,1466
82224,813350464544432,6719,"MIPC:client_resume:684",3397,1466
82225,813350464863078,5677,"MIPC:client_registered:685",3397,1466
82226,813350464879224,2135,"MIPC:client_entry:685",3397,1466
82227,813350464887713,2084,"MIPC:client_resolved:685",3397,1466
82228,813350464931776,2760,"MIPC:client_send:685",3397,1466
82233,813350465572609,5625,"MIPC:client_reply:685",3362,1466
82234,813350465821724,5573,"MIPC:client_resume:685",3397,1466
82235,813350466159536,6823,"MIPC:client_registered:686",3397,1466
82236,813350466175890,1875,"MIPC:client_entry:686",3397,1466
82237,813350466183807,1771,"MIPC:client_resolved:686",3397,1466
82238,813350466230682,2292,"MIPC:client_send:686",3397,1466
82243,813350466904484,5573,"MIPC:client_reply:686",3362,1466
82244,813350467147661,5521,"MIPC:client_resume:686",3397,1466
82245,813350467467661,4584,"MIPC:client_registered:687",3397,1466
82246,813350467479536,2552,"MIPC:client_entry:687",3397,1466
82247,813350467488182,3021,"MIPC:client_resolved:687",3397,1466
82248,813350467534536,3282,"MIPC:client_send:687",3397,1466
82253,813350468206463,6667,"MIPC:client_reply:687",3362,1466
82254,813350468433911,4584,"MIPC:client_resume:687",3397,1466
82256,813350468770422,6250,"MIPC:client_registered:688",3397,1466
82257,813350468790318,1927,"MIPC:client_entry:688",3397,1466
82258,813350468798286,1823,"MIPC:client_resolved:688",3397,1466
82259,813350468848182,2865,"MIPC:client_send:688",3397,1466
82265,813350469489901,4896,"MIPC:client_reply:688",3362,1466
82266,813350469747505,8542,"MIPC:client_resume:688",3397,1466
82267,813350470106463,6980,"MIPC:client_registered:689",3397,1466
82268,813350470123599,2239,"MIPC:client_entry:689",3397,1466
82269,813350470133859,1979,"MIPC:client_resolved:689",3397,1466
82270,813350470183182,3698,"MIPC:client_send:689",3397,1466
82275,813350470833443,5572,"MIPC:client_reply:689",3362,1466
82276,813350471097349,7344,"MIPC:client_resume:689",3397,1466
82277,813350471471203,5000,"MIPC:client_registered:690",3397,1466
82278,813350471486047,2500,"MIPC:client_entry:690",3397,1466
82279,813350471494797,2083,"MIPC:client_resolved:690",3397,1466
82280,813350471540838,2917,"MIPC:client_send:690",3397,1466
82286,813350472196255,5521,"MIPC:client_reply:690",3362,1466
82287,813350472432297,6041,"MIPC:client_resume:690",3397,1466
82288,813350472777974,6510,"MIPC:client_registered:691",3397,1466
82289,813350472794693,1822,"MIPC:client_entry:691",3397,1466
82290,813350472802974,1666,"MIPC:client_resolved:691",3397,1466
82291,813350472849693,2604,"MIPC:client_send:691",3397,1466
82296,813350473540682,5938,"MIPC:client_reply:691",3362,1466
82297,813350473789797,6979,"MIPC:client_resume:691",3397,1466
82298,813350474137661,7396,"MIPC:client_registered:692",3397,1466
82299,813350474157193,2343,"MIPC:client_entry:692",3397,1466
82300,813350474166047,1979,"MIPC:client_resolved:692",3397,1466
82301,813350474219380,3646,"MIPC:client_send:692",3397,1466
82306,813350474895526,5937,"MIPC:client_reply:692",3362,1466
82307,813350475117140,5625,"MIPC:client_resume:692",3397,1466
82308,813350475452557,6979,"MIPC:client_registered:693",3397,1466
82309,813350475469745,1927,"MIPC:client_entry:693",3397,1466
82310,813350475478390,2188,"MIPC:client_resolved:693",3397,1466
82311,813350475523234,2813,"MIPC:client_send:693",3397,1466
82316,813350476235630,6615,"MIPC:client_reply:693",3362,1466
82317,813350476476620,5312,"MIPC:client_resume:693",3397,1466
82318,813350476893443,6770,"MIPC:client_registered:694",3397,1466
82319,813350476911099,2291,"MIPC:client_entry:694",3397,1466
82320,813350476919797,2500,"MIPC:client_resolved:694",3397,1466
82321,813350476978338,3073,"MIPC:client_send:694",3397,1466
82326,813350477639484,6094,"MIPC:client_reply:694",3362,1466
82327,813350477899953,6615,"MIPC:client_resume:694",3397,1466
82328,813350478276984,6354,"MIPC:client_registered:695",3397,1466
82329,813350478294380,2656,"MIPC:client_entry:695",3397,1466
82330,813350478303651,2448,"MIPC:client_resolved:695",3397,1466
82331,813350478352765,3021,"MIPC:client_send:695",3397,1466
82336,813350479042245,5625,"MIPC:client_reply:695",3362,1466
82337,813350479289224,6250,"MIPC:client_resume:695",3397,1466
82340,813350479715109,5521,"MIPC:client_registered:696",3397,1466
82341,813350479729640,2396,"MIPC:client_entry:696",3397,1466
82342,813350479738859,2292,"MIPC:client_resolved:696",3397,1466
82343,813350479786828,3906,"MIPC:client_send:696",3397,1466
82352,813350480586880,6094,"MIPC:client_reply:696",3362,1466
82353,813350480918234,8021,"MIPC:client_resume:696",3397,1466
82354,813350481273703,6250,"MIPC:client_registered:697",3397,1466
82355,813350481290005,2344,"MIPC:client_entry:697",3397,1466
82356,813350481299276,2812,"MIPC:client_resolved:697",3397,1466
82357,813350481347818,3020,"MIPC:client_send:697",3397,1466
82362,813350482068703,5677,"MIPC:client_reply:697",3362,1466
82363,813350482348078,6354,"MIPC:client_resume:697",3397,1466
82364,813350482667818,5468,"MIPC:client_registered:698",3397,1466
82365,813350482708130,2813,"MIPC:client_entry:698",3397,1466
82366,813350482718859,1667,"MIPC:client_resolved:698",3397,1466
82367,813350482774328,2760,"MIPC:client_send:698",3397,1466
82372,813350483478286,5729,"MIPC:client_reply:698",3362,1466
82373,813350483721411,5573,"MIPC:client_resume:698",3397,1466
82374,813350484045265,5886,"MIPC:client_registered:699",3397,1466
82375,813350484061672,2031,"MIPC:client_entry:699",3397,1466
82376,813350484071255,1823,"MIPC:client_resolved:699",3397,1466
82377,813350484203286,58646,"MIPC:client_send:699",3397,1466
82382,813350484894953,6562,"MIPC:client_reply:699",3362,1466
82383,813350485188495,4427,"MIPC:client_resume:699",3397,1466
82391,813350485564224,4687,"MIPC:client_registered:700",3397,1466
82392,813350485576463,2969,"MIPC:client_entry:700",3397,1466
82393,813350485597609,2709,"MIPC:client_resolved:700",3397,1466
82394,813350485647713,4323,"MIPC:client_send:700",3397,1466
82399,813350486299797,5416,"MIPC:client_reply:700",3362,1466
82400,813350486548859,7344,"MIPC:client_resume:700",3397,1466
82401,813350486873078,5417,"MIPC:client_registered:701",3397,1466
82402,813350486886463,1823,"MIPC:client_entry:701",3397,1466
82403,813350486893703,1771,"MIPC:client_resolved:701",3397,1466
82404,813350486938130,2240,"MIPC:client_send:701",3397,1466
82409,813350487613286,5782,"MIPC:client_reply:701",3362,1466
82410,813350487824640,6459,"MIPC:client_resume:701",3397,1466
82411,813350488195890,6094,"MIPC:client_registered:702",3397,1466
82412,813350488211515,2136,"MIPC:client_entry:702",3397,1466
82413,813350488219745,1875,"MIPC:client_resolved:702",3397,1466
82414,813350488279172,2968,"MIPC:client_send:702",3397,1466
82419,813350488905109,7292,"MIPC:client_reply:702",3362,1466
82420,813350489143651,5729,"MIPC:client_resume:702",3397,1466
82421,813350489467140,5053,"MIPC:client_registered:703",3397,1466
82422,813350489479745,1770,"MIPC:client_entry:703",3397,1466
82423,813350489486984,2240,"MIPC:client_resolved:703",3397,1466
82424,813350489532036,3021,"MIPC:client_send:703",3397,1466
82429,813350490154901,6562,"MIPC:client_reply:703",3362,1466
82430,813350490421828,7135,"MIPC:client_resume:703",3397,1466
82431,813350490737140,5417,"MIPC:client_registered:704",3397,1466
82432,813350490751359,3073,"MIPC:client_entry:704",3397,1466
82433,813350490760526,2396,"MIPC:client_resolved:704",3397,1466
82434,813350490804745,3020,"MIPC:client_send:704",3397,1466
82439,813350491492661,4532,"MIPC:client_reply:704",3362,1466
82440,813350491712609,5156,"MIPC:client_resume:704",3397,1466
82441,813350492008547,4948,"MIPC:client_registered:705",3397,1466
82442,813350492021255,1771,"MIPC:client_entry:705",3397,1466
82443,813350492028078,1771,"MIPC:client_resolved:705",3397,1466
82444,813350492068234,2084,"MIPC:client_send:705",3397,1466
82449,813350492735786,4375,"MIPC:client_reply:705",3362,1466
82450,813350492972713,5313,"MIPC:client_resume:705",3397,1466
82451,813350493261203,6198,"MIPC:client_registered:706",3397,1466
82452,813350493276984,2448,"MIPC:client_entry:706",3397,1466
82453,813350493283755,2500,"MIPC:client_resolved:706",3397,1466
82454,813350493326672,2656,"MIPC:client_send:706",3397,1466
82465,813350493970890,4532,"MIPC:client_reply:706",3362,1466
82466,813350494175005,5000,"MIPC:client_resume:706",3397,1466
82467,813350494494849,8021,"MIPC:client_registered:707",3397,1466
82468,813350494512453,2083,"MIPC:client_entry:707",3397,1466
82469,813350494519849,1875,"MIPC:client_resolved:707",3397,1466
82470,813350494570578,3177,"MIPC:client_send:707",3397,1466
82475,813350495162922,5364,"MIPC:client_reply:707",3362,1466
82478,813350495430318,6145,"MIPC:client_resume:707",3397,1466
82484,813350495738234,3594,"MIPC:client_registered:708",3397,1466
82485,813350495749068,1927,"MIPC:client_entry:708",3397,1466
82486,813350495756724,2708,"MIPC:client_resolved:708",3397,1466
82487,813350495796099,2864,"MIPC:client_send:708",3397,1466
82492,813350496423651,4427,"MIPC:client_reply:708",3362,1466
82493,813350496654276,6042,"MIPC:client_resume:708",3397,1466
82494,813350496965057,4115,"MIPC:client_registered:709",3397,1466
82495,813350496976255,1615,"MIPC:client_entry:709",3397,1466
82496,813350496983026,2760,"MIPC:client_resolved:709",3397,1466
82497,813350497024693,2708,"MIPC:client_send:709",3397,1466
82502,813350497605161,4896,"MIPC:client_reply:709",3362,1466
82503,813350497829953,6719,"MIPC:client_resume:709",3397,1466
82504,813350498111724,6354,"MIPC:client_registered:710",3397,1466
82505,813350498125682,1563,"MIPC:client_entry:710",3397,1466
82506,813350498134745,2343,"MIPC:client_resolved:710",3397,1466
82507,813350498184797,2291,"MIPC:client_send:710",3397,1466
82512,813350498786828,6927,"MIPC:client_reply:710",3362,1466
82513,813350499013599,5521,"MIPC:client_resume:710",3397,1466
82514,813350499310161,5104,"MIPC:client_registered:711",3397,1466
82515,813350499322401,1719,"MIPC:client_entry:711",3397,1466
82516,813350499328338,1355,"MIPC:client_resolved:711",3397,1466
82517,813350499368755,2135,"MIPC:client_send:711",3397,1466
82529,813350500064693,4427,"MIPC:client_reply:711",3362,1466
82530,813350500367922,4583,"MIPC:client_resume:711",3397,1466
82531,813350500615890,4636,"MIPC:client_registered:712",3397,1466
82532,813350500628338,1355,"MIPC:client_entry:712",3397,1466
82533,813350500634276,2031,"MIPC:client_resolved:712",3397,1466
82534,813350500677401,2812,"MIPC:client_send:712",3397,1466
82539,813350501185995,4375,"MIPC:client_reply:712",3362,1466
82540,813350501363338,4323,"MIPC:client_resume:712",3397,1466
82541,813350501650161,4688,"MIPC:client_registered:713",3397,1466
82544,813350501661463,1927,"MIPC:client_entry:713",3397,1466
82545,813350501668182,1771,"MIPC:client_resolved:713",3397,1466
82546,813350501703495,2395,"MIPC:client_send:713",3397,1466
82555,813350502186620,3020,"MIPC:client_reply:713",3362,1466
82556,813350502382193,5625,"MIPC:client_resume:713",3397,1466
82557,813350502626411,5469,"MIPC:client_registered:714",3397,1466
82558,813350502640890,2136,"MIPC:client_entry:714",3397,1466
82559,813350502649536,1875,"MIPC:client_resolved:714",3397,1466
82560,813350502689224,2656,"MIPC:client_send:714",3397,1466
82565,813350503176463,4219,"MIPC:client_reply:714",3362,1466
82566,813350503355213,5209,"MIPC:client_resume:714",3397,1466
82569,813350503646515,3750,"MIPC:client_registered:715",3397,1466
82570,813350503656151,2448,"MIPC:client_entry:715",3397,1466
82571,813350503662453,1875,"MIPC:client_resolved:715",3397,1466
82573,813350503693495,2343,"MIPC:client_send:715",3397,1466
82581,813350504202245,4114,"MIPC:client_reply:715",3362,1466
82582,813350504382922,5052,"MIPC:client_resume:715",3397,1466
82583,813350504599380,5156,"MIPC:client_registered:716",3397,1466
82584,813350504613963,1980,"MIPC:client_entry:716",3397,1466
82585,813350504620786,2032,"MIPC:client_resolved:716",3397,1466
82586,813350504660109,2709,"MIPC:client_send:716",3397,1466
82591,813350505189484,3750,"MIPC:client_reply:716",3362,1466
82593,813350505386255,3698,"MIPC:client_resume:716",3397,1466
82597,813350505627557,4479,"MIPC:client_registered:717",3397,1466
82598,813350505640786,2240,"MIPC:client_entry:717",3397,1466
82601,813350505647765,2292,"MIPC:client_resolved:717",3397,1466
82602,813350505679068,2343,"MIPC:client_send:717",3397,1466
82607,813350506208859,3959,"MIPC:client_reply:717",3362,1466
82608,813350506399901,5521,"MIPC:client_resume:717",3397,1466
82609,813350506623338,5625,"MIPC:client_registered:718",3397,1466
82610,813350506638286,1979,"MIPC:client_entry:718",3397,1466
82611,813350506645057,1875,"MIPC:client_resolved:718",3397,1466
82612,813350506683547,3698,"MIPC:client_send:718",3397,1466
82619,813350507210370,4583,"MIPC:client_reply:718",3362,1466
82620,813350507424849,3750,"MIPC:client_resume:718",3397,1466
82622,813350507667713,3386,"MIPC:client_registered:719",3397,1466
82624,813350507686203,1510,"MIPC:client_entry:719",3397,1466
82625,813350507691151,1667,"MIPC:client_resolved:719",3397,1466
82626,813350507724640,2032,"MIPC:client_send:719",3397,1466
82635,813350508348390,4375,"MIPC:client_reply:719",3362,1466
82636,813350508525890,4375,"MIPC:client_resume:719",3397,1466
82637,813350508796828,3646,"MIPC:client_registered:720",3397,1466
82638,813350508806724,1146,"MIPC:client_entry:720",3397,1466
82639,813350508812088,1250,"MIPC:client_resolved:720",3397,1466
82640,813350508850578,1719,"MIPC:client_send:720",3397,1466
82646,813350509375838,3230,"MIPC:client_reply:720",3362,1466
82648,813350509549849,3177,"MIPC:client_resume:720",3397,1466
82649,813350509764901,2917,"MIPC:client_registered:721",3397,1466
82650,813350509772818,1250,"MIPC:client_entry:721",3397,1466
82651,813350509787818,1770,"MIPC:client_resolved:721",3397,1466
82652,813350509824797,2135,"MIPC:client_send:721",3397,1466
82659,813350510446307,4115,"MIPC:client_reply:721",3362,1466
82662,813350510631307,4115,"MIPC:client_resume:721",3397,1466
82663,813350510878859,4115,"MIPC:client_registered:722",3397,1466
82664,813350510890109,1667,"MIPC:client_entry:722",3397,1466
82665,813350510896411,1459,"MIPC:client_resolved:722",3397,1466
82666,813350510931411,2865,"MIPC:client_send:722",3397,1466
82675,813350511505474,3958,"MIPC:client_reply:722",3362,1466
82676,813350511741463,4844,"MIPC:client_resume:722",3397,1466
82677,813350511996047,4687,"MIPC:client_registered:723",3397,1466
82678,813350512007661,1250,"MIPC:client_entry:723",3397,1466
82679,813350512012818,1458,"MIPC:client_resolved:723",3397,1466
82680,813350512065370,1510,"MIPC:client_send:723",3397,1466
82685,813350512666359,4896,"MIPC:client_reply:723",3362,1466
82686,813350512914588,3698,"MIPC:client_resume:723",3397,1466
82687,813350513141724,3698,"MIPC:client_registered:724",3397,1466
82688,813350513151151,1510,"MIPC:client_entry:724",3397,1466
82689,813350513156151,1302,"MIPC:client_resolved:724",3397,1466
82690,813350513187505,2031,"MIPC:client_send:724",3397,1466
82695,813350513679120,3698,"MIPC:client_reply:724",3362,1466
82696,813350513891463,3073,"MIPC:client_resume:724",3397,1466
82697,813350514116255,3906,"MIPC:client_registered:725",3397,1466
82698,813350514126568,1197,"MIPC:client_entry:725",3397,1466
82699,813350514130838,1198,"MIPC:client_resolved:725",3397,1466
82700,813350514162401,2031,"MIPC:client_send:725",3397,1466
82705,813350514673807,4167,"MIPC:client_reply:725",3362,1466
82706,813350514885109,3490,"MIPC:client_resume:725",3397,1466
82707,813350515115474,4219,"MIPC:client_registered:726",3397,1466
82708,813350515128078,1979,"MIPC:client_entry:726",3397,1466
82709,813350515134276,1823,"MIPC:client_resolved:726",3397,1466
82710,813350515170890,2188,"MIPC:client_send:726",3397,1466
82715,813350515842140,4219,"MIPC:client_reply:726",3362,1466
82716,813350516035474,4844,"MIPC:client_resume:726",3397,1466
82719,813350516365578,4115,"MIPC:client_registered:727",3397,1466
82720,813350516386047,1875,"MIPC:client_entry:727",3397,1466
82722,813350516400526,1354,"MIPC:client_resolved:727",3397,1466
82725,813350516440265,2500,"MIPC:client_send:727",3397,1466
82730,813350516932349,4375,"MIPC:client_reply:727",3362,1466
82731,813350517119745,4166,"MIPC:client_resume:727",3397,1466
82732,813350517352193,5052,"MIPC:client_registered:728",3397,1466
82733,813350517367505,1719,"MIPC:client_entry:728",3397,1466
82734,813350517374380,2083,"MIPC:client_resolved:728",3397,1466
82735,813350517409849,3333,"MIPC:client_send:728",3397,1466
82740,813350517868963,4063,"MIPC:client_reply:728",3362,1466
82741,813350518047349,4427,"MIPC:client_resume:728",3397,1466
82742,813350518269432,4271,"MIPC:client_registered:729",3397,1466
82743,813350518279536,1302,"MIPC:client_entry:729",3397,1466
82744,813350518284797,1771,"MIPC:client_resolved:729",3397,1466
82745,813350518319797,2656,"MIPC:client_send:729",3397,1466
82750,813350518748651,4635,"MIPC:client_reply:729",3362,1466
82751,813350518938547,3750,"MIPC:client_resume:729",3397,1466
82754,813350519222193,4687,"MIPC:client_registered:730",3397,1466
82755,813350519233599,1719,"MIPC:client_entry:730",3397,1466
82756,813350519239380,1615,"MIPC:client_resolved:730",3397,1466
82757,813350519269015,2240,"MIPC:client_send:730",3397,1466
82766,813350519694536,3907,"MIPC:client_reply:730",3362,1466
82767,813350519856724,4479,"MIPC:client_resume:730",3397,1466
82768,813350520070526,3281,"MIPC:client_registered:731",3397,1466
82769,813350520080422,1771,"MIPC:client_entry:731",3397,1466
82770,813350520086047,1250,"MIPC:client_resolved:731",3397,1466
82771,813350520169745,3177,"MIPC:client_send:731",3397,1466
82776,813350520609015,3178,"MIPC:client_reply:731",3362,1466
82777,813350520781724,4062,"MIPC:client_resume:731",3397,1466
82778,813350521030422,3437,"MIPC:client_registered:732",3397,1466
82779,813350521040265,1355,"MIPC:client_entry:732",3397,1466
82780,813350521045109,1250,"MIPC:client_resolved:732",3397,1466
82781,813350521077818,1927,"MIPC:client_send:732",3397,1466
82786,813350521502297,3750,"MIPC:client_reply:732",3362,1466
82787,813350521664068,4322,"MIPC:client_resume:732",3397,1466
82788,813350521888443,4791,"MIPC:client_registered:733",3397,1466
82789,813350521901620,1458,"MIPC:client_entry:733",3397,1466
82790,813350521906515,1303,"MIPC:client_resolved:733",3397,1466
82791,813350521941463,2396,"MIPC:client_send:733",3397,1466
82796,813350522371828,3177,"MIPC:client_reply:733",3362,1466
82797,813350522524328,4219,"MIPC:client_resume:733",3397,1466
82798,813350522764745,3750,"MIPC:client_registered:734",3397,1466
82799,813350522774224,1198,"MIPC:client_entry:734",3397,1466
82800,813350522778963,1355,"MIPC:client_resolved:734",3397,1466
82801,813350522817609,2656,"MIPC:client_send:734",3397,1466
82806,813350523244120,3437,"MIPC:client_reply:734",3362,1466
82807,813350523401724,2969,"MIPC:client_resume:734",3397,1466
82809,813350523698338,5365,"MIPC:client_registered:735",3397,1466
82810,813350523711255,1875,"MIPC:client_entry:735",3397,1466
82811,813350523716932,1354,"MIPC:client_resolved:735",3397,1466
82813,813350523751984,2500,"MIPC:client_send:735",3397,1466
82818,813350524235734,3177,"MIPC:client_reply:735",3362,1466
82819,813350524398026,3906,"MIPC:client_resume:735",3397,1466
82822,813350524650734,4167,"MIPC:client_registered:736",3397,1466
82823,813350524660213,1563,"MIPC:client_entry:736",3397,1466
82824,813350524665578,1198,"MIPC:client_resolved:736",3397,1466
82825,813350524698338,2605,"MIPC:client_send:736",3397,1466
82831,813350525226880,4167,"MIPC:client_reply:736",3362,1466
82835,813350525430422,3958,"MIPC:client_resume:736",3397,1466
82836,813350525650213,4792,"MIPC:client_registered:737",3397,1466
82837,813350525663078,1615,"MIPC:client_entry:737",3397,1466
82838,813350525668703,1562,"MIPC:client_resolved:737",3397,1466
82839,813350525702088,2500,"MIPC:client_send:737",3397,1466
82844,813350526119224,3698,"MIPC:client_reply:737",3362,1466
82845,813350526275109,4375,"MIPC:client_resume:737",3397,1466
82846,813350526482349,2760,"MIPC:client_registered:738",3397,1466
82847,813350526500630,1250,"MIPC:client_entry:738",3397,1466
82848,813350526505890,1094,"MIPC:client_resolved:738",3397,1466
82849,813350526538130,2552,"MIPC:client_send:738",3397,1466
82854,813350526967870,4270,"MIPC:client_reply:738",3362,1466
82856,813350527135161,4271,"MIPC:client_resume:738",3397,1466
82857,813350527352453,4635,"MIPC:client_registered:739",3397,1466
82858,813350527364120,1302,"MIPC:client_entry:739",3397,1466
82859,813350527368807,1406,"MIPC:client_resolved:739",3397,1466
82860,813350527399797,2031,"MIPC:client_send:739",3397,1466
82866,813350527804172,4218,"MIPC:client_reply:739",3362,1466
82867,813350527947453,4635,"MIPC:client_resume:739",3397,1466
82868,813350528198286,3907,"MIPC:client_registered:740",3397,1466
82869,813350528210370,1823,"MIPC:client_entry:740",3397,1466
82871,813350528230526,2500,"MIPC:client_resolved:740",3397,1466
82872,813350528270265,2917,"MIPC:client_send:740",3397,1466
82878,813350528750318,3593,"MIPC:client_reply:740",3362,1466
82879,813350528917609,5156,"MIPC:client_resume:740",3397,1466
82880,813350529145317,4584,"MIPC:client_registered:741",3397,1466
82881,813350529156203,2500,"MIPC:client_entry:741",3397,1466
82883,813350529162713,1875,"MIPC:client_resolved:741",3397,1466
82884,813350529202557,2969,"MIPC:client_send:741",3397,1466
82890,813350529680422,3229,"MIPC:client_reply:741",3362,1466
82891,813350529852974,5208,"MIPC:client_resume:741",3397,1466
82892,813350530076828,3802,"MIPC:client_registered:742",3397,1466
82893,813350530087349,1927,"MIPC:client_entry:742",3397,1466
82894,813350530093234,1823,"MIPC:client_resolved:742",3397,1466
82895,813350530138859,2865,"MIPC:client_send:742",3397,1466
82900,813350530598286,3750,"MIPC:client_reply:742",3362,1466
82901,813350530753599,3698,"MIPC:client_resume:742",3397,1466
82902,813350530978390,3855,"MIPC:client_registered:743",3397,1466
82903,813350530989484,1823,"MIPC:client_entry:743",3397,1466
82904,813350530996099,1666,"MIPC:client_resolved:743",3397,1466
82905,813350531037349,3177,"MIPC:client_send:743",3397,1466
82910,813350531574484,3958,"MIPC:client_reply:743",3362,1466
82911,813350531754692,5209,"MIPC:client_resume:743",3397,1466
82912,813350532010474,5104,"MIPC:client_registered:744",3397,1466
82913,813350532023026,1771,"MIPC:client_entry:744",3397,1466
82914,813350532029172,1718,"MIPC:client_resolved:744",3397,1466
82915,813350532068078,2344,"MIPC:client_send:744",3397,1466
82920,813350532628078,4792,"MIPC:client_reply:744",3362,1466
82921,813350532835057,5260,"MIPC:client_resume:744",3397,1466
82922,813350533086880,5365,"MIPC:client_registered:745",3397,1466
82923,813350533100057,1979,"MIPC:client_entry:745",3397,1466
82924,813350533106828,1927,"MIPC:client_resolved:745",3397,1466
82925,813350533146880,3021,"MIPC:client_send:745",3397,1466
82930,813350533634015,3959,"MIPC:client_reply:745",3362,1466
82931,813350533797817,4844,"MIPC:client_resume:745",3397,1466
82932,813350534037974,4739,"MIPC:client_registered:746",3397,1466
82933,813350534050578,1875,"MIPC:client_entry:746",3397,1466
82934,813350534056099,1666,"MIPC:client_resolved:746",3397,1466
82935,813350534092974,2864,"MIPC:client_send:746",3397,1466
82940,813350534568130,5365,"MIPC:client_reply:746",3362,1466
82941,813350534748390,5938,"MIPC:client_resume:746",3397,1466
82942,813350535007974,5208,"MIPC:client_registered:747",3397,1466
82943,813350535025734,2552,"MIPC:client_entry:747",3397,1466
82944,813350535032922,2291,"MIPC:client_resolved:747",3397,1466
82945,813350535077245,2500,"MIPC:client_send:747",3397,1466
82950,813350535567661,4531,"MIPC:client_reply:747",3362,1466
82951,813350535741828,4219,"MIPC:client_resume:747",3397,1466
82952,813350535966776,4844,"MIPC:client_registered:748",3397,1466
82953,813350535978182,2448,"MIPC:client_entry:748",3397,1466
82954,813350535985630,2187,"MIPC:client_resolved:748",3397,1466
82955,813350536021359,2396,"MIPC:client_send:748",3397,1466
82960,813350536528651,3594,"MIPC:client_reply:748",3362,1466
82961,813350536734120,6145,"MIPC:client_resume:748",3397,1466
82962,813350537010057,5208,"MIPC:client_registered:749",3397,1466
82963,813350537026880,2135,"MIPC:client_entry:749",3397,1466
82964,813350537034797,2552,"MIPC:client_resolved:749",3397,1466
82965,813350537125630,2969,"MIPC:client_send:749",3397,1466
82976,813350537668078,4323,"MIPC:client_reply:749",3362,1466
82977,813350537838703,4427,"MIPC:client_resume:749",3397,1466
82979,813350538067036,4844,"MIPC:client_registered:750",3397,1466
82980,813350538077974,1875,"MIPC:client_entry:750",3397,1466
82981,813350538084224,1718,"MIPC:client_resolved:750",3397,1466
82982,813350538124276,3125,"MIPC:client_send:750",3397,1466
82988,813350538582349,4218,"MIPC:client_reply:750",3362,1466
82989,813350538738755,3125,"MIPC:client_resume:750",3397,1466
82990,813350538988078,4010,"MIPC:client_registered:751",3397,1466
82991,813350538999224,1458,"MIPC:client_entry:751",3397,1466
82992,813350539004953,1667,"MIPC:client_resolved:751",3397,1466
82993,813350539040422,2291,"MIPC:client_send:751",3397,1466
82998,813350539545109,4167,"MIPC:client_reply:751",3362,1466
82999,813350539728390,4688,"MIPC:client_resume:751",3397,1466
83000,813350539942609,5417,"MIPC:client_registered:752",3397,1466
83001,813350539956515,1927,"MIPC:client_entry:752",3397,1466
83002,813350539963442,1615,"MIPC:client_resolved:752",3397,1466
83003,813350540000838,2240,"MIPC:client_send:752",3397,1466
83010,813350540451620,4270,"MIPC:client_reply:752",3362,1466
83011,813350540594745,3072,"MIPC:client_resume:752",3397,1466
83012,813350540806932,3438,"MIPC:client_registered:753",3397,1466
83013,813350540819172,1927,"MIPC:client_entry:753",3397,1466
83014,813350540825682,2083,"MIPC:client_resolved:753",3397,1466
83015,813350540859640,3490,"MIPC:client_send:753",3397,1466
83021,813350541309380,3802,"MIPC:client_reply:753",3362,1466
83023,813350541473442,5157,"MIPC:client_resume:753",3397,1466
83024,813350541688911,5781,"MIPC:client_registered:754",3397,1466
83025,813350541704224,1875,"MIPC:client_entry:754",3397,1466
83026,813350541710942,1980,"MIPC:client_resolved:754",3397,1466
83027,813350541748026,2083,"MIPC:client_send:754",3397,1466
83032,813350542195890,5365,"MIPC:client_reply:754",3362,1466
83033,813350542343442,2605,"MIPC:client_resume:754",3397,1466
83034,813350542567609,3438,"MIPC:client_registered:755",3397,1466
83035,813350542577453,1614,"MIPC:client_entry:755",3397,1466
83036,813350542583286,2031,"MIPC:client_resolved:755",3397,1466
83037,813350542615422,2708,"MIPC:client_send:755",3397,1466
83044,813350543019224,4114,"MIPC:client_reply:755",3362,1466
83047,813350543173338,4792,"MIPC:client_resume:755",3397,1466
83049,813350543388807,3594,"MIPC:client_registered:756",3397,1466
83051,813350543398755,2292,"MIPC:client_entry:756",3397,1466
83052,813350543405213,2500,"MIPC:client_resolved:756",3397,1466
83053,813350543437349,1979,"MIPC:client_send:756",3397,1466
83063,813350543841411,5104,"MIPC:client_reply:756",3362,1466
83064,813350544007505,5625,"MIPC:client_resume:756",3397,1466
83065,813350544313495,3958,"MIPC:client_registered:757",3397,1466
83066,813350544323755,1823,"MIPC:client_entry:757",3397,1466
83067,813350544329120,1406,"MIPC:client_resolved:757",3397,1466
83068,813350544362192,2136,"MIPC:client_send:757",3397,1466
83073,813350544808234,4167,"MIPC:client_reply:757",3362,1466
83074,813350544968234,4844,"MIPC:client_resume:757",3397,1466
83075,813350545173859,4688,"MIPC:client_registered:758",3397,1466
83076,813350545186776,1510,"MIPC:client_entry:758",3397,1466
83077,813350545192401,1354,"MIPC:client_resolved:758",3397,1466
83078,813350545230057,2031,"MIPC:client_send:758",3397,1466
83086,813350545633859,3906,"MIPC:client_reply:758",3362,1466
83088,813350545795474,5260,"MIPC:client_resume:758",3397,1466
83089,813350546007661,5365,"MIPC:client_registered:759",3397,1466
83090,813350546028026,1406,"MIPC:client_entry:759",3397,1466
83091,813350546033963,1250,"MIPC:client_resolved:759",3397,1466
83092,813350546066255,2396,"MIPC:client_send:759",3397,1466
83097,813350546533547,4843,"MIPC:client_reply:759",3362,1466
83098,813350546685734,4531,"MIPC:client_resume:759",3397,1466
83099,813350546909224,4739,"MIPC:client_registered:760",3397,1466
83100,813350546921724,1562,"MIPC:client_entry:760",3397,1466
83101,813350546927036,1615,"MIPC:client_resolved:760",3397,1466
83102,813350546963338,3282,"MIPC:client_send:760",3397,1466
83107,813350547397661,4063,"MIPC:client_reply:760",3362,1466
83108,813350547566151,5312,"MIPC:client_resume:760",3397,1466
83109,813350547800682,5313,"MIPC:client_registered:761",3397,1466
83110,813350547813911,2396,"MIPC:client_entry:761",3397,1466
83111,813350547831828,2448,"MIPC:client_resolved:761",3397,1466
83112,813350547868599,3854,"MIPC:client_send:761",3397,1466
83117,813350548391672,4843,"MIPC:client_reply:761",3362,1466
83118,813350548568026,5833,"MIPC:client_resume:761",3397,1466
83119,813350548801724,4323,"MIPC:client_registered:762",3397,1466
83120,813350548812713,1771,"MIPC:client_entry:762",3397,1466
83121,813350548818338,2761,"MIPC:client_resolved:762",3397,1466
83122,813350548860995,3489,"MIPC:client_send:762",3397,1466
83134,813350549518807,3906,"MIPC:client_reply:762",3362,1466
83135,813350549694380,4375,"MIPC:client_resume:762",3397,1466
83136,813350549904640,4167,"MIPC:client_registered:763",3397,1466
83137,813350549915474,3333,"MIPC:client_entry:763",3397,1466
83138,813350549922245,2291,"MIPC:client_resolved:763",3397,1466
83139,813350549965578,1875,"MIPC:client_send:763",3397,1466
83144,813350550395422,5260,"MIPC:client_reply:763",3362,1466
83145,813350550538755,4740,"MIPC:client_resume:763",3397,1466
83146,813350550750786,5209,"MIPC:client_registered:764",3397,1466
83147,813350550763390,2292,"MIPC:client_entry:764",3397,1466
83148,813350550770317,1771,"MIPC:client_resolved:764",3397,1466
83149,813350550803911,2344,"MIPC:client_send:764",3397,1466
83154,813350551258547,4270,"MIPC:client_reply:764",3362,1466
83155,813350551410109,4688,"MIPC:client_resume:764",3397,1466
83156,813350551620578,4323,"MIPC:client_registered:765",3397,1466
83157,813350551630942,1563,"MIPC:client_entry:765",3397,1466
83158,813350551637349,2031,"MIPC:client_resolved:765",3397,1466
83159,813350551713547,2656,"MIPC:client_send:765",3397,1466
83164,813350552160526,3958,"MIPC:client_reply:765",3362,1466
83165,813350552317297,2239,"MIPC:client_resume:765",3397,1466
83166,813350552535422,4843,"MIPC:client_registered:766",3397,1466
83167,813350552547245,1614,"MIPC:client_entry:766",3397,1466
83168,813350552552401,1614,"MIPC:client_resolved:766",3397,1466
83169,813350552582557,3125,"MIPC:client_send:766",3397,1466
83174,813350552977401,3541,"MIPC:client_reply:766",3362,1466
83175,813350553133130,6458,"MIPC:client_resume:766",3397,1466
83176,813350553353442,4948,"MIPC:client_registered:767",3397,1466
83177,813350553365422,1718,"MIPC:client_entry:767",3397,1466
83178,813350553371255,1771,"MIPC:client_resolved:767",3397,1466
83179,813350553403547,2083,"MIPC:client_send:767",3397,1466
83190,813350553894224,3385,"MIPC:client_reply:767",3362,1466
83191,813350554065161,3802,"MIPC:client_resume:767",3397,1466
83192,813350554279536,4375,"MIPC:client_registered:768",3397,1466
83193,813350554291463,1979,"MIPC:client_entry:768",3397,1466
83194,813350554298078,1875,"MIPC:client_resolved:768",3397,1466
83195,813350554333495,2395,"MIPC:client_send:768",3397,1466
83200,813350554736515,3698,"MIPC:client_reply:768",3362,1466
83201,813350554918286,3959,"MIPC:client_resume:768",3397,1466
83205,813350555127140,3334,"MIPC:client_registered:769",3397,1466
83207,813350555136255,1771,"MIPC:client_entry:769",3397,1466
83208,813350555141932,1510,"MIPC:client_resolved:769",3397,1466
83212,813350555183390,2396,"MIPC:client_send:769",3397,1466
83219,813350555629797,3854,"MIPC:client_reply:769",3362,1466
83220,813350555783130,3958,"MIPC:client_resume:769",3397,1466
83221,813350555997453,4635,"MIPC:client_registered:770",3397,1466
83222,813350556010942,1771,"MIPC:client_entry:770",3397,1466
83223,813350556016724,1198,"MIPC:client_resolved:770",3397,1466
83224,813350556048338,2500,"MIPC:client_send:770",3397,1466
83229,813350556623859,4167,"MIPC:client_reply:770",3362,1466
83230,813350556772974,4427,"MIPC:client_resume:770",3397,1466
83231,813350556965057,3958,"MIPC:client_registered:771",3397,1466
83232,813350556977505,1250,"MIPC:client_entry:771",3397,1466
83233,813350556983755,1302,"MIPC:client_resolved:771",3397,1466
83235,813350557018026,2135,"MIPC:client_send:771",3397,1466
83244,813350557406776,3802,"MIPC:client_reply:771",3362,1466
83246,813350557545942,3438,"MIPC:client_resume:771",3397,1466
83247,813350557748338,4063,"MIPC:client_registered:772",3397,1466
83248,813350557758703,1562,"MIPC:client_entry:772",3397,1466
83249,813350557764224,1562,"MIPC:client_resolved:772",3397,1466
83250,813350557803911,2761,"MIPC:client_send:772",3397,1466
83255,813350558219328,3385,"MIPC:client_reply:772",3362,1466
83256,813350558378755,4531,"MIPC:client_resume:772",3397,1466
83257,813350558593390,4636,"MIPC:client_registered:773",3397,1466
83258,813350558607453,1458,"MIPC:client_entry:773",3397,1466
83259,813350558613859,1094,"MIPC:client_resolved:773",3397,1466
83260,813350558649276,2083,"MIPC:client_send:773",3397,1466
83265,813350559091932,3958,"MIPC:client_reply:773",3362,1466
83266,813350559256828,5469,"MIPC:client_resume:773",3397,1466
83267,813350559491047,3125,"MIPC:client_registered:774",3397,1466
83268,813350559499380,1198,"MIPC:client_entry:774",3397,1466
83269,813350559503963,1042,"MIPC:client_resolved:774",3397,1466
83270,813350559537870,2447,"MIPC:client_send:774",3397,1466
83275,813350559961515,4480,"MIPC:client_reply:774",3362,1466
83276,813350560144588,4271,"MIPC:client_resume:774",3397,1466
83277,813350560356828,4583,"MIPC:client_registered:775",3397,1466
83278,813350560369015,2552,"MIPC:client_entry:775",3397,1466
83279,813350560377609,2448,"MIPC:client_resolved:775",3397,1466
83280,813350560412765,2761,"MIPC:client_send:775",3397,1466
83285,813350560859849,4010,"MIPC:client_reply:775",3362,1466
83286,813350561007974,4271,"MIPC:client_resume:775",3397,1466
83287,813350561225526,4114,"MIPC:client_registered:776",3397,1466
83288,813350561238078,2448,"MIPC:client_entry:776",3397,1466
83289,813350561245005,2396,"MIPC:client_resolved:776",3397,1466
83290,813350561279692,2136,"MIPC:client_send:776",3397,1466
83295,813350561721672,4166,"MIPC:client_reply:776",3362,1466
83296,813350561896255,5573,"MIPC:client_resume:776",3397,1466
83297,813350562122557,4635,"MIPC:client_registered:777",3397,1466
83298,813350562134328,1042,"MIPC:client_entry:777",3397,1466
83299,813350562139640,1771,"MIPC:client_resolved:777",3397,1466
83300,813350562171515,1875,"MIPC:client_send:777",3397,1466
83305,813350562608807,5260,"MIPC:client_reply:777",3362,1466
83306,813350562774953,5312,"MIPC:client_resume:777",3397,1466
83307,813350562979588,3907,"MIPC:client_registered:778",3397,1466
83308,813350563000317,1146,"MIPC:client_entry:778",3397,1466
83309,813350563005161,1094,"MIPC:client_resolved:778",3397,1466
83310,813350563043547,2708,"MIPC:client_send:778",3397,1466
83315,813350563506307,4531,"MIPC:client_reply:778",3362,1466
83316,813350563656307,4375,"MIPC:client_resume:778",3397,1466
83317,813350563871672,3229,"MIPC:client_registered:779",3397,1466
83318,813350563880890,1615,"MIPC:client_entry:779",3397,1466
83319,813350563886620,1510,"MIPC:client_resolved:779",3397,1466
83320,813350563916307,2708,"MIPC:client_send:779",3397,1466
83325,813350564560109,5208,"MIPC:client_reply:779",3362,1466
83326,813350564735995,5468,"MIPC:client_resume:779",3397,1466
83327,813350564974380,5000,"MIPC:client_registered:780",3397,1466
83328,813350564986307,1302,"MIPC:client_entry:780",3397,1466
83329,813350565002401,1406,"MIPC:client_resolved:780",3397,1466
83330,813350565038390,1980,"MIPC:client_send:780",3397,1466
83335,813350565525109,5365,"MIPC:client_reply:780",3362,1466
83336,813350565720838,4375,"MIPC:client_resume:780",3397,1466
83337,813350565939224,5416,"MIPC:client_registered:781",3397,1466
83338,813350565950474,2031,"MIPC:client_entry:781",3397,1466
83339,813350565956411,1979,"MIPC:client_resolved:781",3397,1466
83340,813350565989797,2448,"MIPC:client_send:781",3397,1466
83345,813350566434692,4792,"MIPC:client_reply:781",3362,1466
83346,813350566593234,4063,"MIPC:client_resume:781",3397,1466
83347,813350566812870,5625,"MIPC:client_registered:782",3397,1466
83348,813350566827661,1875,"MIPC:client_entry:782",3397,1466
83349,813350566834224,1666,"MIPC:client_resolved:782",3397,1466
83350,813350566890317,2032,"MIPC:client_send:782",3397,1466
83355,813350567349797,4010,"MIPC:client_reply:782",3362,1466
83356,813350567536463,5052,"MIPC:client_resume:782",3397,1466
83357,813350567759067,5313,"MIPC:client_registered:783",3397,1466
83358,813350567770109,1771,"MIPC:client_entry:783",3397,1466
83359,813350567775317,3698,"MIPC:client_resolved:783",3397,1466
83360,813350567811099,2604,"MIPC:client_send:783",3397,1466
83365,813350568276672,4739,"MIPC:client_reply:783",3362,1466
83366,813350568482557,4688,"MIPC:client_resume:783",3397,1466
83367,813350568686255,3958,"MIPC:client_registered:784",3397,1466
83368,813350568697140,1250,"MIPC:client_entry:784",3397,1466
83369,813350568703078,1146,"MIPC:client_resolved:784",3397,1466
83370,813350568738234,2188,"MIPC:client_send:784",3397,1466
83375,813350569163859,4583,"MIPC:client_reply:784",3362,1466
83376,813350569322974,3385,"MIPC:client_resume:784",3397,1466
83377,813350569526359,3646,"MIPC:client_registered:785",3397,1466
83378,813350569536203,1719,"MIPC:client_entry:785",3397,1466
83379,813350569541463,1927,"MIPC:client_resolved:785",3397,1466
83380,813350569578807,2656,"MIPC:client_send:785",3397,1466
83385,813350570022036,3594,"MIPC:client_reply:785",3362,1466
83386,813350570172453,4844,"MIPC:client_resume:785",3397,1466
83387,813350570381984,4636,"MIPC:client_registered:786",3397,1466
83388,813350570393755,1927,"MIPC:client_entry:786",3397,1466
83389,813350570400057,1302,"MIPC:client_resolved:786",3397,1466
83390,813350570435734,1667,"MIPC:client_send:786",3397,1466
83395,813350570860838,3750,"MIPC:client_reply:786",3362,1466
83396,813350571019067,3907,"MIPC:client_resume:786",3397,1466
83397,813350571235682,8854,"MIPC:client_registered:787",3397,1466
83398,813350571253495,1614,"MIPC:client_entry:787",3397,1466
83399,813350571259901,1354,"MIPC:client_resolved:787",3397,1466
83400,813350571292192,2084,"MIPC:client_send:787",3397,1466
83406,813350571744849,3698,"MIPC:client_reply:787",3362,1466
83408,813350571900890,3594,"MIPC:client_resume:787",3397,1466
83409,813350572231255,5521,"MIPC:client_registered:788",3397,1466
83410,813350572246724,1302,"MIPC:client_entry:788",3397,1466
83411,813350572251567,1355,"MIPC:client_resolved:788",3397,1466
83412,813350572284640,1719,"MIPC:client_send:788",3397,1466
83417,813350572701047,4375,"MIPC:client_reply:788",3362,1466
83418,813350572860942,4375,"MIPC:client_resume:788",3397,1466
83419,813350573081099,3073,"MIPC:client_registered:789",3397,1466
83420,813350573090474,1093,"MIPC:client_entry:789",3397,1466
83421,813350573094901,1094,"MIPC:client_resolved:789",3397,1466
83422,813350573123078,1614,"MIPC:client_send:789",3397,1466
83427,813350573530578,4635,"MIPC:client_reply:789",3362,1466
83428,813350573820526,7239,"MIPC:client_resume:789",3397,1466
83429,813350574059380,3854,"MIPC:client_registered:790",3397,1466
83430,813350574071151,1927,"MIPC:client_entry:790",3397,1466
83431,813350574077453,1614,"MIPC:client_resolved:790",3397,1466
83432,813350574113078,2448,"MIPC:client_send:790",3397,1466
83437,813350574590317,4167,"MIPC:client_reply:790",3362,1466
83438,813350574758130,5104,"MIPC:client_resume:790",3397,1466
83439,813350575011151,3802,"MIPC:client_registered:791",3397,1466
83440,813350575020786,1511,"MIPC:client_entry:791",3397,1466
83441,813350575025838,1198,"MIPC:client_resolved:791",3397,1466
83442,813350575061307,2083,"MIPC:client_send:791",3397,1466
83447,813350575520005,4115,"MIPC:client_reply:791",3362,1466
83448,813350575693286,4479,"MIPC:client_resume:791",3397,1466
83449,813350575912505,4323,"MIPC:client_registered:792",3397,1466
83450,813350575924380,1302,"MIPC:client_entry:792",3397,1466
83451,813350575929901,1198,"MIPC:client_resolved:792",3397,1466
83452,813350575967661,2656,"MIPC:client_send:792",3397,1466
83457,813350576459432,3906,"MIPC:client_reply:792",3362,1466
83458,813350576610213,4115,"MIPC:client_resume:792",3397,1466
83459,813350576838911,5000,"MIPC:client_registered:793",3397,1466
83460,813350576851203,2448,"MIPC:client_entry:793",3397,1466
83461,813350576857609,2344,"MIPC:client_resolved:793",3397,1466
83462,813350576890838,2552,"MIPC:client_send:793",3397,1466
83467,813350577345734,4271,"MIPC:client_reply:793",3362,1466
83468,813350577499745,3750,"MIPC:client_resume:793",3397,1466
83469,813350577704745,4947,"MIPC:client_registered:794",3397,1466
83470,813350577718547,2552,"MIPC:client_entry:794",3397,1466
83471,813350577725422,3958,"MIPC:client_resolved:794",3397,1466
83472,813350577763755,3177,"MIPC:client_send:794",3397,1466
83477,813350578201411,5104,"MIPC:client_reply:794",3362,1466
83478,813350578370838,4167,"MIPC:client_resume:794",3397,1466
83479,813350578592349,4114,"MIPC:client_registered:795",3397,1466
83480,813350578601932,1979,"MIPC:client_entry:795",3397,1466
83481,813350578607245,3593,"MIPC:client_resolved:795",3397,1466
83482,813350578645682,3438,"MIPC:client_send:795",3397,1466
83487,813350579091151,4271,"MIPC:client_reply:795",3362,1466
83488,813350579237557,4115,"MIPC:client_resume:795",3397,1466
83489,813350579529276,5469,"MIPC:client_registered:796",3397,1466
83490,813350579543442,1771,"MIPC:client_entry:796",3397,1466
83491,813350579549849,1875,"MIPC:client_resolved:796",3397,1466
83492,813350579584120,2708,"MIPC:client_send:796",3397,1466
83497,813350580070109,4063,"MIPC:client_reply:796",3362,1466
83498,813350580316151,4271,"MIPC:client_resume:796",3397,1466
83499,813350580526099,4948,"MIPC:client_registered:797",3397,1466
83500,813350580559797,1823,"MIPC:client_entry:797",3397,1466
83501,813350580566984,1146,"MIPC:client_resolved:797",3397,1466
83502,813350580604745,1875,"MIPC:client_send:797",3397,1466
83507,813350581066724,4948,"MIPC:client_reply:797",3362,1466
83508,813350581232765,5157,"MIPC:client_resume:797",3397,1466
83509,813350581444640,4584,"MIPC:client_registered:798",3397,1466
83510,813350581454745,1145,"MIPC:client_entry:798",3397,1466
83511,813350581461203,1510,"MIPC:client_resolved:798",3397,1466
83512,813350581499745,2552,"MIPC:client_send:798",3397,1466
83517,813350581934015,3907,"MIPC:client_reply:798",3362,1466
83518,813350582096880,4479,"MIPC:client_resume:798",3397,1466
83519,813350582316620,4791,"MIPC:client_registered:799",3397,1466
83520,813350582331776,1771,"MIPC:client_entry:799",3397,1466
83521,813350582357036,2031,"MIPC:client_resolved:799",3397,1466
83522,813350582392401,2916,"MIPC:client_send:799",3397,1466
83527,813350582846828,3854,"MIPC:client_reply:799",3362,1466
83528,813350583011515,5469,"MIPC:client_resume:799",3397,1466
83529,813350583236620,3958,"MIPC:client_registered:800",3397,1466
83530,813350583249640,3073,"MIPC:client_entry:800",3397,1466
83531,813350583257349,2396,"MIPC:client_resolved:800",3397,1466
83532,813350583291099,3437,"MIPC:client_send:800",3397,1466
83537,813350583721151,4323,"MIPC:client_reply:800",3362,1466
83540,813350583931463,3959,"MIPC:client_resume:800",3397,1466
83541,813350584175109,3906,"MIPC:client_registered:801",3397,1466
83542,813350584184901,1146,"MIPC:client_entry:801",3397,1466
83543,813350584189276,1094,"MIPC:client_resolved:801",3397,1466
83545,813350584230370,1927,"MIPC:client_send:801",3397,1466
83553,813350584710161,4271,"MIPC:client_reply:801",3362,1466
83554,813350584889901,5416,"MIPC:client_resume:801",3397,1466
83555,813350585094067,3490,"MIPC:client_registered:802",3397,1466
83556,813350585102817,1042,"MIPC:client_entry:802",3397,1466
83557,813350585107140,938,"MIPC:client_resolved:802",3397,1466
83558,813350585140317,2084,"MIPC:client_send:802",3397,1466
83563,813350585580161,3906,"MIPC:client_reply:802",3362,1466
83564,813350585755370,5104,"MIPC:client_resume:802",3397,1466
83565,813350585964692,4323,"MIPC:client_registered:803",3397,1466
83566,813350585977245,1250,"MIPC:client_entry:803",3397,1466
83567,813350585982036,1094,"MIPC:client_resolved:803",3397,1466
83568,813350586019745,2604,"MIPC:client_send:803",3397,1466
83573,813350586454640,3907,"MIPC:client_reply:803",3362,1466
83574,813350586640005,4115,"MIPC:client_resume:803",3397,1466
83575,813350586858651,5104,"MIPC:client_registered:804",3397,1466
83576,813350586870370,1145,"MIPC:client_entry:804",3397,1466
83577,813350586874640,1355,"MIPC:client_resolved:804",3397,1466
83578,813350586907870,2031,"MIPC:client_send:804",3397,1466
83583,813350587350213,4636,"MIPC:client_reply:804",3362,1466
83584,813350587529849,4427,"MIPC:client_resume:804",3397,1466
83585,813350587758078,3854,"MIPC:client_registered:805",3397,1466
83586,813350587769067,1615,"MIPC:client_entry:805",3397,1466
83587,813350587774640,1615,"MIPC:client_resolved:805",3397,1466
83588,813350587806151,2656,"MIPC:client_send:805",3397,1466
83599,813350588440317,3230,"MIPC:client_reply:805",3362,1466
83600,813350588593286,4115,"MIPC:client_resume:805",3397,1466
83601,813350588822036,4323,"MIPC:client_registered:806",3397,1466
83602,813350588833078,1354,"MIPC:client_entry:806",3397,1466
83603,813350588838182,1406,"MIPC:client_resolved:806",3397,1466
83604,813350588869015,2761,"MIPC:client_send:806",3397,1466
83609,813350589326567,3698,"MIPC:client_reply:806",3362,1466
83610,813350589483703,4687,"MIPC:client_resume:806",3397,1466
83611,813350589697140,3959,"MIPC:client_registered:807",3397,1466
83612,813350589707401,1094,"MIPC:client_entry:807",3397,1466
83613,813350589711411,1146,"MIPC:client_resolved:807",3397,1466
83614,813350589742765,2448,"MIPC:client_send:807",3397,1466
83619,813350590169797,4114,"MIPC:client_reply:807",3362,1466
83620,813350590340474,4010,"MIPC:client_resume:807",3397,1466
83621,813350590571776,3802,"MIPC:client_registered:808",3397,1466
83622,813350590583963,1719,"MIPC:client_entry:808",3397,1466
83623,813350590589901,1510,"MIPC:client_resolved:808",3397,1466
83624,813350590626880,2552,"MIPC:client_send:808",3397,1466
83629,813350591058859,6198,"MIPC:client_reply:808",3362,1466
83630,813350591226776,3541,"MIPC:client_resume:808",3397,1466
83631,813350591432765,4636,"MIPC:client_registered:809",3397,1466
83632,813350591447192,1459,"MIPC:client_entry:809",3397,1466
83633,813350591452557,1042,"MIPC:client_resolved:809",3397,1466
83634,813350591487453,2239,"MIPC:client_send:809",3397,1466
83639,813350591918963,4323,"MIPC:client_reply:809",3362,1466
83640,813350592086411,35729,"MIPC:client_resume:809",3397,1466
83641,813350592339015,3542,"MIPC:client_registered:810",3397,1466
83642,813350592347974,1302,"MIPC:client_entry:810",3397,1466
83643,813350592352401,1041,"MIPC:client_resolved:810",3397,1466
83644,813350592390370,2239,"MIPC:client_send:810",3397,1466
83649,813350592822401,3958,"MIPC:client_reply:810",3362,1466
83650,813350592973859,4063,"MIPC:client_resume:810",3397,1466
83651,813350593179640,3802,"MIPC:client_registered:811",3397,1466
83652,813350593189432,1302,"MIPC:client_entry:811",3397,1466
83653,813350593194380,1667,"MIPC:client_resolved:811",3397,1466
83654,813350593227661,3177,"MIPC:client_send:811",3397,1466
83659,813350593640578,3385,"MIPC:client_reply:811",3362,1466
83661,813350593787765,4844,"MIPC:client_resume:811",3397,1466
83662,813350594007349,3281,"MIPC:client_registered:812",3397,1466
83663,813350594017401,1198,"MIPC:client_entry:812",3397,1466
83664,813350594022661,1250,"MIPC:client_resolved:812",3397,1466
83665,813350594051359,1615,"MIPC:client_send:812",3397,1466
83672,813350594448599,3333,"MIPC:client_reply:812",3362,1466
83675,813350594599224,3281,"MIPC:client_resume:812",3397,1466
83676,813350594794849,4375,"MIPC:client_registered:813",3397,1466
83677,813350594806984,1771,"MIPC:client_entry:813",3397,1466
83678,813350594812922,989,"MIPC:client_resolved:813",3397,1466
83679,813350594846203,2031,"MIPC:client_send:813",3397,1466
83684,813350595248234,4063,"MIPC:client_reply:813",3362,1466
83685,813350595419901,3437,"MIPC:client_resume:813",3397,1466
83686,813350595697974,3906,"MIPC:client_registered:814",3397,1466
83687,813350595708078,1198,"MIPC:client_entry:814",3397,1466
83688,813350595712505,1146,"MIPC:client_resolved:814",3397,1466
83689,813350595744224,1718,"MIPC:client_send:814",3397,1466
83694,813350596236932,4635,"MIPC:client_reply:814",3362,1466
83695,813350596393547,4687,"MIPC:client_resume:814",3397,1466
83696,813350596615005,4687,"MIPC:client_registered:815",3397,1466
83697,813350596629172,1406,"MIPC:client_entry:815",3397,1466
83698,813350596634745,1302,"MIPC:client_resolved:815",3397,1466
83699,813350596670057,2865,"MIPC:client_send:815",3397,1466
83706,813350597311463,5209,"MIPC:client_reply:815",3362,1466
83707,813350597504536,3750,"MIPC:client_resume:815",3397,1466
83708,813350597730890,1302,"MIPC:client_registered:816",3397,1466
83709,813350597738442,1719,"MIPC:client_entry:816",3397,1466
83710,813350597744640,1302,"MIPC:client_resolved:816",3397,1466
83711,813350597782245,2031,"MIPC:client_send:816",3397,1466
83724,813350598260734,4063,"MIPC:client_reply:816",3362,1466
83725,813350598420474,3802,"MIPC:client_resume:816",3397,1466
83726,813350598630317,4063,"MIPC:client_registered:817",3397,1466
83727,813350598641724,1198,"MIPC:client_entry:817",3397,1466
83728,813350598646984,990,"MIPC:client_resolved:817",3397,1466
83729,813350598684692,2396,"MIPC:client_send:817",3397,1466
83734,813350599103338,4688,"MIPC:client_reply:817",3362,1466
83737,813350599304172,3437,"MIPC:client_resume:817",3397,1466
83740,813350599500161,3490,"MIPC:client_registered:818",3397,1466
83743,813350599521463,1250,"MIPC:client_entry:818",3397,1466
83744,813350599527713,1146,"MIPC:client_resolved:818",3397,1466
83745,813350599561932,2031,"MIPC:client_send:818",3397,1466
83750,813350599991515,5417,"MIPC:client_reply:818",3362,1466
83751,813350600192453,3594,"MIPC:client_resume:818",3397,1466
83752,813350600391724,3646,"MIPC:client_registered:819",3397,1466
83753,813350600401515,1302,"MIPC:client_entry:819",3397,1466
83754,813350600405682,1094,"MIPC:client_resolved:819",3397,1466
83755,813350600434276,1614,"MIPC:client_send:819",3397,1466
83760,813350600836672,3906,"MIPC:client_reply:819",3362,1466
83761,813350600997505,4271,"MIPC:client_resume:819",3397,1466
83762,813350601195474,3073,"MIPC:client_registered:820",3397,1466
83763,813350601203703,1146,"MIPC:client_entry:820",3397,1466
83764,813350601217036,1198,"MIPC:client_resolved:820",3397,1466
83765,813350601246984,2188,"MIPC:client_send:820",3397,1466
83770,813350601636828,3542,"MIPC:client_reply:820",3362,1466
83771,813350601802088,3438,"MIPC:client_resume:820",3397,1466
83772,813350602006984,3854,"MIPC:client_registered:821",3397,1466
83773,813350602017817,1094,"MIPC:client_entry:821",3397,1466
83774,813350602022140,1094,"MIPC:client_resolved:821",3397,1466
83775,813350602053286,2240,"MIPC:client_send:821",3397,1466
83780,813350602447088,3907,"MIPC:client_reply:821",3362,1466
83781,813350602612453,4062,"MIPC:client_resume:821",3397,1466
83782,813350602823234,3646,"MIPC:client_registered:822",3397,1466
83783,813350602834172,1145,"MIPC:client_entry:822",3397,1466
83784,813350602838338,938,"MIPC:client_resolved:822",3397,1466
83785,813350602882297,1562,"MIPC:client_send:822",3397,1466
83790,813350603302974,3802,"MIPC:client_reply:822",3362,1466
83791,813350603486515,4115,"MIPC:client_resume:822",3397,1466
83792,813350603695161,3386,"MIPC:client_registered:823",3397,1466
83793,813350603705213,1146,"MIPC:client_entry:823",3397,1466
83794,813350603709640,990,"MIPC:client_resolved:823",3397,1466
83795,813350603738599,1614,"MIPC:client_send:823",3397,1466
83800,813350604157245,4427,"MIPC:client_reply:823",3362,1466
83801,813350604351932,3542,"MIPC:client_resume:823",3397,1466
83802,813350604537349,3125,"MIPC:client_registered:824",3397,1466
83803,813350604545526,1198,"MIPC:client_entry:824",3397,1466
83804,813350604549849,1041,"MIPC:client_resolved:824",3397,1466
83805,813350604578547,1510,"MIPC:client_send:824",3397,1466
83810,813350604973026,3437,"MIPC:client_reply:824",3362,1466
83811,813350605143286,1771,"MIPC:client_resume:824",3397,1466
83812,813350605330682,4323,"MIPC:client_registered:825",3397,1466
83813,813350605344745,1875,"MIPC:client_entry:825",3397,1466
83814,813350605350630,1510,"MIPC:client_resolved:825",3397,1466
83815,813350605384067,2448,"MIPC:client_send:825",3397,1466
83820,813350605767870,3072,"MIPC:client_reply:825",3362,1466
83821,813350605925161,3646,"MIPC:client_resume:825",3397,1466
83822,813350606135370,4947,"MIPC:client_registered:826",3397,1466
83823,813350606146776,1719,"MIPC:client_entry:826",3397,1466
83824,813350606151776,1510,"MIPC:client_resolved:826",3397,1466
83825,813350606185317,2240,"MIPC:client_send:826",3397,1466
83830,813350606586463,3698,"MIPC:client_reply:826",3362,1466
83831,813350606778911,4323,"MIPC:client_resume:826",3397,1466
83833,813350606977661,4063,"MIPC:client_registered:827",3397,1466
83834,813350606988651,1302,"MIPC:client_entry:827",3397,1466
83835,813350606993755,1042,"MIPC:client_resolved:827",3397,1466
83836,813350607023130,1719,"MIPC:client_send:827",3397,1466
83851,813350607612974,3802,"MIPC:client_reply:827",3362,1466
83858,813350607841047,4791,"MIPC:client_resume:827",3397,1466
83864,813350608031099,3854,"MIPC:client_registered:828",3397,1466
83867,813350608043547,1354,"MIPC:client_entry:828",3397,1466
83868,813350608048755,1146,"MIPC:client_resolved:828",3397,1466
83870,813350608077192,1563,"MIPC:client_send:828",3397,1466
83903,813350608612661,4011,"MIPC:client_reply:828",3362,1466
83917,813350608771984,3854,"MIPC:client_resume:828",3397,1466
83930,813350608989640,4323,"MIPC:client_registered:829",3397,1466
83931,813350609000526,1666,"MIPC:client_entry:829",3397,1466
83932,813350609006255,1406,"MIPC:client_resolved:829",3397,1466
83933,813350609039745,1979,"MIPC:client_send:829",3397,1466
83939,813350609511932,3125,"MIPC:client_reply:829",3362,1466
83940,813350609650474,4479,"MIPC:client_resume:829",3397,1466
83941,813350609863859,4479,"MIPC:client_registered:830",3397,1466
83942,813350609874120,1406,"MIPC:client_entry:830",3397,1466
83943,813350609878651,1094,"MIPC:client_resolved:830",3397,1466
83944,813350609909901,2291,"MIPC:client_send:830",3397,1466
83949,813350610403859,3854,"MIPC:client_reply:830",3362,1466
83950,813350610536620,3906,"MIPC:client_resume:830",3397,1466
83951,813350610755890,3386,"MIPC:client_registered:831",3397,1466
83952,813350610764432,1458,"MIPC:client_entry:831",3397,1466
83953,813350610769797,1458,"MIPC:client_resolved:831",3397,1466
83954,813350610806307,3125,"MIPC:client_send:831",3397,1466
83961,813350611286724,4375,"MIPC:client_reply:831",3362,1466
83964,813350611478338,4479,"MIPC:client_resume:831",3397,1466
83971,813350611721724,4218,"MIPC:client_registered:832",3397,1466
83973,813350611731984,1719,"MIPC:client_entry:832",3397,1466
83974,813350611737245,1406,"MIPC:client_resolved:832",3397,1466
83975,813350611768651,2083,"MIPC:client_send:832",3397,1466
83985,813350612322765,3594,"MIPC:client_reply:832",3362,1466
83986,813350612479901,3802,"MIPC:client_resume:832",3397,1466
83987,813350612716411,2552,"MIPC:client_registered:833",3397,1466
83988,813350612724172,1510,"MIPC:client_entry:833",3397,1466
83989,813350612729172,1198,"MIPC:client_resolved:833",3397,1466
83990,813350612761307,2708,"MIPC:client_send:833",3397,1466
83995,813350613204953,4114,"MIPC:client_reply:833",3362,1466
83996,813350613368547,5000,"MIPC:client_resume:833",3397,1466
83997,813350613580474,5000,"MIPC:client_registered:834",3397,1466
83998,813350613591359,1198,"MIPC:client_entry:834",3397,1466
83999,813350613596047,1927,"MIPC:client_resolved:834",3397,1466
84000,813350613637349,2187,"MIPC:client_send:834",3397,1466
84005,813350614080682,3542,"MIPC:client_reply:834",3362,1466
84006,813350614251984,4479,"MIPC:client_resume:834",3397,1466
84007,813350614476567,4740,"MIPC:client_registered:835",3397,1466
84008,813350614487140,1823,"MIPC:client_entry:835",3397,1466
84009,813350614492765,2084,"MIPC:client_resolved:835",3397,1466
84010,813350614529276,2916,"MIPC:client_send:835",3397,1466
84015,813350614970213,3698,"MIPC:client_reply:835",3362,1466
84016,813350615118755,3750,"MIPC:client_resume:835",3397,1466
84017,813350615340265,3802,"MIPC:client_registered:836",3397,1466
84018,813350615350786,1511,"MIPC:client_entry:836",3397,1466
84019,813350615355995,1406,"MIPC:client_resolved:836",3397,1466
84020,813350615393338,2448,"MIPC:client_send:836",3397,1466
84025,813350615805161,4375,"MIPC:client_reply:836",3362,1466
84026,813350615979224,4427,"MIPC:client_resume:836",3397,1466
84027,813350616260422,4895,"MIPC:client_registered:837",3397,1466
84028,813350616282140,1563,"MIPC:client_entry:837",3397,1466
84029,813350616288495,1458,"MIPC:client_resolved:837",3397,1466
84030,813350616326151,2656,"MIPC:client_send:837",3397,1466
84035,813350616767557,3281,"MIPC:client_reply:837",3362,1466
84038,813350616961411,5261,"MIPC:client_resume:837",3397,1466
84039,813350617165682,4167,"MIPC:client_registered:838",3397,1466
84040,813350617175422,1354,"MIPC:client_entry:838",3397,1466
84041,813350617181099,1927,"MIPC:client_resolved:838",3397,1466
84043,813350617209640,2084,"MIPC:client_send:838",3397,1466
84057,813350617858286,5521,"MIPC:client_reply:838",3362,1466
84058,813350618027922,3802,"MIPC:client_resume:838",3397,1466
84059,813350618239120,4322,"MIPC:client_registered:839",3397,1466
84060,813350618249484,1406,"MIPC:client_entry:839",3397,1466
84061,813350618264432,1250,"MIPC:client_resolved:839",3397,1466
84062,813350618302036,2709,"MIPC:client_send:839",3397,1466
84067,813350618743859,3386,"MIPC:client_reply:839",3362,1466
84068,813350618936567,5365,"MIPC:client_resume:839",3397,1466
84071,813350619199588,3490,"MIPC:client_registered:840",3397,1466
84072,813350619209380,1354,"MIPC:client_entry:840",3397,1466
84073,813350619214797,1927,"MIPC:client_resolved:840",3397,1466
84074,813350619244380,2865,"MIPC:client_send:840",3397,1466
84083,813350619688026,3958,"MIPC:client_reply:840",3362,1466
84084,813350619844015,6042,"MIPC:client_resume:840",3397,1466
84085,813350620056515,3907,"MIPC:client_registered:841",3397,1466
84086,813350620069692,2344,"MIPC:client_entry:841",3397,1466
84087,813350620077661,2031,"MIPC:client_resolved:841",3397,1466
84088,813350620184692,2344,"MIPC:client_send:841",3397,1466
84093,813350620636307,3646,"MIPC:client_reply:841",3362,1466
84094,813350620808807,4948,"MIPC:client_resume:841",3397,1466
84095,813350621017974,3854,"MIPC:client_registered:842",3397,1466
84096,813350621028599,1666,"MIPC:client_entry:842",3397,1466
84097,813350621033911,2344,"MIPC:client_resolved:842",3397,1466
84098,813350621074015,2865,"MIPC:client_send:842",3397,1466
84103,813350621490890,4427,"MIPC:client_reply:842",3362,1466
84104,813350621648859,5000,"MIPC:client_resume:842",3397,1466
84105,813350621869692,3803,"MIPC:client_registered:843",3397,1466
84106,813350621879953,1042,"MIPC:client_entry:843",3397,1466
84107,813350621884953,1667,"MIPC:client_resolved:843",3397,1466
84108,813350621919588,3125,"MIPC:client_send:843",3397,1466
84113,813350622353859,4375,"MIPC:client_reply:843",3362,1466
84114,813350622525109,4479,"MIPC:client_resume:843",3397,1466
84115,813350622754172,3750,"MIPC:client_registered:844",3397,1466
84116,813350622765005,1823,"MIPC:client_entry:844",3397,1466
84117,813350622770213,1563,"MIPC:client_resolved:844",3397,1466
84118,813350622802297,2291,"MIPC:client_send:844",3397,1466
84125,813350623312557,3542,"MIPC:client_reply:844",3362,1466
84126,813350623472922,5937,"MIPC:client_resume:844",3397,1466
84131,813350623671880,5312,"MIPC:client_registered:845",3397,1466
84132,813350623687245,2291,"MIPC:client_entry:845",3397,1466
84133,813350623694276,1666,"MIPC:client_resolved:845",3397,1466
84134,813350623728859,2396,"MIPC:client_send:845",3397,1466
84139,813350624198390,3438,"MIPC:client_reply:845",3362,1466
84140,813350624341515,3907,"MIPC:client_resume:845",3397,1466
84141,813350624575109,3125,"MIPC:client_registered:846",3397,1466
84142,813350624583182,2865,"MIPC:client_entry:846",3397,1466
84143,813350624591776,1302,"MIPC:client_resolved:846",3397,1466
84144,813350624624536,2292,"MIPC:client_send:846",3397,1466
84149,813350625041047,3489,"MIPC:client_reply:846",3362,1466
84150,813350625199276,5000,"MIPC:client_resume:846",3397,1466
84151,813350625413182,4115,"MIPC:client_registered:847",3397,1466
84152,813350625425317,2657,"MIPC:client_entry:847",3397,1466
84153,813350625433599,1979,"MIPC:client_resolved:847",3397,1466
84154,813350625469849,2343,"MIPC:client_send:847",3397,1466
84159,813350625881255,3281,"MIPC:client_reply:847",3362,1466
84160,813350626033286,4271,"MIPC:client_resume:847",3397,1466
84161,813350626259953,4375,"MIPC:client_registered:848",3397,1466
84162,813350626271151,1302,"MIPC:client_entry:848",3397,1466
84163,813350626275734,1094,"MIPC:client_resolved:848",3397,1466
84164,813350626306776,2812,"MIPC:client_send:848",3397,1466
84169,813350626786776,4114,"MIPC:client_reply:848",3362,1466
84170,813350626944015,5157,"MIPC:client_resume:848",3397,1466
84171,813350627158599,4531,"MIPC:client_registered:849",3397,1466
84172,813350627168859,1406,"MIPC:client_entry:849",3397,1466
84173,813350627173911,1302,"MIPC:client_resolved:849",3397,1466
84174,813350627202765,1875,"MIPC:client_send:849",3397,1466
84179,813350627647245,3906,"MIPC:client_reply:849",3362,1466
84180,813350627817192,4480,"MIPC:client_resume:849",3397,1466
84181,813350628063234,3229,"MIPC:client_registered:850",3397,1466
84182,813350628073390,1823,"MIPC:client_entry:850",3397,1466
84183,813350628078911,1406,"MIPC:client_resolved:850",3397,1466
84184,813350628167817,3021,"MIPC:client_send:850",3397,1466
84189,813350628677453,1771,"MIPC:client_reply:850",3362,1466
84190,813350628836620,3645,"MIPC:client_resume:850",3397,1466
84193,813350629092870,4166,"MIPC:client_registered:851",3397,1466
84194,813350629103182,1615,"MIPC:client_entry:851",3397,1466
84195,813350629108755,1510,"MIPC:client_resolved:851",3397,1466
84196,813350629138026,2552,"MIPC:client_send:851",3397,1466
84209,813350629592349,3802,"MIPC:client_reply:851",3362,1466
84210,813350629773130,6510,"MIPC:client_resume:851",3397,1466
84211,813350630001411,3698,"MIPC:client_registered:852",3397,1466
84212,813350630010786,1823,"MIPC:client_entry:852",3397,1466
84213,813350630016047,1666,"MIPC:client_resolved:852",3397,1466
84214,813350630056255,2865,"MIPC:client_send:852",3397,1466
84221,813350630550578,3385,"MIPC:client_reply:852",3362,1466
84226,813350630721463,4115,"MIPC:client_resume:852",3397,1466
84229,813350630955474,4427,"MIPC:client_registered:853",3397,1466
84230,813350630967817,1511,"MIPC:client_entry:853",3397,1466
84231,813350630973390,1198,"MIPC:client_resolved:853",3397,1466
84232,813350631004276,2291,"MIPC:client_send:853",3397,1466
84241,813350631452713,4323,"MIPC:client_reply:853",3362,1466
84242,813350631631151,4531,"MIPC:client_resume:853",3397,1466
84243,813350631859172,4427,"MIPC:client_registered:854",3397,1466
84244,813350631870526,1146,"MIPC:client_entry:854",3397,1466
84245,813350631874953,1146,"MIPC:client_resolved:854",3397,1466
84246,813350631909640,2657,"MIPC:client_send:854",3397,1466
84251,813350632389067,4480,"MIPC:client_reply:854",3362,1466
84252,813350632566047,6562,"MIPC:client_resume:854",3397,1466
84255,813350632795526,4010,"MIPC:client_registered:855",3397,1466
84256,813350632805942,1875,"MIPC:client_entry:855",3397,1466
84257,813350632812870,1250,"MIPC:client_resolved:855",3397,1466
84258,813350632845265,2969,"MIPC:client_send:855",3397,1466
84273,813350633381724,3958,"MIPC:client_reply:855",3362,1466
84274,813350633562453,4844,"MIPC:client_resume:855",3397,1466
84275,813350633796724,3750,"MIPC:client_registered:856",3397,1466
84276,813350633817609,1823,"MIPC:client_entry:856",3397,1466
84277,813350633824015,1407,"MIPC:client_resolved:856",3397,1466
84278,813350633859692,2136,"MIPC:client_send:856",3397,1466
84283,813350634288442,3646,"MIPC:client_reply:856",3362,1466
84284,813350634463130,3906,"MIPC:client_resume:856",3397,1466
84285,813350634667870,3125,"MIPC:client_registered:857",3397,1466
84286,813350634676776,1458,"MIPC:client_entry:857",3397,1466
84287,813350634681463,1354,"MIPC:client_resolved:857",3397,1466
84288,813350634713442,2292,"MIPC:client_send:857",3397,1466
84293,813350635145422,3802,"MIPC:client_reply:857",3362,1466
84294,813350635317245,4895,"MIPC:client_resume:857",3397,1466
84295,813350635590265,5000,"MIPC:client_registered:858",3397,1466
84296,813350635602765,1511,"MIPC:client_entry:858",3397,1466
84297,813350635623963,1875,"MIPC:client_resolved:858",3397,1466
84298,813350635661567,2917,"MIPC:client_send:858",3397,1466
84303,813350636078859,3438,"MIPC:client_reply:858",3362,1466
84304,813350636299432,4792,"MIPC:client_resume:858",3397,1466
84305,813350636499849,4791,"MIPC:client_registered:859",3397,1466
84306,813350636511463,1511,"MIPC:client_entry:859",3397,1466
84307,813350636517349,1979,"MIPC:client_resolved:859",3397,1466
84308,813350636554484,2500,"MIPC:client_send:859",3397,1466
84313,813350636991828,3333,"MIPC:client_reply:859",3362,1466
84314,813350637153495,4010,"MIPC:client_resume:859",3397,1466
84315,813350637357609,3698,"MIPC:client_registered:860",3397,1466
84316,813350637368026,1354,"MIPC:client_entry:860",3397,1466
84317,813350637373338,1459,"MIPC:client_resolved:860",3397,1466
84318,813350637422245,2447,"MIPC:client_send:860",3397,1466
84329,813350637933755,3021,"MIPC:client_reply:860",3362,1466
84330,813350638070526,4062,"MIPC:client_resume:860",3397,1466
84331,813350638278703,4167,"MIPC:client_registered:861",3397,1466
84332,813350638291411,1511,"MIPC:client_entry:861",3397,1466
84333,813350638296932,2135,"MIPC:client_resolved:861",3397,1466
84334,813350638330786,2084,"MIPC:client_send:861",3397,1466
84339,813350638829172,3698,"MIPC:client_reply:861",3362,1466
84340,813350638999953,3906,"MIPC:client_resume:861",3397,1466
84341,813350639202453,3854,"MIPC:client_registered:862",3397,1466
84342,813350639212140,1407,"MIPC:client_entry:862",3397,1466
84343,813350639217297,1406,"MIPC:client_resolved:862",3397,1466
84344,813350639253547,4114,"MIPC:client_send:862",3397,1466
84352,813350639733963,3542,"MIPC:client_reply:862",3362,1466
84356,813350639887140,3177,"MIPC:client_resume:862",3397,1466
84357,813350640117870,6406,"MIPC:client_registered:863",3397,1466
84358,813350640135995,2604,"MIPC:client_entry:863",3397,1466
84359,813350640143286,1927,"MIPC:client_resolved:863",3397,1466
84360,813350640181620,2760,"MIPC:client_send:863",3397,1466
84365,813350640622713,3698,"MIPC:client_reply:863",3362,1466
84366,813350640783755,4375,"MIPC:client_resume:863",3397,1466
84367,813350641008130,4115,"MIPC:client_registered:864",3397,1466
84368,813350641020161,1354,"MIPC:client_entry:864",3397,1466
84369,813350641025265,1823,"MIPC:client_resolved:864",3397,1466
84370,813350641059328,2500,"MIPC:client_send:864",3397,1466
84382,813350641626099,4114,"MIPC:client_reply:864",3362,1466
84383,813350641783026,3750,"MIPC:client_resume:864",3397,1466
84384,813350641999380,3802,"MIPC:client_registered:865",3397,1466
84385,813350642008599,1614,"MIPC:client_entry:865",3397,1466
84386,813350642013286,1042,"MIPC:client_resolved:865",3397,1466
84387,813350642042713,1719,"MIPC:client_send:865",3397,1466
84392,813350642466567,4011,"MIPC:client_reply:865",3362,1466
84393,813350642653442,3750,"MIPC:client_resume:865",3397,1466
84396,813350642867505,4323,"MIPC:client_registered:866",3397,1466
84397,813350642877974,1041,"MIPC:client_entry:866",3397,1466
84398,813350642883130,990,"MIPC:client_resolved:866",3397,1466
84399,813350642912609,1927,"MIPC:client_send:866",3397,1466
84408,813350643357817,4375,"MIPC:client_reply:866",3362,1466
84409,813350643517453,4687,"MIPC:client_resume:866",3397,1466
84410,813350643747974,3177,"MIPC:client_registered:867",3397,1466
84411,813350643757140,1407,"MIPC:client_entry:867",3397,1466
84412,813350643763703,1562,"MIPC:client_resolved:867",3397,1466
84413,813350643801724,2291,"MIPC:client_send:867",3397,1466
84418,813350644281515,4271,"MIPC:client_reply:867",3362,1466
84419,813350644462088,4375,"MIPC:client_resume:867",3397,1466
84420,813350644672661,3542,"MIPC:client_registered:868",3397,1466
84421,813350644682817,1928,"MIPC:client_entry:868",3397,1466
84422,813350644688234,1719,"MIPC:client_resolved:868",3397,1466
84423,813350644728130,2500,"MIPC:client_send:868",3397,1466
84428,813350645137036,4063,"MIPC:client_reply:868",3362,1466
84429,813350645290630,3177,"MIPC:client_resume:868",3397,1466
84430,813350645519797,4843,"MIPC:client_registered:869",3397,1466
84431,813350645532401,1979,"MIPC:client_entry:869",3397,1466
84432,813350645537870,1718,"MIPC:client_resolved:869",3397,1466
84433,813350645572088,3125,"MIPC:client_send:869",3397,1466
84438,813350646012297,3802,"MIPC:client_reply:869",3362,1466
84439,813350646180265,5209,"MIPC:client_resume:869",3397,1466
84440,813350646386620,3385,"MIPC:client_registered:870",3397,1466
84441,813350646396099,1406,"MIPC:client_entry:870",3397,1466
84442,813350646400578,1042,"MIPC:client_resolved:870",3397,1466
84443,813350646431567,2500,"MIPC:client_send:870",3397,1466
84448,813350646864276,4271,"MIPC:client_reply:870",3362,1466
84449,813350647016932,3438,"MIPC:client_resume:870",3397,1466
84450,813350647236672,4948,"MIPC:client_registered:871",3397,1466
84451,813350647248651,1823,"MIPC:client_entry:871",3397,1466
84452,813350647253390,1667,"MIPC:client_resolved:871",3397,1466
84453,813350647285213,2032,"MIPC:client_send:871",3397,1466
84458,813350647689953,4792,"MIPC:client_reply:871",3362,1466
84459,813350647845838,4063,"MIPC:client_resume:871",3397,1466
84460,813350648058182,4219,"MIPC:client_registered:872",3397,1466
84461,813350648070213,1302,"MIPC:client_entry:872",3397,1466
84462,813350648074901,989,"MIPC:client_resolved:872",3397,1466
84463,813350648143547,2343,"MIPC:client_send:872",3397,1466
84468,813350648552349,4427,"MIPC:client_reply:872",3362,1466
84469,813350648720890,3542,"MIPC:client_resume:872",3397,1466
84470,813350648941672,3593,"MIPC:client_registered:873",3397,1466
84471,813350648951047,1302,"MIPC:client_entry:873",3397,1466
84472,813350648955526,1041,"MIPC:client_resolved:873",3397,1466
84473,813350648990265,2344,"MIPC:client_send:873",3397,1466
84480,813350649396776,4791,"MIPC:client_reply:873",3362,1466
84481,813350649570161,4167,"MIPC:client_resume:873",3397,1466
84482,813350649770838,3125,"MIPC:client_registered:874",3397,1466
84483,813350649780213,1198,"MIPC:client_entry:874",3397,1466
84484,813350649784797,989,"MIPC:client_resolved:874",3397,1466
84485,813350649822453,2187,"MIPC:client_send:874",3397,1466
84490,813350650238807,3750,"MIPC:client_reply:874",3362,1466
84491,813350650397192,3698,"MIPC:client_resume:874",3397,1466
84492,813350650610838,2084,"MIPC:client_registered:875",3397,1466
84493,813350650621463,1511,"MIPC:client_entry:875",3397,1466
84494,813350650626567,1667,"MIPC:client_resolved:875",3397,1466
84495,813350650661359,2240,"MIPC:client_send:875",3397,1466
84500,813350651061047,4323,"MIPC:client_reply:875",3362,1466
84501,813350651230578,4948,"MIPC:client_resume:875",3397,1466
84503,813350651426203,3750,"MIPC:client_registered:876",3397,1466
84504,813350651435422,1562,"MIPC:client_entry:876",3397,1466
84505,813350651443599,1823,"MIPC:client_resolved:876",3397,1466
84507,813350651477817,2136,"MIPC:client_send:876",3397,1466
84513,813350651889484,3698,"MIPC:client_reply:876",3362,1466
84517,813350652030474,2864,"MIPC:client_resume:876",3397,1466
84518,813350652269067,3959,"MIPC:client_registered:877",3397,1466
84519,813350652286672,1198,"MIPC:client_entry:877",3397,1466
84521,813350652292088,1146,"MIPC:client_resolved:877",3397,1466
84522,813350652323807,2292,"MIPC:client_send:877",3397,1466
84528,813350652699536,3229,"MIPC:client_reply:877",3362,1466
84529,813350652845578,5937,"MIPC:client_resume:877",3397,1466
84530,813350653062297,3750,"MIPC:client_registered:878",3397,1466
84531,813350653072870,1770,"MIPC:client_entry:878",3397,1466
84532,813350653078442,1303,"MIPC:client_resolved:878",3397,1466
84533,813350653110370,2083,"MIPC:client_send:878",3397,1466
84538,813350653539380,4219,"MIPC:client_reply:878",3362,1466
84539,813350653687661,3906,"MIPC:client_resume:878",3397,1466
84540,813350653902713,4375,"MIPC:client_registered:879",3397,1466
84541,813350653913963,1198,"MIPC:client_entry:879",3397,1466
84542,813350653928963,1459,"MIPC:client_resolved:879",3397,1466
84543,813350653960786,2709,"MIPC:client_send:879",3397,1466
84548,813350654378338,3802,"MIPC:client_reply:879",3362,1466
84549,813350654537870,5000,"MIPC:client_resume:879",3397,1466
84550,813350654745057,4167,"MIPC:client_registered:880",3397,1466
84551,813350654755838,1511,"MIPC:client_entry:880",3397,1466
84552,813350654760578,1458,"MIPC:client_resolved:880",3397,1466
84553,813350654799849,2448,"MIPC:client_send:880",3397,1466
84558,813350655225161,4115,"MIPC:client_reply:880",3362,1466
84559,813350655400526,4375,"MIPC:client_resume:880",3397,1466
84560,813350655603442,3646,"MIPC:client_registered:881",3397,1466
84561,813350655613078,1406,"MIPC:client_entry:881",3397,1466
84562,813350655618390,1459,"MIPC:client_resolved:881",3397,1466
84563,813350655665370,2760,"MIPC:client_send:881",3397,1466
84568,813350656115005,6667,"MIPC:client_reply:881",3362,1466
84569,813350656290786,4948,"MIPC:client_resume:881",3397,1466
84570,813350656508182,4479,"MIPC:client_registered:882",3397,1466
84571,813350656519692,1355,"MIPC:client_entry:882",3397,1466
84572,813350656524588,1302,"MIPC:client_resolved:882",3397,1466
84573,813350656566203,1875,"MIPC:client_send:882",3397,1466
84578,813350656983234,4375,"MIPC:client_reply:882",3362,1466
84579,813350657150682,4740,"MIPC:client_resume:882",3397,1466
84580,813350657352297,4531,"MIPC:client_registered:883",3397,1466
84581,813350657365474,1979,"MIPC:client_entry:883",3397,1466
84582,813350657371567,2032,"MIPC:client_resolved:883",3397,1466
84583,813350657407922,2916,"MIPC:client_send:883",3397,1466
84588,813350657851984,4427,"MIPC:client_reply:883",3362,1466
84589,813350658043130,2552,"MIPC:client_resume:883",3397,1466
84591,813350658293599,3437,"MIPC:client_registered:884",3397,1466
84593,813350658302870,1250,"MIPC:client_entry:884",3397,1466
84594,813350658307713,1250,"MIPC:client_resolved:884",3397,1466
84595,813350658334953,1979,"MIPC:client_send:884",3397,1466
84604,813350658735109,3333,"MIPC:client_reply:884",3362,1466
84605,813350658892349,4323,"MIPC:client_resume:884",3397,1466
84606,813350659091151,3854,"MIPC:client_registered:885",3397,1466
84607,813350659102036,2188,"MIPC:client_entry:885",3397,1466
84608,813350659107765,2032,"MIPC:client_resolved:885",3397,1466
84609,813350659145474,2396,"MIPC:client_send:885",3397,1466
84614,813350659612817,4896,"MIPC:client_reply:885",3362,1466
84615,813350659781411,4115,"MIPC:client_resume:885",3397,1466
84616,813350659999484,4740,"MIPC:client_registered:886",3397,1466
84617,813350660011307,2031,"MIPC:client_entry:886",3397,1466
84618,813350660017557,1979,"MIPC:client_resolved:886",3397,1466
84619,813350660051620,2552,"MIPC:client_send:886",3397,1466
84625,813350660502453,3333,"MIPC:client_reply:886",3362,1466
84627,813350660647453,4739,"MIPC:client_resume:886",3397,1466
84628,813350660857140,4844,"MIPC:client_registered:887",3397,1466
84629,813350660867817,1563,"MIPC:client_entry:887",3397,1466
84630,813350660875161,1875,"MIPC:client_resolved:887",3397,1466
84631,813350660908495,2447,"MIPC:client_send:887",3397,1466
84636,813350661324484,3854,"MIPC:client_reply:887",3362,1466
84637,813350661470942,4532,"MIPC:client_resume:887",3397,1466
84640,813350661709015,3907,"MIPC:client_registered:888",3397,1466
84641,813350661718495,1302,"MIPC:client_entry:888",3397,1466
84642,813350661723130,2083,"MIPC:client_resolved:888",3397,1466
84643,813350661750838,2188,"MIPC:client_send:888",3397,1466
84652,813350662147088,3646,"MIPC:client_reply:888",3362,1466
84653,813350662305057,5521,"MIPC:client_resume:888",3397,1466
84654,813350662526047,4635,"MIPC:client_registered:889",3397,1466
84655,813350662538755,2083,"MIPC:client_entry:889",3397,1466
84656,813350662544172,1927,"MIPC:client_resolved:889",3397,1466
84657,813350662576359,1875,"MIPC:client_send:889",3397,1466
84662,813350663005161,4063,"MIPC:client_reply:889",3362,1466
84663,813350663174849,4687,"MIPC:client_resume:889",3397,1466
84664,813350663384172,4166,"MIPC:client_registered:890",3397,1466
84665,813350663395161,1667,"MIPC:client_entry:890",3397,1466
84666,813350663400630,1250,"MIPC:client_resolved:890",3397,1466
84667,813350663434692,2500,"MIPC:client_send:890",3397,1466
84673,813350663867817,3750,"MIPC:client_reply:890",3362,1466
84675,813350664016255,3802,"MIPC:client_resume:890",3397,1466
84676,813350664262349,4583,"MIPC:client_registered:891",3397,1466
84677,813350664274692,1146,"MIPC:client_entry:891",3397,1466
84678,813350664279015,1511,"MIPC:client_resolved:891",3397,1466
84679,813350664311099,2135,"MIPC:client_send:891",3397,1466
84684,813350664705838,3334,"MIPC:client_reply:891",3362,1466
84685,813350664857609,3958,"MIPC:client_resume:891",3397,1466
84686,813350665097401,3281,"MIPC:client_registered:892",3397,1466
84687,813350665106567,1459,"MIPC:client_entry:892",3397,1466
84688,813350665111672,1250,"MIPC:client_resolved:892",3397,1466
84689,813350665142245,2239,"MIPC:client_send:892",3397,1466
84694,813350665562765,4011,"MIPC:client_reply:892",3362,1466
84695,813350665729640,4688,"MIPC:client_resume:892",3397,1466
84696,813350665922817,4115,"MIPC:client_registered:893",3397,1466
84697,813350665933495,1354,"MIPC:client_entry:893",3397,1466
84698,813350665938442,1459,"MIPC:client_resolved:893",3397,1466
84699,813350665970213,2709,"MIPC:client_send:893",3397,1466
84704,813350666379276,4010,"MIPC:client_reply:893",3362,1466
84705,813350666546932,4635,"MIPC:client_resume:893",3397,1466
84706,813350666771776,3333,"MIPC:client_registered:894",3397,1466
84707,813350666782349,1406,"MIPC:client_entry:894",3397,1466
84708,813350666787453,1510,"MIPC:client_resolved:894",3397,1466
84709,813350666817817,1511,"MIPC:client_send:894",3397,1466
84716,813350667290265,3855,"MIPC:client_reply:894",3362,1466
84717,813350667467922,5052,"MIPC:client_resume:894",3397,1466
84724,813350667688495,3281,"MIPC:client_registered:895",3397,1466
84725,813350667696411,1250,"MIPC:client_entry:895",3397,1466
84726,813350667700942,1198,"MIPC:client_resolved:895",3397,1466
84727,813350667731099,1875,"MIPC:client_send:895",3397,1466
84740,813350668226776,3750,"MIPC:client_reply:895",3362,1466
84741,813350668374745,3854,"MIPC:client_resume:895",3397,1466
84742,813350668589953,4323,"MIPC:client_registered:896",3397,1466
84743,813350668610786,1927,"MIPC:client_entry:896",3397,1466
84744,813350668616776,1823,"MIPC:client_resolved:896",3397,1466
84745,813350668649692,2553,"MIPC:client_send:896",3397,1466
84750,813350669087817,3698,"MIPC:client_reply:896",3362,1466
84751,813350669244901,6354,"MIPC:client_resume:896",3397,1466
84752,813350669450474,4271,"MIPC:client_registered:897",3397,1466
84753,813350669463182,2083,"MIPC:client_entry:897",3397,1466
84754,813350669469692,1303,"MIPC:client_resolved:897",3397,1466
84755,813350669505942,2865,"MIPC:client_send:897",3397,1466
84760,813350669925942,4792,"MIPC:client_reply:897",3362,1466
84761,813350670092192,5261,"MIPC:client_resume:897",3397,1466
84762,813350670288859,3542,"MIPC:client_registered:898",3397,1466
84763,813350670297609,1719,"MIPC:client_entry:898",3397,1466
84764,813350670318234,1719,"MIPC:client_resolved:898",3397,1466
84765,813350670356151,2396,"MIPC:client_send:898",3397,1466
84770,813350670769692,4584,"MIPC:client_reply:898",3362,1466
84771,813350670922349,5104,"MIPC:client_resume:898",3397,1466
84772,813350671132922,4218,"MIPC:client_registered:899",3397,1466
84773,813350671144328,1198,"MIPC:client_entry:899",3397,1466
84774,813350671148911,1042,"MIPC:client_resolved:899",3397,1466
84775,813350671180838,2292,"MIPC:client_send:899",3397,1466
84780,813350671594120,3854,"MIPC:client_reply:899",3362,1466
84781,813350671748442,4480,"MIPC:client_resume:899",3397,1466
84782,813350671952713,3282,"MIPC:client_registered:900",3397,1466
84783,813350671961359,1250,"MIPC:client_entry:900",3397,1466
84784,813350671966099,2604,"MIPC:client_resolved:900",3397,1466
84785,813350672020161,3073,"MIPC:client_send:900",3397,1466
84792,813350672513547,4166,"MIPC:client_reply:900",3362,1466
84795,813350672658495,3750,"MIPC:client_resume:900",3397,1466
84798,813350672864067,4271,"MIPC:client_registered:901",3397,1466
84799,813350672875995,1302,"MIPC:client_entry:901",3397,1466
84800,813350672882036,2031,"MIPC:client_resolved:901",3397,1466
84801,813350672912609,2188,"MIPC:client_send:901",3397,1466
84806,813350673418547,2864,"MIPC:client_reply:901",3362,1466
84807,813350673556203,5000,"MIPC:client_resume:901",3397,1466
84808,813350673774380,4792,"MIPC:client_registered:902",3397,1466
84809,813350673785786,1979,"MIPC:client_entry:902",3397,1466
84810,813350673791203,1875,"MIPC:client_resolved:902",3397,1466
84811,813350673824484,2604,"MIPC:client_send:902",3397,1466
84816,813350674318651,4166,"MIPC:client_reply:902",3362,1466
84817,813350674458599,3385,"MIPC:client_resume:902",3397,1466
84818,813350674657192,5053,"MIPC:client_registered:903",3397,1466
84819,813350674669745,2239,"MIPC:client_entry:903",3397,1466
84820,813350674676359,1511,"MIPC:client_resolved:903",3397,1466
84821,813350674710109,3125,"MIPC:client_send:903",3397,1466
84826,813350675164172,4166,"MIPC:client_reply:903",3362,1466
84827,813350675291047,4895,"MIPC:client_resume:903",3397,1466
84828,813350675542297,4010,"MIPC:client_registered:904",3397,1466
84829,813350675552245,3229,"MIPC:client_entry:904",3397,1466
84830,813350675560526,2291,"MIPC:client_resolved:904",3397,1466
84831,813350675592661,2292,"MIPC:client_send:904",3397,1466
84836,813350676043078,4583,"MIPC:client_reply:904",3362,1466
84837,813350676200213,4167,"MIPC:client_resume:904",3397,1466
84838,813350676407453,4583,"MIPC:client_registered:905",3397,1466
84839,813350676423338,2292,"MIPC:client_entry:905",3397,1466
84840,813350676430474,2187,"MIPC:client_resolved:905",3397,1466
84841,813350676466151,2083,"MIPC:client_send:905",3397,1466
84846,813350676943651,3854,"MIPC:client_reply:905",3362,1466
84847,813350677073390,4948,"MIPC:client_resume:905",3397,1466
84848,813350677296620,4531,"MIPC:client_registered:906",3397,1466
84849,813350677308755,1615,"MIPC:client_entry:906",3397,1466
84850,813350677314067,1355,"MIPC:client_resolved:906",3397,1466
84851,813350677344588,2448,"MIPC:client_send:906",3397,1466
84856,813350677801984,3698,"MIPC:client_reply:906",3362,1466
84857,813350677930995,4791,"MIPC:client_resume:906",3397,1466
84858,813350678149849,4010,"MIPC:client_registered:907",3397,1466
84859,813350678162765,1667,"MIPC:client_entry:907",3397,1466
84860,813350678170265,2188,"MIPC:client_resolved:907",3397,1466
84861,813350678206307,2969,"MIPC:client_send:907",3397,1466
84866,813350678656099,4010,"MIPC:client_reply:907",3362,1466
84867,813350678782557,4583,"MIPC:client_resume:907",3397,1466
84868,813350678991359,6094,"MIPC:client_registered:908",3397,1466
84869,813350679005265,1667,"MIPC:client_entry:908",3397,1466
84870,813350679011151,1354,"MIPC:client_resolved:908",3397,1466
84871,813350679040786,2031,"MIPC:client_send:908",3397,1466
84876,813350679491672,4531,"MIPC:client_reply:908",3362,1466
84877,813350679617453,5104,"MIPC:client_resume:908",3397,1466
84878,813350679856203,3698,"MIPC:client_registered:909",3397,1466
84879,813350679866932,1667,"MIPC:client_entry:909",3397,1466
84880,813350679872192,1459,"MIPC:client_resolved:909",3397,1466
84881,813350679903599,2448,"MIPC:client_send:909",3397,1466
84886,813350680421359,4740,"MIPC:client_reply:909",3362,1466
84887,813350680547974,4896,"MIPC:client_resume:909",3397,1466
84890,813350680740213,4584,"MIPC:client_registered:910",3397,1466
84891,813350680750317,1355,"MIPC:client_entry:910",3397,1466
84892,813350680755526,1302,"MIPC:client_resolved:910",3397,1466
84893,813350680784640,2500,"MIPC:client_send:910",3397,1466
84899,813350681214328,3802,"MIPC:client_reply:910",3362,1466
84901,813350681336463,4688,"MIPC:client_resume:910",3397,1466
84902,813350681543130,3021,"MIPC:client_registered:911",3397,1466
84903,813350681551620,2239,"MIPC:client_entry:911",3397,1466
84904,813350681558130,1406,"MIPC:client_resolved:911",3397,1466
84905,813350681586932,1979,"MIPC:client_send:911",3397,1466
84910,813350682034172,4166,"MIPC:client_reply:911",3362,1466
84911,813350682153338,4636,"MIPC:client_resume:911",3397,1466
84914,813350682344380,3906,"MIPC:client_registered:912",3397,1466
84915,813350682353651,1302,"MIPC:client_entry:912",3397,1466
84916,813350682358547,1354,"MIPC:client_resolved:912",3397,1466
84917,813350682386307,1771,"MIPC:client_send:912",3397,1466
84926,813350682805474,3854,"MIPC:client_reply:912",3362,1466
84927,813350682929536,4375,"MIPC:client_resume:912",3397,1466
84932,813350683149067,3021,"MIPC:client_registered:913",3397,1466
84933,813350683157245,1875,"MIPC:client_entry:913",3397,1466
84934,813350683162297,1510,"MIPC:client_resolved:913",3397,1466
84935,813350683188495,2395,"MIPC:client_send:913",3397,1466
84944,813350683746099,4896,"MIPC:client_reply:913",3362,1466
84945,813350683962192,5365,"MIPC:client_resume:913",3397,1466
84946,813350684272349,3958,"MIPC:client_registered:914",3397,1466
84947,813350684282349,1718,"MIPC:client_entry:914",3397,1466
84948,813350684288234,990,"MIPC:client_resolved:914",3397,1466
84949,813350684323182,2552,"MIPC:client_send:914",3397,1466
84954,813350684775213,3542,"MIPC:client_reply:914",3362,1466
84955,813350684950005,5208,"MIPC:client_resume:914",3397,1466
84956,813350685158026,4948,"MIPC:client_registered:915",3397,1466
84957,813350685180630,1719,"MIPC:client_entry:915",3397,1466
84958,813350685186776,1302,"MIPC:client_resolved:915",3397,1466
84959,813350685224328,2448,"MIPC:client_send:915",3397,1466
84964,813350685663182,4427,"MIPC:client_reply:915",3362,1466
84965,813350685838390,6459,"MIPC:client_resume:915",3397,1466
84966,813350686045422,3906,"MIPC:client_registered:916",3397,1466
84967,813350686058495,1562,"MIPC:client_entry:916",3397,1466
84968,813350686064276,1302,"MIPC:client_resolved:916",3397,1466
84969,813350686097245,2395,"MIPC:client_send:916",3397,1466
84974,813350686533338,3750,"MIPC:client_reply:916",3362,1466
84975,813350686697401,4427,"MIPC:client_resume:916",3397,1466
84976,813350686893599,4791,"MIPC:client_registered:917",3397,1466
84977,813350686907713,1771,"MIPC:client_entry:917",3397,1466
84978,813350686931359,1771,"MIPC:client_resolved:917",3397,1466
84979,813350686968078,2812,"MIPC:client_send:917",3397,1466
84984,813350687389797,3645,"MIPC:client_reply:917",3362,1466
84985,813350687544120,4166,"MIPC:client_resume:917",3397,1466
84986,813350687752349,4062,"MIPC:client_registered:918",3397,1466
84987,813350687762192,1823,"MIPC:client_entry:918",3397,1466
84988,813350687767557,1823,"MIPC:client_resolved:918",3397,1466
84989,813350687803078,2656,"MIPC:client_send:918",3397,1466
84994,813350688286463,3282,"MIPC:client_reply:918",3362,1466
84995,813350688443859,4479,"MIPC:client_resume:918",3397,1466
84996,813350688646724,3802,"MIPC:client_registered:919",3397,1466
84997,813350688658338,1771,"MIPC:client_entry:919",3397,1466
84998,813350688666151,1510,"MIPC:client_resolved:919",3397,1466
84999,813350688715213,2500,"MIPC:client_send:919",3397,1466
85004,813350689139015,5209,"MIPC:client_reply:919",3362,1466
85005,813350689318234,6198,"MIPC:client_resume:919",3397,1466
85006,813350689520370,3593,"MIPC:client_registered:920",3397,1466
85007,813350689529953,1458,"MIPC:client_entry:920",3397,1466
85008,813350689536307,1563,"MIPC:client_resolved:920",3397,1466
85009,813350689574120,2395,"MIPC:client_send:920",3397,1466
85014,813350689996047,3906,"MIPC:client_reply:920",3362,1466
85015,813350690149172,3489,"MIPC:client_resume:920",3397,1466
85016,813350690354901,4062,"MIPC:client_registered:921",3397,1466
85017,813350690365942,2344,"MIPC:client_entry:921",3397,1466
85018,813350690375057,2135,"MIPC:client_resolved:921",3397,1466
85019,813350690411359,2865,"MIPC:client_send:921",3397,1466
85024,813350690855995,4114,"MIPC:client_reply:921",3362,1466
85025,813350691023234,4323,"MIPC:client_resume:921",3397,1466
85026,813350691246932,5208,"MIPC:client_registered:922",3397,1466
85027,813350691258703,1354,"MIPC:client_entry:922",3397,1466
85028,813350691263911,1406,"MIPC:client_resolved:922",3397,1466
85029,813350691295526,2448,"MIPC:client_send:922",3397,1466
85034,813350691773547,4895,"MIPC:client_reply:922",3362,1466
85035,813350691945786,4375,"MIPC:client_resume:922",3397,1466
85036,813350692192609,4167,"MIPC:client_registered:923",3397,1466
85037,813350692203286,1667,"MIPC:client_entry:923",3397,1466
85038,813350692208651,2448,"MIPC:client_resolved:923",3397,1466
85039,813350692240682,2031,"MIPC:client_send:923",3397,1466
85044,813350692642297,3906,"MIPC:client_reply:923",3362,1466
85045,813350692803599,5833,"MIPC:client_resume:923",3397,1466
85046,813350693018442,3907,"MIPC:client_registered:924",3397,1466
85047,813350693028390,1667,"MIPC:client_entry:924",3397,1466
85048,813350693033755,2135,"MIPC:client_resolved:924",3397,1466
85049,813350693072036,3281,"MIPC:client_send:924",3397,1466
85054,813350693485995,3958,"MIPC:client_reply:924",3362,1466
85055,813350693630057,3594,"MIPC:client_resume:924",3397,1466
85056,813350693834745,4583,"MIPC:client_registered:925",3397,1466
85057,813350693847922,1250,"MIPC:client_entry:925",3397,1466
85058,813350693852505,990,"MIPC:client_resolved:925",3397,1466
85059,813350693882974,1875,"MIPC:client_send:925",3397,1466
85064,813350694297870,3385,"MIPC:client_reply:925",3362,1466
85065,813350694446828,4219,"MIPC:client_resume:925",3397,1466
85066,813350694677297,4687,"MIPC:client_registered:926",3397,1466
85067,813350694688755,1823,"MIPC:client_entry:926",3397,1466
85068,813350694693807,990,"MIPC:client_resolved:926",3397,1466
85069,813350694722245,1927,"MIPC:client_send:926",3397,1466
85074,813350695136463,3750,"MIPC:client_reply:926",3362,1466
85075,813350695284745,5833,"MIPC:client_resume:926",3397,1466
85076,813350695486307,4010,"MIPC:client_registered:927",3397,1466
85077,813350695499015,2552,"MIPC:client_entry:927",3397,1466
85078,813350695505786,2188,"MIPC:client_resolved:927",3397,1466
85079,813350695539224,2396,"MIPC:client_send:927",3397,1466
85084,813350695970213,3438,"MIPC:client_reply:927",3362,1466
85085,813350696158130,4323,"MIPC:client_resume:927",3397,1466
85086,813350696362401,3489,"MIPC:client_registered:928",3397,1466
85087,813350696371411,1459,"MIPC:client_entry:928",3397,1466
85088,813350696376567,1250,"MIPC:client_resolved:928",3397,1466
85089,813350696403078,4167,"MIPC:client_send:928",3397,1466
85094,813350696806411,3646,"MIPC:client_reply:928",3362,1466
85095,813350696970578,4375,"MIPC:client_resume:928",3397,1466
85096,813350697165578,3906,"MIPC:client_registered:929",3397,1466
85097,813350697175630,1562,"MIPC:client_entry:929",3397,1466
85098,813350697183234,1458,"MIPC:client_resolved:929",3397,1466
85099,813350697216151,2500,"MIPC:client_send:929",3397,1466
85104,813350697650005,4323,"MIPC:client_reply:929",3362,1466
85105,813350697795942,4428,"MIPC:client_resume:929",3397,1466
85106,813350698014172,3802,"MIPC:client_registered:930",3397,1466
85107,813350698023495,3489,"MIPC:client_entry:930",3397,1466
85108,813350698030786,1042,"MIPC:client_resolved:930",3397,1466
85109,813350698059172,1823,"MIPC:client_send:930",3397,1466
85114,813350698462661,3698,"MIPC:client_reply:930",3362,1466
85115,813350698616307,5729,"MIPC:client_resume:930",3397,1466
85116,813350698833495,3958,"MIPC:client_registered:931",3397,1466
85117,813350698843599,1302,"MIPC:client_entry:931",3397,1466
85118,813350698848755,1719,"MIPC:client_resolved:931",3397,1466
85119,813350698879276,2083,"MIPC:client_send:931",3397,1466
85124,813350699296567,4792,"MIPC:client_reply:931",3362,1466
85125,813350699569015,9375,"MIPC:client_resume:931",3397,1466
85126,813350699807922,4062,"MIPC:client_registered:932",3397,1466
85127,813350699818182,1146,"MIPC:client_entry:932",3397,1466
85128,813350699822817,990,"MIPC:client_resolved:932",3397,1466
85129,813350699849640,1980,"MIPC:client_send:932",3397,1466
85134,813350700292036,4063,"MIPC:client_reply:932",3362,1466
85135,813350700459380,6094,"MIPC:client_resume:932",3397,1466
85136,813350700673130,4010,"MIPC:client_registered:933",3397,1466
85137,813350700684224,1354,"MIPC:client_entry:933",3397,1466
85138,813350700690370,2187,"MIPC:client_resolved:933",3397,1466
85139,813350700726880,2708,"MIPC:client_send:933",3397,1466
85144,813350701152349,3854,"MIPC:client_reply:933",3362,1466
85145,813350701324328,4687,"MIPC:client_resume:933",3397,1466
85146,813350701551984,2188,"MIPC:client_registered:934",3397,1466
85147,813350701560370,1770,"MIPC:client_entry:934",3397,1466
85148,813350701565942,1459,"MIPC:client_resolved:934",3397,1466
85149,813350701603807,2240,"MIPC:client_send:934",3397,1466
85154,813350702028442,4219,"MIPC:client_reply:934",3362,1466
85155,813350702202661,5625,"MIPC:client_resume:934",3397,1466
85156,813350702420422,5416,"MIPC:client_registered:935",3397,1466
85157,813350702431984,1458,"MIPC:client_entry:935",3397,1466
85158,813350702437036,1354,"MIPC:client_resolved:935",3397,1466
85159,813350702467713,2136,"MIPC:client_send:935",3397,1466
85164,813350702912817,4271,"MIPC:client_reply:935",3362,1466
85165,813350703087297,5468,"MIPC:client_resume:935",3397,1466
85166,813350703290265,4375,"MIPC:client_registered:936",3397,1466
85167,813350703315161,1563,"MIPC:client_entry:936",3397,1466
85168,813350703323599,1927,"MIPC:client_resolved:936",3397,1466
85169,813350703358859,2604,"MIPC:client_send:936",3397,1466
85174,813350703772609,2761,"MIPC:client_reply:936",3362,1466
85175,813350703940578,4531,"MIPC:client_resume:936",3397,1466
85176,813350704167557,4479,"MIPC:client_registered:937",3397,1466
85177,813350704179172,1614,"MIPC:client_entry:937",3397,1466
85178,813350704185422,1979,"MIPC:client_resolved:937",3397,1466
85179,813350704218599,2135,"MIPC:client_send:937",3397,1466
85184,813350704653026,3437,"MIPC:client_reply:937",3362,1466
85185,813350704799067,4115,"MIPC:client_resume:937",3397,1466
85186,813350705012297,3750,"MIPC:client_registered:938",3397,1466
85187,813350705021828,1042,"MIPC:client_entry:938",3397,1466
85188,813350705037349,1250,"MIPC:client_resolved:938",3397,1466
85189,813350705071099,2760,"MIPC:client_send:938",3397,1466
85194,813350705478026,4739,"MIPC:client_reply:938",3362,1466
85195,813350705634224,4010,"MIPC:client_resume:938",3397,1466
85198,813350705881359,3698,"MIPC:client_registered:939",3397,1466
85199,813350705891724,1562,"MIPC:client_entry:939",3397,1466
85200,813350705896724,1875,"MIPC:client_resolved:939",3397,1466
85201,813350705924432,1927,"MIPC:client_send:939",3397,1466
85211,813350706346776,5416,"MIPC:client_reply:939",3362,1466
85212,813350706528234,4271,"MIPC:client_resume:939",3397,1466
85213,813350706740890,5209,"MIPC:client_registered:940",3397,1466
85214,813350706752557,1406,"MIPC:client_entry:940",3397,1466
85215,813350706757557,1354,"MIPC:client_resolved:940",3397,1466
85216,813350706803547,2395,"MIPC:client_send:940",3397,1466
85221,813350707225682,4115,"MIPC:client_reply:940",3362,1466
85222,813350707396515,4011,"MIPC:client_resume:940",3397,1466
85223,813350707661515,4636,"MIPC:client_registered:941",3397,1466
85224,813350707675317,1615,"MIPC:client_entry:941",3397,1466
85225,813350707681984,1354,"MIPC:client_resolved:941",3397,1466
85226,813350707716255,2656,"MIPC:client_send:941",3397,1466
85231,813350708159380,4948,"MIPC:client_reply:941",3362,1466
85232,813350708309692,3073,"MIPC:client_resume:941",3397,1466
85233,813350708515265,4323,"MIPC:client_registered:942",3397,1466
85234,813350708525161,1198,"MIPC:client_entry:942",3397,1466
85235,813350708529849,1666,"MIPC:client_resolved:942",3397,1466
85236,813350708559953,2656,"MIPC:client_send:942",3397,1466
85241,813350708975734,3646,"MIPC:client_reply:942",3362,1466
85242,813350709146567,2032,"MIPC:client_resume:942",3397,1466
85243,813350709357557,4635,"MIPC:client_registered:943",3397,1466
85244,813350709368338,1459,"MIPC:client_entry:943",3397,1466
85245,813350709372974,1406,"MIPC:client_resolved:943",3397,1466
85246,813350709402401,2083,"MIPC:client_send:943",3397,1466
85251,813350709803130,3802,"MIPC:client_reply:943",3362,1466
85252,813350709963547,5052,"MIPC:client_resume:943",3397,1466
85253,813350710157817,4844,"MIPC:client_registered:944",3397,1466
85254,813350710171151,1719,"MIPC:client_entry:944",3397,1466
85255,813350710177140,1615,"MIPC:client_resolved:944",3397,1466
85256,813350710209380,2500,"MIPC:client_send:944",3397,1466
85261,813350710616724,4010,"MIPC:client_reply:944",3362,1466
85262,813350710774640,4740,"MIPC:client_resume:944",3397,1466
85263,813350710981932,4479,"MIPC:client_registered:945",3397,1466
85264,813350710994536,1667,"MIPC:client_entry:945",3397,1466
85265,813350711000265,1980,"MIPC:client_resolved:945",3397,1466
85266,813350711032349,2135,"MIPC:client_send:945",3397,1466
85271,813350711412922,3906,"MIPC:client_reply:945",3362,1466
85272,813350711558963,4011,"MIPC:client_resume:945",3397,1466
85274,813350711741776,3750,"MIPC:client_registered:946",3397,1466
85275,813350711753755,1719,"MIPC:client_entry:946",3397,1466
85276,813350711759536,1823,"MIPC:client_resolved:946",3397,1466
85277,813350711789745,2239,"MIPC:client_send:946",3397,1466
85283,813350712200995,4166,"MIPC:client_reply:946",3362,1466
85284,813350712343078,4375,"MIPC:client_resume:946",3397,1466
85285,813350712550213,4323,"MIPC:client_registered:947",3397,1466
85286,813350712561828,1823,"MIPC:client_entry:947",3397,1466
85287,813350712568807,1563,"MIPC:client_resolved:947",3397,1466
85288,813350712597349,2083,"MIPC:client_send:947",3397,1466
85293,813350712970890,4323,"MIPC:client_reply:947",3362,1466
85294,813350713120161,4375,"MIPC:client_resume:947",3397,1466
85295,813350713315682,4531,"MIPC:client_registered:948",3397,1466
85296,813350713329432,2083,"MIPC:client_entry:948",3397,1466
85297,813350713336307,2188,"MIPC:client_resolved:948",3397,1466
85298,813350713369640,2292,"MIPC:client_send:948",3397,1466
85303,813350713788547,4531,"MIPC:client_reply:948",3362,1466
85304,813350713955890,4375,"MIPC:client_resume:948",3397,1466
85305,813350714166880,4531,"MIPC:client_registered:949",3397,1466
85306,813350714179901,2083,"MIPC:client_entry:949",3397,1466
85307,813350714186724,1666,"MIPC:client_resolved:949",3397,1466
85308,813350714221411,2552,"MIPC:client_send:949",3397,1466
85313,813350714615734,4479,"MIPC:client_reply:949",3362,1466
85314,813350714785317,4896,"MIPC:client_resume:949",3397,1466
85315,813350714979849,4739,"MIPC:client_registered:950",3397,1466
85316,813350714992192,1511,"MIPC:client_entry:950",3397,1466
85317,813350714997297,1302,"MIPC:client_resolved:950",3397,1466
85318,813350715032817,2240,"MIPC:client_send:950",3397,1466
85323,813350715474120,4739,"MIPC:client_reply:950",3362,1466
85324,813350715629015,5105,"MIPC:client_resume:950",3397,1466
85325,813350715895942,3386,"MIPC:client_registered:951",3397,1466
85326,813350715906099,1875,"MIPC:client_entry:951",3397,1466
85327,813350715912036,1042,"MIPC:client_resolved:951",3397,1466
85328,813350715942765,2552,"MIPC:client_send:951",3397,1466
85333,813350716431411,4271,"MIPC:client_reply:951",3362,1466
85334,813350716582713,5365,"MIPC:client_resume:951",3397,1466
85335,813350716782557,3542,"MIPC:client_registered:952",3397,1466
85336,813350716793234,1354,"MIPC:client_entry:952",3397,1466
85337,813350716801307,1354,"MIPC:client_resolved:952",3397,1466
85338,813350716830422,3541,"MIPC:client_send:952",3397,1466
85343,813350717260317,3959,"MIPC:client_reply:952",3362,1466
85344,813350717433390,4844,"MIPC:client_resume:952",3397,1466
85345,813350717656307,4219,"MIPC:client_registered:953",3397,1466
85346,813350717669172,1406,"MIPC:client_entry:953",3397,1466
85347,813350717674692,2188,"MIPC:client_resolved:953",3397,1466
85348,813350717708651,2552,"MIPC:client_send:953",3397,1466
85359,813350718140474,2708,"MIPC:client_reply:953",3362,1466
85360,813350718283859,4479,"MIPC:client_resume:953",3397,1466
85362,813350718515630,3125,"MIPC:client_registered:954",3397,1466
85364,813350718523286,1667,"MIPC:client_entry:954",3397,1466
85365,813350718528234,1406,"MIPC:client_resolved:954",3397,1466
85366,813350718555422,2500,"MIPC:client_send:954",3397,1466
85375,813350718954745,3697,"MIPC:client_reply:954",3362,1466
85376,813350719122245,4375,"MIPC:client_resume:954",3397,1466
85377,813350719318703,3750,"MIPC:client_registered:955",3397,1466
85378,813350719340422,1770,"MIPC:client_entry:955",3397,1466
85379,813350719345995,1614,"MIPC:client_resolved:955",3397,1466
85380,813350719379745,2239,"MIPC:client_send:955",3397,1466
85385,813350719771099,4375,"MIPC:client_reply:955",3362,1466
85386,813350719932453,4479,"MIPC:client_resume:955",3397,1466
85387,813350720164849,4583,"MIPC:client_registered:956",3397,1466
85388,813350720175057,1927,"MIPC:client_entry:956",3397,1466
85389,813350720180578,1875,"MIPC:client_resolved:956",3397,1466
85390,813350720211515,1771,"MIPC:client_send:956",3397,1466
85395,813350720613286,3698,"MIPC:client_reply:956",3362,1466
85396,813350720767088,4427,"MIPC:client_resume:956",3397,1466
85399,813350720967245,4322,"MIPC:client_registered:957",3397,1466
85400,813350720979901,1823,"MIPC:client_entry:957",3397,1466
85401,813350720996255,1615,"MIPC:client_resolved:957",3397,1466
85402,813350721028234,2448,"MIPC:client_send:957",3397,1466
85412,813350721426463,3073,"MIPC:client_reply:957",3362,1466
85413,813350721575213,4740,"MIPC:client_resume:957",3397,1466
85414,813350721772140,4219,"MIPC:client_registered:958",3397,1466
85415,813350721784901,1771,"MIPC:client_entry:958",3397,1466
85416,813350721791255,1354,"MIPC:client_resolved:958",3397,1466
85417,813350721822140,2136,"MIPC:client_send:958",3397,1466
85422,813350722226359,4323,"MIPC:client_reply:958",3362,1466
85423,813350722381776,5937,"MIPC:client_resume:958",3397,1466
85424,813350722587974,4166,"MIPC:client_registered:959",3397,1466
85425,813350722598390,1511,"MIPC:client_entry:959",3397,1466
85426,813350722603755,1250,"MIPC:client_resolved:959",3397,1466
85427,813350722653026,1562,"MIPC:client_send:959",3397,1466
85432,813350723059276,4791,"MIPC:client_reply:959",3362,1466
85433,813350723215942,6511,"MIPC:client_resume:959",3397,1466
85434,813350723423599,3177,"MIPC:client_registered:960",3397,1466
85435,813350723432297,2291,"MIPC:client_entry:960",3397,1466
85436,813350723439172,1041,"MIPC:client_resolved:960",3397,1466
85437,813350723464953,1875,"MIPC:client_send:960",3397,1466
85442,813350723878963,3490,"MIPC:client_reply:960",3362,1466
85443,813350724042192,4948,"MIPC:client_resume:960",3397,1466
85444,813350724343182,3750,"MIPC:client_registered:961",3397,1466
85445,813350724353234,1458,"MIPC:client_entry:961",3397,1466
85446,813350724357922,1302,"MIPC:client_resolved:961",3397,1466
85447,813350724386620,2552,"MIPC:client_send:961",3397,1466
85452,813350724820109,3594,"MIPC:client_reply:961",3362,1466
85453,813350724991828,4167,"MIPC:client_resume:961",3397,1466
85454,813350725188703,4739,"MIPC:client_registered:962",3397,1466
85455,813350725201672,2083,"MIPC:client_entry:962",3397,1466
85456,813350725208234,1979,"MIPC:client_resolved:962",3397,1466
85457,813350725240109,2604,"MIPC:client_send:962",3397,1466
85462,813350725648755,3646,"MIPC:client_reply:962",3362,1466
85463,813350725808026,5937,"MIPC:client_resume:962",3397,1466
85464,813350725999797,3750,"MIPC:client_registered:963",3397,1466
85465,813350726008651,1354,"MIPC:client_entry:963",3397,1466
85466,813350726013390,1198,"MIPC:client_resolved:963",3397,1466
85467,813350726039484,1771,"MIPC:client_send:963",3397,1466
85472,813350726477088,5104,"MIPC:client_reply:963",3362,1466
85473,813350726644797,4635,"MIPC:client_resume:963",3397,1466
85474,813350726863703,3906,"MIPC:client_registered:964",3397,1466
85475,813350726873442,1250,"MIPC:client_entry:964",3397,1466
85476,813350726877922,1250,"MIPC:client_resolved:964",3397,1466
85477,813350726908599,2343,"MIPC:client_send:964",3397,1466
85482,813350727314432,4115,"MIPC:client_reply:964",3362,1466
85483,813350727478130,5052,"MIPC:client_resume:964",3397,1466
85484,813350727673911,4792,"MIPC:client_registered:965",3397,1466
85485,813350727686880,1615,"MIPC:client_entry:965",3397,1466
85486,813350727694432,1406,"MIPC:client_resolved:965",3397,1466
85487,813350727723911,2136,"MIPC:client_send:965",3397,1466
85492,813350728156359,3177,"MIPC:client_reply:965",3362,1466
85493,813350728317765,3855,"MIPC:client_resume:965",3397,1466
85494,813350728534224,4323,"MIPC:client_registered:966",3397,1466
85495,813350728546724,2500,"MIPC:client_entry:966",3397,1466
85496,813350728553495,2500,"MIPC:client_resolved:966",3397,1466
85497,813350728580317,1928,"MIPC:client_send:966",3397,1466
85502,813350728978651,4271,"MIPC:client_reply:966",3362,1466
85503,813350729124224,4323,"MIPC:client_resume:966",3397,1466
85504,813350729320578,5417,"MIPC:client_registered:967",3397,1466
85505,813350729332765,1250,"MIPC:client_entry:967",3397,1466
85506,813350729337817,1042,"MIPC:client_resolved:967",3397,1466
85507,813350729365786,1771,"MIPC:client_send:967",3397,1466
85512,813350729760057,4479,"MIPC:client_reply:967",3362,1466
85513,813350729921724,4791,"MIPC:client_resume:967",3397,1466
85514,813350730160422,3125,"MIPC:client_registered:968",3397,1466
85515,813350730168547,1458,"MIPC:client_entry:968",3397,1466
85516,813350730173442,1250,"MIPC:client_resolved:968",3397,1466
85517,813350730200474,2552,"MIPC:client_send:968",3397,1466
85522,813350730603442,4115,"MIPC:client_reply:968",3362,1466
85523,813350730750317,5365,"MIPC:client_resume:968",3397,1466
85524,813350730951828,3958,"MIPC:client_registered:969",3397,1466
85525,813350730962401,1146,"MIPC:client_entry:969",3397,1466
85526,813350730966776,1094,"MIPC:client_resolved:969",3397,1466
85527,813350730994640,1407,"MIPC:client_send:969",3397,1466
85532,813350731389432,4375,"MIPC:client_reply:969",3362,1466
85533,813350731552661,4584,"MIPC:client_resume:969",3397,1466
85534,813350731780890,4219,"MIPC:client_registered:970",3397,1466
85535,813350731791984,1250,"MIPC:client_entry:970",3397,1466
85536,813350731797245,1250,"MIPC:client_resolved:970",3397,1466
85537,813350731829692,2188,"MIPC:client_send:970",3397,1466
85542,813350732269484,3750,"MIPC:client_reply:970",3362,1466
85543,813350732436099,5364,"MIPC:client_resume:970",3397,1466
85544,813350732662713,4115,"MIPC:client_registered:971",3397,1466
85545,813350732673963,1719,"MIPC:client_entry:971",3397,1466
85546,813350732680838,2292,"MIPC:client_resolved:971",3397,1466
85547,813350732709901,2552,"MIPC:client_send:971",3397,1466
85552,813350733131880,4375,"MIPC:client_reply:971",3362,1466
85553,813350733290734,5104,"MIPC:client_resume:971",3397,1466
85554,813350733517192,4011,"MIPC:client_registered:972",3397,1466
85555,813350733526932,1615,"MIPC:client_entry:972",3397,1466
85556,813350733533599,1302,"MIPC:client_resolved:972",3397,1466
85557,813350733564328,1614,"MIPC:client_send:972",3397,1466
85562,813350733985109,4792,"MIPC:client_reply:972",3362,1466
85563,813350734146776,3698,"MIPC:client_resume:972",3397,1466
85564,813350734367349,3906,"MIPC:client_registered:973",3397,1466
85565,813350734378026,2396,"MIPC:client_entry:973",3397,1466
85566,813350734384432,2500,"MIPC:client_resolved:973",3397,1466
85567,813350734416099,2604,"MIPC:client_send:973",3397,1466
85572,813350734841672,3437,"MIPC:client_reply:973",3362,1466
85573,813350735000057,5260,"MIPC:client_resume:973",3397,1466
85574,813350735219432,4219,"MIPC:client_registered:974",3397,1466
85575,813350735233026,1406,"MIPC:client_entry:974",3397,1466
85576,813350735238026,1354,"MIPC:client_resolved:974",3397,1466
85577,813350735273963,2396,"MIPC:client_send:974",3397,1466
85582,813350735742557,3906,"MIPC:client_reply:974",3362,1466
85583,813350735913703,6406,"MIPC:client_resume:974",3397,1466
85584,813350736149849,3646,"MIPC:client_registered:975",3397,1466
85585,813350736159120,1718,"MIPC:client_entry:975",3397,1466
85586,813350736166151,2500,"MIPC:client_resolved:975",3397,1466
85587,813350736203286,2552,"MIPC:client_send:975",3397,1466
85592,813350736610734,3854,"MIPC:client_reply:975",3362,1466
85593,813350736775317,4271,"MIPC:client_resume:975",3397,1466
85594,813350736969745,4947,"MIPC:client_registered:976",3397,1466
85595,813350737001151,2344,"MIPC:client_entry:976",3397,1466
85596,813350737009484,1511,"MIPC:client_resolved:976",3397,1466
85597,813350737041307,2396,"MIPC:client_send:976",3397,1466
85602,813350737444588,3907,"MIPC:client_reply:976",3362,1466
85603,813350737604015,3855,"MIPC:client_resume:976",3397,1466
85604,813350737790526,3177,"MIPC:client_registered:977",3397,1466
85605,813350737798963,1354,"MIPC:client_entry:977",3397,1466
85606,813350737803963,1302,"MIPC:client_resolved:977",3397,1466
85607,813350737830578,2656,"MIPC:client_send:977",3397,1466
85612,813350738229172,3489,"MIPC:client_reply:977",3362,1466
85613,813350738373234,3542,"MIPC:client_resume:977",3397,1466
85614,813350738573182,4479,"MIPC:client_registered:978",3397,1466
85615,813350738583807,1510,"MIPC:client_entry:978",3397,1466
85616,813350738600890,1355,"MIPC:client_resolved:978",3397,1466
85617,813350738635317,3334,"MIPC:client_send:978",3397,1466
85622,813350739050734,3021,"MIPC:client_reply:978",3362,1466
85623,813350739216672,4427,"MIPC:client_resume:978",3397,1466
85624,813350739422245,4635,"MIPC:client_registered:979",3397,1466
85625,813350739434901,2448,"MIPC:client_entry:979",3397,1466
85626,813350739441359,1563,"MIPC:client_resolved:979",3397,1466
85627,813350739467974,2291,"MIPC:client_send:979",3397,1466
85632,813350739905734,4427,"MIPC:client_reply:979",3362,1466
85633,813350740068963,4740,"MIPC:client_resume:979",3397,1466
85634,813350740339276,4583,"MIPC:client_registered:980",3397,1466
85635,813350740349849,2135,"MIPC:client_entry:980",3397,1466
85636,813350740355474,2083,"MIPC:client_resolved:980",3397,1466
85637,813350740410838,2917,"MIPC:client_send:980",3397,1466
85642,813350740834692,4167,"MIPC:client_reply:980",3362,1466
85643,813350740997349,4791,"MIPC:client_resume:980",3397,1466
85644,813350741183286,3334,"MIPC:client_registered:981",3397,1466
85645,813350741192401,1979,"MIPC:client_entry:981",3397,1466
85646,813350741198390,1302,"MIPC:client_resolved:981",3397,1466
85647,813350741227974,2812,"MIPC:client_send:981",3397,1466
85652,813350741632765,3177,"MIPC:client_reply:981",3362,1466
85653,813350741780005,4844,"MIPC:client_resume:981",3397,1466
85654,813350741978911,4427,"MIPC:client_registered:982",3397,1466
85655,813350741989224,1250,"MIPC:client_entry:982",3397,1466
85656,813350741994067,990,"MIPC:client_resolved:982",3397,1466
85657,813350742020734,2083,"MIPC:client_send:982",3397,1466
85662,813350742414067,4219,"MIPC:client_reply:982",3362,1466
85663,813350742575005,3333,"MIPC:client_resume:982",3397,1466
85664,813350742773495,5104,"MIPC:client_registered:983",3397,1466
85665,813350742787297,1562,"MIPC:client_entry:983",3397,1466
85666,813350742793390,1355,"MIPC:client_resolved:983",3397,1466
85667,813350742824120,1979,"MIPC:client_send:983",3397,1466
85672,813350743237505,3958,"MIPC:client_reply:983",3362,1466
85673,813350743399172,4479,"MIPC:client_resume:983",3397,1466
85674,813350743598182,4271,"MIPC:client_registered:984",3397,1466
85675,813350743608755,2083,"MIPC:client_entry:984",3397,1466
85676,813350743614224,2083,"MIPC:client_resolved:984",3397,1466
85677,813350743644692,2657,"MIPC:client_send:984",3397,1466
85682,813350744057557,5052,"MIPC:client_reply:984",3362,1466
85683,813350744251567,4167,"MIPC:client_resume:984",3397,1466
85684,813350744482713,4375,"MIPC:client_registered:985",3397,1466
85685,813350744493911,2188,"MIPC:client_entry:985",3397,1466
85686,813350744499536,2292,"MIPC:client_resolved:985",3397,1466
85687,813350744528286,3073,"MIPC:client_send:985",3397,1466
85692,813350744935838,4115,"MIPC:client_reply:985",3362,1466
85693,813350745080161,4584,"MIPC:client_resume:985",3397,1466
85694,813350745284901,4271,"MIPC:client_registered:986",3397,1466
85695,813350745295630,1094,"MIPC:client_entry:986",3397,1466
85696,813350745302192,1823,"MIPC:client_resolved:986",3397,1466
85697,813350745333078,2083,"MIPC:client_send:986",3397,1466
85702,813350745728286,3229,"MIPC:client_reply:986",3362,1466
85703,813350745878651,3750,"MIPC:client_resume:986",3397,1466
85704,813350746107088,5521,"MIPC:client_registered:987",3397,1466
85705,813350746118755,2344,"MIPC:client_entry:987",3397,1466
85706,813350746125213,2136,"MIPC:client_resolved:987",3397,1466
85707,813350746155213,2604,"MIPC:client_send:987",3397,1466
85712,813350746585890,4271,"MIPC:client_reply:987",3362,1466
85713,813350746732245,3333,"MIPC:client_resume:987",3397,1466
85714,813350746917297,4270,"MIPC:client_registered:988",3397,1466
85715,813350746926776,1146,"MIPC:client_entry:988",3397,1466
85716,813350746931776,1302,"MIPC:client_resolved:988",3397,1466
85717,813350746956776,1406,"MIPC:client_send:988",3397,1466
85722,813350747354432,4010,"MIPC:client_reply:988",3362,1466
85723,813350747505161,3386,"MIPC:client_resume:988",3397,1466
85724,813350747728963,4219,"MIPC:client_registered:989",3397,1466
85725,813350747740838,2136,"MIPC:client_entry:989",3397,1466
85726,813350747747713,1979,"MIPC:client_resolved:989",3397,1466
85727,813350747778442,2188,"MIPC:client_send:989",3397,1466
85732,813350748283703,4271,"MIPC:client_reply:989",3362,1466
85733,813350748439015,4792,"MIPC:client_resume:989",3397,1466
85734,813350748655890,4896,"MIPC:client_registered:990",3397,1466
85735,813350748668494,2188,"MIPC:client_entry:990",3397,1466
85736,813350748673859,1927,"MIPC:client_resolved:990",3397,1466
85737,813350748701984,2135,"MIPC:client_send:990",3397,1466
85742,813350749115317,4219,"MIPC:client_reply:990",3362,1466
85743,813350749280682,5000,"MIPC:client_resume:990",3397,1466
85744,813350749514276,3906,"MIPC:client_registered:991",3397,1466
85745,813350749524119,2448,"MIPC:client_entry:991",3397,1466
85746,813350749530369,1459,"MIPC:client_resolved:991",3397,1466
85747,813350749558390,1979,"MIPC:client_send:991",3397,1466
85766,813350750332453,3333,"MIPC:client_reply:991",3362,1466
85767,813350750485682,4844,"MIPC:client_resume:991",3397,1466
85768,813350750686359,4063,"MIPC:client_registered:992",3397,1466
85769,813350750695890,1302,"MIPC:client_entry:992",3397,1466
85770,813350750702192,1563,"MIPC:client_resolved:992",3397,1466
85771,813350750727661,2552,"MIPC:client_send:992",3397,1466
85777,813350752016411,3698,"MIPC:client_reply:992",3362,1466
85778,813350752191672,4895,"MIPC:client_resume:992",3397,1466
85779,813350752410005,2760,"MIPC:client_registered:993",3397,1466
85780,813350752420630,2500,"MIPC:client_entry:993",3397,1466
85781,813350752427609,2083,"MIPC:client_resolved:993",3397,1466
85782,813350752461932,3229,"MIPC:client_send:993",3397,1466
85794,813350753240942,4167,"MIPC:client_reply:993",3362,1466
85795,813350753405057,3958,"MIPC:client_resume:993",3397,1466
85796,813350753608494,2865,"MIPC:client_registered:994",3397,1466
85797,813350753617453,1562,"MIPC:client_entry:994",3397,1466
85798,813350753622765,1563,"MIPC:client_resolved:994",3397,1466
85799,813350753651151,2604,"MIPC:client_send:994",3397,1466
85804,813350754141724,4479,"MIPC:client_reply:994",3362,1466
85805,813350754301567,3386,"MIPC:client_resume:994",3397,1466
85807,813350754496515,3438,"MIPC:client_registered:995",3397,1466
85808,813350754514640,1615,"MIPC:client_entry:995",3397,1466
85809,813350754520474,1093,"MIPC:client_resolved:995",3397,1466
85810,813350754548963,1979,"MIPC:client_send:995",3397,1466
85857,813350755668963,7604,"MIPC:client_reply:995",3362,1466
85858,813350755898651,5677,"MIPC:client_resume:995",3397,1466
85859,813350756130838,6354,"MIPC:client_registered:996",3397,1466
85860,813350756148859,1458,"MIPC:client_entry:996",3397,1466
85861,813350756154849,1406,"MIPC:client_resolved:996",3397,1466
85862,813350756186567,1875,"MIPC:client_send:996",3397,1466
85867,813350756767088,4323,"MIPC:client_reply:996",3362,1466
85868,813350756922244,4428,"MIPC:client_resume:996",3397,1466
85869,813350757122036,4115,"MIPC:client_registered:997",3397,1466
85870,813350757131724,989,"MIPC:client_entry:997",3397,1466
85871,813350757145838,1146,"MIPC:client_resolved:997",3397,1466
85872,813350757178026,2031,"MIPC:client_send:997",3397,1466
85877,813350757704849,4375,"MIPC:client_reply:997",3362,1466
85878,813350757851880,4427,"MIPC:client_resume:997",3397,1466
85880,813350758035890,3177,"MIPC:client_registered:998",3397,1466
85881,813350758044744,1615,"MIPC:client_entry:998",3397,1466
85882,813350758049953,1458,"MIPC:client_resolved:998",3397,1466
85883,813350758078442,2448,"MIPC:client_send:998",3397,1466
85893,813350759561463,3959,"MIPC:client_reply:998",3362,1466
85894,813350759701567,4427,"MIPC:client_resume:998",3397,1466
85895,813350759887297,4479,"MIPC:client_registered:999",3397,1466
85896,813350759898026,2239,"MIPC:client_entry:999",3397,1466
85897,813350759906724,1823,"MIPC:client_resolved:999",3397,1466
85900,813350759947869,2084,"MIPC:client_send:999",3397,1466
85905,813350760527609,4063,"MIPC:client_reply:999",3362,1466
85906,813350760682765,4740,"MIPC:client_resume:999",3397,1466
85907,813350760875422,4479,"MIPC:client_registered:1000",3397,1466
85908,813350760888547,1562,"MIPC:client_entry:1000",3397,1466
85909,813350760894484,1510,"MIPC:client_resolved:1000",3397,1466
85910,813350760922869,1719,"MIPC:client_send:1000",3397,1466
85915,813350761433182,3802,"MIPC:client_reply:1000",3362,1466
85916,813350761576984,3750,"MIPC:client_resume:1000",3397,1466
85917,813350761760474,4531,"MIPC:client_registered:1001",3397,1466
85918,813350761770578,1719,"MIPC:client_entry:1001",3397,1466
85919,813350761776307,1667,"MIPC:client_resolved:1001",3397,1466
85920,813350761805734,2344,"MIPC:client_send:1001",3397,1466
85938,813350762398026,4062,"MIPC:client_reply:1001",3362,1466
85943,813350762571828,2031,"MIPC:client_resume:1001",3397,1466
85944,813350762778599,3385,"MIPC:client_registered:1002",3397,1466
85945,813350762788130,1354,"MIPC:client_entry:1002",3397,1466
85946,813350762793026,1250,"MIPC:client_resolved:1002",3397,1466
85947,813350762820682,1667,"MIPC:client_send:1002",3397,1466
85952,813350763368026,4271,"MIPC:client_reply:1002",3362,1466
85953,813350763557609,5417,"MIPC:client_resume:1002",3397,1466
85954,813350763760682,4167,"MIPC:client_registered:1003",3397,1466
85955,813350763770630,1354,"MIPC:client_entry:1003",3397,1466
85956,813350763775734,1354,"MIPC:client_resolved:1003",3397,1466
85957,813350763808703,2656,"MIPC:client_send:1003",3397,1466
85962,813350764295317,4063,"MIPC:client_reply:1003",3362,1466
85963,813350764497036,3386,"MIPC:client_resume:1003",3397,1466
85964,813350764698078,3802,"MIPC:client_registered:1004",3397,1466
85965,813350764707297,1093,"MIPC:client_entry:1004",3397,1466
85966,813350764712088,1250,"MIPC:client_resolved:1004",3397,1466
85967,813350764741515,2084,"MIPC:client_send:1004",3397,1466
85972,813350765223963,4011,"MIPC:client_reply:1004",3362,1466
85973,813350765365213,3281,"MIPC:client_resume:1004",3397,1466
85974,813350765552453,4479,"MIPC:client_registered:1005",3397,1466
85975,813350765565786,1354,"MIPC:client_entry:1005",3397,1466
85976,813350765571307,1302,"MIPC:client_resolved:1005",3397,1466
85977,813350765600109,2031,"MIPC:client_send:1005",3397,1466
85982,813350766079224,3750,"MIPC:client_reply:1005",3362,1466
85983,813350766233390,3802,"MIPC:client_resume:1005",3397,1466
85984,813350766436047,3697,"MIPC:client_registered:1006",3397,1466
85985,813350766445213,1302,"MIPC:client_entry:1006",3397,1466
85986,813350766450057,1198,"MIPC:client_resolved:1006",3397,1466
85987,813350766480474,2395,"MIPC:client_send:1006",3397,1466
85992,813350766944328,4271,"MIPC:client_reply:1006",3362,1466
85993,813350767084432,4687,"MIPC:client_resume:1006",3397,1466
85994,813350767286463,3906,"MIPC:client_registered:1007",3397,1466
85995,813350767297609,1458,"MIPC:client_entry:1007",3397,1466
85996,813350767302557,1302,"MIPC:client_resolved:1007",3397,1466
85997,813350767327974,1406,"MIPC:client_send:1007",3397,1466
86002,813350767787453,4219,"MIPC:client_reply:1007",3362,1466
86003,813350767925942,4323,"MIPC:client_resume:1007",3397,1466
86004,813350768170734,3646,"MIPC:client_registered:1008",3397,1466
86005,813350768181151,1302,"MIPC:client_entry:1008",3397,1466
86006,813350768185369,1250,"MIPC:client_resolved:1008",3397,1466
86007,813350768211203,2083,"MIPC:client_send:1008",3397,1466
86012,813350768682661,3438,"MIPC:client_reply:1008",3362,1466
86013,813350768825057,4271,"MIPC:client_resume:1008",3397,1466
86014,813350769011463,3542,"MIPC:client_registered:1009",3397,1466
86015,813350769021463,1406,"MIPC:client_entry:1009",3397,1466
86016,813350769026255,1198,"MIPC:client_resolved:1009",3397,1466
86017,813350769051359,1823,"MIPC:client_send:1009",3397,1466
86022,813350769505474,4323,"MIPC:client_reply:1009",3362,1466
86023,813350769641047,3281,"MIPC:client_resume:1009",3397,1466
86024,813350769844536,2292,"MIPC:client_registered:1010",3397,1466
86025,813350769851776,1250,"MIPC:client_entry:1010",3397,1466
86026,813350769856255,1094,"MIPC:client_resolved:1010",3397,1466
86027,813350769886619,1823,"MIPC:client_send:1010",3397,1466
86032,813350770358755,4114,"MIPC:client_reply:1010",3362,1466
86033,813350770494536,3750,"MIPC:client_resume:1010",3397,1466
86034,813350770678130,3021,"MIPC:client_registered:1011",3397,1466
86035,813350770686047,1250,"MIPC:client_entry:1011",3397,1466
86036,813350770690526,1250,"MIPC:client_resolved:1011",3397,1466
86037,813350770720890,2865,"MIPC:client_send:1011",3397,1466
86042,813350771176880,3281,"MIPC:client_reply:1011",3362,1466
86043,813350771315317,3907,"MIPC:client_resume:1011",3397,1466
86044,813350771570422,3489,"MIPC:client_registered:1012",3397,1466
86045,813350771580317,1198,"MIPC:client_entry:1012",3397,1466
86046,813350771584849,1250,"MIPC:client_resolved:1012",3397,1466
86047,813350771612505,2239,"MIPC:client_send:1012",3397,1466
86058,813350772188234,3073,"MIPC:client_reply:1012",3362,1466
86061,813350772359744,3698,"MIPC:client_resume:1012",3397,1466
86062,813350772551359,3438,"MIPC:client_registered:1013",3397,1466
86063,813350772559172,1250,"MIPC:client_entry:1013",3397,1466
86064,813350772563442,1094,"MIPC:client_resolved:1013",3397,1466
86065,813350772588651,1666,"MIPC:client_send:1013",3397,1466
86087,813350773207922,4583,"MIPC:client_reply:1013",3362,1466
86088,813350773369015,3594,"MIPC:client_resume:1013",3397,1466
86089,813350773573026,4010,"MIPC:client_registered:1014",3397,1466
86090,813350773584484,1146,"MIPC:client_entry:1014",3397,1466
86091,813350773588859,1094,"MIPC:client_resolved:1014",3397,1466
86092,813350773613755,1823,"MIPC:client_send:1014",3397,1466
86097,813350774104640,2761,"MIPC:client_reply:1014",3362,1466
86098,813350774274588,4011,"MIPC:client_resume:1014",3397,1466
86099,813350774473286,4115,"MIPC:client_registered:1015",3397,1466
86100,813350774483286,1302,"MIPC:client_entry:1015",3397,1466
86102,813350774488078,1250,"MIPC:client_resolved:1015",3397,1466
86103,813350774519172,2291,"MIPC:client_send:1015",3397,1466
86115,813350775114901,4479,"MIPC:client_reply:1015",3362,1466
86121,813350775278651,3125,"MIPC:client_resume:1015",3397,1466
86126,813350775457765,4167,"MIPC:client_registered:1016",3397,1466
86127,813350775474276,1250,"MIPC:client_entry:1016",3397,1466
86128,813350775479224,989,"MIPC:client_resolved:1016",3397,1466
86131,813350775507297,1770,"MIPC:client_send:1016",3397,1466
86150,813350775999380,3125,"MIPC:client_reply:1016",3362,1466
86154,813350776257922,4114,"MIPC:client_resume:1016",3397,1466
86159,813350776447609,3385,"MIPC:client_registered:1017",3397,1466
86161,813350776456099,1198,"MIPC:client_entry:1017",3397,1466
86162,813350776460369,1042,"MIPC:client_resolved:1017",3397,1466
86164,813350776484432,1667,"MIPC:client_send:1017",3397,1466
86182,813350777002036,3021,"MIPC:client_reply:1017",3362,1466
86185,813350777156776,3073,"MIPC:client_resume:1017",3397,1466
86190,813350777347088,3959,"MIPC:client_registered:1018",3397,1466
86191,813350777356932,1823,"MIPC:client_entry:1018",3397,1466
86192,813350777378859,1563,"MIPC:client_resolved:1018",3397,1466
86195,813350777411099,2812,"MIPC:client_send:1018",3397,1466
86215,813350777918547,3750,"MIPC:client_reply:1018",3362,1466
86216,813350778078911,4375,"MIPC:client_resume:1018",3397,1466
86221,813350778260838,3334,"MIPC:client_registered:1019",3397,1466
86222,813350778269901,1510,"MIPC:client_entry:1019",3397,1466
86223,813350778274640,1407,"MIPC:client_resolved:1019",3397,1466
86224,813350778300578,1666,"MIPC:client_send:1019",3397,1466
86248,813350778777244,4219,"MIPC:client_reply:1019",3362,1466
86251,813350778919432,4323,"MIPC:client_resume:1019",3397,1466
86260,813350779115786,4271,"MIPC:client_registered:1020",3397,1466
86261,813350779126515,1667,"MIPC:client_entry:1020",3397,1466
86262,813350779131515,1146,"MIPC:client_resolved:1020",3397,1466
86265,813350779171932,1927,"MIPC:client_send:1020",3397,1466
86286,813350779668651,3073,"MIPC:client_reply:1020",3362,1466
86291,813350779812974,4270,"MIPC:client_resume:1020",3397,1466
86300,813350780007817,4011,"MIPC:client_registered:1021",3397,1466
86301,813350780017765,1302,"MIPC:client_entry:1021",3397,1466
86302,813350780022765,1563,"MIPC:client_resolved:1021",3397,1466
86303,813350780051255,2187,"MIPC:client_send:1021",3397,1466
86320,813350780535474,3437,"MIPC:client_reply:1021",3362,1466
86321,813350780676099,4114,"MIPC:client_resume:1021",3397,1466
86328,813350780860369,4271,"MIPC:client_registered:1022",3397,1466
86329,813350780869953,1198,"MIPC:client_entry:1022",3397,1466
86331,813350780874119,1094,"MIPC:client_resolved:1022",3397,1466
86333,813350780899797,1875,"MIPC:client_send:1022",3397,1466
86360,813350781352088,2865,"MIPC:client_reply:1022",3362,1466
86367,813350781497557,3698,"MIPC:client_resume:1022",3397,1466
86372,813350781681099,3854,"MIPC:client_registered:1023",3397,1466
86373,813350781690890,1250,"MIPC:client_entry:1023",3397,1466
86374,813350781695890,938,"MIPC:client_resolved:1023",3397,1466
86377,813350781721047,1770,"MIPC:client_send:1023",3397,1466
86398,813350782165005,3073,"MIPC:client_reply:1023",3362,1466
86401,813350782303547,4895,"MIPC:client_resume:1023",3397,1466
86410,813350782485265,4167,"MIPC:client_registered:1024",3397,1466
86412,813350782494276,1614,"MIPC:client_entry:1024",3397,1466
86414,813350782499328,1614,"MIPC:client_resolved:1024",3397,1466
86417,813350782526047,1927,"MIPC:client_send:1024",3397,1466
86443,813350782980578,2656,"MIPC:client_reply:1024",3362,1466
86444,813350783135474,3333,"MIPC:client_resume:1024",3397,1466
86445,813350783346463,3646,"MIPC:client_registered:1025",3397,1466
86446,813350783357922,1562,"MIPC:client_entry:1025",3397,1466
86447,813350783363130,1510,"MIPC:client_resolved:1025",3397,1466
86448,813350783390786,2083,"MIPC:client_send:1025",3397,1466
86467,813350783885630,3021,"MIPC:client_reply:1025",3362,1466
86475,813350784039849,3541,"MIPC:client_resume:1025",3397,1466
86481,813350784251672,3125,"MIPC:client_registered:1026",3397,1466
86482,813350784260161,1302,"MIPC:client_entry:1026",3397,1466
86483,813350784265005,1250,"MIPC:client_resolved:1026",3397,1466
86486,813350784289640,1407,"MIPC:client_send:1026",3397,1466
86501,813350784747713,2969,"MIPC:client_reply:1026",3362,1466
86512,813350784888807,3750,"MIPC:client_resume:1026",3397,1466
86525,813350785107401,4166,"MIPC:client_registered:1027",3397,1466
86526,813350785117609,1458,"MIPC:client_entry:1027",3397,1466
86527,813350785122088,1094,"MIPC:client_resolved:1027",3397,1466
86528,813350785149432,1823,"MIPC:client_send:1027",3397,1466
86550,813350785602817,3073,"MIPC:client_reply:1027",3362,1466
86559,813350785766672,3437,"MIPC:client_resume:1027",3397,1466
86568,813350785962869,3959,"MIPC:client_registered:1028",3397,1466
86569,813350785972244,1198,"MIPC:client_entry:1028",3397,1466
86570,813350785977401,1562,"MIPC:client_resolved:1028",3397,1466
86573,813350786008130,1719,"MIPC:client_send:1028",3397,1466
86592,813350786477505,3385,"MIPC:client_reply:1028",3362,1466
86599,813350786642453,3073,"MIPC:client_resume:1028",3397,1466
86614,813350786852140,3021,"MIPC:client_registered:1029",3397,1466
86615,813350786860838,1979,"MIPC:client_entry:1029",3397,1466
86616,813350786866151,1093,"MIPC:client_resolved:1029",3397,1466
86617,813350786894588,2292,"MIPC:client_send:1029",3397,1466
86622,813350787386151,3698,"MIPC:client_reply:1029",3362,1466
86623,813350787564692,3802,"MIPC:client_resume:1029",3397,1466
86624,813350787760786,4531,"MIPC:client_registered:1030",3397,1466
86625,813350787769953,1823,"MIPC:client_entry:1030",3397,1466
86626,813350787775109,1354,"MIPC:client_resolved:1030",3397,1466
86627,813350787801255,2448,"MIPC:client_send:1030",3397,1466
86632,813350788269172,4635,"MIPC:client_reply:1030",3362,1466
86633,813350788429380,3542,"MIPC:client_resume:1030",3397,1466
86634,813350788639380,4219,"MIPC:client_registered:1031",3397,1466
86635,813350788651776,1458,"MIPC:client_entry:1031",3397,1466
86636,813350788656984,1042,"MIPC:client_resolved:1031",3397,1466
86637,813350788688338,3073,"MIPC:client_send:1031",3397,1466
86642,813350789129015,4167,"MIPC:client_reply:1031",3362,1466
86643,813350789297297,4322,"MIPC:client_resume:1031",3397,1466
86644,813350789487661,2969,"MIPC:client_registered:1032",3397,1466
86645,813350789496515,1042,"MIPC:client_entry:1032",3397,1466
86646,813350789501515,1354,"MIPC:client_resolved:1032",3397,1466
86647,813350789532817,1927,"MIPC:client_send:1032",3397,1466
86652,813350789954692,2969,"MIPC:client_reply:1032",3362,1466
86653,813350790115057,4167,"MIPC:client_resume:1032",3397,1466
86654,813350790336932,3958,"MIPC:client_registered:1033",3397,1466
86655,813350790345890,1667,"MIPC:client_entry:1033",3397,1466
86656,813350790351307,1667,"MIPC:client_resolved:1033",3397,1466
86657,813350790379744,1875,"MIPC:client_send:1033",3397,1466
86662,813350790812661,3438,"MIPC:client_reply:1033",3362,1466
86663,813350790971984,4948,"MIPC:client_resume:1033",3397,1466
86664,813350791185578,5729,"MIPC:client_registered:1034",3397,1466
86665,813350791197140,1198,"MIPC:client_entry:1034",3397,1466
86666,813350791202505,989,"MIPC:client_resolved:1034",3397,1466
86667,813350791230994,1980,"MIPC:client_send:1034",3397,1466
86672,813350791653547,2968,"MIPC:client_reply:1034",3362,1466
86673,813350791782557,3646,"MIPC:client_resume:1034",3397,1466
86674,813350792001047,2552,"MIPC:client_registered:1035",3397,1466
86675,813350792010838,1615,"MIPC:client_entry:1035",3397,1466
86676,813350792015734,1406,"MIPC:client_resolved:1035",3397,1466
86677,813350792047974,1875,"MIPC:client_send:1035",3397,1466
86682,813350792470474,3125,"MIPC:client_reply:1035",3362,1466
86683,813350792618182,4531,"MIPC:client_resume:1035",3397,1466
86684,813350792819328,4062,"MIPC:client_registered:1036",3397,1466
86685,813350792828703,1823,"MIPC:client_entry:1036",3397,1466
86686,813350792836047,1406,"MIPC:client_resolved:1036",3397,1466
86687,813350792869901,1718,"MIPC:client_send:1036",3397,1466
86692,813350793299224,3437,"MIPC:client_reply:1036",3362,1466
86693,813350793464849,4948,"MIPC:client_resume:1036",3397,1466
86694,813350793653859,4271,"MIPC:client_registered:1037",3397,1466
86695,813350793673651,2083,"MIPC:client_entry:1037",3397,1466
86696,813350793679849,1718,"MIPC:client_resolved:1037",3397,1466
86697,813350793714328,2604,"MIPC:client_send:1037",3397,1466
86702,813350794117974,3281,"MIPC:client_reply:1037",3362,1466
86703,813350794281828,4687,"MIPC:client_resume:1037",3397,1466
86706,813350794523599,4010,"MIPC:client_registered:1038",3397,1466
86707,813350794532765,1459,"MIPC:client_entry:1038",3397,1466
86708,813350794537244,1198,"MIPC:client_resolved:1038",3397,1466
86709,813350794561463,1771,"MIPC:client_send:1038",3397,1466
86718,813350794968494,3386,"MIPC:client_reply:1038",3362,1466
86719,813350795126672,3645,"MIPC:client_resume:1038",3397,1466
86720,813350795318703,4479,"MIPC:client_registered:1039",3397,1466
86721,813350795328234,2240,"MIPC:client_entry:1039",3397,1466
86722,813350795347869,1875,"MIPC:client_resolved:1039",3397,1466
86723,813350795383599,2604,"MIPC:client_send:1039",3397,1466
86728,813350795844692,4115,"MIPC:client_reply:1039",3362,1466
86729,813350796010526,4427,"MIPC:client_resume:1039",3397,1466
86732,813350796289015,4063,"MIPC:client_registered:1040",3397,1466
86733,813350796298390,1146,"MIPC:client_entry:1040",3397,1466
86734,813350796302922,1406,"MIPC:client_resolved:1040",3397,1466
86735,813350796328911,1511,"MIPC:client_send:1040",3397,1466
86744,813350796731047,3854,"MIPC:client_reply:1040",3362,1466
86745,813350796890161,4479,"MIPC:client_resume:1040",3397,1466
86746,813350797085630,4427,"MIPC:client_registered:1041",3397,1466
86747,813350797095526,1146,"MIPC:client_entry:1041",3397,1466
86748,813350797100057,1094,"MIPC:client_resolved:1041",3397,1466
86749,813350797143703,2083,"MIPC:client_send:1041",3397,1466
86754,813350797558078,3750,"MIPC:client_reply:1041",3362,1466
86755,813350797722244,4688,"MIPC:client_resume:1041",3397,1466
86756,813350797916307,4687,"MIPC:client_registered:1042",3397,1466
86757,813350797928963,1667,"MIPC:client_entry:1042",3397,1466
86758,813350797935786,1198,"MIPC:client_resolved:1042",3397,1466
86759,813350797966515,1823,"MIPC:client_send:1042",3397,1466
86764,813350798398442,4532,"MIPC:client_reply:1042",3362,1466
86765,813350798559901,4843,"MIPC:client_resume:1042",3397,1466
86766,813350798765526,4323,"MIPC:client_registered:1043",3397,1466
86767,813350798777140,1667,"MIPC:client_entry:1043",3397,1466
86768,813350798782609,2031,"MIPC:client_resolved:1043",3397,1466
86769,813350798813703,2812,"MIPC:client_send:1043",3397,1466
86774,813350799242192,3490,"MIPC:client_reply:1043",3362,1466
86775,813350799424119,1771,"MIPC:client_resume:1043",3397,1466
86776,813350799622036,5156,"MIPC:client_registered:1044",3397,1466
86777,813350799634640,1875,"MIPC:client_entry:1044",3397,1466
86778,813350799640057,990,"MIPC:client_resolved:1044",3397,1466
86779,813350799672557,2292,"MIPC:client_send:1044",3397,1466
86784,813350800086255,27500,"MIPC:client_reply:1044",3362,1466
86785,813350800271463,4896,"MIPC:client_resume:1044",3397,1466
86786,813350800463234,4583,"MIPC:client_registered:1045",3397,1466
86787,813350800475786,1406,"MIPC:client_entry:1045",3397,1466
86788,813350800482036,1719,"MIPC:client_resolved:1045",3397,1466
86789,813350800514953,1510,"MIPC:client_send:1045",3397,1466
86794,813350800914744,3750,"MIPC:client_reply:1045",3362,1466
86795,813350801076619,4375,"MIPC:client_resume:1045",3397,1466
86796,813350801293807,4635,"MIPC:client_registered:1046",3397,1466
86797,813350801304276,1718,"MIPC:client_entry:1046",3397,1466
86798,813350801309536,1458,"MIPC:client_resolved:1046",3397,1466
86799,813350801339692,1823,"MIPC:client_send:1046",3397,1466
86804,813350801740161,3750,"MIPC:client_reply:1046",3362,1466
86805,813350801903911,4323,"MIPC:client_resume:1046",3397,1466
86806,813350802107297,4583,"MIPC:client_registered:1047",3397,1466
86807,813350802118442,1042,"MIPC:client_entry:1047",3397,1466
86808,813350802122922,1093,"MIPC:client_resolved:1047",3397,1466
86809,813350802150630,1771,"MIPC:client_send:1047",3397,1466
86814,813350802599015,4219,"MIPC:client_reply:1047",3362,1466
86815,813350802749901,4271,"MIPC:client_resume:1047",3397,1466
86816,813350802954172,3593,"MIPC:client_registered:1048",3397,1466
86817,813350802963026,1406,"MIPC:client_entry:1048",3397,1466
86818,813350802970005,1146,"MIPC:client_resolved:1048",3397,1466
86819,813350803002817,2761,"MIPC:client_send:1048",3397,1466
86830,813350803562192,3907,"MIPC:client_reply:1048",3362,1466
86831,813350803776672,6406,"MIPC:client_resume:1048",3397,1466
86832,813350804030317,4844,"MIPC:client_registered:1049",3397,1466
86833,813350804047817,2396,"MIPC:client_entry:1049",3397,1466
86834,813350804056828,2812,"MIPC:client_resolved:1049",3397,1466
86835,813350804150109,3438,"MIPC:client_send:1049",3397,1466
86840,813350804647557,5729,"MIPC:client_reply:1049",3362,1466
86841,813350804851619,4636,"MIPC:client_resume:1049",3397,1466
86842,813350805075317,3438,"MIPC:client_registered:1050",3397,1466
86843,813350805084172,1197,"MIPC:client_entry:1050",3397,1466
86844,813350805088807,1146,"MIPC:client_resolved:1050",3397,1466
86845,813350805121047,2968,"MIPC:client_send:1050",3397,1466
86850,813350805526099,3750,"MIPC:client_reply:1050",3362,1466
86851,813350805698599,5260,"MIPC:client_resume:1050",3397,1466
