"id","out_id","in_id","send_ns","recv_ns","out_name","in_name","src_pid","src_tid","dst_pid","dst_tid","transaction_id","destination_node","code","flags"
3446,57731,57737,813349827971672,813349828025474,"binder transaction async","binder async rcv",1466,3397,3421,3473,115554827,115554649,"0x0a Java Layer Dependent","0x11 this is a one-way call: async, no return; allow replies with file descriptors; "
3448,57782,57786,813349828785787,813349828834849,"binder transaction async","binder async rcv",3421,3468,1466,3362,115554829,115554652,"0x01 Java Layer Dependent","0x11 this is a one-way call: async, no return; allow replies with file descriptors; "
3450,57842,57846,813349829949849,813349829994016,"binder transaction async","binder async rcv",1466,3397,3421,3473,115554834,115554649,"0x0a Java Layer Dependent","0x11 this is a one-way call: async, no return; allow replies with file descriptors; "
3454,57868,57869,813349830305266,813349830346307,"binder transaction async","binder async rcv",3421,3468,1466,3362,115554838,115554652,"0x01 Java Layer Dependent","0x11 this is a one-way call: async, no return; allow replies with file descriptors; "
3455,57913,57915,813349830939693,813349830979224,"binder transaction async","binder async rcv",1466,3397,3421,3473,115554839,115554649,"0x0a Java Layer Dependent","0x11 this is a one-way call: async, no return; allow replies with file descriptors; "
3456,57923,57925,813349831261984,813349831301724,"binder transaction async","binder async rcv",3421,3468,1466,3362,115554840,115554652,"0x01 Java Layer Dependent","0x11 this is a one-way call: async, no return; allow replies with file descriptors; "
3458,57964,57965,813349831858495,813349831896359,"binder transaction async","binder async rcv",1466,3397,3421,3473,115554842,115554649,"0x0a Java Layer Dependent","0x11 this is a one-way call: async, no return; allow replies with file descriptors; "
3459,57993,57998,813349832197922,813349832237609,"binder transaction async","binder async rcv",3421,3468,1466,3362,115554843,115554652,"0x01 Java Layer Dependent","0x11 this is a one-way call: async, no return; allow replies with file descriptors; "
3460,58043,58046,813349832815526,813349832857818,"binder transaction async","binder async rcv",1466,3397,3421,3473,115554844,115554649,"0x0a Java Layer Dependent","0x11 this is a one-way call: async, no return; allow replies with file descriptors; "
3461,58061,58062,813349833156464,813349833193234,"binder transaction async","binder async rcv",3421,3468,1466,3362,115554845,115554652,"0x01 Java Layer Dependent","0x11 this is a one-way call: async, no return; allow replies with file descriptors; "
3462,58069,58070,813349833705839,813349833744276,"binder transaction async","binder async rcv",1466,3397,3421,3473,115554846,115554649,"0x0a Java Layer Dependent","0x11 this is a one-way call: async, no return; allow replies with file descriptors; "
3463,58079,58080,813349834035995,813349834076359,"binder transaction async","binder async rcv",3421,3468,1466,3362,115554847,115554652,"0x01 Java Layer Dependent","0x11 this is a one-way call: async, no return; allow replies with file descriptors; "
3464,58103,58104,813349834606412,813349834639589,"binder transaction async","binder async rcv",1466,3397,3421,3473,115554848,115554649,"0x0a Java Layer Dependent","0x11 this is a one-way call: async, no return; allow replies with file descriptors; "
3465,58117,58118,813349834915734,813349835096307,"binder transaction async","binder async rcv",3421,3468,1466,3362,115554849,115554652,"0x01 Java Layer Dependent","0x11 this is a one-way call: async, no return; allow replies with file descriptors; "
3467,58141,58146,813349835674745,813349835713339,"binder transaction async","binder async rcv",1466,3397,3421,3473,115554851,115554649,"0x0a Java Layer Dependent","0x11 this is a one-way call: async, no return; allow replies with file descriptors; "
3468,58165,58172,813349836046724,813349836138807,"binder transaction async","binder async rcv",3421,3468,1466,3362,115554852,115554652,"0x01 Java Layer Dependent","0x11 this is a one-way call: async, no return; allow replies with file descriptors; "
3469,58203,58204,813349836708755,813349836737037,"binder transaction async","binder async rcv",1466,3397,3421,3473,115554854,115554649,"0x0a Java Layer Dependent","0x11 this is a one-way call: async, no return; allow replies with file descriptors; "
3471,58207,58209,813349837059745,813349837095318,"binder transaction async","binder async rcv",3421,3468,1466,3362,115554856,115554652,"0x01 Java Layer Dependent","0x11 this is a one-way call: async, no return; allow replies with file descriptors; "
3474,58253,58259,813349837677193,813349837734276,"binder transaction async","binder async rcv",1466,3397,3421,3473,115554861,115554649,"0x0a Java Layer Dependent","0x11 this is a one-way call: async, no return; allow replies with file descriptors; "
3477,58281,58287,813349838047609,813349838088495,"binder transaction async","binder async rcv",3421,3468,1466,3362,115554866,115554652,"0x01 Java Layer Dependent","0x11 this is a one-way call: async, no return; allow replies with file descriptors; "
3480,58322,58325,813349838619953,813349838661307,"binder transaction async","binder async rcv",1466,3397,3421,3473,115554870,115554649,"0x0a Java Layer Dependent","0x11 this is a one-way call: async, no return; allow replies with file descriptors; "
3481,58336,58340,813349838947818,813349838984953,"binder transaction async","binder async rcv",3421,3468,1466,3362,115554871,115554652,"0x01 Java Layer Dependent","0x11 this is a one-way call: async, no return; allow replies with file descriptors; "
3483,58385,58387,813349839535162,813349839569172,"binder transaction async","binder async rcv",1466,3397,3421,3473,115554873,115554649,"0x0a Java Layer Dependent","0x11 this is a one-way call: async, no return; allow replies with file descriptors; "
3484,58405,58406,813349839831932,813349839863443,"binder transaction async","binder async rcv",3421,3468,1466,3362,115554874,115554652,"0x01 Java Layer Dependent","0x11 this is a one-way call: async, no return; allow replies with file descriptors; "
3485,58447,58452,813349840401255,813349840434849,"binder transaction async","binder async rcv",1466,3397,3421,3473,115554875,115554649,"0x0a Java Layer Dependent","0x11 this is a one-way call: async, no return; allow replies with file descriptors; "
3486,58472,58475,813349840681203,813349840710162,"binder transaction async","binder async rcv",3421,3468,1466,3362,115554876,115554652,"0x01 Java Layer Dependent","0x11 this is a one-way call: async, no return; allow replies with file descriptors; "
3487,58518,58519,813349841277037,813349841308755,"binder transaction async","binder async rcv",1466,3397,3421,3473,115554877,115554649,"0x0a Java Layer Dependent","0x11 this is a one-way call: async, no return; allow replies with file descriptors; "
3488,58542,58544,813349841588859,813349841623287,"binder transaction async","binder async rcv",3421,3468,1466,3362,115554878,115554652,"0x01 Java Layer Dependent","0x11 this is a one-way call: async, no return; allow replies with file descriptors; "
3489,58592,58595,813349842131203,813349842161412,"binder transaction async","binder async rcv",1466,3397,3421,3473,115554879,115554649,"0x0a Java Layer Dependent","0x11 this is a one-way call: async, no return; allow replies with file descriptors; "
3490,58624,58628,813349842431464,813349842461203,"binder transaction async","binder async rcv",3421,3468,1466,3362,115554880,115554652,"0x01 Java Layer Dependent","0x11 this is a one-way call: async, no return; allow replies with file descriptors; "
3491,58668,58673,813349842933182,813349842967401,"binder transaction async","binder async rcv",1466,3397,3421,3473,115554881,115554649,"0x0a Java Layer Dependent","0x11 this is a one-way call: async, no return; allow replies with file descriptors; "
3492,58701,58703,813349843214901,813349843247037,"binder transaction async","binder async rcv",3421,3468,1466,3362,115554882,115554652,"0x01 Java Layer Dependent","0x11 this is a one-way call: async, no return; allow replies with file descriptors; "
3493,58737,58741,813349843838443,813349843889589,"binder transaction async","binder async rcv",1466,3397,3421,3473,115554883,115554649,"0x0a Java Layer Dependent","0x11 this is a one-way call: async, no return; allow replies with file descriptors; "
3495,58753,58754,813349844219172,813349844254328,"binder transaction async","binder async rcv",3421,3468,1466,3362,115554885,115554652,"0x01 Java Layer Dependent","0x11 this is a one-way call: async, no return; allow replies with file descriptors; "
3496,58796,58799,813349844811932,813349844853495,"binder transaction async","binder async rcv",1466,3397,3421,3473,115554887,115554649,"0x0a Java Layer Dependent","0x11 this is a one-way call: async, no return; allow replies with file descriptors; "
3497,58820,58825,813349845156672,813349845198182,"binder transaction async","binder async rcv",3421,3468,1466,3362,115554888,115554652,"0x01 Java Layer Dependent","0x11 this is a one-way call: async, no return; allow replies with file descriptors; "
3499,58856,58857,813349845746984,813349845784484,"binder transaction async","binder async rcv",1466,3397,3421,3473,115554891,115554649,"0x0a Java Layer Dependent","0x11 this is a one-way call: async, no return; allow replies with file descriptors; "
3502,58880,58895,813349846512662,813349846685005,"binder transaction async","binder async rcv",3421,3468,1466,3362,115554893,115554652,"0x01 Java Layer Dependent","0x11 this is a one-way call: async, no return; allow replies with file descriptors; "
3505,58944,58945,813349847277401,813349847322245,"binder transaction async","binder async rcv",1466,3397,3421,3473,115554899,115554649,"0x0a Java Layer Dependent","0x11 this is a one-way call: async, no return; allow replies with file descriptors; "
3506,58962,58965,813349847625682,813349847670734,"binder transaction async","binder async rcv",3421,3468,1466,3362,115554900,115554652,"0x01 Java Layer Dependent","0x11 this is a one-way call: async, no return; allow replies with file descriptors; "
3508,58987,58988,813349848280057,813349848321932,"binder transaction async","binder async rcv",1466,3397,3421,3473,115554902,115554649,"0x0a Java Layer Dependent","0x11 this is a one-way call: async, no return; allow replies with file descriptors; "
3509,58989,58990,813349848652401,813349848700005,"binder transaction async","binder async rcv",3421,3468,1466,3362,115554903,115554652,"0x01 Java Layer Dependent","0x11 this is a one-way call: async, no return; allow replies with file descriptors; "
3510,58997,58998,813349849239016,813349849275526,"binder transaction async","binder async rcv",1466,3397,3421,3473,115554904,115554649,"0x0a Java Layer Dependent","0x11 this is a one-way call: async, no return; allow replies with file descriptors; "
3511,58999,59000,813349849556568,813349849598234,"binder transaction async","binder async rcv",3421,3468,1466,3362,115554905,115554652,"0x01 Java Layer Dependent","0x11 this is a one-way call: async, no return; allow replies with file descriptors; "
3512,59007,59008,813349850094224,813349850133391,"binder transaction async","binder async rcv",1466,3397,3421,3473,115554906,115554649,"0x0a Java Layer Dependent","0x11 this is a one-way call: async, no return; allow replies with file descriptors; "
3513,59009,59010,813349850410370,813349850451620,"binder transaction async","binder async rcv",3421,3468,1466,3362,115554907,115554652,"0x01 Java Layer Dependent","0x11 this is a one-way call: async, no return; allow replies with file descriptors; "
3514,59017,59019,813349850968859,813349851005057,"binder transaction async","binder async rcv",1466,3397,3421,3473,115554908,115554649,"0x0a Java Layer Dependent","0x11 this is a one-way call: async, no return; allow replies with file descriptors; "
3515,59035,59044,813349851342818,813349851451984,"binder transaction async","binder async rcv",3421,3468,1466,3362,115554909,115554652,"0x01 Java Layer Dependent","0x11 this is a one-way call: async, no return; allow replies with file descriptors; "
3516,59089,59091,813349852126151,813349852155005,"binder transaction async","binder async rcv",1466,3397,3421,3473,115554911,115554649,"0x0a Java Layer Dependent","0x11 this is a one-way call: async, no return; allow replies with file descriptors; "
3518,59113,59114,813349852406776,813349852442766,"binder transaction async","binder async rcv",3421,3468,1466,3362,115554913,115554652,"0x01 Java Layer Dependent","0x11 this is a one-way call: async, no return; allow replies with file descriptors; "
3519,59175,59178,813349853085318,813349853124224,"binder transaction async","binder async rcv",1466,3397,3421,3473,115554914,115554649,"0x0a Java Layer Dependent","0x11 this is a one-way call: async, no return; allow replies with file descriptors; "
3521,59209,59210,813349853409693,813349853480109,"binder transaction async","binder async rcv",3421,3468,1466,3362,115554917,115554652,"0x01 Java Layer Dependent","0x11 this is a one-way call: async, no return; allow replies with file descriptors; "
3523,59265,59268,813349854594224,813349854631151,"binder transaction async","binder async rcv",1466,3397,3421,3473,115554919,115554649,"0x0a Java Layer Dependent","0x11 this is a one-way call: async, no return; allow replies with file descriptors; "
3525,59293,59296,813349854895891,813349854925474,"binder transaction async","binder async rcv",3421,3468,1466,3362,115554922,115554652,"0x01 Java Layer Dependent","0x11 this is a one-way call: async, no return; allow replies with file descriptors; "
3528,59340,59343,813349855498026,813349855535787,"binder transaction async","binder async rcv",1466,3397,3421,3473,115554926,115554649,"0x0a Java Layer Dependent","0x11 this is a one-way call: async, no return; allow replies with file descriptors; "
3529,59356,59361,813349855826464,813349855860839,"binder transaction async","binder async rcv",3421,3468,1466,3362,115554927,115554652,"0x01 Java Layer Dependent","0x11 this is a one-way call: async, no return; allow replies with file descriptors; "
3530,59374,59375,813349856410370,813349856448391,"binder transaction async","binder async rcv",1466,3397,3421,3473,115554929,115554649,"0x0a Java Layer Dependent","0x11 this is a one-way call: async, no return; allow replies with file descriptors; "
3532,59377,59378,813349856716776,813349856748182,"binder transaction async","binder async rcv",3421,3468,1466,3362,115554930,115554652,"0x01 Java Layer Dependent","0x11 this is a one-way call: async, no return; allow replies with file descriptors; "
3533,59385,59386,813349857198234,813349857231516,"binder transaction async","binder async rcv",1466,3397,3421,3473,115554931,115554649,"0x0a Java Layer Dependent","0x11 this is a one-way call: async, no return; allow replies with file descriptors; "
3534,59387,59388,813349857495266,813349857527297,"binder transaction async","binder async rcv",3421,3468,1466,3362,115554932,115554652,"0x01 Java Layer Dependent","0x11 this is a one-way call: async, no return; allow replies with file descriptors; "
3535,59396,59397,813349857978912,813349858010109,"binder transaction async","binder async rcv",1466,3397,3421,3473,115554933,115554649,"0x0a Java Layer Dependent","0x11 this is a one-way call: async, no return; allow replies with file descriptors; "
3536,59398,59399,813349858275266,813349858308391,"binder transaction async","binder async rcv",3421,3468,1466,3362,115554934,115554652,"0x01 Java Layer Dependent","0x11 this is a one-way call: async, no return; allow replies with file descriptors; "
3537,59406,59407,813349858756984,813349858788495,"binder transaction async","binder async rcv",1466,3397,3421,3473,115554935,115554649,"0x0a Java Layer Dependent","0x11 this is a one-way call: async, no return; allow replies with file descriptors; "
3538,59408,59409,813349859060839,813349859094641,"binder transaction async","binder async rcv",3421,3468,1466,3362,115554936,115554652,"0x01 Java Layer Dependent","0x11 this is a one-way call: async, no return; allow replies with file descriptors; "
3539,59417,59418,813349859589224,813349859618651,"binder transaction async","binder async rcv",1466,3397,3421,3473,115554937,115554649,"0x0a Java Layer Dependent","0x11 this is a one-way call: async, no return; allow replies with file descriptors; "
3540,59419,59420,813349859872453,813349859906724,"binder transaction async","binder async rcv",3421,3468,1466,3362,115554938,115554652,"0x01 Java Layer Dependent","0x11 this is a one-way call: async, no return; allow replies with file descriptors; "
3541,59428,59429,813349860561464,813349860595057,"binder transaction async","binder async rcv",1466,3397,3421,3473,115554939,115554649,"0x0a Java Layer Dependent","0x11 this is a one-way call: async, no return; allow replies with file descriptors; "
3543,59432,59433,813349860855995,813349860892141,"binder transaction async","binder async rcv",3421,3468,1466,3362,115554941,115554652,"0x01 Java Layer Dependent","0x11 this is a one-way call: async, no return; allow replies with file descriptors; "
3544,59441,59442,813349861428443,813349861457401,"binder transaction async","binder async rcv",1466,3397,3421,3473,115554943,115554649,"0x0a Java Layer Dependent","0x11 this is a one-way call: async, no return; allow replies with file descriptors; "
3545,59443,59444,813349861736151,813349861769797,"binder transaction async","binder async rcv",3421,3468,1466,3362,115554944,115554652,"0x01 Java Layer Dependent","0x11 this is a one-way call: async, no return; allow replies with file descriptors; "
3547,59453,59454,813349862259224,813349862294120,"binder transaction async","binder async rcv",1466,3397,3421,3473,115554947,115554649,"0x0a Java Layer Dependent","0x11 this is a one-way call: async, no return; allow replies with file descriptors; "
3548,59455,59456,813349862551464,813349862644537,"binder transaction async","binder async rcv",3421,3468,1466,3362,115554948,115554652,"0x01 Java Layer Dependent","0x11 this is a one-way call: async, no return; allow replies with file descriptors; "
3550,59465,59466,813349863076359,813349863111099,"binder transaction async","binder async rcv",1466,3397,3421,3473,115554950,115554649,"0x0a Java Layer Dependent","0x11 this is a one-way call: async, no return; allow replies with file descriptors; "
3553,59469,59472,813349863424120,813349863463182,"binder transaction async","binder async rcv",3421,3468,1466,3362,115554954,115554652,"0x01 Java Layer Dependent","0x11 this is a one-way call: async, no return; allow replies with file descriptors; "
3555,59482,59483,813349863959016,813349863995474,"binder transaction async","binder async rcv",1466,3397,3421,3473,115554957,115554649,"0x0a Java Layer Dependent","0x11 this is a one-way call: async, no return; allow replies with file descriptors; "
3556,59484,59485,813349864306151,813349864343443,"binder transaction async","binder async rcv",3421,3468,1466,3362,115554958,115554652,"0x01 Java Layer Dependent","0x11 this is a one-way call: async, no return; allow replies with file descriptors; "
3557,59493,59494,813349864860162,813349864902609,"binder transaction async","binder async rcv",1466,3397,3421,3473,115554960,115554649,"0x0a Java Layer Dependent","0x11 this is a one-way call: async, no return; allow replies with file descriptors; "
3559,59496,59497,813349865155943,813349865187037,"binder transaction async","binder async rcv",3421,3468,1466,3362,115554961,115554652,"0x01 Java Layer Dependent","0x11 this is a one-way call: async, no return; allow replies with file descriptors; "
3560,59505,59506,813349865649745,813349865682714,"binder transaction async","binder async rcv",1466,3397,3421,3473,115554962,115554649,"0x0a Java Layer Dependent","0x11 this is a one-way call: async, no return; allow replies with file descriptors; "
3561,59507,59508,813349865970162,813349866002505,"binder transaction async","binder async rcv",3421,3468,1466,3362,115554963,115554652,"0x01 Java Layer Dependent","0x11 this is a one-way call: async, no return; allow replies with file descriptors; "
3562,59515,59516,813349866426880,813349866467557,"binder transaction async","binder async rcv",1466,3397,3421,3473,115554964,115554649,"0x0a Java Layer Dependent","0x11 this is a one-way call: async, no return; allow replies with file descriptors; "
3563,59517,59518,813349866794537,813349866828130,"binder transaction async","binder async rcv",3421,3468,1466,3362,115554965,115554652,"0x01 Java Layer Dependent","0x11 this is a one-way call: async, no return; allow replies with file descriptors; "
3564,59525,59526,813349867275526,813349867304537,"binder transaction async","binder async rcv",1466,3397,3421,3473,115554966,115554649,"0x0a Java Layer Dependent","0x11 this is a one-way call: async, no return; allow replies with file descriptors; "
3565,59527,59528,813349867564641,813349867599120,"binder transaction async","binder async rcv",3421,3468,1466,3362,115554967,115554652,"0x01 Java Layer Dependent","0x11 this is a one-way call: async, no return; allow replies with file descriptors; "
3566,59535,59536,813349868462870,813349868502297,"binder transaction async","binder async rcv",1466,3397,3421,3473,115554968,115554649,"0x0a Java Layer Dependent","0x11 this is a one-way call: async, no return; allow replies with file descriptors; "
3567,59537,59538,813349868754849,813349868933130,"binder transaction async","binder async rcv",3421,3468,1466,3362,115554969,115554652,"0x01 Java Layer Dependent","0x11 this is a one-way call: async, no return; allow replies with file descriptors; "
3569,59548,59549,813349869457401,813349869493964,"binder transaction async","binder async rcv",1466,3397,3421,3473,115554971,115554649,"0x0a Java Layer Dependent","0x11 this is a one-way call: async, no return; allow replies with file descriptors; "
3570,59550,59551,813349869766307,813349869813599,"binder transaction async","binder async rcv",3421,3468,1466,3362,115554972,115554652,"0x01 Java Layer Dependent","0x11 this is a one-way call: async, no return; allow replies with file descriptors; "
3571,59558,59559,813349870403547,813349870442401,"binder transaction async","binder async rcv",1466,3397,3421,3473,115554973,115554649,"0x0a Java Layer Dependent","0x11 this is a one-way call: async, no return; allow replies with file descriptors; "
3572,59561,59563,813349870748443,813349870789537,"binder transaction async","binder async rcv",3421,3468,1466,3362,115554975,115554652,"0x01 Java Layer Dependent","0x11 this is a one-way call: async, no return; allow replies with file descriptors; "
3573,59582,59589,813349871359068,813349871405005,"binder transaction async","binder async rcv",1466,3397,3421,3473,115554976,115554649,"0x0a Java Layer Dependent","0x11 this is a one-way call: async, no return; allow replies with file descriptors; "
3577,59610,59632,813349871732141,813349872157297,"binder transaction async","binder async rcv",3421,3468,1466,3362,115554979,115554652,"0x01 Java Layer Dependent","0x11 this is a one-way call: async, no return; allow replies with file descriptors; "
3580,59668,59673,813349872913807,813349872963599,"binder transaction async","binder async rcv",1466,3397,3421,3473,115554986,115554649,"0x0a Java Layer Dependent","0x11 this is a one-way call: async, no return; allow replies with file descriptors; "
3581,59688,59692,813349873284172,813349873327037,"binder transaction async","binder async rcv",3421,3468,1466,3362,115554987,115554652,"0x01 Java Layer Dependent","0x11 this is a one-way call: async, no return; allow replies with file descriptors; "
3582,59713,59716,813349873928391,813349873969380,"binder transaction async","binder async rcv",1466,3397,3421,3473,115554988,115554649,"0x0a Java Layer Dependent","0x11 this is a one-way call: async, no return; allow replies with file descriptors; "
3583,59732,59733,813349874256099,813349874294224,"binder transaction async","binder async rcv",3421,3468,1466,3362,115554989,115554652,"0x01 Java Layer Dependent","0x11 this is a one-way call: async, no return; allow replies with file descriptors; "
3584,59758,59761,813349874835057,813349874876880,"binder transaction async","binder async rcv",1466,3397,3421,3473,115554990,115554649,"0x0a Java Layer Dependent","0x11 this is a one-way call: async, no return; allow replies with file descriptors; "
3585,59776,59779,813349875162974,813349875197922,"binder transaction async","binder async rcv",3421,3468,1466,3362,115554991,115554652,"0x01 Java Layer Dependent","0x11 this is a one-way call: async, no return; allow replies with file descriptors; "
3586,59806,59809,813349875704589,813349875735839,"binder transaction async","binder async rcv",1466,3397,3421,3473,115554993,115554649,"0x0a Java Layer Dependent","0x11 this is a one-way call: async, no return; allow replies with file descriptors; "
3588,59825,59826,813349876012297,813349876051047,"binder transaction async","binder async rcv",3421,3468,1466,3362,115554994,115554652,"0x01 Java Layer Dependent","0x11 this is a one-way call: async, no return; allow replies with file descriptors; "
3589,59876,59878,813349876617453,813349876652609,"binder transaction async","binder async rcv",1466,3397,3421,3473,115554995,115554649,"0x0a Java Layer Dependent","0x11 this is a one-way call: async, no return; allow replies with file descriptors; "
3590,59885,59892,813349876913651,813349876967870,"binder transaction async","binder async rcv",3421,3468,1466,3362,115554996,115554652,"0x01 Java Layer Dependent","0x11 this is a one-way call: async, no return; allow replies with file descriptors; "
3592,59949,59952,813349877650214,813349877683755,"binder transaction async","binder async rcv",1466,3397,3421,3473,115554999,115554649,"0x0a Java Layer Dependent","0x11 this is a one-way call: async, no return; allow replies with file descriptors; "
3593,59959,59964,813349877949536,813349877980318,"binder transaction async","binder async rcv",3421,3468,1466,3362,115555000,115554652,"0x01 Java Layer Dependent","0x11 this is a one-way call: async, no return; allow replies with file descriptors; "
3595,60037,60040,813349879066932,813349879131776,"binder transaction async","binder async rcv",1466,3397,3421,3473,115555004,115554649,"0x0a Java Layer Dependent","0x11 this is a one-way call: async, no return; allow replies with file descriptors; "
3596,60059,60064,813349879511099,813349879566151,"binder transaction async","binder async rcv",3421,3468,1466,3362,115555005,115554652,"0x01 Java Layer Dependent","0x11 this is a one-way call: async, no return; allow replies with file descriptors; "
3598,60089,60091,813349880062505,813349880104068,"binder transaction async","binder async rcv",1466,3397,3421,3473,115555008,115554649,"0x0a Java Layer Dependent","0x11 this is a one-way call: async, no return; allow replies with file descriptors; "
3601,60107,60112,813349880363859,813349880406464,"binder transaction async","binder async rcv",3421,3468,1466,3362,115555012,115554652,"0x01 Java Layer Dependent","0x11 this is a one-way call: async, no return; allow replies with file descriptors; "
3602,60168,60170,813349881033182,813349881068807,"binder transaction async","binder async rcv",1466,3397,3421,3473,115555013,115554649,"0x0a Java Layer Dependent","0x11 this is a one-way call: async, no return; allow replies with file descriptors; "
3604,60197,60202,813349881345891,813349881379536,"binder transaction async","binder async rcv",3421,3468,1466,3362,115555014,115554652,"0x01 Java Layer Dependent","0x11 this is a one-way call: async, no return; allow replies with file descriptors; "
3605,60234,60237,813349882061516,813349882104693,"binder transaction async","binder async rcv",1466,3397,3421,3473,115555015,115554649,"0x0a Java Layer Dependent","0x11 this is a one-way call: async, no return; allow replies with file descriptors; "
3606,60246,60267,813349882377089,813349882642089,"binder transaction async","binder async rcv",3421,3468,1466,3362,115555016,115554652,"0x01 Java Layer Dependent","0x11 this is a one-way call: async, no return; allow replies with file descriptors; "
3607,60309,60316,813349883389120,813349883484536,"binder transaction async","binder async rcv",1466,3397,3421,3473,115555018,115554649,"0x0a Java Layer Dependent","0x11 this is a one-way call: async, no return; allow replies with file descriptors; "
3609,60343,60348,813349883802714,813349883844016,"binder transaction async","binder async rcv",3421,3468,1466,3362,115555019,115554652,"0x01 Java Layer Dependent","0x11 this is a one-way call: async, no return; allow replies with file descriptors; "
3610,60392,60396,813349884481880,813349884518495,"binder transaction async","binder async rcv",1466,3397,3421,3473,115555020,115554649,"0x0a Java Layer Dependent","0x11 this is a one-way call: async, no return; allow replies with file descriptors; "
3611,60417,60422,813349884823026,813349884888911,"binder transaction async","binder async rcv",3421,3468,1466,3362,115555021,115554652,"0x01 Java Layer Dependent","0x11 this is a one-way call: async, no return; allow replies with file descriptors; "
3613,60464,60467,813349885436464,813349885471203,"binder transaction async","binder async rcv",1466,3397,3421,3473,115555023,115554649,"0x0a Java Layer Dependent","0x11 this is a one-way call: async, no return; allow replies with file descriptors; "
3614,60483,60484,813349885723859,813349885754797,"binder transaction async","binder async rcv",3421,3468,1466,3362,115555025,115554652,"0x01 Java Layer Dependent","0x11 this is a one-way call: async, no return; allow replies with file descriptors; "
3616,60519,60520,813349886450839,813349886478911,"binder transaction async","binder async rcv",1466,3397,3421,3473,115555027,115554649,"0x0a Java Layer Dependent","0x11 this is a one-way call: async, no return; allow replies with file descriptors; "
3617,60531,60532,813349886736620,813349886765370,"binder transaction async","binder async rcv",3421,3468,1466,3362,115555029,115554652,"0x01 Java Layer Dependent","0x11 this is a one-way call: async, no return; allow replies with file descriptors; "
3619,60554,60557,813349887368078,813349887404276,"binder transaction async","binder async rcv",1466,3397,3421,3473,115555031,115554649,"0x0a Java Layer Dependent","0x11 this is a one-way call: async, no return; allow replies with file descriptors; "
3620,60577,60578,813349887667557,813349887693234,"binder transaction async","binder async rcv",3421,3468,1466,3362,115555032,115554652,"0x01 Java Layer Dependent","0x11 this is a one-way call: async, no return; allow replies with file descriptors; "
3623,60604,60606,813349888249901,813349888279901,"binder transaction async","binder async rcv",1466,3397,3421,3473,115555036,115554649,"0x0a Java Layer Dependent","0x11 this is a one-way call: async, no return; allow replies with file descriptors; "
3626,60623,60626,813349888541984,813349888572036,"binder transaction async","binder async rcv",3421,3468,1466,3362,115555040,115554652,"0x01 Java Layer Dependent","0x11 this is a one-way call: async, no return; allow replies with file descriptors; "
3627,60678,60681,813349889130005,813349889168286,"binder transaction async","binder async rcv",1466,3397,3421,3473,115555041,115554649,"0x0a Java Layer Dependent","0x11 this is a one-way call: async, no return; allow replies with file descriptors; "
3628,60692,60697,813349889440474,813349889469901,"binder transaction async","binder async rcv",3421,3468,1466,3362,115555042,115554652,"0x01 Java Layer Dependent","0x11 this is a one-way call: async, no return; allow replies with file descriptors; "
3629,60735,60737,813349889958807,813349889992818,"binder transaction async","binder async rcv",1466,3397,3421,3473,115555043,115554649,"0x0a Java Layer Dependent","0x11 this is a one-way call: async, no return; allow replies with file descriptors; "
3630,60761,60762,813349890256307,813349890284484,"binder transaction async","binder async rcv",3421,3468,1466,3362,115555044,115554652,"0x01 Java Layer Dependent","0x11 this is a one-way call: async, no return; allow replies with file descriptors; "
3631,60782,60783,813349890719120,813349890748234,"binder transaction async","binder async rcv",1466,3397,3421,3473,115555045,115554649,"0x0a Java Layer Dependent","0x11 this is a one-way call: async, no return; allow replies with file descriptors; "
3632,60797,60798,813349890992245,813349891020318,"binder transaction async","binder async rcv",3421,3468,1466,3362,115555046,115554652,"0x01 Java Layer Dependent","0x11 this is a one-way call: async, no return; allow replies with file descriptors; "
3633,60832,60835,813349891479432,813349891544953,"binder transaction async","binder async rcv",1466,3397,3421,3473,115555047,115554649,"0x0a Java Layer Dependent","0x11 this is a one-way call: async, no return; allow replies with file descriptors; "
3634,60852,60855,813349891806307,813349891837922,"binder transaction async","binder async rcv",3421,3468,1466,3362,115555048,115554652,"0x01 Java Layer Dependent","0x11 this is a one-way call: async, no return; allow replies with file descriptors; "
3635,60880,60883,813349892295109,813349892325786,"binder transaction async","binder async rcv",1466,3397,3421,3473,115555049,115554649,"0x0a Java Layer Dependent","0x11 this is a one-way call: async, no return; allow replies with file descriptors; "
3636,60887,60888,813349892591464,813349892621464,"binder transaction async","binder async rcv",3421,3468,1466,3362,115555050,115554652,"0x01 Java Layer Dependent","0x11 this is a one-way call: async, no return; allow replies with file descriptors; "
3637,60924,60925,813349893175057,813349893200161,"binder transaction async","binder async rcv",1466,3397,3421,3473,115555051,115554649,"0x0a Java Layer Dependent","0x11 this is a one-way call: async, no return; allow replies with file descriptors; "
3638,60930,60931,813349893444432,813349893470578,"binder transaction async","binder async rcv",3421,3468,1466,3362,115555052,115554652,"0x01 Java Layer Dependent","0x11 this is a one-way call: async, no return; allow replies with file descriptors; "
3640,60990,60993,813349894150891,813349894190474,"binder transaction async","binder async rcv",1466,3397,3421,3473,115555055,115554649,"0x0a Java Layer Dependent","0x11 this is a one-way call: async, no return; allow replies with file descriptors; "
3641,61016,61018,813349894435839,813349894462297,"binder transaction async","binder async rcv",3421,3468,1466,3362,115555056,115554652,"0x01 Java Layer Dependent","0x11 this is a one-way call: async, no return; allow replies with file descriptors; "
3643,61075,61077,813349895080734,813349895110161,"binder transaction async","binder async rcv",1466,3397,3421,3473,115555059,115554649,"0x0a Java Layer Dependent","0x11 this is a one-way call: async, no return; allow replies with file descriptors; "
3645,61102,61107,813349895402245,813349895463339,"binder transaction async","binder async rcv",3421,3468,1466,3362,115555061,115554652,"0x01 Java Layer Dependent","0x11 this is a one-way call: async, no return; allow replies with file descriptors; "
3646,61140,61141,813349895999380,813349896055943,"binder transaction async","binder async rcv",1466,3397,3421,3473,115555062,115554649,"0x0a Java Layer Dependent","0x11 this is a one-way call: async, no return; allow replies with file descriptors; "
3648,61159,61161,813349896368182,813349896419693,"binder transaction async","binder async rcv",3421,3468,1466,3362,115555064,115554652,"0x01 Java Layer Dependent","0x11 this is a one-way call: async, no return; allow replies with file descriptors; "
3651,61186,61187,813349896934641,813349896963286,"binder transaction async","binder async rcv",1466,3397,3421,3473,115555068,115554649,"0x0a Java Layer Dependent","0x11 this is a one-way call: async, no return; allow replies with file descriptors; "
3653,61194,61197,813349897281151,813349897309536,"binder transaction async","binder async rcv",3421,3468,1466,3362,115555071,115554652,"0x01 Java Layer Dependent","0x11 this is a one-way call: async, no return; allow replies with file descriptors; "
3654,61226,61227,813349897827453,813349897876828,"binder transaction async","binder async rcv",1466,3397,3421,3473,115555072,115554649,"0x0a Java Layer Dependent","0x11 this is a one-way call: async, no return; allow replies with file descriptors; "
3655,61244,61247,813349898173391,813349898216307,"binder transaction async","binder async rcv",3421,3468,1466,3362,115555073,115554652,"0x01 Java Layer Dependent","0x11 this is a one-way call: async, no return; allow replies with file descriptors; "
3656,61288,61291,813349898770682,813349898802818,"binder transaction async","binder async rcv",1466,3397,3421,3473,115555074,115554649,"0x0a Java Layer Dependent","0x11 this is a one-way call: async, no return; allow replies with file descriptors; "
3657,61311,61314,813349899074120,813349899110318,"binder transaction async","binder async rcv",3421,3468,1466,3362,115555075,115554652,"0x01 Java Layer Dependent","0x11 this is a one-way call: async, no return; allow replies with file descriptors; "
3658,61362,61364,813349899744901,813349899784901,"binder transaction async","binder async rcv",1466,3397,3421,3473,115555076,115554649,"0x0a Java Layer Dependent","0x11 this is a one-way call: async, no return; allow replies with file descriptors; "
3659,61383,61386,813349900172349,813349900236047,"binder transaction async","binder async rcv",3421,3468,1466,3362,115555077,115554652,"0x01 Java Layer Dependent","0x11 this is a one-way call: async, no return; allow replies with file descriptors; "
3660,61420,61423,813349900869953,813349900910214,"binder transaction async","binder async rcv",1466,3397,3421,3473,115555078,115554649,"0x0a Java Layer Dependent","0x11 this is a one-way call: async, no return; allow replies with file descriptors; "
3661,61450,61451,813349901220578,813349901266255,"binder transaction async","binder async rcv",3421,3468,1466,3362,115555079,115554652,"0x01 Java Layer Dependent","0x11 this is a one-way call: async, no return; allow replies with file descriptors; "
3663,61518,61520,813349902056151,813349902136568,"binder transaction async","binder async rcv",1466,3397,3421,3453,115555081,115554649,"0x0a Java Layer Dependent","0x11 this is a one-way call: async, no return; allow replies with file descriptors; "
3664,61539,61541,813349902490943,813349902529432,"binder transaction async","binder async rcv",3421,3468,1466,3362,115555083,115554652,"0x01 Java Layer Dependent","0x11 this is a one-way call: async, no return; allow replies with file descriptors; "
3667,61617,61636,813349903274693,813349903725891,"binder transaction async","binder async rcv",1466,3397,3421,3453,115555085,115554649,"0x0a Java Layer Dependent","0x11 this is a one-way call: async, no return; allow replies with file descriptors; "
3668,61643,61644,813349904416099,813349904531828,"binder transaction async","binder async rcv",3421,3468,1466,3362,115555088,115554652,"0x01 Java Layer Dependent","0x11 this is a one-way call: async, no return; allow replies with file descriptors; "
3673,61710,61729,813349905496568,813349905709016,"binder transaction async","binder async rcv",1466,3397,3421,3453,115555094,115554649,"0x0a Java Layer Dependent","0x11 this is a one-way call: async, no return; allow replies with file descriptors; "
3674,61744,61745,813349906029589,813349906077089,"binder transaction async","binder async rcv",3421,3468,1466,3362,115555096,115554652,"0x01 Java Layer Dependent","0x11 this is a one-way call: async, no return; allow replies with file descriptors; "
3676,61793,61794,813349906669328,813349906711464,"binder transaction async","binder async rcv",1466,3397,3421,3453,115555099,115554649,"0x0a Java Layer Dependent","0x11 this is a one-way call: async, no return; allow replies with file descriptors; "
3677,61824,61828,813349907034745,813349907077036,"binder transaction async","binder async rcv",3421,3468,1466,3362,115555100,115554652,"0x01 Java Layer Dependent","0x11 this is a one-way call: async, no return; allow replies with file descriptors; "
3679,61901,61908,813349907736411,813349907802818,"binder transaction async","binder async rcv",1466,3397,3421,3453,115555102,115554649,"0x0a Java Layer Dependent","0x11 this is a one-way call: async, no return; allow replies with file descriptors; "
3681,61920,61923,813349908080370,813349908142193,"binder transaction async","binder async rcv",3421,3468,1466,3362,115555105,115554652,"0x01 Java Layer Dependent","0x11 this is a one-way call: async, no return; allow replies with file descriptors; "
3683,61996,62002,813349908819432,813349908887661,"binder transaction async","binder async rcv",1466,3397,3421,3453,115555107,115554649,"0x0a Java Layer Dependent","0x11 this is a one-way call: async, no return; allow replies with file descriptors; "
3684,62031,62032,813349909194120,813349909237036,"binder transaction async","binder async rcv",3421,3468,1466,3362,115555109,115554652,"0x01 Java Layer Dependent","0x11 this is a one-way call: async, no return; allow replies with file descriptors; "
3687,62097,62104,813349909915318,813349909962766,"binder transaction async","binder async rcv",1466,3397,3421,3453,115555111,115554649,"0x0a Java Layer Dependent","0x11 this is a one-way call: async, no return; allow replies with file descriptors; "
3689,62136,62157,813349910225005,813349910396464,"binder transaction async","binder async rcv",3421,3468,1466,3362,115555112,115554652,"0x01 Java Layer Dependent","0x11 this is a one-way call: async, no return; allow replies with file descriptors; "
3693,62191,62213,813349910980109,813349911287557,"binder transaction async","binder async rcv",1466,3397,3421,3473,115555125,115554649,"0x0a Java Layer Dependent","0x11 this is a one-way call: async, no return; allow replies with file descriptors; "
3696,62242,62243,813349911575526,813349911604693,"binder transaction async","binder async rcv",3421,3468,1466,3362,115555131,115554652,"0x01 Java Layer Dependent","0x11 this is a one-way call: async, no return; allow replies with file descriptors; "
3702,62308,62323,813349912630005,813349912803234,"binder transaction async","binder async rcv",1466,3397,3421,3473,115555141,115554649,"0x0a Java Layer Dependent","0x11 this is a one-way call: async, no return; allow replies with file descriptors; "
3707,62339,62347,813349913086047,813349913142297,"binder transaction async","binder async rcv",3421,3468,1466,3362,115555148,115554652,"0x01 Java Layer Dependent","0x11 this is a one-way call: async, no return; allow replies with file descriptors; "
3712,62414,62417,813349913752349,813349913786932,"binder transaction async","binder async rcv",1466,3397,3421,3473,115555155,115554649,"0x0a Java Layer Dependent","0x11 this is a one-way call: async, no return; allow replies with file descriptors; "
3713,62448,62456,813349914083807,813349914125214,"binder transaction async","binder async rcv",3421,3468,1466,3362,115555156,115554652,"0x01 Java Layer Dependent","0x11 this is a one-way call: async, no return; allow replies with file descriptors; "
3716,62507,62509,813349914725786,813349914760943,"binder transaction async","binder async rcv",1466,3397,3421,3473,115555159,115554649,"0x0a Java Layer Dependent","0x11 this is a one-way call: async, no return; allow replies with file descriptors; "
3717,62521,62525,813349915072766,813349915120891,"binder transaction async","binder async rcv",3421,3468,1466,3362,115555162,115554652,"0x01 Java Layer Dependent","0x11 this is a one-way call: async, no return; allow replies with file descriptors; "
3720,62582,62585,813349915681359,813349915716307,"binder transaction async","binder async rcv",1466,3397,3421,3473,115555166,115554649,"0x0a Java Layer Dependent","0x11 this is a one-way call: async, no return; allow replies with file descriptors; "
3722,62598,62599,813349915997922,813349916032661,"binder transaction async","binder async rcv",3421,3468,1466,3362,115555168,115554652,"0x01 Java Layer Dependent","0x11 this is a one-way call: async, no return; allow replies with file descriptors; "
3724,62639,62640,813349916740109,813349916774536,"binder transaction async","binder async rcv",1466,3397,3421,3473,115555171,115554649,"0x0a Java Layer Dependent","0x11 this is a one-way call: async, no return; allow replies with file descriptors; "
3725,62645,62647,813349917031568,813349917067193,"binder transaction async","binder async rcv",3421,3468,1466,3362,115555172,115554652,"0x01 Java Layer Dependent","0x11 this is a one-way call: async, no return; allow replies with file descriptors; "
3726,62709,62710,813349917614953,813349917653339,"binder transaction async","binder async rcv",1466,3397,3421,3473,115555173,115554649,"0x0a Java Layer Dependent","0x11 this is a one-way call: async, no return; allow replies with file descriptors; "
3727,62717,62718,813349917926828,813349917957089,"binder transaction async","binder async rcv",3421,3468,1466,3362,115555175,115554652,"0x01 Java Layer Dependent","0x11 this is a one-way call: async, no return; allow replies with file descriptors; "
3728,62733,62734,813349918544641,813349918592245,"binder transaction async","binder async rcv",1466,3397,3421,3473,115555176,115554649,"0x0a Java Layer Dependent","0x11 this is a one-way call: async, no return; allow replies with file descriptors; "
3730,62754,62755,813349918944797,813349919156828,"binder transaction async","binder async rcv",3421,3468,1466,3362,115555180,115554652,"0x01 Java Layer Dependent","0x11 this is a one-way call: async, no return; allow replies with file descriptors; "
3732,62774,62781,813349920344276,813349920384068,"binder transaction async","binder async rcv",1466,3397,3421,3473,115555184,115554649,"0x0a Java Layer Dependent","0x11 this is a one-way call: async, no return; allow replies with file descriptors; "
3734,62793,62794,813349920754016,813349920803234,"binder transaction async","binder async rcv",3421,3468,1466,3362,115555185,115554652,"0x01 Java Layer Dependent","0x11 this is a one-way call: async, no return; allow replies with file descriptors; "
3735,62819,62820,813349921368911,813349921404016,"binder transaction async","binder async rcv",1466,3397,3421,3473,115555187,115554649,"0x0a Java Layer Dependent","0x11 this is a one-way call: async, no return; allow replies with file descriptors; "
3739,62837,62843,813349921719953,813349921785578,"binder transaction async","binder async rcv",3421,3468,1466,3362,115555191,115554652,"0x01 Java Layer Dependent","0x11 this is a one-way call: async, no return; allow replies with file descriptors; "
3740,62892,62895,813349922408964,813349922446099,"binder transaction async","binder async rcv",1466,3397,3421,3473,115555192,115554649,"0x0a Java Layer Dependent","0x11 this is a one-way call: async, no return; allow replies with file descriptors; "
3741,62911,62916,813349922713182,813349922744745,"binder transaction async","binder async rcv",3421,3468,1466,3362,115555193,115554652,"0x01 Java Layer Dependent","0x11 this is a one-way call: async, no return; allow replies with file descriptors; "
3742,62979,62980,813349923299328,813349923329901,"binder transaction async","binder async rcv",1466,3397,3421,3473,115555194,115554649,"0x0a Java Layer Dependent","0x11 this is a one-way call: async, no return; allow replies with file descriptors; "
3743,62984,62990,813349923579172,813349923612818,"binder transaction async","binder async rcv",3421,3468,1466,3362,115555195,115554652,"0x01 Java Layer Dependent","0x11 this is a one-way call: async, no return; allow replies with file descriptors; "
3744,63028,63031,813349924340266,813349924373234,"binder transaction async","binder async rcv",1466,3397,3421,3473,115555196,115554649,"0x0a Java Layer Dependent","0x11 this is a one-way call: async, no return; allow replies with file descriptors; "
3745,63042,63043,813349924624797,813349924656672,"binder transaction async","binder async rcv",3421,3468,1466,3362,115555197,115554652,"0x01 Java Layer Dependent","0x11 this is a one-way call: async, no return; allow replies with file descriptors; "
3747,63052,63053,813349925159901,813349925193547,"binder transaction async","binder async rcv",1466,3397,3421,3473,115555199,115554649,"0x0a Java Layer Dependent","0x11 this is a one-way call: async, no return; allow replies with file descriptors; "
3748,63057,63058,813349925454016,813349925483911,"binder transaction async","binder async rcv",3421,3468,1466,3362,115555200,115554652,"0x01 Java Layer Dependent","0x11 this is a one-way call: async, no return; allow replies with file descriptors; "
3752,63086,63089,813349926003078,813349926033286,"binder transaction async","binder async rcv",1466,3397,3421,3473,115555207,115554649,"0x0a Java Layer Dependent","0x11 this is a one-way call: async, no return; allow replies with file descriptors; "
3756,63105,63106,813349926290630,813349926322193,"binder transaction async","binder async rcv",3421,3468,1466,3362,115555213,115554652,"0x01 Java Layer Dependent","0x11 this is a one-way call: async, no return; allow replies with file descriptors; "
3759,63160,63162,813349926866047,813349926900266,"binder transaction async","binder async rcv",1466,3397,3421,3473,115555219,115554649,"0x0a Java Layer Dependent","0x11 this is a one-way call: async, no return; allow replies with file descriptors; "
3761,63194,63200,813349927192870,813349927321411,"binder transaction async","binder async rcv",3421,3468,1466,3362,115555221,115554652,"0x01 Java Layer Dependent","0x11 this is a one-way call: async, no return; allow replies with file descriptors; "
3762,63222,63226,813349927845786,813349927888391,"binder transaction async","binder async rcv",1466,3397,3421,3473,115555223,115554649,"0x0a Java Layer Dependent","0x11 this is a one-way call: async, no return; allow replies with file descriptors; "
3764,63249,63250,813349928320161,813349928357297,"binder transaction async","binder async rcv",3421,3468,1466,3362,115555225,115554652,"0x01 Java Layer Dependent","0x11 this is a one-way call: async, no return; allow replies with file descriptors; "
3766,63294,63297,813349929048964,813349929084953,"binder transaction async","binder async rcv",1466,3397,3421,3473,115555228,115554649,"0x0a Java Layer Dependent","0x11 this is a one-way call: async, no return; allow replies with file descriptors; "
3767,63324,63327,813349929367036,813349929403911,"binder transaction async","binder async rcv",3421,3468,1466,3362,115555229,115554652,"0x01 Java Layer Dependent","0x11 this is a one-way call: async, no return; allow replies with file descriptors; "
3770,63383,63386,813349929954745,813349929986828,"binder transaction async","binder async rcv",1466,3397,3421,3473,115555233,115554649,"0x0a Java Layer Dependent","0x11 this is a one-way call: async, no return; allow replies with file descriptors; "
3772,63395,63396,813349930237714,813349930278443,"binder transaction async","binder async rcv",3421,3468,1466,3362,115555235,115554652,"0x01 Java Layer Dependent","0x11 this is a one-way call: async, no return; allow replies with file descriptors; "
3773,63444,63445,813349930858807,813349930893911,"binder transaction async","binder async rcv",1466,3397,3421,3473,115555236,115554649,"0x0a Java Layer Dependent","0x11 this is a one-way call: async, no return; allow replies with file descriptors; "
3774,63451,63456,813349931165422,813349931205891,"binder transaction async","binder async rcv",3421,3468,1466,3362,115555237,115554652,"0x01 Java Layer Dependent","0x11 this is a one-way call: async, no return; allow replies with file descriptors; "
3775,63527,63528,813349931830943,813349931867453,"binder transaction async","binder async rcv",1466,3397,3421,3473,115555238,115554649,"0x0a Java Layer Dependent","0x11 this is a one-way call: async, no return; allow replies with file descriptors; "
3776,63546,63549,813349932183286,813349932217089,"binder transaction async","binder async rcv",3421,3468,1466,3362,115555239,115554652,"0x01 Java Layer Dependent","0x11 this is a one-way call: async, no return; allow replies with file descriptors; "
3777,63642,63649,813349932822922,813349932861307,"binder transaction async","binder async rcv",1466,3397,3421,3473,115555240,115554649,"0x0a Java Layer Dependent","0x11 this is a one-way call: async, no return; allow replies with file descriptors; "
3778,63675,63676,813349933129120,813349933161464,"binder transaction async","binder async rcv",3421,3468,1466,3362,115555241,115554652,"0x01 Java Layer Dependent","0x11 this is a one-way call: async, no return; allow replies with file descriptors; "
3779,63761,63762,813349933844172,813349933880839,"binder transaction async","binder async rcv",1466,3397,3421,3473,115555242,115554649,"0x0a Java Layer Dependent","0x11 this is a one-way call: async, no return; allow replies with file descriptors; "
3780,63782,63785,813349934139745,813349934173078,"binder transaction async","binder async rcv",3421,3468,1466,3362,115555243,115554652,"0x01 Java Layer Dependent","0x11 this is a one-way call: async, no return; allow replies with file descriptors; "
3781,63868,63871,813349934773182,813349934804797,"binder transaction async","binder async rcv",1466,3397,3421,3473,115555244,115554649,"0x0a Java Layer Dependent","0x11 this is a one-way call: async, no return; allow replies with file descriptors; "
3782,63890,63891,813349935069120,813349935106568,"binder transaction async","binder async rcv",3421,3468,1466,3362,115555245,115554652,"0x01 Java Layer Dependent","0x11 this is a one-way call: async, no return; allow replies with file descriptors; "
3784,63911,63912,813349935616411,813349935644693,"binder transaction async","binder async rcv",1466,3397,3421,3473,115555248,115554649,"0x0a Java Layer Dependent","0x11 this is a one-way call: async, no return; allow replies with file descriptors; "
3786,63922,63924,813349935903286,813349936005005,"binder transaction async","binder async rcv",3421,3468,1466,3362,115555250,115554652,"0x01 Java Layer Dependent","0x11 this is a one-way call: async, no return; allow replies with file descriptors; "
3789,63994,63997,813349936647766,813349936685266,"binder transaction async","binder async rcv",1466,3397,3421,3473,115555256,115554649,"0x0a Java Layer Dependent","0x11 this is a one-way call: async, no return; allow replies with file descriptors; "
3790,64062,64067,813349937236203,813349937308391,"binder transaction async","binder async rcv",3421,3468,1466,3362,115555259,115554652,"0x01 Java Layer Dependent","0x11 this is a one-way call: async, no return; allow replies with file descriptors; "
3793,64120,64124,813349937896203,813349937925943,"binder transaction async","binder async rcv",1466,3397,3421,3473,115555264,115554649,"0x0a Java Layer Dependent","0x11 this is a one-way call: async, no return; allow replies with file descriptors; "
3798,64150,64153,813349938192297,813349938224120,"binder transaction async","binder async rcv",3421,3468,1466,3362,115555269,115554652,"0x01 Java Layer Dependent","0x11 this is a one-way call: async, no return; allow replies with file descriptors; "
3799,64200,64203,813349938796724,813349938826516,"binder transaction async","binder async rcv",1466,3397,3421,3473,115555270,115554649,"0x0a Java Layer Dependent","0x11 this is a one-way call: async, no return; allow replies with file descriptors; "
3800,64238,64249,813349939080786,813349939267349,"binder transaction async","binder async rcv",3421,3468,1466,3362,115555271,115554652,"0x01 Java Layer Dependent","0x11 this is a one-way call: async, no return; allow replies with file descriptors; "
3802,64331,64336,813349939952245,813349939987609,"binder transaction async","binder async rcv",1466,3397,3421,3473,115555273,115554649,"0x0a Java Layer Dependent","0x11 this is a one-way call: async, no return; allow replies with file descriptors; "
3803,64354,64360,813349940309172,813349940360214,"binder transaction async","binder async rcv",3421,3468,1466,3362,115555274,115554652,"0x01 Java Layer Dependent","0x11 this is a one-way call: async, no return; allow replies with file descriptors; "
3804,64439,64440,813349940997766,813349941029797,"binder transaction async","binder async rcv",1466,3397,3421,3473,115555275,115554649,"0x0a Java Layer Dependent","0x11 this is a one-way call: async, no return; allow replies with file descriptors; "
3805,64474,64480,813349941315474,813349941347401,"binder transaction async","binder async rcv",3421,3468,1466,3362,115555276,115554652,"0x01 Java Layer Dependent","0x11 this is a one-way call: async, no return; allow replies with file descriptors; "
3806,64538,64543,813349941893339,813349941932245,"binder transaction async","binder async rcv",1466,3397,3421,3473,115555277,115554649,"0x0a Java Layer Dependent","0x11 this is a one-way call: async, no return; allow replies with file descriptors; "
3807,64571,64577,813349942211151,813349942241516,"binder transaction async","binder async rcv",3421,3468,1466,3362,115555278,115554652,"0x01 Java Layer Dependent","0x11 this is a one-way call: async, no return; allow replies with file descriptors; "
3808,64643,64646,813349942827714,813349942871776,"binder transaction async","binder async rcv",1466,3397,3421,3473,115555279,115554649,"0x0a Java Layer Dependent","0x11 this is a one-way call: async, no return; allow replies with file descriptors; "
3809,64682,64687,813349943134953,813349943166620,"binder transaction async","binder async rcv",3421,3468,1466,3362,115555280,115554652,"0x01 Java Layer Dependent","0x11 this is a one-way call: async, no return; allow replies with file descriptors; "
3811,64723,64724,813349943687609,813349943719797,"binder transaction async","binder async rcv",1466,3397,3421,3473,115555282,115554649,"0x0a Java Layer Dependent","0x11 this is a one-way call: async, no return; allow replies with file descriptors; "
3812,64752,64761,813349943969224,813349944150214,"binder transaction async","binder async rcv",3421,3468,1466,3362,115555283,115554652,"0x01 Java Layer Dependent","0x11 this is a one-way call: async, no return; allow replies with file descriptors; "
3815,64803,64807,813349944708078,813349944737036,"binder transaction async","binder async rcv",1466,3397,3421,3473,115555288,115554649,"0x0a Java Layer Dependent","0x11 this is a one-way call: async, no return; allow replies with file descriptors; "
3817,64840,64849,813349944995005,813349945049328,"binder transaction async","binder async rcv",3421,3468,1466,3362,115555290,115554652,"0x01 Java Layer Dependent","0x11 this is a one-way call: async, no return; allow replies with file descriptors; "
3818,64920,64923,813349945675422,813349945711151,"binder transaction async","binder async rcv",1466,3397,3421,3473,115555292,115554649,"0x0a Java Layer Dependent","0x11 this is a one-way call: async, no return; allow replies with file descriptors; "
3820,64966,64975,813349945992401,813349946178859,"binder transaction async","binder async rcv",3421,3468,1466,3362,115555294,115554652,"0x01 Java Layer Dependent","0x11 this is a one-way call: async, no return; allow replies with file descriptors; "
3823,65028,65029,813349946778964,813349946812505,"binder transaction async","binder async rcv",1466,3397,3421,3473,115555298,115554649,"0x0a Java Layer Dependent","0x11 this is a one-way call: async, no return; allow replies with file descriptors; "
3824,65036,65037,813349947091307,813349947142193,"binder transaction async","binder async rcv",3421,3468,1466,3362,115555299,115554652,"0x01 Java Layer Dependent","0x11 this is a one-way call: async, no return; allow replies with file descriptors; "
3825,65088,65092,813349947820734,813349947853964,"binder transaction async","binder async rcv",1466,3397,3421,3473,115555301,115554649,"0x0a Java Layer Dependent","0x11 this is a one-way call: async, no return; allow replies with file descriptors; "
3827,65116,65117,813349948153547,813349948199901,"binder transaction async","binder async rcv",3421,3468,1466,3362,115555302,115554652,"0x01 Java Layer Dependent","0x11 this is a one-way call: async, no return; allow replies with file descriptors; "
3828,65171,65173,813349948784536,813349948817141,"binder transaction async","binder async rcv",1466,3397,3421,3473,115555303,115554649,"0x0a Java Layer Dependent","0x11 this is a one-way call: async, no return; allow replies with file descriptors; "
3829,65185,65186,813349949079276,813349949113807,"binder transaction async","binder async rcv",3421,3468,1466,3362,115555304,115554652,"0x01 Java Layer Dependent","0x11 this is a one-way call: async, no return; allow replies with file descriptors; "
3830,65222,65223,813349949641411,813349949674536,"binder transaction async","binder async rcv",1466,3397,3421,3473,115555305,115554649,"0x0a Java Layer Dependent","0x11 this is a one-way call: async, no return; allow replies with file descriptors; "
3831,65252,65268,813349949947505,813349950136516,"binder transaction async","binder async rcv",3421,3468,1466,3362,115555306,115554652,"0x01 Java Layer Dependent","0x11 this is a one-way call: async, no return; allow replies with file descriptors; "
3832,65345,65346,813349950830526,813349950869328,"binder transaction async","binder async rcv",1466,3397,3421,3473,115555307,115554649,"0x0a Java Layer Dependent","0x11 this is a one-way call: async, no return; allow replies with file descriptors; "
3833,65386,65391,813349951130214,813349951176516,"binder transaction async","binder async rcv",3421,3468,1466,3362,115555308,115554652,"0x01 Java Layer Dependent","0x11 this is a one-way call: async, no return; allow replies with file descriptors; "
3834,65462,65466,813349951772974,813349951808964,"binder transaction async","binder async rcv",1466,3397,3421,3473,115555309,115554649,"0x0a Java Layer Dependent","0x11 this is a one-way call: async, no return; allow replies with file descriptors; "
3836,65500,65520,813349952115786,813349952302870,"binder transaction async","binder async rcv",3421,3468,1466,3362,115555311,115554652,"0x01 Java Layer Dependent","0x11 this is a one-way call: async, no return; allow replies with file descriptors; "
3838,65610,65611,813349953116464,813349953151620,"binder transaction async","binder async rcv",1466,3397,3421,3473,115555314,115554649,"0x0a Java Layer Dependent","0x11 this is a one-way call: async, no return; allow replies with file descriptors; "
3839,65627,65629,813349953480578,813349953512766,"binder transaction async","binder async rcv",3421,3468,1466,3362,115555316,115554652,"0x01 Java Layer Dependent","0x11 this is a one-way call: async, no return; allow replies with file descriptors; "
3841,65689,65695,813349954098911,813349954150422,"binder transaction async","binder async rcv",1466,3397,3421,3473,115555318,115554649,"0x0a Java Layer Dependent","0x11 this is a one-way call: async, no return; allow replies with file descriptors; "
3842,65719,65725,813349954432870,813349954464797,"binder transaction async","binder async rcv",3421,3468,1466,3362,115555319,115554652,"0x01 Java Layer Dependent","0x11 this is a one-way call: async, no return; allow replies with file descriptors; "
3846,65805,65808,813349955125786,813349955168911,"binder transaction async","binder async rcv",1466,3397,3421,3473,115555324,115554649,"0x0a Java Layer Dependent","0x11 this is a one-way call: async, no return; allow replies with file descriptors; "
3847,65849,65852,813349955495422,813349955556047,"binder transaction async","binder async rcv",3421,3468,1466,3362,115555325,115554652,"0x01 Java Layer Dependent","0x11 this is a one-way call: async, no return; allow replies with file descriptors; "
3848,65905,65913,813349956219224,813349956279016,"binder transaction async","binder async rcv",1466,3397,3421,3473,115555326,115554649,"0x0a Java Layer Dependent","0x11 this is a one-way call: async, no return; allow replies with file descriptors; "
3849,65933,65938,813349956549276,813349956582089,"binder transaction async","binder async rcv",3421,3468,1466,3362,115555327,115554652,"0x01 Java Layer Dependent","0x11 this is a one-way call: async, no return; allow replies with file descriptors; "
3850,66002,66005,813349957195682,813349957232609,"binder transaction async","binder async rcv",1466,3397,3421,3473,115555328,115554649,"0x0a Java Layer Dependent","0x11 this is a one-way call: async, no return; allow replies with file descriptors; "
3851,66012,66013,813349957543859,813349957583026,"binder transaction async","binder async rcv",3421,3468,1466,3362,115555329,115554652,"0x01 Java Layer Dependent","0x11 this is a one-way call: async, no return; allow replies with file descriptors; "
3852,66054,66060,813349958183391,813349958223182,"binder transaction async","binder async rcv",1466,3397,3421,3473,115555330,115554649,"0x0a Java Layer Dependent","0x11 this is a one-way call: async, no return; allow replies with file descriptors; "
3853,66071,66072,813349958496464,813349958534016,"binder transaction async","binder async rcv",3421,3468,1466,3362,115555331,115554652,"0x01 Java Layer Dependent","0x11 this is a one-way call: async, no return; allow replies with file descriptors; "
3854,66091,66092,813349959077870,813349959115161,"binder transaction async","binder async rcv",1466,3397,3421,3473,115555332,115554649,"0x0a Java Layer Dependent","0x11 this is a one-way call: async, no return; allow replies with file descriptors; "
3855,66103,66109,813349959415214,813349959453495,"binder transaction async","binder async rcv",3421,3468,1466,3362,115555333,115554652,"0x01 Java Layer Dependent","0x11 this is a one-way call: async, no return; allow replies with file descriptors; "
3856,66149,66150,813349960010526,813349960037922,"binder transaction async","binder async rcv",1466,3397,3421,3473,115555334,115554649,"0x0a Java Layer Dependent","0x11 this is a one-way call: async, no return; allow replies with file descriptors; "
3858,66157,66171,813349960348495,813349960541932,"binder transaction async","binder async rcv",3421,3468,1466,3362,115555336,115554652,"0x01 Java Layer Dependent","0x11 this is a one-way call: async, no return; allow replies with file descriptors; "
3861,66270,66273,813349961366099,813349961407766,"binder transaction async","binder async rcv",1466,3397,3421,3473,115555341,115554649,"0x0a Java Layer Dependent","0x11 this is a one-way call: async, no return; allow replies with file descriptors; "
3862,66310,66313,813349961766359,813349961857661,"binder transaction async","binder async rcv",3421,3468,1466,3362,115555342,115554652,"0x01 Java Layer Dependent","0x11 this is a one-way call: async, no return; allow replies with file descriptors; "
3864,66381,66382,813349962489068,813349962563599,"binder transaction async","binder async rcv",1466,3397,3421,3473,115555344,115554649,"0x0a Java Layer Dependent","0x11 this is a one-way call: async, no return; allow replies with file descriptors; "
3865,66412,66417,813349962856724,813349962894380,"binder transaction async","binder async rcv",3421,3468,1466,3362,115555346,115554652,"0x01 Java Layer Dependent","0x11 this is a one-way call: async, no return; allow replies with file descriptors; "
3868,66499,66502,813349963589432,813349963626099,"binder transaction async","binder async rcv",1466,3397,3421,3473,115555350,115554649,"0x0a Java Layer Dependent","0x11 this is a one-way call: async, no return; allow replies with file descriptors; "
3870,66532,66533,813349963921307,813349963967714,"binder transaction async","binder async rcv",3421,3468,1466,3362,115555351,115554652,"0x01 Java Layer Dependent","0x11 this is a one-way call: async, no return; allow replies with file descriptors; "
3871,66559,66562,813349964618755,813349964677922,"binder transaction async","binder async rcv",1466,3397,3421,3473,115555352,115554649,"0x0a Java Layer Dependent","0x11 this is a one-way call: async, no return; allow replies with file descriptors; "
3872,66571,66572,813349964938339,813349964978286,"binder transaction async","binder async rcv",3421,3468,1466,3362,115555353,115554652,"0x01 Java Layer Dependent","0x11 this is a one-way call: async, no return; allow replies with file descriptors; "
3873,66633,66635,813349965552609,813349965600526,"binder transaction async","binder async rcv",1466,3397,3421,3473,115555354,115554649,"0x0a Java Layer Dependent","0x11 this is a one-way call: async, no return; allow replies with file descriptors; "
3874,66656,66662,813349965851724,813349965889797,"binder transaction async","binder async rcv",3421,3468,1466,3362,115555355,115554652,"0x01 Java Layer Dependent","0x11 this is a one-way call: async, no return; allow replies with file descriptors; "
3875,66744,66748,813349966486516,813349966542089,"binder transaction async","binder async rcv",1466,3397,3421,3473,115555356,115554649,"0x0a Java Layer Dependent","0x11 this is a one-way call: async, no return; allow replies with file descriptors; "
3876,66776,66777,813349966798651,813349966834797,"binder transaction async","binder async rcv",3421,3468,1466,3362,115555357,115554652,"0x01 Java Layer Dependent","0x11 this is a one-way call: async, no return; allow replies with file descriptors; "
3877,66811,66814,813349967392870,813349967438234,"binder transaction async","binder async rcv",1466,3397,3421,3473,115555358,115554649,"0x0a Java Layer Dependent","0x11 this is a one-way call: async, no return; allow replies with file descriptors; "
3878,66820,66821,813349967701047,813349967738078,"binder transaction async","binder async rcv",3421,3468,1466,3362,115555359,115554652,"0x01 Java Layer Dependent","0x11 this is a one-way call: async, no return; allow replies with file descriptors; "
3879,66874,66875,813349968315109,813349968348495,"binder transaction async","binder async rcv",1466,3397,3421,3473,115555360,115554649,"0x0a Java Layer Dependent","0x11 this is a one-way call: async, no return; allow replies with file descriptors; "
3881,66891,66892,813349968595891,813349968629328,"binder transaction async","binder async rcv",3421,3468,1466,3362,115555362,115554652,"0x01 Java Layer Dependent","0x11 this is a one-way call: async, no return; allow replies with file descriptors; "
3882,66920,66921,813349969195995,813349969238651,"binder transaction async","binder async rcv",1466,3397,3421,3473,115555364,115554649,"0x0a Java Layer Dependent","0x11 this is a one-way call: async, no return; allow replies with file descriptors; "
3884,66928,66929,813349969504641,813349969541307,"binder transaction async","binder async rcv",3421,3468,1466,3362,115555366,115554652,"0x01 Java Layer Dependent","0x11 this is a one-way call: async, no return; allow replies with file descriptors; "
3885,67033,67039,813349970416099,813349970467297,"binder transaction async","binder async rcv",1466,3397,3421,3473,115555369,115554649,"0x0a Java Layer Dependent","0x11 this is a one-way call: async, no return; allow replies with file descriptors; "
3887,67046,67047,813349970746932,813349970786411,"binder transaction async","binder async rcv",3421,3468,1466,3362,115555370,115554652,"0x01 Java Layer Dependent","0x11 this is a one-way call: async, no return; allow replies with file descriptors; "
3888,67123,67124,813349971432818,813349971503182,"binder transaction async","binder async rcv",1466,3397,3421,3473,115555371,115554649,"0x0a Java Layer Dependent","0x11 this is a one-way call: async, no return; allow replies with file descriptors; "
3889,67143,67147,813349971773443,813349971809901,"binder transaction async","binder async rcv",3421,3468,1466,3362,115555372,115554652,"0x01 Java Layer Dependent","0x11 this is a one-way call: async, no return; allow replies with file descriptors; "
3892,67194,67198,813349972407401,813349972443339,"binder transaction async","binder async rcv",1466,3397,3421,3473,115555377,115554649,"0x0a Java Layer Dependent","0x11 this is a one-way call: async, no return; allow replies with file descriptors; "
3894,67211,67212,813349972757922,813349972792609,"binder transaction async","binder async rcv",3421,3468,1466,3362,115555378,115554652,"0x01 Java Layer Dependent","0x11 this is a one-way call: async, no return; allow replies with file descriptors; "
3895,67237,67238,813349973321151,813349973358234,"binder transaction async","binder async rcv",1466,3397,3421,3473,115555379,115554649,"0x0a Java Layer Dependent","0x11 this is a one-way call: async, no return; allow replies with file descriptors; "
3896,67242,67243,813349973636932,813349973674276,"binder transaction async","binder async rcv",3421,3468,1466,3362,115555380,115554652,"0x01 Java Layer Dependent","0x11 this is a one-way call: async, no return; allow replies with file descriptors; "
3897,67293,67296,813349974229068,813349974264797,"binder transaction async","binder async rcv",1466,3397,3421,3473,115555381,115554649,"0x0a Java Layer Dependent","0x11 this is a one-way call: async, no return; allow replies with file descriptors; "
3898,67330,67335,813349974525734,813349974560161,"binder transaction async","binder async rcv",3421,3468,1466,3362,115555382,115554652,"0x01 Java Layer Dependent","0x11 this is a one-way call: async, no return; allow replies with file descriptors; "
3899,67413,67417,813349975129745,813349975165057,"binder transaction async","binder async rcv",1466,3397,3421,3473,115555383,115554649,"0x0a Java Layer Dependent","0x11 this is a one-way call: async, no return; allow replies with file descriptors; "
3900,67452,67456,813349975412505,813349975448547,"binder transaction async","binder async rcv",3421,3468,1466,3362,115555384,115554652,"0x01 Java Layer Dependent","0x11 this is a one-way call: async, no return; allow replies with file descriptors; "
3901,67474,67475,813349975997661,813349976033182,"binder transaction async","binder async rcv",1466,3397,3421,3473,115555385,115554649,"0x0a Java Layer Dependent","0x11 this is a one-way call: async, no return; allow replies with file descriptors; "
3902,67488,67489,813349976340526,813349976372714,"binder transaction async","binder async rcv",3421,3468,1466,3362,115555386,115554652,"0x01 Java Layer Dependent","0x11 this is a one-way call: async, no return; allow replies with file descriptors; "
3904,67567,67568,813349976938339,813349976969849,"binder transaction async","binder async rcv",1466,3397,3421,3473,115555388,115554649,"0x0a Java Layer Dependent","0x11 this is a one-way call: async, no return; allow replies with file descriptors; "
3905,67580,67581,813349977238026,813349977272141,"binder transaction async","binder async rcv",3421,3468,1466,3362,115555390,115554652,"0x01 Java Layer Dependent","0x11 this is a one-way call: async, no return; allow replies with file descriptors; "
3907,67660,67667,813349978167557,813349978250422,"binder transaction async","binder async rcv",1466,3397,3421,3473,115555393,115554649,"0x0a Java Layer Dependent","0x11 this is a one-way call: async, no return; allow replies with file descriptors; "
3908,67707,67716,813349978640578,813349978678859,"binder transaction async","binder async rcv",3421,3468,1466,3362,115555395,115554652,"0x01 Java Layer Dependent","0x11 this is a one-way call: async, no return; allow replies with file descriptors; "
3910,67745,67748,813349979236672,813349979338286,"binder transaction async","binder async rcv",1466,3397,3421,3473,115555396,115554649,"0x0a Java Layer Dependent","0x11 this is a one-way call: async, no return; allow replies with file descriptors; "
3911,67753,67760,813349979606203,813349979634901,"binder transaction async","binder async rcv",3421,3468,1466,3362,115555397,115554652,"0x01 Java Layer Dependent","0x11 this is a one-way call: async, no return; allow replies with file descriptors; "
3912,67783,67784,813349980191984,813349980219745,"binder transaction async","binder async rcv",1466,3397,3421,3473,115555398,115554649,"0x0a Java Layer Dependent","0x11 this is a one-way call: async, no return; allow replies with file descriptors; "
3914,67792,67793,813349980506568,813349980536255,"binder transaction async","binder async rcv",3421,3468,1466,3362,115555400,115554652,"0x01 Java Layer Dependent","0x11 this is a one-way call: async, no return; allow replies with file descriptors; "
3917,67866,67867,813349981107609,813349981135318,"binder transaction async","binder async rcv",1466,3397,3421,3473,115555404,115554649,"0x0a Java Layer Dependent","0x11 this is a one-way call: async, no return; allow replies with file descriptors; "
3918,67901,67905,813349981384849,813349981413443,"binder transaction async","binder async rcv",3421,3468,1466,3362,115555405,115554652,"0x01 Java Layer Dependent","0x11 this is a one-way call: async, no return; allow replies with file descriptors; "
3919,67968,67972,813349981964953,813349981998391,"binder transaction async","binder async rcv",1466,3397,3421,3473,115555406,115554649,"0x0a Java Layer Dependent","0x11 this is a one-way call: async, no return; allow replies with file descriptors; "
3920,67984,67985,813349982236047,813349982264745,"binder transaction async","binder async rcv",3421,3468,1466,3362,115555407,115554652,"0x01 Java Layer Dependent","0x11 this is a one-way call: async, no return; allow replies with file descriptors; "
3922,68031,68036,813349982813807,813349982845786,"binder transaction async","binder async rcv",1466,3397,3421,3473,115555409,115554649,"0x0a Java Layer Dependent","0x11 this is a one-way call: async, no return; allow replies with file descriptors; "
3923,68048,68057,813349983122401,813349983198547,"binder transaction async","binder async rcv",3421,3468,1466,3362,115555411,115554652,"0x01 Java Layer Dependent","0x11 this is a one-way call: async, no return; allow replies with file descriptors; "
3924,68115,68118,813349983781984,813349983818286,"binder transaction async","binder async rcv",1466,3397,3421,3473,115555412,115554649,"0x0a Java Layer Dependent","0x11 this is a one-way call: async, no return; allow replies with file descriptors; "
3925,68142,68146,813349984058651,813349984085057,"binder transaction async","binder async rcv",3421,3468,1466,3362,115555413,115554652,"0x01 Java Layer Dependent","0x11 this is a one-way call: async, no return; allow replies with file descriptors; "
3926,68191,68192,813349984664536,813349984691932,"binder transaction async","binder async rcv",1466,3397,3421,3473,115555415,115554649,"0x0a Java Layer Dependent","0x11 this is a one-way call: async, no return; allow replies with file descriptors; "
3928,68222,68227,813349984956151,813349985005057,"binder transaction async","binder async rcv",3421,3468,1466,3362,115555418,115554652,"0x01 Java Layer Dependent","0x11 this is a one-way call: async, no return; allow replies with file descriptors; "
3933,68317,68319,813349985645839,813349985681880,"binder transaction async","binder async rcv",1466,3397,3421,3473,115555425,115554649,"0x0a Java Layer Dependent","0x11 this is a one-way call: async, no return; allow replies with file descriptors; "
3935,68344,68350,813349985935630,813349985971099,"binder transaction async","binder async rcv",3421,3468,1466,3362,115555427,115554652,"0x01 Java Layer Dependent","0x11 this is a one-way call: async, no return; allow replies with file descriptors; "
3936,68433,68449,813349986641880,813349986831255,"binder transaction async","binder async rcv",1466,3397,3421,3473,115555429,115554649,"0x0a Java Layer Dependent","0x11 this is a one-way call: async, no return; allow replies with file descriptors; "
3938,68460,68466,813349987081984,813349987115266,"binder transaction async","binder async rcv",3421,3468,1466,3362,115555431,115554652,"0x01 Java Layer Dependent","0x11 this is a one-way call: async, no return; allow replies with file descriptors; "
3939,68554,68557,813349987776724,813349987809901,"binder transaction async","binder async rcv",1466,3397,3421,3473,115555432,115554649,"0x0a Java Layer Dependent","0x11 this is a one-way call: async, no return; allow replies with file descriptors; "
3941,68577,68581,813349988127922,813349988157557,"binder transaction async","binder async rcv",3421,3468,1466,3362,115555434,115554652,"0x01 Java Layer Dependent","0x11 this is a one-way call: async, no return; allow replies with file descriptors; "
3944,68659,68661,813349988765891,813349988796047,"binder transaction async","binder async rcv",1466,3397,3421,3473,115555438,115554649,"0x0a Java Layer Dependent","0x11 this is a one-way call: async, no return; allow replies with file descriptors; "
3945,68700,68707,813349989087453,813349989121359,"binder transaction async","binder async rcv",3421,3468,1466,3362,115555439,115554652,"0x01 Java Layer Dependent","0x11 this is a one-way call: async, no return; allow replies with file descriptors; "
3946,68786,68792,813349989724016,813349989760109,"binder transaction async","binder async rcv",1466,3397,3421,3473,115555440,115554649,"0x0a Java Layer Dependent","0x11 this is a one-way call: async, no return; allow replies with file descriptors; "
3947,68818,68825,813349990061880,813349990098651,"binder transaction async","binder async rcv",3421,3468,1466,3362,115555441,115554652,"0x01 Java Layer Dependent","0x11 this is a one-way call: async, no return; allow replies with file descriptors; "
3948,68918,68921,813349990731828,813349990764745,"binder transaction async","binder async rcv",1466,3397,3421,3473,115555442,115554649,"0x0a Java Layer Dependent","0x11 this is a one-way call: async, no return; allow replies with file descriptors; "
3949,68950,68955,813349991019745,813349991055318,"binder transaction async","binder async rcv",3421,3468,1466,3362,115555443,115554652,"0x01 Java Layer Dependent","0x11 this is a one-way call: async, no return; allow replies with file descriptors; "
3950,69001,69006,813349991633964,813349991666620,"binder transaction async","binder async rcv",1466,3397,3421,3473,115555444,115554649,"0x0a Java Layer Dependent","0x11 this is a one-way call: async, no return; allow replies with file descriptors; "
3951,69037,69038,813349991929536,813349991963964,"binder transaction async","binder async rcv",3421,3468,1466,3362,115555445,115554652,"0x01 Java Layer Dependent","0x11 this is a one-way call: async, no return; allow replies with file descriptors; "
3952,69095,69098,813349992570109,813349992626776,"binder transaction async","binder async rcv",1466,3397,3421,3473,115555446,115554649,"0x0a Java Layer Dependent","0x11 this is a one-way call: async, no return; allow replies with file descriptors; "
3953,69129,69130,813349993000995,813349993038495,"binder transaction async","binder async rcv",3421,3468,1466,3362,115555447,115554652,"0x01 Java Layer Dependent","0x11 this is a one-way call: async, no return; allow replies with file descriptors; "
3955,69177,69189,813349993618026,813349993728130,"binder transaction async","binder async rcv",1466,3397,3421,3473,115555450,115554649,"0x0a Java Layer Dependent","0x11 this is a one-way call: async, no return; allow replies with file descriptors; "
3956,69206,69207,813349994031307,813349994070474,"binder transaction async","binder async rcv",3421,3468,1466,3362,115555451,115554652,"0x01 Java Layer Dependent","0x11 this is a one-way call: async, no return; allow replies with file descriptors; "
3958,69276,69281,813349994664172,813349994710682,"binder transaction async","binder async rcv",1466,3397,3421,3473,115555454,115554649,"0x0a Java Layer Dependent","0x11 this is a one-way call: async, no return; allow replies with file descriptors; "
3960,69319,69323,813349995059432,813349995095630,"binder transaction async","binder async rcv",3421,3468,1466,3362,115555456,115554652,"0x01 Java Layer Dependent","0x11 this is a one-way call: async, no return; allow replies with file descriptors; "
3961,69410,69414,813349995734276,813349995771984,"binder transaction async","binder async rcv",1466,3397,3421,3473,115555457,115554649,"0x0a Java Layer Dependent","0x11 this is a one-way call: async, no return; allow replies with file descriptors; "
3962,69449,69453,813349996065474,813349996124328,"binder transaction async","binder async rcv",3421,3468,1466,3362,115555458,115554652,"0x01 Java Layer Dependent","0x11 this is a one-way call: async, no return; allow replies with file descriptors; "
3963,69508,69511,813349996797818,813349996854901,"binder transaction async","binder async rcv",1466,3397,3421,3473,115555460,115554649,"0x0a Java Layer Dependent","0x11 this is a one-way call: async, no return; allow replies with file descriptors; "
3965,69525,69547,813349997115161,813349997287557,"binder transaction async","binder async rcv",3421,3468,1466,3362,115555462,115554652,"0x01 Java Layer Dependent","0x11 this is a one-way call: async, no return; allow replies with file descriptors; "
3968,69631,69635,813349997892661,813349997946464,"binder transaction async","binder async rcv",1466,3397,3421,3473,115555465,115554649,"0x0a Java Layer Dependent","0x11 this is a one-way call: async, no return; allow replies with file descriptors; "
3969,69664,69667,813349998213495,813349998249953,"binder transaction async","binder async rcv",3421,3468,1466,3362,115555466,115554652,"0x01 Java Layer Dependent","0x11 this is a one-way call: async, no return; allow replies with file descriptors; "
3970,69739,69745,813349998841047,813349998891932,"binder transaction async","binder async rcv",1466,3397,3421,3473,115555467,115554649,"0x0a Java Layer Dependent","0x11 this is a one-way call: async, no return; allow replies with file descriptors; "
3971,69773,69778,813349999164068,813349999200370,"binder transaction async","binder async rcv",3421,3468,1466,3362,115555468,115554652,"0x01 Java Layer Dependent","0x11 this is a one-way call: async, no return; allow replies with file descriptors; "
3972,69844,69848,813349999793443,813349999841047,"binder transaction async","binder async rcv",1466,3397,3421,3473,115555469,115554649,"0x0a Java Layer Dependent","0x11 this is a one-way call: async, no return; allow replies with file descriptors; "
3973,69880,69883,813350000109953,813350000142661,"binder transaction async","binder async rcv",3421,3468,1466,3362,115555470,115554652,"0x01 Java Layer Dependent","0x11 this is a one-way call: async, no return; allow replies with file descriptors; "
3974,69929,69933,813350000685266,813350000737661,"binder transaction async","binder async rcv",1466,3397,3421,3473,115555471,115554649,"0x0a Java Layer Dependent","0x11 this is a one-way call: async, no return; allow replies with file descriptors; "
3975,69954,69959,813350001028130,813350001066516,"binder transaction async","binder async rcv",3421,3468,1466,3362,115555472,115554652,"0x01 Java Layer Dependent","0x11 this is a one-way call: async, no return; allow replies with file descriptors; "
3977,70023,70037,813350001708443,813350001855526,"binder transaction async","binder async rcv",1466,3397,3421,3473,115555474,115554649,"0x0a Java Layer Dependent","0x11 this is a one-way call: async, no return; allow replies with file descriptors; "
3978,70055,70061,813350002171984,813350002217766,"binder transaction async","binder async rcv",3421,3468,1466,3362,115555476,115554652,"0x01 Java Layer Dependent","0x11 this is a one-way call: async, no return; allow replies with file descriptors; "
3980,70182,70188,813350003234536,813350003317245,"binder transaction async","binder async rcv",1466,3397,3421,3473,115555480,115554649,"0x0a Java Layer Dependent","0x11 this is a one-way call: async, no return; allow replies with file descriptors; "
3982,70219,70228,813350003607141,813350003661255,"binder transaction async","binder async rcv",3421,3468,1466,3362,115555481,115554652,"0x01 Java Layer Dependent","0x11 this is a one-way call: async, no return; allow replies with file descriptors; "
3983,70268,70291,813350004309068,813350004545891,"binder transaction async","binder async rcv",1466,3397,3421,3473,115555482,115554649,"0x0a Java Layer Dependent","0x11 this is a one-way call: async, no return; allow replies with file descriptors; "
3986,70306,70312,813350004845057,813350004884484,"binder transaction async","binder async rcv",3421,3468,1466,3362,115555486,115554652,"0x01 Java Layer Dependent","0x11 this is a one-way call: async, no return; allow replies with file descriptors; "
3987,70401,70402,813350005548443,813350005588755,"binder transaction async","binder async rcv",1466,3397,3421,3473,115555487,115554649,"0x0a Java Layer Dependent","0x11 this is a one-way call: async, no return; allow replies with file descriptors; "
3988,70439,70444,813350005888182,813350005926047,"binder transaction async","binder async rcv",3421,3468,1466,3362,115555488,115554652,"0x01 Java Layer Dependent","0x11 this is a one-way call: async, no return; allow replies with file descriptors; "
3989,70536,70537,813350006531828,813350006562297,"binder transaction async","binder async rcv",1466,3397,3421,3473,115555490,115554649,"0x0a Java Layer Dependent","0x11 this is a one-way call: async, no return; allow replies with file descriptors; "
3991,70556,70557,813350006863964,813350006895891,"binder transaction async","binder async rcv",3421,3468,1466,3362,115555491,115554652,"0x01 Java Layer Dependent","0x11 this is a one-way call: async, no return; allow replies with file descriptors; "
3996,70650,70656,813350007476568,813350007536203,"binder transaction async","binder async rcv",1466,3397,3421,3473,115555501,115554649,"0x0a Java Layer Dependent","0x11 this is a one-way call: async, no return; allow replies with file descriptors; "
3997,70677,70679,813350007791359,813350007825214,"binder transaction async","binder async rcv",3421,3468,1466,3362,115555502,115554652,"0x01 Java Layer Dependent","0x11 this is a one-way call: async, no return; allow replies with file descriptors; "
4003,70768,70775,813350008459953,813350008507505,"binder transaction async","binder async rcv",1466,3397,3421,3473,115555503,115554649,"0x0a Java Layer Dependent","0x11 this is a one-way call: async, no return; allow replies with file descriptors; "
4004,70800,70803,813350008751828,813350008786307,"binder transaction async","binder async rcv",3421,3468,1466,3362,115555504,115554652,"0x01 Java Layer Dependent","0x11 this is a one-way call: async, no return; allow replies with file descriptors; "
4005,70868,70874,813350009341776,813350009389693,"binder transaction async","binder async rcv",1466,3397,3421,3473,115555505,115554649,"0x0a Java Layer Dependent","0x11 this is a one-way call: async, no return; allow replies with file descriptors; "
4006,70905,70908,813350009660943,813350009695578,"binder transaction async","binder async rcv",3421,3468,1466,3362,115555506,115554652,"0x01 Java Layer Dependent","0x11 this is a one-way call: async, no return; allow replies with file descriptors; "
4008,70986,70994,813350010409328,813350010474224,"binder transaction async","binder async rcv",1466,3397,3421,3473,115555509,115554649,"0x0a Java Layer Dependent","0x11 this is a one-way call: async, no return; allow replies with file descriptors; "
4009,71030,71032,813350010729016,813350010762089,"binder transaction async","binder async rcv",3421,3468,1466,3362,115555510,115554652,"0x01 Java Layer Dependent","0x11 this is a one-way call: async, no return; allow replies with file descriptors; "
4011,71112,71113,813350011507297,813350011601411,"binder transaction async","binder async rcv",1466,3397,3421,3473,115555513,115554649,"0x0a Java Layer Dependent","0x11 this is a one-way call: async, no return; allow replies with file descriptors; "
4013,71118,71122,813350011856672,813350011974484,"binder transaction async","binder async rcv",3421,3468,1466,3362,115555515,115554652,"0x01 Java Layer Dependent","0x11 this is a one-way call: async, no return; allow replies with file descriptors; "
4014,71145,71146,813350012589901,813350012624068,"binder transaction async","binder async rcv",1466,3397,3421,3473,115555516,115554649,"0x0a Java Layer Dependent","0x11 this is a one-way call: async, no return; allow replies with file descriptors; "
4016,71157,71163,813350012898078,813350012950422,"binder transaction async","binder async rcv",3421,3468,1466,3362,115555520,115554652,"0x01 Java Layer Dependent","0x11 this is a one-way call: async, no return; allow replies with file descriptors; "
4019,71234,71235,813350013528911,813350013563182,"binder transaction async","binder async rcv",1466,3397,3421,3473,115555522,115554649,"0x0a Java Layer Dependent","0x11 this is a one-way call: async, no return; allow replies with file descriptors; "
4020,71258,71263,813350013856411,813350013891099,"binder transaction async","binder async rcv",3421,3468,1466,3362,115555523,115554652,"0x01 Java Layer Dependent","0x11 this is a one-way call: async, no return; allow replies with file descriptors; "
4021,71331,71335,813350014460370,813350014509484,"binder transaction async","binder async rcv",1466,3397,3421,3473,115555524,115554649,"0x0a Java Layer Dependent","0x11 this is a one-way call: async, no return; allow replies with file descriptors; "
4022,71350,71353,813350014792141,813350014853443,"binder transaction async","binder async rcv",3421,3468,1466,3362,115555525,115554652,"0x01 Java Layer Dependent","0x11 this is a one-way call: async, no return; allow replies with file descriptors; "
4023,71419,71423,813350015486880,813350015521620,"binder transaction async","binder async rcv",1466,3397,3421,3473,115555526,115554649,"0x0a Java Layer Dependent","0x11 this is a one-way call: async, no return; allow replies with file descriptors; "
4024,71450,71451,813350015812245,813350015847870,"binder transaction async","binder async rcv",3421,3468,1466,3362,115555527,115554652,"0x01 Java Layer Dependent","0x11 this is a one-way call: async, no return; allow replies with file descriptors; "
4025,71486,71489,813350016441047,813350016475734,"binder transaction async","binder async rcv",1466,3397,3421,3473,115555528,115554649,"0x0a Java Layer Dependent","0x11 this is a one-way call: async, no return; allow replies with file descriptors; "
4026,71517,71521,813350016730943,813350016767870,"binder transaction async","binder async rcv",3421,3468,1466,3362,115555529,115554652,"0x01 Java Layer Dependent","0x11 this is a one-way call: async, no return; allow replies with file descriptors; "
4027,71564,71565,813350017316516,813350017352141,"binder transaction async","binder async rcv",1466,3397,3421,3473,115555530,115554649,"0x0a Java Layer Dependent","0x11 this is a one-way call: async, no return; allow replies with file descriptors; "
4028,71579,71580,813350017599693,813350017631984,"binder transaction async","binder async rcv",3421,3468,1466,3362,115555531,115554652,"0x01 Java Layer Dependent","0x11 this is a one-way call: async, no return; allow replies with file descriptors; "
4029,71678,71679,813350018264016,813350018295630,"binder transaction async","binder async rcv",1466,3397,3421,3473,115555532,115554649,"0x0a Java Layer Dependent","0x11 this is a one-way call: async, no return; allow replies with file descriptors; "
4031,71702,71707,813350018560786,813350018605318,"binder transaction async","binder async rcv",3421,3468,1466,3362,115555534,115554652,"0x01 Java Layer Dependent","0x11 this is a one-way call: async, no return; allow replies with file descriptors; "
4033,71735,71736,813350019503130,813350019550891,"binder transaction async","binder async rcv",1466,3397,3421,3473,115555537,115554649,"0x0a Java Layer Dependent","0x11 this is a one-way call: async, no return; allow replies with file descriptors; "
4034,71743,71744,813350019872505,813350019930057,"binder transaction async","binder async rcv",3421,3468,1466,3362,115555539,115554652,"0x01 Java Layer Dependent","0x11 this is a one-way call: async, no return; allow replies with file descriptors; "
4035,71768,71769,813350020606724,813350020666099,"binder transaction async","binder async rcv",1466,3397,3421,3473,115555541,115554649,"0x0a Java Layer Dependent","0x11 this is a one-way call: async, no return; allow replies with file descriptors; "
4037,71775,71776,813350020990214,813350021029589,"binder transaction async","binder async rcv",3421,3468,1466,3362,115555542,115554652,"0x01 Java Layer Dependent","0x11 this is a one-way call: async, no return; allow replies with file descriptors; "
4040,71845,71848,813350021603964,813350021639068,"binder transaction async","binder async rcv",1466,3397,3421,3473,115555546,115554649,"0x0a Java Layer Dependent","0x11 this is a one-way call: async, no return; allow replies with file descriptors; "
4041,71884,71891,813350021895474,813350021936880,"binder transaction async","binder async rcv",3421,3468,1466,3362,115555547,115554652,"0x01 Java Layer Dependent","0x11 this is a one-way call: async, no return; allow replies with file descriptors; "
4042,71956,71959,813350022548703,813350022604276,"binder transaction async","binder async rcv",1466,3397,3421,3473,115555548,115554649,"0x0a Java Layer Dependent","0x11 this is a one-way call: async, no return; allow replies with file descriptors; "
4043,71987,71994,813350022850839,813350022885526,"binder transaction async","binder async rcv",3421,3468,1466,3362,115555549,115554652,"0x01 Java Layer Dependent","0x11 this is a one-way call: async, no return; allow replies with file descriptors; "
4044,72043,72048,813350023469536,813350023520370,"binder transaction async","binder async rcv",1466,3397,3421,3473,115555550,115554649,"0x0a Java Layer Dependent","0x11 this is a one-way call: async, no return; allow replies with file descriptors; "
4045,72079,72087,813350023777661,813350023812245,"binder transaction async","binder async rcv",3421,3468,1466,3362,115555552,115554652,"0x01 Java Layer Dependent","0x11 this is a one-way call: async, no return; allow replies with file descriptors; "
4047,72163,72166,813350024708755,813350024751151,"binder transaction async","binder async rcv",1466,3397,3421,3473,115555553,115554649,"0x0a Java Layer Dependent","0x11 this is a one-way call: async, no return; allow replies with file descriptors; "
4048,72192,72196,813350025061724,813350025102609,"binder transaction async","binder async rcv",3421,3468,1466,3362,115555554,115554652,"0x01 Java Layer Dependent","0x11 this is a one-way call: async, no return; allow replies with file descriptors; "
4049,72281,72285,813350025743130,813350025789953,"binder transaction async","binder async rcv",1466,3397,3421,3473,115555555,115554649,"0x0a Java Layer Dependent","0x11 this is a one-way call: async, no return; allow replies with file descriptors; "
4050,72321,72322,813350026097714,813350026139589,"binder transaction async","binder async rcv",3421,3468,1466,3362,115555556,115554652,"0x01 Java Layer Dependent","0x11 this is a one-way call: async, no return; allow replies with file descriptors; "
4051,72348,72349,813350026692297,813350026729797,"binder transaction async","binder async rcv",1466,3397,3421,3473,115555557,115554649,"0x0a Java Layer Dependent","0x11 this is a one-way call: async, no return; allow replies with file descriptors; "
4053,72355,72356,813350027010005,813350027069276,"binder transaction async","binder async rcv",3421,3468,1466,3362,115555559,115554652,"0x01 Java Layer Dependent","0x11 this is a one-way call: async, no return; allow replies with file descriptors; "
4055,72382,72385,813350027923755,813350027962453,"binder transaction async","binder async rcv",1466,3397,3421,3473,115555563,115554649,"0x0a Java Layer Dependent","0x11 this is a one-way call: async, no return; allow replies with file descriptors; "
4057,72401,72403,813350028511516,813350028547818,"binder transaction async","binder async rcv",3421,3468,1466,3362,115555565,115554652,"0x01 Java Layer Dependent","0x11 this is a one-way call: async, no return; allow replies with file descriptors; "
4058,72477,72482,813350029255839,813350029292453,"binder transaction async","binder async rcv",1466,3397,3421,3473,115555566,115554649,"0x0a Java Layer Dependent","0x11 this is a one-way call: async, no return; allow replies with file descriptors; "
4059,72524,72529,813350029618443,813350029652661,"binder transaction async","binder async rcv",3421,3468,1466,3362,115555567,115554652,"0x01 Java Layer Dependent","0x11 this is a one-way call: async, no return; allow replies with file descriptors; "
4061,72635,72640,813350030314224,813350030352609,"binder transaction async","binder async rcv",1466,3397,3421,3473,115555569,115554649,"0x0a Java Layer Dependent","0x11 this is a one-way call: async, no return; allow replies with file descriptors; "
4063,72662,72664,813350030598339,813350030630578,"binder transaction async","binder async rcv",3421,3468,1466,3362,115555572,115554652,"0x01 Java Layer Dependent","0x11 this is a one-way call: async, no return; allow replies with file descriptors; "
4065,72688,72691,813350031178234,813350031220318,"binder transaction async","binder async rcv",1466,3397,3421,3473,115555574,115554649,"0x0a Java Layer Dependent","0x11 this is a one-way call: async, no return; allow replies with file descriptors; "
4066,72725,72729,813350031477922,813350031512922,"binder transaction async","binder async rcv",3421,3468,1466,3362,115555575,115554652,"0x01 Java Layer Dependent","0x11 this is a one-way call: async, no return; allow replies with file descriptors; "
4067,72798,72799,813350032071516,813350032115214,"binder transaction async","binder async rcv",1466,3397,3421,3473,115555576,115554649,"0x0a Java Layer Dependent","0x11 this is a one-way call: async, no return; allow replies with file descriptors; "
4068,72827,72830,813350032361411,813350032392349,"binder transaction async","binder async rcv",3421,3468,1466,3362,115555577,115554652,"0x01 Java Layer Dependent","0x11 this is a one-way call: async, no return; allow replies with file descriptors; "
4069,72872,72875,813350032955266,813350032985891,"binder transaction async","binder async rcv",1466,3397,3421,3473,115555578,115554649,"0x0a Java Layer Dependent","0x11 this is a one-way call: async, no return; allow replies with file descriptors; "
4070,72896,72901,813350033249016,813350033281828,"binder transaction async","binder async rcv",3421,3468,1466,3362,115555579,115554652,"0x01 Java Layer Dependent","0x11 this is a one-way call: async, no return; allow replies with file descriptors; "
4071,72942,72943,813350033816932,813350033845057,"binder transaction async","binder async rcv",1466,3397,3421,3473,115555580,115554649,"0x0a Java Layer Dependent","0x11 this is a one-way call: async, no return; allow replies with file descriptors; "
4072,72963,72968,813350034084953,813350034114953,"binder transaction async","binder async rcv",3421,3468,1466,3362,115555581,115554652,"0x01 Java Layer Dependent","0x11 this is a one-way call: async, no return; allow replies with file descriptors; "
4073,73028,73031,813350034672870,813350034704172,"binder transaction async","binder async rcv",1466,3397,3421,3473,115555582,115554649,"0x0a Java Layer Dependent","0x11 this is a one-way call: async, no return; allow replies with file descriptors; "
4075,73051,73052,813350034966464,813350034998234,"binder transaction async","binder async rcv",3421,3468,1466,3362,115555584,115554652,"0x01 Java Layer Dependent","0x11 this is a one-way call: async, no return; allow replies with file descriptors; "
4076,73095,73096,813350035695318,813350035730318,"binder transaction async","binder async rcv",1466,3397,3421,3473,115555586,115554649,"0x0a Java Layer Dependent","0x11 this is a one-way call: async, no return; allow replies with file descriptors; "
4078,73117,73122,813350036007818,813350036049172,"binder transaction async","binder async rcv",3421,3468,1466,3362,115555588,115554652,"0x01 Java Layer Dependent","0x11 this is a one-way call: async, no return; allow replies with file descriptors; "
4080,73223,73224,813350037012036,813350037049745,"binder transaction async","binder async rcv",1466,3397,3421,3473,115555591,115554649,"0x0a Java Layer Dependent","0x11 this is a one-way call: async, no return; allow replies with file descriptors; "
4081,73262,73263,813350037332766,813350037367505,"binder transaction async","binder async rcv",3421,3468,1466,3362,115555592,115554652,"0x01 Java Layer Dependent","0x11 this is a one-way call: async, no return; allow replies with file descriptors; "
4083,73350,73351,813350038011151,813350038045318,"binder transaction async","binder async rcv",1466,3397,3421,3473,115555595,115554649,"0x0a Java Layer Dependent","0x11 this is a one-way call: async, no return; allow replies with file descriptors; "
4085,73359,73363,813350038306411,813350038340891,"binder transaction async","binder async rcv",3421,3468,1466,3362,115555598,115554652,"0x01 Java Layer Dependent","0x11 this is a one-way call: async, no return; allow replies with file descriptors; "
4087,73456,73457,813350039013703,813350039046047,"binder transaction async","binder async rcv",1466,3397,3421,3473,115555599,115554649,"0x0a Java Layer Dependent","0x11 this is a one-way call: async, no return; allow replies with file descriptors; "
4088,73483,73490,813350039300891,813350039337193,"binder transaction async","binder async rcv",3421,3468,1466,3362,115555600,115554652,"0x01 Java Layer Dependent","0x11 this is a one-way call: async, no return; allow replies with file descriptors; "
4089,73556,73561,813350039907401,813350039939172,"binder transaction async","binder async rcv",1466,3397,3421,3473,115555601,115554649,"0x0a Java Layer Dependent","0x11 this is a one-way call: async, no return; allow replies with file descriptors; "
4090,73587,73588,813350040182141,813350040216776,"binder transaction async","binder async rcv",3421,3468,1466,3362,115555602,115554652,"0x01 Java Layer Dependent","0x11 this is a one-way call: async, no return; allow replies with file descriptors; "
4091,73664,73665,813350040808703,813350040842818,"binder transaction async","binder async rcv",1466,3397,3421,3473,115555603,115554649,"0x0a Java Layer Dependent","0x11 this is a one-way call: async, no return; allow replies with file descriptors; "
4092,73673,73677,813350041087453,813350041120318,"binder transaction async","binder async rcv",3421,3468,1466,3362,115555604,115554652,"0x01 Java Layer Dependent","0x11 this is a one-way call: async, no return; allow replies with file descriptors; "
4093,73740,73745,813350041691984,813350041723755,"binder transaction async","binder async rcv",1466,3397,3421,3473,115555605,115554649,"0x0a Java Layer Dependent","0x11 this is a one-way call: async, no return; allow replies with file descriptors; "
4094,73762,73765,813350041996776,813350042030578,"binder transaction async","binder async rcv",3421,3468,1466,3362,115555606,115554652,"0x01 Java Layer Dependent","0x11 this is a one-way call: async, no return; allow replies with file descriptors; "
4095,73831,73832,813350042627349,813350042658599,"binder transaction async","binder async rcv",1466,3397,3421,3473,115555607,115554649,"0x0a Java Layer Dependent","0x11 this is a one-way call: async, no return; allow replies with file descriptors; "
4096,73860,73866,813350042896880,813350042928078,"binder transaction async","binder async rcv",3421,3468,1466,3362,115555608,115554652,"0x01 Java Layer Dependent","0x11 this is a one-way call: async, no return; allow replies with file descriptors; "
4098,73958,73964,813350043800370,813350043862036,"binder transaction async","binder async rcv",1466,3397,3421,3473,115555611,115554649,"0x0a Java Layer Dependent","0x11 this is a one-way call: async, no return; allow replies with file descriptors; "
4100,73989,73992,813350044158130,813350044190318,"binder transaction async","binder async rcv",3421,3468,1466,3362,115555613,115554652,"0x01 Java Layer Dependent","0x11 this is a one-way call: async, no return; allow replies with file descriptors; "
4101,74066,74069,813350045149172,813350045204641,"binder transaction async","binder async rcv",1466,3397,3421,3473,115555616,115554649,"0x0a Java Layer Dependent","0x11 this is a one-way call: async, no return; allow replies with file descriptors; "
4103,74100,74105,813350045503599,813350045536984,"binder transaction async","binder async rcv",3421,3468,1466,3362,115555617,115554652,"0x01 Java Layer Dependent","0x11 this is a one-way call: async, no return; allow replies with file descriptors; "
4104,74169,74170,813350046082922,813350046130682,"binder transaction async","binder async rcv",1466,3397,3421,3473,115555618,115554649,"0x0a Java Layer Dependent","0x11 this is a one-way call: async, no return; allow replies with file descriptors; "
4106,74194,74195,813350046376776,813350046408547,"binder transaction async","binder async rcv",3421,3468,1466,3362,115555621,115554652,"0x01 Java Layer Dependent","0x11 this is a one-way call: async, no return; allow replies with file descriptors; "
4108,74257,74264,813350046991516,813350047045109,"binder transaction async","binder async rcv",1466,3397,3421,3473,115555623,115554649,"0x0a Java Layer Dependent","0x11 this is a one-way call: async, no return; allow replies with file descriptors; "
4110,74287,74291,813350047330943,813350047364432,"binder transaction async","binder async rcv",3421,3468,1466,3362,115555626,115554652,"0x01 Java Layer Dependent","0x11 this is a one-way call: async, no return; allow replies with file descriptors; "
4112,74368,74372,813350048051047,813350048080578,"binder transaction async","binder async rcv",1466,3397,3421,3473,115555627,115554649,"0x0a Java Layer Dependent","0x11 this is a one-way call: async, no return; allow replies with file descriptors; "
4113,74396,74400,813350048364641,813350048421620,"binder transaction async","binder async rcv",3421,3468,1466,3362,115555628,115554652,"0x01 Java Layer Dependent","0x11 this is a one-way call: async, no return; allow replies with file descriptors; "
4116,74459,74462,813350048960943,813350048996359,"binder transaction async","binder async rcv",1466,3397,3421,3473,115555632,115554649,"0x0a Java Layer Dependent","0x11 this is a one-way call: async, no return; allow replies with file descriptors; "
4118,74470,74490,813350049289224,813350049493651,"binder transaction async","binder async rcv",3421,3468,1466,3362,115555635,115554652,"0x01 Java Layer Dependent","0x11 this is a one-way call: async, no return; allow replies with file descriptors; "
4122,74558,74579,813350050084797,813350050235109,"binder transaction async","binder async rcv",1466,3397,3421,3473,115555640,115554649,"0x0a Java Layer Dependent","0x11 this is a one-way call: async, no return; allow replies with file descriptors; "
4127,74623,74648,813350050578078,813350050792401,"binder transaction async","binder async rcv",3421,3468,1466,3362,115555645,115554652,"0x01 Java Layer Dependent","0x11 this is a one-way call: async, no return; allow replies with file descriptors; "
4142,74724,74922,813350051794432,813350054341516,"binder transaction async","binder async rcv",1466,3397,3421,3473,115555655,115554649,"0x0a Java Layer Dependent","0x11 this is a one-way call: async, no return; allow replies with file descriptors; "
4149,74931,74941,813350054859797,813350055025266,"binder transaction async","binder async rcv",3421,3468,1466,3362,115555676,115554652,"0x01 Java Layer Dependent","0x11 this is a one-way call: async, no return; allow replies with file descriptors; "
4154,74958,74960,813350055656516,813350055717818,"binder transaction async","binder async rcv",1466,3397,3421,3473,115555685,115554649,"0x0a Java Layer Dependent","0x11 this is a one-way call: async, no return; allow replies with file descriptors; "
4171,75115,75118,813350057249953,813350057333651,"binder transaction async","binder async rcv",3421,3468,1466,3362,115555708,115554652,"0x01 Java Layer Dependent","0x11 this is a one-way call: async, no return; allow replies with file descriptors; "
4197,75278,75286,813350059473182,813350059654901,"binder transaction async","binder async rcv",1466,3397,3421,3473,115555733,115554649,"0x0a Java Layer Dependent","0x11 this is a one-way call: async, no return; allow replies with file descriptors; "
4198,75307,75325,813350060017818,813350060249536,"binder transaction async","binder async rcv",3421,3468,1466,3362,115555734,115554652,"0x01 Java Layer Dependent","0x11 this is a one-way call: async, no return; allow replies with file descriptors; "
4201,75410,75429,813350060943182,813350061089380,"binder transaction async","binder async rcv",1466,3397,3421,3473,115555737,115554649,"0x0a Java Layer Dependent","0x11 this is a one-way call: async, no return; allow replies with file descriptors; "
4203,75487,75494,813350061741672,813350061790891,"binder transaction async","binder async rcv",3421,3468,1466,3362,115555740,115554652,"0x01 Java Layer Dependent","0x11 this is a one-way call: async, no return; allow replies with file descriptors; "
4205,75584,75585,813350062673651,813350062722453,"binder transaction async","binder async rcv",1466,3397,3421,3473,115555744,115554649,"0x0a Java Layer Dependent","0x11 this is a one-way call: async, no return; allow replies with file descriptors; "
4208,75611,75616,813350063035161,813350063085005,"binder transaction async","binder async rcv",3421,3468,1466,3362,115555748,115554652,"0x01 Java Layer Dependent","0x11 this is a one-way call: async, no return; allow replies with file descriptors; "
4212,75682,75711,813350063743078,813350063937245,"binder transaction async","binder async rcv",1466,3397,3421,3473,115555751,115554649,"0x0a Java Layer Dependent","0x11 this is a one-way call: async, no return; allow replies with file descriptors; "
4215,75748,75758,813350064337766,813350064400266,"binder transaction async","binder async rcv",3421,3468,1466,3362,115555757,115554652,"0x01 Java Layer Dependent","0x11 this is a one-way call: async, no return; allow replies with file descriptors; "
4216,75841,75847,813350065015943,813350065062089,"binder transaction async","binder async rcv",1466,3397,3421,3473,115555759,115554649,"0x0a Java Layer Dependent","0x11 this is a one-way call: async, no return; allow replies with file descriptors; "
4220,75871,75872,813350065371099,813350065407089,"binder transaction async","binder async rcv",3421,3468,1466,3362,115555761,115554652,"0x01 Java Layer Dependent","0x11 this is a one-way call: async, no return; allow replies with file descriptors; "
4222,75926,75935,813350066037245,813350066084276,"binder transaction async","binder async rcv",1466,3397,3421,3473,115555764,115554649,"0x0a Java Layer Dependent","0x11 this is a one-way call: async, no return; allow replies with file descriptors; "
4224,75959,75964,813350066458182,813350066497818,"binder transaction async","binder async rcv",3421,3468,1466,3362,115555766,115554652,"0x01 Java Layer Dependent","0x11 this is a one-way call: async, no return; allow replies with file descriptors; "
4227,76031,76033,813350067134484,813350067169276,"binder transaction async","binder async rcv",1466,3397,3421,3473,115555771,115554649,"0x0a Java Layer Dependent","0x11 this is a one-way call: async, no return; allow replies with file descriptors; "
4228,76073,76083,813350067499536,813350067542036,"binder transaction async","binder async rcv",3421,3468,1466,3362,115555773,115554652,"0x01 Java Layer Dependent","0x11 this is a one-way call: async, no return; allow replies with file descriptors; "
4231,76240,76246,813350068224849,813350068253495,"binder transaction async","binder async rcv",1466,3397,3421,3473,115555777,115554649,"0x0a Java Layer Dependent","0x11 this is a one-way call: async, no return; allow replies with file descriptors; "
4233,76307,76317,813350068539849,813350068573339,"binder transaction async","binder async rcv",3421,3468,1466,3362,115555780,115554652,"0x01 Java Layer Dependent","0x11 this is a one-way call: async, no return; allow replies with file descriptors; "
4234,76464,76470,813350069149016,813350069182036,"binder transaction async","binder async rcv",1466,3397,3421,3473,115555782,115554649,"0x0a Java Layer Dependent","0x11 this is a one-way call: async, no return; allow replies with file descriptors; "
4236,76518,76519,813350069437870,813350069471880,"binder transaction async","binder async rcv",3421,3468,1466,3362,115555784,115554652,"0x01 Java Layer Dependent","0x11 this is a one-way call: async, no return; allow replies with file descriptors; "
4238,76638,76644,813350070028964,813350070064589,"binder transaction async","binder async rcv",1466,3397,3421,3473,115555786,115554649,"0x0a Java Layer Dependent","0x11 this is a one-way call: async, no return; allow replies with file descriptors; "
4239,76704,76713,813350070331568,813350070364849,"binder transaction async","binder async rcv",3421,3468,1466,3362,115555787,115554652,"0x01 Java Layer Dependent","0x11 this is a one-way call: async, no return; allow replies with file descriptors; "
4241,76835,76845,813350070924276,813350070972297,"binder transaction async","binder async rcv",1466,3397,3421,3473,115555790,115554649,"0x0a Java Layer Dependent","0x11 this is a one-way call: async, no return; allow replies with file descriptors; "
4243,76912,76923,813350071252714,813350071294641,"binder transaction async","binder async rcv",3421,3468,1466,3362,115555792,115554652,"0x01 Java Layer Dependent","0x11 this is a one-way call: async, no return; allow replies with file descriptors; "
4245,77043,77052,813350071884536,813350071928130,"binder transaction async","binder async rcv",1466,3397,3421,3473,115555794,115554649,"0x0a Java Layer Dependent","0x11 this is a one-way call: async, no return; allow replies with file descriptors; "
4247,77156,77168,813350072406568,813350072440318,"binder transaction async","binder async rcv",3421,3468,1466,3362,115555796,115554652,"0x01 Java Layer Dependent","0x11 this is a one-way call: async, no return; allow replies with file descriptors; "
4248,77364,77374,813350073320266,813350073375005,"binder transaction async","binder async rcv",1466,3397,3421,3473,115555798,115554649,"0x0a Java Layer Dependent","0x11 this is a one-way call: async, no return; allow replies with file descriptors; "
4250,77436,77459,813350073671411,813350073745474,"binder transaction async","binder async rcv",3421,3468,1466,3362,115555800,115554652,"0x01 Java Layer Dependent","0x11 this is a one-way call: async, no return; allow replies with file descriptors; "
4252,77608,77618,813350074403286,813350074472557,"binder transaction async","binder async rcv",1466,3397,3421,3473,115555804,115554649,"0x0a Java Layer Dependent","0x11 this is a one-way call: async, no return; allow replies with file descriptors; "
4254,77651,77653,813350074797922,813350074867401,"binder transaction async","binder async rcv",3421,3468,1466,3362,115555807,115554652,"0x01 Java Layer Dependent","0x11 this is a one-way call: async, no return; allow replies with file descriptors; "
4262,77673,77674,813350075410214,813350075508911,"binder transaction async","binder async rcv",1466,3397,3421,3473,115555815,115554649,"0x0a Java Layer Dependent","0x11 this is a one-way call: async, no return; allow replies with file descriptors; "
4265,77677,77678,813350075832245,813350075897974,"binder transaction async","binder async rcv",3421,3468,1466,3362,115555816,115554652,"0x01 Java Layer Dependent","0x11 this is a one-way call: async, no return; allow replies with file descriptors; "
4268,77692,77694,813350076669589,813350076734276,"binder transaction async","binder async rcv",1466,3397,3421,3473,115555820,115554649,"0x0a Java Layer Dependent","0x11 this is a one-way call: async, no return; allow replies with file descriptors; "
4272,77701,77706,813350077238599,813350077365526,"binder transaction async","binder async rcv",3421,3468,1466,3362,115555828,115554652,"0x01 Java Layer Dependent","0x11 this is a one-way call: async, no return; allow replies with file descriptors; "
4283,77728,77731,813350077986984,813350078236255,"binder transaction async","binder async rcv",1466,3397,3421,3473,115555837,115554649,"0x0a Java Layer Dependent","0x11 this is a one-way call: async, no return; allow replies with file descriptors; "
4285,77734,77735,813350078545161,813350078585839,"binder transaction async","binder async rcv",3421,3468,1466,3362,115555842,115554652,"0x01 Java Layer Dependent","0x11 this is a one-way call: async, no return; allow replies with file descriptors; "
4287,77744,77745,813350079178755,813350079226516,"binder transaction async","binder async rcv",1466,3397,3421,3473,115555843,115554649,"0x0a Java Layer Dependent","0x11 this is a one-way call: async, no return; allow replies with file descriptors; "
4288,77746,77747,813350079527505,813350079574693,"binder transaction async","binder async rcv",3421,3468,1466,3362,115555844,115554652,"0x01 Java Layer Dependent","0x11 this is a one-way call: async, no return; allow replies with file descriptors; "
4290,77755,77756,813350080191776,813350080275318,"binder transaction async","binder async rcv",1466,3397,3421,3473,115555845,115554649,"0x0a Java Layer Dependent","0x11 this is a one-way call: async, no return; allow replies with file descriptors; "
4291,77757,77758,813350080561880,813350080597557,"binder transaction async","binder async rcv",3421,3468,1466,3362,115555846,115554652,"0x01 Java Layer Dependent","0x11 this is a one-way call: async, no return; allow replies with file descriptors; "
4293,77767,77768,813350081151568,813350081207922,"binder transaction async","binder async rcv",1466,3397,3421,3473,115555849,115554649,"0x0a Java Layer Dependent","0x11 this is a one-way call: async, no return; allow replies with file descriptors; "
4294,77769,77770,813350081482766,813350081516880,"binder transaction async","binder async rcv",3421,3468,1466,3362,115555850,115554652,"0x01 Java Layer Dependent","0x11 this is a one-way call: async, no return; allow replies with file descriptors; "
4295,77777,77779,813350082055995,813350082107245,"binder transaction async","binder async rcv",1466,3397,3421,3473,115555852,115554649,"0x0a Java Layer Dependent","0x11 this is a one-way call: async, no return; allow replies with file descriptors; "
4297,77781,77782,813350082380422,813350082416984,"binder transaction async","binder async rcv",3421,3468,1466,3362,115555855,115554652,"0x01 Java Layer Dependent","0x11 this is a one-way call: async, no return; allow replies with file descriptors; "
4298,77789,77790,813350082970422,813350083021672,"binder transaction async","binder async rcv",1466,3397,3421,3473,115555856,115554649,"0x0a Java Layer Dependent","0x11 this is a one-way call: async, no return; allow replies with file descriptors; "
4299,77791,77792,813350083285370,813350083322766,"binder transaction async","binder async rcv",3421,3468,1466,3362,115555857,115554652,"0x01 Java Layer Dependent","0x11 this is a one-way call: async, no return; allow replies with file descriptors; "
4300,77799,77800,813350083848182,813350083890422,"binder transaction async","binder async rcv",1466,3397,3421,3473,115555860,115554649,"0x0a Java Layer Dependent","0x11 this is a one-way call: async, no return; allow replies with file descriptors; "
4301,77801,77802,813350084182557,813350084226880,"binder transaction async","binder async rcv",3421,3468,1466,3362,115555861,115554652,"0x01 Java Layer Dependent","0x11 this is a one-way call: async, no return; allow replies with file descriptors; "
4303,77810,77813,813350084798911,813350084938495,"binder transaction async","binder async rcv",1466,3397,3421,3473,115555864,115554649,"0x0a Java Layer Dependent","0x11 this is a one-way call: async, no return; allow replies with file descriptors; "
4306,77824,77825,813350085551047,813350085589641,"binder transaction async","binder async rcv",3421,3468,1466,3362,115555868,115554652,"0x01 Java Layer Dependent","0x11 this is a one-way call: async, no return; allow replies with file descriptors; "
4309,77835,77837,813350086102505,813350086146047,"binder transaction async","binder async rcv",1466,3397,3421,3473,115555872,115554649,"0x0a Java Layer Dependent","0x11 this is a one-way call: async, no return; allow replies with file descriptors; "
4310,77838,77839,813350086477193,813350086515161,"binder transaction async","binder async rcv",3421,3468,1466,3362,115555873,115554652,"0x01 Java Layer Dependent","0x11 this is a one-way call: async, no return; allow replies with file descriptors; "
4312,77848,77849,813350087060474,813350087098547,"binder transaction async","binder async rcv",1466,3397,3421,3473,115555875,115554649,"0x0a Java Layer Dependent","0x11 this is a one-way call: async, no return; allow replies with file descriptors; "
4313,77850,77851,813350087413286,813350087456672,"binder transaction async","binder async rcv",3421,3468,1466,3362,115555876,115554652,"0x01 Java Layer Dependent","0x11 this is a one-way call: async, no return; allow replies with file descriptors; "
4314,77858,77859,813350088015943,813350088066255,"binder transaction async","binder async rcv",1466,3397,3421,3473,115555877,115554649,"0x0a Java Layer Dependent","0x11 this is a one-way call: async, no return; allow replies with file descriptors; "
4315,77860,77861,813350088372557,813350088410839,"binder transaction async","binder async rcv",3421,3468,1466,3362,115555878,115554652,"0x01 Java Layer Dependent","0x11 this is a one-way call: async, no return; allow replies with file descriptors; "
4316,77868,77869,813350088927661,813350088964016,"binder transaction async","binder async rcv",1466,3397,3421,3473,115555879,115554649,"0x0a Java Layer Dependent","0x11 this is a one-way call: async, no return; allow replies with file descriptors; "
4317,77870,77871,813350089241151,813350089279849,"binder transaction async","binder async rcv",3421,3468,1466,3362,115555880,115554652,"0x01 Java Layer Dependent","0x11 this is a one-way call: async, no return; allow replies with file descriptors; "
4318,77878,77879,813350089803339,813350089834849,"binder transaction async","binder async rcv",1466,3397,3421,3473,115555881,115554649,"0x0a Java Layer Dependent","0x11 this is a one-way call: async, no return; allow replies with file descriptors; "
4319,77880,77881,813350090103964,813350090140214,"binder transaction async","binder async rcv",3421,3468,1466,3362,115555882,115554652,"0x01 Java Layer Dependent","0x11 this is a one-way call: async, no return; allow replies with file descriptors; "
4320,77888,77889,813350090631411,813350090662453,"binder transaction async","binder async rcv",1466,3397,3421,3473,115555883,115554649,"0x0a Java Layer Dependent","0x11 this is a one-way call: async, no return; allow replies with file descriptors; "
4321,77890,77891,813350090925005,813350090960526,"binder transaction async","binder async rcv",3421,3468,1466,3362,115555884,115554652,"0x01 Java Layer Dependent","0x11 this is a one-way call: async, no return; allow replies with file descriptors; "
4322,77904,77905,813350091464328,813350091542974,"binder transaction async","binder async rcv",1466,3397,3421,3473,115555885,115554649,"0x0a Java Layer Dependent","0x11 this is a one-way call: async, no return; allow replies with file descriptors; "
4323,77906,77907,813350091813755,813350091849745,"binder transaction async","binder async rcv",3421,3468,1466,3362,115555886,115554652,"0x01 Java Layer Dependent","0x11 this is a one-way call: async, no return; allow replies with file descriptors; "
4324,77920,77921,813350092408547,813350092441672,"binder transaction async","binder async rcv",1466,3397,3421,3473,115555887,115554649,"0x0a Java Layer Dependent","0x11 this is a one-way call: async, no return; allow replies with file descriptors; "
4325,77922,77923,813350092699328,813350092734745,"binder transaction async","binder async rcv",3421,3468,1466,3362,115555888,115554652,"0x01 Java Layer Dependent","0x11 this is a one-way call: async, no return; allow replies with file descriptors; "
4326,77930,77931,813350093255422,813350093289484,"binder transaction async","binder async rcv",1466,3397,3421,3473,115555889,115554649,"0x0a Java Layer Dependent","0x11 this is a one-way call: async, no return; allow replies with file descriptors; "
4327,77932,77933,813350093577453,813350093614120,"binder transaction async","binder async rcv",3421,3468,1466,3362,115555890,115554652,"0x01 Java Layer Dependent","0x11 this is a one-way call: async, no return; allow replies with file descriptors; "
4328,77940,77941,813350094103963,813350094138963,"binder transaction async","binder async rcv",1466,3397,3421,3473,115555891,115554649,"0x0a Java Layer Dependent","0x11 this is a one-way call: async, no return; allow replies with file descriptors; "
4329,77942,77943,813350094404328,813350094441880,"binder transaction async","binder async rcv",3421,3468,1466,3362,115555892,115554652,"0x01 Java Layer Dependent","0x11 this is a one-way call: async, no return; allow replies with file descriptors; "
4330,77950,77951,813350094943859,813350094978182,"binder transaction async","binder async rcv",1466,3397,3421,3473,115555893,115554649,"0x0a Java Layer Dependent","0x11 this is a one-way call: async, no return; allow replies with file descriptors; "
4331,77952,77953,813350095260838,813350095299588,"binder transaction async","binder async rcv",3421,3468,1466,3362,115555894,115554652,"0x01 Java Layer Dependent","0x11 this is a one-way call: async, no return; allow replies with file descriptors; "
4332,77960,77961,813350095788286,813350095819536,"binder transaction async","binder async rcv",1466,3397,3421,3473,115555895,115554649,"0x0a Java Layer Dependent","0x11 this is a one-way call: async, no return; allow replies with file descriptors; "
4333,77962,77963,813350096110786,813350096141932,"binder transaction async","binder async rcv",3421,3468,1466,3362,115555896,115554652,"0x01 Java Layer Dependent","0x11 this is a one-way call: async, no return; allow replies with file descriptors; "
4334,77972,77973,813350096637453,813350096686411,"binder transaction async","binder async rcv",1466,3397,3421,3473,115555897,115554649,"0x0a Java Layer Dependent","0x11 this is a one-way call: async, no return; allow replies with file descriptors; "
4335,77979,77980,813350097015109,813350097064328,"binder transaction async","binder async rcv",3421,3468,1466,3362,115555898,115554652,"0x01 Java Layer Dependent","0x11 this is a one-way call: async, no return; allow replies with file descriptors; "
4336,77987,77988,813350097599120,813350097660318,"binder transaction async","binder async rcv",1466,3397,3421,3473,115555899,115554649,"0x0a Java Layer Dependent","0x11 this is a one-way call: async, no return; allow replies with file descriptors; "
4337,77993,77995,813350097989068,813350098028963,"binder transaction async","binder async rcv",3421,3468,1466,3362,115555900,115554652,"0x01 Java Layer Dependent","0x11 this is a one-way call: async, no return; allow replies with file descriptors; "
4338,78009,78011,813350098514849,813350098559536,"binder transaction async","binder async rcv",1466,3397,3421,3473,115555901,115554649,"0x0a Java Layer Dependent","0x11 this is a one-way call: async, no return; allow replies with file descriptors; "
4339,78020,78023,813350098862505,813350098913859,"binder transaction async","binder async rcv",3421,3468,1466,3362,115555902,115554652,"0x01 Java Layer Dependent","0x11 this is a one-way call: async, no return; allow replies with file descriptors; "
4340,78047,78049,813350099431724,813350099513391,"binder transaction async","binder async rcv",1466,3397,3421,3473,115555903,115554649,"0x0a Java Layer Dependent","0x11 this is a one-way call: async, no return; allow replies with file descriptors; "
4341,78064,78065,813350099813026,813350099869068,"binder transaction async","binder async rcv",3421,3468,1466,3362,115555904,115554652,"0x01 Java Layer Dependent","0x11 this is a one-way call: async, no return; allow replies with file descriptors; "
4342,78081,78082,813350100532661,813350100573703,"binder transaction async","binder async rcv",1466,3397,3421,3473,115555905,115554649,"0x0a Java Layer Dependent","0x11 this is a one-way call: async, no return; allow replies with file descriptors; "
4343,78083,78084,813350100868963,813350100905161,"binder transaction async","binder async rcv",3421,3468,1466,3362,115555906,115554652,"0x01 Java Layer Dependent","0x11 this is a one-way call: async, no return; allow replies with file descriptors; "
4344,78091,78092,813350101443911,813350101517245,"binder transaction async","binder async rcv",1466,3397,3421,3473,115555907,115554649,"0x0a Java Layer Dependent","0x11 this is a one-way call: async, no return; allow replies with file descriptors; "
4345,78093,78094,813350101843443,813350101887818,"binder transaction async","binder async rcv",3421,3468,1466,3362,115555908,115554652,"0x01 Java Layer Dependent","0x11 this is a one-way call: async, no return; allow replies with file descriptors; "
4346,78101,78102,813350102392818,813350102434588,"binder transaction async","binder async rcv",1466,3397,3421,3473,115555909,115554649,"0x0a Java Layer Dependent","0x11 this is a one-way call: async, no return; allow replies with file descriptors; "
4347,78103,78104,813350102732766,813350102773911,"binder transaction async","binder async rcv",3421,3468,1466,3362,115555910,115554652,"0x01 Java Layer Dependent","0x11 this is a one-way call: async, no return; allow replies with file descriptors; "
4348,78111,78112,813350103243130,813350103284172,"binder transaction async","binder async rcv",1466,3397,3421,3473,115555911,115554649,"0x0a Java Layer Dependent","0x11 this is a one-way call: async, no return; allow replies with file descriptors; "
4349,78113,78114,813350103598963,813350103637870,"binder transaction async","binder async rcv",3421,3468,1466,3362,115555912,115554652,"0x01 Java Layer Dependent","0x11 this is a one-way call: async, no return; allow replies with file descriptors; "
4350,78121,78122,813350104136828,813350104172505,"binder transaction async","binder async rcv",1466,3397,3421,3473,115555913,115554649,"0x0a Java Layer Dependent","0x11 this is a one-way call: async, no return; allow replies with file descriptors; "
4351,78123,78124,813350104467193,813350104506776,"binder transaction async","binder async rcv",3421,3468,1466,3362,115555914,115554652,"0x01 Java Layer Dependent","0x11 this is a one-way call: async, no return; allow replies with file descriptors; "
4352,78131,78132,813350104979224,813350105018703,"binder transaction async","binder async rcv",1466,3397,3421,3473,115555915,115554649,"0x0a Java Layer Dependent","0x11 this is a one-way call: async, no return; allow replies with file descriptors; "
4353,78133,78134,813350105317713,813350105358911,"binder transaction async","binder async rcv",3421,3468,1466,3362,115555916,115554652,"0x01 Java Layer Dependent","0x11 this is a one-way call: async, no return; allow replies with file descriptors; "
4354,78141,78142,813350105868078,813350105909224,"binder transaction async","binder async rcv",1466,3397,3421,3473,115555917,115554649,"0x0a Java Layer Dependent","0x11 this is a one-way call: async, no return; allow replies with file descriptors; "
4355,78143,78144,813350106221672,813350106261516,"binder transaction async","binder async rcv",3421,3468,1466,3362,115555918,115554652,"0x01 Java Layer Dependent","0x11 this is a one-way call: async, no return; allow replies with file descriptors; "
4356,78151,78152,813350106740891,813350106782661,"binder transaction async","binder async rcv",1466,3397,3421,3473,115555919,115554649,"0x0a Java Layer Dependent","0x11 this is a one-way call: async, no return; allow replies with file descriptors; "
4357,78153,78154,813350107078234,813350107119849,"binder transaction async","binder async rcv",3421,3468,1466,3362,115555920,115554652,"0x01 Java Layer Dependent","0x11 this is a one-way call: async, no return; allow replies with file descriptors; "
4358,78161,78162,813350107636463,813350107678651,"binder transaction async","binder async rcv",1466,3397,3421,3473,115555921,115554649,"0x0a Java Layer Dependent","0x11 this is a one-way call: async, no return; allow replies with file descriptors; "
4360,78165,78166,813350108003651,813350108043078,"binder transaction async","binder async rcv",3421,3468,1466,3362,115555923,115554652,"0x01 Java Layer Dependent","0x11 this is a one-way call: async, no return; allow replies with file descriptors; "
4361,78175,78176,813350108633495,813350108690474,"binder transaction async","binder async rcv",1466,3397,3421,3473,115555924,115554649,"0x0a Java Layer Dependent","0x11 this is a one-way call: async, no return; allow replies with file descriptors; "
4362,78178,78184,813350109070161,813350109289797,"binder transaction async","binder async rcv",3421,3468,1466,3362,115555925,115554652,"0x01 Java Layer Dependent","0x11 this is a one-way call: async, no return; allow replies with file descriptors; "
4363,78195,78196,813350109794745,813350109825005,"binder transaction async","binder async rcv",1466,3397,3421,3473,115555926,115554649,"0x0a Java Layer Dependent","0x11 this is a one-way call: async, no return; allow replies with file descriptors; "
4364,78197,78198,813350110144120,813350110185526,"binder transaction async","binder async rcv",3421,3468,1466,3362,115555927,115554652,"0x01 Java Layer Dependent","0x11 this is a one-way call: async, no return; allow replies with file descriptors; "
4365,78205,78206,813350110727870,813350110792870,"binder transaction async","binder async rcv",1466,3397,3421,3473,115555928,115554649,"0x0a Java Layer Dependent","0x11 this is a one-way call: async, no return; allow replies with file descriptors; "
4366,78207,78208,813350111073391,813350111111359,"binder transaction async","binder async rcv",3421,3468,1466,3362,115555929,115554652,"0x01 Java Layer Dependent","0x11 this is a one-way call: async, no return; allow replies with file descriptors; "
4367,78215,78216,813350111579328,813350111626359,"binder transaction async","binder async rcv",1466,3397,3421,3473,115555930,115554649,"0x0a Java Layer Dependent","0x11 this is a one-way call: async, no return; allow replies with file descriptors; "
4368,78217,78218,813350111901776,813350111938234,"binder transaction async","binder async rcv",3421,3468,1466,3362,115555931,115554652,"0x01 Java Layer Dependent","0x11 this is a one-way call: async, no return; allow replies with file descriptors; "
4369,78225,78226,813350112433286,813350112482193,"binder transaction async","binder async rcv",1466,3397,3421,3473,115555932,115554649,"0x0a Java Layer Dependent","0x11 this is a one-way call: async, no return; allow replies with file descriptors; "
4370,78227,78228,813350112742922,813350112780318,"binder transaction async","binder async rcv",3421,3468,1466,3362,115555933,115554652,"0x01 Java Layer Dependent","0x11 this is a one-way call: async, no return; allow replies with file descriptors; "
4371,78235,78236,813350113229536,813350113275891,"binder transaction async","binder async rcv",1466,3397,3421,3473,115555934,115554649,"0x0a Java Layer Dependent","0x11 this is a one-way call: async, no return; allow replies with file descriptors; "
4372,78237,78238,813350113555526,813350113592349,"binder transaction async","binder async rcv",3421,3468,1466,3362,115555935,115554652,"0x01 Java Layer Dependent","0x11 this is a one-way call: async, no return; allow replies with file descriptors; "
4373,78245,78246,813350114050057,813350114100109,"binder transaction async","binder async rcv",1466,3397,3421,3473,115555936,115554649,"0x0a Java Layer Dependent","0x11 this is a one-way call: async, no return; allow replies with file descriptors; "
4374,78247,78248,813350114381932,813350114415838,"binder transaction async","binder async rcv",3421,3468,1466,3362,115555937,115554652,"0x01 Java Layer Dependent","0x11 this is a one-way call: async, no return; allow replies with file descriptors; "
4375,78255,78256,813350114862036,813350114912245,"binder transaction async","binder async rcv",1466,3397,3421,3473,115555938,115554649,"0x0a Java Layer Dependent","0x11 this is a one-way call: async, no return; allow replies with file descriptors; "
4376,78257,78258,813350115201411,813350115239328,"binder transaction async","binder async rcv",3421,3468,1466,3362,115555939,115554652,"0x01 Java Layer Dependent","0x11 this is a one-way call: async, no return; allow replies with file descriptors; "
4377,78265,78266,813350115768338,813350115818703,"binder transaction async","binder async rcv",1466,3397,3421,3473,115555940,115554649,"0x0a Java Layer Dependent","0x11 this is a one-way call: async, no return; allow replies with file descriptors; "
4378,78267,78268,813350116082401,813350116127922,"binder transaction async","binder async rcv",3421,3468,1466,3362,115555941,115554652,"0x01 Java Layer Dependent","0x11 this is a one-way call: async, no return; allow replies with file descriptors; "
4379,78275,78276,813350116687713,813350116724120,"binder transaction async","binder async rcv",1466,3397,3421,3473,115555942,115554649,"0x0a Java Layer Dependent","0x11 this is a one-way call: async, no return; allow replies with file descriptors; "
4380,78277,78278,813350117025057,813350117058807,"binder transaction async","binder async rcv",3421,3468,1466,3362,115555943,115554652,"0x01 Java Layer Dependent","0x11 this is a one-way call: async, no return; allow replies with file descriptors; "
4381,78285,78286,813350117523807,813350117575057,"binder transaction async","binder async rcv",1466,3397,3421,3473,115555944,115554649,"0x0a Java Layer Dependent","0x11 this is a one-way call: async, no return; allow replies with file descriptors; "
4382,78287,78288,813350117841568,813350117879432,"binder transaction async","binder async rcv",3421,3468,1466,3362,115555945,115554652,"0x01 Java Layer Dependent","0x11 this is a one-way call: async, no return; allow replies with file descriptors; "
4383,78295,78296,813350118323026,813350118371307,"binder transaction async","binder async rcv",1466,3397,3421,3473,115555946,115554649,"0x0a Java Layer Dependent","0x11 this is a one-way call: async, no return; allow replies with file descriptors; "
4384,78297,78298,813350118641672,813350118677766,"binder transaction async","binder async rcv",3421,3468,1466,3362,115555947,115554652,"0x01 Java Layer Dependent","0x11 this is a one-way call: async, no return; allow replies with file descriptors; "
4385,78305,78306,813350119131255,813350119178234,"binder transaction async","binder async rcv",1466,3397,3421,3473,115555948,115554649,"0x0a Java Layer Dependent","0x11 this is a one-way call: async, no return; allow replies with file descriptors; "
4386,78307,78308,813350119438182,813350119474068,"binder transaction async","binder async rcv",3421,3468,1466,3362,115555949,115554652,"0x01 Java Layer Dependent","0x11 this is a one-way call: async, no return; allow replies with file descriptors; "
4387,78315,78316,813350119910630,813350119952870,"binder transaction async","binder async rcv",1466,3397,3421,3473,115555950,115554649,"0x0a Java Layer Dependent","0x11 this is a one-way call: async, no return; allow replies with file descriptors; "
4388,78317,78318,813350120320578,813350120355213,"binder transaction async","binder async rcv",3421,3468,1466,3362,115555951,115554652,"0x01 Java Layer Dependent","0x11 this is a one-way call: async, no return; allow replies with file descriptors; "
4389,78325,78326,813350120794068,813350120836984,"binder transaction async","binder async rcv",1466,3397,3421,3473,115555952,115554649,"0x0a Java Layer Dependent","0x11 this is a one-way call: async, no return; allow replies with file descriptors; "
4390,78327,78328,813350121111932,813350121148547,"binder transaction async","binder async rcv",3421,3468,1466,3362,115555953,115554652,"0x01 Java Layer Dependent","0x11 this is a one-way call: async, no return; allow replies with file descriptors; "
4391,78335,78336,813350121611255,813350121650266,"binder transaction async","binder async rcv",1466,3397,3421,3473,115555954,115554649,"0x0a Java Layer Dependent","0x11 this is a one-way call: async, no return; allow replies with file descriptors; "
4392,78337,78338,813350121920891,813350121960630,"binder transaction async","binder async rcv",3421,3468,1466,3362,115555955,115554652,"0x01 Java Layer Dependent","0x11 this is a one-way call: async, no return; allow replies with file descriptors; "
4393,78345,78346,813350122468338,813350122536932,"binder transaction async","binder async rcv",1466,3397,3421,3473,115555956,115554649,"0x0a Java Layer Dependent","0x11 this is a one-way call: async, no return; allow replies with file descriptors; "
4394,78347,78348,813350122806984,813350122842557,"binder transaction async","binder async rcv",3421,3468,1466,3362,115555957,115554652,"0x01 Java Layer Dependent","0x11 this is a one-way call: async, no return; allow replies with file descriptors; "
4395,78355,78356,813350123340526,813350123459328,"binder transaction async","binder async rcv",1466,3397,3421,3473,115555958,115554649,"0x0a Java Layer Dependent","0x11 this is a one-way call: async, no return; allow replies with file descriptors; "
4396,78357,78358,813350123726932,813350123761255,"binder transaction async","binder async rcv",3421,3468,1466,3362,115555959,115554652,"0x01 Java Layer Dependent","0x11 this is a one-way call: async, no return; allow replies with file descriptors; "
4397,78365,78366,813350124253078,813350124302297,"binder transaction async","binder async rcv",1466,3397,3421,3473,115555960,115554649,"0x0a Java Layer Dependent","0x11 this is a one-way call: async, no return; allow replies with file descriptors; "
4398,78367,78368,813350124649380,813350124688703,"binder transaction async","binder async rcv",3421,3468,1466,3362,115555961,115554652,"0x01 Java Layer Dependent","0x11 this is a one-way call: async, no return; allow replies with file descriptors; "
4399,78375,78376,813350125146620,813350125193391,"binder transaction async","binder async rcv",1466,3397,3421,3473,115555962,115554649,"0x0a Java Layer Dependent","0x11 this is a one-way call: async, no return; allow replies with file descriptors; "
4400,78377,78378,813350125458338,813350125495005,"binder transaction async","binder async rcv",3421,3468,1466,3362,115555963,115554652,"0x01 Java Layer Dependent","0x11 this is a one-way call: async, no return; allow replies with file descriptors; "
4401,78385,78386,813350125944953,813350125992401,"binder transaction async","binder async rcv",1466,3397,3421,3473,115555964,115554649,"0x0a Java Layer Dependent","0x11 this is a one-way call: async, no return; allow replies with file descriptors; "
4402,78387,78388,813350126264120,813350126299641,"binder transaction async","binder async rcv",3421,3468,1466,3362,115555965,115554652,"0x01 Java Layer Dependent","0x11 this is a one-way call: async, no return; allow replies with file descriptors; "
4403,78395,78396,813350126759328,813350126807401,"binder transaction async","binder async rcv",1466,3397,3421,3473,115555966,115554649,"0x0a Java Layer Dependent","0x11 this is a one-way call: async, no return; allow replies with file descriptors; "
4404,78397,78398,813350127069849,813350127105943,"binder transaction async","binder async rcv",3421,3468,1466,3362,115555967,115554652,"0x01 Java Layer Dependent","0x11 this is a one-way call: async, no return; allow replies with file descriptors; "
4405,78405,78406,813350127563651,813350127612453,"binder transaction async","binder async rcv",1466,3397,3421,3473,115555968,115554649,"0x0a Java Layer Dependent","0x11 this is a one-way call: async, no return; allow replies with file descriptors; "
4406,78407,78408,813350128021255,813350128058495,"binder transaction async","binder async rcv",3421,3468,1466,3362,115555969,115554652,"0x01 Java Layer Dependent","0x11 this is a one-way call: async, no return; allow replies with file descriptors; "
4407,78415,78416,813350128521255,813350128565995,"binder transaction async","binder async rcv",1466,3397,3421,3473,115555970,115554649,"0x0a Java Layer Dependent","0x11 this is a one-way call: async, no return; allow replies with file descriptors; "
4408,78417,78418,813350128863807,813350128900370,"binder transaction async","binder async rcv",3421,3468,1466,3362,115555971,115554652,"0x01 Java Layer Dependent","0x11 this is a one-way call: async, no return; allow replies with file descriptors; "
4409,78425,78426,813350129333807,813350129379224,"binder transaction async","binder async rcv",1466,3397,3421,3473,115555972,115554649,"0x0a Java Layer Dependent","0x11 this is a one-way call: async, no return; allow replies with file descriptors; "
4410,78427,78428,813350129642453,813350129679120,"binder transaction async","binder async rcv",3421,3468,1466,3362,115555973,115554652,"0x01 Java Layer Dependent","0x11 this is a one-way call: async, no return; allow replies with file descriptors; "
4411,78435,78436,813350130141047,813350130187349,"binder transaction async","binder async rcv",1466,3397,3421,3473,115555974,115554649,"0x0a Java Layer Dependent","0x11 this is a one-way call: async, no return; allow replies with file descriptors; "
4412,78437,78438,813350130456516,813350130493755,"binder transaction async","binder async rcv",3421,3468,1466,3362,115555975,115554652,"0x01 Java Layer Dependent","0x11 this is a one-way call: async, no return; allow replies with file descriptors; "
4413,78445,78446,813350130944328,813350130994797,"binder transaction async","binder async rcv",1466,3397,3421,3473,115555976,115554649,"0x0a Java Layer Dependent","0x11 this is a one-way call: async, no return; allow replies with file descriptors; "
4414,78447,78448,813350131261568,813350131297141,"binder transaction async","binder async rcv",3421,3468,1466,3362,115555977,115554652,"0x01 Java Layer Dependent","0x11 this is a one-way call: async, no return; allow replies with file descriptors; "
4415,78455,78456,813350131826307,813350131866516,"binder transaction async","binder async rcv",1466,3397,3421,3473,115555978,115554649,"0x0a Java Layer Dependent","0x11 this is a one-way call: async, no return; allow replies with file descriptors; "
4416,78457,78458,813350132200995,813350132237505,"binder transaction async","binder async rcv",3421,3468,1466,3362,115555979,115554652,"0x01 Java Layer Dependent","0x11 this is a one-way call: async, no return; allow replies with file descriptors; "
4417,78465,78466,813350132738182,813350132794588,"binder transaction async","binder async rcv",1466,3397,3421,3473,115555980,115554649,"0x0a Java Layer Dependent","0x11 this is a one-way call: async, no return; allow replies with file descriptors; "
4418,78467,78468,813350133100682,813350133140422,"binder transaction async","binder async rcv",3421,3468,1466,3362,115555981,115554652,"0x01 Java Layer Dependent","0x11 this is a one-way call: async, no return; allow replies with file descriptors; "
4419,78477,78478,813350133626047,813350133676516,"binder transaction async","binder async rcv",1466,3397,3421,3473,115555982,115554649,"0x0a Java Layer Dependent","0x11 this is a one-way call: async, no return; allow replies with file descriptors; "
4420,78487,78488,813350133975891,813350134018703,"binder transaction async","binder async rcv",3421,3468,1466,3362,115555983,115554652,"0x01 Java Layer Dependent","0x11 this is a one-way call: async, no return; allow replies with file descriptors; "
4421,78495,78496,813350134535943,813350134573963,"binder transaction async","binder async rcv",1466,3397,3421,3473,115555984,115554649,"0x0a Java Layer Dependent","0x11 this is a one-way call: async, no return; allow replies with file descriptors; "
4422,78497,78498,813350134850682,813350134889276,"binder transaction async","binder async rcv",3421,3468,1466,3362,115555985,115554652,"0x01 Java Layer Dependent","0x11 this is a one-way call: async, no return; allow replies with file descriptors; "
4423,78505,78506,813350135367036,813350135405995,"binder transaction async","binder async rcv",1466,3397,3421,3473,115555986,115554649,"0x0a Java Layer Dependent","0x11 this is a one-way call: async, no return; allow replies with file descriptors; "
4424,78507,78508,813350135694588,813350135737922,"binder transaction async","binder async rcv",3421,3468,1466,3362,115555987,115554652,"0x01 Java Layer Dependent","0x11 this is a one-way call: async, no return; allow replies with file descriptors; "
4425,78515,78516,813350136249849,813350136286359,"binder transaction async","binder async rcv",1466,3397,3421,3473,115555988,115554649,"0x0a Java Layer Dependent","0x11 this is a one-way call: async, no return; allow replies with file descriptors; "
4426,78517,78518,813350136555838,813350136600891,"binder transaction async","binder async rcv",3421,3468,1466,3362,115555989,115554652,"0x01 Java Layer Dependent","0x11 this is a one-way call: async, no return; allow replies with file descriptors; "
4427,78525,78526,813350137084484,813350137122713,"binder transaction async","binder async rcv",1466,3397,3421,3473,115555990,115554649,"0x0a Java Layer Dependent","0x11 this is a one-way call: async, no return; allow replies with file descriptors; "
4428,78527,78528,813350137395109,813350137434849,"binder transaction async","binder async rcv",3421,3468,1466,3362,115555991,115554652,"0x01 Java Layer Dependent","0x11 this is a one-way call: async, no return; allow replies with file descriptors; "
4429,78535,78536,813350137910891,813350137950266,"binder transaction async","binder async rcv",1466,3397,3421,3473,115555992,115554649,"0x0a Java Layer Dependent","0x11 this is a one-way call: async, no return; allow replies with file descriptors; "
4430,78537,78538,813350138234172,813350138277922,"binder transaction async","binder async rcv",3421,3468,1466,3362,115555993,115554652,"0x01 Java Layer Dependent","0x11 this is a one-way call: async, no return; allow replies with file descriptors; "
4431,78545,78546,813350138738963,813350138778078,"binder transaction async","binder async rcv",1466,3397,3421,3473,115555994,115554649,"0x0a Java Layer Dependent","0x11 this is a one-way call: async, no return; allow replies with file descriptors; "
4432,78547,78548,813350139071047,813350139114693,"binder transaction async","binder async rcv",3421,3468,1466,3362,115555995,115554652,"0x01 Java Layer Dependent","0x11 this is a one-way call: async, no return; allow replies with file descriptors; "
4433,78555,78556,813350139647713,813350139685109,"binder transaction async","binder async rcv",1466,3397,3421,3473,115555996,115554649,"0x0a Java Layer Dependent","0x11 this is a one-way call: async, no return; allow replies with file descriptors; "
4434,78557,78558,813350139959172,813350140000318,"binder transaction async","binder async rcv",3421,3468,1466,3362,115555997,115554652,"0x01 Java Layer Dependent","0x11 this is a one-way call: async, no return; allow replies with file descriptors; "
4435,78565,78566,813350140486099,813350140522505,"binder transaction async","binder async rcv",1466,3397,3421,3473,115555998,115554649,"0x0a Java Layer Dependent","0x11 this is a one-way call: async, no return; allow replies with file descriptors; "
4436,78567,78568,813350140841411,813350140885057,"binder transaction async","binder async rcv",3421,3468,1466,3362,115555999,115554652,"0x01 Java Layer Dependent","0x11 this is a one-way call: async, no return; allow replies with file descriptors; "
4437,78577,78578,813350141422297,813350141473443,"binder transaction async","binder async rcv",1466,3397,3421,3473,115556000,115554649,"0x0a Java Layer Dependent","0x11 this is a one-way call: async, no return; allow replies with file descriptors; "
4438,78583,78584,813350141802661,813350141849901,"binder transaction async","binder async rcv",3421,3468,1466,3362,115556001,115554652,"0x01 Java Layer Dependent","0x11 this is a one-way call: async, no return; allow replies with file descriptors; "
4439,78597,78598,813350142387557,813350142433286,"binder transaction async","binder async rcv",1466,3397,3421,3473,115556002,115554649,"0x0a Java Layer Dependent","0x11 this is a one-way call: async, no return; allow replies with file descriptors; "
4440,78603,78604,813350142779484,813350142826932,"binder transaction async","binder async rcv",3421,3468,1466,3362,115556003,115554652,"0x01 Java Layer Dependent","0x11 this is a one-way call: async, no return; allow replies with file descriptors; "
4441,78611,78612,813350143345318,813350143392609,"binder transaction async","binder async rcv",1466,3397,3421,3473,115556004,115554649,"0x0a Java Layer Dependent","0x11 this is a one-way call: async, no return; allow replies with file descriptors; "
4442,78613,78614,813350143720838,813350143767141,"binder transaction async","binder async rcv",3421,3468,1466,3362,115556005,115554652,"0x01 Java Layer Dependent","0x11 this is a one-way call: async, no return; allow replies with file descriptors; "
4443,78621,78622,813350144289797,813350144365005,"binder transaction async","binder async rcv",1466,3397,3421,3473,115556006,115554649,"0x0a Java Layer Dependent","0x11 this is a one-way call: async, no return; allow replies with file descriptors; "
4444,78623,78624,813350144665005,813350144707036,"binder transaction async","binder async rcv",3421,3468,1466,3362,115556007,115554652,"0x01 Java Layer Dependent","0x11 this is a one-way call: async, no return; allow replies with file descriptors; "
4445,78631,78632,813350145210578,813350145255370,"binder transaction async","binder async rcv",1466,3397,3421,3473,115556008,115554649,"0x0a Java Layer Dependent","0x11 this is a one-way call: async, no return; allow replies with file descriptors; "
4446,78633,78634,813350145547557,813350145592193,"binder transaction async","binder async rcv",3421,3468,1466,3362,115556009,115554652,"0x01 Java Layer Dependent","0x11 this is a one-way call: async, no return; allow replies with file descriptors; "
4447,78641,78642,813350146074380,813350146120526,"binder transaction async","binder async rcv",1466,3397,3421,3473,115556010,115554649,"0x0a Java Layer Dependent","0x11 this is a one-way call: async, no return; allow replies with file descriptors; "
4448,78643,78644,813350146412349,813350146455057,"binder transaction async","binder async rcv",3421,3468,1466,3362,115556011,115554652,"0x01 Java Layer Dependent","0x11 this is a one-way call: async, no return; allow replies with file descriptors; "
4449,78651,78652,813350146926516,813350146971047,"binder transaction async","binder async rcv",1466,3397,3421,3473,115556012,115554649,"0x0a Java Layer Dependent","0x11 this is a one-way call: async, no return; allow replies with file descriptors; "
4450,78653,78654,813350147306411,813350147353182,"binder transaction async","binder async rcv",3421,3468,1466,3362,115556013,115554652,"0x01 Java Layer Dependent","0x11 this is a one-way call: async, no return; allow replies with file descriptors; "
4451,78661,78662,813350147828755,813350147879380,"binder transaction async","binder async rcv",1466,3397,3421,3473,115556014,115554649,"0x0a Java Layer Dependent","0x11 this is a one-way call: async, no return; allow replies with file descriptors; "
4452,78663,78664,813350148186620,813350148229849,"binder transaction async","binder async rcv",3421,3468,1466,3362,115556015,115554652,"0x01 Java Layer Dependent","0x11 this is a one-way call: async, no return; allow replies with file descriptors; "
4453,78671,78672,813350148698599,813350148737922,"binder transaction async","binder async rcv",1466,3397,3421,3473,115556016,115554649,"0x0a Java Layer Dependent","0x11 this is a one-way call: async, no return; allow replies with file descriptors; "
4454,78673,78674,813350149037141,813350149081776,"binder transaction async","binder async rcv",3421,3468,1466,3362,115556017,115554652,"0x01 Java Layer Dependent","0x11 this is a one-way call: async, no return; allow replies with file descriptors; "
4455,78681,78682,813350149562609,813350149599068,"binder transaction async","binder async rcv",1466,3397,3421,3473,115556018,115554649,"0x0a Java Layer Dependent","0x11 this is a one-way call: async, no return; allow replies with file descriptors; "
4456,78683,78684,813350149873078,813350149914693,"binder transaction async","binder async rcv",3421,3468,1466,3362,115556019,115554652,"0x01 Java Layer Dependent","0x11 this is a one-way call: async, no return; allow replies with file descriptors; "
4457,78691,78692,813350150381880,813350150414901,"binder transaction async","binder async rcv",1466,3397,3421,3473,115556020,115554649,"0x0a Java Layer Dependent","0x11 this is a one-way call: async, no return; allow replies with file descriptors; "
4458,78693,78694,813350150703182,813350150745526,"binder transaction async","binder async rcv",3421,3468,1466,3362,115556021,115554652,"0x01 Java Layer Dependent","0x11 this is a one-way call: async, no return; allow replies with file descriptors; "
4459,78701,78702,813350151216776,813350151251255,"binder transaction async","binder async rcv",1466,3397,3421,3473,115556022,115554649,"0x0a Java Layer Dependent","0x11 this is a one-way call: async, no return; allow replies with file descriptors; "
4460,78703,78704,813350151536828,813350151578286,"binder transaction async","binder async rcv",3421,3468,1466,3362,115556023,115554652,"0x01 Java Layer Dependent","0x11 this is a one-way call: async, no return; allow replies with file descriptors; "
4461,78711,78712,813350152042557,813350152078338,"binder transaction async","binder async rcv",1466,3397,3421,3473,115556024,115554649,"0x0a Java Layer Dependent","0x11 this is a one-way call: async, no return; allow replies with file descriptors; "
4462,78713,78714,813350152380578,813350152423078,"binder transaction async","binder async rcv",3421,3468,1466,3362,115556025,115554652,"0x01 Java Layer Dependent","0x11 this is a one-way call: async, no return; allow replies with file descriptors; "
4463,78721,78722,813350152898547,813350152933547,"binder transaction async","binder async rcv",1466,3397,3421,3473,115556026,115554649,"0x0a Java Layer Dependent","0x11 this is a one-way call: async, no return; allow replies with file descriptors; "
4464,78723,78724,813350153209380,813350153253443,"binder transaction async","binder async rcv",3421,3468,1466,3362,115556027,115554652,"0x01 Java Layer Dependent","0x11 this is a one-way call: async, no return; allow replies with file descriptors; "
4465,78731,78732,813350153710370,813350153745422,"binder transaction async","binder async rcv",1466,3397,3421,3473,115556028,115554649,"0x0a Java Layer Dependent","0x11 this is a one-way call: async, no return; allow replies with file descriptors; "
4466,78733,78734,813350154020578,813350154061724,"binder transaction async","binder async rcv",3421,3468,1466,3362,115556029,115554652,"0x01 Java Layer Dependent","0x11 this is a one-way call: async, no return; allow replies with file descriptors; "
4467,78741,78742,813350154532766,813350154568703,"binder transaction async","binder async rcv",1466,3397,3421,3473,115556030,115554649,"0x0a Java Layer Dependent","0x11 this is a one-way call: async, no return; allow replies with file descriptors; "
4468,78743,78744,813350154867401,813350154908651,"binder transaction async","binder async rcv",3421,3468,1466,3362,115556031,115554652,"0x01 Java Layer Dependent","0x11 this is a one-way call: async, no return; allow replies with file descriptors; "
4469,78751,78752,813350155379276,813350155454588,"binder transaction async","binder async rcv",1466,3397,3421,3473,115556032,115554649,"0x0a Java Layer Dependent","0x11 this is a one-way call: async, no return; allow replies with file descriptors; "
4470,78753,78754,813350155812245,813350155862974,"binder transaction async","binder async rcv",3421,3468,1466,3362,115556033,115554652,"0x01 Java Layer Dependent","0x11 this is a one-way call: async, no return; allow replies with file descriptors; "
4471,78761,78762,813350156499588,813350156540943,"binder transaction async","binder async rcv",1466,3397,3421,3473,115556034,115554649,"0x0a Java Layer Dependent","0x11 this is a one-way call: async, no return; allow replies with file descriptors; "
4472,78763,78764,813350156928547,813350156989588,"binder transaction async","binder async rcv",3421,3468,1466,3362,115556035,115554652,"0x01 Java Layer Dependent","0x11 this is a one-way call: async, no return; allow replies with file descriptors; "
4473,78771,78772,813350157751411,813350157834797,"binder transaction async","binder async rcv",1466,3397,3421,3473,115556036,115554649,"0x0a Java Layer Dependent","0x11 this is a one-way call: async, no return; allow replies with file descriptors; "
4474,78773,78774,813350158198703,813350158244953,"binder transaction async","binder async rcv",3421,3468,1466,3362,115556037,115554652,"0x01 Java Layer Dependent","0x11 this is a one-way call: async, no return; allow replies with file descriptors; "
4475,78781,78782,813350158881359,813350158920526,"binder transaction async","binder async rcv",1466,3397,3421,3473,115556038,115554649,"0x0a Java Layer Dependent","0x11 this is a one-way call: async, no return; allow replies with file descriptors; "
4476,78783,78784,813350159318234,813350159357609,"binder transaction async","binder async rcv",3421,3468,1466,3362,115556039,115554652,"0x01 Java Layer Dependent","0x11 this is a one-way call: async, no return; allow replies with file descriptors; "
4477,78791,78792,813350159947245,813350159985734,"binder transaction async","binder async rcv",1466,3397,3421,3473,115556040,115554649,"0x0a Java Layer Dependent","0x11 this is a one-way call: async, no return; allow replies with file descriptors; "
4478,78793,78794,813350160387609,813350160430109,"binder transaction async","binder async rcv",3421,3468,1466,3362,115556041,115554652,"0x01 Java Layer Dependent","0x11 this is a one-way call: async, no return; allow replies with file descriptors; "
4479,78801,78802,813350161063651,813350161105891,"binder transaction async","binder async rcv",1466,3397,3421,3473,115556042,115554649,"0x0a Java Layer Dependent","0x11 this is a one-way call: async, no return; allow replies with file descriptors; "
4480,78803,78804,813350161451672,813350161494588,"binder transaction async","binder async rcv",3421,3468,1466,3362,115556043,115554652,"0x01 Java Layer Dependent","0x11 this is a one-way call: async, no return; allow replies with file descriptors; "
4481,78811,78812,813350162092036,813350162131828,"binder transaction async","binder async rcv",1466,3397,3421,3473,115556044,115554649,"0x0a Java Layer Dependent","0x11 this is a one-way call: async, no return; allow replies with file descriptors; "
4482,78813,78814,813350162486359,813350162529432,"binder transaction async","binder async rcv",3421,3468,1466,3362,115556045,115554652,"0x01 Java Layer Dependent","0x11 this is a one-way call: async, no return; allow replies with file descriptors; "
4483,78821,78822,813350163123078,813350163160266,"binder transaction async","binder async rcv",1466,3397,3421,3473,115556046,115554649,"0x0a Java Layer Dependent","0x11 this is a one-way call: async, no return; allow replies with file descriptors; "
4484,78823,78824,813350163573286,813350163634276,"binder transaction async","binder async rcv",3421,3468,1466,3362,115556047,115554652,"0x01 Java Layer Dependent","0x11 this is a one-way call: async, no return; allow replies with file descriptors; "
4485,78831,78832,813350164377818,813350164418286,"binder transaction async","binder async rcv",1466,3397,3421,3473,115556048,115554649,"0x0a Java Layer Dependent","0x11 this is a one-way call: async, no return; allow replies with file descriptors; "
4486,78833,78834,813350164812401,813350164860630,"binder transaction async","binder async rcv",3421,3468,1466,3362,115556049,115554652,"0x01 Java Layer Dependent","0x11 this is a one-way call: async, no return; allow replies with file descriptors; "
4487,78841,78842,813350165526203,813350165570526,"binder transaction async","binder async rcv",1466,3397,3421,3473,115556050,115554649,"0x0a Java Layer Dependent","0x11 this is a one-way call: async, no return; allow replies with file descriptors; "
4488,78843,78844,813350165951568,813350165997713,"binder transaction async","binder async rcv",3421,3468,1466,3362,115556051,115554652,"0x01 Java Layer Dependent","0x11 this is a one-way call: async, no return; allow replies with file descriptors; "
4489,78857,78858,813350166616307,813350166669328,"binder transaction async","binder async rcv",1466,3397,3421,3473,115556052,115554649,"0x0a Java Layer Dependent","0x11 this is a one-way call: async, no return; allow replies with file descriptors; "
4490,78859,78860,813350167083443,813350167133963,"binder transaction async","binder async rcv",3421,3468,1466,3362,115556053,115554652,"0x01 Java Layer Dependent","0x11 this is a one-way call: async, no return; allow replies with file descriptors; "
4491,78867,78868,813350167802609,813350167849693,"binder transaction async","binder async rcv",1466,3397,3421,3473,115556054,115554649,"0x0a Java Layer Dependent","0x11 this is a one-way call: async, no return; allow replies with file descriptors; "
4492,78870,78871,813350168304849,813350168348807,"binder transaction async","binder async rcv",3421,3468,1466,3362,115556056,115554652,"0x01 Java Layer Dependent","0x11 this is a one-way call: async, no return; allow replies with file descriptors; "
4494,78879,78880,813350168899068,813350168934536,"binder transaction async","binder async rcv",1466,3397,3421,3473,115556057,115554649,"0x0a Java Layer Dependent","0x11 this is a one-way call: async, no return; allow replies with file descriptors; "
4495,78881,78882,813350169235474,813350169274120,"binder transaction async","binder async rcv",3421,3468,1466,3362,115556058,115554652,"0x01 Java Layer Dependent","0x11 this is a one-way call: async, no return; allow replies with file descriptors; "
4496,78889,78890,813350169787505,813350169825630,"binder transaction async","binder async rcv",1466,3397,3421,3473,115556059,115554649,"0x0a Java Layer Dependent","0x11 this is a one-way call: async, no return; allow replies with file descriptors; "
4497,78891,78892,813350170126516,813350170165422,"binder transaction async","binder async rcv",3421,3468,1466,3362,115556060,115554652,"0x01 Java Layer Dependent","0x11 this is a one-way call: async, no return; allow replies with file descriptors; "
4498,78899,78900,813350170670474,813350170709380,"binder transaction async","binder async rcv",1466,3397,3421,3473,115556061,115554649,"0x0a Java Layer Dependent","0x11 this is a one-way call: async, no return; allow replies with file descriptors; "
4499,78901,78902,813350171006463,813350171045682,"binder transaction async","binder async rcv",3421,3468,1466,3362,115556062,115554652,"0x01 Java Layer Dependent","0x11 this is a one-way call: async, no return; allow replies with file descriptors; "
4500,78909,78910,813350171563963,813350171608859,"binder transaction async","binder async rcv",1466,3397,3421,3473,115556063,115554649,"0x0a Java Layer Dependent","0x11 this is a one-way call: async, no return; allow replies with file descriptors; "
4501,78911,78912,813350171945266,813350171989588,"binder transaction async","binder async rcv",3421,3468,1466,3362,115556064,115554652,"0x01 Java Layer Dependent","0x11 this is a one-way call: async, no return; allow replies with file descriptors; "
4502,78919,78920,813350172612974,813350172647974,"binder transaction async","binder async rcv",1466,3397,3421,3473,115556065,115554649,"0x0a Java Layer Dependent","0x11 this is a one-way call: async, no return; allow replies with file descriptors; "
4503,78921,78922,813350173009224,813350173045526,"binder transaction async","binder async rcv",3421,3468,1466,3362,115556066,115554652,"0x01 Java Layer Dependent","0x11 this is a one-way call: async, no return; allow replies with file descriptors; "
4504,78929,78930,813350173572401,813350173609953,"binder transaction async","binder async rcv",1466,3397,3421,3473,115556067,115554649,"0x0a Java Layer Dependent","0x11 this is a one-way call: async, no return; allow replies with file descriptors; "
4505,78931,78932,813350173943599,813350173985474,"binder transaction async","binder async rcv",3421,3468,1466,3362,115556068,115554652,"0x01 Java Layer Dependent","0x11 this is a one-way call: async, no return; allow replies with file descriptors; "
4506,78939,78940,813350174522661,813350174560005,"binder transaction async","binder async rcv",1466,3397,3421,3473,115556069,115554649,"0x0a Java Layer Dependent","0x11 this is a one-way call: async, no return; allow replies with file descriptors; "
4507,78941,78942,813350174870422,813350174910838,"binder transaction async","binder async rcv",3421,3468,1466,3362,115556070,115554652,"0x01 Java Layer Dependent","0x11 this is a one-way call: async, no return; allow replies with file descriptors; "
4508,78949,78950,813350175426776,813350175464484,"binder transaction async","binder async rcv",1466,3397,3421,3473,115556071,115554649,"0x0a Java Layer Dependent","0x11 this is a one-way call: async, no return; allow replies with file descriptors; "
4509,78951,78952,813350175772088,813350175812245,"binder transaction async","binder async rcv",3421,3468,1466,3362,115556072,115554652,"0x01 Java Layer Dependent","0x11 this is a one-way call: async, no return; allow replies with file descriptors; "
4510,78961,78966,813350176491359,813350176560422,"binder transaction async","binder async rcv",1466,3397,3421,3473,115556073,115554649,"0x0a Java Layer Dependent","0x11 this is a one-way call: async, no return; allow replies with file descriptors; "
4511,78967,78968,813350176916099,813350176964068,"binder transaction async","binder async rcv",3421,3468,1466,3362,115556074,115554652,"0x01 Java Layer Dependent","0x11 this is a one-way call: async, no return; allow replies with file descriptors; "
4512,78975,78976,813350177510161,813350177551568,"binder transaction async","binder async rcv",1466,3397,3421,3473,115556075,115554649,"0x0a Java Layer Dependent","0x11 this is a one-way call: async, no return; allow replies with file descriptors; "
4513,78977,78978,813350177886776,813350177922922,"binder transaction async","binder async rcv",3421,3468,1466,3362,115556076,115554652,"0x01 Java Layer Dependent","0x11 this is a one-way call: async, no return; allow replies with file descriptors; "
4514,78985,78986,813350178467505,813350178505422,"binder transaction async","binder async rcv",1466,3397,3421,3473,115556077,115554649,"0x0a Java Layer Dependent","0x11 this is a one-way call: async, no return; allow replies with file descriptors; "
4515,78987,78988,813350178820109,813350178857766,"binder transaction async","binder async rcv",3421,3468,1466,3362,115556078,115554652,"0x01 Java Layer Dependent","0x11 this is a one-way call: async, no return; allow replies with file descriptors; "
4516,78995,78996,813350179388495,813350179473182,"binder transaction async","binder async rcv",1466,3397,3421,3473,115556079,115554649,"0x0a Java Layer Dependent","0x11 this is a one-way call: async, no return; allow replies with file descriptors; "
4517,78997,78998,813350179887922,813350179934484,"binder transaction async","binder async rcv",3421,3468,1466,3362,115556080,115554652,"0x01 Java Layer Dependent","0x11 this is a one-way call: async, no return; allow replies with file descriptors; "
4518,79005,79006,813350180616203,813350180664693,"binder transaction async","binder async rcv",1466,3397,3421,3473,115556081,115554649,"0x0a Java Layer Dependent","0x11 this is a one-way call: async, no return; allow replies with file descriptors; "
4519,79007,79008,813350181064797,813350181110318,"binder transaction async","binder async rcv",3421,3468,1466,3362,115556082,115554652,"0x01 Java Layer Dependent","0x11 this is a one-way call: async, no return; allow replies with file descriptors; "
4520,79015,79016,813350181752036,813350181794120,"binder transaction async","binder async rcv",1466,3397,3421,3473,115556083,115554649,"0x0a Java Layer Dependent","0x11 this is a one-way call: async, no return; allow replies with file descriptors; "
4521,79017,79018,813350182227036,813350182276411,"binder transaction async","binder async rcv",3421,3468,1466,3362,115556084,115554652,"0x01 Java Layer Dependent","0x11 this is a one-way call: async, no return; allow replies with file descriptors; "
4522,79025,79026,813350182960682,813350183006203,"binder transaction async","binder async rcv",1466,3397,3421,3473,115556085,115554649,"0x0a Java Layer Dependent","0x11 this is a one-way call: async, no return; allow replies with file descriptors; "
4523,79027,79028,813350183396255,813350183441880,"binder transaction async","binder async rcv",3421,3468,1466,3362,115556086,115554652,"0x01 Java Layer Dependent","0x11 this is a one-way call: async, no return; allow replies with file descriptors; "
4524,79035,79036,813350184140422,813350184182193,"binder transaction async","binder async rcv",1466,3397,3421,3473,115556087,115554649,"0x0a Java Layer Dependent","0x11 this is a one-way call: async, no return; allow replies with file descriptors; "
4525,79037,79038,813350184611463,813350184659745,"binder transaction async","binder async rcv",3421,3468,1466,3362,115556088,115554652,"0x01 Java Layer Dependent","0x11 this is a one-way call: async, no return; allow replies with file descriptors; "
4526,79045,79046,813350185343078,813350185393078,"binder transaction async","binder async rcv",1466,3397,3421,3473,115556089,115554649,"0x0a Java Layer Dependent","0x11 this is a one-way call: async, no return; allow replies with file descriptors; "
4527,79047,79048,813350185794484,813350185841672,"binder transaction async","binder async rcv",3421,3468,1466,3362,115556090,115554652,"0x01 Java Layer Dependent","0x11 this is a one-way call: async, no return; allow replies with file descriptors; "
4528,79055,79056,813350186501932,813350186543495,"binder transaction async","binder async rcv",1466,3397,3421,3473,115556091,115554649,"0x0a Java Layer Dependent","0x11 this is a one-way call: async, no return; allow replies with file descriptors; "
4529,79057,79058,813350186946359,813350186985370,"binder transaction async","binder async rcv",3421,3468,1466,3362,115556092,115554652,"0x01 Java Layer Dependent","0x11 this is a one-way call: async, no return; allow replies with file descriptors; "
4532,79069,79070,813350187859745,813350187922401,"binder transaction async","binder async rcv",1466,3397,3421,3473,115556096,115554649,"0x0a Java Layer Dependent","0x11 this is a one-way call: async, no return; allow replies with file descriptors; "
4534,79073,79074,813350188424953,813350188477505,"binder transaction async","binder async rcv",3421,3468,1466,3362,115556099,115554652,"0x01 Java Layer Dependent","0x11 this is a one-way call: async, no return; allow replies with file descriptors; "
4536,79084,79085,813350189181411,813350189237401,"binder transaction async","binder async rcv",1466,3397,3421,3473,115556102,115554649,"0x0a Java Layer Dependent","0x11 this is a one-way call: async, no return; allow replies with file descriptors; "
4537,79086,79087,813350189597401,813350189707713,"binder transaction async","binder async rcv",3421,3468,1466,3362,115556104,115554652,"0x01 Java Layer Dependent","0x11 this is a one-way call: async, no return; allow replies with file descriptors; "
4540,79097,79098,813350190478703,813350190527922,"binder transaction async","binder async rcv",1466,3397,3421,3473,115556106,115554649,"0x0a Java Layer Dependent","0x11 this is a one-way call: async, no return; allow replies with file descriptors; "
4541,79099,79100,813350190981411,813350191028338,"binder transaction async","binder async rcv",3421,3468,1466,3362,115556107,115554652,"0x01 Java Layer Dependent","0x11 this is a one-way call: async, no return; allow replies with file descriptors; "
4543,79109,79110,813350191757193,813350191800786,"binder transaction async","binder async rcv",1466,3397,3421,3473,115556110,115554649,"0x0a Java Layer Dependent","0x11 this is a one-way call: async, no return; allow replies with file descriptors; "
4544,79111,79113,813350192240630,813350192289901,"binder transaction async","binder async rcv",3421,3468,1466,3362,115556113,115554652,"0x01 Java Layer Dependent","0x11 this is a one-way call: async, no return; allow replies with file descriptors; "
4546,79124,79125,813350192959953,813350192997088,"binder transaction async","binder async rcv",1466,3397,3421,3473,115556115,115554649,"0x0a Java Layer Dependent","0x11 this is a one-way call: async, no return; allow replies with file descriptors; "
4548,79129,79130,813350193362713,813350193436776,"binder transaction async","binder async rcv",3421,3468,1466,3362,115556120,115554652,"0x01 Java Layer Dependent","0x11 this is a one-way call: async, no return; allow replies with file descriptors; "
4552,79141,79143,813350194183391,813350194231776,"binder transaction async","binder async rcv",1466,3397,3421,3473,115556125,115554649,"0x0a Java Layer Dependent","0x11 this is a one-way call: async, no return; allow replies with file descriptors; "
4553,79144,79145,813350194617557,813350194668130,"binder transaction async","binder async rcv",3421,3468,1466,3362,115556126,115554652,"0x01 Java Layer Dependent","0x11 this is a one-way call: async, no return; allow replies with file descriptors; "
4555,79154,79155,813350195324901,813350195429641,"binder transaction async","binder async rcv",1466,3397,3421,3473,115556128,115554649,"0x0a Java Layer Dependent","0x11 this is a one-way call: async, no return; allow replies with file descriptors; "
4556,79156,79157,813350195842297,813350195898755,"binder transaction async","binder async rcv",3421,3468,1466,3362,115556129,115554652,"0x01 Java Layer Dependent","0x11 this is a one-way call: async, no return; allow replies with file descriptors; "
4558,79166,79167,813350196651932,813350196697088,"binder transaction async","binder async rcv",1466,3397,3421,3473,115556131,115554649,"0x0a Java Layer Dependent","0x11 this is a one-way call: async, no return; allow replies with file descriptors; "
4559,79168,79169,813350197093391,813350197145474,"binder transaction async","binder async rcv",3421,3468,1466,3362,115556132,115554652,"0x01 Java Layer Dependent","0x11 this is a one-way call: async, no return; allow replies with file descriptors; "
4560,79176,79177,813350197843703,813350197890891,"binder transaction async","binder async rcv",1466,3397,3421,3473,115556134,115554649,"0x0a Java Layer Dependent","0x11 this is a one-way call: async, no return; allow replies with file descriptors; "
4561,79178,79179,813350198304641,813350198361984,"binder transaction async","binder async rcv",3421,3468,1466,3362,115556135,115554652,"0x01 Java Layer Dependent","0x11 this is a one-way call: async, no return; allow replies with file descriptors; "
4562,79186,79187,813350199137141,813350199186047,"binder transaction async","binder async rcv",1466,3397,3421,3473,115556136,115554649,"0x0a Java Layer Dependent","0x11 this is a one-way call: async, no return; allow replies with file descriptors; "
4563,79188,79189,813350199589484,813350199642193,"binder transaction async","binder async rcv",3421,3468,1466,3362,115556137,115554652,"0x01 Java Layer Dependent","0x11 this is a one-way call: async, no return; allow replies with file descriptors; "
4564,79196,79197,813350200442713,813350200494224,"binder transaction async","binder async rcv",1466,3397,3421,3473,115556138,115554649,"0x0a Java Layer Dependent","0x11 this is a one-way call: async, no return; allow replies with file descriptors; "
4565,79198,79199,813350200886099,813350200933391,"binder transaction async","binder async rcv",3421,3468,1466,3362,115556139,115554652,"0x01 Java Layer Dependent","0x11 this is a one-way call: async, no return; allow replies with file descriptors; "
4566,79206,79207,813350201598807,813350201642870,"binder transaction async","binder async rcv",1466,3397,3421,3473,115556140,115554649,"0x0a Java Layer Dependent","0x11 this is a one-way call: async, no return; allow replies with file descriptors; "
4567,79208,79209,813350201982713,813350202035682,"binder transaction async","binder async rcv",3421,3468,1466,3362,115556141,115554652,"0x01 Java Layer Dependent","0x11 this is a one-way call: async, no return; allow replies with file descriptors; "
4568,79216,79219,813350202700057,813350202743911,"binder transaction async","binder async rcv",1466,3397,3421,3473,115556142,115554649,"0x0a Java Layer Dependent","0x11 this is a one-way call: async, no return; allow replies with file descriptors; "
4569,79232,79241,813350203120213,813350203321724,"binder transaction async","binder async rcv",3421,3468,1466,3362,115556143,115554652,"0x01 Java Layer Dependent","0x11 this is a one-way call: async, no return; allow replies with file descriptors; "
4571,79250,79251,813350203977245,813350204030474,"binder transaction async","binder async rcv",1466,3397,3421,3473,115556145,115554649,"0x0a Java Layer Dependent","0x11 this is a one-way call: async, no return; allow replies with file descriptors; "
4572,79252,79253,813350204438286,813350204480734,"binder transaction async","binder async rcv",3421,3468,1466,3362,115556146,115554652,"0x01 Java Layer Dependent","0x11 this is a one-way call: async, no return; allow replies with file descriptors; "
4573,79260,79261,813350205107766,813350205150109,"binder transaction async","binder async rcv",1466,3397,3421,3473,115556147,115554649,"0x0a Java Layer Dependent","0x11 this is a one-way call: async, no return; allow replies with file descriptors; "
4574,79262,79263,813350205483182,813350205524016,"binder transaction async","binder async rcv",3421,3468,1466,3362,115556148,115554652,"0x01 Java Layer Dependent","0x11 this is a one-way call: async, no return; allow replies with file descriptors; "
4575,79270,79271,813350206116411,813350206153599,"binder transaction async","binder async rcv",1466,3397,3421,3473,115556149,115554649,"0x0a Java Layer Dependent","0x11 this is a one-way call: async, no return; allow replies with file descriptors; "
4576,79272,79273,813350206467766,813350206512401,"binder transaction async","binder async rcv",3421,3468,1466,3362,115556150,115554652,"0x01 Java Layer Dependent","0x11 this is a one-way call: async, no return; allow replies with file descriptors; "
4584,79304,79305,813350207083234,813350207125057,"binder transaction async","binder async rcv",1466,3397,3421,3473,115556160,115554649,"0x0a Java Layer Dependent","0x11 this is a one-way call: async, no return; allow replies with file descriptors; "
4587,79312,79313,813350207437974,813350207480474,"binder transaction async","binder async rcv",3421,3468,1466,3362,115556161,115554652,"0x01 Java Layer Dependent","0x11 this is a one-way call: async, no return; allow replies with file descriptors; "
4588,79320,79321,813350208187661,813350208233651,"binder transaction async","binder async rcv",1466,3397,3421,3473,115556162,115554649,"0x0a Java Layer Dependent","0x11 this is a one-way call: async, no return; allow replies with file descriptors; "
4589,79322,79323,813350208593963,813350208643859,"binder transaction async","binder async rcv",3421,3468,1466,3362,115556163,115554652,"0x01 Java Layer Dependent","0x11 this is a one-way call: async, no return; allow replies with file descriptors; "
4590,79330,79331,813350209297974,813350209342245,"binder transaction async","binder async rcv",1466,3397,3421,3473,115556164,115554649,"0x0a Java Layer Dependent","0x11 this is a one-way call: async, no return; allow replies with file descriptors; "
4591,79332,79333,813350209706828,813350209751932,"binder transaction async","binder async rcv",3421,3468,1466,3362,115556165,115554652,"0x01 Java Layer Dependent","0x11 this is a one-way call: async, no return; allow replies with file descriptors; "
4592,79340,79341,813350210416880,813350210460370,"binder transaction async","binder async rcv",1466,3397,3421,3473,115556166,115554649,"0x0a Java Layer Dependent","0x11 this is a one-way call: async, no return; allow replies with file descriptors; "
4593,79342,79343,813350210810630,813350210856411,"binder transaction async","binder async rcv",3421,3468,1466,3362,115556167,115554652,"0x01 Java Layer Dependent","0x11 this is a one-way call: async, no return; allow replies with file descriptors; "
4594,79350,79351,813350211476359,813350211570578,"binder transaction async","binder async rcv",1466,3397,3421,3473,115556168,115554649,"0x0a Java Layer Dependent","0x11 this is a one-way call: async, no return; allow replies with file descriptors; "
4595,79352,79353,813350211925578,813350211978807,"binder transaction async","binder async rcv",3421,3468,1466,3362,115556169,115554652,"0x01 Java Layer Dependent","0x11 this is a one-way call: async, no return; allow replies with file descriptors; "
4596,79360,79361,813350212753286,813350212807505,"binder transaction async","binder async rcv",1466,3397,3421,3473,115556170,115554649,"0x0a Java Layer Dependent","0x11 this is a one-way call: async, no return; allow replies with file descriptors; "
4597,79362,79363,813350213199120,813350213244536,"binder transaction async","binder async rcv",3421,3468,1466,3362,115556171,115554652,"0x01 Java Layer Dependent","0x11 this is a one-way call: async, no return; allow replies with file descriptors; "
4598,79371,79372,813350213924380,813350213971776,"binder transaction async","binder async rcv",1466,3397,3421,3473,115556172,115554649,"0x0a Java Layer Dependent","0x11 this is a one-way call: async, no return; allow replies with file descriptors; "
4599,79373,79374,813350214342088,813350214388755,"binder transaction async","binder async rcv",3421,3468,1466,3362,115556173,115554652,"0x01 Java Layer Dependent","0x11 this is a one-way call: async, no return; allow replies with file descriptors; "
4600,79381,79382,813350215040422,813350215082557,"binder transaction async","binder async rcv",1466,3397,3421,3473,115556174,115554649,"0x0a Java Layer Dependent","0x11 this is a one-way call: async, no return; allow replies with file descriptors; "
4601,79383,79384,813350215466203,813350215517818,"binder transaction async","binder async rcv",3421,3468,1466,3362,115556175,115554652,"0x01 Java Layer Dependent","0x11 this is a one-way call: async, no return; allow replies with file descriptors; "
4602,79391,79392,813350216255318,813350216304068,"binder transaction async","binder async rcv",1466,3397,3421,3473,115556176,115554649,"0x0a Java Layer Dependent","0x11 this is a one-way call: async, no return; allow replies with file descriptors; "
4603,79393,79394,813350216664380,813350216716984,"binder transaction async","binder async rcv",3421,3468,1466,3362,115556177,115554652,"0x01 Java Layer Dependent","0x11 this is a one-way call: async, no return; allow replies with file descriptors; "
4604,79401,79402,813350217352661,813350217396203,"binder transaction async","binder async rcv",1466,3397,3421,3473,115556178,115554649,"0x0a Java Layer Dependent","0x11 this is a one-way call: async, no return; allow replies with file descriptors; "
4605,79403,79404,813350217766776,813350217820057,"binder transaction async","binder async rcv",3421,3468,1466,3362,115556179,115554652,"0x01 Java Layer Dependent","0x11 this is a one-way call: async, no return; allow replies with file descriptors; "
4606,79411,79412,813350218567453,813350218614432,"binder transaction async","binder async rcv",1466,3397,3421,3473,115556180,115554649,"0x0a Java Layer Dependent","0x11 this is a one-way call: async, no return; allow replies with file descriptors; "
4607,79413,79414,813350218980266,813350219027505,"binder transaction async","binder async rcv",3421,3468,1466,3362,115556181,115554652,"0x01 Java Layer Dependent","0x11 this is a one-way call: async, no return; allow replies with file descriptors; "
4608,79421,79422,813350219778859,813350219825005,"binder transaction async","binder async rcv",1466,3397,3421,3473,115556182,115554649,"0x0a Java Layer Dependent","0x11 this is a one-way call: async, no return; allow replies with file descriptors; "
4609,79423,79425,813350220246880,813350220289901,"binder transaction async","binder async rcv",3421,3468,1466,3362,115556183,115554652,"0x01 Java Layer Dependent","0x11 this is a one-way call: async, no return; allow replies with file descriptors; "
4611,79435,79437,813350220914224,813350220954901,"binder transaction async","binder async rcv",1466,3397,3421,3473,115556185,115554649,"0x0a Java Layer Dependent","0x11 this is a one-way call: async, no return; allow replies with file descriptors; "
4612,79441,79442,813350221303182,813350221350891,"binder transaction async","binder async rcv",3421,3468,1466,3362,115556186,115554652,"0x01 Java Layer Dependent","0x11 this is a one-way call: async, no return; allow replies with file descriptors; "
4613,79449,79450,813350222023651,813350222070422,"binder transaction async","binder async rcv",1466,3397,3421,3473,115556187,115554649,"0x0a Java Layer Dependent","0x11 this is a one-way call: async, no return; allow replies with file descriptors; "
4614,79451,79452,813350222416463,813350222457401,"binder transaction async","binder async rcv",3421,3468,1466,3362,115556188,115554652,"0x01 Java Layer Dependent","0x11 this is a one-way call: async, no return; allow replies with file descriptors; "
4615,79459,79460,813350223118286,813350223166880,"binder transaction async","binder async rcv",1466,3397,3421,3473,115556189,115554649,"0x0a Java Layer Dependent","0x11 this is a one-way call: async, no return; allow replies with file descriptors; "
4616,79461,79462,813350223521203,813350223567609,"binder transaction async","binder async rcv",3421,3468,1466,3362,115556190,115554652,"0x01 Java Layer Dependent","0x11 this is a one-way call: async, no return; allow replies with file descriptors; "
4617,79469,79470,813350224222870,813350224265526,"binder transaction async","binder async rcv",1466,3397,3421,3473,115556191,115554649,"0x0a Java Layer Dependent","0x11 this is a one-way call: async, no return; allow replies with file descriptors; "
4618,79471,79472,813350224600891,813350224651463,"binder transaction async","binder async rcv",3421,3468,1466,3362,115556192,115554652,"0x01 Java Layer Dependent","0x11 this is a one-way call: async, no return; allow replies with file descriptors; "
4619,79479,79480,813350225317141,813350225365786,"binder transaction async","binder async rcv",1466,3397,3421,3473,115556193,115554649,"0x0a Java Layer Dependent","0x11 this is a one-way call: async, no return; allow replies with file descriptors; "
4620,79481,79482,813350225700370,813350225745474,"binder transaction async","binder async rcv",3421,3468,1466,3362,115556194,115554652,"0x01 Java Layer Dependent","0x11 this is a one-way call: async, no return; allow replies with file descriptors; "
4621,79489,79490,813350226345630,813350226381099,"binder transaction async","binder async rcv",1466,3397,3421,3473,115556195,115554649,"0x0a Java Layer Dependent","0x11 this is a one-way call: async, no return; allow replies with file descriptors; "
4622,79491,79492,813350226719276,813350226766411,"binder transaction async","binder async rcv",3421,3468,1466,3362,115556196,115554652,"0x01 Java Layer Dependent","0x11 this is a one-way call: async, no return; allow replies with file descriptors; "
4624,79503,79504,813350227456984,813350227505057,"binder transaction async","binder async rcv",1466,3397,3421,3473,115556198,115554649,"0x0a Java Layer Dependent","0x11 this is a one-way call: async, no return; allow replies with file descriptors; "
4625,79510,79511,813350227812974,813350227866516,"binder transaction async","binder async rcv",3421,3468,1466,3362,115556199,115554652,"0x01 Java Layer Dependent","0x11 this is a one-way call: async, no return; allow replies with file descriptors; "
4626,79520,79521,813350228516880,813350228555943,"binder transaction async","binder async rcv",1466,3397,3421,3473,115556200,115554649,"0x0a Java Layer Dependent","0x11 this is a one-way call: async, no return; allow replies with file descriptors; "
4627,79523,79524,813350228851099,813350228894068,"binder transaction async","binder async rcv",3421,3468,1466,3362,115556202,115554652,"0x01 Java Layer Dependent","0x11 this is a one-way call: async, no return; allow replies with file descriptors; "
4629,79532,79533,813350229520161,813350229566099,"binder transaction async","binder async rcv",1466,3397,3421,3473,115556203,115554649,"0x0a Java Layer Dependent","0x11 this is a one-way call: async, no return; allow replies with file descriptors; "
4630,79534,79535,813350229881047,813350229923755,"binder transaction async","binder async rcv",3421,3468,1466,3362,115556204,115554652,"0x01 Java Layer Dependent","0x11 this is a one-way call: async, no return; allow replies with file descriptors; "
4631,79542,79543,813350230515682,813350230561099,"binder transaction async","binder async rcv",1466,3397,3421,3473,115556205,115554649,"0x0a Java Layer Dependent","0x11 this is a one-way call: async, no return; allow replies with file descriptors; "
4632,79546,79549,813350230859016,813350231089016,"binder transaction async","binder async rcv",3421,3468,1466,3362,115556206,115554652,"0x01 Java Layer Dependent","0x11 this is a one-way call: async, no return; allow replies with file descriptors; "
4633,79562,79563,813350231755630,813350231796463,"binder transaction async","binder async rcv",1466,3397,3421,3473,115556207,115554649,"0x0a Java Layer Dependent","0x11 this is a one-way call: async, no return; allow replies with file descriptors; "
4634,79564,79565,813350232199588,813350232250474,"binder transaction async","binder async rcv",3421,3468,1466,3362,115556208,115554652,"0x01 Java Layer Dependent","0x11 this is a one-way call: async, no return; allow replies with file descriptors; "
4635,79572,79573,813350232820526,813350232861411,"binder transaction async","binder async rcv",1466,3397,3421,3473,115556209,115554649,"0x0a Java Layer Dependent","0x11 this is a one-way call: async, no return; allow replies with file descriptors; "
4636,79574,79575,813350233175213,813350233223078,"binder transaction async","binder async rcv",3421,3468,1466,3362,115556210,115554652,"0x01 Java Layer Dependent","0x11 this is a one-way call: async, no return; allow replies with file descriptors; "
4637,79582,79583,813350233839276,813350233882505,"binder transaction async","binder async rcv",1466,3397,3421,3473,115556211,115554649,"0x0a Java Layer Dependent","0x11 this is a one-way call: async, no return; allow replies with file descriptors; "
4638,79584,79585,813350234194484,813350234235682,"binder transaction async","binder async rcv",3421,3468,1466,3362,115556212,115554652,"0x01 Java Layer Dependent","0x11 this is a one-way call: async, no return; allow replies with file descriptors; "
4639,79592,79593,813350234821724,813350234861099,"binder transaction async","binder async rcv",1466,3397,3421,3473,115556213,115554649,"0x0a Java Layer Dependent","0x11 this is a one-way call: async, no return; allow replies with file descriptors; "
4640,79594,79595,813350235249172,813350235562974,"binder transaction async","binder async rcv",3421,3468,1466,3362,115556214,115554652,"0x01 Java Layer Dependent","0x11 this is a one-way call: async, no return; allow replies with file descriptors; "
4641,79602,79603,813350236473391,813350236532349,"binder transaction async","binder async rcv",1466,3397,3421,3473,115556215,115554649,"0x0a Java Layer Dependent","0x11 this is a one-way call: async, no return; allow replies with file descriptors; "
4643,79606,79607,813350236864745,813350236922766,"binder transaction async","binder async rcv",3421,3468,1466,3362,115556217,115554652,"0x01 Java Layer Dependent","0x11 this is a one-way call: async, no return; allow replies with file descriptors; "
4644,79614,79615,813350237677401,813350237728391,"binder transaction async","binder async rcv",1466,3397,3421,3473,115556218,115554649,"0x0a Java Layer Dependent","0x11 this is a one-way call: async, no return; allow replies with file descriptors; "
4645,79616,79617,813350238098807,813350238152141,"binder transaction async","binder async rcv",3421,3468,1466,3362,115556219,115554652,"0x01 Java Layer Dependent","0x11 this is a one-way call: async, no return; allow replies with file descriptors; "
4646,79624,79625,813350238779641,813350238823443,"binder transaction async","binder async rcv",1466,3397,3421,3473,115556220,115554649,"0x0a Java Layer Dependent","0x11 this is a one-way call: async, no return; allow replies with file descriptors; "
4647,79626,79627,813350239172922,813350239218182,"binder transaction async","binder async rcv",3421,3468,1466,3362,115556221,115554652,"0x01 Java Layer Dependent","0x11 this is a one-way call: async, no return; allow replies with file descriptors; "
4648,79634,79635,813350239838911,813350239879120,"binder transaction async","binder async rcv",1466,3397,3421,3473,115556222,115554649,"0x0a Java Layer Dependent","0x11 this is a one-way call: async, no return; allow replies with file descriptors; "
4649,79636,79637,813350240205370,813350240245630,"binder transaction async","binder async rcv",3421,3468,1466,3362,115556223,115554652,"0x01 Java Layer Dependent","0x11 this is a one-way call: async, no return; allow replies with file descriptors; "
4650,79644,79645,813350240782453,813350240813651,"binder transaction async","binder async rcv",1466,3397,3421,3473,115556224,115554649,"0x0a Java Layer Dependent","0x11 this is a one-way call: async, no return; allow replies with file descriptors; "
4651,79646,79647,813350241126932,813350241166411,"binder transaction async","binder async rcv",3421,3468,1466,3362,115556225,115554652,"0x01 Java Layer Dependent","0x11 this is a one-way call: async, no return; allow replies with file descriptors; "
4653,79656,79657,813350241782870,813350241821203,"binder transaction async","binder async rcv",1466,3397,3421,3473,115556227,115554649,"0x0a Java Layer Dependent","0x11 this is a one-way call: async, no return; allow replies with file descriptors; "
4654,79658,79659,813350242111411,813350242149172,"binder transaction async","binder async rcv",3421,3468,1466,3362,115556228,115554652,"0x01 Java Layer Dependent","0x11 this is a one-way call: async, no return; allow replies with file descriptors; "
4655,79666,79667,813350242635943,813350242671151,"binder transaction async","binder async rcv",1466,3397,3421,3473,115556229,115554649,"0x0a Java Layer Dependent","0x11 this is a one-way call: async, no return; allow replies with file descriptors; "
4656,79668,79669,813350242936828,813350242979224,"binder transaction async","binder async rcv",3421,3468,1466,3362,115556230,115554652,"0x01 Java Layer Dependent","0x11 this is a one-way call: async, no return; allow replies with file descriptors; "
4657,79676,79677,813350243523443,813350243564797,"binder transaction async","binder async rcv",1466,3397,3421,3473,115556231,115554649,"0x0a Java Layer Dependent","0x11 this is a one-way call: async, no return; allow replies with file descriptors; "
4658,79678,79679,813350243877453,813350243924172,"binder transaction async","binder async rcv",3421,3468,1466,3362,115556232,115554652,"0x01 Java Layer Dependent","0x11 this is a one-way call: async, no return; allow replies with file descriptors; "
4659,79686,79687,813350244618338,813350244666672,"binder transaction async","binder async rcv",1466,3397,3421,3473,115556234,115554649,"0x0a Java Layer Dependent","0x11 this is a one-way call: async, no return; allow replies with file descriptors; "
4660,79690,79696,813350245032818,813350245294849,"binder transaction async","binder async rcv",3421,3468,1466,3362,115556235,115554652,"0x01 Java Layer Dependent","0x11 this is a one-way call: async, no return; allow replies with file descriptors; "
4661,79703,79704,813350245922922,813350245962974,"binder transaction async","binder async rcv",1466,3397,3421,3473,115556236,115554649,"0x0a Java Layer Dependent","0x11 this is a one-way call: async, no return; allow replies with file descriptors; "
4662,79705,79706,813350246265786,813350246321203,"binder transaction async","binder async rcv",3421,3468,1466,3362,115556237,115554652,"0x01 Java Layer Dependent","0x11 this is a one-way call: async, no return; allow replies with file descriptors; "
4664,79715,79716,813350246941151,813350246983911,"binder transaction async","binder async rcv",1466,3397,3421,3473,115556238,115554649,"0x0a Java Layer Dependent","0x11 this is a one-way call: async, no return; allow replies with file descriptors; "
4665,79717,79718,813350247285318,813350247327453,"binder transaction async","binder async rcv",3421,3468,1466,3362,115556239,115554652,"0x01 Java Layer Dependent","0x11 this is a one-way call: async, no return; allow replies with file descriptors; "
4666,79725,79726,813350247875109,813350247915109,"binder transaction async","binder async rcv",1466,3397,3421,3473,115556240,115554649,"0x0a Java Layer Dependent","0x11 this is a one-way call: async, no return; allow replies with file descriptors; "
4667,79727,79728,813350248218391,813350248266047,"binder transaction async","binder async rcv",3421,3468,1466,3362,115556241,115554652,"0x01 Java Layer Dependent","0x11 this is a one-way call: async, no return; allow replies with file descriptors; "
4668,79735,79736,813350248856724,813350248904172,"binder transaction async","binder async rcv",1466,3397,3421,3473,115556242,115554649,"0x0a Java Layer Dependent","0x11 this is a one-way call: async, no return; allow replies with file descriptors; "
4669,79737,79738,813350249242766,813350249287766,"binder transaction async","binder async rcv",3421,3468,1466,3362,115556243,115554652,"0x01 Java Layer Dependent","0x11 this is a one-way call: async, no return; allow replies with file descriptors; "
4670,79745,79746,813350249853078,813350249893859,"binder transaction async","binder async rcv",1466,3397,3421,3473,115556244,115554649,"0x0a Java Layer Dependent","0x11 this is a one-way call: async, no return; allow replies with file descriptors; "
4671,79747,79748,813350250186203,813350250234016,"binder transaction async","binder async rcv",3421,3468,1466,3362,115556245,115554652,"0x01 Java Layer Dependent","0x11 this is a one-way call: async, no return; allow replies with file descriptors; "
4672,79755,79756,813350250783026,813350250822036,"binder transaction async","binder async rcv",1466,3397,3421,3473,115556246,115554649,"0x0a Java Layer Dependent","0x11 this is a one-way call: async, no return; allow replies with file descriptors; "
4673,79757,79758,813350251145266,813350251189380,"binder transaction async","binder async rcv",3421,3468,1466,3362,115556247,115554652,"0x01 Java Layer Dependent","0x11 this is a one-way call: async, no return; allow replies with file descriptors; "
4674,79765,79766,813350251813807,813350251854276,"binder transaction async","binder async rcv",1466,3397,3421,3473,115556248,115554649,"0x0a Java Layer Dependent","0x11 this is a one-way call: async, no return; allow replies with file descriptors; "
4675,79767,79768,813350252186151,813350252235161,"binder transaction async","binder async rcv",3421,3468,1466,3362,115556249,115554652,"0x01 Java Layer Dependent","0x11 this is a one-way call: async, no return; allow replies with file descriptors; "
4676,79781,79782,813350252845057,813350252880995,"binder transaction async","binder async rcv",1466,3397,3421,3473,115556250,115554649,"0x0a Java Layer Dependent","0x11 this is a one-way call: async, no return; allow replies with file descriptors; "
4677,79783,79784,813350253165630,813350253211828,"binder transaction async","binder async rcv",3421,3468,1466,3362,115556251,115554652,"0x01 Java Layer Dependent","0x11 this is a one-way call: async, no return; allow replies with file descriptors; "
4679,79793,79794,813350253765005,813350253804953,"binder transaction async","binder async rcv",1466,3397,3421,3473,115556253,115554649,"0x0a Java Layer Dependent","0x11 this is a one-way call: async, no return; allow replies with file descriptors; "
4680,79795,79796,813350254116880,813350254161620,"binder transaction async","binder async rcv",3421,3468,1466,3362,115556254,115554652,"0x01 Java Layer Dependent","0x11 this is a one-way call: async, no return; allow replies with file descriptors; "
4681,79803,79804,813350254698234,813350254740526,"binder transaction async","binder async rcv",1466,3397,3421,3473,115556255,115554649,"0x0a Java Layer Dependent","0x11 this is a one-way call: async, no return; allow replies with file descriptors; "
4682,79805,79806,813350255044016,813350255084901,"binder transaction async","binder async rcv",3421,3468,1466,3362,115556256,115554652,"0x01 Java Layer Dependent","0x11 this is a one-way call: async, no return; allow replies with file descriptors; "
4683,79813,79814,813350255631568,813350255675213,"binder transaction async","binder async rcv",1466,3397,3421,3473,115556257,115554649,"0x0a Java Layer Dependent","0x11 this is a one-way call: async, no return; allow replies with file descriptors; "
4684,79815,79816,813350255957766,813350256000318,"binder transaction async","binder async rcv",3421,3468,1466,3362,115556258,115554652,"0x01 Java Layer Dependent","0x11 this is a one-way call: async, no return; allow replies with file descriptors; "
4685,79823,79824,813350256558391,813350256597661,"binder transaction async","binder async rcv",1466,3397,3421,3473,115556259,115554649,"0x0a Java Layer Dependent","0x11 this is a one-way call: async, no return; allow replies with file descriptors; "
4686,79825,79826,813350256873859,813350256918286,"binder transaction async","binder async rcv",3421,3468,1466,3362,115556260,115554652,"0x01 Java Layer Dependent","0x11 this is a one-way call: async, no return; allow replies with file descriptors; "
4689,79837,79838,813350257425734,813350257468234,"binder transaction async","binder async rcv",1466,3397,3421,3473,115556264,115554649,"0x0a Java Layer Dependent","0x11 this is a one-way call: async, no return; allow replies with file descriptors; "
4690,79845,79846,813350257792453,813350257848755,"binder transaction async","binder async rcv",3421,3468,1466,3362,115556266,115554652,"0x01 Java Layer Dependent","0x11 this is a one-way call: async, no return; allow replies with file descriptors; "
4691,79853,79854,813350258420370,813350258457193,"binder transaction async","binder async rcv",1466,3397,3421,3473,115556267,115554649,"0x0a Java Layer Dependent","0x11 this is a one-way call: async, no return; allow replies with file descriptors; "
4692,79855,79856,813350258757088,813350258800995,"binder transaction async","binder async rcv",3421,3468,1466,3362,115556268,115554652,"0x01 Java Layer Dependent","0x11 this is a one-way call: async, no return; allow replies with file descriptors; "
4693,79863,79864,813350259317036,813350259400109,"binder transaction async","binder async rcv",1466,3397,3421,3473,115556269,115554649,"0x0a Java Layer Dependent","0x11 this is a one-way call: async, no return; allow replies with file descriptors; "
4694,79867,79868,813350259744797,813350259943026,"binder transaction async","binder async rcv",3421,3468,1466,3362,115556270,115554652,"0x01 Java Layer Dependent","0x11 this is a one-way call: async, no return; allow replies with file descriptors; "
4695,79879,79880,813350260567245,813350260620057,"binder transaction async","binder async rcv",1466,3397,3421,3473,115556271,115554649,"0x0a Java Layer Dependent","0x11 this is a one-way call: async, no return; allow replies with file descriptors; "
4696,79881,79882,813350260935422,813350260991672,"binder transaction async","binder async rcv",3421,3468,1466,3362,115556272,115554652,"0x01 Java Layer Dependent","0x11 this is a one-way call: async, no return; allow replies with file descriptors; "
4697,79889,79890,813350261522453,813350261560786,"binder transaction async","binder async rcv",1466,3397,3421,3473,115556273,115554649,"0x0a Java Layer Dependent","0x11 this is a one-way call: async, no return; allow replies with file descriptors; "
4698,79891,79892,813350261842870,813350261881359,"binder transaction async","binder async rcv",3421,3468,1466,3362,115556274,115554652,"0x01 Java Layer Dependent","0x11 this is a one-way call: async, no return; allow replies with file descriptors; "
4699,79899,79900,813350262419641,813350262462401,"binder transaction async","binder async rcv",1466,3397,3421,3473,115556275,115554649,"0x0a Java Layer Dependent","0x11 this is a one-way call: async, no return; allow replies with file descriptors; "
4700,79901,79902,813350262737453,813350262779797,"binder transaction async","binder async rcv",3421,3468,1466,3362,115556276,115554652,"0x01 Java Layer Dependent","0x11 this is a one-way call: async, no return; allow replies with file descriptors; "
4701,79909,79910,813350263301151,813350263340786,"binder transaction async","binder async rcv",1466,3397,3421,3473,115556277,115554649,"0x0a Java Layer Dependent","0x11 this is a one-way call: async, no return; allow replies with file descriptors; "
4702,79911,79912,813350263643391,813350263684953,"binder transaction async","binder async rcv",3421,3468,1466,3362,115556278,115554652,"0x01 Java Layer Dependent","0x11 this is a one-way call: async, no return; allow replies with file descriptors; "
4703,79919,79920,813350264276984,813350264317088,"binder transaction async","binder async rcv",1466,3397,3421,3473,115556279,115554649,"0x0a Java Layer Dependent","0x11 this is a one-way call: async, no return; allow replies with file descriptors; "
4704,79921,79922,813350264605422,813350264650213,"binder transaction async","binder async rcv",3421,3468,1466,3362,115556280,115554652,"0x01 Java Layer Dependent","0x11 this is a one-way call: async, no return; allow replies with file descriptors; "
4705,79929,79930,813350265183703,813350265222088,"binder transaction async","binder async rcv",1466,3397,3421,3473,115556281,115554649,"0x0a Java Layer Dependent","0x11 this is a one-way call: async, no return; allow replies with file descriptors; "
4706,79931,79932,813350265504328,813350265547713,"binder transaction async","binder async rcv",3421,3468,1466,3362,115556282,115554652,"0x01 Java Layer Dependent","0x11 this is a one-way call: async, no return; allow replies with file descriptors; "
4707,79939,79940,813350266093234,813350266130838,"binder transaction async","binder async rcv",1466,3397,3421,3473,115556283,115554649,"0x0a Java Layer Dependent","0x11 this is a one-way call: async, no return; allow replies with file descriptors; "
4708,79941,79942,813350266404016,813350266447974,"binder transaction async","binder async rcv",3421,3468,1466,3362,115556284,115554652,"0x01 Java Layer Dependent","0x11 this is a one-way call: async, no return; allow replies with file descriptors; "
4709,79949,79950,813350266999849,813350267038391,"binder transaction async","binder async rcv",1466,3397,3421,3473,115556285,115554649,"0x0a Java Layer Dependent","0x11 this is a one-way call: async, no return; allow replies with file descriptors; "
4710,79951,79952,813350267359693,813350267434953,"binder transaction async","binder async rcv",3421,3468,1466,3362,115556286,115554652,"0x01 Java Layer Dependent","0x11 this is a one-way call: async, no return; allow replies with file descriptors; "
4711,79959,79960,813350267987088,813350268026307,"binder transaction async","binder async rcv",1466,3397,3421,3473,115556287,115554649,"0x0a Java Layer Dependent","0x11 this is a one-way call: async, no return; allow replies with file descriptors; "
4712,79961,79962,813350268382505,813350268429172,"binder transaction async","binder async rcv",3421,3468,1466,3362,115556288,115554652,"0x01 Java Layer Dependent","0x11 this is a one-way call: async, no return; allow replies with file descriptors; "
4713,79969,79970,813350268958651,813350269002088,"binder transaction async","binder async rcv",1466,3397,3421,3473,115556289,115554649,"0x0a Java Layer Dependent","0x11 this is a one-way call: async, no return; allow replies with file descriptors; "
4714,79971,79972,813350269287766,813350269334328,"binder transaction async","binder async rcv",3421,3468,1466,3362,115556290,115554652,"0x01 Java Layer Dependent","0x11 this is a one-way call: async, no return; allow replies with file descriptors; "
4715,79979,79980,813350269863911,813350269904120,"binder transaction async","binder async rcv",1466,3397,3421,3473,115556291,115554649,"0x0a Java Layer Dependent","0x11 this is a one-way call: async, no return; allow replies with file descriptors; "
4717,79983,79984,813350270179380,813350270217661,"binder transaction async","binder async rcv",3421,3468,1466,3362,115556293,115554652,"0x01 Java Layer Dependent","0x11 this is a one-way call: async, no return; allow replies with file descriptors; "
4718,79991,79992,813350270748703,813350270794172,"binder transaction async","binder async rcv",1466,3397,3421,3473,115556294,115554649,"0x0a Java Layer Dependent","0x11 this is a one-way call: async, no return; allow replies with file descriptors; "
4719,79993,79994,813350271099120,813350271143182,"binder transaction async","binder async rcv",3421,3468,1466,3362,115556295,115554652,"0x01 Java Layer Dependent","0x11 this is a one-way call: async, no return; allow replies with file descriptors; "
4720,80001,80002,813350271687661,813350271728391,"binder transaction async","binder async rcv",1466,3397,3421,3473,115556296,115554649,"0x0a Java Layer Dependent","0x11 this is a one-way call: async, no return; allow replies with file descriptors; "
4721,80003,80004,813350272017141,813350272062557,"binder transaction async","binder async rcv",3421,3468,1466,3362,115556297,115554652,"0x01 Java Layer Dependent","0x11 this is a one-way call: async, no return; allow replies with file descriptors; "
4722,80011,80012,813350272606880,813350272645578,"binder transaction async","binder async rcv",1466,3397,3421,3473,115556298,115554649,"0x0a Java Layer Dependent","0x11 this is a one-way call: async, no return; allow replies with file descriptors; "
4723,80013,80014,813350272916463,813350272960838,"binder transaction async","binder async rcv",3421,3468,1466,3362,115556299,115554652,"0x01 Java Layer Dependent","0x11 this is a one-way call: async, no return; allow replies with file descriptors; "
4724,80021,80022,813350273502609,813350273545943,"binder transaction async","binder async rcv",1466,3397,3421,3473,115556300,115554649,"0x0a Java Layer Dependent","0x11 this is a one-way call: async, no return; allow replies with file descriptors; "
4725,80023,80024,813350273860578,813350273904849,"binder transaction async","binder async rcv",3421,3468,1466,3362,115556301,115554652,"0x01 Java Layer Dependent","0x11 this is a one-way call: async, no return; allow replies with file descriptors; "
4726,80031,80032,813350274414588,813350274449328,"binder transaction async","binder async rcv",1466,3397,3421,3473,115556302,115554649,"0x0a Java Layer Dependent","0x11 this is a one-way call: async, no return; allow replies with file descriptors; "
4727,80033,80034,813350274718599,813350274759797,"binder transaction async","binder async rcv",3421,3468,1466,3362,115556303,115554652,"0x01 Java Layer Dependent","0x11 this is a one-way call: async, no return; allow replies with file descriptors; "
4728,80041,80042,813350275290734,813350275331307,"binder transaction async","binder async rcv",1466,3397,3421,3473,115556304,115554649,"0x0a Java Layer Dependent","0x11 this is a one-way call: async, no return; allow replies with file descriptors; "
4729,80043,80044,813350275633651,813350275679224,"binder transaction async","binder async rcv",3421,3468,1466,3362,115556305,115554652,"0x01 Java Layer Dependent","0x11 this is a one-way call: async, no return; allow replies with file descriptors; "
4730,80051,80052,813350276309484,813350276353026,"binder transaction async","binder async rcv",1466,3397,3421,3473,115556306,115554649,"0x0a Java Layer Dependent","0x11 this is a one-way call: async, no return; allow replies with file descriptors; "
4731,80053,80054,813350276634693,813350276678963,"binder transaction async","binder async rcv",3421,3468,1466,3362,115556307,115554652,"0x01 Java Layer Dependent","0x11 this is a one-way call: async, no return; allow replies with file descriptors; "
4732,80061,80062,813350277202193,813350277243599,"binder transaction async","binder async rcv",1466,3397,3421,3473,115556308,115554649,"0x0a Java Layer Dependent","0x11 this is a one-way call: async, no return; allow replies with file descriptors; "
4733,80063,80064,813350277529172,813350277569849,"binder transaction async","binder async rcv",3421,3468,1466,3362,115556309,115554652,"0x01 Java Layer Dependent","0x11 this is a one-way call: async, no return; allow replies with file descriptors; "
4734,80071,80072,813350278095005,813350278128338,"binder transaction async","binder async rcv",1466,3397,3421,3473,115556310,115554649,"0x0a Java Layer Dependent","0x11 this is a one-way call: async, no return; allow replies with file descriptors; "
4735,80073,80074,813350278391932,813350278434380,"binder transaction async","binder async rcv",3421,3468,1466,3362,115556311,115554652,"0x01 Java Layer Dependent","0x11 this is a one-way call: async, no return; allow replies with file descriptors; "
4736,80081,80082,813350278983286,813350279023234,"binder transaction async","binder async rcv",1466,3397,3421,3473,115556312,115554649,"0x0a Java Layer Dependent","0x11 this is a one-way call: async, no return; allow replies with file descriptors; "
4737,80083,80084,813350279332141,813350279372401,"binder transaction async","binder async rcv",3421,3468,1466,3362,115556313,115554652,"0x01 Java Layer Dependent","0x11 this is a one-way call: async, no return; allow replies with file descriptors; "
4738,80091,80092,813350279901568,813350279937922,"binder transaction async","binder async rcv",1466,3397,3421,3473,115556314,115554649,"0x0a Java Layer Dependent","0x11 this is a one-way call: async, no return; allow replies with file descriptors; "
4739,80093,80094,813350280254641,813350280296411,"binder transaction async","binder async rcv",3421,3468,1466,3362,115556315,115554652,"0x01 Java Layer Dependent","0x11 this is a one-way call: async, no return; allow replies with file descriptors; "
4740,80101,80102,813350280818911,813350280858755,"binder transaction async","binder async rcv",1466,3397,3421,3473,115556316,115554649,"0x0a Java Layer Dependent","0x11 this is a one-way call: async, no return; allow replies with file descriptors; "
4741,80103,80104,813350281141151,813350281183130,"binder transaction async","binder async rcv",3421,3468,1466,3362,115556317,115554652,"0x01 Java Layer Dependent","0x11 this is a one-way call: async, no return; allow replies with file descriptors; "
4742,80111,80112,813350281707245,813350281745005,"binder transaction async","binder async rcv",1466,3397,3421,3473,115556318,115554649,"0x0a Java Layer Dependent","0x11 this is a one-way call: async, no return; allow replies with file descriptors; "
4743,80113,80114,813350282014536,813350282058911,"binder transaction async","binder async rcv",3421,3468,1466,3362,115556319,115554652,"0x01 Java Layer Dependent","0x11 this is a one-way call: async, no return; allow replies with file descriptors; "
4744,80121,80122,813350282586984,813350282626620,"binder transaction async","binder async rcv",1466,3397,3421,3473,115556320,115554649,"0x0a Java Layer Dependent","0x11 this is a one-way call: async, no return; allow replies with file descriptors; "
4745,80123,80124,813350282953130,813350282995838,"binder transaction async","binder async rcv",3421,3468,1466,3362,115556321,115554652,"0x01 Java Layer Dependent","0x11 this is a one-way call: async, no return; allow replies with file descriptors; "
4746,80131,80132,813350283527245,813350283570734,"binder transaction async","binder async rcv",1466,3397,3421,3473,115556322,115554649,"0x0a Java Layer Dependent","0x11 this is a one-way call: async, no return; allow replies with file descriptors; "
4747,80133,80134,813350283868391,813350283911047,"binder transaction async","binder async rcv",3421,3468,1466,3362,115556323,115554652,"0x01 Java Layer Dependent","0x11 this is a one-way call: async, no return; allow replies with file descriptors; "
4748,80143,80145,813350284553651,813350284590474,"binder transaction async","binder async rcv",1466,3397,3421,3473,115556324,115554649,"0x0a Java Layer Dependent","0x11 this is a one-way call: async, no return; allow replies with file descriptors; "
4749,80149,80150,813350284867088,813350284917818,"binder transaction async","binder async rcv",3421,3468,1466,3362,115556325,115554652,"0x01 Java Layer Dependent","0x11 this is a one-way call: async, no return; allow replies with file descriptors; "
4750,80157,80158,813350285466932,813350285503859,"binder transaction async","binder async rcv",1466,3397,3421,3473,115556326,115554649,"0x0a Java Layer Dependent","0x11 this is a one-way call: async, no return; allow replies with file descriptors; "
4751,80159,80160,813350285780057,813350285824120,"binder transaction async","binder async rcv",3421,3468,1466,3362,115556327,115554652,"0x01 Java Layer Dependent","0x11 this is a one-way call: async, no return; allow replies with file descriptors; "
4752,80167,80168,813350286358078,813350286395578,"binder transaction async","binder async rcv",1466,3397,3421,3473,115556328,115554649,"0x0a Java Layer Dependent","0x11 this is a one-way call: async, no return; allow replies with file descriptors; "
4753,80169,80171,813350286677141,813350286719380,"binder transaction async","binder async rcv",3421,3468,1466,3362,115556329,115554652,"0x01 Java Layer Dependent","0x11 this is a one-way call: async, no return; allow replies with file descriptors; "
4755,80179,80180,813350287226516,813350287260318,"binder transaction async","binder async rcv",1466,3397,3421,3473,115556331,115554649,"0x0a Java Layer Dependent","0x11 this is a one-way call: async, no return; allow replies with file descriptors; "
4757,80183,80184,813350287545734,813350287587870,"binder transaction async","binder async rcv",3421,3468,1466,3362,115556334,115554652,"0x01 Java Layer Dependent","0x11 this is a one-way call: async, no return; allow replies with file descriptors; "
4758,80191,80192,813350288167766,813350288204484,"binder transaction async","binder async rcv",1466,3397,3421,3473,115556335,115554649,"0x0a Java Layer Dependent","0x11 this is a one-way call: async, no return; allow replies with file descriptors; "
4759,80193,80194,813350288503443,813350288545995,"binder transaction async","binder async rcv",3421,3468,1466,3362,115556336,115554652,"0x01 Java Layer Dependent","0x11 this is a one-way call: async, no return; allow replies with file descriptors; "
4760,80201,80202,813350289090995,813350289129693,"binder transaction async","binder async rcv",1466,3397,3421,3473,115556337,115554649,"0x0a Java Layer Dependent","0x11 this is a one-way call: async, no return; allow replies with file descriptors; "
4761,80203,80204,813350289429849,813350289470161,"binder transaction async","binder async rcv",3421,3468,1466,3362,115556338,115554652,"0x01 Java Layer Dependent","0x11 this is a one-way call: async, no return; allow replies with file descriptors; "
4763,80213,80214,813350289987974,813350290023182,"binder transaction async","binder async rcv",1466,3397,3421,3473,115556340,115554649,"0x0a Java Layer Dependent","0x11 this is a one-way call: async, no return; allow replies with file descriptors; "
4764,80215,80216,813350290306932,813350290350109,"binder transaction async","binder async rcv",3421,3468,1466,3362,115556341,115554652,"0x01 Java Layer Dependent","0x11 this is a one-way call: async, no return; allow replies with file descriptors; "
4765,80223,80224,813350290909120,813350290957349,"binder transaction async","binder async rcv",1466,3397,3421,3473,115556342,115554649,"0x0a Java Layer Dependent","0x11 this is a one-way call: async, no return; allow replies with file descriptors; "
4766,80225,80226,813350291249797,813350291295057,"binder transaction async","binder async rcv",3421,3468,1466,3362,115556343,115554652,"0x01 Java Layer Dependent","0x11 this is a one-way call: async, no return; allow replies with file descriptors; "
4767,80233,80234,813350291838859,813350291877609,"binder transaction async","binder async rcv",1466,3397,3421,3473,115556344,115554649,"0x0a Java Layer Dependent","0x11 this is a one-way call: async, no return; allow replies with file descriptors; "
4768,80235,80236,813350292253026,813350292278703,"binder transaction async","binder async rcv",3421,3468,1466,3362,115556345,115554652,"0x01 Java Layer Dependent","0x11 this is a one-way call: async, no return; allow replies with file descriptors; "
4769,80243,80244,813350292791880,813350292832818,"binder transaction async","binder async rcv",1466,3397,3421,3473,115556346,115554649,"0x0a Java Layer Dependent","0x11 this is a one-way call: async, no return; allow replies with file descriptors; "
4770,80245,80246,813350293136932,813350293179588,"binder transaction async","binder async rcv",3421,3468,1466,3362,115556347,115554652,"0x01 Java Layer Dependent","0x11 this is a one-way call: async, no return; allow replies with file descriptors; "
4771,80253,80254,813350293721047,813350293760161,"binder transaction async","binder async rcv",1466,3397,3421,3473,115556348,115554649,"0x0a Java Layer Dependent","0x11 this is a one-way call: async, no return; allow replies with file descriptors; "
4772,80255,80256,813350294033286,813350294076932,"binder transaction async","binder async rcv",3421,3468,1466,3362,115556349,115554652,"0x01 Java Layer Dependent","0x11 this is a one-way call: async, no return; allow replies with file descriptors; "
4773,80263,80264,813350294600266,813350294636359,"binder transaction async","binder async rcv",1466,3397,3421,3473,115556350,115554649,"0x0a Java Layer Dependent","0x11 this is a one-way call: async, no return; allow replies with file descriptors; "
4774,80265,80266,813350294939588,813350294978963,"binder transaction async","binder async rcv",3421,3468,1466,3362,115556351,115554652,"0x01 Java Layer Dependent","0x11 this is a one-way call: async, no return; allow replies with file descriptors; "
4775,80273,80274,813350295483338,813350295519641,"binder transaction async","binder async rcv",1466,3397,3421,3473,115556352,115554649,"0x0a Java Layer Dependent","0x11 this is a one-way call: async, no return; allow replies with file descriptors; "
4776,80275,80276,813350295793286,813350295837141,"binder transaction async","binder async rcv",3421,3468,1466,3362,115556353,115554652,"0x01 Java Layer Dependent","0x11 this is a one-way call: async, no return; allow replies with file descriptors; "
4777,80283,80284,813350296399849,813350296437505,"binder transaction async","binder async rcv",1466,3397,3421,3473,115556354,115554649,"0x0a Java Layer Dependent","0x11 this is a one-way call: async, no return; allow replies with file descriptors; "
4778,80285,80286,813350296708026,813350296753234,"binder transaction async","binder async rcv",3421,3468,1466,3362,115556355,115554652,"0x01 Java Layer Dependent","0x11 this is a one-way call: async, no return; allow replies with file descriptors; "
4779,80293,80294,813350297312713,813350297355266,"binder transaction async","binder async rcv",1466,3397,3421,3473,115556356,115554649,"0x0a Java Layer Dependent","0x11 this is a one-way call: async, no return; allow replies with file descriptors; "
4780,80295,80296,813350297680005,813350297722141,"binder transaction async","binder async rcv",3421,3468,1466,3362,115556357,115554652,"0x01 Java Layer Dependent","0x11 this is a one-way call: async, no return; allow replies with file descriptors; "
4781,80303,80304,813350298253859,813350298296047,"binder transaction async","binder async rcv",1466,3397,3421,3473,115556358,115554649,"0x0a Java Layer Dependent","0x11 this is a one-way call: async, no return; allow replies with file descriptors; "
4782,80305,80306,813350298581932,813350298625630,"binder transaction async","binder async rcv",3421,3468,1466,3362,115556359,115554652,"0x01 Java Layer Dependent","0x11 this is a one-way call: async, no return; allow replies with file descriptors; "
4783,80313,80314,813350299144068,813350299179380,"binder transaction async","binder async rcv",1466,3397,3421,3473,115556360,115554649,"0x0a Java Layer Dependent","0x11 this is a one-way call: async, no return; allow replies with file descriptors; "
4784,80317,80318,813350299580266,813350299822349,"binder transaction async","binder async rcv",3421,3468,1466,3362,115556361,115554652,"0x01 Java Layer Dependent","0x11 this is a one-way call: async, no return; allow replies with file descriptors; "
4785,80325,80326,813350300502453,813350300543130,"binder transaction async","binder async rcv",1466,3397,3421,3473,115556362,115554649,"0x0a Java Layer Dependent","0x11 this is a one-way call: async, no return; allow replies with file descriptors; "
4786,80329,80334,813350300845266,813350300975526,"binder transaction async","binder async rcv",3421,3468,1466,3362,115556363,115554652,"0x01 Java Layer Dependent","0x11 this is a one-way call: async, no return; allow replies with file descriptors; "
4787,80341,80342,813350301483495,813350301524849,"binder transaction async","binder async rcv",1466,3397,3421,3473,115556364,115554649,"0x0a Java Layer Dependent","0x11 this is a one-way call: async, no return; allow replies with file descriptors; "
4788,80343,80344,813350301827453,813350301892818,"binder transaction async","binder async rcv",3421,3468,1466,3362,115556365,115554652,"0x01 Java Layer Dependent","0x11 this is a one-way call: async, no return; allow replies with file descriptors; "
4789,80351,80352,813350302416463,813350302460422,"binder transaction async","binder async rcv",1466,3397,3421,3473,115556366,115554649,"0x0a Java Layer Dependent","0x11 this is a one-way call: async, no return; allow replies with file descriptors; "
4790,80353,80354,813350302805370,813350302852401,"binder transaction async","binder async rcv",3421,3468,1466,3362,115556367,115554652,"0x01 Java Layer Dependent","0x11 this is a one-way call: async, no return; allow replies with file descriptors; "
4791,80365,80366,813350303371568,813350303414224,"binder transaction async","binder async rcv",1466,3397,3421,3473,115556368,115554649,"0x0a Java Layer Dependent","0x11 this is a one-way call: async, no return; allow replies with file descriptors; "
4792,80367,80368,813350303776724,813350303824641,"binder transaction async","binder async rcv",3421,3468,1466,3362,115556369,115554652,"0x01 Java Layer Dependent","0x11 this is a one-way call: async, no return; allow replies with file descriptors; "
4793,80375,80376,813350304374641,813350304424224,"binder transaction async","binder async rcv",1466,3397,3421,3473,115556370,115554649,"0x0a Java Layer Dependent","0x11 this is a one-way call: async, no return; allow replies with file descriptors; "
4794,80377,80378,813350304753807,813350304801047,"binder transaction async","binder async rcv",3421,3468,1466,3362,115556371,115554652,"0x01 Java Layer Dependent","0x11 this is a one-way call: async, no return; allow replies with file descriptors; "
4795,80385,80386,813350305310682,813350305351411,"binder transaction async","binder async rcv",1466,3397,3421,3473,115556372,115554649,"0x0a Java Layer Dependent","0x11 this is a one-way call: async, no return; allow replies with file descriptors; "
4796,80387,80388,813350305672088,813350305717349,"binder transaction async","binder async rcv",3421,3468,1466,3362,115556373,115554652,"0x01 Java Layer Dependent","0x11 this is a one-way call: async, no return; allow replies with file descriptors; "
4797,80395,80396,813350306176984,813350306217401,"binder transaction async","binder async rcv",1466,3397,3421,3473,115556374,115554649,"0x0a Java Layer Dependent","0x11 this is a one-way call: async, no return; allow replies with file descriptors; "
4798,80397,80398,813350306514588,813350306560318,"binder transaction async","binder async rcv",3421,3468,1466,3362,115556375,115554652,"0x01 Java Layer Dependent","0x11 this is a one-way call: async, no return; allow replies with file descriptors; "
4799,80405,80406,813350307040005,813350307078599,"binder transaction async","binder async rcv",1466,3397,3421,3473,115556376,115554649,"0x0a Java Layer Dependent","0x11 this is a one-way call: async, no return; allow replies with file descriptors; "
4800,80407,80408,813350307391463,813350307487297,"binder transaction async","binder async rcv",3421,3468,1466,3362,115556377,115554652,"0x01 Java Layer Dependent","0x11 this is a one-way call: async, no return; allow replies with file descriptors; "
4801,80415,80416,813350307965005,813350308006932,"binder transaction async","binder async rcv",1466,3397,3421,3473,115556378,115554649,"0x0a Java Layer Dependent","0x11 this is a one-way call: async, no return; allow replies with file descriptors; "
4802,80417,80418,813350308361776,813350308406620,"binder transaction async","binder async rcv",3421,3468,1466,3362,115556379,115554652,"0x01 Java Layer Dependent","0x11 this is a one-way call: async, no return; allow replies with file descriptors; "
4803,80425,80426,813350308896047,813350308936568,"binder transaction async","binder async rcv",1466,3397,3421,3473,115556380,115554649,"0x0a Java Layer Dependent","0x11 this is a one-way call: async, no return; allow replies with file descriptors; "
4804,80427,80428,813350309226307,813350309268963,"binder transaction async","binder async rcv",3421,3468,1466,3362,115556381,115554652,"0x01 Java Layer Dependent","0x11 this is a one-way call: async, no return; allow replies with file descriptors; "
4805,80435,80436,813350309724536,813350309759588,"binder transaction async","binder async rcv",1466,3397,3421,3473,115556382,115554649,"0x0a Java Layer Dependent","0x11 this is a one-way call: async, no return; allow replies with file descriptors; "
4806,80437,80438,813350310043963,813350310087505,"binder transaction async","binder async rcv",3421,3468,1466,3362,115556383,115554652,"0x01 Java Layer Dependent","0x11 this is a one-way call: async, no return; allow replies with file descriptors; "
4807,80445,80446,813350310559068,813350310597036,"binder transaction async","binder async rcv",1466,3397,3421,3473,115556384,115554649,"0x0a Java Layer Dependent","0x11 this is a one-way call: async, no return; allow replies with file descriptors; "
4808,80447,80448,813350310880630,813350310930005,"binder transaction async","binder async rcv",3421,3468,1466,3362,115556385,115554652,"0x01 Java Layer Dependent","0x11 this is a one-way call: async, no return; allow replies with file descriptors; "
4809,80455,80456,813350311426255,813350311470005,"binder transaction async","binder async rcv",1466,3397,3421,3473,115556386,115554649,"0x0a Java Layer Dependent","0x11 this is a one-way call: async, no return; allow replies with file descriptors; "
4810,80457,80458,813350311775786,813350311824953,"binder transaction async","binder async rcv",3421,3468,1466,3362,115556387,115554652,"0x01 Java Layer Dependent","0x11 this is a one-way call: async, no return; allow replies with file descriptors; "
4811,80465,80466,813350312343703,813350312389276,"binder transaction async","binder async rcv",1466,3397,3421,3473,115556388,115554649,"0x0a Java Layer Dependent","0x11 this is a one-way call: async, no return; allow replies with file descriptors; "
4812,80467,80468,813350312702140,813350312748078,"binder transaction async","binder async rcv",3421,3468,1466,3362,115556389,115554652,"0x01 Java Layer Dependent","0x11 this is a one-way call: async, no return; allow replies with file descriptors; "
4813,80475,80476,813350313255213,813350313300265,"binder transaction async","binder async rcv",1466,3397,3421,3473,115556390,115554649,"0x0a Java Layer Dependent","0x11 this is a one-way call: async, no return; allow replies with file descriptors; "
4814,80477,80478,813350313590526,813350313635526,"binder transaction async","binder async rcv",3421,3468,1466,3362,115556391,115554652,"0x01 Java Layer Dependent","0x11 this is a one-way call: async, no return; allow replies with file descriptors; "
4815,80485,80486,813350314136880,813350314180161,"binder transaction async","binder async rcv",1466,3397,3421,3473,115556392,115554649,"0x0a Java Layer Dependent","0x11 this is a one-way call: async, no return; allow replies with file descriptors; "
4816,80487,80488,813350314467609,813350314511463,"binder transaction async","binder async rcv",3421,3468,1466,3362,115556393,115554652,"0x01 Java Layer Dependent","0x11 this is a one-way call: async, no return; allow replies with file descriptors; "
4817,80495,80496,813350315003495,813350315044640,"binder transaction async","binder async rcv",1466,3397,3421,3473,115556394,115554649,"0x0a Java Layer Dependent","0x11 this is a one-way call: async, no return; allow replies with file descriptors; "
4818,80500,80502,813350315446568,813350315497245,"binder transaction async","binder async rcv",3421,3468,1466,3362,115556395,115554652,"0x01 Java Layer Dependent","0x11 this is a one-way call: async, no return; allow replies with file descriptors; "
4819,80511,80512,813350316035943,813350316079120,"binder transaction async","binder async rcv",1466,3397,3421,3473,115556396,115554649,"0x0a Java Layer Dependent","0x11 this is a one-way call: async, no return; allow replies with file descriptors; "
4820,80513,80514,813350316530734,813350316577453,"binder transaction async","binder async rcv",3421,3468,1466,3362,115556397,115554652,"0x01 Java Layer Dependent","0x11 this is a one-way call: async, no return; allow replies with file descriptors; "
4821,80521,80522,813350317150213,813350317192818,"binder transaction async","binder async rcv",1466,3397,3421,3473,115556398,115554649,"0x0a Java Layer Dependent","0x11 this is a one-way call: async, no return; allow replies with file descriptors; "
4822,80523,80524,813350317521307,813350317570474,"binder transaction async","binder async rcv",3421,3468,1466,3362,115556399,115554652,"0x01 Java Layer Dependent","0x11 this is a one-way call: async, no return; allow replies with file descriptors; "
4823,80531,80532,813350318108338,813350318146255,"binder transaction async","binder async rcv",1466,3397,3421,3473,115556400,115554649,"0x0a Java Layer Dependent","0x11 this is a one-way call: async, no return; allow replies with file descriptors; "
4824,80533,80534,813350318447245,813350318493130,"binder transaction async","binder async rcv",3421,3468,1466,3362,115556401,115554652,"0x01 Java Layer Dependent","0x11 this is a one-way call: async, no return; allow replies with file descriptors; "
4825,80541,80542,813350319120422,813350319158443,"binder transaction async","binder async rcv",1466,3397,3421,3473,115556402,115554649,"0x0a Java Layer Dependent","0x11 this is a one-way call: async, no return; allow replies with file descriptors; "
4826,80543,80544,813350319474693,813350319520838,"binder transaction async","binder async rcv",3421,3468,1466,3362,115556403,115554652,"0x01 Java Layer Dependent","0x11 this is a one-way call: async, no return; allow replies with file descriptors; "
4827,80551,80552,813350320050318,813350320112661,"binder transaction async","binder async rcv",1466,3397,3421,3473,115556404,115554649,"0x0a Java Layer Dependent","0x11 this is a one-way call: async, no return; allow replies with file descriptors; "
4828,80553,80554,813350320412609,813350320456307,"binder transaction async","binder async rcv",3421,3468,1466,3362,115556405,115554652,"0x01 Java Layer Dependent","0x11 this is a one-way call: async, no return; allow replies with file descriptors; "
4829,80561,80562,813350321019172,813350321062505,"binder transaction async","binder async rcv",1466,3397,3421,3473,115556406,115554649,"0x0a Java Layer Dependent","0x11 this is a one-way call: async, no return; allow replies with file descriptors; "
4830,80563,80564,813350321381880,813350321425995,"binder transaction async","binder async rcv",3421,3468,1466,3362,115556407,115554652,"0x01 Java Layer Dependent","0x11 this is a one-way call: async, no return; allow replies with file descriptors; "
4831,80571,80572,813350321974797,813350322018130,"binder transaction async","binder async rcv",1466,3397,3421,3473,115556408,115554649,"0x0a Java Layer Dependent","0x11 this is a one-way call: async, no return; allow replies with file descriptors; "
4832,80573,80574,813350322308130,813350322354588,"binder transaction async","binder async rcv",3421,3468,1466,3362,115556409,115554652,"0x01 Java Layer Dependent","0x11 this is a one-way call: async, no return; allow replies with file descriptors; "
4833,80581,80582,813350322931984,813350322977974,"binder transaction async","binder async rcv",1466,3397,3421,3473,115556410,115554649,"0x0a Java Layer Dependent","0x11 this is a one-way call: async, no return; allow replies with file descriptors; "
4834,80583,80584,813350323279693,813350323330838,"binder transaction async","binder async rcv",3421,3468,1466,3362,115556411,115554652,"0x01 Java Layer Dependent","0x11 this is a one-way call: async, no return; allow replies with file descriptors; "
4835,80591,80592,813350323892765,813350323931568,"binder transaction async","binder async rcv",1466,3397,3421,3473,115556412,115554649,"0x0a Java Layer Dependent","0x11 this is a one-way call: async, no return; allow replies with file descriptors; "
4836,80593,80594,813350324300474,813350324349015,"binder transaction async","binder async rcv",3421,3468,1466,3362,115556413,115554652,"0x01 Java Layer Dependent","0x11 this is a one-way call: async, no return; allow replies with file descriptors; "
4837,80601,80602,813350324949536,813350324994953,"binder transaction async","binder async rcv",1466,3397,3421,3473,115556414,115554649,"0x0a Java Layer Dependent","0x11 this is a one-way call: async, no return; allow replies with file descriptors; "
4838,80603,80604,813350325288963,813350325331463,"binder transaction async","binder async rcv",3421,3468,1466,3362,115556415,115554652,"0x01 Java Layer Dependent","0x11 this is a one-way call: async, no return; allow replies with file descriptors; "
4839,80611,80612,813350325877245,813350325919536,"binder transaction async","binder async rcv",1466,3397,3421,3473,115556416,115554649,"0x0a Java Layer Dependent","0x11 this is a one-way call: async, no return; allow replies with file descriptors; "
4840,80613,80614,813350326212609,813350326260630,"binder transaction async","binder async rcv",3421,3468,1466,3362,115556417,115554652,"0x01 Java Layer Dependent","0x11 this is a one-way call: async, no return; allow replies with file descriptors; "
4841,80621,80622,813350326836880,813350326883390,"binder transaction async","binder async rcv",1466,3397,3421,3473,115556418,115554649,"0x0a Java Layer Dependent","0x11 this is a one-way call: async, no return; allow replies with file descriptors; "
4842,80623,80624,813350327184640,813350327233390,"binder transaction async","binder async rcv",3421,3468,1466,3362,115556419,115554652,"0x01 Java Layer Dependent","0x11 this is a one-way call: async, no return; allow replies with file descriptors; "
4843,80631,80632,813350327768651,813350327811984,"binder transaction async","binder async rcv",1466,3397,3421,3473,115556420,115554649,"0x0a Java Layer Dependent","0x11 this is a one-way call: async, no return; allow replies with file descriptors; "
4844,80633,80634,813350328168963,813350328208443,"binder transaction async","binder async rcv",3421,3468,1466,3362,115556421,115554652,"0x01 Java Layer Dependent","0x11 this is a one-way call: async, no return; allow replies with file descriptors; "
4846,80643,80644,813350328725734,813350328763130,"binder transaction async","binder async rcv",1466,3397,3421,3473,115556423,115554649,"0x0a Java Layer Dependent","0x11 this is a one-way call: async, no return; allow replies with file descriptors; "
4847,80645,80646,813350329059380,813350329105474,"binder transaction async","binder async rcv",3421,3468,1466,3362,115556425,115554652,"0x01 Java Layer Dependent","0x11 this is a one-way call: async, no return; allow replies with file descriptors; "
4850,80656,80658,813350329645422,813350329681984,"binder transaction async","binder async rcv",1466,3397,3421,3473,115556429,115554649,"0x0a Java Layer Dependent","0x11 this is a one-way call: async, no return; allow replies with file descriptors; "
4851,80662,80667,813350329954276,813350330150943,"binder transaction async","binder async rcv",3421,3468,1466,3362,115556431,115554652,"0x01 Java Layer Dependent","0x11 this is a one-way call: async, no return; allow replies with file descriptors; "
4852,80702,80705,813350330783130,813350330824640,"binder transaction async","binder async rcv",1466,3397,3421,3473,115556432,115554649,"0x0a Java Layer Dependent","0x11 this is a one-way call: async, no return; allow replies with file descriptors; "
4853,80722,80723,813350331110630,813350331180370,"binder transaction async","binder async rcv",3421,3468,1466,3362,115556433,115554652,"0x01 Java Layer Dependent","0x11 this is a one-way call: async, no return; allow replies with file descriptors; "
4855,80732,80733,813350331741828,813350331786411,"binder transaction async","binder async rcv",1466,3397,3421,3473,115556435,115554649,"0x0a Java Layer Dependent","0x11 this is a one-way call: async, no return; allow replies with file descriptors; "
4856,80734,80735,813350332166620,813350332210682,"binder transaction async","binder async rcv",3421,3468,1466,3362,115556437,115554652,"0x01 Java Layer Dependent","0x11 this is a one-way call: async, no return; allow replies with file descriptors; "
4857,80742,80743,813350332761568,813350332799276,"binder transaction async","binder async rcv",1466,3397,3421,3473,115556438,115554649,"0x0a Java Layer Dependent","0x11 this is a one-way call: async, no return; allow replies with file descriptors; "
4858,80744,80745,813350333101463,813350333149068,"binder transaction async","binder async rcv",3421,3468,1466,3362,115556439,115554652,"0x01 Java Layer Dependent","0x11 this is a one-way call: async, no return; allow replies with file descriptors; "
4859,80752,80753,813350333705890,813350333747765,"binder transaction async","binder async rcv",1466,3397,3421,3473,115556440,115554649,"0x0a Java Layer Dependent","0x11 this is a one-way call: async, no return; allow replies with file descriptors; "
4860,80754,80755,813350334044328,813350334088651,"binder transaction async","binder async rcv",3421,3468,1466,3362,115556441,115554652,"0x01 Java Layer Dependent","0x11 this is a one-way call: async, no return; allow replies with file descriptors; "
4861,80762,80763,813350334601151,813350334639901,"binder transaction async","binder async rcv",1466,3397,3421,3473,115556442,115554649,"0x0a Java Layer Dependent","0x11 this is a one-way call: async, no return; allow replies with file descriptors; "
4862,80764,80765,813350334935213,813350334978338,"binder transaction async","binder async rcv",3421,3468,1466,3362,115556443,115554652,"0x01 Java Layer Dependent","0x11 this is a one-way call: async, no return; allow replies with file descriptors; "
4863,80772,80773,813350335517557,813350335559640,"binder transaction async","binder async rcv",1466,3397,3421,3473,115556444,115554649,"0x0a Java Layer Dependent","0x11 this is a one-way call: async, no return; allow replies with file descriptors; "
4864,80774,80775,813350335845786,813350336045578,"binder transaction async","binder async rcv",3421,3468,1466,3362,115556445,115554652,"0x01 Java Layer Dependent","0x11 this is a one-way call: async, no return; allow replies with file descriptors; "
4865,80782,80783,813350336630890,813350336678859,"binder transaction async","binder async rcv",1466,3397,3421,3473,115556446,115554649,"0x0a Java Layer Dependent","0x11 this is a one-way call: async, no return; allow replies with file descriptors; "
4866,80784,80785,813350336982297,813350337037453,"binder transaction async","binder async rcv",3421,3468,1466,3362,115556447,115554652,"0x01 Java Layer Dependent","0x11 this is a one-way call: async, no return; allow replies with file descriptors; "
4867,80792,80793,813350337625057,813350337665734,"binder transaction async","binder async rcv",1466,3397,3421,3473,115556448,115554649,"0x0a Java Layer Dependent","0x11 this is a one-way call: async, no return; allow replies with file descriptors; "
4868,80794,80795,813350337999640,813350338043390,"binder transaction async","binder async rcv",3421,3468,1466,3362,115556449,115554652,"0x01 Java Layer Dependent","0x11 this is a one-way call: async, no return; allow replies with file descriptors; "
4869,80802,80803,813350338579172,813350338618807,"binder transaction async","binder async rcv",1466,3397,3421,3473,115556450,115554649,"0x0a Java Layer Dependent","0x11 this is a one-way call: async, no return; allow replies with file descriptors; "
4870,80804,80805,813350338920057,813350338961515,"binder transaction async","binder async rcv",3421,3468,1466,3362,115556451,115554652,"0x01 Java Layer Dependent","0x11 this is a one-way call: async, no return; allow replies with file descriptors; "
4871,80812,80813,813350339550578,813350339592609,"binder transaction async","binder async rcv",1466,3397,3421,3473,115556452,115554649,"0x0a Java Layer Dependent","0x11 this is a one-way call: async, no return; allow replies with file descriptors; "
4872,80814,80815,813350339895005,813350339941932,"binder transaction async","binder async rcv",3421,3468,1466,3362,115556453,115554652,"0x01 Java Layer Dependent","0x11 this is a one-way call: async, no return; allow replies with file descriptors; "
4873,80822,80823,813350340470318,813350340505474,"binder transaction async","binder async rcv",1466,3397,3421,3473,115556454,115554649,"0x0a Java Layer Dependent","0x11 this is a one-way call: async, no return; allow replies with file descriptors; "
4874,80824,80825,813350340812036,813350340853390,"binder transaction async","binder async rcv",3421,3468,1466,3362,115556455,115554652,"0x01 Java Layer Dependent","0x11 this is a one-way call: async, no return; allow replies with file descriptors; "
4875,80832,80833,813350341369536,813350341409432,"binder transaction async","binder async rcv",1466,3397,3421,3473,115556456,115554649,"0x0a Java Layer Dependent","0x11 this is a one-way call: async, no return; allow replies with file descriptors; "
4876,80834,80835,813350341687713,813350341721568,"binder transaction async","binder async rcv",3421,3468,1466,3362,115556457,115554652,"0x01 Java Layer Dependent","0x11 this is a one-way call: async, no return; allow replies with file descriptors; "
4877,80842,80843,813350342266203,813350342310890,"binder transaction async","binder async rcv",1466,3397,3421,3473,115556458,115554649,"0x0a Java Layer Dependent","0x11 this is a one-way call: async, no return; allow replies with file descriptors; "
4878,80844,80845,813350342593911,813350342634276,"binder transaction async","binder async rcv",3421,3468,1466,3362,115556459,115554652,"0x01 Java Layer Dependent","0x11 this is a one-way call: async, no return; allow replies with file descriptors; "
4879,80852,80853,813350343145890,813350343181099,"binder transaction async","binder async rcv",1466,3397,3421,3473,115556460,115554649,"0x0a Java Layer Dependent","0x11 this is a one-way call: async, no return; allow replies with file descriptors; "
4880,80854,80855,813350343451828,813350343493807,"binder transaction async","binder async rcv",3421,3468,1466,3362,115556461,115554652,"0x01 Java Layer Dependent","0x11 this is a one-way call: async, no return; allow replies with file descriptors; "
4881,80862,80863,813350344007193,813350344041411,"binder transaction async","binder async rcv",1466,3397,3421,3473,115556462,115554649,"0x0a Java Layer Dependent","0x11 this is a one-way call: async, no return; allow replies with file descriptors; "
4882,80864,80865,813350344382088,813350344423078,"binder transaction async","binder async rcv",3421,3468,1466,3362,115556463,115554652,"0x01 Java Layer Dependent","0x11 this is a one-way call: async, no return; allow replies with file descriptors; "
4883,80872,80873,813350344977661,813350345019588,"binder transaction async","binder async rcv",1466,3397,3421,3473,115556464,115554649,"0x0a Java Layer Dependent","0x11 this is a one-way call: async, no return; allow replies with file descriptors; "
4884,80874,80875,813350345302505,813350345339068,"binder transaction async","binder async rcv",3421,3468,1466,3362,115556465,115554652,"0x01 Java Layer Dependent","0x11 this is a one-way call: async, no return; allow replies with file descriptors; "
4885,80882,80883,813350345836984,813350345873495,"binder transaction async","binder async rcv",1466,3397,3421,3473,115556466,115554649,"0x0a Java Layer Dependent","0x11 this is a one-way call: async, no return; allow replies with file descriptors; "
4886,80884,80885,813350346152870,813350346195109,"binder transaction async","binder async rcv",3421,3468,1466,3362,115556467,115554652,"0x01 Java Layer Dependent","0x11 this is a one-way call: async, no return; allow replies with file descriptors; "
4887,80896,80899,813350346757245,813350346792245,"binder transaction async","binder async rcv",1466,3397,3421,3473,115556468,115554649,"0x0a Java Layer Dependent","0x11 this is a one-way call: async, no return; allow replies with file descriptors; "
4888,80900,80901,813350347071255,813350347118495,"binder transaction async","binder async rcv",3421,3468,1466,3362,115556469,115554652,"0x01 Java Layer Dependent","0x11 this is a one-way call: async, no return; allow replies with file descriptors; "
4889,80908,80909,813350347661620,813350347706151,"binder transaction async","binder async rcv",1466,3397,3421,3473,115556470,115554649,"0x0a Java Layer Dependent","0x11 this is a one-way call: async, no return; allow replies with file descriptors; "
4890,80910,80911,813350348009068,813350348049224,"binder transaction async","binder async rcv",3421,3468,1466,3362,115556471,115554652,"0x01 Java Layer Dependent","0x11 this is a one-way call: async, no return; allow replies with file descriptors; "
4891,80919,80920,813350348596776,813350348635682,"binder transaction async","binder async rcv",1466,3397,3421,3473,115556473,115554649,"0x0a Java Layer Dependent","0x11 this is a one-way call: async, no return; allow replies with file descriptors; "
4893,80922,80925,813350348952140,813350348988547,"binder transaction async","binder async rcv",3421,3468,1466,3362,115556474,115554652,"0x01 Java Layer Dependent","0x11 this is a one-way call: async, no return; allow replies with file descriptors; "
4894,80933,80935,813350349484120,813350349516463,"binder transaction async","binder async rcv",1466,3397,3421,3473,115556476,115554649,"0x0a Java Layer Dependent","0x11 this is a one-way call: async, no return; allow replies with file descriptors; "
4897,80939,80940,813350349787140,813350349822974,"binder transaction async","binder async rcv",3421,3468,1466,3362,115556481,115554652,"0x01 Java Layer Dependent","0x11 this is a one-way call: async, no return; allow replies with file descriptors; "
4899,80948,80950,813350350317245,813350350349797,"binder transaction async","binder async rcv",1466,3397,3421,3473,115556485,115554649,"0x0a Java Layer Dependent","0x11 this is a one-way call: async, no return; allow replies with file descriptors; "
4900,80952,80953,813350350627140,813350350686411,"binder transaction async","binder async rcv",3421,3468,1466,3362,115556487,115554652,"0x01 Java Layer Dependent","0x11 this is a one-way call: async, no return; allow replies with file descriptors; "
4903,80963,80964,813350351196620,813350351237193,"binder transaction async","binder async rcv",1466,3397,3421,3473,115556489,115554649,"0x0a Java Layer Dependent","0x11 this is a one-way call: async, no return; allow replies with file descriptors; "
4904,80965,80966,813350351562661,813350351610786,"binder transaction async","binder async rcv",3421,3468,1466,3362,115556490,115554652,"0x01 Java Layer Dependent","0x11 this is a one-way call: async, no return; allow replies with file descriptors; "
4906,80975,80976,813350352158078,813350352188547,"binder transaction async","binder async rcv",1466,3397,3421,3473,115556493,115554649,"0x0a Java Layer Dependent","0x11 this is a one-way call: async, no return; allow replies with file descriptors; "
4907,80977,80978,813350352504536,813350352544536,"binder transaction async","binder async rcv",3421,3468,1466,3362,115556494,115554652,"0x01 Java Layer Dependent","0x11 this is a one-way call: async, no return; allow replies with file descriptors; "
4908,80985,80986,813350353115682,813350353160526,"binder transaction async","binder async rcv",1466,3397,3421,3473,115556495,115554649,"0x0a Java Layer Dependent","0x11 this is a one-way call: async, no return; allow replies with file descriptors; "
4909,80987,80988,813350353461932,813350353505838,"binder transaction async","binder async rcv",3421,3468,1466,3362,115556496,115554652,"0x01 Java Layer Dependent","0x11 this is a one-way call: async, no return; allow replies with file descriptors; "
4910,80995,80996,813350354025943,813350354067193,"binder transaction async","binder async rcv",1466,3397,3421,3473,115556497,115554649,"0x0a Java Layer Dependent","0x11 this is a one-way call: async, no return; allow replies with file descriptors; "
4911,80997,80998,813350354351203,813350354386411,"binder transaction async","binder async rcv",3421,3468,1466,3362,115556498,115554652,"0x01 Java Layer Dependent","0x11 this is a one-way call: async, no return; allow replies with file descriptors; "
4912,81005,81006,813350354906828,813350354943911,"binder transaction async","binder async rcv",1466,3397,3421,3473,115556499,115554649,"0x0a Java Layer Dependent","0x11 this is a one-way call: async, no return; allow replies with file descriptors; "
4913,81007,81008,813350355238755,813350355277505,"binder transaction async","binder async rcv",3421,3468,1466,3362,115556500,115554652,"0x01 Java Layer Dependent","0x11 this is a one-way call: async, no return; allow replies with file descriptors; "
4914,81015,81016,813350355790682,813350355828182,"binder transaction async","binder async rcv",1466,3397,3421,3473,115556501,115554649,"0x0a Java Layer Dependent","0x11 this is a one-way call: async, no return; allow replies with file descriptors; "
4915,81017,81018,813350356173390,813350356259068,"binder transaction async","binder async rcv",3421,3468,1466,3362,115556502,115554652,"0x01 Java Layer Dependent","0x11 this is a one-way call: async, no return; allow replies with file descriptors; "
4916,81025,81026,813350356799432,813350356833443,"binder transaction async","binder async rcv",1466,3397,3421,3473,115556503,115554649,"0x0a Java Layer Dependent","0x11 this is a one-way call: async, no return; allow replies with file descriptors; "
4917,81027,81028,813350357135474,813350357175682,"binder transaction async","binder async rcv",3421,3468,1466,3362,115556504,115554652,"0x01 Java Layer Dependent","0x11 this is a one-way call: async, no return; allow replies with file descriptors; "
4919,81037,81038,813350357662193,813350357698234,"binder transaction async","binder async rcv",1466,3397,3421,3473,115556506,115554649,"0x0a Java Layer Dependent","0x11 this is a one-way call: async, no return; allow replies with file descriptors; "
4920,81039,81040,813350357975057,813350358010474,"binder transaction async","binder async rcv",3421,3468,1466,3362,115556507,115554652,"0x01 Java Layer Dependent","0x11 this is a one-way call: async, no return; allow replies with file descriptors; "
4921,81047,81048,813350358499901,813350358530786,"binder transaction async","binder async rcv",1466,3397,3421,3473,115556509,115554649,"0x0a Java Layer Dependent","0x11 this is a one-way call: async, no return; allow replies with file descriptors; "
4922,81049,81050,813350358791463,813350358826203,"binder transaction async","binder async rcv",3421,3468,1466,3362,115556510,115554652,"0x01 Java Layer Dependent","0x11 this is a one-way call: async, no return; allow replies with file descriptors; "
4923,81057,81058,813350359317922,813350359358547,"binder transaction async","binder async rcv",1466,3397,3421,3473,115556511,115554649,"0x0a Java Layer Dependent","0x11 this is a one-way call: async, no return; allow replies with file descriptors; "
4924,81059,81060,813350359661568,813350359700005,"binder transaction async","binder async rcv",3421,3468,1466,3362,115556512,115554652,"0x01 Java Layer Dependent","0x11 this is a one-way call: async, no return; allow replies with file descriptors; "
4925,81067,81068,813350360245474,813350360284745,"binder transaction async","binder async rcv",1466,3397,3421,3473,115556513,115554649,"0x0a Java Layer Dependent","0x11 this is a one-way call: async, no return; allow replies with file descriptors; "
4926,81069,81070,813350360570109,813350360611151,"binder transaction async","binder async rcv",3421,3468,1466,3362,115556514,115554652,"0x01 Java Layer Dependent","0x11 this is a one-way call: async, no return; allow replies with file descriptors; "
4927,81079,81080,813350361078963,813350361119432,"binder transaction async","binder async rcv",1466,3397,3421,3473,115556515,115554649,"0x0a Java Layer Dependent","0x11 this is a one-way call: async, no return; allow replies with file descriptors; "
4928,81085,81086,813350361456724,813350361498703,"binder transaction async","binder async rcv",3421,3468,1466,3362,115556516,115554652,"0x01 Java Layer Dependent","0x11 this is a one-way call: async, no return; allow replies with file descriptors; "
4929,81093,81094,813350362033234,813350362082349,"binder transaction async","binder async rcv",1466,3397,3421,3453,115556517,115554649,"0x0a Java Layer Dependent","0x11 this is a one-way call: async, no return; allow replies with file descriptors; "
4930,81095,81096,813350362505474,813350362548286,"binder transaction async","binder async rcv",3421,3468,1466,3362,115556518,115554652,"0x01 Java Layer Dependent","0x11 this is a one-way call: async, no return; allow replies with file descriptors; "
4931,81103,81104,813350363083495,813350363123026,"binder transaction async","binder async rcv",1466,3397,3421,3453,115556519,115554649,"0x0a Java Layer Dependent","0x11 this is a one-way call: async, no return; allow replies with file descriptors; "
4932,81105,81106,813350363418547,813350363503495,"binder transaction async","binder async rcv",3421,3468,1466,3362,115556520,115554652,"0x01 Java Layer Dependent","0x11 this is a one-way call: async, no return; allow replies with file descriptors; "
4933,81113,81114,813350364030005,813350364072297,"binder transaction async","binder async rcv",1466,3397,3421,3453,115556521,115554649,"0x0a Java Layer Dependent","0x11 this is a one-way call: async, no return; allow replies with file descriptors; "
4934,81115,81116,813350364479797,813350364518859,"binder transaction async","binder async rcv",3421,3468,1466,3362,115556522,115554652,"0x01 Java Layer Dependent","0x11 this is a one-way call: async, no return; allow replies with file descriptors; "
4935,81123,81124,813350365007453,813350365043963,"binder transaction async","binder async rcv",1466,3397,3421,3453,115556523,115554649,"0x0a Java Layer Dependent","0x11 this is a one-way call: async, no return; allow replies with file descriptors; "
4936,81125,81126,813350365327765,813350365366672,"binder transaction async","binder async rcv",3421,3468,1466,3362,115556524,115554652,"0x01 Java Layer Dependent","0x11 this is a one-way call: async, no return; allow replies with file descriptors; "
4937,81133,81134,813350365832870,813350365865630,"binder transaction async","binder async rcv",1466,3397,3421,3453,115556525,115554649,"0x0a Java Layer Dependent","0x11 this is a one-way call: async, no return; allow replies with file descriptors; "
4938,81135,81136,813350366147401,813350366188495,"binder transaction async","binder async rcv",3421,3468,1466,3362,115556526,115554652,"0x01 Java Layer Dependent","0x11 this is a one-way call: async, no return; allow replies with file descriptors; "
4939,81143,81144,813350366691672,813350366729693,"binder transaction async","binder async rcv",1466,3397,3421,3453,115556527,115554649,"0x0a Java Layer Dependent","0x11 this is a one-way call: async, no return; allow replies with file descriptors; "
4940,81147,81148,813350367032765,813350367068911,"binder transaction async","binder async rcv",3421,3468,1466,3362,115556528,115554652,"0x01 Java Layer Dependent","0x11 this is a one-way call: async, no return; allow replies with file descriptors; "
4941,81159,81160,813350367558859,813350367603859,"binder transaction async","binder async rcv",1466,3397,3421,3453,115556529,115554649,"0x0a Java Layer Dependent","0x11 this is a one-way call: async, no return; allow replies with file descriptors; "
4942,81161,81162,813350367982297,813350368026828,"binder transaction async","binder async rcv",3421,3468,1466,3362,115556530,115554652,"0x01 Java Layer Dependent","0x11 this is a one-way call: async, no return; allow replies with file descriptors; "
4943,81169,81170,813350368577765,813350368627713,"binder transaction async","binder async rcv",1466,3397,3421,3453,115556531,115554649,"0x0a Java Layer Dependent","0x11 this is a one-way call: async, no return; allow replies with file descriptors; "
4944,81171,81172,813350368968026,813350369027245,"binder transaction async","binder async rcv",3421,3468,1466,3362,115556532,115554652,"0x01 Java Layer Dependent","0x11 this is a one-way call: async, no return; allow replies with file descriptors; "
4945,81179,81180,813350369571984,813350369608026,"binder transaction async","binder async rcv",1466,3397,3421,3453,115556533,115554649,"0x0a Java Layer Dependent","0x11 this is a one-way call: async, no return; allow replies with file descriptors; "
4946,81181,81182,813350369900943,813350369945474,"binder transaction async","binder async rcv",3421,3468,1466,3362,115556534,115554652,"0x01 Java Layer Dependent","0x11 this is a one-way call: async, no return; allow replies with file descriptors; "
4947,81189,81190,813350370468338,813350370507401,"binder transaction async","binder async rcv",1466,3397,3421,3453,115556535,115554649,"0x0a Java Layer Dependent","0x11 this is a one-way call: async, no return; allow replies with file descriptors; "
4948,81191,81192,813350370797974,813350370844120,"binder transaction async","binder async rcv",3421,3468,1466,3362,115556536,115554652,"0x01 Java Layer Dependent","0x11 this is a one-way call: async, no return; allow replies with file descriptors; "
4949,81199,81200,813350371368963,813350371459380,"binder transaction async","binder async rcv",1466,3397,3421,3453,115556537,115554649,"0x0a Java Layer Dependent","0x11 this is a one-way call: async, no return; allow replies with file descriptors; "
4950,81201,81202,813350371786984,813350371835370,"binder transaction async","binder async rcv",3421,3468,1466,3362,115556538,115554652,"0x01 Java Layer Dependent","0x11 this is a one-way call: async, no return; allow replies with file descriptors; "
4951,81209,81210,813350372516932,813350372562557,"binder transaction async","binder async rcv",1466,3397,3421,3453,115556539,115554649,"0x0a Java Layer Dependent","0x11 this is a one-way call: async, no return; allow replies with file descriptors; "
4952,81211,81212,813350372874120,813350372924015,"binder transaction async","binder async rcv",3421,3468,1466,3362,115556540,115554652,"0x01 Java Layer Dependent","0x11 this is a one-way call: async, no return; allow replies with file descriptors; "
4953,81219,81220,813350373484172,813350373526411,"binder transaction async","binder async rcv",1466,3397,3421,3453,115556541,115554649,"0x0a Java Layer Dependent","0x11 this is a one-way call: async, no return; allow replies with file descriptors; "
4954,81221,81222,813350373831411,813350373878443,"binder transaction async","binder async rcv",3421,3468,1466,3362,115556542,115554652,"0x01 Java Layer Dependent","0x11 this is a one-way call: async, no return; allow replies with file descriptors; "
4955,81229,81230,813350374436359,813350374482765,"binder transaction async","binder async rcv",1466,3397,3421,3453,115556543,115554649,"0x0a Java Layer Dependent","0x11 this is a one-way call: async, no return; allow replies with file descriptors; "
4956,81231,81232,813350374781672,813350374831672,"binder transaction async","binder async rcv",3421,3468,1466,3362,115556544,115554652,"0x01 Java Layer Dependent","0x11 this is a one-way call: async, no return; allow replies with file descriptors; "
4957,81246,81247,813350375401151,813350375439640,"binder transaction async","binder async rcv",1466,3397,3421,3453,115556545,115554649,"0x0a Java Layer Dependent","0x11 this is a one-way call: async, no return; allow replies with file descriptors; "
4958,81248,81249,813350375735265,813350375788807,"binder transaction async","binder async rcv",3421,3468,1466,3362,115556546,115554652,"0x01 Java Layer Dependent","0x11 this is a one-way call: async, no return; allow replies with file descriptors; "
4959,81256,81257,813350376378911,813350376418390,"binder transaction async","binder async rcv",1466,3397,3421,3453,115556547,115554649,"0x0a Java Layer Dependent","0x11 this is a one-way call: async, no return; allow replies with file descriptors; "
4960,81258,81259,813350376752349,813350376794745,"binder transaction async","binder async rcv",3421,3468,1466,3362,115556548,115554652,"0x01 Java Layer Dependent","0x11 this is a one-way call: async, no return; allow replies with file descriptors; "
4962,81271,81272,813350377276151,813350377309536,"binder transaction async","binder async rcv",1466,3397,3421,3453,115556550,115554649,"0x0a Java Layer Dependent","0x11 this is a one-way call: async, no return; allow replies with file descriptors; "
4963,81273,81274,813350377587505,813350377633078,"binder transaction async","binder async rcv",3421,3468,1466,3362,115556551,115554652,"0x01 Java Layer Dependent","0x11 this is a one-way call: async, no return; allow replies with file descriptors; "
4964,81287,81288,813350378121672,813350378169068,"binder transaction async","binder async rcv",1466,3397,3421,3453,115556552,115554649,"0x0a Java Layer Dependent","0x11 this is a one-way call: async, no return; allow replies with file descriptors; "
4965,81291,81296,813350378487713,813350378711620,"binder transaction async","binder async rcv",3421,3468,1466,3362,115556553,115554652,"0x01 Java Layer Dependent","0x11 this is a one-way call: async, no return; allow replies with file descriptors; "
4966,81303,81304,813350379288495,813350379332557,"binder transaction async","binder async rcv",1466,3397,3421,3453,115556554,115554649,"0x0a Java Layer Dependent","0x11 this is a one-way call: async, no return; allow replies with file descriptors; "
4967,81305,81306,813350379638911,813350379690161,"binder transaction async","binder async rcv",3421,3468,1466,3362,115556555,115554652,"0x01 Java Layer Dependent","0x11 this is a one-way call: async, no return; allow replies with file descriptors; "
4968,81313,81314,813350380349797,813350380396411,"binder transaction async","binder async rcv",1466,3397,3421,3453,115556556,115554649,"0x0a Java Layer Dependent","0x11 this is a one-way call: async, no return; allow replies with file descriptors; "
4969,81315,81316,813350380712609,813350380755109,"binder transaction async","binder async rcv",3421,3468,1466,3362,115556557,115554652,"0x01 Java Layer Dependent","0x11 this is a one-way call: async, no return; allow replies with file descriptors; "
4970,81323,81324,813350381264432,813350381307349,"binder transaction async","binder async rcv",1466,3397,3421,3453,115556558,115554649,"0x0a Java Layer Dependent","0x11 this is a one-way call: async, no return; allow replies with file descriptors; "
4971,81325,81326,813350381619640,813350381667974,"binder transaction async","binder async rcv",3421,3468,1466,3362,115556559,115554652,"0x01 Java Layer Dependent","0x11 this is a one-way call: async, no return; allow replies with file descriptors; "
4972,81333,81334,813350382181099,813350382223859,"binder transaction async","binder async rcv",1466,3397,3421,3453,115556560,115554649,"0x0a Java Layer Dependent","0x11 this is a one-way call: async, no return; allow replies with file descriptors; "
4973,81335,81336,813350382515578,813350382567401,"binder transaction async","binder async rcv",3421,3468,1466,3362,115556561,115554652,"0x01 Java Layer Dependent","0x11 this is a one-way call: async, no return; allow replies with file descriptors; "
4974,81343,81344,813350383092088,813350383137245,"binder transaction async","binder async rcv",1466,3397,3421,3453,115556562,115554649,"0x0a Java Layer Dependent","0x11 this is a one-way call: async, no return; allow replies with file descriptors; "
4975,81345,81346,813350383463130,813350383518495,"binder transaction async","binder async rcv",3421,3468,1466,3362,115556563,115554652,"0x01 Java Layer Dependent","0x11 this is a one-way call: async, no return; allow replies with file descriptors; "
4976,81353,81354,813350384042193,813350384086984,"binder transaction async","binder async rcv",1466,3397,3421,3453,115556564,115554649,"0x0a Java Layer Dependent","0x11 this is a one-way call: async, no return; allow replies with file descriptors; "
4977,81355,81356,813350384420057,813350384464953,"binder transaction async","binder async rcv",3421,3468,1466,3362,115556565,115554652,"0x01 Java Layer Dependent","0x11 this is a one-way call: async, no return; allow replies with file descriptors; "
4978,81363,81364,813350384959224,813350385004588,"binder transaction async","binder async rcv",1466,3397,3421,3453,115556566,115554649,"0x0a Java Layer Dependent","0x11 this is a one-way call: async, no return; allow replies with file descriptors; "
4979,81365,81366,813350385344015,813350385397088,"binder transaction async","binder async rcv",3421,3468,1466,3362,115556567,115554652,"0x01 Java Layer Dependent","0x11 this is a one-way call: async, no return; allow replies with file descriptors; "
4980,81373,81374,813350385913026,813350385958286,"binder transaction async","binder async rcv",1466,3397,3421,3453,115556568,115554649,"0x0a Java Layer Dependent","0x11 this is a one-way call: async, no return; allow replies with file descriptors; "
4981,81375,81376,813350386265109,813350386314328,"binder transaction async","binder async rcv",3421,3468,1466,3362,115556569,115554652,"0x01 Java Layer Dependent","0x11 this is a one-way call: async, no return; allow replies with file descriptors; "
4982,81383,81384,813350386836776,813350386879276,"binder transaction async","binder async rcv",1466,3397,3421,3453,115556570,115554649,"0x0a Java Layer Dependent","0x11 this is a one-way call: async, no return; allow replies with file descriptors; "
4983,81385,81386,813350387173182,813350387222140,"binder transaction async","binder async rcv",3421,3468,1466,3362,115556571,115554652,"0x01 Java Layer Dependent","0x11 this is a one-way call: async, no return; allow replies with file descriptors; "
4984,81393,81394,813350387814328,813350387863078,"binder transaction async","binder async rcv",1466,3397,3421,3453,115556572,115554649,"0x0a Java Layer Dependent","0x11 this is a one-way call: async, no return; allow replies with file descriptors; "
4985,81395,81396,813350388299068,813350388334797,"binder transaction async","binder async rcv",3421,3468,1466,3362,115556573,115554652,"0x01 Java Layer Dependent","0x11 this is a one-way call: async, no return; allow replies with file descriptors; "
4986,81403,81404,813350388921672,813350388966776,"binder transaction async","binder async rcv",1466,3397,3421,3453,115556574,115554649,"0x0a Java Layer Dependent","0x11 this is a one-way call: async, no return; allow replies with file descriptors; "
4987,81405,81406,813350389284901,813350389336463,"binder transaction async","binder async rcv",3421,3468,1466,3362,115556575,115554652,"0x01 Java Layer Dependent","0x11 this is a one-way call: async, no return; allow replies with file descriptors; "
4988,81413,81414,813350389845734,813350389892036,"binder transaction async","binder async rcv",1466,3397,3421,3453,115556576,115554649,"0x0a Java Layer Dependent","0x11 this is a one-way call: async, no return; allow replies with file descriptors; "
4989,81415,81416,813350390190526,813350390243234,"binder transaction async","binder async rcv",3421,3468,1466,3362,115556577,115554652,"0x01 Java Layer Dependent","0x11 this is a one-way call: async, no return; allow replies with file descriptors; "
4990,81423,81424,813350390763703,813350390811151,"binder transaction async","binder async rcv",1466,3397,3421,3453,115556578,115554649,"0x0a Java Layer Dependent","0x11 this is a one-way call: async, no return; allow replies with file descriptors; "
4991,81425,81426,813350391135838,813350391189432,"binder transaction async","binder async rcv",3421,3468,1466,3362,115556579,115554652,"0x01 Java Layer Dependent","0x11 this is a one-way call: async, no return; allow replies with file descriptors; "
4992,81433,81434,813350391712193,813350391756828,"binder transaction async","binder async rcv",1466,3397,3421,3453,115556580,115554649,"0x0a Java Layer Dependent","0x11 this is a one-way call: async, no return; allow replies with file descriptors; "
4993,81435,81436,813350392081672,813350392152818,"binder transaction async","binder async rcv",3421,3468,1466,3362,115556581,115554652,"0x01 Java Layer Dependent","0x11 this is a one-way call: async, no return; allow replies with file descriptors; "
4994,81443,81444,813350392685838,813350392729328,"binder transaction async","binder async rcv",1466,3397,3421,3453,115556582,115554649,"0x0a Java Layer Dependent","0x11 this is a one-way call: async, no return; allow replies with file descriptors; "
4995,81445,81446,813350393041203,813350393091828,"binder transaction async","binder async rcv",3421,3468,1466,3362,115556583,115554652,"0x01 Java Layer Dependent","0x11 this is a one-way call: async, no return; allow replies with file descriptors; "
4996,81453,81454,813350393608547,813350393656411,"binder transaction async","binder async rcv",1466,3397,3421,3453,115556584,115554649,"0x0a Java Layer Dependent","0x11 this is a one-way call: async, no return; allow replies with file descriptors; "
4997,81455,81456,813350393976255,813350394030474,"binder transaction async","binder async rcv",3421,3468,1466,3362,115556585,115554652,"0x01 Java Layer Dependent","0x11 this is a one-way call: async, no return; allow replies with file descriptors; "
4998,81465,81466,813350394570995,813350394692609,"binder transaction async","binder async rcv",1466,3397,3421,3453,115556586,115554649,"0x0a Java Layer Dependent","0x11 this is a one-way call: async, no return; allow replies with file descriptors; "
4999,81471,81472,813350395000109,813350395045370,"binder transaction async","binder async rcv",3421,3468,1466,3362,115556587,115554652,"0x01 Java Layer Dependent","0x11 this is a one-way call: async, no return; allow replies with file descriptors; "
5000,81479,81480,813350395637349,813350395683807,"binder transaction async","binder async rcv",1466,3397,3421,3453,115556588,115554649,"0x0a Java Layer Dependent","0x11 this is a one-way call: async, no return; allow replies with file descriptors; "
5001,81481,81482,813350395974797,813350396023234,"binder transaction async","binder async rcv",3421,3468,1466,3362,115556589,115554652,"0x01 Java Layer Dependent","0x11 this is a one-way call: async, no return; allow replies with file descriptors; "
5002,81491,81496,813350396604172,813350396730370,"binder transaction async","binder async rcv",1466,3397,3421,3453,115556590,115554649,"0x0a Java Layer Dependent","0x11 this is a one-way call: async, no return; allow replies with file descriptors; "
5003,81497,81498,813350397095682,813350397147609,"binder transaction async","binder async rcv",3421,3468,1466,3362,115556591,115554652,"0x01 Java Layer Dependent","0x11 this is a one-way call: async, no return; allow replies with file descriptors; "
5004,81505,81506,813350397668599,813350397711724,"binder transaction async","binder async rcv",1466,3397,3421,3453,115556592,115554649,"0x0a Java Layer Dependent","0x11 this is a one-way call: async, no return; allow replies with file descriptors; "
5005,81507,81508,813350398024328,813350398076463,"binder transaction async","binder async rcv",3421,3468,1466,3362,115556593,115554652,"0x01 Java Layer Dependent","0x11 this is a one-way call: async, no return; allow replies with file descriptors; "
5006,81521,81522,813350398645890,813350398742505,"binder transaction async","binder async rcv",1466,3397,3421,3453,115556594,115554649,"0x0a Java Layer Dependent","0x11 this is a one-way call: async, no return; allow replies with file descriptors; "
5007,81523,81524,813350399059432,813350399105838,"binder transaction async","binder async rcv",3421,3468,1466,3362,115556595,115554652,"0x01 Java Layer Dependent","0x11 this is a one-way call: async, no return; allow replies with file descriptors; "
5008,81531,81532,813350399618495,813350399664588,"binder transaction async","binder async rcv",1466,3397,3421,3453,115556596,115554649,"0x0a Java Layer Dependent","0x11 this is a one-way call: async, no return; allow replies with file descriptors; "
5009,81533,81534,813350399959172,813350400010265,"binder transaction async","binder async rcv",3421,3468,1466,3362,115556597,115554652,"0x01 Java Layer Dependent","0x11 this is a one-way call: async, no return; allow replies with file descriptors; "
5010,81541,81542,813350400549953,813350400593911,"binder transaction async","binder async rcv",1466,3397,3421,3453,115556598,115554649,"0x0a Java Layer Dependent","0x11 this is a one-way call: async, no return; allow replies with file descriptors; "
5011,81543,81544,813350400885734,813350400933651,"binder transaction async","binder async rcv",3421,3468,1466,3362,115556599,115554652,"0x01 Java Layer Dependent","0x11 this is a one-way call: async, no return; allow replies with file descriptors; "
5012,81551,81552,813350401438390,813350401479224,"binder transaction async","binder async rcv",1466,3397,3421,3453,115556600,115554649,"0x0a Java Layer Dependent","0x11 this is a one-way call: async, no return; allow replies with file descriptors; "
5013,81553,81554,813350401836203,813350401884745,"binder transaction async","binder async rcv",3421,3468,1466,3362,115556601,115554652,"0x01 Java Layer Dependent","0x11 this is a one-way call: async, no return; allow replies with file descriptors; "
5014,81563,81566,813350402418599,813350402535943,"binder transaction async","binder async rcv",1466,3397,3421,3453,115556602,115554649,"0x0a Java Layer Dependent","0x11 this is a one-way call: async, no return; allow replies with file descriptors; "
5015,81569,81570,813350402838130,813350402881099,"binder transaction async","binder async rcv",3421,3468,1466,3362,115556603,115554652,"0x01 Java Layer Dependent","0x11 this is a one-way call: async, no return; allow replies with file descriptors; "
5016,81577,81578,813350403393286,813350403478703,"binder transaction async","binder async rcv",1466,3397,3421,3453,115556604,115554649,"0x0a Java Layer Dependent","0x11 this is a one-way call: async, no return; allow replies with file descriptors; "
5017,81579,81580,813350403790995,813350403845318,"binder transaction async","binder async rcv",3421,3468,1466,3362,115556605,115554652,"0x01 Java Layer Dependent","0x11 this is a one-way call: async, no return; allow replies with file descriptors; "
5018,81587,81588,813350404493755,813350404567505,"binder transaction async","binder async rcv",1466,3397,3421,3453,115556606,115554649,"0x0a Java Layer Dependent","0x11 this is a one-way call: async, no return; allow replies with file descriptors; "
5019,81589,81590,813350404889849,813350404939068,"binder transaction async","binder async rcv",3421,3468,1466,3362,115556607,115554652,"0x01 Java Layer Dependent","0x11 this is a one-way call: async, no return; allow replies with file descriptors; "
5020,81597,81598,813350405528651,813350405576620,"binder transaction async","binder async rcv",1466,3397,3421,3453,115556608,115554649,"0x0a Java Layer Dependent","0x11 this is a one-way call: async, no return; allow replies with file descriptors; "
5021,81599,81600,813350405911776,813350405962765,"binder transaction async","binder async rcv",3421,3468,1466,3362,115556609,115554652,"0x01 Java Layer Dependent","0x11 this is a one-way call: async, no return; allow replies with file descriptors; "
5022,81607,81608,813350406466359,813350406506411,"binder transaction async","binder async rcv",1466,3397,3421,3453,115556610,115554649,"0x0a Java Layer Dependent","0x11 this is a one-way call: async, no return; allow replies with file descriptors; "
5023,81609,81610,813350406821255,813350406864328,"binder transaction async","binder async rcv",3421,3468,1466,3362,115556611,115554652,"0x01 Java Layer Dependent","0x11 this is a one-way call: async, no return; allow replies with file descriptors; "
5026,81625,81631,813350407521359,813350407558182,"binder transaction async","binder async rcv",1466,3397,3421,3453,115556618,115554649,"0x0a Java Layer Dependent","0x11 this is a one-way call: async, no return; allow replies with file descriptors; "
5027,81634,81635,813350407835474,813350407876672,"binder transaction async","binder async rcv",3421,3468,1466,3362,115556621,115554652,"0x01 Java Layer Dependent","0x11 this is a one-way call: async, no return; allow replies with file descriptors; "
5029,81642,81644,813350408427974,813350408465838,"binder transaction async","binder async rcv",1466,3397,3421,3453,115556622,115554649,"0x0a Java Layer Dependent","0x11 this is a one-way call: async, no return; allow replies with file descriptors; "
5034,81657,81658,813350408766515,813350408812297,"binder transaction async","binder async rcv",3421,3468,1466,3362,115556623,115554652,"0x01 Java Layer Dependent","0x11 this is a one-way call: async, no return; allow replies with file descriptors; "
5036,81670,81671,813350409329432,813350409366151,"binder transaction async","binder async rcv",1466,3397,3421,3453,115556624,115554649,"0x0a Java Layer Dependent","0x11 this is a one-way call: async, no return; allow replies with file descriptors; "
5037,81672,81673,813350409690786,813350409741047,"binder transaction async","binder async rcv",3421,3468,1466,3362,115556625,115554652,"0x01 Java Layer Dependent","0x11 this is a one-way call: async, no return; allow replies with file descriptors; "
5038,81680,81681,813350410238338,813350410279380,"binder transaction async","binder async rcv",1466,3397,3421,3453,115556626,115554649,"0x0a Java Layer Dependent","0x11 this is a one-way call: async, no return; allow replies with file descriptors; "
5039,81682,81683,813350410581411,813350410627609,"binder transaction async","binder async rcv",3421,3468,1466,3362,115556627,115554652,"0x01 Java Layer Dependent","0x11 this is a one-way call: async, no return; allow replies with file descriptors; "
5040,81690,81691,813350411133807,813350411176151,"binder transaction async","binder async rcv",1466,3397,3421,3453,115556628,115554649,"0x0a Java Layer Dependent","0x11 this is a one-way call: async, no return; allow replies with file descriptors; "
5041,81692,81693,813350411510213,813350411554380,"binder transaction async","binder async rcv",3421,3468,1466,3362,115556629,115554652,"0x01 Java Layer Dependent","0x11 this is a one-way call: async, no return; allow replies with file descriptors; "
5042,81700,81701,813350412038078,813350412078026,"binder transaction async","binder async rcv",1466,3397,3421,3453,115556630,115554649,"0x0a Java Layer Dependent","0x11 this is a one-way call: async, no return; allow replies with file descriptors; "
5043,81702,81703,813350412506047,813350412547557,"binder transaction async","binder async rcv",3421,3468,1466,3362,115556631,115554652,"0x01 Java Layer Dependent","0x11 this is a one-way call: async, no return; allow replies with file descriptors; "
5044,81710,81711,813350413049380,813350413087661,"binder transaction async","binder async rcv",1466,3397,3421,3453,115556632,115554649,"0x0a Java Layer Dependent","0x11 this is a one-way call: async, no return; allow replies with file descriptors; "
5045,81712,81713,813350413386776,813350413434068,"binder transaction async","binder async rcv",3421,3468,1466,3362,115556633,115554652,"0x01 Java Layer Dependent","0x11 this is a one-way call: async, no return; allow replies with file descriptors; "
5046,81720,81721,813350413969068,813350414016359,"binder transaction async","binder async rcv",1466,3397,3421,3453,115556634,115554649,"0x0a Java Layer Dependent","0x11 this is a one-way call: async, no return; allow replies with file descriptors; "
5047,81722,81723,813350414362765,813350414406984,"binder transaction async","binder async rcv",3421,3468,1466,3362,115556635,115554652,"0x01 Java Layer Dependent","0x11 this is a one-way call: async, no return; allow replies with file descriptors; "
5048,81730,81731,813350414924015,813350414962557,"binder transaction async","binder async rcv",1466,3397,3421,3453,115556636,115554649,"0x0a Java Layer Dependent","0x11 this is a one-way call: async, no return; allow replies with file descriptors; "
5049,81732,81733,813350415252088,813350415293755,"binder transaction async","binder async rcv",3421,3468,1466,3362,115556637,115554652,"0x01 Java Layer Dependent","0x11 this is a one-way call: async, no return; allow replies with file descriptors; "
5050,81740,81741,813350415779953,813350415816880,"binder transaction async","binder async rcv",1466,3397,3421,3453,115556638,115554649,"0x0a Java Layer Dependent","0x11 this is a one-way call: async, no return; allow replies with file descriptors; "
5051,81742,81743,813350416130578,813350416164536,"binder transaction async","binder async rcv",3421,3468,1466,3362,115556639,115554652,"0x01 Java Layer Dependent","0x11 this is a one-way call: async, no return; allow replies with file descriptors; "
5052,81750,81751,813350416665526,813350416699693,"binder transaction async","binder async rcv",1466,3397,3421,3453,115556640,115554649,"0x0a Java Layer Dependent","0x11 this is a one-way call: async, no return; allow replies with file descriptors; "
5053,81752,81753,813350416987453,813350417023078,"binder transaction async","binder async rcv",3421,3468,1466,3362,115556641,115554652,"0x01 Java Layer Dependent","0x11 this is a one-way call: async, no return; allow replies with file descriptors; "
5054,81760,81761,813350417495370,813350417531880,"binder transaction async","binder async rcv",1466,3397,3421,3453,115556642,115554649,"0x0a Java Layer Dependent","0x11 this is a one-way call: async, no return; allow replies with file descriptors; "
5055,81762,81763,813350417838338,813350417880161,"binder transaction async","binder async rcv",3421,3468,1466,3362,115556643,115554652,"0x01 Java Layer Dependent","0x11 this is a one-way call: async, no return; allow replies with file descriptors; "
5056,81770,81771,813350418387974,813350418426724,"binder transaction async","binder async rcv",1466,3397,3421,3453,115556644,115554649,"0x0a Java Layer Dependent","0x11 this is a one-way call: async, no return; allow replies with file descriptors; "
5057,81772,81773,813350418706099,813350418746828,"binder transaction async","binder async rcv",3421,3468,1466,3362,115556645,115554652,"0x01 Java Layer Dependent","0x11 this is a one-way call: async, no return; allow replies with file descriptors; "
5058,81780,81781,813350419261568,813350419301776,"binder transaction async","binder async rcv",1466,3397,3421,3453,115556646,115554649,"0x0a Java Layer Dependent","0x11 this is a one-way call: async, no return; allow replies with file descriptors; "
5059,81782,81783,813350419580630,813350419623599,"binder transaction async","binder async rcv",3421,3468,1466,3362,115556647,115554652,"0x01 Java Layer Dependent","0x11 this is a one-way call: async, no return; allow replies with file descriptors; "
5060,81790,81791,813350420255213,813350420282036,"binder transaction async","binder async rcv",1466,3397,3421,3453,115556648,115554649,"0x0a Java Layer Dependent","0x11 this is a one-way call: async, no return; allow replies with file descriptors; "
5061,81792,81793,813350420566776,813350420610474,"binder transaction async","binder async rcv",3421,3468,1466,3362,115556649,115554652,"0x01 Java Layer Dependent","0x11 this is a one-way call: async, no return; allow replies with file descriptors; "
5062,81800,81801,813350421134693,813350421173286,"binder transaction async","binder async rcv",1466,3397,3421,3453,115556650,115554649,"0x0a Java Layer Dependent","0x11 this is a one-way call: async, no return; allow replies with file descriptors; "
5063,81802,81803,813350421490838,813350421531515,"binder transaction async","binder async rcv",3421,3468,1466,3362,115556651,115554652,"0x01 Java Layer Dependent","0x11 this is a one-way call: async, no return; allow replies with file descriptors; "
5064,81810,81811,813350422022245,813350422057401,"binder transaction async","binder async rcv",1466,3397,3421,3453,115556652,115554649,"0x0a Java Layer Dependent","0x11 this is a one-way call: async, no return; allow replies with file descriptors; "
5065,81812,81813,813350422331307,813350422373755,"binder transaction async","binder async rcv",3421,3468,1466,3362,115556653,115554652,"0x01 Java Layer Dependent","0x11 this is a one-way call: async, no return; allow replies with file descriptors; "
5066,81820,81821,813350422927245,813350422968234,"binder transaction async","binder async rcv",1466,3397,3421,3453,115556654,115554649,"0x0a Java Layer Dependent","0x11 this is a one-way call: async, no return; allow replies with file descriptors; "
5067,81822,81823,813350423246203,813350423284640,"binder transaction async","binder async rcv",3421,3468,1466,3362,115556655,115554652,"0x01 Java Layer Dependent","0x11 this is a one-way call: async, no return; allow replies with file descriptors; "
5068,81830,81831,813350423765995,813350423800786,"binder transaction async","binder async rcv",1466,3397,3421,3453,115556656,115554649,"0x0a Java Layer Dependent","0x11 this is a one-way call: async, no return; allow replies with file descriptors; "
5069,81832,81833,813350424072765,813350424148703,"binder transaction async","binder async rcv",3421,3468,1466,3362,115556657,115554652,"0x01 Java Layer Dependent","0x11 this is a one-way call: async, no return; allow replies with file descriptors; "
5070,81840,81841,813350424692765,813350424732713,"binder transaction async","binder async rcv",1466,3397,3421,3453,115556658,115554649,"0x0a Java Layer Dependent","0x11 this is a one-way call: async, no return; allow replies with file descriptors; "
5071,81842,81843,813350425034120,813350425081307,"binder transaction async","binder async rcv",3421,3468,1466,3362,115556659,115554652,"0x01 Java Layer Dependent","0x11 this is a one-way call: async, no return; allow replies with file descriptors; "
5072,81850,81851,813350425658390,813350425702140,"binder transaction async","binder async rcv",1466,3397,3421,3453,115556660,115554649,"0x0a Java Layer Dependent","0x11 this is a one-way call: async, no return; allow replies with file descriptors; "
5073,81852,81853,813350426037453,813350426082297,"binder transaction async","binder async rcv",3421,3468,1466,3362,115556661,115554652,"0x01 Java Layer Dependent","0x11 this is a one-way call: async, no return; allow replies with file descriptors; "
5074,81860,81861,813350426665057,813350426707349,"binder transaction async","binder async rcv",1466,3397,3421,3453,115556662,115554649,"0x0a Java Layer Dependent","0x11 this is a one-way call: async, no return; allow replies with file descriptors; "
5075,81862,81863,813350427018338,813350427066151,"binder transaction async","binder async rcv",3421,3468,1466,3362,115556663,115554652,"0x01 Java Layer Dependent","0x11 this is a one-way call: async, no return; allow replies with file descriptors; "
5076,81870,81871,813350427671880,813350427714588,"binder transaction async","binder async rcv",1466,3397,3421,3453,115556664,115554649,"0x0a Java Layer Dependent","0x11 this is a one-way call: async, no return; allow replies with file descriptors; "
5077,81872,81873,813350427994745,813350428041099,"binder transaction async","binder async rcv",3421,3468,1466,3362,115556665,115554652,"0x01 Java Layer Dependent","0x11 this is a one-way call: async, no return; allow replies with file descriptors; "
5078,81880,81881,813350428695109,813350428729120,"binder transaction async","binder async rcv",1466,3397,3421,3453,115556666,115554649,"0x0a Java Layer Dependent","0x11 this is a one-way call: async, no return; allow replies with file descriptors; "
5079,81882,81883,813350429004745,813350429049432,"binder transaction async","binder async rcv",3421,3468,1466,3362,115556667,115554652,"0x01 Java Layer Dependent","0x11 this is a one-way call: async, no return; allow replies with file descriptors; "
5080,81890,81891,813350429575630,813350429617818,"binder transaction async","binder async rcv",1466,3397,3421,3453,115556668,115554649,"0x0a Java Layer Dependent","0x11 this is a one-way call: async, no return; allow replies with file descriptors; "
5081,81892,81893,813350429912036,813350429954588,"binder transaction async","binder async rcv",3421,3468,1466,3362,115556669,115554652,"0x01 Java Layer Dependent","0x11 this is a one-way call: async, no return; allow replies with file descriptors; "
5082,81900,81901,813350430477818,813350430517245,"binder transaction async","binder async rcv",1466,3397,3421,3453,115556670,115554649,"0x0a Java Layer Dependent","0x11 this is a one-way call: async, no return; allow replies with file descriptors; "
5083,81902,81903,813350430805109,813350430844953,"binder transaction async","binder async rcv",3421,3468,1466,3362,115556671,115554652,"0x01 Java Layer Dependent","0x11 this is a one-way call: async, no return; allow replies with file descriptors; "
5084,81910,81911,813350431354015,813350431392245,"binder transaction async","binder async rcv",1466,3397,3421,3453,115556672,115554649,"0x0a Java Layer Dependent","0x11 this is a one-way call: async, no return; allow replies with file descriptors; "
5085,81912,81913,813350431678651,813350431720630,"binder transaction async","binder async rcv",3421,3468,1466,3362,115556673,115554652,"0x01 Java Layer Dependent","0x11 this is a one-way call: async, no return; allow replies with file descriptors; "
5086,81920,81921,813350432277661,813350432314015,"binder transaction async","binder async rcv",1466,3397,3421,3453,115556674,115554649,"0x0a Java Layer Dependent","0x11 this is a one-way call: async, no return; allow replies with file descriptors; "
5087,81922,81923,813350432592193,813350432633234,"binder transaction async","binder async rcv",3421,3468,1466,3362,115556675,115554652,"0x01 Java Layer Dependent","0x11 this is a one-way call: async, no return; allow replies with file descriptors; "
5088,81930,81931,813350433129224,813350433166776,"binder transaction async","binder async rcv",1466,3397,3421,3453,115556676,115554649,"0x0a Java Layer Dependent","0x11 this is a one-way call: async, no return; allow replies with file descriptors; "
5089,81932,81933,813350433480161,813350433517713,"binder transaction async","binder async rcv",3421,3468,1466,3362,115556677,115554652,"0x01 Java Layer Dependent","0x11 this is a one-way call: async, no return; allow replies with file descriptors; "
5090,81940,81941,813350434019224,813350434053703,"binder transaction async","binder async rcv",1466,3397,3421,3453,115556678,115554649,"0x0a Java Layer Dependent","0x11 this is a one-way call: async, no return; allow replies with file descriptors; "
5091,81942,81943,813350434333859,813350434372713,"binder transaction async","binder async rcv",3421,3468,1466,3362,115556679,115554652,"0x01 Java Layer Dependent","0x11 this is a one-way call: async, no return; allow replies with file descriptors; "
5092,81950,81951,813350434857453,813350434894953,"binder transaction async","binder async rcv",1466,3397,3421,3453,115556680,115554649,"0x0a Java Layer Dependent","0x11 this is a one-way call: async, no return; allow replies with file descriptors; "
5093,81952,81953,813350435176515,813350435220786,"binder transaction async","binder async rcv",3421,3468,1466,3362,115556681,115554652,"0x01 Java Layer Dependent","0x11 this is a one-way call: async, no return; allow replies with file descriptors; "
5094,81960,81961,813350435805943,813350435847505,"binder transaction async","binder async rcv",1466,3397,3421,3453,115556682,115554649,"0x0a Java Layer Dependent","0x11 this is a one-way call: async, no return; allow replies with file descriptors; "
5095,81962,81963,813350436278703,813350436315578,"binder transaction async","binder async rcv",3421,3468,1466,3362,115556683,115554652,"0x01 Java Layer Dependent","0x11 this is a one-way call: async, no return; allow replies with file descriptors; "
5096,81972,81973,813350436897297,813350436936620,"binder transaction async","binder async rcv",1466,3397,3421,3453,115556684,115554649,"0x0a Java Layer Dependent","0x11 this is a one-way call: async, no return; allow replies with file descriptors; "
5097,81976,81979,813350437215526,813350437400422,"binder transaction async","binder async rcv",3421,3468,1466,3362,115556685,115554652,"0x01 Java Layer Dependent","0x11 this is a one-way call: async, no return; allow replies with file descriptors; "
5098,81986,81987,813350437957401,813350437995578,"binder transaction async","binder async rcv",1466,3397,3421,3453,115556686,115554649,"0x0a Java Layer Dependent","0x11 this is a one-way call: async, no return; allow replies with file descriptors; "
5099,81988,81989,813350438281047,813350438330734,"binder transaction async","binder async rcv",3421,3468,1466,3362,115556687,115554652,"0x01 Java Layer Dependent","0x11 this is a one-way call: async, no return; allow replies with file descriptors; "
5100,81996,81997,813350438856255,813350438899068,"binder transaction async","binder async rcv",1466,3397,3421,3453,115556688,115554649,"0x0a Java Layer Dependent","0x11 this is a one-way call: async, no return; allow replies with file descriptors; "
5101,81998,81999,813350439178390,813350439226776,"binder transaction async","binder async rcv",3421,3468,1466,3362,115556689,115554652,"0x01 Java Layer Dependent","0x11 this is a one-way call: async, no return; allow replies with file descriptors; "
5102,82006,82007,813350439748651,813350439786203,"binder transaction async","binder async rcv",1466,3397,3421,3453,115556690,115554649,"0x0a Java Layer Dependent","0x11 this is a one-way call: async, no return; allow replies with file descriptors; "
5103,82008,82009,813350440072036,813350440160995,"binder transaction async","binder async rcv",3421,3468,1466,3362,115556691,115554652,"0x01 Java Layer Dependent","0x11 this is a one-way call: async, no return; allow replies with file descriptors; "
5104,82016,82017,813350440678078,813350440715890,"binder transaction async","binder async rcv",1466,3397,3421,3453,115556692,115554649,"0x0a Java Layer Dependent","0x11 this is a one-way call: async, no return; allow replies with file descriptors; "
5105,82018,82019,813350441016359,813350441062349,"binder transaction async","binder async rcv",3421,3468,1466,3362,115556693,115554652,"0x01 Java Layer Dependent","0x11 this is a one-way call: async, no return; allow replies with file descriptors; "
5106,82026,82027,813350441525057,813350441568495,"binder transaction async","binder async rcv",1466,3397,3421,3453,115556694,115554649,"0x0a Java Layer Dependent","0x11 this is a one-way call: async, no return; allow replies with file descriptors; "
5107,82028,82029,813350441934797,813350441991828,"binder transaction async","binder async rcv",3421,3468,1466,3362,115556695,115554652,"0x01 Java Layer Dependent","0x11 this is a one-way call: async, no return; allow replies with file descriptors; "
5108,82036,82037,813350442527505,813350442576151,"binder transaction async","binder async rcv",1466,3397,3421,3453,115556696,115554649,"0x0a Java Layer Dependent","0x11 this is a one-way call: async, no return; allow replies with file descriptors; "
5109,82038,82039,813350442890995,813350442942349,"binder transaction async","binder async rcv",3421,3468,1466,3362,115556697,115554652,"0x01 Java Layer Dependent","0x11 this is a one-way call: async, no return; allow replies with file descriptors; "
5110,82046,82047,813350443423599,813350443504588,"binder transaction async","binder async rcv",1466,3397,3421,3453,115556698,115554649,"0x0a Java Layer Dependent","0x11 this is a one-way call: async, no return; allow replies with file descriptors; "
5111,82048,82049,813350443898495,813350443960630,"binder transaction async","binder async rcv",3421,3468,1466,3362,115556699,115554652,"0x01 Java Layer Dependent","0x11 this is a one-way call: async, no return; allow replies with file descriptors; "
5112,82056,82057,813350444563755,813350444605161,"binder transaction async","binder async rcv",1466,3397,3421,3453,115556700,115554649,"0x0a Java Layer Dependent","0x11 this is a one-way call: async, no return; allow replies with file descriptors; "
5113,82058,82059,813350444971620,813350445032245,"binder transaction async","binder async rcv",3421,3468,1466,3362,115556701,115554652,"0x01 Java Layer Dependent","0x11 this is a one-way call: async, no return; allow replies with file descriptors; "
5114,82066,82067,813350445632713,813350445682609,"binder transaction async","binder async rcv",1466,3397,3421,3453,115556702,115554649,"0x0a Java Layer Dependent","0x11 this is a one-way call: async, no return; allow replies with file descriptors; "
5115,82068,82069,813350446067297,813350446119328,"binder transaction async","binder async rcv",3421,3468,1466,3362,115556703,115554652,"0x01 Java Layer Dependent","0x11 this is a one-way call: async, no return; allow replies with file descriptors; "
5116,82076,82077,813350446727349,813350446775005,"binder transaction async","binder async rcv",1466,3397,3421,3453,115556704,115554649,"0x0a Java Layer Dependent","0x11 this is a one-way call: async, no return; allow replies with file descriptors; "
5117,82078,82079,813350447135526,813350447189380,"binder transaction async","binder async rcv",3421,3468,1466,3362,115556705,115554652,"0x01 Java Layer Dependent","0x11 this is a one-way call: async, no return; allow replies with file descriptors; "
5118,82086,82087,813350447806776,813350447858026,"binder transaction async","binder async rcv",1466,3397,3421,3453,115556706,115554649,"0x0a Java Layer Dependent","0x11 this is a one-way call: async, no return; allow replies with file descriptors; "
5119,82088,82089,813350448211724,813350448265578,"binder transaction async","binder async rcv",3421,3468,1466,3362,115556707,115554652,"0x01 Java Layer Dependent","0x11 this is a one-way call: async, no return; allow replies with file descriptors; "
5120,82096,82097,813350448879432,813350448931307,"binder transaction async","binder async rcv",1466,3397,3421,3453,115556708,115554649,"0x0a Java Layer Dependent","0x11 this is a one-way call: async, no return; allow replies with file descriptors; "
5121,82098,82099,813350449288078,813350449342297,"binder transaction async","binder async rcv",3421,3468,1466,3362,115556709,115554652,"0x01 Java Layer Dependent","0x11 this is a one-way call: async, no return; allow replies with file descriptors; "
5122,82106,82107,813350449930265,813350449981151,"binder transaction async","binder async rcv",1466,3397,3421,3453,115556710,115554649,"0x0a Java Layer Dependent","0x11 this is a one-way call: async, no return; allow replies with file descriptors; "
5123,82108,82109,813350450344849,813350450397193,"binder transaction async","binder async rcv",3421,3468,1466,3362,115556711,115554652,"0x01 Java Layer Dependent","0x11 this is a one-way call: async, no return; allow replies with file descriptors; "
5124,82116,82117,813350450995786,813350451042453,"binder transaction async","binder async rcv",1466,3397,3421,3453,115556712,115554649,"0x0a Java Layer Dependent","0x11 this is a one-way call: async, no return; allow replies with file descriptors; "
5125,82118,82119,813350451466411,813350451532557,"binder transaction async","binder async rcv",3421,3468,1466,3362,115556713,115554652,"0x01 Java Layer Dependent","0x11 this is a one-way call: async, no return; allow replies with file descriptors; "
5126,82126,82127,813350452340318,813350452408390,"binder transaction async","binder async rcv",1466,3397,3421,3453,115556714,115554649,"0x0a Java Layer Dependent","0x11 this is a one-way call: async, no return; allow replies with file descriptors; "
5127,82128,82129,813350452884953,813350452951099,"binder transaction async","binder async rcv",3421,3468,1466,3362,115556715,115554652,"0x01 Java Layer Dependent","0x11 this is a one-way call: async, no return; allow replies with file descriptors; "
5128,82136,82137,813350453732713,813350453789849,"binder transaction async","binder async rcv",1466,3397,3421,3453,115556716,115554649,"0x0a Java Layer Dependent","0x11 this is a one-way call: async, no return; allow replies with file descriptors; "
5129,82138,82139,813350454251359,813350454317818,"binder transaction async","binder async rcv",3421,3468,1466,3362,115556717,115554652,"0x01 Java Layer Dependent","0x11 this is a one-way call: async, no return; allow replies with file descriptors; "
5130,82146,82147,813350455061463,813350455116776,"binder transaction async","binder async rcv",1466,3397,3421,3453,115556718,115554649,"0x0a Java Layer Dependent","0x11 this is a one-way call: async, no return; allow replies with file descriptors; "
5131,82148,82149,813350455596672,813350455666411,"binder transaction async","binder async rcv",3421,3468,1466,3362,115556719,115554652,"0x01 Java Layer Dependent","0x11 this is a one-way call: async, no return; allow replies with file descriptors; "
5132,82156,82157,813350456531255,813350456598547,"binder transaction async","binder async rcv",1466,3397,3421,3453,115556720,115554649,"0x0a Java Layer Dependent","0x11 this is a one-way call: async, no return; allow replies with file descriptors; "
5133,82158,82159,813350457082088,813350457149849,"binder transaction async","binder async rcv",3421,3468,1466,3362,115556721,115554652,"0x01 Java Layer Dependent","0x11 this is a one-way call: async, no return; allow replies with file descriptors; "
5134,82166,82167,813350457892088,813350457950995,"binder transaction async","binder async rcv",1466,3397,3421,3453,115556722,115554649,"0x0a Java Layer Dependent","0x11 this is a one-way call: async, no return; allow replies with file descriptors; "
5135,82168,82169,813350458407140,813350458473443,"binder transaction async","binder async rcv",3421,3468,1466,3362,115556723,115554652,"0x01 Java Layer Dependent","0x11 this is a one-way call: async, no return; allow replies with file descriptors; "
5136,82176,82177,813350459263547,813350459318963,"binder transaction async","binder async rcv",1466,3397,3421,3453,115556724,115554649,"0x0a Java Layer Dependent","0x11 this is a one-way call: async, no return; allow replies with file descriptors; "
5137,82178,82179,813350459786568,813350459853078,"binder transaction async","binder async rcv",3421,3468,1466,3362,115556725,115554652,"0x01 Java Layer Dependent","0x11 this is a one-way call: async, no return; allow replies with file descriptors; "
5138,82186,82187,813350460723651,813350460782713,"binder transaction async","binder async rcv",1466,3397,3421,3453,115556726,115554649,"0x0a Java Layer Dependent","0x11 this is a one-way call: async, no return; allow replies with file descriptors; "
5139,82190,82191,813350461323755,813350461391932,"binder transaction async","binder async rcv",3421,3468,1466,3362,115556727,115554652,"0x01 Java Layer Dependent","0x11 this is a one-way call: async, no return; allow replies with file descriptors; "
5140,82204,82206,813350462178547,813350462248963,"binder transaction async","binder async rcv",1466,3397,3421,3453,115556728,115554649,"0x0a Java Layer Dependent","0x11 this is a one-way call: async, no return; allow replies with file descriptors; "
5141,82211,82212,813350462766880,813350462836307,"binder transaction async","binder async rcv",3421,3468,1466,3362,115556729,115554652,"0x01 Java Layer Dependent","0x11 this is a one-way call: async, no return; allow replies with file descriptors; "
5142,82219,82220,813350463619797,813350463673286,"binder transaction async","binder async rcv",1466,3397,3421,3453,115556730,115554649,"0x0a Java Layer Dependent","0x11 this is a one-way call: async, no return; allow replies with file descriptors; "
5143,82221,82222,813350464162609,813350464215474,"binder transaction async","binder async rcv",3421,3468,1466,3362,115556731,115554652,"0x01 Java Layer Dependent","0x11 this is a one-way call: async, no return; allow replies with file descriptors; "
5144,82229,82230,813350464968963,813350465023443,"binder transaction async","binder async rcv",1466,3397,3421,3453,115556732,115554649,"0x0a Java Layer Dependent","0x11 this is a one-way call: async, no return; allow replies with file descriptors; "
5145,82231,82232,813350465456932,813350465514849,"binder transaction async","binder async rcv",3421,3468,1466,3362,115556733,115554652,"0x01 Java Layer Dependent","0x11 this is a one-way call: async, no return; allow replies with file descriptors; "
5146,82239,82240,813350466266932,813350466323078,"binder transaction async","binder async rcv",1466,3397,3421,3453,115556734,115554649,"0x0a Java Layer Dependent","0x11 this is a one-way call: async, no return; allow replies with file descriptors; "
5147,82241,82242,813350466767349,813350466831255,"binder transaction async","binder async rcv",3421,3468,1466,3362,115556735,115554652,"0x01 Java Layer Dependent","0x11 this is a one-way call: async, no return; allow replies with file descriptors; "
5148,82249,82250,813350467569015,813350467624015,"binder transaction async","binder async rcv",1466,3397,3421,3453,115556736,115554649,"0x0a Java Layer Dependent","0x11 this is a one-way call: async, no return; allow replies with file descriptors; "
5149,82251,82252,813350468046307,813350468139849,"binder transaction async","binder async rcv",3421,3468,1466,3362,115556737,115554652,"0x01 Java Layer Dependent","0x11 this is a one-way call: async, no return; allow replies with file descriptors; "
5151,82261,82262,813350468881932,813350468931984,"binder transaction async","binder async rcv",1466,3397,3421,3453,115556739,115554649,"0x0a Java Layer Dependent","0x11 this is a one-way call: async, no return; allow replies with file descriptors; "
5152,82263,82264,813350469364224,813350469423234,"binder transaction async","binder async rcv",3421,3468,1466,3362,115556740,115554652,"0x01 Java Layer Dependent","0x11 this is a one-way call: async, no return; allow replies with file descriptors; "
5153,82271,82272,813350470221828,813350470280578,"binder transaction async","binder async rcv",1466,3397,3421,3453,115556741,115554649,"0x0a Java Layer Dependent","0x11 this is a one-way call: async, no return; allow replies with file descriptors; "
5154,82273,82274,813350470714172,813350470774849,"binder transaction async","binder async rcv",3421,3468,1466,3362,115556742,115554652,"0x01 Java Layer Dependent","0x11 this is a one-way call: async, no return; allow replies with file descriptors; "
5155,82281,82283,813350471575838,813350471630213,"binder transaction async","binder async rcv",1466,3397,3421,3453,115556743,115554649,"0x0a Java Layer Dependent","0x11 this is a one-way call: async, no return; allow replies with file descriptors; "
5156,82284,82285,813350472059797,813350472137245,"binder transaction async","binder async rcv",3421,3468,1466,3362,115556744,115554652,"0x01 Java Layer Dependent","0x11 this is a one-way call: async, no return; allow replies with file descriptors; "
5157,82292,82293,813350472886724,813350472936203,"binder transaction async","binder async rcv",1466,3397,3421,3453,115556745,115554649,"0x0a Java Layer Dependent","0x11 this is a one-way call: async, no return; allow replies with file descriptors; "
5158,82294,82295,813350473407036,813350473470995,"binder transaction async","binder async rcv",3421,3468,1466,3362,115556746,115554652,"0x01 Java Layer Dependent","0x11 this is a one-way call: async, no return; allow replies with file descriptors; "
5159,82302,82303,813350474258859,813350474315838,"binder transaction async","binder async rcv",1466,3397,3421,3453,115556747,115554649,"0x0a Java Layer Dependent","0x11 this is a one-way call: async, no return; allow replies with file descriptors; "
5160,82304,82305,813350474780943,813350474834276,"binder transaction async","binder async rcv",3421,3468,1466,3362,115556748,115554652,"0x01 Java Layer Dependent","0x11 this is a one-way call: async, no return; allow replies with file descriptors; "
5161,82312,82313,813350475559432,813350475615734,"binder transaction async","binder async rcv",1466,3397,3421,3453,115556749,115554649,"0x0a Java Layer Dependent","0x11 this is a one-way call: async, no return; allow replies with file descriptors; "
5162,82314,82315,813350476070578,813350476165005,"binder transaction async","binder async rcv",3421,3468,1466,3362,115556750,115554652,"0x01 Java Layer Dependent","0x11 this is a one-way call: async, no return; allow replies with file descriptors; "
5163,82322,82323,813350477014640,813350477067401,"binder transaction async","binder async rcv",1466,3397,3421,3453,115556751,115554649,"0x0a Java Layer Dependent","0x11 this is a one-way call: async, no return; allow replies with file descriptors; "
5164,82324,82325,813350477504380,813350477568390,"binder transaction async","binder async rcv",3421,3468,1466,3362,115556752,115554652,"0x01 Java Layer Dependent","0x11 this is a one-way call: async, no return; allow replies with file descriptors; "
5165,82332,82333,813350478395005,813350478457088,"binder transaction async","binder async rcv",1466,3397,3421,3453,115556753,115554649,"0x0a Java Layer Dependent","0x11 this is a one-way call: async, no return; allow replies with file descriptors; "
5166,82334,82335,813350478916620,813350478978130,"binder transaction async","binder async rcv",3421,3468,1466,3362,115556754,115554652,"0x01 Java Layer Dependent","0x11 this is a one-way call: async, no return; allow replies with file descriptors; "
5167,82344,82345,813350479821932,813350479872401,"binder transaction async","binder async rcv",1466,3397,3421,3453,115556755,115554649,"0x0a Java Layer Dependent","0x11 this is a one-way call: async, no return; allow replies with file descriptors; "
5168,82350,82351,813350480411568,813350480497193,"binder transaction async","binder async rcv",3421,3468,1466,3362,115556756,115554652,"0x01 Java Layer Dependent","0x11 this is a one-way call: async, no return; allow replies with file descriptors; "
5169,82358,82359,813350481387349,813350481444172,"binder transaction async","binder async rcv",1466,3397,3421,3453,115556757,115554649,"0x0a Java Layer Dependent","0x11 this is a one-way call: async, no return; allow replies with file descriptors; "
5170,82360,82361,813350481931568,813350481997922,"binder transaction async","binder async rcv",3421,3468,1466,3362,115556758,115554652,"0x01 Java Layer Dependent","0x11 this is a one-way call: async, no return; allow replies with file descriptors; "
5171,82368,82369,813350482809640,813350482865838,"binder transaction async","binder async rcv",1466,3397,3421,3453,115556759,115554649,"0x0a Java Layer Dependent","0x11 this is a one-way call: async, no return; allow replies with file descriptors; "
5172,82370,82371,813350483297818,813350483411203,"binder transaction async","binder async rcv",3421,3468,1466,3362,115556760,115554652,"0x01 Java Layer Dependent","0x11 this is a one-way call: async, no return; allow replies with file descriptors; "
5173,82378,82379,813350484302765,813350484346099,"binder transaction async","binder async rcv",1466,3397,3421,3453,115556761,115554649,"0x0a Java Layer Dependent","0x11 this is a one-way call: async, no return; allow replies with file descriptors; "
5174,82380,82381,813350484779328,813350484834953,"binder transaction async","binder async rcv",3421,3468,1466,3362,115556762,115554652,"0x01 Java Layer Dependent","0x11 this is a one-way call: async, no return; allow replies with file descriptors; "
5175,82395,82396,813350485690422,813350485748495,"binder transaction async","binder async rcv",1466,3397,3421,3453,115556763,115554649,"0x0a Java Layer Dependent","0x11 this is a one-way call: async, no return; allow replies with file descriptors; "
5176,82397,82398,813350486166932,813350486227974,"binder transaction async","binder async rcv",3421,3468,1466,3362,115556764,115554652,"0x01 Java Layer Dependent","0x11 this is a one-way call: async, no return; allow replies with file descriptors; "
5177,82405,82406,813350486975422,813350487030943,"binder transaction async","binder async rcv",1466,3397,3421,3453,115556765,115554649,"0x0a Java Layer Dependent","0x11 this is a one-way call: async, no return; allow replies with file descriptors; "
5178,82407,82408,813350487489432,813350487550474,"binder transaction async","binder async rcv",3421,3468,1466,3362,115556766,115554652,"0x01 Java Layer Dependent","0x11 this is a one-way call: async, no return; allow replies with file descriptors; "
5179,82415,82416,813350488314901,813350488366359,"binder transaction async","binder async rcv",1466,3397,3421,3453,115556767,115554649,"0x0a Java Layer Dependent","0x11 this is a one-way call: async, no return; allow replies with file descriptors; "
5180,82417,82418,813350488776099,813350488840526,"binder transaction async","binder async rcv",3421,3468,1466,3362,115556768,115554652,"0x01 Java Layer Dependent","0x11 this is a one-way call: async, no return; allow replies with file descriptors; "
5181,82425,82426,813350489568078,813350489626151,"binder transaction async","binder async rcv",1466,3397,3421,3453,115556769,115554649,"0x0a Java Layer Dependent","0x11 this is a one-way call: async, no return; allow replies with file descriptors; "
5182,82427,82428,813350490044276,813350490102036,"binder transaction async","binder async rcv",3421,3468,1466,3362,115556770,115554652,"0x01 Java Layer Dependent","0x11 this is a one-way call: async, no return; allow replies with file descriptors; "
5183,82435,82436,813350490838963,813350490892765,"binder transaction async","binder async rcv",1466,3397,3421,3453,115556771,115554649,"0x0a Java Layer Dependent","0x11 this is a one-way call: async, no return; allow replies with file descriptors; "
5184,82437,82438,813350491318755,813350491429015,"binder transaction async","binder async rcv",3421,3468,1466,3362,115556772,115554652,"0x01 Java Layer Dependent","0x11 this is a one-way call: async, no return; allow replies with file descriptors; "
5185,82445,82446,813350492202609,813350492246724,"binder transaction async","binder async rcv",1466,3397,3421,3453,115556773,115554649,"0x0a Java Layer Dependent","0x11 this is a one-way call: async, no return; allow replies with file descriptors; "
5186,82447,82448,813350492632765,813350492684068,"binder transaction async","binder async rcv",3421,3468,1466,3362,115556774,115554652,"0x01 Java Layer Dependent","0x11 this is a one-way call: async, no return; allow replies with file descriptors; "
5187,82455,82456,813350493359120,813350493415786,"binder transaction async","binder async rcv",1466,3397,3421,3453,115556775,115554649,"0x0a Java Layer Dependent","0x11 this is a one-way call: async, no return; allow replies with file descriptors; "
5188,82459,82462,813350493837661,813350493903130,"binder transaction async","binder async rcv",3421,3468,1466,3362,115556776,115554652,"0x01 Java Layer Dependent","0x11 this is a one-way call: async, no return; allow replies with file descriptors; "
5189,82471,82472,813350494603703,813350494653755,"binder transaction async","binder async rcv",1466,3397,3421,3453,115556777,115554649,"0x0a Java Layer Dependent","0x11 this is a one-way call: async, no return; allow replies with file descriptors; "
5190,82473,82474,813350495043234,813350495103599,"binder transaction async","binder async rcv",3421,3468,1466,3362,115556778,115554652,"0x01 Java Layer Dependent","0x11 this is a one-way call: async, no return; allow replies with file descriptors; "
5191,82488,82489,813350495825995,813350495874849,"binder transaction async","binder async rcv",1466,3397,3421,3453,115556779,115554649,"0x0a Java Layer Dependent","0x11 this is a one-way call: async, no return; allow replies with file descriptors; "
5192,82490,82491,813350496306776,813350496366620,"binder transaction async","binder async rcv",3421,3468,1466,3362,115556780,115554652,"0x01 Java Layer Dependent","0x11 this is a one-way call: async, no return; allow replies with file descriptors; "
5193,82498,82499,813350497058026,813350497109224,"binder transaction async","binder async rcv",1466,3397,3421,3453,115556781,115554649,"0x0a Java Layer Dependent","0x11 this is a one-way call: async, no return; allow replies with file descriptors; "
5194,82500,82501,813350497484849,813350497538495,"binder transaction async","binder async rcv",3421,3468,1466,3362,115556782,115554652,"0x01 Java Layer Dependent","0x11 this is a one-way call: async, no return; allow replies with file descriptors; "
5195,82508,82509,813350498217036,813350498269953,"binder transaction async","binder async rcv",1466,3397,3421,3453,115556783,115554649,"0x0a Java Layer Dependent","0x11 this is a one-way call: async, no return; allow replies with file descriptors; "
5196,82510,82511,813350498682453,813350498734588,"binder transaction async","binder async rcv",3421,3468,1466,3362,115556784,115554652,"0x01 Java Layer Dependent","0x11 this is a one-way call: async, no return; allow replies with file descriptors; "
5197,82518,82519,813350499399536,813350499496568,"binder transaction async","binder async rcv",1466,3397,3421,3453,115556785,115554649,"0x0a Java Layer Dependent","0x11 this is a one-way call: async, no return; allow replies with file descriptors; "
5198,82527,82528,813350499931203,813350499999328,"binder transaction async","binder async rcv",3421,3468,1466,3362,115556786,115554652,"0x01 Java Layer Dependent","0x11 this is a one-way call: async, no return; allow replies with file descriptors; "
5199,82535,82536,813350500707453,813350500751932,"binder transaction async","binder async rcv",1466,3397,3421,3453,115556787,115554649,"0x0a Java Layer Dependent","0x11 this is a one-way call: async, no return; allow replies with file descriptors; "
5200,82537,82538,813350501095995,813350501143547,"binder transaction async","binder async rcv",3421,3468,1466,3362,115556788,115554652,"0x01 Java Layer Dependent","0x11 this is a one-way call: async, no return; allow replies with file descriptors; "
5201,82547,82548,813350501730370,813350501763495,"binder transaction async","binder async rcv",1466,3397,3421,3453,115556789,115554649,"0x0a Java Layer Dependent","0x11 this is a one-way call: async, no return; allow replies with file descriptors; "
5202,82553,82554,813350502065578,813350502127401,"binder transaction async","binder async rcv",3421,3468,1466,3362,115556790,115554652,"0x01 Java Layer Dependent","0x11 this is a one-way call: async, no return; allow replies with file descriptors; "
5203,82561,82562,813350502719276,813350502756568,"binder transaction async","binder async rcv",1466,3397,3421,3453,115556791,115554649,"0x0a Java Layer Dependent","0x11 this is a one-way call: async, no return; allow replies with file descriptors; "
5204,82563,82564,813350503084484,813350503130213,"binder transaction async","binder async rcv",3421,3468,1466,3362,115556792,115554652,"0x01 Java Layer Dependent","0x11 this is a one-way call: async, no return; allow replies with file descriptors; "
5205,82575,82576,813350503720526,813350503763547,"binder transaction async","binder async rcv",1466,3397,3421,3453,115556793,115554649,"0x0a Java Layer Dependent","0x11 this is a one-way call: async, no return; allow replies with file descriptors; "
5206,82579,82580,813350504055422,813350504151463,"binder transaction async","binder async rcv",3421,3468,1466,3362,115556794,115554652,"0x01 Java Layer Dependent","0x11 this is a one-way call: async, no return; allow replies with file descriptors; "
5207,82587,82588,813350504688182,813350504733755,"binder transaction async","binder async rcv",1466,3397,3421,3453,115556796,115554649,"0x0a Java Layer Dependent","0x11 this is a one-way call: async, no return; allow replies with file descriptors; "
5208,82589,82590,813350505081932,813350505134484,"binder transaction async","binder async rcv",3421,3468,1466,3362,115556797,115554652,"0x01 Java Layer Dependent","0x11 this is a one-way call: async, no return; allow replies with file descriptors; "
5209,82603,82604,813350505702453,813350505751359,"binder transaction async","binder async rcv",1466,3397,3421,3453,115556798,115554649,"0x0a Java Layer Dependent","0x11 this is a one-way call: async, no return; allow replies with file descriptors; "
5210,82605,82606,813350506097349,813350506152088,"binder transaction async","binder async rcv",3421,3468,1466,3362,115556799,115554652,"0x01 Java Layer Dependent","0x11 this is a one-way call: async, no return; allow replies with file descriptors; "
5211,82613,82614,813350506714484,813350506761776,"binder transaction async","binder async rcv",1466,3397,3421,3453,115556800,115554649,"0x0a Java Layer Dependent","0x11 this is a one-way call: async, no return; allow replies with file descriptors; "
5213,82617,82618,813350507086151,813350507137661,"binder transaction async","binder async rcv",3421,3468,1466,3362,115556801,115554652,"0x01 Java Layer Dependent","0x11 this is a one-way call: async, no return; allow replies with file descriptors; "
5215,82627,82629,813350507751151,813350507805734,"binder transaction async","binder async rcv",1466,3397,3421,3453,115556805,115554649,"0x0a Java Layer Dependent","0x11 this is a one-way call: async, no return; allow replies with file descriptors; "
5218,82633,82634,813350508250109,813350508289015,"binder transaction async","binder async rcv",3421,3468,1466,3362,115556809,115554652,"0x01 Java Layer Dependent","0x11 this is a one-way call: async, no return; allow replies with file descriptors; "
5219,82641,82642,813350508882713,813350508937401,"binder transaction async","binder async rcv",1466,3397,3421,3453,115556811,115554649,"0x0a Java Layer Dependent","0x11 this is a one-way call: async, no return; allow replies with file descriptors; "
5220,82643,82645,813350509265422,813350509320109,"binder transaction async","binder async rcv",3421,3468,1466,3362,115556813,115554652,"0x01 Java Layer Dependent","0x11 this is a one-way call: async, no return; allow replies with file descriptors; "
5222,82653,82654,813350509852713,813350509897818,"binder transaction async","binder async rcv",1466,3397,3421,3453,115556814,115554649,"0x0a Java Layer Dependent","0x11 this is a one-way call: async, no return; allow replies with file descriptors; "
5224,82656,82658,813350510239536,813350510359224,"binder transaction async","binder async rcv",3421,3468,1466,3362,115556816,115554652,"0x01 Java Layer Dependent","0x11 this is a one-way call: async, no return; allow replies with file descriptors; "
5225,82667,82668,813350510958963,813350510995265,"binder transaction async","binder async rcv",1466,3397,3421,3453,115556817,115554649,"0x0a Java Layer Dependent","0x11 this is a one-way call: async, no return; allow replies with file descriptors; "
5226,82673,82674,813350511352297,813350511429120,"binder transaction async","binder async rcv",3421,3468,1466,3362,115556818,115554652,"0x01 Java Layer Dependent","0x11 this is a one-way call: async, no return; allow replies with file descriptors; "
5227,82681,82682,813350512131463,813350512172765,"binder transaction async","binder async rcv",1466,3397,3421,3453,115556819,115554649,"0x0a Java Layer Dependent","0x11 this is a one-way call: async, no return; allow replies with file descriptors; "
5228,82683,82684,813350512515838,813350512596515,"binder transaction async","binder async rcv",3421,3468,1466,3362,115556820,115554652,"0x01 Java Layer Dependent","0x11 this is a one-way call: async, no return; allow replies with file descriptors; "
5229,82691,82692,813350513208703,813350513257297,"binder transaction async","binder async rcv",1466,3397,3421,3453,115556821,115554649,"0x0a Java Layer Dependent","0x11 this is a one-way call: async, no return; allow replies with file descriptors; "
5230,82693,82694,813350513554588,813350513617974,"binder transaction async","binder async rcv",3421,3468,1466,3362,115556822,115554652,"0x01 Java Layer Dependent","0x11 this is a one-way call: async, no return; allow replies with file descriptors; "
5231,82701,82702,813350514190474,813350514235630,"binder transaction async","binder async rcv",1466,3397,3421,3453,115556823,115554649,"0x0a Java Layer Dependent","0x11 this is a one-way call: async, no return; allow replies with file descriptors; "
5232,82703,82704,813350514546932,813350514612297,"binder transaction async","binder async rcv",3421,3468,1466,3362,115556824,115554652,"0x01 Java Layer Dependent","0x11 this is a one-way call: async, no return; allow replies with file descriptors; "
5233,82711,82712,813350515199849,813350515240578,"binder transaction async","binder async rcv",1466,3397,3421,3453,115556825,115554649,"0x0a Java Layer Dependent","0x11 this is a one-way call: async, no return; allow replies with file descriptors; "
5234,82713,82714,813350515564901,813350515778390,"binder transaction async","binder async rcv",3421,3468,1466,3362,115556826,115554652,"0x01 Java Layer Dependent","0x11 this is a one-way call: async, no return; allow replies with file descriptors; "
5235,82726,82727,813350516469745,813350516511568,"binder transaction async","binder async rcv",1466,3397,3421,3453,115556827,115554649,"0x0a Java Layer Dependent","0x11 this is a one-way call: async, no return; allow replies with file descriptors; "
5236,82728,82729,813350516820786,813350516874953,"binder transaction async","binder async rcv",3421,3468,1466,3362,115556828,115554652,"0x01 Java Layer Dependent","0x11 this is a one-way call: async, no return; allow replies with file descriptors; "
5237,82736,82737,813350517439068,813350517481776,"binder transaction async","binder async rcv",1466,3397,3421,3453,115556829,115554649,"0x0a Java Layer Dependent","0x11 this is a one-way call: async, no return; allow replies with file descriptors; "
5238,82738,82739,813350517781151,813350517828286,"binder transaction async","binder async rcv",3421,3468,1466,3362,115556830,115554652,"0x01 Java Layer Dependent","0x11 this is a one-way call: async, no return; allow replies with file descriptors; "
5239,82746,82747,813350518347870,813350518389276,"binder transaction async","binder async rcv",1466,3397,3421,3453,115556831,115554649,"0x0a Java Layer Dependent","0x11 this is a one-way call: async, no return; allow replies with file descriptors; "
5240,82748,82749,813350518667193,813350518708911,"binder transaction async","binder async rcv",3421,3468,1466,3362,115556832,115554652,"0x01 Java Layer Dependent","0x11 this is a one-way call: async, no return; allow replies with file descriptors; "
5241,82758,82760,813350519295682,813350519334693,"binder transaction async","binder async rcv",1466,3397,3421,3453,115556833,115554649,"0x0a Java Layer Dependent","0x11 this is a one-way call: async, no return; allow replies with file descriptors; "
5242,82764,82765,813350519604640,813350519648286,"binder transaction async","binder async rcv",3421,3468,1466,3362,115556834,115554652,"0x01 Java Layer Dependent","0x11 this is a one-way call: async, no return; allow replies with file descriptors; "
5243,82772,82773,813350520200682,813350520243443,"binder transaction async","binder async rcv",1466,3397,3421,3453,115556835,115554649,"0x0a Java Layer Dependent","0x11 this is a one-way call: async, no return; allow replies with file descriptors; "
5244,82774,82775,813350520533338,813350520573234,"binder transaction async","binder async rcv",3421,3468,1466,3362,115556836,115554652,"0x01 Java Layer Dependent","0x11 this is a one-way call: async, no return; allow replies with file descriptors; "
5245,82782,82783,813350521106099,813350521148026,"binder transaction async","binder async rcv",1466,3397,3421,3453,115556837,115554649,"0x0a Java Layer Dependent","0x11 this is a one-way call: async, no return; allow replies with file descriptors; "
5246,82784,82785,813350521425161,813350521464276,"binder transaction async","binder async rcv",3421,3468,1466,3362,115556838,115554652,"0x01 Java Layer Dependent","0x11 this is a one-way call: async, no return; allow replies with file descriptors; "
5247,82792,82793,813350521967661,813350522004224,"binder transaction async","binder async rcv",1466,3397,3421,3453,115556839,115554649,"0x0a Java Layer Dependent","0x11 this is a one-way call: async, no return; allow replies with file descriptors; "
5248,82794,82795,813350522290265,813350522334797,"binder transaction async","binder async rcv",3421,3468,1466,3362,115556840,115554652,"0x01 Java Layer Dependent","0x11 this is a one-way call: async, no return; allow replies with file descriptors; "
5249,82802,82803,813350522845318,813350522887088,"binder transaction async","binder async rcv",1466,3397,3421,3453,115556841,115554649,"0x0a Java Layer Dependent","0x11 this is a one-way call: async, no return; allow replies with file descriptors; "
5250,82804,82805,813350523158443,813350523200578,"binder transaction async","binder async rcv",3421,3468,1466,3362,115556842,115554652,"0x01 Java Layer Dependent","0x11 this is a one-way call: async, no return; allow replies with file descriptors; "
5252,82814,82815,813350523779588,813350523816255,"binder transaction async","binder async rcv",1466,3397,3421,3453,115556844,115554649,"0x0a Java Layer Dependent","0x11 this is a one-way call: async, no return; allow replies with file descriptors; "
5253,82816,82817,813350524139797,813350524180838,"binder transaction async","binder async rcv",3421,3468,1466,3362,115556845,115554652,"0x01 Java Layer Dependent","0x11 this is a one-way call: async, no return; allow replies with file descriptors; "
5254,82826,82827,813350524723911,813350524764797,"binder transaction async","binder async rcv",1466,3397,3421,3453,115556846,115554649,"0x0a Java Layer Dependent","0x11 this is a one-way call: async, no return; allow replies with file descriptors; "
5255,82828,82830,813350525081776,813350525171515,"binder transaction async","binder async rcv",3421,3468,1466,3362,115556847,115554652,"0x01 Java Layer Dependent","0x11 this is a one-way call: async, no return; allow replies with file descriptors; "
5256,82840,82841,813350525729015,813350525765526,"binder transaction async","binder async rcv",1466,3397,3421,3453,115556848,115554649,"0x0a Java Layer Dependent","0x11 this is a one-way call: async, no return; allow replies with file descriptors; "
5257,82842,82843,813350526030526,813350526074536,"binder transaction async","binder async rcv",3421,3468,1466,3362,115556849,115554652,"0x01 Java Layer Dependent","0x11 this is a one-way call: async, no return; allow replies with file descriptors; "
5258,82850,82851,813350526567245,813350526606880,"binder transaction async","binder async rcv",1466,3397,3421,3453,115556850,115554649,"0x0a Java Layer Dependent","0x11 this is a one-way call: async, no return; allow replies with file descriptors; "
5259,82852,82853,813350526884693,813350526928078,"binder transaction async","binder async rcv",3421,3468,1466,3362,115556851,115554652,"0x01 Java Layer Dependent","0x11 this is a one-way call: async, no return; allow replies with file descriptors; "
5260,82861,82862,813350527426776,813350527462297,"binder transaction async","binder async rcv",1466,3397,3421,3453,115556855,115554649,"0x0a Java Layer Dependent","0x11 this is a one-way call: async, no return; allow replies with file descriptors; "
5262,82864,82865,813350527728807,813350527767036,"binder transaction async","binder async rcv",3421,3468,1466,3362,115556856,115554652,"0x01 Java Layer Dependent","0x11 this is a one-way call: async, no return; allow replies with file descriptors; "
5264,82873,82875,813350528297557,813350528335161,"binder transaction async","binder async rcv",1466,3397,3421,3453,115556858,115554649,"0x0a Java Layer Dependent","0x11 this is a one-way call: async, no return; allow replies with file descriptors; "
5265,82876,82877,813350528657557,813350528704693,"binder transaction async","binder async rcv",3421,3468,1466,3362,115556859,115554652,"0x01 Java Layer Dependent","0x11 this is a one-way call: async, no return; allow replies with file descriptors; "
5266,82885,82886,813350529235734,813350529279849,"binder transaction async","binder async rcv",1466,3397,3421,3453,115556861,115554649,"0x0a Java Layer Dependent","0x11 this is a one-way call: async, no return; allow replies with file descriptors; "
5268,82888,82889,813350529599224,813350529640526,"binder transaction async","binder async rcv",3421,3468,1466,3362,115556863,115554652,"0x01 Java Layer Dependent","0x11 this is a one-way call: async, no return; allow replies with file descriptors; "
5269,82896,82897,813350530170213,813350530206359,"binder transaction async","binder async rcv",1466,3397,3421,3453,115556864,115554649,"0x0a Java Layer Dependent","0x11 this is a one-way call: async, no return; allow replies with file descriptors; "
5270,82898,82899,813350530513286,813350530556203,"binder transaction async","binder async rcv",3421,3468,1466,3362,115556865,115554652,"0x01 Java Layer Dependent","0x11 this is a one-way call: async, no return; allow replies with file descriptors; "
5271,82906,82907,813350531066463,813350531103807,"binder transaction async","binder async rcv",1466,3397,3421,3453,115556866,115554649,"0x0a Java Layer Dependent","0x11 this is a one-way call: async, no return; allow replies with file descriptors; "
5272,82908,82909,813350531419015,813350531526463,"binder transaction async","binder async rcv",3421,3468,1466,3362,115556867,115554652,"0x01 Java Layer Dependent","0x11 this is a one-way call: async, no return; allow replies with file descriptors; "
5273,82916,82917,813350532150890,813350532192870,"binder transaction async","binder async rcv",1466,3397,3421,3453,115556868,115554649,"0x0a Java Layer Dependent","0x11 this is a one-way call: async, no return; allow replies with file descriptors; "
5274,82918,82919,813350532538859,813350532584953,"binder transaction async","binder async rcv",3421,3468,1466,3362,115556869,115554652,"0x01 Java Layer Dependent","0x11 this is a one-way call: async, no return; allow replies with file descriptors; "
5275,82926,82927,813350533179276,813350533223651,"binder transaction async","binder async rcv",1466,3397,3421,3453,115556870,115554649,"0x0a Java Layer Dependent","0x11 this is a one-way call: async, no return; allow replies with file descriptors; "
5276,82928,82929,813350533544901,813350533591828,"binder transaction async","binder async rcv",3421,3468,1466,3362,115556871,115554652,"0x01 Java Layer Dependent","0x11 this is a one-way call: async, no return; allow replies with file descriptors; "
5277,82936,82937,813350534123651,813350534163442,"binder transaction async","binder async rcv",1466,3397,3421,3453,115556872,115554649,"0x0a Java Layer Dependent","0x11 this is a one-way call: async, no return; allow replies with file descriptors; "
5278,82938,82939,813350534468599,813350534518911,"binder transaction async","binder async rcv",3421,3468,1466,3362,115556873,115554652,"0x01 Java Layer Dependent","0x11 this is a one-way call: async, no return; allow replies with file descriptors; "
5279,82946,82947,813350535110838,813350535159536,"binder transaction async","binder async rcv",1466,3397,3421,3453,115556874,115554649,"0x0a Java Layer Dependent","0x11 this is a one-way call: async, no return; allow replies with file descriptors; "
5280,82948,82949,813350535472245,813350535523026,"binder transaction async","binder async rcv",3421,3468,1466,3362,115556875,115554652,"0x01 Java Layer Dependent","0x11 this is a one-way call: async, no return; allow replies with file descriptors; "
5281,82956,82957,813350536049120,813350536088495,"binder transaction async","binder async rcv",1466,3397,3421,3453,115556876,115554649,"0x0a Java Layer Dependent","0x11 this is a one-way call: async, no return; allow replies with file descriptors; "
5282,82958,82959,813350536406255,813350536456776,"binder transaction async","binder async rcv",3421,3468,1466,3362,115556877,115554652,"0x01 Java Layer Dependent","0x11 this is a one-way call: async, no return; allow replies with file descriptors; "
5283,82968,82969,813350537154432,813350537191463,"binder transaction async","binder async rcv",1466,3397,3421,3453,115556878,115554649,"0x0a Java Layer Dependent","0x11 this is a one-way call: async, no return; allow replies with file descriptors; "
5284,82972,82975,813350537531932,813350537619015,"binder transaction async","binder async rcv",3421,3468,1466,3362,115556879,115554652,"0x01 Java Layer Dependent","0x11 this is a one-way call: async, no return; allow replies with file descriptors; "
5286,82984,82985,813350538153338,813350538192140,"binder transaction async","binder async rcv",1466,3397,3421,3453,115556881,115554649,"0x0a Java Layer Dependent","0x11 this is a one-way call: async, no return; allow replies with file descriptors; "
5287,82986,82987,813350538490578,813350538538703,"binder transaction async","binder async rcv",3421,3468,1466,3362,115556882,115554652,"0x01 Java Layer Dependent","0x11 this is a one-way call: async, no return; allow replies with file descriptors; "
5288,82994,82995,813350539068234,813350539106724,"binder transaction async","binder async rcv",1466,3397,3421,3453,115556883,115554649,"0x0a Java Layer Dependent","0x11 this is a one-way call: async, no return; allow replies with file descriptors; "
5289,82996,82997,813350539404745,813350539492922,"binder transaction async","binder async rcv",3421,3468,1466,3362,115556884,115554652,"0x01 Java Layer Dependent","0x11 this is a one-way call: async, no return; allow replies with file descriptors; "
5290,83004,83005,813350540028495,813350540070422,"binder transaction async","binder async rcv",1466,3397,3421,3453,115556885,115554649,"0x0a Java Layer Dependent","0x11 this is a one-way call: async, no return; allow replies with file descriptors; "
5291,83007,83008,813350540372922,813350540414015,"binder transaction async","binder async rcv",3421,3468,1466,3362,115556888,115554652,"0x01 Java Layer Dependent","0x11 this is a one-way call: async, no return; allow replies with file descriptors; "
5293,83016,83017,813350540887505,813350540927036,"binder transaction async","binder async rcv",1466,3397,3421,3453,115556889,115554649,"0x0a Java Layer Dependent","0x11 this is a one-way call: async, no return; allow replies with file descriptors; "
5294,83019,83020,813350541219015,813350541267870,"binder transaction async","binder async rcv",3421,3468,1466,3362,115556891,115554652,"0x01 Java Layer Dependent","0x11 this is a one-way call: async, no return; allow replies with file descriptors; "
5296,83028,83029,813350541777974,813350541820630,"binder transaction async","binder async rcv",1466,3397,3421,3453,115556892,115554649,"0x0a Java Layer Dependent","0x11 this is a one-way call: async, no return; allow replies with file descriptors; "
5297,83030,83031,813350542115422,813350542157401,"binder transaction async","binder async rcv",3421,3468,1466,3362,115556893,115554652,"0x01 Java Layer Dependent","0x11 this is a one-way call: async, no return; allow replies with file descriptors; "
5298,83038,83039,813350542639380,813350542675109,"binder transaction async","binder async rcv",1466,3397,3421,3453,115556894,115554649,"0x0a Java Layer Dependent","0x11 this is a one-way call: async, no return; allow replies with file descriptors; "
5299,83041,83042,813350542936672,813350542977349,"binder transaction async","binder async rcv",3421,3468,1466,3362,115556897,115554652,"0x01 Java Layer Dependent","0x11 this is a one-way call: async, no return; allow replies with file descriptors; "
5301,83054,83055,813350543461724,813350543499328,"binder transaction async","binder async rcv",1466,3397,3421,3453,115556902,115554649,"0x0a Java Layer Dependent","0x11 this is a one-way call: async, no return; allow replies with file descriptors; "
5305,83061,83062,813350543766828,813350543804224,"binder transaction async","binder async rcv",3421,3468,1466,3362,115556905,115554652,"0x01 Java Layer Dependent","0x11 this is a one-way call: async, no return; allow replies with file descriptors; "
5306,83069,83070,813350544413755,813350544453703,"binder transaction async","binder async rcv",1466,3397,3421,3453,115556907,115554649,"0x0a Java Layer Dependent","0x11 this is a one-way call: async, no return; allow replies with file descriptors; "
5307,83071,83072,813350544731203,813350544770578,"binder transaction async","binder async rcv",3421,3468,1466,3362,115556908,115554652,"0x01 Java Layer Dependent","0x11 this is a one-way call: async, no return; allow replies with file descriptors; "
5308,83079,83081,813350545256255,813350545295057,"binder transaction async","binder async rcv",1466,3397,3421,3453,115556909,115554649,"0x0a Java Layer Dependent","0x11 this is a one-way call: async, no return; allow replies with file descriptors; "
5310,83084,83085,813350545558859,813350545597192,"binder transaction async","binder async rcv",3421,3468,1466,3362,115556913,115554652,"0x01 Java Layer Dependent","0x11 this is a one-way call: async, no return; allow replies with file descriptors; "
5312,83093,83094,813350546094276,813350546135734,"binder transaction async","binder async rcv",1466,3397,3421,3453,115556914,115554649,"0x0a Java Layer Dependent","0x11 this is a one-way call: async, no return; allow replies with file descriptors; "
5313,83095,83096,813350546450057,813350546494432,"binder transaction async","binder async rcv",3421,3468,1466,3362,115556915,115554652,"0x01 Java Layer Dependent","0x11 this is a one-way call: async, no return; allow replies with file descriptors; "
5314,83103,83104,813350546990942,813350547026203,"binder transaction async","binder async rcv",1466,3397,3421,3453,115556916,115554649,"0x0a Java Layer Dependent","0x11 this is a one-way call: async, no return; allow replies with file descriptors; "
5315,83105,83106,813350547302870,813350547350995,"binder transaction async","binder async rcv",3421,3468,1466,3362,115556917,115554652,"0x01 Java Layer Dependent","0x11 this is a one-way call: async, no return; allow replies with file descriptors; "
5316,83113,83114,813350547898703,813350547942349,"binder transaction async","binder async rcv",1466,3397,3421,3453,115556918,115554649,"0x0a Java Layer Dependent","0x11 this is a one-way call: async, no return; allow replies with file descriptors; "
5317,83115,83116,813350548300786,813350548344588,"binder transaction async","binder async rcv",3421,3468,1466,3362,115556919,115554652,"0x01 Java Layer Dependent","0x11 this is a one-way call: async, no return; allow replies with file descriptors; "
5318,83123,83124,813350548894536,813350548943963,"binder transaction async","binder async rcv",1466,3397,3421,3453,115556920,115554649,"0x0a Java Layer Dependent","0x11 this is a one-way call: async, no return; allow replies with file descriptors; "
5319,83127,83133,813350549311203,813350549466515,"binder transaction async","binder async rcv",3421,3468,1466,3362,115556921,115554652,"0x01 Java Layer Dependent","0x11 this is a one-way call: async, no return; allow replies with file descriptors; "
5320,83140,83141,813350549992140,813350550033807,"binder transaction async","binder async rcv",1466,3397,3421,3453,115556922,115554649,"0x0a Java Layer Dependent","0x11 this is a one-way call: async, no return; allow replies with file descriptors; "
5321,83142,83143,813350550314588,813350550358963,"binder transaction async","binder async rcv",3421,3468,1466,3362,115556923,115554652,"0x01 Java Layer Dependent","0x11 this is a one-way call: async, no return; allow replies with file descriptors; "
5322,83150,83151,813350550830942,813350550870942,"binder transaction async","binder async rcv",1466,3397,3421,3453,115556924,115554649,"0x0a Java Layer Dependent","0x11 this is a one-way call: async, no return; allow replies with file descriptors; "
5323,83152,83153,813350551164536,813350551213963,"binder transaction async","binder async rcv",3421,3468,1466,3362,115556925,115554652,"0x01 Java Layer Dependent","0x11 this is a one-way call: async, no return; allow replies with file descriptors; "
5324,83160,83161,813350551742661,813350551787661,"binder transaction async","binder async rcv",1466,3397,3421,3453,115556926,115554649,"0x0a Java Layer Dependent","0x11 this is a one-way call: async, no return; allow replies with file descriptors; "
5325,83162,83163,813350552064015,813350552122245,"binder transaction async","binder async rcv",3421,3468,1466,3362,115556927,115554652,"0x01 Java Layer Dependent","0x11 this is a one-way call: async, no return; allow replies with file descriptors; "
5326,83170,83171,813350552607088,813350552639901,"binder transaction async","binder async rcv",1466,3397,3421,3453,115556928,115554649,"0x0a Java Layer Dependent","0x11 this is a one-way call: async, no return; allow replies with file descriptors; "
5327,83172,83173,813350552900526,813350552937453,"binder transaction async","binder async rcv",3421,3468,1466,3362,115556929,115554652,"0x01 Java Layer Dependent","0x11 this is a one-way call: async, no return; allow replies with file descriptors; "
5328,83180,83181,813350553429276,813350553466047,"binder transaction async","binder async rcv",1466,3397,3421,3453,115556930,115554649,"0x0a Java Layer Dependent","0x11 this is a one-way call: async, no return; allow replies with file descriptors; "
5329,83186,83189,813350553770265,813350553849067,"binder transaction async","binder async rcv",3421,3468,1466,3362,115556931,115554652,"0x01 Java Layer Dependent","0x11 this is a one-way call: async, no return; allow replies with file descriptors; "
5330,83196,83197,813350554359484,813350554399224,"binder transaction async","binder async rcv",1466,3397,3421,3453,115556932,115554649,"0x0a Java Layer Dependent","0x11 this is a one-way call: async, no return; allow replies with file descriptors; "
5331,83198,83199,813350554661880,813350554699953,"binder transaction async","binder async rcv",3421,3468,1466,3362,115556933,115554652,"0x01 Java Layer Dependent","0x11 this is a one-way call: async, no return; allow replies with file descriptors; "
5332,83213,83215,813350555206463,813350555234849,"binder transaction async","binder async rcv",1466,3397,3421,3453,115556934,115554649,"0x0a Java Layer Dependent","0x11 this is a one-way call: async, no return; allow replies with file descriptors; "
5334,83217,83218,813350555542401,813350555585578,"binder transaction async","binder async rcv",3421,3468,1466,3362,115556936,115554652,"0x01 Java Layer Dependent","0x11 this is a one-way call: async, no return; allow replies with file descriptors; "
5335,83225,83226,813350556075890,813350556187140,"binder transaction async","binder async rcv",1466,3397,3421,3453,115556937,115554649,"0x0a Java Layer Dependent","0x11 this is a one-way call: async, no return; allow replies with file descriptors; "
5336,83227,83228,813350556471620,813350556584901,"binder transaction async","binder async rcv",3421,3468,1466,3362,115556939,115554652,"0x01 Java Layer Dependent","0x11 this is a one-way call: async, no return; allow replies with file descriptors; "
5338,83236,83239,813350557042922,813350557078547,"binder transaction async","binder async rcv",1466,3397,3421,3453,115556941,115554649,"0x0a Java Layer Dependent","0x11 this is a one-way call: async, no return; allow replies with file descriptors; "
5340,83242,83243,813350557336463,813350557373182,"binder transaction async","binder async rcv",3421,3468,1466,3362,115556944,115554652,"0x01 Java Layer Dependent","0x11 this is a one-way call: async, no return; allow replies with file descriptors; "
5342,83251,83252,813350557829588,813350557862713,"binder transaction async","binder async rcv",1466,3397,3421,3453,115556945,115554649,"0x0a Java Layer Dependent","0x11 this is a one-way call: async, no return; allow replies with file descriptors; "
5343,83253,83254,813350558127088,813350558173182,"binder transaction async","binder async rcv",3421,3468,1466,3362,115556946,115554652,"0x01 Java Layer Dependent","0x11 this is a one-way call: async, no return; allow replies with file descriptors; "
5344,83261,83262,813350558679484,813350558719224,"binder transaction async","binder async rcv",1466,3397,3421,3453,115556947,115554649,"0x0a Java Layer Dependent","0x11 this is a one-way call: async, no return; allow replies with file descriptors; "
5345,83263,83264,813350558998338,813350559044536,"binder transaction async","binder async rcv",3421,3468,1466,3362,115556948,115554652,"0x01 Java Layer Dependent","0x11 this is a one-way call: async, no return; allow replies with file descriptors; "
5346,83271,83272,813350559563807,813350559603078,"binder transaction async","binder async rcv",1466,3397,3421,3453,115556949,115554649,"0x0a Java Layer Dependent","0x11 this is a one-way call: async, no return; allow replies with file descriptors; "
5347,83273,83274,813350559877922,813350559922140,"binder transaction async","binder async rcv",3421,3468,1466,3362,115556950,115554652,"0x01 Java Layer Dependent","0x11 this is a one-way call: async, no return; allow replies with file descriptors; "
5348,83281,83282,813350560439745,813350560476620,"binder transaction async","binder async rcv",1466,3397,3421,3453,115556951,115554649,"0x0a Java Layer Dependent","0x11 this is a one-way call: async, no return; allow replies with file descriptors; "
5349,83283,83284,813350560765942,813350560811307,"binder transaction async","binder async rcv",3421,3468,1466,3362,115556952,115554652,"0x01 Java Layer Dependent","0x11 this is a one-way call: async, no return; allow replies with file descriptors; "
5350,83291,83292,813350561305890,813350561344797,"binder transaction async","binder async rcv",1466,3397,3421,3453,115556953,115554649,"0x0a Java Layer Dependent","0x11 this is a one-way call: async, no return; allow replies with file descriptors; "
5351,83293,83294,813350561627922,813350561673963,"binder transaction async","binder async rcv",3421,3468,1466,3362,115556954,115554652,"0x01 Java Layer Dependent","0x11 this is a one-way call: async, no return; allow replies with file descriptors; "
5352,83301,83302,813350562200005,813350562243703,"binder transaction async","binder async rcv",1466,3397,3421,3453,115556955,115554649,"0x0a Java Layer Dependent","0x11 this is a one-way call: async, no return; allow replies with file descriptors; "
5353,83303,83304,813350562521932,813350562566828,"binder transaction async","binder async rcv",3421,3468,1466,3362,115556956,115554652,"0x01 Java Layer Dependent","0x11 this is a one-way call: async, no return; allow replies with file descriptors; "
5354,83311,83312,813350563071620,813350563113182,"binder transaction async","binder async rcv",1466,3397,3421,3453,115556957,115554649,"0x0a Java Layer Dependent","0x11 this is a one-way call: async, no return; allow replies with file descriptors; "
5355,83313,83314,813350563384745,813350563464120,"binder transaction async","binder async rcv",3421,3468,1466,3362,115556958,115554652,"0x01 Java Layer Dependent","0x11 this is a one-way call: async, no return; allow replies with file descriptors; "
5356,83321,83322,813350563943599,813350563981984,"binder transaction async","binder async rcv",1466,3397,3421,3453,115556959,115554649,"0x0a Java Layer Dependent","0x11 this is a one-way call: async, no return; allow replies with file descriptors; "
5357,83323,83324,813350564461359,813350564513495,"binder transaction async","binder async rcv",3421,3468,1466,3362,115556960,115554652,"0x01 Java Layer Dependent","0x11 this is a one-way call: async, no return; allow replies with file descriptors; "
5358,83331,83332,813350565066776,813350565116047,"binder transaction async","binder async rcv",1466,3397,3421,3453,115556961,115554649,"0x0a Java Layer Dependent","0x11 this is a one-way call: async, no return; allow replies with file descriptors; "
5359,83333,83334,813350565439067,813350565485630,"binder transaction async","binder async rcv",3421,3468,1466,3362,115556962,115554652,"0x01 Java Layer Dependent","0x11 this is a one-way call: async, no return; allow replies with file descriptors; "
5360,83341,83342,813350566016411,813350566059797,"binder transaction async","binder async rcv",1466,3397,3421,3453,115556963,115554649,"0x0a Java Layer Dependent","0x11 this is a one-way call: async, no return; allow replies with file descriptors; "
5361,83343,83344,813350566350213,813350566394745,"binder transaction async","binder async rcv",3421,3468,1466,3362,115556964,115554652,"0x01 Java Layer Dependent","0x11 this is a one-way call: async, no return; allow replies with file descriptors; "
5362,83351,83352,813350566920474,813350566962922,"binder transaction async","binder async rcv",1466,3397,3421,3453,115556965,115554649,"0x0a Java Layer Dependent","0x11 this is a one-way call: async, no return; allow replies with file descriptors; "
5363,83353,83354,813350567252974,813350567300370,"binder transaction async","binder async rcv",3421,3468,1466,3362,115556966,115554652,"0x01 Java Layer Dependent","0x11 this is a one-way call: async, no return; allow replies with file descriptors; "
5364,83361,83362,813350567839120,813350567886411,"binder transaction async","binder async rcv",1466,3397,3421,3453,115556967,115554649,"0x0a Java Layer Dependent","0x11 this is a one-way call: async, no return; allow replies with file descriptors; "
5365,83363,83364,813350568191255,813350568235526,"binder transaction async","binder async rcv",3421,3468,1466,3362,115556968,115554652,"0x01 Java Layer Dependent","0x11 this is a one-way call: async, no return; allow replies with file descriptors; "
5366,83371,83372,813350568765057,813350568807557,"binder transaction async","binder async rcv",1466,3397,3421,3453,115556969,115554649,"0x0a Java Layer Dependent","0x11 this is a one-way call: async, no return; allow replies with file descriptors; "
5367,83373,83374,813350569080474,813350569125526,"binder transaction async","binder async rcv",3421,3468,1466,3362,115556970,115554652,"0x01 Java Layer Dependent","0x11 this is a one-way call: async, no return; allow replies with file descriptors; "
5368,83381,83382,813350569604745,813350569650838,"binder transaction async","binder async rcv",1466,3397,3421,3453,115556971,115554649,"0x0a Java Layer Dependent","0x11 this is a one-way call: async, no return; allow replies with file descriptors; "
5369,83383,83384,813350569933234,813350569977140,"binder transaction async","binder async rcv",3421,3468,1466,3362,115556972,115554652,"0x01 Java Layer Dependent","0x11 this is a one-way call: async, no return; allow replies with file descriptors; "
5370,83391,83392,813350570464276,813350570508963,"binder transaction async","binder async rcv",1466,3397,3421,3453,115556973,115554649,"0x0a Java Layer Dependent","0x11 this is a one-way call: async, no return; allow replies with file descriptors; "
5371,83393,83394,813350570773390,813350570814588,"binder transaction async","binder async rcv",3421,3468,1466,3362,115556974,115554652,"0x01 Java Layer Dependent","0x11 this is a one-way call: async, no return; allow replies with file descriptors; "
5372,83401,83402,813350571318911,813350571390265,"binder transaction async","binder async rcv",1466,3397,3421,3453,115556975,115554649,"0x0a Java Layer Dependent","0x11 this is a one-way call: async, no return; allow replies with file descriptors; "
5373,83403,83405,813350571665474,813350571708807,"binder transaction async","binder async rcv",3421,3468,1466,3362,115556976,115554652,"0x01 Java Layer Dependent","0x11 this is a one-way call: async, no return; allow replies with file descriptors; "
5375,83413,83414,813350572311984,813350572346776,"binder transaction async","binder async rcv",1466,3397,3421,3453,115556978,115554649,"0x0a Java Layer Dependent","0x11 this is a one-way call: async, no return; allow replies with file descriptors; "
5376,83415,83416,813350572624484,813350572664692,"binder transaction async","binder async rcv",3421,3468,1466,3362,115556979,115554652,"0x01 Java Layer Dependent","0x11 this is a one-way call: async, no return; allow replies with file descriptors; "
5377,83423,83424,813350573148182,813350573185838,"binder transaction async","binder async rcv",1466,3397,3421,3453,115556981,115554649,"0x0a Java Layer Dependent","0x11 this is a one-way call: async, no return; allow replies with file descriptors; "
5378,83425,83426,813350573447140,813350573490265,"binder transaction async","binder async rcv",3421,3468,1466,3362,115556982,115554652,"0x01 Java Layer Dependent","0x11 this is a one-way call: async, no return; allow replies with file descriptors; "
5379,83433,83434,813350574136672,813350574172140,"binder transaction async","binder async rcv",1466,3397,3421,3453,115556983,115554649,"0x0a Java Layer Dependent","0x11 this is a one-way call: async, no return; allow replies with file descriptors; "
5380,83435,83436,813350574499380,813350574544432,"binder transaction async","binder async rcv",3421,3468,1466,3362,115556984,115554652,"0x01 Java Layer Dependent","0x11 this is a one-way call: async, no return; allow replies with file descriptors; "
5381,83443,83444,813350575091515,813350575134120,"binder transaction async","binder async rcv",1466,3397,3421,3453,115556985,115554649,"0x0a Java Layer Dependent","0x11 this is a one-way call: async, no return; allow replies with file descriptors; "
5382,83445,83446,813350575431359,813350575478182,"binder transaction async","binder async rcv",3421,3468,1466,3362,115556986,115554652,"0x01 Java Layer Dependent","0x11 this is a one-way call: async, no return; allow replies with file descriptors; "
5383,83453,83454,813350575994640,813350576038807,"binder transaction async","binder async rcv",1466,3397,3421,3453,115556987,115554649,"0x0a Java Layer Dependent","0x11 this is a one-way call: async, no return; allow replies with file descriptors; "
5384,83455,83456,813350576376099,813350576418547,"binder transaction async","binder async rcv",3421,3468,1466,3362,115556988,115554652,"0x01 Java Layer Dependent","0x11 this is a one-way call: async, no return; allow replies with file descriptors; "
5385,83463,83464,813350576915317,813350576954328,"binder transaction async","binder async rcv",1466,3397,3421,3453,115556989,115554649,"0x0a Java Layer Dependent","0x11 this is a one-way call: async, no return; allow replies with file descriptors; "
5386,83465,83466,813350577251724,813350577299901,"binder transaction async","binder async rcv",3421,3468,1466,3362,115556990,115554652,"0x01 Java Layer Dependent","0x11 this is a one-way call: async, no return; allow replies with file descriptors; "
5387,83473,83474,813350577790005,813350577828963,"binder transaction async","binder async rcv",1466,3397,3421,3453,115556991,115554649,"0x0a Java Layer Dependent","0x11 this is a one-way call: async, no return; allow replies with file descriptors; "
5388,83475,83476,813350578108599,813350578154276,"binder transaction async","binder async rcv",3421,3468,1466,3362,115556992,115554652,"0x01 Java Layer Dependent","0x11 this is a one-way call: async, no return; allow replies with file descriptors; "
5389,83483,83484,813350578678026,813350578718286,"binder transaction async","binder async rcv",1466,3397,3421,3453,115556993,115554649,"0x0a Java Layer Dependent","0x11 this is a one-way call: async, no return; allow replies with file descriptors; "
5390,83485,83486,813350579002661,813350579051828,"binder transaction async","binder async rcv",3421,3468,1466,3362,115556994,115554652,"0x01 Java Layer Dependent","0x11 this is a one-way call: async, no return; allow replies with file descriptors; "
5391,83493,83494,813350579610734,813350579649588,"binder transaction async","binder async rcv",1466,3397,3421,3453,115556995,115554649,"0x0a Java Layer Dependent","0x11 this is a one-way call: async, no return; allow replies with file descriptors; "
5392,83495,83496,813350579972140,813350580022557,"binder transaction async","binder async rcv",3421,3468,1466,3362,115556996,115554652,"0x01 Java Layer Dependent","0x11 this is a one-way call: async, no return; allow replies with file descriptors; "
5393,83503,83504,813350580635578,813350580682036,"binder transaction async","binder async rcv",1466,3397,3421,3453,115556997,115554649,"0x0a Java Layer Dependent","0x11 this is a one-way call: async, no return; allow replies with file descriptors; "
5394,83505,83506,813350580978390,813350581023755,"binder transaction async","binder async rcv",3421,3468,1466,3362,115556998,115554652,"0x01 Java Layer Dependent","0x11 this is a one-way call: async, no return; allow replies with file descriptors; "
5395,83513,83514,813350581527974,813350581568599,"binder transaction async","binder async rcv",1466,3397,3421,3453,115556999,115554649,"0x0a Java Layer Dependent","0x11 this is a one-way call: async, no return; allow replies with file descriptors; "
5396,83515,83516,813350581847401,813350581892453,"binder transaction async","binder async rcv",3421,3468,1466,3362,115557000,115554652,"0x01 Java Layer Dependent","0x11 this is a one-way call: async, no return; allow replies with file descriptors; "
5397,83523,83524,813350582420526,813350582464745,"binder transaction async","binder async rcv",1466,3397,3421,3453,115557001,115554649,"0x0a Java Layer Dependent","0x11 this is a one-way call: async, no return; allow replies with file descriptors; "
5398,83525,83526,813350582747817,813350582791047,"binder transaction async","binder async rcv",3421,3468,1466,3362,115557002,115554652,"0x01 Java Layer Dependent","0x11 this is a one-way call: async, no return; allow replies with file descriptors; "
5399,83533,83534,813350583317349,813350583358338,"binder transaction async","binder async rcv",1466,3397,3421,3453,115557003,115554649,"0x0a Java Layer Dependent","0x11 this is a one-way call: async, no return; allow replies with file descriptors; "
5400,83535,83536,813350583626515,813350583674640,"binder transaction async","binder async rcv",3421,3468,1466,3362,115557004,115554652,"0x01 Java Layer Dependent","0x11 this is a one-way call: async, no return; allow replies with file descriptors; "
5401,83547,83550,813350584256932,813350584304640,"binder transaction async","binder async rcv",1466,3397,3421,3453,115557005,115554649,"0x0a Java Layer Dependent","0x11 this is a one-way call: async, no return; allow replies with file descriptors; "
5402,83551,83552,813350584611724,813350584663859,"binder transaction async","binder async rcv",3421,3468,1466,3362,115557006,115554652,"0x01 Java Layer Dependent","0x11 this is a one-way call: async, no return; allow replies with file descriptors; "
5403,83559,83560,813350585168911,813350585210578,"binder transaction async","binder async rcv",1466,3397,3421,3453,115557007,115554649,"0x0a Java Layer Dependent","0x11 this is a one-way call: async, no return; allow replies with file descriptors; "
5404,83561,83562,813350585487140,813350585536151,"binder transaction async","binder async rcv",3421,3468,1466,3362,115557008,115554652,"0x01 Java Layer Dependent","0x11 this is a one-way call: async, no return; allow replies with file descriptors; "
5405,83569,83570,813350586048130,813350586090682,"binder transaction async","binder async rcv",1466,3397,3421,3453,115557009,115554649,"0x0a Java Layer Dependent","0x11 this is a one-way call: async, no return; allow replies with file descriptors; "
5406,83571,83572,813350586363703,813350586413078,"binder transaction async","binder async rcv",3421,3468,1466,3362,115557010,115554652,"0x01 Java Layer Dependent","0x11 this is a one-way call: async, no return; allow replies with file descriptors; "
5407,83579,83580,813350586934015,813350586981776,"binder transaction async","binder async rcv",1466,3397,3421,3453,115557011,115554649,"0x0a Java Layer Dependent","0x11 this is a one-way call: async, no return; allow replies with file descriptors; "
5408,83581,83582,813350587262974,813350587310057,"binder transaction async","binder async rcv",3421,3468,1466,3362,115557012,115554652,"0x01 Java Layer Dependent","0x11 this is a one-way call: async, no return; allow replies with file descriptors; "
5409,83589,83590,813350587832765,813350587872401,"binder transaction async","binder async rcv",1466,3397,3421,3453,115557013,115554649,"0x0a Java Layer Dependent","0x11 this is a one-way call: async, no return; allow replies with file descriptors; "
5410,83593,83596,813350588183130,813350588378599,"binder transaction async","binder async rcv",3421,3468,1466,3362,115557014,115554652,"0x01 Java Layer Dependent","0x11 this is a one-way call: async, no return; allow replies with file descriptors; "
5411,83605,83606,813350588896776,813350588932765,"binder transaction async","binder async rcv",1466,3397,3421,3453,115557015,115554649,"0x0a Java Layer Dependent","0x11 this is a one-way call: async, no return; allow replies with file descriptors; "
5412,83607,83608,813350589222505,813350589277140,"binder transaction async","binder async rcv",3421,3468,1466,3362,115557016,115554652,"0x01 Java Layer Dependent","0x11 this is a one-way call: async, no return; allow replies with file descriptors; "
5413,83615,83616,813350589772401,813350589817974,"binder transaction async","binder async rcv",1466,3397,3421,3453,115557017,115554649,"0x0a Java Layer Dependent","0x11 this is a one-way call: async, no return; allow replies with file descriptors; "
5414,83617,83618,813350590086620,813350590131151,"binder transaction async","binder async rcv",3421,3468,1466,3362,115557018,115554652,"0x01 Java Layer Dependent","0x11 this is a one-way call: async, no return; allow replies with file descriptors; "
5415,83625,83626,813350590655578,813350590701672,"binder transaction async","binder async rcv",1466,3397,3421,3453,115557019,115554649,"0x0a Java Layer Dependent","0x11 this is a one-way call: async, no return; allow replies with file descriptors; "
5416,83627,83628,813350590976463,813350591018963,"binder transaction async","binder async rcv",3421,3468,1466,3362,115557020,115554652,"0x01 Java Layer Dependent","0x11 this is a one-way call: async, no return; allow replies with file descriptors; "
5417,83635,83636,813350591515057,813350591553807,"binder transaction async","binder async rcv",1466,3397,3421,3453,115557021,115554649,"0x0a Java Layer Dependent","0x11 this is a one-way call: async, no return; allow replies with file descriptors; "
5418,83637,83638,813350591835734,813350591878703,"binder transaction async","binder async rcv",3421,3468,1466,3362,115557022,115554652,"0x01 Java Layer Dependent","0x11 this is a one-way call: async, no return; allow replies with file descriptors; "
5419,83645,83646,813350592417505,813350592460526,"binder transaction async","binder async rcv",1466,3397,3421,3453,115557023,115554649,"0x0a Java Layer Dependent","0x11 this is a one-way call: async, no return; allow replies with file descriptors; "
5420,83647,83648,813350592737297,813350592783078,"binder transaction async","binder async rcv",3421,3468,1466,3362,115557024,115554652,"0x01 Java Layer Dependent","0x11 this is a one-way call: async, no return; allow replies with file descriptors; "
5421,83655,83656,813350593254953,813350593290890,"binder transaction async","binder async rcv",1466,3397,3421,3453,115557025,115554649,"0x0a Java Layer Dependent","0x11 this is a one-way call: async, no return; allow replies with file descriptors; "
5422,83657,83658,813350593555942,813350593597974,"binder transaction async","binder async rcv",3421,3468,1466,3362,115557026,115554652,"0x01 Java Layer Dependent","0x11 this is a one-way call: async, no return; allow replies with file descriptors; "
5423,83666,83667,813350594076099,813350594112297,"binder transaction async","binder async rcv",1466,3397,3421,3453,115557028,115554649,"0x0a Java Layer Dependent","0x11 this is a one-way call: async, no return; allow replies with file descriptors; "
5425,83669,83671,813350594364588,813350594404067,"binder transaction async","binder async rcv",3421,3468,1466,3362,115557029,115554652,"0x01 Java Layer Dependent","0x11 this is a one-way call: async, no return; allow replies with file descriptors; "
5426,83680,83681,813350594873182,813350594908859,"binder transaction async","binder async rcv",1466,3397,3421,3453,115557030,115554649,"0x0a Java Layer Dependent","0x11 this is a one-way call: async, no return; allow replies with file descriptors; "
5427,83682,83683,813350595164276,813350595207922,"binder transaction async","binder async rcv",3421,3468,1466,3362,115557031,115554652,"0x01 Java Layer Dependent","0x11 this is a one-way call: async, no return; allow replies with file descriptors; "
5428,83690,83691,813350595771255,813350595813495,"binder transaction async","binder async rcv",1466,3397,3421,3453,115557032,115554649,"0x0a Java Layer Dependent","0x11 this is a one-way call: async, no return; allow replies with file descriptors; "
5429,83692,83693,813350596167765,813350596199432,"binder transaction async","binder async rcv",3421,3468,1466,3362,115557033,115554652,"0x01 Java Layer Dependent","0x11 this is a one-way call: async, no return; allow replies with file descriptors; "
5430,83700,83701,813350596746828,813350596774953,"binder transaction async","binder async rcv",1466,3397,3421,3453,115557034,115554649,"0x0a Java Layer Dependent","0x11 this is a one-way call: async, no return; allow replies with file descriptors; "
5431,83704,83705,813350597056463,813350597248963,"binder transaction async","binder async rcv",3421,3468,1466,3362,115557035,115554652,"0x01 Java Layer Dependent","0x11 this is a one-way call: async, no return; allow replies with file descriptors; "
5432,83712,83713,813350597808651,813350597849172,"binder transaction async","binder async rcv",1466,3397,3421,3453,115557036,115554649,"0x0a Java Layer Dependent","0x11 this is a one-way call: async, no return; allow replies with file descriptors; "
5433,83722,83723,813350598122505,813350598207765,"binder transaction async","binder async rcv",3421,3468,1466,3362,115557037,115554652,"0x01 Java Layer Dependent","0x11 this is a one-way call: async, no return; allow replies with file descriptors; "
5434,83730,83731,813350598711515,813350598750734,"binder transaction async","binder async rcv",1466,3397,3421,3453,115557038,115554649,"0x0a Java Layer Dependent","0x11 this is a one-way call: async, no return; allow replies with file descriptors; "
5435,83732,83733,813350599019640,813350599064328,"binder transaction async","binder async rcv",3421,3468,1466,3362,115557039,115554652,"0x01 Java Layer Dependent","0x11 this is a one-way call: async, no return; allow replies with file descriptors; "
5436,83746,83747,813350599583547,813350599620370,"binder transaction async","binder async rcv",1466,3397,3421,3453,115557040,115554649,"0x0a Java Layer Dependent","0x11 this is a one-way call: async, no return; allow replies with file descriptors; "
5437,83748,83749,813350599895630,813350599946359,"binder transaction async","binder async rcv",3421,3468,1466,3362,115557041,115554652,"0x01 Java Layer Dependent","0x11 this is a one-way call: async, no return; allow replies with file descriptors; "
5438,83756,83757,813350600459588,813350600499067,"binder transaction async","binder async rcv",1466,3397,3421,3453,115557042,115554649,"0x0a Java Layer Dependent","0x11 this is a one-way call: async, no return; allow replies with file descriptors; "
5439,83758,83759,813350600755422,813350600797713,"binder transaction async","binder async rcv",3421,3468,1466,3362,115557043,115554652,"0x01 Java Layer Dependent","0x11 this is a one-way call: async, no return; allow replies with file descriptors; "
5440,83766,83767,813350601272765,813350601309172,"binder transaction async","binder async rcv",1466,3397,3421,3453,115557044,115554649,"0x0a Java Layer Dependent","0x11 this is a one-way call: async, no return; allow replies with file descriptors; "
5441,83768,83769,813350601559172,813350601597505,"binder transaction async","binder async rcv",3421,3468,1466,3362,115557045,115554652,"0x01 Java Layer Dependent","0x11 this is a one-way call: async, no return; allow replies with file descriptors; "
5442,83776,83777,813350602078442,813350602111359,"binder transaction async","binder async rcv",1466,3397,3421,3453,115557046,115554649,"0x0a Java Layer Dependent","0x11 this is a one-way call: async, no return; allow replies with file descriptors; "
5443,83778,83779,813350602367245,813350602407297,"binder transaction async","binder async rcv",3421,3468,1466,3362,115557047,115554652,"0x01 Java Layer Dependent","0x11 this is a one-way call: async, no return; allow replies with file descriptors; "
5444,83786,83787,813350602909224,813350602947870,"binder transaction async","binder async rcv",1466,3397,3421,3453,115557048,115554649,"0x0a Java Layer Dependent","0x11 this is a one-way call: async, no return; allow replies with file descriptors; "
5445,83788,83789,813350603224432,813350603265578,"binder transaction async","binder async rcv",3421,3468,1466,3362,115557049,115554652,"0x01 Java Layer Dependent","0x11 this is a one-way call: async, no return; allow replies with file descriptors; "
5446,83796,83797,813350603763807,813350603795526,"binder transaction async","binder async rcv",1466,3397,3421,3453,115557050,115554649,"0x0a Java Layer Dependent","0x11 this is a one-way call: async, no return; allow replies with file descriptors; "
5447,83798,83799,813350604052609,813350604119172,"binder transaction async","binder async rcv",3421,3468,1466,3362,115557051,115554652,"0x01 Java Layer Dependent","0x11 this is a one-way call: async, no return; allow replies with file descriptors; "
5448,83806,83807,813350604600474,813350604635161,"binder transaction async","binder async rcv",1466,3397,3421,3453,115557052,115554649,"0x0a Java Layer Dependent","0x11 this is a one-way call: async, no return; allow replies with file descriptors; "
5449,83808,83809,813350604893911,813350604934536,"binder transaction async","binder async rcv",3421,3468,1466,3362,115557053,115554652,"0x01 Java Layer Dependent","0x11 this is a one-way call: async, no return; allow replies with file descriptors; "
5450,83816,83817,813350605407974,813350605443442,"binder transaction async","binder async rcv",1466,3397,3421,3453,115557054,115554649,"0x0a Java Layer Dependent","0x11 this is a one-way call: async, no return; allow replies with file descriptors; "
5451,83818,83819,813350605692557,813350605732192,"binder transaction async","binder async rcv",3421,3468,1466,3362,115557055,115554652,"0x01 Java Layer Dependent","0x11 this is a one-way call: async, no return; allow replies with file descriptors; "
5452,83826,83827,813350606211776,813350606251880,"binder transaction async","binder async rcv",1466,3397,3421,3453,115557056,115554649,"0x0a Java Layer Dependent","0x11 this is a one-way call: async, no return; allow replies with file descriptors; "
5453,83828,83829,813350606505526,813350606548963,"binder transaction async","binder async rcv",3421,3468,1466,3362,115557057,115554652,"0x01 Java Layer Dependent","0x11 this is a one-way call: async, no return; allow replies with file descriptors; "
5454,83837,83838,813350607043182,813350607169328,"binder transaction async","binder async rcv",1466,3397,3421,3453,115557058,115554649,"0x0a Java Layer Dependent","0x11 this is a one-way call: async, no return; allow replies with file descriptors; "
5455,83847,83848,813350607509067,813350607554276,"binder transaction async","binder async rcv",3421,3468,1466,3362,115557059,115554652,"0x01 Java Layer Dependent","0x11 this is a one-way call: async, no return; allow replies with file descriptors; "
5457,83876,83882,813350608146359,813350608177140,"binder transaction async","binder async rcv",1466,3397,3421,3453,115557065,115554649,"0x0a Java Layer Dependent","0x11 this is a one-way call: async, no return; allow replies with file descriptors; "
5460,83901,83902,813350608499588,813350608560161,"binder transaction async","binder async rcv",3421,3470,1466,3362,115557070,115554652,"0x01 Java Layer Dependent","0x11 this is a one-way call: async, no return; allow replies with file descriptors; "
5467,83934,83935,813350609064901,813350609102036,"binder transaction async","binder async rcv",1466,3397,3421,3453,115557071,115554649,"0x0a Java Layer Dependent","0x11 this is a one-way call: async, no return; allow replies with file descriptors; "
5468,83937,83938,813350609424536,813350609468234,"binder transaction async","binder async rcv",3421,3470,1466,3362,115557072,115554652,"0x01 Java Layer Dependent","0x11 this is a one-way call: async, no return; allow replies with file descriptors; "
5469,83945,83946,813350609936620,813350609986620,"binder transaction async","binder async rcv",1466,3397,3421,3453,115557073,115554649,"0x0a Java Layer Dependent","0x11 this is a one-way call: async, no return; allow replies with file descriptors; "
5470,83947,83948,813350610303234,813350610350682,"binder transaction async","binder async rcv",3421,3470,1466,3362,115557074,115554652,"0x01 Java Layer Dependent","0x11 this is a one-way call: async, no return; allow replies with file descriptors; "
5471,83955,83956,813350610832453,813350610872765,"binder transaction async","binder async rcv",1466,3397,3421,3453,115557075,115554649,"0x0a Java Layer Dependent","0x11 this is a one-way call: async, no return; allow replies with file descriptors; "
5472,83958,83959,813350611189276,813350611235838,"binder transaction async","binder async rcv",3421,3470,1466,3362,115557077,115554652,"0x01 Java Layer Dependent","0x11 this is a one-way call: async, no return; allow replies with file descriptors; "
5475,83977,83978,813350611794797,813350611835995,"binder transaction async","binder async rcv",1466,3397,3421,3453,115557079,115554649,"0x0a Java Layer Dependent","0x11 this is a one-way call: async, no return; allow replies with file descriptors; "
5476,83983,83984,813350612172922,813350612278651,"binder transaction async","binder async rcv",3421,3470,1466,3362,115557080,115554652,"0x01 Java Layer Dependent","0x11 this is a one-way call: async, no return; allow replies with file descriptors; "
5477,83991,83992,813350612787349,813350612827974,"binder transaction async","binder async rcv",1466,3397,3421,3453,115557081,115554649,"0x0a Java Layer Dependent","0x11 this is a one-way call: async, no return; allow replies with file descriptors; "
5478,83993,83994,813350613109224,813350613157401,"binder transaction async","binder async rcv",3421,3470,1466,3362,115557082,115554652,"0x01 Java Layer Dependent","0x11 this is a one-way call: async, no return; allow replies with file descriptors; "
5479,84001,84002,813350613665578,813350613711984,"binder transaction async","binder async rcv",1466,3397,3421,3453,115557083,115554649,"0x0a Java Layer Dependent","0x11 this is a one-way call: async, no return; allow replies with file descriptors; "
5480,84003,84004,813350613988599,813350614037245,"binder transaction async","binder async rcv",3421,3470,1466,3362,115557084,115554652,"0x01 Java Layer Dependent","0x11 this is a one-way call: async, no return; allow replies with file descriptors; "
5481,84011,84012,813350614557661,813350614600682,"binder transaction async","binder async rcv",1466,3397,3421,3453,115557085,115554649,"0x0a Java Layer Dependent","0x11 this is a one-way call: async, no return; allow replies with file descriptors; "
5482,84013,84014,813350614884640,813350614928182,"binder transaction async","binder async rcv",3421,3470,1466,3362,115557086,115554652,"0x01 Java Layer Dependent","0x11 this is a one-way call: async, no return; allow replies with file descriptors; "
5483,84021,84022,813350615419797,813350615453963,"binder transaction async","binder async rcv",1466,3397,3421,3453,115557087,115554649,"0x0a Java Layer Dependent","0x11 this is a one-way call: async, no return; allow replies with file descriptors; "
5484,84023,84024,813350615712349,813350615759901,"binder transaction async","binder async rcv",3421,3470,1466,3362,115557088,115554652,"0x01 Java Layer Dependent","0x11 this is a one-way call: async, no return; allow replies with file descriptors; "
5485,84031,84032,813350616353651,813350616398599,"binder transaction async","binder async rcv",1466,3397,3421,3453,115557089,115554649,"0x0a Java Layer Dependent","0x11 this is a one-way call: async, no return; allow replies with file descriptors; "
5486,84033,84034,813350616675474,813350616717922,"binder transaction async","binder async rcv",3421,3470,1466,3362,115557090,115554652,"0x01 Java Layer Dependent","0x11 this is a one-way call: async, no return; allow replies with file descriptors; "
5487,84045,84048,813350617240109,813350617274172,"binder transaction async","binder async rcv",1466,3397,3421,3453,115557091,115554649,"0x0a Java Layer Dependent","0x11 this is a one-way call: async, no return; allow replies with file descriptors; "
5488,84051,84056,813350617579901,813350617805474,"binder transaction async","binder async rcv",3421,3470,1466,3362,115557092,115554652,"0x01 Java Layer Dependent","0x11 this is a one-way call: async, no return; allow replies with file descriptors; "
5489,84063,84064,813350618330422,813350618373286,"binder transaction async","binder async rcv",1466,3397,3421,3453,115557093,115554649,"0x0a Java Layer Dependent","0x11 this is a one-way call: async, no return; allow replies with file descriptors; "
5490,84065,84066,813350618634640,813350618691359,"binder transaction async","binder async rcv",3421,3470,1466,3362,115557094,115554652,"0x01 Java Layer Dependent","0x11 this is a one-way call: async, no return; allow replies with file descriptors; "
5491,84075,84076,813350619272245,813350619310265,"binder transaction async","binder async rcv",1466,3397,3421,3453,115557095,115554649,"0x0a Java Layer Dependent","0x11 this is a one-way call: async, no return; allow replies with file descriptors; "
5492,84081,84082,813350619585005,813350619638182,"binder transaction async","binder async rcv",3421,3470,1466,3362,115557096,115554652,"0x01 Java Layer Dependent","0x11 this is a one-way call: async, no return; allow replies with file descriptors; "
5493,84089,84090,813350620251203,813350620285838,"binder transaction async","binder async rcv",1466,3397,3421,3453,115557097,115554649,"0x0a Java Layer Dependent","0x11 this is a one-way call: async, no return; allow replies with file descriptors; "
5494,84091,84092,813350620553651,813350620598234,"binder transaction async","binder async rcv",3421,3470,1466,3362,115557098,115554652,"0x01 Java Layer Dependent","0x11 this is a one-way call: async, no return; allow replies with file descriptors; "
5495,84099,84100,813350621099640,813350621136359,"binder transaction async","binder async rcv",1466,3397,3421,3453,115557099,115554649,"0x0a Java Layer Dependent","0x11 this is a one-way call: async, no return; allow replies with file descriptors; "
5496,84101,84102,813350621408547,813350621455057,"binder transaction async","binder async rcv",3421,3470,1466,3362,115557100,115554652,"0x01 Java Layer Dependent","0x11 this is a one-way call: async, no return; allow replies with file descriptors; "
5497,84109,84110,813350621948234,813350621985265,"binder transaction async","binder async rcv",1466,3397,3421,3453,115557101,115554649,"0x0a Java Layer Dependent","0x11 this is a one-way call: async, no return; allow replies with file descriptors; "
5498,84111,84112,813350622265005,813350622309901,"binder transaction async","binder async rcv",3421,3470,1466,3362,115557102,115554652,"0x01 Java Layer Dependent","0x11 this is a one-way call: async, no return; allow replies with file descriptors; "
5499,84119,84120,813350622828130,813350622869588,"binder transaction async","binder async rcv",1466,3397,3421,3453,115557103,115554649,"0x0a Java Layer Dependent","0x11 this is a one-way call: async, no return; allow replies with file descriptors; "
5500,84123,84124,813350623193703,813350623262349,"binder transaction async","binder async rcv",3421,3470,1466,3362,115557104,115554652,"0x01 Java Layer Dependent","0x11 this is a one-way call: async, no return; allow replies with file descriptors; "
5501,84135,84136,813350623753390,813350623798338,"binder transaction async","binder async rcv",1466,3397,3421,3453,115557105,115554649,"0x0a Java Layer Dependent","0x11 this is a one-way call: async, no return; allow replies with file descriptors; "
5502,84137,84138,813350624084797,813350624160786,"binder transaction async","binder async rcv",3421,3470,1466,3362,115557106,115554652,"0x01 Java Layer Dependent","0x11 this is a one-way call: async, no return; allow replies with file descriptors; "
5503,84145,84146,813350624651984,813350624687192,"binder transaction async","binder async rcv",1466,3397,3421,3453,115557107,115554649,"0x0a Java Layer Dependent","0x11 this is a one-way call: async, no return; allow replies with file descriptors; "
5504,84147,84148,813350624951203,813350624997401,"binder transaction async","binder async rcv",3421,3470,1466,3362,115557108,115554652,"0x01 Java Layer Dependent","0x11 this is a one-way call: async, no return; allow replies with file descriptors; "
5505,84155,84156,813350625496515,813350625536776,"binder transaction async","binder async rcv",1466,3397,3421,3453,115557109,115554649,"0x0a Java Layer Dependent","0x11 this is a one-way call: async, no return; allow replies with file descriptors; "
5506,84157,84158,813350625800526,813350625843547,"binder transaction async","binder async rcv",3421,3470,1466,3362,115557110,115554652,"0x01 Java Layer Dependent","0x11 this is a one-way call: async, no return; allow replies with file descriptors; "
5507,84165,84166,813350626333859,813350626373495,"binder transaction async","binder async rcv",1466,3397,3421,3453,115557111,115554649,"0x0a Java Layer Dependent","0x11 this is a one-way call: async, no return; allow replies with file descriptors; "
5508,84167,84168,813350626694536,813350626742609,"binder transaction async","binder async rcv",3421,3470,1466,3362,115557112,115554652,"0x01 Java Layer Dependent","0x11 this is a one-way call: async, no return; allow replies with file descriptors; "
5509,84175,84176,813350627229328,813350627273338,"binder transaction async","binder async rcv",1466,3397,3421,3453,115557113,115554649,"0x0a Java Layer Dependent","0x11 this is a one-way call: async, no return; allow replies with file descriptors; "
5510,84177,84178,813350627566567,813350627609588,"binder transaction async","binder async rcv",3421,3470,1466,3362,115557114,115554652,"0x01 Java Layer Dependent","0x11 this is a one-way call: async, no return; allow replies with file descriptors; "
5511,84185,84186,813350628197453,813350628314276,"binder transaction async","binder async rcv",1466,3397,3421,3453,115557115,115554649,"0x0a Java Layer Dependent","0x11 this is a one-way call: async, no return; allow replies with file descriptors; "
5512,84187,84188,813350628576411,813350628619484,"binder transaction async","binder async rcv",3421,3470,1466,3362,115557116,115554652,"0x01 Java Layer Dependent","0x11 this is a one-way call: async, no return; allow replies with file descriptors; "
5513,84197,84199,813350629162140,813350629200370,"binder transaction async","binder async rcv",1466,3397,3421,3453,115557117,115554649,"0x0a Java Layer Dependent","0x11 this is a one-way call: async, no return; allow replies with file descriptors; "
5514,84207,84208,813350629464172,813350629539380,"binder transaction async","binder async rcv",3421,3470,1466,3362,115557118,115554652,"0x01 Java Layer Dependent","0x11 this is a one-way call: async, no return; allow replies with file descriptors; "
5515,84215,84216,813350630086672,813350630130005,"binder transaction async","binder async rcv",1466,3397,3421,3453,115557119,115554649,"0x0a Java Layer Dependent","0x11 this is a one-way call: async, no return; allow replies with file descriptors; "
5516,84219,84220,813350630426099,813350630498286,"binder transaction async","binder async rcv",3421,3470,1466,3362,115557120,115554652,"0x01 Java Layer Dependent","0x11 this is a one-way call: async, no return; allow replies with file descriptors; "
5517,84233,84234,813350631029067,813350631073495,"binder transaction async","binder async rcv",1466,3397,3421,3453,115557121,115554649,"0x0a Java Layer Dependent","0x11 this is a one-way call: async, no return; allow replies with file descriptors; "
5518,84239,84240,813350631352870,813350631404849,"binder transaction async","binder async rcv",3421,3470,1466,3362,115557122,115554652,"0x01 Java Layer Dependent","0x11 this is a one-way call: async, no return; allow replies with file descriptors; "
5519,84247,84248,813350631937453,813350631977713,"binder transaction async","binder async rcv",1466,3397,3421,3453,115557123,115554649,"0x0a Java Layer Dependent","0x11 this is a one-way call: async, no return; allow replies with file descriptors; "
5520,84249,84250,813350632303390,813350632347297,"binder transaction async","binder async rcv",3421,3470,1466,3362,115557124,115554652,"0x01 Java Layer Dependent","0x11 this is a one-way call: async, no return; allow replies with file descriptors; "
5521,84259,84260,813350632871984,813350632911463,"binder transaction async","binder async rcv",1466,3397,3421,3453,115557125,115554649,"0x0a Java Layer Dependent","0x11 this is a one-way call: async, no return; allow replies with file descriptors; "
5522,84268,84272,813350633208182,813350633325682,"binder transaction async","binder async rcv",3421,3470,1466,3362,115557126,115554652,"0x01 Java Layer Dependent","0x11 this is a one-way call: async, no return; allow replies with file descriptors; "
5523,84279,84280,813350633888911,813350633934224,"binder transaction async","binder async rcv",1466,3397,3421,3453,115557127,115554649,"0x0a Java Layer Dependent","0x11 this is a one-way call: async, no return; allow replies with file descriptors; "
5524,84281,84282,813350634203338,813350634247922,"binder transaction async","binder async rcv",3421,3470,1466,3362,115557128,115554652,"0x01 Java Layer Dependent","0x11 this is a one-way call: async, no return; allow replies with file descriptors; "
5525,84289,84290,813350634742036,813350634782661,"binder transaction async","binder async rcv",1466,3397,3421,3453,115557129,115554649,"0x0a Java Layer Dependent","0x11 this is a one-way call: async, no return; allow replies with file descriptors; "
5526,84291,84292,813350635064745,813350635107088,"binder transaction async","binder async rcv",3421,3470,1466,3362,115557130,115554652,"0x01 Java Layer Dependent","0x11 this is a one-way call: async, no return; allow replies with file descriptors; "
5527,84299,84300,813350635689067,813350635730682,"binder transaction async","binder async rcv",1466,3397,3421,3453,115557131,115554649,"0x0a Java Layer Dependent","0x11 this is a one-way call: async, no return; allow replies with file descriptors; "
5528,84301,84302,813350636000109,813350636042245,"binder transaction async","binder async rcv",3421,3470,1466,3362,115557132,115554652,"0x01 Java Layer Dependent","0x11 this is a one-way call: async, no return; allow replies with file descriptors; "
5529,84309,84310,813350636584224,813350636625838,"binder transaction async","binder async rcv",1466,3397,3421,3453,115557133,115554649,"0x0a Java Layer Dependent","0x11 this is a one-way call: async, no return; allow replies with file descriptors; "
5530,84311,84312,813350636907192,813350636950422,"binder transaction async","binder async rcv",3421,3470,1466,3362,115557134,115554652,"0x01 Java Layer Dependent","0x11 this is a one-way call: async, no return; allow replies with file descriptors; "
5531,84319,84320,813350637451724,813350637492140,"binder transaction async","binder async rcv",1466,3397,3421,3453,115557135,115554649,"0x0a Java Layer Dependent","0x11 this is a one-way call: async, no return; allow replies with file descriptors; "
5532,84324,84328,813350637777297,813350637889745,"binder transaction async","binder async rcv",3421,3470,1466,3362,115557136,115554652,"0x01 Java Layer Dependent","0x11 this is a one-way call: async, no return; allow replies with file descriptors; "
5533,84335,84336,813350638358026,813350638404536,"binder transaction async","binder async rcv",1466,3397,3421,3453,115557137,115554649,"0x0a Java Layer Dependent","0x11 this is a one-way call: async, no return; allow replies with file descriptors; "
5534,84337,84338,813350638749432,813350638790630,"binder transaction async","binder async rcv",3421,3470,1466,3362,115557138,115554652,"0x01 Java Layer Dependent","0x11 this is a one-way call: async, no return; allow replies with file descriptors; "
5535,84345,84346,813350639282140,813350639320838,"binder transaction async","binder async rcv",1466,3397,3421,3453,115557139,115554649,"0x0a Java Layer Dependent","0x11 this is a one-way call: async, no return; allow replies with file descriptors; "
5536,84349,84351,813350639615265,813350639685578,"binder transaction async","binder async rcv",3421,3470,1466,3362,115557140,115554652,"0x01 Java Layer Dependent","0x11 this is a one-way call: async, no return; allow replies with file descriptors; "
5537,84361,84362,813350640206255,813350640251255,"binder transaction async","binder async rcv",1466,3397,3421,3453,115557141,115554649,"0x0a Java Layer Dependent","0x11 this is a one-way call: async, no return; allow replies with file descriptors; "
5538,84363,84364,813350640527870,813350640570786,"binder transaction async","binder async rcv",3421,3470,1466,3362,115557142,115554652,"0x01 Java Layer Dependent","0x11 this is a one-way call: async, no return; allow replies with file descriptors; "
5539,84371,84372,813350641088026,813350641125005,"binder transaction async","binder async rcv",1466,3397,3421,3453,115557143,115554649,"0x0a Java Layer Dependent","0x11 this is a one-way call: async, no return; allow replies with file descriptors; "
5540,84375,84381,813350641423963,813350641578026,"binder transaction async","binder async rcv",3421,3470,1466,3362,115557144,115554652,"0x01 Java Layer Dependent","0x11 this is a one-way call: async, no return; allow replies with file descriptors; "
5541,84388,84389,813350642070213,813350642110578,"binder transaction async","binder async rcv",1466,3397,3421,3453,115557145,115554649,"0x0a Java Layer Dependent","0x11 this is a one-way call: async, no return; allow replies with file descriptors; "
5542,84390,84391,813350642384484,813350642427870,"binder transaction async","binder async rcv",3421,3470,1466,3362,115557146,115554652,"0x01 Java Layer Dependent","0x11 this is a one-way call: async, no return; allow replies with file descriptors; "
5543,84401,84403,813350642938651,813350642974640,"binder transaction async","binder async rcv",1466,3397,3421,3453,115557147,115554649,"0x0a Java Layer Dependent","0x11 this is a one-way call: async, no return; allow replies with file descriptors; "
5544,84406,84407,813350643265526,813350643311203,"binder transaction async","binder async rcv",3421,3470,1466,3362,115557148,115554652,"0x01 Java Layer Dependent","0x11 this is a one-way call: async, no return; allow replies with file descriptors; "
5545,84414,84415,813350643829901,813350643865057,"binder transaction async","binder async rcv",1466,3397,3421,3453,115557149,115554649,"0x0a Java Layer Dependent","0x11 this is a one-way call: async, no return; allow replies with file descriptors; "
5546,84416,84417,813350644177713,813350644236620,"binder transaction async","binder async rcv",3421,3470,1466,3362,115557150,115554652,"0x01 Java Layer Dependent","0x11 this is a one-way call: async, no return; allow replies with file descriptors; "
5547,84424,84425,813350644759015,813350644800317,"binder transaction async","binder async rcv",1466,3397,3421,3453,115557151,115554649,"0x0a Java Layer Dependent","0x11 this is a one-way call: async, no return; allow replies with file descriptors; "
5548,84426,84427,813350645056151,813350645097088,"binder transaction async","binder async rcv",3421,3470,1466,3362,115557152,115554652,"0x01 Java Layer Dependent","0x11 this is a one-way call: async, no return; allow replies with file descriptors; "
5549,84434,84435,813350645598911,813350645639120,"binder transaction async","binder async rcv",1466,3397,3421,3453,115557153,115554649,"0x0a Java Layer Dependent","0x11 this is a one-way call: async, no return; allow replies with file descriptors; "
5550,84436,84437,813350645918651,813350645968286,"binder transaction async","binder async rcv",3421,3470,1466,3362,115557154,115554652,"0x01 Java Layer Dependent","0x11 this is a one-way call: async, no return; allow replies with file descriptors; "
5551,84444,84445,813350646462817,813350646502713,"binder transaction async","binder async rcv",1466,3397,3421,3453,115557155,115554649,"0x0a Java Layer Dependent","0x11 this is a one-way call: async, no return; allow replies with file descriptors; "
5552,84446,84447,813350646784015,813350646826255,"binder transaction async","binder async rcv",3421,3470,1466,3362,115557156,115554652,"0x01 Java Layer Dependent","0x11 this is a one-way call: async, no return; allow replies with file descriptors; "
5553,84454,84455,813350647308495,813350647346047,"binder transaction async","binder async rcv",1466,3397,3421,3453,115557157,115554649,"0x0a Java Layer Dependent","0x11 this is a one-way call: async, no return; allow replies with file descriptors; "
5554,84456,84457,813350647601776,813350647646359,"binder transaction async","binder async rcv",3421,3470,1466,3362,115557158,115554652,"0x01 Java Layer Dependent","0x11 this is a one-way call: async, no return; allow replies with file descriptors; "
5555,84464,84465,813350648171672,813350648210630,"binder transaction async","binder async rcv",1466,3397,3421,3453,115557159,115554649,"0x0a Java Layer Dependent","0x11 this is a one-way call: async, no return; allow replies with file descriptors; "
5556,84466,84467,813350648471047,813350648513807,"binder transaction async","binder async rcv",3421,3470,1466,3362,115557160,115554652,"0x01 Java Layer Dependent","0x11 this is a one-way call: async, no return; allow replies with file descriptors; "
5557,84474,84476,813350649015890,813350649054849,"binder transaction async","binder async rcv",1466,3397,3421,3453,115557162,115554649,"0x0a Java Layer Dependent","0x11 this is a one-way call: async, no return; allow replies with file descriptors; "
5559,84478,84479,813350649317297,813350649359588,"binder transaction async","binder async rcv",3421,3470,1466,3362,115557163,115554652,"0x01 Java Layer Dependent","0x11 this is a one-way call: async, no return; allow replies with file descriptors; "
5560,84486,84487,813350649847713,813350649884797,"binder transaction async","binder async rcv",1466,3397,3421,3453,115557165,115554649,"0x0a Java Layer Dependent","0x11 this is a one-way call: async, no return; allow replies with file descriptors; "
5561,84488,84489,813350650161672,813350650200057,"binder transaction async","binder async rcv",3421,3470,1466,3362,115557166,115554652,"0x01 Java Layer Dependent","0x11 this is a one-way call: async, no return; allow replies with file descriptors; "
5562,84496,84497,813350650686151,813350650723599,"binder transaction async","binder async rcv",1466,3397,3421,3453,115557167,115554649,"0x0a Java Layer Dependent","0x11 this is a one-way call: async, no return; allow replies with file descriptors; "
5563,84498,84499,813350650982297,813350651021567,"binder transaction async","binder async rcv",3421,3470,1466,3362,115557169,115554652,"0x01 Java Layer Dependent","0x11 this is a one-way call: async, no return; allow replies with file descriptors; "
5565,84508,84509,813350651502140,813350651567192,"binder transaction async","binder async rcv",1466,3397,3421,3453,115557170,115554649,"0x0a Java Layer Dependent","0x11 this is a one-way call: async, no return; allow replies with file descriptors; "
5566,84511,84512,813350651815265,813350651852036,"binder transaction async","binder async rcv",3421,3470,1466,3362,115557173,115554652,"0x01 Java Layer Dependent","0x11 this is a one-way call: async, no return; allow replies with file descriptors; "
5570,84523,84525,813350652346672,813350652377922,"binder transaction async","binder async rcv",1466,3397,3421,3453,115557177,115554649,"0x0a Java Layer Dependent","0x11 this is a one-way call: async, no return; allow replies with file descriptors; "
5571,84526,84527,813350652617140,813350652656620,"binder transaction async","binder async rcv",3421,3470,1466,3362,115557179,115554652,"0x01 Java Layer Dependent","0x11 this is a one-way call: async, no return; allow replies with file descriptors; "
5572,84534,84535,813350653137974,813350653178390,"binder transaction async","binder async rcv",1466,3397,3421,3453,115557180,115554649,"0x0a Java Layer Dependent","0x11 this is a one-way call: async, no return; allow replies with file descriptors; "
5573,84536,84537,813350653460005,813350653502088,"binder transaction async","binder async rcv",3421,3470,1466,3362,115557181,115554652,"0x01 Java Layer Dependent","0x11 this is a one-way call: async, no return; allow replies with file descriptors; "
5574,84544,84545,813350653986880,813350654025317,"binder transaction async","binder async rcv",1466,3397,3421,3453,115557182,115554649,"0x0a Java Layer Dependent","0x11 this is a one-way call: async, no return; allow replies with file descriptors; "
5575,84546,84547,813350654290213,813350654335578,"binder transaction async","binder async rcv",3421,3470,1466,3362,115557183,115554652,"0x01 Java Layer Dependent","0x11 this is a one-way call: async, no return; allow replies with file descriptors; "
5576,84554,84555,813350654828547,813350654867922,"binder transaction async","binder async rcv",1466,3397,3421,3453,115557184,115554649,"0x0a Java Layer Dependent","0x11 this is a one-way call: async, no return; allow replies with file descriptors; "
5577,84556,84557,813350655144328,813350655187245,"binder transaction async","binder async rcv",3421,3470,1466,3362,115557185,115554652,"0x01 Java Layer Dependent","0x11 this is a one-way call: async, no return; allow replies with file descriptors; "
5578,84564,84565,813350655695786,813350655737713,"binder transaction async","binder async rcv",1466,3397,3421,3453,115557186,115554649,"0x0a Java Layer Dependent","0x11 this is a one-way call: async, no return; allow replies with file descriptors; "
5579,84566,84567,813350656010786,813350656052817,"binder transaction async","binder async rcv",3421,3470,1466,3362,115557187,115554652,"0x01 Java Layer Dependent","0x11 this is a one-way call: async, no return; allow replies with file descriptors; "
5580,84574,84575,813350656594380,813350656635734,"binder transaction async","binder async rcv",1466,3397,3421,3453,115557188,115554649,"0x0a Java Layer Dependent","0x11 this is a one-way call: async, no return; allow replies with file descriptors; "
5581,84576,84577,813350656903547,813350656943703,"binder transaction async","binder async rcv",3421,3470,1466,3362,115557189,115554652,"0x01 Java Layer Dependent","0x11 this is a one-way call: async, no return; allow replies with file descriptors; "
5582,84584,84585,813350657438130,813350657475995,"binder transaction async","binder async rcv",1466,3397,3421,3453,115557190,115554649,"0x0a Java Layer Dependent","0x11 this is a one-way call: async, no return; allow replies with file descriptors; "
5583,84586,84587,813350657771880,813350657814224,"binder transaction async","binder async rcv",3421,3470,1466,3362,115557191,115554652,"0x01 Java Layer Dependent","0x11 this is a one-way call: async, no return; allow replies with file descriptors; "
5584,84596,84597,813350658361984,813350658398651,"binder transaction async","binder async rcv",1466,3397,3421,3453,115557192,115554649,"0x0a Java Layer Dependent","0x11 this is a one-way call: async, no return; allow replies with file descriptors; "
5585,84602,84603,813350658640422,813350658685838,"binder transaction async","binder async rcv",3421,3470,1466,3362,115557193,115554652,"0x01 Java Layer Dependent","0x11 this is a one-way call: async, no return; allow replies with file descriptors; "
5586,84610,84611,813350659174328,813350659214276,"binder transaction async","binder async rcv",1466,3397,3421,3453,115557194,115554649,"0x0a Java Layer Dependent","0x11 this is a one-way call: async, no return; allow replies with file descriptors; "
5587,84612,84613,813350659528442,813350659572453,"binder transaction async","binder async rcv",3421,3470,1466,3362,115557195,115554652,"0x01 Java Layer Dependent","0x11 this is a one-way call: async, no return; allow replies with file descriptors; "
5588,84620,84621,813350660080526,813350660160995,"binder transaction async","binder async rcv",1466,3397,3421,3453,115557196,115554649,"0x0a Java Layer Dependent","0x11 this is a one-way call: async, no return; allow replies with file descriptors; "
5589,84622,84623,813350660425995,813350660464224,"binder transaction async","binder async rcv",3421,3470,1466,3362,115557197,115554652,"0x01 Java Layer Dependent","0x11 this is a one-way call: async, no return; allow replies with file descriptors; "
5591,84632,84633,813350660936255,813350660973859,"binder transaction async","binder async rcv",1466,3397,3421,3453,115557199,115554649,"0x0a Java Layer Dependent","0x11 this is a one-way call: async, no return; allow replies with file descriptors; "
5592,84634,84635,813350661236203,813350661278495,"binder transaction async","binder async rcv",3421,3470,1466,3362,115557200,115554652,"0x01 Java Layer Dependent","0x11 this is a one-way call: async, no return; allow replies with file descriptors; "
5593,84646,84649,813350661772974,813350661811880,"binder transaction async","binder async rcv",1466,3397,3421,3453,115557201,115554649,"0x0a Java Layer Dependent","0x11 this is a one-way call: async, no return; allow replies with file descriptors; "
5594,84650,84651,813350662050995,813350662101672,"binder transaction async","binder async rcv",3421,3470,1466,3362,115557202,115554652,"0x01 Java Layer Dependent","0x11 this is a one-way call: async, no return; allow replies with file descriptors; "
5595,84658,84659,813350662606724,813350662649692,"binder transaction async","binder async rcv",1466,3397,3421,3453,115557203,115554649,"0x0a Java Layer Dependent","0x11 this is a one-way call: async, no return; allow replies with file descriptors; "
5596,84660,84661,813350662918807,813350662963911,"binder transaction async","binder async rcv",3421,3470,1466,3362,115557204,115554652,"0x01 Java Layer Dependent","0x11 this is a one-way call: async, no return; allow replies with file descriptors; "
5597,84668,84669,813350663463130,813350663501828,"binder transaction async","binder async rcv",1466,3397,3421,3453,115557205,115554649,"0x0a Java Layer Dependent","0x11 this is a one-way call: async, no return; allow replies with file descriptors; "
5598,84671,84672,813350663788338,813350663829120,"binder transaction async","binder async rcv",3421,3470,1466,3362,115557207,115554652,"0x01 Java Layer Dependent","0x11 this is a one-way call: async, no return; allow replies with file descriptors; "
5600,84680,84681,813350664335942,813350664370890,"binder transaction async","binder async rcv",1466,3397,3421,3453,115557208,115554649,"0x0a Java Layer Dependent","0x11 this is a one-way call: async, no return; allow replies with file descriptors; "
5601,84682,84683,813350664617713,813350664661255,"binder transaction async","binder async rcv",3421,3470,1466,3362,115557209,115554652,"0x01 Java Layer Dependent","0x11 this is a one-way call: async, no return; allow replies with file descriptors; "
5602,84690,84691,813350665169432,813350665209328,"binder transaction async","binder async rcv",1466,3397,3421,3453,115557210,115554649,"0x0a Java Layer Dependent","0x11 this is a one-way call: async, no return; allow replies with file descriptors; "
5603,84692,84693,813350665482870,813350665525005,"binder transaction async","binder async rcv",3421,3470,1466,3362,115557211,115554652,"0x01 Java Layer Dependent","0x11 this is a one-way call: async, no return; allow replies with file descriptors; "
5604,84700,84701,813350665998911,813350666036984,"binder transaction async","binder async rcv",1466,3397,3421,3453,115557213,115554649,"0x0a Java Layer Dependent","0x11 this is a one-way call: async, no return; allow replies with file descriptors; "
5605,84702,84703,813350666298911,813350666339536,"binder transaction async","binder async rcv",3421,3470,1466,3362,115557214,115554652,"0x01 Java Layer Dependent","0x11 this is a one-way call: async, no return; allow replies with file descriptors; "
5606,84710,84711,813350666843807,813350666884120,"binder transaction async","binder async rcv",1466,3397,3421,3453,115557215,115554649,"0x0a Java Layer Dependent","0x11 this is a one-way call: async, no return; allow replies with file descriptors; "
5607,84714,84715,813350667175161,813350667237036,"binder transaction async","binder async rcv",3421,3470,1466,3362,115557216,115554652,"0x01 Java Layer Dependent","0x11 this is a one-way call: async, no return; allow replies with file descriptors; "
5608,84728,84729,813350667753078,813350667793703,"binder transaction async","binder async rcv",1466,3397,3421,3453,115557217,115554649,"0x0a Java Layer Dependent","0x11 this is a one-way call: async, no return; allow replies with file descriptors; "
5609,84738,84739,813350668134484,813350668177505,"binder transaction async","binder async rcv",3421,3470,1466,3362,115557218,115554652,"0x01 Java Layer Dependent","0x11 this is a one-way call: async, no return; allow replies with file descriptors; "
5610,84746,84747,813350668677192,813350668720109,"binder transaction async","binder async rcv",1466,3397,3421,3453,115557219,115554649,"0x0a Java Layer Dependent","0x11 this is a one-way call: async, no return; allow replies with file descriptors; "
5611,84748,84749,813350668996047,813350669044484,"binder transaction async","binder async rcv",3421,3470,1466,3362,115557220,115554652,"0x01 Java Layer Dependent","0x11 this is a one-way call: async, no return; allow replies with file descriptors; "
5612,84756,84757,813350669536359,813350669573755,"binder transaction async","binder async rcv",1466,3397,3421,3453,115557221,115554649,"0x0a Java Layer Dependent","0x11 this is a one-way call: async, no return; allow replies with file descriptors; "
5613,84758,84759,813350669841359,813350669885838,"binder transaction async","binder async rcv",3421,3470,1466,3362,115557222,115554652,"0x01 Java Layer Dependent","0x11 this is a one-way call: async, no return; allow replies with file descriptors; "
5614,84766,84767,813350670383026,813350670422349,"binder transaction async","binder async rcv",1466,3397,3421,3453,115557223,115554649,"0x0a Java Layer Dependent","0x11 this is a one-way call: async, no return; allow replies with file descriptors; "
5615,84768,84769,813350670689276,813350670731047,"binder transaction async","binder async rcv",3421,3470,1466,3362,115557224,115554652,"0x01 Java Layer Dependent","0x11 this is a one-way call: async, no return; allow replies with file descriptors; "
5616,84776,84777,813350671206984,813350671244328,"binder transaction async","binder async rcv",1466,3397,3421,3453,115557225,115554649,"0x0a Java Layer Dependent","0x11 this is a one-way call: async, no return; allow replies with file descriptors; "
5617,84778,84779,813350671501567,813350671547974,"binder transaction async","binder async rcv",3421,3470,1466,3362,115557226,115554652,"0x01 Java Layer Dependent","0x11 this is a one-way call: async, no return; allow replies with file descriptors; "
5618,84786,84787,813350672049484,813350672110942,"binder transaction async","binder async rcv",1466,3397,3421,3453,115557227,115554649,"0x0a Java Layer Dependent","0x11 this is a one-way call: async, no return; allow replies with file descriptors; "
5619,84790,84791,813350672438599,813350672475005,"binder transaction async","binder async rcv",3421,3470,1466,3362,115557228,115554652,"0x01 Java Layer Dependent","0x11 this is a one-way call: async, no return; allow replies with file descriptors; "
5620,84802,84803,813350672936099,813350672981515,"binder transaction async","binder async rcv",1466,3397,3421,3453,115557229,115554649,"0x0a Java Layer Dependent","0x11 this is a one-way call: async, no return; allow replies with file descriptors; "
5621,84804,84805,813350673307297,813350673360474,"binder transaction async","binder async rcv",3421,3470,1466,3362,115557230,115554652,"0x01 Java Layer Dependent","0x11 this is a one-way call: async, no return; allow replies with file descriptors; "
5622,84812,84813,813350673852453,813350673901724,"binder transaction async","binder async rcv",1466,3397,3421,3453,115557231,115554649,"0x0a Java Layer Dependent","0x11 this is a one-way call: async, no return; allow replies with file descriptors; "
5623,84814,84815,813350674212036,813350674261359,"binder transaction async","binder async rcv",3421,3470,1466,3362,115557232,115554652,"0x01 Java Layer Dependent","0x11 this is a one-way call: async, no return; allow replies with file descriptors; "
5624,84822,84823,813350674736672,813350674780317,"binder transaction async","binder async rcv",1466,3397,3421,3453,115557233,115554649,"0x0a Java Layer Dependent","0x11 this is a one-way call: async, no return; allow replies with file descriptors; "
5625,84824,84825,813350675064172,813350675111255,"binder transaction async","binder async rcv",3421,3470,1466,3362,115557234,115554652,"0x01 Java Layer Dependent","0x11 this is a one-way call: async, no return; allow replies with file descriptors; "
5626,84832,84833,813350675618390,813350675664849,"binder transaction async","binder async rcv",1466,3397,3421,3453,115557235,115554649,"0x0a Java Layer Dependent","0x11 this is a one-way call: async, no return; allow replies with file descriptors; "
5627,84834,84835,813350675941203,813350675990161,"binder transaction async","binder async rcv",3421,3470,1466,3362,115557236,115554652,"0x01 Java Layer Dependent","0x11 this is a one-way call: async, no return; allow replies with file descriptors; "
5628,84842,84843,813350676491567,813350676538911,"binder transaction async","binder async rcv",1466,3397,3421,3453,115557237,115554649,"0x0a Java Layer Dependent","0x11 this is a one-way call: async, no return; allow replies with file descriptors; "
5629,84844,84845,813350676841672,813350676889745,"binder transaction async","binder async rcv",3421,3470,1466,3362,115557238,115554652,"0x01 Java Layer Dependent","0x11 this is a one-way call: async, no return; allow replies with file descriptors; "
5630,84852,84853,813350677368963,813350677415942,"binder transaction async","binder async rcv",1466,3397,3421,3453,115557239,115554649,"0x0a Java Layer Dependent","0x11 this is a one-way call: async, no return; allow replies with file descriptors; "
5631,84854,84855,813350677699536,813350677748130,"binder transaction async","binder async rcv",3421,3470,1466,3362,115557240,115554652,"0x01 Java Layer Dependent","0x11 this is a one-way call: async, no return; allow replies with file descriptors; "
5632,84862,84863,813350678230213,813350678270890,"binder transaction async","binder async rcv",1466,3397,3421,3453,115557241,115554649,"0x0a Java Layer Dependent","0x11 this is a one-way call: async, no return; allow replies with file descriptors; "
5633,84864,84865,813350678554015,813350678600630,"binder transaction async","binder async rcv",3421,3470,1466,3362,115557242,115554652,"0x01 Java Layer Dependent","0x11 this is a one-way call: async, no return; allow replies with file descriptors; "
5634,84872,84873,813350679063911,813350679110005,"binder transaction async","binder async rcv",1466,3397,3421,3453,115557243,115554649,"0x0a Java Layer Dependent","0x11 this is a one-way call: async, no return; allow replies with file descriptors; "
5635,84874,84875,813350679390474,813350679438703,"binder transaction async","binder async rcv",3421,3470,1466,3362,115557244,115554652,"0x01 Java Layer Dependent","0x11 this is a one-way call: async, no return; allow replies with file descriptors; "
5636,84882,84883,813350679927140,813350679974484,"binder transaction async","binder async rcv",1466,3397,3421,3453,115557245,115554649,"0x0a Java Layer Dependent","0x11 this is a one-way call: async, no return; allow replies with file descriptors; "
5637,84884,84885,813350680324692,813350680367661,"binder transaction async","binder async rcv",3421,3470,1466,3362,115557246,115554652,"0x01 Java Layer Dependent","0x11 this is a one-way call: async, no return; allow replies with file descriptors; "
5639,84894,84895,813350680807557,813350680850422,"binder transaction async","binder async rcv",1466,3397,3421,3453,115557248,115554649,"0x0a Java Layer Dependent","0x11 this is a one-way call: async, no return; allow replies with file descriptors; "
5640,84896,84898,813350681121828,813350681163390,"binder transaction async","binder async rcv",3421,3470,1466,3362,115557250,115554652,"0x01 Java Layer Dependent","0x11 this is a one-way call: async, no return; allow replies with file descriptors; "
5642,84906,84907,813350681609588,813350681650317,"binder transaction async","binder async rcv",1466,3397,3421,3453,115557253,115554649,"0x0a Java Layer Dependent","0x11 this is a one-way call: async, no return; allow replies with file descriptors; "
5643,84908,84909,813350681940890,813350681983651,"binder transaction async","binder async rcv",3421,3470,1466,3362,115557254,115554652,"0x01 Java Layer Dependent","0x11 this is a one-way call: async, no return; allow replies with file descriptors; "
5645,84918,84919,813350682408390,813350682445630,"binder transaction async","binder async rcv",1466,3397,3421,3453,115557256,115554649,"0x0a Java Layer Dependent","0x11 this is a one-way call: async, no return; allow replies with file descriptors; "
5647,84923,84924,813350682716359,813350682756567,"binder transaction async","binder async rcv",3421,3470,1466,3362,115557260,115554652,"0x01 Java Layer Dependent","0x11 this is a one-way call: async, no return; allow replies with file descriptors; "
5650,84936,84937,813350683211880,813350683250682,"binder transaction async","binder async rcv",1466,3397,3421,3453,115557264,115554649,"0x0a Java Layer Dependent","0x11 this is a one-way call: async, no return; allow replies with file descriptors; "
5651,84942,84943,813350683639588,813350683692036,"binder transaction async","binder async rcv",3421,3470,1466,3362,115557265,115554652,"0x01 Java Layer Dependent","0x11 this is a one-way call: async, no return; allow replies with file descriptors; "
5652,84950,84951,813350684355682,813350684398078,"binder transaction async","binder async rcv",1466,3397,3421,3453,115557266,115554649,"0x0a Java Layer Dependent","0x11 this is a one-way call: async, no return; allow replies with file descriptors; "
5653,84952,84953,813350684673078,813350684722297,"binder transaction async","binder async rcv",3421,3470,1466,3362,115557267,115554652,"0x01 Java Layer Dependent","0x11 this is a one-way call: async, no return; allow replies with file descriptors; "
5654,84960,84961,813350685254067,813350685297245,"binder transaction async","binder async rcv",1466,3397,3421,3453,115557268,115554649,"0x0a Java Layer Dependent","0x11 this is a one-way call: async, no return; allow replies with file descriptors; "
5655,84962,84963,813350685575942,813350685623807,"binder transaction async","binder async rcv",3421,3470,1466,3362,115557269,115554652,"0x01 Java Layer Dependent","0x11 this is a one-way call: async, no return; allow replies with file descriptors; "
5656,84970,84971,813350686124120,813350686164849,"binder transaction async","binder async rcv",1466,3397,3421,3453,115557270,115554649,"0x0a Java Layer Dependent","0x11 this is a one-way call: async, no return; allow replies with file descriptors; "
5657,84972,84973,813350686449380,813350686492870,"binder transaction async","binder async rcv",3421,3470,1466,3362,115557271,115554652,"0x01 Java Layer Dependent","0x11 this is a one-way call: async, no return; allow replies with file descriptors; "
5658,84980,84981,813350686997870,813350687039745,"binder transaction async","binder async rcv",1466,3397,3421,3453,115557272,115554649,"0x0a Java Layer Dependent","0x11 this is a one-way call: async, no return; allow replies with file descriptors; "
5659,84982,84983,813350687308026,813350687353495,"binder transaction async","binder async rcv",3421,3470,1466,3362,115557273,115554652,"0x01 Java Layer Dependent","0x11 this is a one-way call: async, no return; allow replies with file descriptors; "
5660,84990,84991,813350687831672,813350687870942,"binder transaction async","binder async rcv",1466,3397,3421,3453,115557274,115554649,"0x0a Java Layer Dependent","0x11 this is a one-way call: async, no return; allow replies with file descriptors; "
5661,84992,84993,813350688190786,813350688239276,"binder transaction async","binder async rcv",3421,3470,1466,3362,115557275,115554652,"0x01 Java Layer Dependent","0x11 this is a one-way call: async, no return; allow replies with file descriptors; "
5662,85000,85001,813350688745578,813350688788442,"binder transaction async","binder async rcv",1466,3397,3421,3453,115557276,115554649,"0x0a Java Layer Dependent","0x11 this is a one-way call: async, no return; allow replies with file descriptors; "
5663,85002,85003,813350689055005,813350689100734,"binder transaction async","binder async rcv",3421,3470,1466,3362,115557277,115554652,"0x01 Java Layer Dependent","0x11 this is a one-way call: async, no return; allow replies with file descriptors; "
5664,85010,85011,813350689600630,813350689640265,"binder transaction async","binder async rcv",1466,3397,3421,3453,115557278,115554649,"0x0a Java Layer Dependent","0x11 this is a one-way call: async, no return; allow replies with file descriptors; "
5665,85012,85013,813350689911203,813350689954640,"binder transaction async","binder async rcv",3421,3470,1466,3362,115557279,115554652,"0x01 Java Layer Dependent","0x11 this is a one-way call: async, no return; allow replies with file descriptors; "
5666,85020,85021,813350690439692,813350690478495,"binder transaction async","binder async rcv",1466,3397,3421,3453,115557280,115554649,"0x0a Java Layer Dependent","0x11 this is a one-way call: async, no return; allow replies with file descriptors; "
5667,85022,85023,813350690760005,813350690807349,"binder transaction async","binder async rcv",3421,3470,1466,3362,115557281,115554652,"0x01 Java Layer Dependent","0x11 this is a one-way call: async, no return; allow replies with file descriptors; "
5668,85030,85031,813350691323078,813350691396776,"binder transaction async","binder async rcv",1466,3397,3421,3453,115557282,115554649,"0x0a Java Layer Dependent","0x11 this is a one-way call: async, no return; allow replies with file descriptors; "
5669,85032,85033,813350691687661,813350691735109,"binder transaction async","binder async rcv",3421,3470,1466,3362,115557283,115554652,"0x01 Java Layer Dependent","0x11 this is a one-way call: async, no return; allow replies with file descriptors; "
5670,85040,85041,813350692264172,813350692304015,"binder transaction async","binder async rcv",1466,3397,3421,3453,115557284,115554649,"0x0a Java Layer Dependent","0x11 this is a one-way call: async, no return; allow replies with file descriptors; "
5671,85042,85043,813350692560942,813350692603286,"binder transaction async","binder async rcv",3421,3470,1466,3362,115557285,115554652,"0x01 Java Layer Dependent","0x11 this is a one-way call: async, no return; allow replies with file descriptors; "
5672,85050,85051,813350693100942,813350693139797,"binder transaction async","binder async rcv",1466,3397,3421,3453,115557286,115554649,"0x0a Java Layer Dependent","0x11 this is a one-way call: async, no return; allow replies with file descriptors; "
5673,85052,85053,813350693407349,813350693448286,"binder transaction async","binder async rcv",3421,3470,1466,3362,115557287,115554652,"0x01 Java Layer Dependent","0x11 this is a one-way call: async, no return; allow replies with file descriptors; "
5674,85060,85061,813350693908442,813350693944536,"binder transaction async","binder async rcv",1466,3397,3421,3453,115557288,115554649,"0x0a Java Layer Dependent","0x11 this is a one-way call: async, no return; allow replies with file descriptors; "
5675,85062,85063,813350694205057,813350694252661,"binder transaction async","binder async rcv",3421,3470,1466,3362,115557289,115554652,"0x01 Java Layer Dependent","0x11 this is a one-way call: async, no return; allow replies with file descriptors; "
5676,85070,85071,813350694744953,813350694783859,"binder transaction async","binder async rcv",1466,3397,3421,3453,115557290,115554649,"0x0a Java Layer Dependent","0x11 this is a one-way call: async, no return; allow replies with file descriptors; "
5677,85072,85073,813350695044224,813350695091411,"binder transaction async","binder async rcv",3421,3470,1466,3362,115557291,115554652,"0x01 Java Layer Dependent","0x11 this is a one-way call: async, no return; allow replies with file descriptors; "
5678,85080,85081,813350695565422,813350695607713,"binder transaction async","binder async rcv",1466,3397,3421,3453,115557292,115554649,"0x0a Java Layer Dependent","0x11 this is a one-way call: async, no return; allow replies with file descriptors; "
5679,85082,85083,813350695882297,813350695922661,"binder transaction async","binder async rcv",3421,3470,1466,3362,115557293,115554652,"0x01 Java Layer Dependent","0x11 this is a one-way call: async, no return; allow replies with file descriptors; "
5680,85090,85091,813350696431880,813350696469172,"binder transaction async","binder async rcv",1466,3397,3421,3453,115557294,115554649,"0x0a Java Layer Dependent","0x11 this is a one-way call: async, no return; allow replies with file descriptors; "
5681,85092,85093,813350696728442,813350696766567,"binder transaction async","binder async rcv",3421,3470,1466,3362,115557295,115554652,"0x01 Java Layer Dependent","0x11 this is a one-way call: async, no return; allow replies with file descriptors; "
5682,85100,85101,813350697245109,813350697283599,"binder transaction async","binder async rcv",1466,3397,3421,3453,115557296,115554649,"0x0a Java Layer Dependent","0x11 this is a one-way call: async, no return; allow replies with file descriptors; "
5683,85102,85103,813350697570734,813350697611567,"binder transaction async","binder async rcv",3421,3470,1466,3362,115557297,115554652,"0x01 Java Layer Dependent","0x11 this is a one-way call: async, no return; allow replies with file descriptors; "
5684,85110,85111,813350698085578,813350698121776,"binder transaction async","binder async rcv",1466,3397,3421,3453,115557298,115554649,"0x0a Java Layer Dependent","0x11 this is a one-way call: async, no return; allow replies with file descriptors; "
5685,85112,85113,813350698376515,813350698421515,"binder transaction async","binder async rcv",3421,3470,1466,3362,115557299,115554652,"0x01 Java Layer Dependent","0x11 this is a one-way call: async, no return; allow replies with file descriptors; "
5686,85120,85121,813350698907609,813350698947817,"binder transaction async","binder async rcv",1466,3397,3421,3453,115557300,115554649,"0x0a Java Layer Dependent","0x11 this is a one-way call: async, no return; allow replies with file descriptors; "
5687,85122,85123,813350699220890,813350699260890,"binder transaction async","binder async rcv",3421,3470,1466,3362,115557301,115554652,"0x01 Java Layer Dependent","0x11 this is a one-way call: async, no return; allow replies with file descriptors; "
5688,85130,85131,813350699875578,813350699915942,"binder transaction async","binder async rcv",1466,3397,3421,3453,115557302,115554649,"0x0a Java Layer Dependent","0x11 this is a one-way call: async, no return; allow replies with file descriptors; "
5689,85132,85133,813350700208651,813350700249536,"binder transaction async","binder async rcv",3421,3470,1466,3362,115557303,115554652,"0x01 Java Layer Dependent","0x11 this is a one-way call: async, no return; allow replies with file descriptors; "
5690,85140,85141,813350700755734,813350700795734,"binder transaction async","binder async rcv",1466,3397,3421,3453,115557304,115554649,"0x0a Java Layer Dependent","0x11 this is a one-way call: async, no return; allow replies with file descriptors; "
5691,85142,85143,813350701067870,813350701113026,"binder transaction async","binder async rcv",3421,3470,1466,3362,115557305,115554652,"0x01 Java Layer Dependent","0x11 this is a one-way call: async, no return; allow replies with file descriptors; "
5692,85150,85151,813350701633338,813350701673495,"binder transaction async","binder async rcv",1466,3397,3421,3453,115557306,115554649,"0x0a Java Layer Dependent","0x11 this is a one-way call: async, no return; allow replies with file descriptors; "
5693,85152,85153,813350701945630,813350701988182,"binder transaction async","binder async rcv",3421,3470,1466,3362,115557307,115554652,"0x01 Java Layer Dependent","0x11 this is a one-way call: async, no return; allow replies with file descriptors; "
5694,85160,85161,813350702495838,813350702536203,"binder transaction async","binder async rcv",1466,3397,3421,3453,115557308,115554649,"0x0a Java Layer Dependent","0x11 this is a one-way call: async, no return; allow replies with file descriptors; "
5695,85162,85163,813350702832401,813350702873911,"binder transaction async","binder async rcv",3421,3470,1466,3362,115557309,115554652,"0x01 Java Layer Dependent","0x11 this is a one-way call: async, no return; allow replies with file descriptors; "
5696,85170,85171,813350703387140,813350703425682,"binder transaction async","binder async rcv",1466,3397,3421,3453,115557310,115554649,"0x0a Java Layer Dependent","0x11 this is a one-way call: async, no return; allow replies with file descriptors; "
5697,85172,85173,813350703691724,813350703734328,"binder transaction async","binder async rcv",3421,3470,1466,3362,115557311,115554652,"0x01 Java Layer Dependent","0x11 this is a one-way call: async, no return; allow replies with file descriptors; "
5698,85180,85181,813350704244588,813350704284536,"binder transaction async","binder async rcv",1466,3397,3421,3453,115557312,115554649,"0x0a Java Layer Dependent","0x11 this is a one-way call: async, no return; allow replies with file descriptors; "
5699,85182,85183,813350704568703,813350704611567,"binder transaction async","binder async rcv",3421,3470,1466,3362,115557313,115554652,"0x01 Java Layer Dependent","0x11 this is a one-way call: async, no return; allow replies with file descriptors; "
5700,85190,85191,813350705098390,813350705139224,"binder transaction async","binder async rcv",1466,3397,3421,3453,115557314,115554649,"0x0a Java Layer Dependent","0x11 this is a one-way call: async, no return; allow replies with file descriptors; "
5701,85192,85193,813350705392713,813350705435422,"binder transaction async","binder async rcv",3421,3470,1466,3362,115557315,115554652,"0x01 Java Layer Dependent","0x11 this is a one-way call: async, no return; allow replies with file descriptors; "
5702,85202,85205,813350705950057,813350705988963,"binder transaction async","binder async rcv",1466,3397,3421,3453,115557316,115554649,"0x0a Java Layer Dependent","0x11 this is a one-way call: async, no return; allow replies with file descriptors; "
5703,85209,85210,813350706257297,813350706304432,"binder transaction async","binder async rcv",3421,3470,1466,3362,115557317,115554652,"0x01 Java Layer Dependent","0x11 this is a one-way call: async, no return; allow replies with file descriptors; "
5704,85217,85218,813350706832192,813350706872974,"binder transaction async","binder async rcv",1466,3397,3421,3453,115557318,115554649,"0x0a Java Layer Dependent","0x11 this is a one-way call: async, no return; allow replies with file descriptors; "
5705,85219,85220,813350707139328,813350707185422,"binder transaction async","binder async rcv",3421,3470,1466,3362,115557319,115554652,"0x01 Java Layer Dependent","0x11 this is a one-way call: async, no return; allow replies with file descriptors; "
5706,85227,85228,813350707745422,813350707790265,"binder transaction async","binder async rcv",1466,3397,3421,3453,115557320,115554649,"0x0a Java Layer Dependent","0x11 this is a one-way call: async, no return; allow replies with file descriptors; "
5707,85229,85230,813350708053859,813350708119067,"binder transaction async","binder async rcv",3421,3470,1466,3362,115557321,115554652,"0x01 Java Layer Dependent","0x11 this is a one-way call: async, no return; allow replies with file descriptors; "
5708,85237,85238,813350708587713,813350708625317,"binder transaction async","binder async rcv",1466,3397,3421,3453,115557322,115554649,"0x0a Java Layer Dependent","0x11 this is a one-way call: async, no return; allow replies with file descriptors; "
5709,85239,85240,813350708891567,813350708934432,"binder transaction async","binder async rcv",3421,3470,1466,3362,115557323,115554652,"0x01 Java Layer Dependent","0x11 this is a one-way call: async, no return; allow replies with file descriptors; "
5710,85247,85248,813350709427192,813350709469745,"binder transaction async","binder async rcv",1466,3397,3421,3453,115557324,115554649,"0x0a Java Layer Dependent","0x11 this is a one-way call: async, no return; allow replies with file descriptors; "
5711,85249,85250,813350709725838,813350709764745,"binder transaction async","binder async rcv",3421,3470,1466,3362,115557325,115554652,"0x01 Java Layer Dependent","0x11 this is a one-way call: async, no return; allow replies with file descriptors; "
5712,85257,85258,813350710234536,813350710271567,"binder transaction async","binder async rcv",1466,3397,3421,3453,115557326,115554649,"0x0a Java Layer Dependent","0x11 this is a one-way call: async, no return; allow replies with file descriptors; "
5713,85259,85260,813350710535786,813350710579640,"binder transaction async","binder async rcv",3421,3470,1466,3362,115557327,115554652,"0x01 Java Layer Dependent","0x11 this is a one-way call: async, no return; allow replies with file descriptors; "
5714,85267,85268,813350711055682,813350711089536,"binder transaction async","binder async rcv",1466,3397,3421,3453,115557328,115554649,"0x0a Java Layer Dependent","0x11 this is a one-way call: async, no return; allow replies with file descriptors; "
5715,85269,85270,813350711346724,813350711378807,"binder transaction async","binder async rcv",3421,3470,1466,3362,115557329,115554652,"0x01 Java Layer Dependent","0x11 this is a one-way call: async, no return; allow replies with file descriptors; "
5716,85278,85279,813350711812713,813350711849797,"binder transaction async","binder async rcv",1466,3397,3421,3453,115557331,115554649,"0x0a Java Layer Dependent","0x11 this is a one-way call: async, no return; allow replies with file descriptors; "
5718,85281,85282,813350712135005,813350712167192,"binder transaction async","binder async rcv",3421,3470,1466,3362,115557332,115554652,"0x01 Java Layer Dependent","0x11 this is a one-way call: async, no return; allow replies with file descriptors; "
5719,85289,85290,813350712618859,813350712651567,"binder transaction async","binder async rcv",1466,3397,3421,3453,115557333,115554649,"0x0a Java Layer Dependent","0x11 this is a one-way call: async, no return; allow replies with file descriptors; "
5720,85291,85292,813350712888286,813350712928859,"binder transaction async","binder async rcv",3421,3470,1466,3362,115557334,115554652,"0x01 Java Layer Dependent","0x11 this is a one-way call: async, no return; allow replies with file descriptors; "
5721,85299,85300,813350713395682,813350713435526,"binder transaction async","binder async rcv",1466,3397,3421,3453,115557335,115554649,"0x0a Java Layer Dependent","0x11 this is a one-way call: async, no return; allow replies with file descriptors; "
5722,85301,85302,813350713712661,813350713753026,"binder transaction async","binder async rcv",3421,3470,1466,3362,115557336,115554652,"0x01 Java Layer Dependent","0x11 this is a one-way call: async, no return; allow replies with file descriptors; "
5723,85309,85310,813350714248755,813350714285317,"binder transaction async","binder async rcv",1466,3397,3421,3453,115557337,115554649,"0x0a Java Layer Dependent","0x11 this is a one-way call: async, no return; allow replies with file descriptors; "
5724,85311,85312,813350714538130,813350714577765,"binder transaction async","binder async rcv",3421,3470,1466,3362,115557338,115554652,"0x01 Java Layer Dependent","0x11 this is a one-way call: async, no return; allow replies with file descriptors; "
5725,85319,85320,813350715058390,813350715095161,"binder transaction async","binder async rcv",1466,3397,3421,3453,115557339,115554649,"0x0a Java Layer Dependent","0x11 this is a one-way call: async, no return; allow replies with file descriptors; "
5726,85321,85322,813350715349692,813350715436620,"binder transaction async","binder async rcv",3421,3470,1466,3362,115557340,115554652,"0x01 Java Layer Dependent","0x11 this is a one-way call: async, no return; allow replies with file descriptors; "
5727,85329,85330,813350715969432,813350716010109,"binder transaction async","binder async rcv",1466,3397,3421,3453,115557341,115554649,"0x0a Java Layer Dependent","0x11 this is a one-way call: async, no return; allow replies with file descriptors; "
5728,85331,85332,813350716343182,813350716387401,"binder transaction async","binder async rcv",3421,3470,1466,3362,115557342,115554652,"0x01 Java Layer Dependent","0x11 this is a one-way call: async, no return; allow replies with file descriptors; "
5729,85339,85340,813350716856047,813350716895161,"binder transaction async","binder async rcv",1466,3397,3421,3453,115557343,115554649,"0x0a Java Layer Dependent","0x11 this is a one-way call: async, no return; allow replies with file descriptors; "
5730,85341,85342,813350717174849,813350717218859,"binder transaction async","binder async rcv",3421,3470,1466,3362,115557344,115554652,"0x01 Java Layer Dependent","0x11 this is a one-way call: async, no return; allow replies with file descriptors; "
5731,85349,85350,813350717735890,813350717775786,"binder transaction async","binder async rcv",1466,3397,3421,3453,115557345,115554649,"0x0a Java Layer Dependent","0x11 this is a one-way call: async, no return; allow replies with file descriptors; "
5732,85357,85358,813350718038651,813350718098911,"binder transaction async","binder async rcv",3421,3470,1466,3362,115557346,115554652,"0x01 Java Layer Dependent","0x11 this is a one-way call: async, no return; allow replies with file descriptors; "
5733,85367,85368,813350718581099,813350718618599,"binder transaction async","binder async rcv",1466,3397,3421,3453,115557347,115554649,"0x0a Java Layer Dependent","0x11 this is a one-way call: async, no return; allow replies with file descriptors; "
5734,85373,85374,813350718861307,813350718908547,"binder transaction async","binder async rcv",3421,3470,1466,3362,115557348,115554652,"0x01 Java Layer Dependent","0x11 this is a one-way call: async, no return; allow replies with file descriptors; "
5735,85381,85382,813350719406255,813350719444692,"binder transaction async","binder async rcv",1466,3397,3421,3453,115557349,115554649,"0x0a Java Layer Dependent","0x11 this is a one-way call: async, no return; allow replies with file descriptors; "
5736,85383,85384,813350719697297,813350719733911,"binder transaction async","binder async rcv",3421,3470,1466,3362,115557350,115554652,"0x01 Java Layer Dependent","0x11 this is a one-way call: async, no return; allow replies with file descriptors; "
5737,85391,85392,813350720238442,813350720278442,"binder transaction async","binder async rcv",1466,3397,3421,3453,115557351,115554649,"0x0a Java Layer Dependent","0x11 this is a one-way call: async, no return; allow replies with file descriptors; "
5738,85393,85394,813350720536099,813350720576255,"binder transaction async","binder async rcv",3421,3470,1466,3362,115557352,115554652,"0x01 Java Layer Dependent","0x11 this is a one-way call: async, no return; allow replies with file descriptors; "
5739,85404,85407,813350721051411,813350721083390,"binder transaction async","binder async rcv",1466,3397,3421,3453,115557353,115554649,"0x0a Java Layer Dependent","0x11 this is a one-way call: async, no return; allow replies with file descriptors; "
5740,85410,85411,813350721338130,813350721381672,"binder transaction async","binder async rcv",3421,3470,1466,3362,115557354,115554652,"0x01 Java Layer Dependent","0x11 this is a one-way call: async, no return; allow replies with file descriptors; "
5741,85418,85419,813350721845838,813350721880942,"binder transaction async","binder async rcv",1466,3397,3421,3453,115557355,115554649,"0x0a Java Layer Dependent","0x11 this is a one-way call: async, no return; allow replies with file descriptors; "
5742,85420,85421,813350722146620,813350722187297,"binder transaction async","binder async rcv",3421,3470,1466,3362,115557356,115554652,"0x01 Java Layer Dependent","0x11 this is a one-way call: async, no return; allow replies with file descriptors; "
5743,85428,85429,813350722680995,813350722720265,"binder transaction async","binder async rcv",1466,3397,3421,3453,115557357,115554649,"0x0a Java Layer Dependent","0x11 this is a one-way call: async, no return; allow replies with file descriptors; "
5744,85430,85431,813350722980682,813350723023078,"binder transaction async","binder async rcv",3421,3470,1466,3362,115557358,115554652,"0x01 Java Layer Dependent","0x11 this is a one-way call: async, no return; allow replies with file descriptors; "
5745,85438,85439,813350723493755,813350723533911,"binder transaction async","binder async rcv",1466,3397,3421,3453,115557359,115554649,"0x0a Java Layer Dependent","0x11 this is a one-way call: async, no return; allow replies with file descriptors; "
5746,85440,85441,813350723786151,813350723834484,"binder transaction async","binder async rcv",3421,3470,1466,3362,115557360,115554652,"0x01 Java Layer Dependent","0x11 this is a one-way call: async, no return; allow replies with file descriptors; "
5747,85448,85449,813350724413390,813350724456307,"binder transaction async","binder async rcv",1466,3397,3421,3453,115557361,115554649,"0x0a Java Layer Dependent","0x11 this is a one-way call: async, no return; allow replies with file descriptors; "
5748,85450,85451,813350724739484,813350724781411,"binder transaction async","binder async rcv",3421,3470,1466,3362,115557362,115554652,"0x01 Java Layer Dependent","0x11 this is a one-way call: async, no return; allow replies with file descriptors; "
5749,85458,85459,813350725265838,813350725303859,"binder transaction async","binder async rcv",1466,3397,3421,3453,115557363,115554649,"0x0a Java Layer Dependent","0x11 this is a one-way call: async, no return; allow replies with file descriptors; "
5750,85460,85461,813350725566307,813350725610109,"binder transaction async","binder async rcv",3421,3470,1466,3362,115557364,115554652,"0x01 Java Layer Dependent","0x11 this is a one-way call: async, no return; allow replies with file descriptors; "
5751,85468,85469,813350726062192,813350726098599,"binder transaction async","binder async rcv",1466,3397,3421,3453,115557365,115554649,"0x0a Java Layer Dependent","0x11 this is a one-way call: async, no return; allow replies with file descriptors; "
5752,85470,85471,813350726396411,813350726437713,"binder transaction async","binder async rcv",3421,3470,1466,3362,115557366,115554652,"0x01 Java Layer Dependent","0x11 this is a one-way call: async, no return; allow replies with file descriptors; "
5753,85478,85479,813350726934224,813350726973286,"binder transaction async","binder async rcv",1466,3397,3421,3453,115557367,115554649,"0x0a Java Layer Dependent","0x11 this is a one-way call: async, no return; allow replies with file descriptors; "
5754,85480,85481,813350727235474,813350727276515,"binder transaction async","binder async rcv",3421,3470,1466,3362,115557368,115554652,"0x01 Java Layer Dependent","0x11 this is a one-way call: async, no return; allow replies with file descriptors; "
5755,85488,85489,813350727750317,813350727788495,"binder transaction async","binder async rcv",1466,3397,3421,3453,115557369,115554649,"0x0a Java Layer Dependent","0x11 this is a one-way call: async, no return; allow replies with file descriptors; "
5756,85490,85491,813350728054224,813350728109901,"binder transaction async","binder async rcv",3421,3470,1466,3362,115557370,115554652,"0x01 Java Layer Dependent","0x11 this is a one-way call: async, no return; allow replies with file descriptors; "
5757,85498,85499,813350728606776,813350728644432,"binder transaction async","binder async rcv",1466,3397,3421,3453,115557371,115554649,"0x0a Java Layer Dependent","0x11 this is a one-way call: async, no return; allow replies with file descriptors; "
5758,85500,85501,813350728901620,813350728942036,"binder transaction async","binder async rcv",3421,3470,1466,3362,115557372,115554652,"0x01 Java Layer Dependent","0x11 this is a one-way call: async, no return; allow replies with file descriptors; "
5759,85508,85509,813350729390942,813350729429484,"binder transaction async","binder async rcv",1466,3397,3421,3453,115557373,115554649,"0x0a Java Layer Dependent","0x11 this is a one-way call: async, no return; allow replies with file descriptors; "
5760,85510,85511,813350729672870,813350729719953,"binder transaction async","binder async rcv",3421,3470,1466,3362,115557374,115554652,"0x01 Java Layer Dependent","0x11 this is a one-way call: async, no return; allow replies with file descriptors; "
5761,85518,85519,813350730226620,813350730268755,"binder transaction async","binder async rcv",1466,3397,3421,3453,115557375,115554649,"0x0a Java Layer Dependent","0x11 this is a one-way call: async, no return; allow replies with file descriptors; "
5762,85520,85521,813350730527401,813350730567609,"binder transaction async","binder async rcv",3421,3470,1466,3362,115557376,115554652,"0x01 Java Layer Dependent","0x11 this is a one-way call: async, no return; allow replies with file descriptors; "
5763,85528,85529,813350731018755,813350731054692,"binder transaction async","binder async rcv",1466,3397,3421,3453,115557377,115554649,"0x0a Java Layer Dependent","0x11 this is a one-way call: async, no return; allow replies with file descriptors; "
5764,85530,85531,813350731303078,813350731347192,"binder transaction async","binder async rcv",3421,3470,1466,3362,115557378,115554652,"0x01 Java Layer Dependent","0x11 this is a one-way call: async, no return; allow replies with file descriptors; "
5765,85538,85539,813350731854432,813350731897557,"binder transaction async","binder async rcv",1466,3397,3421,3453,115557379,115554649,"0x0a Java Layer Dependent","0x11 this is a one-way call: async, no return; allow replies with file descriptors; "
5766,85540,85541,813350732184224,813350732227661,"binder transaction async","binder async rcv",3421,3470,1466,3362,115557380,115554652,"0x01 Java Layer Dependent","0x11 this is a one-way call: async, no return; allow replies with file descriptors; "
5767,85548,85549,813350732739745,813350732779692,"binder transaction async","binder async rcv",1466,3397,3421,3453,115557381,115554649,"0x0a Java Layer Dependent","0x11 this is a one-way call: async, no return; allow replies with file descriptors; "
5768,85550,85551,813350733046724,813350733092036,"binder transaction async","binder async rcv",3421,3470,1466,3362,115557382,115554652,"0x01 Java Layer Dependent","0x11 this is a one-way call: async, no return; allow replies with file descriptors; "
5769,85558,85559,813350733585213,813350733621880,"binder transaction async","binder async rcv",1466,3397,3421,3453,115557383,115554649,"0x0a Java Layer Dependent","0x11 this is a one-way call: async, no return; allow replies with file descriptors; "
5770,85560,85561,813350733890890,813350733938078,"binder transaction async","binder async rcv",3421,3470,1466,3362,115557384,115554652,"0x01 Java Layer Dependent","0x11 this is a one-way call: async, no return; allow replies with file descriptors; "
5771,85568,85569,813350734445265,813350734482817,"binder transaction async","binder async rcv",1466,3397,3421,3453,115557385,115554649,"0x0a Java Layer Dependent","0x11 this is a one-way call: async, no return; allow replies with file descriptors; "
5772,85570,85571,813350734757609,813350734801567,"binder transaction async","binder async rcv",3421,3470,1466,3362,115557386,115554652,"0x01 Java Layer Dependent","0x11 this is a one-way call: async, no return; allow replies with file descriptors; "
5773,85578,85579,813350735301047,813350735341099,"binder transaction async","binder async rcv",1466,3397,3421,3453,115557387,115554649,"0x0a Java Layer Dependent","0x11 this is a one-way call: async, no return; allow replies with file descriptors; "
5774,85580,85581,813350735647297,813350735695109,"binder transaction async","binder async rcv",3421,3470,1466,3362,115557388,115554652,"0x01 Java Layer Dependent","0x11 this is a one-way call: async, no return; allow replies with file descriptors; "
5775,85588,85589,813350736231567,813350736271724,"binder transaction async","binder async rcv",1466,3397,3421,3453,115557389,115554649,"0x0a Java Layer Dependent","0x11 this is a one-way call: async, no return; allow replies with file descriptors; "
5776,85590,85591,813350736530578,813350736573286,"binder transaction async","binder async rcv",3421,3470,1466,3362,115557390,115554652,"0x01 Java Layer Dependent","0x11 this is a one-way call: async, no return; allow replies with file descriptors; "
5777,85598,85599,813350737067661,813350737111984,"binder transaction async","binder async rcv",1466,3397,3421,3453,115557391,115554649,"0x0a Java Layer Dependent","0x11 this is a one-way call: async, no return; allow replies with file descriptors; "
5778,85600,85601,813350737366724,813350737406515,"binder transaction async","binder async rcv",3421,3470,1466,3362,115557392,115554652,"0x01 Java Layer Dependent","0x11 this is a one-way call: async, no return; allow replies with file descriptors; "
5779,85608,85609,813350737856047,813350737893182,"binder transaction async","binder async rcv",1466,3397,3421,3453,115557393,115554649,"0x0a Java Layer Dependent","0x11 this is a one-way call: async, no return; allow replies with file descriptors; "
5780,85610,85611,813350738150578,813350738192505,"binder transaction async","binder async rcv",3421,3470,1466,3362,115557394,115554652,"0x01 Java Layer Dependent","0x11 this is a one-way call: async, no return; allow replies with file descriptors; "
5781,85618,85619,813350738662870,813350738698703,"binder transaction async","binder async rcv",1466,3397,3421,3453,115557395,115554649,"0x0a Java Layer Dependent","0x11 this is a one-way call: async, no return; allow replies with file descriptors; "
5782,85620,85621,813350738952349,813350738998599,"binder transaction async","binder async rcv",3421,3470,1466,3362,115557396,115554652,"0x01 Java Layer Dependent","0x11 this is a one-way call: async, no return; allow replies with file descriptors; "
5783,85628,85629,813350739495682,813350739540161,"binder transaction async","binder async rcv",1466,3397,3421,3453,115557397,115554649,"0x0a Java Layer Dependent","0x11 this is a one-way call: async, no return; allow replies with file descriptors; "
5784,85630,85631,813350739824276,813350739865474,"binder transaction async","binder async rcv",3421,3470,1466,3362,115557398,115554652,"0x01 Java Layer Dependent","0x11 this is a one-way call: async, no return; allow replies with file descriptors; "
5785,85638,85639,813350740440890,813350740484067,"binder transaction async","binder async rcv",1466,3397,3421,3453,115557399,115554649,"0x0a Java Layer Dependent","0x11 this is a one-way call: async, no return; allow replies with file descriptors; "
5786,85640,85641,813350740753911,813350740796880,"binder transaction async","binder async rcv",3421,3470,1466,3362,115557400,115554652,"0x01 Java Layer Dependent","0x11 this is a one-way call: async, no return; allow replies with file descriptors; "
5787,85648,85649,813350741251932,813350741291099,"binder transaction async","binder async rcv",1466,3397,3421,3453,115557401,115554649,"0x0a Java Layer Dependent","0x11 this is a one-way call: async, no return; allow replies with file descriptors; "
5788,85650,85651,813350741549536,813350741593651,"binder transaction async","binder async rcv",3421,3470,1466,3362,115557402,115554652,"0x01 Java Layer Dependent","0x11 this is a one-way call: async, no return; allow replies with file descriptors; "
5789,85658,85659,813350742046672,813350742084432,"binder transaction async","binder async rcv",1466,3397,3421,3453,115557403,115554649,"0x0a Java Layer Dependent","0x11 this is a one-way call: async, no return; allow replies with file descriptors; "
5790,85660,85661,813350742325422,813350742369276,"binder transaction async","binder async rcv",3421,3470,1466,3362,115557404,115554652,"0x01 Java Layer Dependent","0x11 this is a one-way call: async, no return; allow replies with file descriptors; "
5791,85668,85669,813350742849953,813350742888390,"binder transaction async","binder async rcv",1466,3397,3421,3453,115557405,115554649,"0x0a Java Layer Dependent","0x11 this is a one-way call: async, no return; allow replies with file descriptors; "
5792,85670,85671,813350743156828,813350743197453,"binder transaction async","binder async rcv",3421,3470,1466,3362,115557406,115554652,"0x01 Java Layer Dependent","0x11 this is a one-way call: async, no return; allow replies with file descriptors; "
5793,85678,85679,813350743670526,813350743707140,"binder transaction async","binder async rcv",1466,3397,3421,3453,115557407,115554649,"0x0a Java Layer Dependent","0x11 this is a one-way call: async, no return; allow replies with file descriptors; "
5794,85680,85681,813350743977870,813350744019067,"binder transaction async","binder async rcv",3421,3470,1466,3362,115557408,115554652,"0x01 Java Layer Dependent","0x11 this is a one-way call: async, no return; allow replies with file descriptors; "
5795,85688,85689,813350744556411,813350744596880,"binder transaction async","binder async rcv",1466,3397,3421,3453,115557409,115554649,"0x0a Java Layer Dependent","0x11 this is a one-way call: async, no return; allow replies with file descriptors; "
5796,85690,85691,813350744856307,813350744898651,"binder transaction async","binder async rcv",3421,3470,1466,3362,115557410,115554652,"0x01 Java Layer Dependent","0x11 this is a one-way call: async, no return; allow replies with file descriptors; "
5797,85698,85699,813350745359692,813350745394432,"binder transaction async","binder async rcv",1466,3397,3421,3453,115557411,115554649,"0x0a Java Layer Dependent","0x11 this is a one-way call: async, no return; allow replies with file descriptors; "
5798,85700,85701,813350745640057,813350745684224,"binder transaction async","binder async rcv",3421,3470,1466,3362,115557412,115554652,"0x01 Java Layer Dependent","0x11 this is a one-way call: async, no return; allow replies with file descriptors; "
5799,85708,85709,813350746181984,813350746220838,"binder transaction async","binder async rcv",1466,3397,3421,3453,115557413,115554649,"0x0a Java Layer Dependent","0x11 this is a one-way call: async, no return; allow replies with file descriptors; "
5800,85710,85711,813350746506203,813350746549484,"binder transaction async","binder async rcv",3421,3470,1466,3362,115557414,115554652,"0x01 Java Layer Dependent","0x11 this is a one-way call: async, no return; allow replies with file descriptors; "
5801,85718,85719,813350746980630,813350747019588,"binder transaction async","binder async rcv",1466,3397,3421,3453,115557415,115554649,"0x0a Java Layer Dependent","0x11 this is a one-way call: async, no return; allow replies with file descriptors; "
5802,85720,85721,813350747267609,813350747312192,"binder transaction async","binder async rcv",3421,3470,1466,3362,115557416,115554652,"0x01 Java Layer Dependent","0x11 this is a one-way call: async, no return; allow replies with file descriptors; "
5803,85728,85729,813350747803703,813350747844588,"binder transaction async","binder async rcv",1466,3397,3421,3453,115557417,115554649,"0x0a Java Layer Dependent","0x11 this is a one-way call: async, no return; allow replies with file descriptors; "
5804,85730,85731,813350748184015,813350748239692,"binder transaction async","binder async rcv",3421,3470,1466,3362,115557418,115554652,"0x01 Java Layer Dependent","0x11 this is a one-way call: async, no return; allow replies with file descriptors; "
5805,85738,85739,813350748727349,813350748767609,"binder transaction async","binder async rcv",1466,3397,3421,3453,115557419,115554649,"0x0a Java Layer Dependent","0x11 this is a one-way call: async, no return; allow replies with file descriptors; "
5806,85740,85741,813350749026619,813350749072974,"binder transaction async","binder async rcv",3421,3470,1466,3362,115557420,115554652,"0x01 Java Layer Dependent","0x11 this is a one-way call: async, no return; allow replies with file descriptors; "
5807,85748,85749,813350749587974,813350749631463,"binder transaction async","binder async rcv",1466,3397,3421,3453,115557421,115554649,"0x0a Java Layer Dependent","0x11 this is a one-way call: async, no return; allow replies with file descriptors; "
5808,85760,85762,813350750230942,813350750275890,"binder transaction async","binder async rcv",3421,3470,1466,3362,115557422,115554652,"0x01 Java Layer Dependent","0x11 this is a one-way call: async, no return; allow replies with file descriptors; "
5809,85772,85773,813350750751880,813350750793755,"binder transaction async","binder async rcv",1466,3397,3421,3453,115557423,115554649,"0x0a Java Layer Dependent","0x11 this is a one-way call: async, no return; allow replies with file descriptors; "
5810,85775,85776,813350751886203,813350751958807,"binder transaction async","binder async rcv",3421,3470,1466,3362,115557424,115554652,"0x01 Java Layer Dependent","0x11 this is a one-way call: async, no return; allow replies with file descriptors; "
5811,85783,85784,813350752486776,813350752531255,"binder transaction async","binder async rcv",1466,3397,3421,3453,115557425,115554649,"0x0a Java Layer Dependent","0x11 this is a one-way call: async, no return; allow replies with file descriptors; "
5812,85792,85793,813350753134067,813350753187609,"binder transaction async","binder async rcv",3421,3470,1466,3362,115557426,115554652,"0x01 Java Layer Dependent","0x11 this is a one-way call: async, no return; allow replies with file descriptors; "
5813,85800,85801,813350753676932,813350753723130,"binder transaction async","binder async rcv",1466,3397,3421,3453,115557427,115554649,"0x0a Java Layer Dependent","0x11 this is a one-way call: async, no return; allow replies with file descriptors; "
5814,85802,85803,813350754036515,813350754087661,"binder transaction async","binder async rcv",3421,3470,1466,3362,115557428,115554652,"0x01 Java Layer Dependent","0x11 this is a one-way call: async, no return; allow replies with file descriptors; "
5815,85811,85812,813350754573963,813350754616776,"binder transaction async","binder async rcv",1466,3397,3421,3453,115557429,115554649,"0x0a Java Layer Dependent","0x11 this is a one-way call: async, no return; allow replies with file descriptors; "
5816,85855,85856,813350755503599,813350755606151,"binder transaction async","binder async rcv",3421,3470,1466,3362,115557430,115554652,"0x01 Java Layer Dependent","0x11 this is a one-way call: async, no return; allow replies with file descriptors; "
5817,85863,85864,813350756211984,813350756254276,"binder transaction async","binder async rcv",1466,3397,3421,3453,115557431,115554649,"0x0a Java Layer Dependent","0x11 this is a one-way call: async, no return; allow replies with file descriptors; "
5818,85865,85866,813350756664640,813350756713963,"binder transaction async","binder async rcv",3421,3470,1466,3362,115557432,115554652,"0x01 Java Layer Dependent","0x11 this is a one-way call: async, no return; allow replies with file descriptors; "
5819,85873,85874,813350757201359,813350757247297,"binder transaction async","binder async rcv",1466,3397,3421,3453,115557433,115554649,"0x0a Java Layer Dependent","0x11 this is a one-way call: async, no return; allow replies with file descriptors; "
5820,85875,85876,813350757602401,813350757652505,"binder transaction async","binder async rcv",3421,3470,1466,3362,115557434,115554652,"0x01 Java Layer Dependent","0x11 this is a one-way call: async, no return; allow replies with file descriptors; "
5821,85884,85885,813350758102922,813350758146359,"binder transaction async","binder async rcv",1466,3397,3421,3453,115557435,115554649,"0x0a Java Layer Dependent","0x11 this is a one-way call: async, no return; allow replies with file descriptors; "
5824,85891,85892,813350759463286,813350759511047,"binder transaction async","binder async rcv",3421,3470,1466,3362,115557440,115554652,"0x01 Java Layer Dependent","0x11 this is a one-way call: async, no return; allow replies with file descriptors; "
5825,85901,85902,813350759974224,813350760015317,"binder transaction async","binder async rcv",1466,3397,3421,3453,115557441,115554649,"0x0a Java Layer Dependent","0x11 this is a one-way call: async, no return; allow replies with file descriptors; "
5826,85903,85904,813350760430682,813350760477297,"binder transaction async","binder async rcv",3421,3470,1466,3362,115557442,115554652,"0x01 Java Layer Dependent","0x11 this is a one-way call: async, no return; allow replies with file descriptors; "
5827,85911,85912,813350760950786,813350760996828,"binder transaction async","binder async rcv",1466,3397,3421,3453,115557443,115554649,"0x0a Java Layer Dependent","0x11 this is a one-way call: async, no return; allow replies with file descriptors; "
5828,85913,85914,813350761336151,813350761385734,"binder transaction async","binder async rcv",3421,3470,1466,3362,115557444,115554652,"0x01 Java Layer Dependent","0x11 this is a one-way call: async, no return; allow replies with file descriptors; "
5829,85921,85922,813350761831619,813350761873234,"binder transaction async","binder async rcv",1466,3397,3421,3453,115557445,115554649,"0x0a Java Layer Dependent","0x11 this is a one-way call: async, no return; allow replies with file descriptors; "
5830,85931,85936,813350762315265,813350762351099,"binder transaction async","binder async rcv",3421,3470,1466,3362,115557446,115554652,"0x01 Java Layer Dependent","0x11 this is a one-way call: async, no return; allow replies with file descriptors; "
5831,85948,85949,813350762846932,813350762894276,"binder transaction async","binder async rcv",1466,3397,3421,3453,115557447,115554649,"0x0a Java Layer Dependent","0x11 this is a one-way call: async, no return; allow replies with file descriptors; "
5832,85950,85951,813350763258182,813350763311099,"binder transaction async","binder async rcv",3421,3470,1466,3362,115557448,115554652,"0x01 Java Layer Dependent","0x11 this is a one-way call: async, no return; allow replies with file descriptors; "
5833,85958,85959,813350763839432,813350763885942,"binder transaction async","binder async rcv",1466,3397,3421,3453,115557449,115554649,"0x0a Java Layer Dependent","0x11 this is a one-way call: async, no return; allow replies with file descriptors; "
5834,85960,85961,813350764197869,813350764241411,"binder transaction async","binder async rcv",3421,3470,1466,3362,115557450,115554652,"0x01 Java Layer Dependent","0x11 this is a one-way call: async, no return; allow replies with file descriptors; "
5835,85968,85969,813350764767453,813350764813807,"binder transaction async","binder async rcv",1466,3397,3421,3453,115557451,115554649,"0x0a Java Layer Dependent","0x11 this is a one-way call: async, no return; allow replies with file descriptors; "
5836,85970,85971,813350765130369,813350765176047,"binder transaction async","binder async rcv",3421,3470,1466,3362,115557452,115554652,"0x01 Java Layer Dependent","0x11 this is a one-way call: async, no return; allow replies with file descriptors; "
5837,85978,85979,813350765627349,813350765669744,"binder transaction async","binder async rcv",1466,3397,3421,3453,115557453,115554649,"0x0a Java Layer Dependent","0x11 this is a one-way call: async, no return; allow replies with file descriptors; "
5838,85980,85981,813350765984536,813350766032974,"binder transaction async","binder async rcv",3421,3470,1466,3362,115557454,115554652,"0x01 Java Layer Dependent","0x11 this is a one-way call: async, no return; allow replies with file descriptors; "
5839,85988,85989,813350766507661,813350766551672,"binder transaction async","binder async rcv",1466,3397,3421,3453,115557455,115554649,"0x0a Java Layer Dependent","0x11 this is a one-way call: async, no return; allow replies with file descriptors; "
5840,85990,85991,813350766850474,813350766897401,"binder transaction async","binder async rcv",3421,3470,1466,3362,115557456,115554652,"0x01 Java Layer Dependent","0x11 this is a one-way call: async, no return; allow replies with file descriptors; "
5841,85998,85999,813350767353078,813350767399953,"binder transaction async","binder async rcv",1466,3397,3421,3453,115557457,115554649,"0x0a Java Layer Dependent","0x11 this is a one-way call: async, no return; allow replies with file descriptors; "
5842,86000,86001,813350767693234,813350767740317,"binder transaction async","binder async rcv",3421,3470,1466,3362,115557458,115554652,"0x01 Java Layer Dependent","0x11 this is a one-way call: async, no return; allow replies with file descriptors; "
5843,86008,86009,813350768236515,813350768278130,"binder transaction async","binder async rcv",1466,3397,3421,3453,115557459,115554649,"0x0a Java Layer Dependent","0x11 this is a one-way call: async, no return; allow replies with file descriptors; "
5844,86010,86011,813350768588807,813350768635317,"binder transaction async","binder async rcv",3421,3470,1466,3362,115557460,115554652,"0x01 Java Layer Dependent","0x11 this is a one-way call: async, no return; allow replies with file descriptors; "
5845,86018,86019,813350769072453,813350769114067,"binder transaction async","binder async rcv",1466,3397,3421,3453,115557461,115554649,"0x0a Java Layer Dependent","0x11 this is a one-way call: async, no return; allow replies with file descriptors; "
5846,86020,86021,813350769411359,813350769458286,"binder transaction async","binder async rcv",3421,3470,1466,3362,115557462,115554652,"0x01 Java Layer Dependent","0x11 this is a one-way call: async, no return; allow replies with file descriptors; "
5847,86028,86029,813350769913286,813350769958390,"binder transaction async","binder async rcv",1466,3397,3421,3453,115557463,115554649,"0x0a Java Layer Dependent","0x11 this is a one-way call: async, no return; allow replies with file descriptors; "
5848,86030,86031,813350770269432,813350770313078,"binder transaction async","binder async rcv",3421,3470,1466,3362,115557464,115554652,"0x01 Java Layer Dependent","0x11 this is a one-way call: async, no return; allow replies with file descriptors; "
5849,86038,86039,813350770744692,813350770787192,"binder transaction async","binder async rcv",1466,3397,3421,3453,115557465,115554649,"0x0a Java Layer Dependent","0x11 this is a one-way call: async, no return; allow replies with file descriptors; "
5850,86040,86041,813350771082453,813350771129536,"binder transaction async","binder async rcv",3421,3470,1466,3362,115557466,115554652,"0x01 Java Layer Dependent","0x11 this is a one-way call: async, no return; allow replies with file descriptors; "
5851,86048,86049,813350771636099,813350771679067,"binder transaction async","binder async rcv",1466,3397,3421,3453,115557467,115554649,"0x0a Java Layer Dependent","0x11 this is a one-way call: async, no return; allow replies with file descriptors; "
5852,86056,86057,813350772081203,813350772136255,"binder transaction async","binder async rcv",3421,3470,1466,3362,115557468,115554652,"0x01 Java Layer Dependent","0x11 this is a one-way call: async, no return; allow replies with file descriptors; "
5853,86067,86070,813350772612505,813350772664849,"binder transaction async","binder async rcv",1466,3397,3421,3473,115557469,115554649,"0x0a Java Layer Dependent","0x11 this is a one-way call: async, no return; allow replies with file descriptors; "
5854,86085,86086,813350773109432,813350773159224,"binder transaction async","binder async rcv",3421,3470,1466,3362,115557470,115554652,"0x01 Java Layer Dependent","0x11 this is a one-way call: async, no return; allow replies with file descriptors; "
5855,86093,86094,813350773639119,813350773678911,"binder transaction async","binder async rcv",1466,3397,3421,3473,115557471,115554649,"0x0a Java Layer Dependent","0x11 this is a one-way call: async, no return; allow replies with file descriptors; "
5856,86095,86096,813350774001099,813350774055369,"binder transaction async","binder async rcv",3421,3470,1466,3362,115557472,115554652,"0x01 Java Layer Dependent","0x11 this is a one-way call: async, no return; allow replies with file descriptors; "
5857,86105,86106,813350774543651,813350774587192,"binder transaction async","binder async rcv",1466,3397,3421,3473,115557473,115554649,"0x0a Java Layer Dependent","0x11 this is a one-way call: async, no return; allow replies with file descriptors; "
5858,86109,86114,813350774857817,813350775064797,"binder transaction async","binder async rcv",3421,3470,1466,3362,115557474,115554652,"0x01 Java Layer Dependent","0x11 this is a one-way call: async, no return; allow replies with file descriptors; "
5859,86133,86136,813350775531515,813350775581515,"binder transaction async","binder async rcv",1466,3397,3421,3473,115557475,115554649,"0x0a Java Layer Dependent","0x11 this is a one-way call: async, no return; allow replies with file descriptors; "
5860,86146,86149,813350775884953,813350775948859,"binder transaction async","binder async rcv",3421,3470,1466,3362,115557476,115554652,"0x01 Java Layer Dependent","0x11 this is a one-way call: async, no return; allow replies with file descriptors; "
5861,86165,86168,813350776502244,813350776556359,"binder transaction async","binder async rcv",1466,3397,3421,3473,115557477,115554649,"0x0a Java Layer Dependent","0x11 this is a one-way call: async, no return; allow replies with file descriptors; "
5862,86176,86179,813350776901047,813350776952765,"binder transaction async","binder async rcv",3421,3470,1466,3362,115557478,115554652,"0x01 Java Layer Dependent","0x11 this is a one-way call: async, no return; allow replies with file descriptors; "
5863,86198,86199,813350777437869,813350777479067,"binder transaction async","binder async rcv",1466,3397,3421,3473,115557479,115554649,"0x0a Java Layer Dependent","0x11 this is a one-way call: async, no return; allow replies with file descriptors; "
5864,86211,86214,813350777799588,813350777864849,"binder transaction async","binder async rcv",3421,3470,1466,3362,115557480,115554652,"0x01 Java Layer Dependent","0x11 this is a one-way call: async, no return; allow replies with file descriptors; "
5865,86225,86226,813350778325838,813350778369797,"binder transaction async","binder async rcv",1466,3397,3421,3473,115557481,115554649,"0x0a Java Layer Dependent","0x11 this is a one-way call: async, no return; allow replies with file descriptors; "
5866,86241,86244,813350778679797,813350778728703,"binder transaction async","binder async rcv",3421,3470,1466,3362,115557482,115554652,"0x01 Java Layer Dependent","0x11 this is a one-way call: async, no return; allow replies with file descriptors; "
5867,86267,86271,813350779198859,813350779243234,"binder transaction async","binder async rcv",1466,3397,3421,3473,115557483,115554649,"0x0a Java Layer Dependent","0x11 this is a one-way call: async, no return; allow replies with file descriptors; "
5868,86280,86283,813350779566828,813350779617713,"binder transaction async","binder async rcv",3421,3470,1466,3362,115557484,115554652,"0x01 Java Layer Dependent","0x11 this is a one-way call: async, no return; allow replies with file descriptors; "
5869,86304,86305,813350780072974,813350780137140,"binder transaction async","binder async rcv",1466,3397,3421,3473,115557485,115554649,"0x0a Java Layer Dependent","0x11 this is a one-way call: async, no return; allow replies with file descriptors; "
5870,86311,86315,813350780431932,813350780484172,"binder transaction async","binder async rcv",3421,3470,1466,3362,115557486,115554652,"0x01 Java Layer Dependent","0x11 this is a one-way call: async, no return; allow replies with file descriptors; "
5871,86334,86339,813350780923651,813350780966567,"binder transaction async","binder async rcv",1466,3397,3421,3473,115557487,115554649,"0x0a Java Layer Dependent","0x11 this is a one-way call: async, no return; allow replies with file descriptors; "
5872,86354,86357,813350781262244,813350781306463,"binder transaction async","binder async rcv",3421,3470,1466,3362,115557488,115554652,"0x01 Java Layer Dependent","0x11 this is a one-way call: async, no return; allow replies with file descriptors; "
5873,86380,86383,813350781744380,813350781785734,"binder transaction async","binder async rcv",1466,3397,3421,3473,115557489,115554649,"0x0a Java Layer Dependent","0x11 this is a one-way call: async, no return; allow replies with file descriptors; "
5874,86394,86397,813350782075161,813350782117922,"binder transaction async","binder async rcv",3421,3470,1466,3362,115557490,115554652,"0x01 Java Layer Dependent","0x11 this is a one-way call: async, no return; allow replies with file descriptors; "
5875,86418,86421,813350782552088,813350782596880,"binder transaction async","binder async rcv",1466,3397,3421,3473,115557491,115554649,"0x0a Java Layer Dependent","0x11 this is a one-way call: async, no return; allow replies with file descriptors; "
5876,86441,86442,813350782889432,813350782934067,"binder transaction async","binder async rcv",3421,3470,1466,3362,115557492,115554652,"0x01 Java Layer Dependent","0x11 this is a one-way call: async, no return; allow replies with file descriptors; "
5877,86449,86450,813350783415630,813350783464484,"binder transaction async","binder async rcv",1466,3397,3421,3473,115557493,115554649,"0x0a Java Layer Dependent","0x11 this is a one-way call: async, no return; allow replies with file descriptors; "
5878,86461,86464,813350783788963,813350783834119,"binder transaction async","binder async rcv",3421,3470,1466,3362,115557494,115554652,"0x01 Java Layer Dependent","0x11 this is a one-way call: async, no return; allow replies with file descriptors; "
5879,86487,86492,813350784311776,813350784355265,"binder transaction async","binder async rcv",1466,3397,3421,3473,115557495,115554649,"0x0a Java Layer Dependent","0x11 this is a one-way call: async, no return; allow replies with file descriptors; "
5880,86495,86498,813350784655161,813350784699901,"binder transaction async","binder async rcv",3421,3470,1466,3362,115557496,115554652,"0x01 Java Layer Dependent","0x11 this is a one-way call: async, no return; allow replies with file descriptors; "
5881,86529,86533,813350785173651,813350785213703,"binder transaction async","binder async rcv",1466,3397,3421,3473,115557497,115554649,"0x0a Java Layer Dependent","0x11 this is a one-way call: async, no return; allow replies with file descriptors; "
5882,86548,86549,813350785512453,813350785554536,"binder transaction async","binder async rcv",3421,3470,1466,3362,115557498,115554652,"0x01 Java Layer Dependent","0x11 this is a one-way call: async, no return; allow replies with file descriptors; "
5883,86576,86579,813350786035526,813350786079224,"binder transaction async","binder async rcv",1466,3397,3421,3473,115557499,115554649,"0x0a Java Layer Dependent","0x11 this is a one-way call: async, no return; allow replies with file descriptors; "
5884,86587,86589,813350786371724,813350786423547,"binder transaction async","binder async rcv",3421,3470,1466,3362,115557500,115554652,"0x01 Java Layer Dependent","0x11 this is a one-way call: async, no return; allow replies with file descriptors; "
5885,86618,86619,813350786920838,813350786971099,"binder transaction async","binder async rcv",1466,3397,3421,3473,115557501,115554649,"0x0a Java Layer Dependent","0x11 this is a one-way call: async, no return; allow replies with file descriptors; "
5886,86620,86621,813350787270682,813350787322869,"binder transaction async","binder async rcv",3421,3470,1466,3362,115557502,115554652,"0x01 Java Layer Dependent","0x11 this is a one-way call: async, no return; allow replies with file descriptors; "
5887,86628,86629,813350787826724,813350787868494,"binder transaction async","binder async rcv",1466,3397,3421,3473,115557503,115554649,"0x0a Java Layer Dependent","0x11 this is a one-way call: async, no return; allow replies with file descriptors; "
5888,86630,86631,813350788192765,813350788230526,"binder transaction async","binder async rcv",3421,3470,1466,3362,115557504,115554652,"0x01 Java Layer Dependent","0x11 this is a one-way call: async, no return; allow replies with file descriptors; "
5889,86638,86639,813350788714484,813350788755005,"binder transaction async","binder async rcv",1466,3397,3421,3473,115557505,115554649,"0x0a Java Layer Dependent","0x11 this is a one-way call: async, no return; allow replies with file descriptors; "
5890,86640,86641,813350789047401,813350789090578,"binder transaction async","binder async rcv",3421,3470,1466,3362,115557506,115554652,"0x01 Java Layer Dependent","0x11 this is a one-way call: async, no return; allow replies with file descriptors; "
5891,86648,86649,813350789556463,813350789592401,"binder transaction async","binder async rcv",1466,3397,3421,3473,115557507,115554649,"0x0a Java Layer Dependent","0x11 this is a one-way call: async, no return; allow replies with file descriptors; "
5892,86650,86651,813350789856099,813350789910057,"binder transaction async","binder async rcv",3421,3470,1466,3362,115557508,115554652,"0x01 Java Layer Dependent","0x11 this is a one-way call: async, no return; allow replies with file descriptors; "
5893,86658,86659,813350790409276,813350790452557,"binder transaction async","binder async rcv",1466,3397,3421,3473,115557509,115554649,"0x0a Java Layer Dependent","0x11 this is a one-way call: async, no return; allow replies with file descriptors; "
5894,86660,86661,813350790723599,813350790772140,"binder transaction async","binder async rcv",3421,3470,1466,3362,115557510,115554652,"0x01 Java Layer Dependent","0x11 this is a one-way call: async, no return; allow replies with file descriptors; "
5895,86668,86669,813350791259276,813350791302505,"binder transaction async","binder async rcv",1466,3397,3421,3473,115557511,115554649,"0x0a Java Layer Dependent","0x11 this is a one-way call: async, no return; allow replies with file descriptors; "
5896,86670,86671,813350791573390,813350791615890,"binder transaction async","binder async rcv",3421,3470,1466,3362,115557512,115554652,"0x01 Java Layer Dependent","0x11 this is a one-way call: async, no return; allow replies with file descriptors; "
5897,86678,86679,813350792073078,813350792127088,"binder transaction async","binder async rcv",1466,3397,3421,3473,115557513,115554649,"0x0a Java Layer Dependent","0x11 this is a one-way call: async, no return; allow replies with file descriptors; "
5898,86680,86681,813350792384328,813350792427609,"binder transaction async","binder async rcv",3421,3470,1466,3362,115557514,115554652,"0x01 Java Layer Dependent","0x11 this is a one-way call: async, no return; allow replies with file descriptors; "
5899,86688,86689,813350792896047,813350792935317,"binder transaction async","binder async rcv",1466,3397,3421,3473,115557515,115554649,"0x0a Java Layer Dependent","0x11 this is a one-way call: async, no return; allow replies with file descriptors; "
5900,86690,86691,813350793220474,813350793261567,"binder transaction async","binder async rcv",3421,3470,1466,3362,115557516,115554652,"0x01 Java Layer Dependent","0x11 this is a one-way call: async, no return; allow replies with file descriptors; "
5901,86698,86699,813350793745057,813350793783911,"binder transaction async","binder async rcv",1466,3397,3421,3473,115557517,115554649,"0x0a Java Layer Dependent","0x11 this is a one-way call: async, no return; allow replies with file descriptors; "
5902,86700,86701,813350794041932,813350794082713,"binder transaction async","binder async rcv",3421,3470,1466,3362,115557518,115554652,"0x01 Java Layer Dependent","0x11 this is a one-way call: async, no return; allow replies with file descriptors; "
5903,86710,86711,813350794584484,813350794618026,"binder transaction async","binder async rcv",1466,3397,3421,3473,115557519,115554649,"0x0a Java Layer Dependent","0x11 this is a one-way call: async, no return; allow replies with file descriptors; "
5904,86716,86717,813350794873338,813350794921099,"binder transaction async","binder async rcv",3421,3470,1466,3362,115557520,115554652,"0x01 Java Layer Dependent","0x11 this is a one-way call: async, no return; allow replies with file descriptors; "
5905,86724,86725,813350795410734,813350795498599,"binder transaction async","binder async rcv",1466,3397,3421,3473,115557521,115554649,"0x0a Java Layer Dependent","0x11 this is a one-way call: async, no return; allow replies with file descriptors; "
5906,86726,86727,813350795763026,813350795805630,"binder transaction async","binder async rcv",3421,3470,1466,3362,115557522,115554652,"0x01 Java Layer Dependent","0x11 this is a one-way call: async, no return; allow replies with file descriptors; "
5907,86737,86739,813350796351880,813350796392297,"binder transaction async","binder async rcv",1466,3397,3421,3473,115557523,115554649,"0x0a Java Layer Dependent","0x11 this is a one-way call: async, no return; allow replies with file descriptors; "
5908,86742,86743,813350796641047,813350796689432,"binder transaction async","binder async rcv",3421,3470,1466,3362,115557524,115554652,"0x01 Java Layer Dependent","0x11 this is a one-way call: async, no return; allow replies with file descriptors; "
5909,86750,86751,813350797170474,813350797209588,"binder transaction async","binder async rcv",1466,3397,3421,3473,115557525,115554649,"0x0a Java Layer Dependent","0x11 this is a one-way call: async, no return; allow replies with file descriptors; "
5910,86752,86753,813350797475109,813350797519067,"binder transaction async","binder async rcv",3421,3470,1466,3362,115557526,115554652,"0x01 Java Layer Dependent","0x11 this is a one-way call: async, no return; allow replies with file descriptors; "
5911,86760,86761,813350797993599,813350798032297,"binder transaction async","binder async rcv",1466,3397,3421,3473,115557527,115554649,"0x0a Java Layer Dependent","0x11 this is a one-way call: async, no return; allow replies with file descriptors; "
5912,86762,86763,813350798308286,813350798351203,"binder transaction async","binder async rcv",3421,3470,1466,3362,115557528,115554652,"0x01 Java Layer Dependent","0x11 this is a one-way call: async, no return; allow replies with file descriptors; "
5913,86770,86771,813350798840630,813350798881619,"binder transaction async","binder async rcv",1466,3397,3421,3473,115557529,115554649,"0x0a Java Layer Dependent","0x11 this is a one-way call: async, no return; allow replies with file descriptors; "
5914,86772,86773,813350799160161,813350799202661,"binder transaction async","binder async rcv",3421,3470,1466,3362,115557530,115554652,"0x01 Java Layer Dependent","0x11 this is a one-way call: async, no return; allow replies with file descriptors; "
5915,86780,86781,813350799698651,813350799740109,"binder transaction async","binder async rcv",1466,3397,3421,3473,115557531,115554649,"0x0a Java Layer Dependent","0x11 this is a one-way call: async, no return; allow replies with file descriptors; "
5916,86782,86783,813350800005838,813350800049328,"binder transaction async","binder async rcv",3421,3470,1466,3362,115557532,115554652,"0x01 Java Layer Dependent","0x11 this is a one-way call: async, no return; allow replies with file descriptors; "
5917,86790,86791,813350800540057,813350800576411,"binder transaction async","binder async rcv",1466,3397,3421,3473,115557533,115554649,"0x0a Java Layer Dependent","0x11 this is a one-way call: async, no return; allow replies with file descriptors; "
5918,86792,86793,813350800835578,813350800877244,"binder transaction async","binder async rcv",3421,3470,1466,3362,115557534,115554652,"0x01 Java Layer Dependent","0x11 this is a one-way call: async, no return; allow replies with file descriptors; "
5919,86800,86801,813350801364849,813350801406984,"binder transaction async","binder async rcv",1466,3397,3421,3473,115557535,115554649,"0x0a Java Layer Dependent","0x11 this is a one-way call: async, no return; allow replies with file descriptors; "
5920,86802,86803,813350801662036,813350801703338,"binder transaction async","binder async rcv",3421,3470,1466,3362,115557536,115554652,"0x01 Java Layer Dependent","0x11 this is a one-way call: async, no return; allow replies with file descriptors; "
5921,86810,86811,813350802176463,813350802212922,"binder transaction async","binder async rcv",1466,3397,3421,3473,115557537,115554649,"0x0a Java Layer Dependent","0x11 this is a one-way call: async, no return; allow replies with file descriptors; "
5922,86812,86813,813350802521776,813350802561984,"binder transaction async","binder async rcv",3421,3470,1466,3362,115557538,115554652,"0x01 Java Layer Dependent","0x11 this is a one-way call: async, no return; allow replies with file descriptors; "
5923,86820,86821,813350803029432,813350803071567,"binder transaction async","binder async rcv",1466,3397,3421,3473,115557539,115554649,"0x0a Java Layer Dependent","0x11 this is a one-way call: async, no return; allow replies with file descriptors; "
5924,86826,86829,813350803376567,813350803490786,"binder transaction async","binder async rcv",3421,3470,1466,3362,115557540,115554652,"0x01 Java Layer Dependent","0x11 this is a one-way call: async, no return; allow replies with file descriptors; "
5925,86836,86837,813350804184015,813350804226567,"binder transaction async","binder async rcv",1466,3397,3421,3473,115557541,115554649,"0x0a Java Layer Dependent","0x11 this is a one-way call: async, no return; allow replies with file descriptors; "
5926,86838,86839,813350804540265,813350804588182,"binder transaction async","binder async rcv",3421,3470,1466,3362,115557542,115554652,"0x01 Java Layer Dependent","0x11 this is a one-way call: async, no return; allow replies with file descriptors; "
5927,86846,86847,813350805147505,813350805183338,"binder transaction async","binder async rcv",1466,3397,3421,3473,115557543,115554649,"0x0a Java Layer Dependent","0x11 this is a one-way call: async, no return; allow replies with file descriptors; "
5928,86848,86849,813350805437817,813350805483182,"binder transaction async","binder async rcv",3421,3470,1466,3362,115557544,115554652,"0x01 Java Layer Dependent","0x11 this is a one-way call: async, no return; allow replies with file descriptors; "
