requestId,stage,pid,eventNs,atraceEmissionNs,emissionAfterEventNs
51,client_registered,1466,813349827457818,813349827550734,92916
51,client_entry,1466,813349827015057,813349827569537,554480
51,client_resolved,1466,813349827166203,813349827582037,415834
51,client_send,1466,813349827920787,813349827945318,24531
51,client_reply,1466,813349828865422,813349828900109,34687
51,client_resume,1466,813349829085734,813349829105005,19271
52,client_registered,1466,813349829818443,813349829851776,33333
52,client_entry,1466,813349829182557,813349829867245,684688
52,client_resolved,1466,813349829419953,813349829884224,464271
52,client_send,1466,813349829918912,813349829926620,7708
52,client_reply,1466,813349830375578,813349830417401,41823
52,client_resume,1466,813349830558130,813349830591672,33542
53,client_registered,1466,813349830832401,813349830856412,24011
53,client_entry,1466,813349830651099,813349830869849,218750
53,client_resolved,1466,813349830760682,813349830880266,119584
53,client_send,1466,813349830903755,813349830913964,10209
53,client_reply,1466,813349831318443,813349831344068,25625
53,client_resume,1466,813349831488495,813349831524068,35573
54,client_registered,1466,813349831759797,813349831778651,18854
54,client_entry,1466,813349831590526,813349831791776,201250
54,client_resolved,1466,813349831699432,813349831799328,99896
54,client_send,1466,813349831822714,813349831831932,9218
54,client_reply,1466,813349832253339,813349832273026,19687
54,client_resume,1466,813349832419537,813349832447453,27916
55,client_registered,1466,813349832714276,813349832733964,19688
55,client_entry,1466,813349832514484,813349832747557,233073
55,client_resolved,1466,813349832644328,813349832755526,111198
55,client_send,1466,813349832778339,813349832786359,8020
55,client_reply,1466,813349833214120,813349833238703,24583
55,client_resume,1466,813349833371255,813349833397193,25938
56,client_registered,1466,813349833605787,813349833621620,15833
56,client_entry,1466,813349833452766,813349833640318,187552
56,client_resolved,1466,813349833554068,813349833649432,95364
56,client_send,1466,813349833672557,813349833681620,9063
56,client_reply,1466,813349834093443,813349834115839,22396
56,client_resume,1466,813349834252870,813349834280630,27760
57,client_registered,1466,813349834500474,813349834517766,17292
57,client_entry,1466,813349834352714,813349834535422,182708
57,client_resolved,1466,813349834451464,813349834544589,93125
57,client_send,1466,813349834570839,813349834580682,9843
57,client_reply,1466,813349835121724,813349835147922,26198
57,client_resume,1466,813349835291099,813349835309901,18802
58,client_registered,1466,813349835580682,813349835595682,15000
58,client_entry,1466,813349835361620,813349835606932,245312
58,client_resolved,1466,813349835504432,813349835614693,110261
58,client_send,1466,813349835639537,813349835648287,8750
58,client_reply,1466,813349836164120,813349836189797,25677
58,client_resume,1466,813349836348547,813349836366724,18177
59,client_registered,1466,813349836635162,813349836646672,11510
59,client_entry,1466,813349836420057,813349836656620,236563
59,client_resolved,1466,813349836571464,813349836663964,92500
59,client_send,1466,813349836681464,813349836689068,7604
59,client_reply,1466,813349837114068,813349837137089,23021
59,client_resume,1466,813349837346880,813349837371828,24948
60,client_registered,1466,813349837598964,813349837615943,16979
60,client_entry,1466,813349837441620,813349837625526,183906
60,client_resolved,1466,813349837546776,813349837633547,86771
60,client_send,1466,813349837650630,813349837658026,7396
60,client_reply,1466,813349838112818,813349838137505,24687
60,client_resume,1466,813349838268964,813349838288859,19895
61,client_registered,1466,813349838527766,813349838549432,21666
61,client_entry,1466,813349838352401,813349838561568,209167
61,client_resolved,1466,813349838464328,813349838569484,105156
61,client_send,1466,813349838592453,813349838600630,8177
61,client_reply,1466,813349839000839,813349839023599,22760
61,client_resume,1466,813349839177089,813349839199589,22500
62,client_registered,1466,813349839436880,813349839454745,17865
62,client_entry,1466,813349839265214,813349839467818,202604
62,client_resolved,1466,813349839376932,813349839475578,98646
62,client_send,1466,813349839497401,813349839511151,13750
62,client_reply,1466,813349839878599,813349839902818,24219
62,client_resume,1466,813349840009328,813349840030109,20781
63,client_registered,1466,813349840306516,813349840329484,22968
63,client_entry,1466,813349840117766,813349840340839,223073
63,client_resolved,1466,813349840221099,813349840348651,127552
63,client_send,1466,813349840371255,813349840379380,8125
63,client_reply,1466,813349840725370,813349840752974,27604
63,client_resume,1466,813349840920526,813349840944537,24011
64,client_registered,1466,813349841183912,813349841202037,18125
64,client_entry,1466,813349841013443,813349841214693,201250
64,client_resolved,1466,813349841123026,813349841222349,99323
64,client_send,1466,813349841245526,813349841253443,7917
64,client_reply,1466,813349841639380,813349841658495,19115
64,client_resume,1466,813349841780526,813349841793703,13177
65,client_registered,1466,813349842018495,813349842044380,25885
65,client_entry,1466,813349841850109,813349842057557,207448
65,client_resolved,1466,813349841953755,813349842081828,128073
65,client_send,1466,813349842102089,813349842113234,11145
65,client_reply,1466,813349842476620,813349842496412,19792
65,client_resume,1466,813349842601464,813349842619745,18281
66,client_registered,1466,813349842852141,813349842863599,11458
66,client_entry,1466,813349842676672,813349842876307,199635
66,client_resolved,1466,813349842770474,813349842883755,113281
66,client_send,1466,813349842904172,813349842915266,11094
66,client_reply,1466,813349843266516,813349843290214,23698
66,client_resume,1466,813349843424797,813349843443339,18542
67,client_registered,1466,813349843649224,813349843666255,17031
67,client_entry,1466,813349843494224,813349843687609,193385
67,client_resolved,1466,813349843594797,813349843695839,101042
67,client_send,1466,813349843713182,813349843721672,8490
67,client_reply,1466,813349844274380,813349844295995,21615
67,client_resume,1466,813349844447297,813349844485370,38073
68,client_registered,1466,813349844727297,813349844740630,13333
68,client_entry,1466,813349844550370,813349844750057,199687
68,client_resolved,1466,813349844661568,813349844757766,96198
68,client_send,1466,813349844780839,813349844789172,8333
68,client_reply,1466,813349845228026,813349845262141,34115
68,client_resume,1466,813349845405005,813349845428807,23802
69,client_registered,1466,813349845651255,813349845669589,18334
69,client_entry,1466,813349845493912,813349845682037,188125
69,client_resolved,1466,813349845598912,813349845698078,99166
69,client_send,1466,813349845719484,813349845728391,8907
69,client_reply,1466,813349846712037,813349846752089,40052
69,client_resume,1466,813349846912453,813349846930578,18125
70,client_registered,1466,813349847176516,813349847193651,17135
70,client_entry,1466,813349846990162,813349847207505,217343
70,client_resolved,1466,813349847108599,813349847217557,108958
70,client_send,1466,813349847241412,813349847252505,11093
70,client_reply,1466,813349847697349,813349847727297,29948
70,client_resume,1466,813349847883130,813349847912297,29167
71,client_registered,1466,813349848174693,813349848192974,18281
71,client_entry,1466,813349847969901,813349848205266,235365
71,client_resolved,1466,813349848087870,813349848213130,125260
71,client_send,1466,813349848237557,813349848254745,17188
71,client_reply,1466,813349848729380,813349848760162,30782
71,client_resume,1466,813349848906568,813349848934953,28385
72,client_registered,1466,813349849142297,813349849157818,15521
72,client_entry,1466,813349848990734,813349849173807,183073
72,client_resolved,1466,813349849091151,813349849182714,91563
72,client_send,1466,813349849205422,813349849215734,10312
72,client_reply,1466,813349849613443,813349849636099,22656
72,client_resume,1466,813349849778130,813349849806932,28802
73,client_registered,1466,813349850007193,813349850022505,15312
73,client_entry,1466,813349849860682,813349850035995,175313
73,client_resolved,1466,813349849957505,813349850044328,86823
73,client_send,1466,813349850065526,813349850072401,6875
73,client_reply,1466,813349850469016,813349850490057,21041
73,client_resume,1466,813349850634380,813349850664432,30052
74,client_registered,1466,813349850880734,813349850898912,18178
74,client_entry,1466,813349850731984,813349850912141,180157
74,client_resolved,1466,813349850830995,813349850919693,88698
74,client_send,1466,813349850939797,813349850947089,7292
74,client_reply,1466,813349851490422,813349851531359,40937
74,client_resume,1466,813349851688859,813349851713755,24896
75,client_registered,1466,813349851999224,813349852013547,14323
75,client_entry,1466,813349851770630,813349852036828,266198
75,client_resolved,1466,813349851949641,813349852047037,97396
75,client_send,1466,813349852068703,813349852077245,8542
75,client_reply,1466,813349852457505,813349852479537,22032
75,client_resume,1466,813349852618234,813349852644484,26250
76,client_registered,1466,813349852971307,813349852990682,19375
76,client_entry,1466,813349852726568,813349853003651,277083
76,client_resolved,1466,813349852866880,813349853013130,146250
76,client_send,1466,813349853040005,813349853049432,9427
76,client_reply,1466,813349853501412,813349853525057,23645
76,client_resume,1466,813349853678755,813349853706359,27604
77,client_registered,1466,813349854488078,813349854506880,18802
77,client_entry,1466,813349854193599,813349854524224,330625
77,client_resolved,1466,813349854431464,813349854535318,103854
77,client_send,1466,813349854559849,813349854570266,10417
77,client_reply,1466,813349854944953,813349854982193,37240
77,client_resume,1466,813349855138130,813349855154380,16250
78,client_registered,1466,813349855404380,813349855419641,15261
78,client_entry,1466,813349855215370,813349855436151,220781
78,client_resolved,1466,813349855330682,813349855446307,115625
78,client_send,1466,813349855467557,813349855475943,8386
78,client_reply,1466,813349855876047,813349855897037,20990
78,client_resume,1466,813349856037870,813349856066828,28958
79,client_registered,1466,813349856326047,813349856340995,14948
79,client_entry,1466,813349856152037,813349856351255,199218
79,client_resolved,1466,813349856269953,813349856358859,88906
79,client_send,1466,813349856378964,813349856385839,6875
79,client_reply,1466,813349856762922,813349856784745,21823
79,client_resume,1466,813349856891724,813349856912193,20469
80,client_registered,1466,813349857119537,813349857134537,15000
80,client_entry,1466,813349856965214,813349857146672,181458
80,client_resolved,1466,813349857057662,813349857155109,97447
80,client_send,1466,813349857174172,813349857181464,7292
80,client_reply,1466,813349857542089,813349857563964,21875
80,client_resume,1466,813349857670630,813349857691724,21094
81,client_registered,1466,813349857901724,813349857916776,15052
81,client_entry,1466,813349857745422,813349857927870,182448
81,client_resolved,1466,813349857848859,813349857935318,86459
81,client_send,1466,813349857953182,813349857959849,6667
81,client_reply,1466,813349858323443,813349858344953,21510
81,client_resume,1466,813349858452193,813349858472870,20677
82,client_registered,1466,813349858668547,813349858692870,24323
82,client_entry,1466,813349858525682,813349858705162,179480
82,client_resolved,1466,813349858620787,813349858712609,91822
82,client_send,1466,813349858730578,813349858738443,7865
82,client_reply,1466,813349859110214,813349859131412,21198
82,client_resume,1466,813349859235787,813349859255630,19843
83,client_registered,1466,813349859505370,813349859524328,18958
83,client_entry,1466,813349859308547,813349859537870,229323
83,client_resolved,1466,813349859449380,813349859545422,96042
83,client_send,1466,813349859563859,813349859570995,7136
83,client_reply,1466,813349859922922,813349859942141,19219
83,client_resume,1466,813349860046672,813349860066464,19792
84,client_registered,1466,813349860460266,813349860481412,21146
84,client_entry,1466,813349860158807,813349860503287,344480
84,client_resolved,1466,813349860388859,813349860511932,123073
84,client_send,1466,813349860532609,813349860541255,8646
84,client_reply,1466,813349860908964,813349860929068,20104
84,client_resume,1466,813349861118339,813349861135943,17604
85,client_registered,1466,813349861351307,813349861365943,14636
85,client_entry,1466,813349861191464,813349861377349,185885
85,client_resolved,1466,813349861299016,813349861385005,85989
85,client_send,1466,813349861402974,813349861410162,7188
85,client_reply,1466,813349861787505,813349861806880,19375
85,client_resume,1466,813349861932141,813349861953391,21250
86,client_registered,1466,813349862153807,813349862167974,14167
86,client_entry,1466,813349862008495,813349862184797,176302
86,client_resolved,1466,813349862103912,813349862206203,102291
86,client_send,1466,813349862227193,813349862235891,8698
86,client_reply,1466,813349862658078,813349862675526,17448
86,client_resume,1466,813349862785370,813349862805526,20156
87,client_registered,1466,813349862990266,813349863002662,12396
87,client_entry,1466,813349862857714,813349863019797,162083
87,client_resolved,1466,813349862941776,813349863028807,87031
87,client_send,1466,813349863048130,813349863056307,8177
87,client_reply,1466,813349863486516,813349863511984,25468
87,client_resume,1466,813349863636568,813349863654589,18021
88,client_registered,1466,813349863862141,813349863877037,14896
88,client_entry,1466,813349863705682,813349863889484,183802
88,client_resolved,1466,813349863807349,813349863897974,90625
88,client_send,1466,813349863917662,813349863937401,19739
88,client_reply,1466,813349864358078,813349864377609,19531
88,client_resume,1466,813349864519797,813349864549068,29271
89,client_registered,1466,813349864768287,813349864782662,14375
89,client_entry,1466,813349864607974,813349864794589,186615
89,client_resolved,1466,813349864713651,813349864801776,88125
89,client_send,1466,813349864822141,813349864833287,11146
89,client_reply,1466,813349865202662,813349865222037,19375
89,client_resume,1466,813349865327662,813349865346828,19166
90,client_registered,1466,813349865561672,813349865576620,14948
90,client_entry,1466,813349865406412,813349865594745,188333
90,client_resolved,1466,813349865511307,813349865603651,92344
90,client_send,1466,813349865624380,813349865631672,7292
90,client_reply,1466,813349866013391,813349866029484,16093
90,client_resume,1466,813349866122193,813349866148703,26510
91,client_registered,1466,813349866340370,813349866354953,14583
91,client_entry,1466,813349866201932,813349866372609,170677
91,client_resolved,1466,813349866290839,813349866381255,90416
91,client_send,1466,813349866401255,813349866408755,7500
91,client_reply,1466,813349866842349,813349866870578,28229
91,client_resume,1466,813349866975526,813349866994172,18646
92,client_registered,1466,813349867196776,813349867211984,15208
92,client_entry,1466,813349867052505,813349867225109,172604
92,client_resolved,1466,813349867148130,813349867232557,84427
92,client_send,1466,813349867250734,813349867257766,7032
92,client_reply,1466,813349867614589,813349867635474,20885
92,client_resume,1466,813349867868391,813349867912193,43802
93,client_registered,1466,813349868339849,813349868355995,16146
93,client_entry,1466,813349868025682,813349868368547,342865
93,client_resolved,1466,813349868289276,813349868376307,87031
93,client_send,1466,813349868395370,813349868402818,7448
93,client_reply,1466,813349868962766,813349868990318,27552
93,client_resume,1466,813349869125630,813349869143182,17552
94,client_registered,1466,813349869362714,813349869378807,16093
94,client_entry,1466,813349869203078,813349869394849,191771
94,client_resolved,1466,813349869311984,813349869404224,92240
94,client_send,1466,813349869424016,813349869433495,9479
94,client_reply,1466,813349869837609,813349869864901,27292
94,client_resume,1466,813349870048182,813349870069589,21407
95,client_registered,1466,813349870313495,813349870331151,17656
95,client_entry,1466,813349870128234,813349870343287,215053
95,client_resolved,1466,813349870233234,813349870351047,117813
95,client_send,1466,813349870371880,813349870378703,6823
95,client_reply,1466,813349870817297,813349870848859,31562
95,client_resume,1466,813349871022193,813349871041255,19062
96,client_registered,1466,813349871263599,813349871282557,18958
96,client_entry,1466,813349871100005,813349871300005,200000
96,client_resolved,1466,813349871203182,813349871308182,105000
96,client_send,1466,813349871327662,813349871334589,6927
96,client_reply,1466,813349872269276,813349872297922,28646
96,client_resume,1466,813349872489224,813349872505995,16771
97,client_registered,1466,813349872823130,813349872838495,15365
97,client_entry,1466,813349872569953,813349872849537,279584
97,client_resolved,1466,813349872730787,813349872860787,130000
97,client_send,1466,813349872882193,813349872891932,9739
97,client_reply,1466,813349873349068,813349873371724,22656
97,client_resume,1466,813349873549797,813349873580839,31042
98,client_registered,1466,813349873817818,813349873834016,16198
98,client_entry,1466,813349873640786,813349873847089,206303
98,client_resolved,1466,813349873755474,813349873859536,104062
98,client_send,1466,813349873883495,813349873891932,8437
98,client_reply,1466,813349874306255,813349874323339,17084
98,client_resume,1466,813349874484016,813349874516672,32656
99,client_registered,1466,813349874728911,813349874754276,25365
99,client_entry,1466,813349874573339,813349874767974,194635
99,client_resolved,1466,813349874675109,813349874780682,105573
99,client_send,1466,813349874803599,813349874812453,8854
99,client_reply,1466,813349875212818,813349875233339,20521
99,client_resume,1466,813349875388755,813349875414849,26094
100,client_registered,1466,813349875616099,813349875629589,13490
100,client_entry,1466,813349875468599,813349875646828,178229
100,client_resolved,1466,813349875566307,813349875655370,89063
100,client_send,1466,813349875676516,813349875683807,7291
100,client_reply,1466,813349876065057,813349876089120,24063
100,client_resume,1466,813349876284224,813349876305422,21198
101,client_registered,1466,813349876517714,813349876529901,12187
101,client_entry,1466,813349876359745,813349876556672,196927
101,client_resolved,1466,813349876462036,813349876568495,106459
101,client_send,1466,813349876588911,813349876597401,8490
101,client_reply,1466,813349876983547,813349877002297,18750
101,client_resume,1466,813349877304641,813349877345734,41093
102,client_registered,1466,813349877566359,813349877587870,21511
102,client_entry,1466,813349877404328,813349877598599,194271
102,client_resolved,1466,813349877512922,813349877605891,92969
102,client_send,1466,813349877624068,813349877630995,6927
102,client_reply,1466,813349877994016,813349878012818,18802
102,client_resume,1466,813349878185578,813349878216568,30990
103,client_registered,1466,813349878915943,813349878937453,21510
103,client_entry,1466,813349878288182,813349878956099,667917
103,client_resolved,1466,813349878568339,813349878983807,415468
103,client_send,1466,813349879022557,813349879036620,14063
103,client_reply,1466,813349879593547,813349879614589,21042
103,client_resume,1466,813349879775630,813349879800422,24792
104,client_registered,1466,813349879990318,813349880002714,12396
104,client_entry,1466,813349879855839,813349880013547,157708
104,client_resolved,1466,813349879942609,813349880021307,78698
104,client_send,1466,813349880038599,813349880045422,6823
104,client_reply,1466,813349880422193,813349880450005,27812
104,client_resume,1466,813349880652349,813349880671464,19115
105,client_registered,1466,813349880928495,813349880945995,17500
105,client_entry,1466,813349880737974,813349880960214,222240
105,client_resolved,1466,813349880868182,813349880969745,101563
105,client_send,1466,813349880994641,813349881011984,17343
105,client_reply,1466,813349881399328,813349881419901,20573
105,client_resume,1466,813349881679068,813349881703495,24427
106,client_registered,1466,813349881963703,813349881978911,15208
106,client_entry,1466,813349881770995,813349881995057,224062
106,client_resolved,1466,813349881900370,813349882006568,106198
106,client_send,1466,813349882027245,813349882035995,8750
106,client_reply,1466,813349882674432,813349882711724,37292
106,client_resume,1466,813349882913182,813349882947401,34219
107,client_registered,1466,813349883253234,813349883275370,22136
107,client_entry,1466,813349883033130,813349883298026,264896
107,client_resolved,1466,813349883171516,813349883314172,142656
107,client_send,1466,813349883343026,813349883358078,15052
107,client_reply,1466,813349883867453,813349883896464,29011
107,client_resume,1466,813349884024484,813349884056307,31823
108,client_registered,1466,813349884378443,813349884393755,15312
108,client_entry,1466,813349884162922,813349884405005,242083
108,client_resolved,1466,813349884307453,813349884414380,106927
108,client_send,1466,813349884434016,813349884460474,26458
108,client_reply,1466,813349884912453,813349884939849,27396
108,client_resume,1466,813349885078964,813349885103651,24687
109,client_registered,1466,813349885353130,813349885367557,14427
109,client_entry,1466,813349885177922,813349885379120,201198
109,client_resolved,1466,813349885293911,813349885387089,93178
109,client_send,1466,813349885407245,813349885414484,7239
109,client_reply,1466,813349885770005,813349885788703,18698
109,client_resume,1466,813349885932036,813349885960318,28282
110,client_registered,1466,813349886226099,813349886243964,17865
110,client_entry,1466,813349886027661,813349886336776,309115
110,client_resolved,1466,813349886164745,813349886346307,181562
110,client_send,1466,813349886371672,813349886380370,8698
110,client_reply,1466,813349886779276,813349886796464,17188
110,client_resume,1466,813349887000526,813349887028182,27656
111,client_registered,1466,813349887275682,813349887290474,14792
111,client_entry,1466,813349887096359,813349887301828,205469
111,client_resolved,1466,813349887204901,813349887309016,104115
111,client_send,1466,813349887332922,813349887343443,10521
111,client_reply,1466,813349887704849,813349887721255,16406
111,client_resume,1466,813349887878599,813349887900786,22187
112,client_registered,1466,813349888164536,813349888182141,17605
112,client_entry,1466,813349887960839,813349888194953,234114
112,client_resolved,1466,813349888064172,813349888203182,139010
112,client_send,1466,813349888222766,813349888230161,7395
112,client_reply,1466,813349888584484,813349888600943,16459
112,client_resume,1466,813349888758234,813349888788443,30209
113,client_registered,1466,813349889039224,813349889057401,18177
113,client_entry,1466,813349888862453,813349889070057,207604
113,client_resolved,1466,813349888976620,813349889077401,100781
113,client_send,1466,813349889099172,813349889106724,7552
113,client_reply,1466,813349889484901,813349889502557,17656
113,client_resume,1466,813349889627505,813349889644016,16511
114,client_registered,1466,813349889873391,813349889888651,15260
114,client_entry,1466,813349889698339,813349889904693,206354
114,client_resolved,1466,813349889793859,813349889912089,118230
114,client_send,1466,813349889930995,813349889940943,9948
114,client_reply,1466,813349890300161,813349890319849,19688
114,client_resume,1466,813349890422974,813349890445943,22969
115,client_registered,1466,813349890639849,813349890655318,15469
115,client_entry,1466,813349890501828,813349890667609,165781
115,client_resolved,1466,813349890590630,813349890674953,84323
115,client_send,1466,813349890693339,813349890700161,6822
115,client_reply,1466,813349891033286,813349891055786,22500
115,client_resume,1466,813349891158547,813349891176880,18333
116,client_registered,1466,813349891386568,813349891412974,26406
116,client_entry,1466,813349891227505,813349891425578,198073
116,client_resolved,1466,813349891331984,813349891432714,100730
116,client_send,1466,813349891450161,813349891457036,6875
116,client_reply,1466,813349891852297,813349891870786,18489
116,client_resume,1466,813349891974953,813349891992974,18021
117,client_registered,1466,813349892204953,813349892221307,16354
117,client_entry,1466,813349892049172,813349892234172,185000
117,client_resolved,1466,813349892155214,813349892248182,92968
117,client_send,1466,813349892266307,813349892274432,8125
117,client_reply,1466,813349892635891,813349892654953,19062
117,client_resume,1466,813349892757193,813349892777349,20156
118,client_registered,1466,813349893082557,813349893097922,15365
118,client_entry,1466,813349892903703,813349893119172,215469
118,client_resolved,1466,813349893021359,813349893126932,105573
118,client_send,1466,813349893148182,813349893156568,8386
118,client_reply,1466,813349893484745,813349893503547,18802
118,client_resume,1466,813349893664484,813349893696047,31563
119,client_registered,1466,813349893942766,813349894035214,92448
119,client_entry,1466,813349893770630,813349894079589,308959
119,client_resolved,1466,813349893883547,813349894088599,205052
119,client_send,1466,813349894113703,813349894128651,14948
119,client_reply,1466,813349894477661,813349894500943,23282
119,client_resume,1466,813349894623286,813349894647505,24219
120,client_registered,1466,813349894964484,813349894983443,18959
120,client_entry,1466,813349894716932,813349894997557,280625
120,client_resolved,1466,813349894892557,813349895024120,131563
120,client_send,1466,813349895045786,813349895060266,14480
120,client_reply,1466,813349895490891,813349895524380,33489
120,client_resume,1466,813349895655266,813349895677297,22031
121,client_registered,1466,813349895917557,813349895933391,15834
121,client_entry,1466,813349895746776,813349895944797,198021
121,client_resolved,1466,813349895857297,813349895952141,94844
121,client_send,1466,813349895971568,813349895978755,7187
121,client_reply,1466,813349896439693,813349896464693,25000
121,client_resume,1466,813349896577766,813349896595578,17812
122,client_registered,1466,813349896837870,813349896853234,15364
122,client_entry,1466,813349896653130,813349896866880,213750
122,client_resolved,1466,813349896777453,813349896875370,97917
122,client_send,1466,813349896900214,813349896915630,15416
122,client_reply,1466,813349897328911,813349897350682,21771
122,client_resume,1466,813349897477870,813349897505161,27291
123,client_registered,1466,813349897734016,813349897749276,15260
123,client_entry,1466,813349897577766,813349897762349,184583
123,client_resolved,1466,813349897680943,813349897771464,90521
123,client_send,1466,813349897790839,813349897805005,14166
123,client_reply,1466,813349898234484,813349898256411,21927
123,client_resume,1466,813349898383182,813349898403339,20157
124,client_registered,1466,813349898663078,813349898679953,16875
124,client_entry,1466,813349898489432,813349898701568,212136
124,client_resolved,1466,813349898607818,813349898711516,103698
124,client_send,1466,813349898733391,813349898743130,9739
124,client_reply,1466,813349899128443,813349899150734,22291
124,client_resume,1466,813349899263026,813349899289276,26250
125,client_registered,1466,813349899629745,813349899656203,26458
125,client_entry,1466,813349899370057,813349899672505,302448
125,client_resolved,1466,813349899552714,813349899682453,129739
125,client_send,1466,813349899709589,813349899718599,9010
125,client_reply,1466,813349900263964,813349900291255,27291
125,client_resume,1466,813349900491411,813349900522349,30938
126,client_registered,1466,813349900776151,813349900793234,17083
126,client_entry,1466,813349900584328,813349900805995,221667
126,client_resolved,1466,813349900717245,813349900813547,96302
126,client_send,1466,813349900835109,813349900842349,7240
126,client_reply,1466,813349901295995,813349901328286,32291
126,client_resume,1466,813349901679068,813349901703547,24479
127,client_registered,1466,813349901957036,813349901976516,19480
127,client_entry,1466,813349901757401,813349901998703,241302
127,client_resolved,1466,813349901901359,813349902006620,105261
127,client_send,1466,813349902025630,813349902036359,10729
127,client_reply,1466,813349902558807,813349902584380,25573
127,client_resume,1466,813349902895005,813349902914224,19219
128,client_registered,1466,813349903186620,813349903203911,17291
128,client_entry,1466,813349902982766,813349903219484,236718
128,client_resolved,1466,813349903128599,813349903227453,98854
128,client_send,1466,813349903247974,813349903255526,7552
128,client_reply,1466,813349904571203,813349904607193,35990
128,client_resume,1466,813349905124849,813349905146932,22083
129,client_registered,1466,813349905412141,813349905427401,15260
129,client_entry,1466,813349905224589,813349905437609,213020
129,client_resolved,1466,813349905326880,813349905445266,118386
129,client_send,1466,813349905465578,813349905472714,7136
129,client_reply,1466,813349906109536,813349906141203,31667
129,client_resume,1466,813349906297922,813349906324172,26250
130,client_registered,1466,813349906565422,813349906586568,21146
130,client_entry,1466,813349906393911,813349906598234,204323
130,client_resolved,1466,813349906509693,813349906609484,99791
130,client_send,1466,813349906638599,813349906645422,6823
130,client_reply,1466,813349907107036,813349907147609,40573
130,client_resume,1466,813349907312141,813349907328443,16302
131,client_registered,1466,813349907656672,813349907672870,16198
131,client_entry,1466,813349907390839,813349907683599,292760
131,client_resolved,1466,813349907571099,813349907690839,119740
131,client_send,1466,813349907710318,813349907717245,6927
131,client_reply,1466,813349908164484,813349908189797,25313
131,client_resume,1466,813349908339432,813349908361203,21771
132,client_registered,1466,813349908702974,813349908717193,14219
132,client_entry,1466,813349908440370,813349908728286,287916
132,client_resolved,1466,813349908614589,813349908746932,132343
132,client_send,1466,813349908777401,813349908789849,12448
132,client_reply,1466,813349909267245,813349909296047,28802
132,client_resume,1466,813349909441776,813349909459849,18073
133,client_registered,1466,813349909825109,813349909840943,15834
133,client_entry,1466,813349909528755,813349909853495,324740
133,client_resolved,1466,813349909722818,813349909861359,138541
133,client_send,1466,813349909883026,813349909890734,7708
133,client_reply,1466,813349910423807,813349910463130,39323
133,client_resume,1466,813349910619693,813349910637141,17448
134,client_registered,1466,813349910897714,813349910918286,20572
134,client_entry,1466,813349910698495,813349910929224,230729
134,client_resolved,1466,813349910847089,813349910936724,89635
134,client_send,1466,813349910956359,813349910963130,6771
134,client_reply,1466,813349911628859,813349911654536,25677
134,client_resume,1466,813349912328651,813349912348443,19792
135,client_registered,1466,813349912543286,813349912564797,21511
135,client_entry,1466,813349912413807,813349912574849,161042
135,client_resolved,1466,813349912484901,813349912582193,97292
135,client_send,1466,813349912601047,813349912611880,10833
135,client_reply,1466,813349913185005,813349913212141,27136
135,client_resume,1466,813349913391516,813349913412245,20729
136,client_registered,1466,813349913660474,813349913680682,20208
136,client_entry,1466,813349913467870,813349913692714,224844
136,client_resolved,1466,813349913599849,813349913700214,100365
136,client_send,1466,813349913722766,813349913730005,7239
136,client_reply,1466,813349914155526,813349914181464,25938
136,client_resume,1466,813349914335786,813349914359484,23698
137,client_registered,1466,813349914609328,813349914624120,14792
137,client_entry,1466,813349914439328,813349914654224,214896
137,client_resolved,1466,813349914550578,813349914663026,112448
137,client_send,1466,813349914690057,813349914701672,11615
137,client_reply,1466,813349915137401,813349915156516,19115
137,client_resume,1466,813349915308078,813349915322349,14271
138,client_registered,1466,813349915593911,813349915609849,15938
138,client_entry,1466,813349915385734,813349915624276,238542
138,client_resolved,1466,813349915521047,813349915632974,111927
138,client_send,1466,813349915653807,813349915661880,8073
138,client_reply,1466,813349916050057,813349916069693,19636
138,client_resume,1466,813349916371203,813349916395161,23958
139,client_registered,1466,813349916651516,813349916665266,13750
139,client_entry,1466,813349916465318,813349916674328,209010
139,client_resolved,1466,813349916580734,813349916689641,108907
139,client_send,1466,813349916710057,813349916717297,7240
139,client_reply,1466,813349917085786,813349917109328,23542
139,client_resume,1466,813349917238859,813349917267505,28646
140,client_registered,1466,813349917525682,813349917541516,15834
140,client_entry,1466,813349917328859,813349917550891,222032
140,client_resolved,1466,813349917450630,813349917558391,107761
140,client_send,1466,813349917582036,813349917588859,6823
140,client_reply,1466,813349917981672,813349918008391,26719
140,client_resume,1466,813349918132036,813349918154536,22500
141,client_registered,1466,813349918450995,813349918463339,12344
141,client_entry,1466,813349918279797,813349918473547,193750
141,client_resolved,1466,813349918386411,813349918484849,98438
141,client_send,1466,813349918506516,813349918524016,17500
141,client_reply,1466,813349919176464,813349919198443,21979
141,client_resume,1466,813349919333547,813349919358495,24948
142,client_registered,1466,813349919563755,813349919654328,90573
142,client_entry,1466,813349919414901,813349919668182,253281
142,client_resolved,1466,813349919510943,813349919676203,165260
142,client_send,1466,813349919699068,813349919707245,8177
142,client_reply,1466,813349920858130,813349920886724,28594
142,client_resume,1466,813349921023755,813349921045578,21823
143,client_registered,1466,813349921291047,813349921303755,12708
143,client_entry,1466,813349921100786,813349921313182,212396
143,client_resolved,1466,813349921201516,813349921320630,119114
143,client_send,1466,813349921342609,813349921349745,7136
143,client_reply,1466,813349921815682,813349921844276,28594
143,client_resume,1466,813349922005526,813349922042141,36615
144,client_registered,1466,813349922321255,813349922337245,15990
144,client_entry,1466,813349922119380,813349922348443,229063
144,client_resolved,1466,813349922262505,813349922356724,94219
144,client_send,1466,813349922380161,813349922387661,7500
144,client_reply,1466,813349922763130,813349922791047,27917
144,client_resume,1466,813349922962453,813349922980214,17761
145,client_registered,1466,813349923215734,813349923231932,16198
145,client_entry,1466,813349923033547,813349923244745,211198
145,client_resolved,1466,813349923137141,813349923252245,115104
145,client_send,1466,813349923273495,813349923280526,7031
145,client_reply,1466,813349923626516,813349923650995,24479
145,client_resume,1466,813349923825161,813349923840318,15157
146,client_registered,1466,813349924239432,813349924259901,20469
146,client_entry,1466,813349923908443,813349924274172,365729
146,client_resolved,1466,813349924038651,813349924286359,247708
146,client_send,1466,813349924308495,813349924316307,7812
146,client_reply,1466,813349924674068,813349924702714,28646
146,client_resume,1466,813349924837453,813349924860474,23021
147,client_registered,1466,813349925080318,813349925095161,14843
147,client_entry,1466,813349924912974,813349925107609,194635
147,client_resolved,1466,813349925023703,813349925115630,91927
147,client_send,1466,813349925135161,813349925142349,7188
147,client_reply,1466,813349925497870,813349925518859,20989
147,client_resume,1466,813349925660943,813349925678026,17083
148,client_registered,1466,813349925908495,813349925927349,18854
148,client_entry,1466,813349925735370,813349925948859,213489
148,client_resolved,1466,813349925846932,813349925958859,111927
148,client_send,1466,813349925978391,813349925985943,7552
148,client_reply,1466,813349926343703,813349926368339,24636
148,client_resume,1466,813349926519380,813349926539797,20417
149,client_registered,1466,813349926792661,813349926805266,12605
149,client_entry,1466,813349926592922,813349926815057,222135
149,client_resolved,1466,813349926728651,813349926822505,93854
149,client_send,1466,813349926840422,813349926846724,6302
149,client_reply,1466,813349927347661,813349927375734,28073
149,client_resume,1466,813349927511984,813349927532766,20782
150,client_registered,1466,813349927763443,813349927779797,16354
150,client_entry,1466,813349927591620,813349927792036,200416
150,client_resolved,1466,813349927692505,813349927799693,107188
150,client_send,1466,813349927819589,813349927826880,7291
150,client_reply,1466,813349928386828,813349928414276,27448
150,client_resume,1466,813349928615682,813349928636099,20417
151,client_registered,1466,813349928974589,813349928990474,15885
151,client_entry,1466,813349928706151,813349928999484,293333
151,client_resolved,1466,813349928894224,813349929007557,113333
151,client_send,1466,813349929025318,813349929032453,7135
151,client_reply,1466,813349929430578,813349929457974,27396
151,client_resume,1466,813349929591620,813349929616359,24739
152,client_registered,1466,813349929877193,813349929890422,13229
152,client_entry,1466,813349929675682,813349929901620,225938
152,client_resolved,1466,813349929796724,813349929909484,112760
152,client_send,1466,813349929930266,813349929937870,7604
152,client_reply,1466,813349930301203,813349930327036,25833
152,client_resume,1466,813349930469693,813349930490266,20573
153,client_registered,1466,813349930764693,813349930777505,12812
153,client_entry,1466,813349930556411,813349930800474,244063
153,client_resolved,1466,813349930681776,813349930810161,128385
153,client_send,1466,813349930830526,813349930839068,8542
153,client_reply,1466,813349931230682,813349931255630,24948
153,client_resume,1466,813349931408651,813349931427870,19219
154,client_registered,1466,813349931691776,813349931720109,28333
154,client_entry,1466,813349931496724,813349931731828,235104
154,client_resolved,1466,813349931606724,813349931739641,132917
154,client_send,1466,813349931798547,813349931811307,12760
154,client_reply,1466,813349932232036,813349932258130,26094
154,client_resume,1466,813349932448755,813349932471411,22656
155,client_registered,1466,813349932738807,813349932754953,16146
155,client_entry,1466,813349932543651,813349932765891,222240
155,client_resolved,1466,813349932657193,813349932773755,116562
155,client_send,1466,813349932797557,813349932804380,6823
155,client_reply,1466,813349933175266,813349933195526,20260
155,client_resume,1466,813349933418391,813349933440057,21666
156,client_registered,1466,813349933745995,813349933759328,13333
156,client_entry,1466,813349933514016,813349933779745,265729
156,client_resolved,1466,813349933665161,813349933788182,123021
156,client_send,1466,813349933808599,813349933816568,7969
156,client_reply,1466,813349934193339,813349934215370,22031
156,client_resume,1466,813349934370161,813349934392609,22448
157,client_registered,1466,813349934688964,813349934702766,13802
157,client_entry,1466,813349934472193,813349934719693,247500
157,client_resolved,1466,813349934606568,813349934727141,120573
157,client_send,1466,813349934744172,813349934754172,10000
157,client_reply,1466,813349935121984,813349935143339,21355
157,client_resume,1466,813349935282505,813349935304328,21823
158,client_registered,1466,813349935531724,813349935541724,10000
158,client_entry,1466,813349935370370,813349935555839,185469
158,client_resolved,1466,813349935463755,813349935571516,107761
158,client_send,1466,813349935590370,813349935598078,7708
158,client_reply,1466,813349936033286,813349936061411,28125
158,client_resume,1466,813349936291776,813349936310109,18333
159,client_registered,1466,813349936576880,813349936589016,12136
159,client_entry,1466,813349936377297,813349936598911,221614
159,client_resolved,1466,813349936504120,813349936606932,102812
159,client_send,1466,813349936623547,813349936630526,6979
159,client_reply,1466,813349937332401,813349937372505,40104
159,client_resume,1466,813349937525214,813349937547505,22291
160,client_registered,1466,813349937806307,813349937823130,16823
160,client_entry,1466,813349937629484,813349937834380,204896
160,client_resolved,1466,813349937741620,813349937842089,100469
160,client_send,1466,813349937861203,813349937876828,15625
160,client_reply,1466,813349938246047,813349938272714,26667
160,client_resume,1466,813349938444120,813349938462505,18385
161,client_registered,1466,813349938711255,813349938728391,17136
161,client_entry,1466,813349938536047,813349938739380,203333
161,client_resolved,1466,813349938652245,813349938746880,94635
161,client_send,1466,813349938764953,813349938771880,6927
161,client_reply,1466,813349939305682,813349939328234,22552
161,client_resume,1466,813349939579016,813349939601359,22343
162,client_registered,1466,813349939864484,813349939881255,16771
162,client_entry,1466,813349939679432,813349939895057,215625
162,client_resolved,1466,813349939790786,813349939903495,112709
162,client_send,1466,813349939924589,813349939932661,8072
162,client_reply,1466,813349940381568,813349940412089,30521
162,client_resume,1466,813349940604901,813349940645422,40521
163,client_registered,1466,813349940916828,813349940931151,14323
163,client_entry,1466,813349940727245,813349940941203,213958
163,client_resolved,1466,813349940841464,813349940952089,110625
163,client_send,1466,813349940970474,813349940977870,7396
163,client_reply,1466,813349941365266,813349941391359,26093
163,client_resume,1466,813349941537349,813349941562089,24740
164,client_registered,1466,813349941810839,813349941828182,17343
164,client_entry,1466,813349941634276,813349941840734,206458
164,client_resolved,1466,813349941750734,813349941848964,98230
164,client_send,1466,813349941867401,813349941874693,7292
164,client_reply,1466,813349942259276,813349942280474,21198
164,client_resume,1466,813349942427974,813349942456255,28281
165,client_registered,1466,813349942746776,813349942763703,16927
165,client_entry,1466,813349942535526,813349942774484,238958
165,client_resolved,1466,813349942667974,813349942782401,114427
165,client_send,1466,813349942800422,813349942808391,7969
165,client_reply,1466,813349943183182,813349943208286,25104
165,client_resume,1466,813349943341516,813349943361828,20312
166,client_registered,1466,813349943604172,813349943623703,19531
166,client_entry,1466,813349943426516,813349943634589,208073
166,client_resolved,1466,813349943529536,813349943642766,113230
166,client_send,1466,813349943662453,813349943669901,7448
166,client_reply,1466,813349944183964,813349944204120,20156
166,client_resume,1466,813349944353911,813349944368443,14532
167,client_registered,1466,813349944624953,813349944638859,13906
167,client_entry,1466,813349944431464,813349944649745,218281
167,client_resolved,1466,813349944548339,813349944664901,116562
167,client_send,1466,813349944682714,813349944689536,6822
167,client_reply,1466,813349945080109,813349945106932,26823
167,client_resume,1466,813349945255734,813349945277036,21302
168,client_registered,1466,813349945529432,813349945544120,14688
168,client_entry,1466,813349945355318,813349945554380,199062
168,client_resolved,1466,813349945453755,813349945619224,165469
168,client_send,1466,813349945643859,813349945653911,10052
168,client_reply,1466,813349946203859,813349946229849,25990
168,client_resume,1466,813349946425161,813349946443182,18021
169,client_registered,1466,813349946677818,813349946707922,30104
169,client_entry,1466,813349946501932,813349946722141,220209
169,client_resolved,1466,813349946608964,813349946730630,121666
169,client_send,1466,813349946750526,813349946758547,8021
169,client_reply,1466,813349947166047,813349947194901,28854
169,client_resume,1466,813349947399641,813349947424536,24895
170,client_registered,1466,813349947734641,813349947748234,13593
170,client_entry,1466,813349947498339,813349947762609,264270
170,client_resolved,1466,813349947665422,813349947773339,107917
170,client_send,1466,813349947792141,813349947799536,7395
170,client_reply,1466,813349948212974,813349948237349,24375
170,client_resume,1466,813349948420057,813349948438911,18854
171,client_registered,1466,813349948697036,813349948710057,13021
171,client_entry,1466,813349948509484,813349948726516,217032
171,client_resolved,1466,813349948621411,813349948735370,113959
171,client_send,1466,813349948756411,813349948764901,8490
171,client_reply,1466,813349949128234,813349949150161,21927
171,client_resume,1466,813349949287401,813349949308026,20625
172,client_registered,1466,813349949559328,813349949575214,15886
172,client_entry,1466,813349949368599,813349949587974,219375
172,client_resolved,1466,813349949490057,813349949595839,105782
172,client_send,1466,813349949614484,813349949622661,8177
172,client_reply,1466,813349950162974,813349950196151,33177
172,client_resume,1466,813349950364016,813349950395682,31666
173,client_registered,1466,813349950724120,813349950750005,25885
173,client_entry,1466,813349950474536,813349950761255,286719
173,client_resolved,1466,813349950636984,813349950768807,131823
173,client_send,1466,813349950789380,813349950800943,11563
173,client_reply,1466,813349951196620,813349951219745,23125
173,client_resume,1466,813349951395630,813349951414589,18959
174,client_registered,1466,813349951697870,813349951711047,13177
174,client_entry,1466,813349951488078,813349951720422,232344
174,client_resolved,1466,813349951617922,813349951727974,110052
174,client_send,1466,813349951745578,813349951753286,7708
174,client_reply,1466,813349952328026,813349952357974,29948
174,client_resume,1466,813349952534016,813349952559172,25156
175,client_registered,1466,813349952937974,813349952958234,20260
175,client_entry,1466,813349952637714,813349952979849,342135
175,client_resolved,1466,813349952775682,813349953026620,250938
175,client_send,1466,813349953066359,813349953090682,24323
175,client_reply,1466,813349953536828,813349953568443,31615
175,client_resume,1466,813349953707714,813349953733026,25312
176,client_registered,1466,813349954020578,813349954033547,12969
176,client_entry,1466,813349953820266,813349954044328,224062
176,client_resolved,1466,813349953952297,813349954051828,99531
176,client_send,1466,813349954071203,813349954079016,7813
176,client_reply,1466,813349954491255,813349954517870,26615
176,client_resume,1466,813349954712609,813349954730839,18230
177,client_registered,1466,813349955032609,813349955047609,15000
177,client_entry,1466,813349954806255,813349955058599,252344
177,client_resolved,1466,813349954963391,813349955074172,110781
177,client_send,1466,813349955095005,813349955103078,8073
177,client_reply,1466,813349955584276,813349955613703,29427
177,client_resume,1466,813349955784016,813349955810734,26718
178,client_registered,1466,813349956086099,813349956135734,49635
178,client_entry,1466,813349955886411,813349956147089,260678
178,client_resolved,1466,813349956016516,813349956155318,138802
178,client_send,1466,813349956176984,813349956196724,19740
178,client_reply,1466,813349956607818,813349956627245,19427
178,client_resume,1466,813349956790682,813349956814016,23334
179,client_registered,1466,813349957096672,813349957111047,14375
179,client_entry,1466,813349956895266,813349957122453,227187
179,client_resolved,1466,813349957020057,813349957130057,110000
179,client_send,1466,813349957151411,813349957175578,24167
179,client_reply,1466,813349957596203,813349957625005,28802
179,client_resume,1466,813349957787922,813349957822245,34323
180,client_registered,1466,813349958097766,813349958112766,15000
180,client_entry,1466,813349957890578,813349958123130,232552
180,client_resolved,1466,813349958017505,813349958130422,112917
180,client_send,1466,813349958157141,813349958165370,8229
180,client_reply,1466,813349958546932,813349958568339,21407
180,client_resume,1466,813349958713911,813349958736932,23021
181,client_registered,1466,813349958982922,813349958996620,13698
181,client_entry,1466,813349958800734,813349959012766,212032
181,client_resolved,1466,813349958909224,813349959025214,115990
181,client_send,1466,813349959050422,813349959058755,8333
181,client_reply,1466,813349959467557,813349959490786,23229
181,client_resume,1466,813349959645578,813349959671151,25573
182,client_registered,1466,813349959935318,813349959947297,11979
182,client_entry,1466,813349959749589,813349959958234,208645
182,client_resolved,1466,813349959864276,813349959965734,101458
182,client_send,1466,813349959982818,813349959993547,10729
182,client_reply,1466,813349960564536,813349960587401,22865
182,client_resume,1466,813349960753703,813349960777714,24011
183,client_registered,1466,813349961271151,813349961295318,24167
183,client_entry,1466,813349960862818,813349961306620,443802
183,client_resolved,1466,813349961080578,813349961314745,234167
183,client_send,1466,813349961336047,813349961343495,7448
183,client_reply,1466,813349961892141,813349961923026,30885
183,client_resume,1466,813349962096776,813349962117714,20938
184,client_registered,1466,813349962411724,813349962424641,12917
184,client_entry,1466,813349962207245,813349962434224,226979
184,client_resolved,1466,813349962323755,813349962441411,117656
184,client_send,1466,813349962461516,813349962468755,7239
184,client_reply,1466,813349962915318,813349962944276,28958
184,client_resume,1466,813349963186516,813349963205630,19114
185,client_registered,1466,813349963494797,813349963508234,13437
185,client_entry,1466,813349963290995,813349963527557,236562
185,client_resolved,1466,813349963416255,813349963537401,121146
185,client_send,1466,813349963558859,813349963567661,8802
185,client_reply,1466,813349963994276,813349964021776,27500
185,client_resume,1466,813349964212505,813349964241203,28698
186,client_registered,1466,813349964524849,813349964538964,14115
186,client_entry,1466,813349964312557,813349964549589,237032
186,client_resolved,1466,813349964446151,813349964558339,112188
186,client_send,1466,813349964579536,813349964594432,14896
186,client_reply,1466,813349965003443,813349965034172,30729
186,client_resume,1466,813349965181620,813349965203547,21927
187,client_registered,1466,813349965473703,813349965487661,13958
187,client_entry,1466,813349965283391,813349965498234,214843
187,client_resolved,1466,813349965397922,813349965505839,107917
187,client_send,1466,813349965524120,813349965533026,8906
187,client_reply,1466,813349965912505,813349965942089,29584
187,client_resume,1466,813349966084068,813349966105786,21718
188,client_registered,1466,813349966402557,813349966418807,16250
188,client_entry,1466,813349966180214,813349966428964,248750
188,client_resolved,1466,813349966327193,813349966436984,109791
188,client_send,1466,813349966457609,813349966464953,7344
188,client_reply,1466,813349966858391,813349966886203,27812
188,client_resume,1466,813349967010214,813349967033443,23229
189,client_registered,1466,813349967294432,813349967315318,20886
189,client_entry,1466,813349967104589,813349967326516,221927
189,client_resolved,1466,813349967223703,813349967334276,110573
189,client_send,1466,813349967363078,813349967371359,8281
189,client_reply,1466,813349967760422,813349967786151,25729
189,client_resume,1466,813349967913182,813349967934068,20886
190,client_registered,1466,813349968229172,813349968243599,14427
190,client_entry,1466,813349967995526,813349968255891,260365
190,client_resolved,1466,813349968144172,813349968267661,123489
190,client_send,1466,813349968287401,813349968298703,11302
190,client_reply,1466,813349968650318,813349968680005,29687
190,client_resume,1466,813349968863599,813349968880422,16823
191,client_registered,1466,813349969114172,813349969129328,15156
191,client_entry,1466,813349968948130,813349969140474,192344
191,client_resolved,1466,813349969049901,813349969148234,98333
191,client_send,1466,813349969168078,813349969176620,8542
191,client_reply,1466,813349969564276,813349969590839,26563
191,client_resume,1466,813349969758182,813349969780109,21927
192,client_registered,1466,813349970217870,813349970329901,112031
192,client_entry,1466,813349969935422,813349970347245,411823
192,client_resolved,1466,813349970116099,813349970358547,242448
192,client_send,1466,813349970382245,813349970391411,9166
192,client_reply,1466,813349970806932,813349970831099,24167
192,client_resume,1466,813349971046099,813349971071047,24948
193,client_registered,1466,813349971347766,813349971365995,18229
193,client_entry,1466,813349971152193,813349971376620,224427
193,client_resolved,1466,813349971268495,813349971384120,115625
193,client_send,1466,813349971404432,813349971411307,6875
193,client_reply,1466,813349971823859,813349971845578,21719
193,client_resume,1466,813349971988547,813349972013443,24896
194,client_registered,1466,813349972292245,813349972316464,24219
194,client_entry,1466,813349972117193,813349972335943,218750
194,client_resolved,1466,813349972232036,813349972351880,119844
194,client_send,1466,813349972375891,813349972388286,12395
194,client_reply,1466,813349972815578,813349972840943,25365
194,client_resume,1466,813349972964797,813349972985995,21198
195,client_registered,1466,813349973242505,813349973257505,15000
195,client_entry,1466,813349973048443,813349973268547,220104
195,client_resolved,1466,813349973161672,813349973275995,114323
195,client_send,1466,813349973295318,813349973303807,8489
195,client_reply,1466,813349973694953,813349973721151,26198
195,client_resume,1466,813349973847245,813349973868182,20937
196,client_registered,1466,813349974134797,813349974150318,15521
196,client_entry,1466,813349973931984,813349974172297,240313
196,client_resolved,1466,813349974070370,813349974180995,110625
196,client_send,1466,813349974199797,813349974212349,12552
196,client_reply,1466,813349974583495,813349974615161,31666
196,client_resume,1466,813349974752036,813349974774016,21980
197,client_registered,1466,813349975049693,813349975064953,15260
197,client_entry,1466,813349974848599,813349975075839,227240
197,client_resolved,1466,813349974960891,813349975083755,122864
197,client_send,1466,813349975102089,813349975113130,11041
197,client_reply,1466,813349975483911,813349975513078,29167
197,client_resume,1466,813349975639953,813349975660422,20469
198,client_registered,1466,813349975896672,813349975915266,18594
198,client_entry,1466,813349975729120,813349975929380,200260
198,client_resolved,1466,813349975839328,813349975950422,111094
198,client_send,1466,813349975970995,813349975979380,8385
198,client_reply,1466,813349976397714,813349976424068,26354
198,client_resume,1466,813349976565630,813349976585474,19844
199,client_registered,1466,813349976869849,813349976881516,11667
199,client_entry,1466,813349976651099,813349976890995,239896
199,client_resolved,1466,813349976797661,813349976898026,100365
199,client_send,1466,813349976914953,813349976921984,7031
199,client_reply,1466,813349977292141,813349977315318,23177
199,client_resume,1466,813349977480786,813349977510891,30105
200,client_registered,1466,813349977942609,813349977959172,16563
200,client_entry,1466,813349977721411,813349977977870,256459
200,client_resolved,1466,813349977863182,813349977986568,123386
200,client_send,1466,813349978067557,813349978093599,26042
200,client_reply,1466,813349978699641,813349978732349,32708
200,client_resume,1466,813349978857297,813349978880682,23385
201,client_registered,1466,813349979153182,813349979169745,16563
201,client_entry,1466,813349978959276,813349979180578,221302
201,client_resolved,1466,813349979080578,813349979187714,107136
201,client_send,1466,813349979207193,813349979214797,7604
201,client_reply,1466,813349979647922,813349979670891,22969
201,client_resume,1466,813349979793234,813349979815891,22657
202,client_registered,1466,813349980068443,813349980087818,19375
202,client_entry,1466,813349979900943,813349980134536,233593
202,client_resolved,1466,813349980008234,813349980143339,135105
202,client_send,1466,813349980165734,813349980174745,9011
202,client_reply,1466,813349980550786,813349980574849,24063
202,client_resume,1466,813349980697453,813349980722557,25104
203,client_registered,1466,813349981020786,813349981033599,12813
203,client_entry,1466,813349980807714,813349981048859,241145
203,client_resolved,1466,813349980953026,813349981056255,103229
203,client_send,1466,813349981075734,813349981084901,9167
203,client_reply,1466,813349981428651,813349981455891,27240
203,client_resume,1466,813349981593495,813349981612453,18958
204,client_registered,1466,813349981876307,813349981894432,18125
204,client_entry,1466,813349981685839,813349981906099,220260
204,client_resolved,1466,813349981801776,813349981920370,118594
204,client_send,1466,813349981939276,813349981947974,8698
204,client_reply,1466,813349982279953,813349982304901,24948
204,client_resume,1466,813349982421255,813349982441047,19792
205,client_registered,1466,813349982721776,813349982738547,16771
205,client_entry,1466,813349982518026,813349982749120,231094
205,client_resolved,1466,813349982645161,813349982766099,120938
205,client_send,1466,813349982784849,813349982793391,8542
205,client_reply,1466,813349983211828,813349983235630,23802
205,client_resume,1466,813349983372401,813349983400682,28281
206,client_registered,1466,813349983680630,813349983700214,19584
206,client_entry,1466,813349983485370,813349983716359,230989
206,client_resolved,1466,813349983599901,813349983724172,124271
206,client_send,1466,813349983745161,813349983756932,11771
206,client_reply,1466,813349984115214,813349984135891,20677
206,client_resume,1466,813349984272036,813349984295682,23646
207,client_registered,1466,813349984585266,813349984600734,15468
207,client_entry,1466,813349984377766,813349984611099,233333
207,client_resolved,1466,813349984506047,813349984618547,112500
207,client_send,1466,813349984637141,813349984648599,11458
207,client_reply,1466,813349985029328,813349985061203,31875
207,client_resume,1466,813349985246359,813349985270318,23959
208,client_registered,1466,813349985560578,813349985574120,13542
208,client_entry,1466,813349985358078,813349985584172,226094
208,client_resolved,1466,813349985483443,813349985592036,108593
208,client_send,1466,813349985611411,813349985619484,8073
208,client_reply,1466,813349985995161,813349986016828,21667
208,client_resume,1466,813349986162349,813349986226776,64427
209,client_registered,1466,813349986539016,813349986558964,19948
209,client_entry,1466,813349986332557,813349986571047,238490
209,client_resolved,1466,813349986464016,813349986579901,115885
209,client_send,1466,813349986612557,813349986623234,10677
209,client_reply,1466,813349987137089,813349987166568,29479
209,client_resume,1466,813349987322089,813349987345630,23541
210,client_registered,1466,813349987683755,813349987699068,15313
210,client_entry,1466,813349987429276,813349987713130,283854
210,client_resolved,1466,813349987617609,813349987721359,103750
210,client_send,1466,813349987742297,813349987750578,8281
210,client_reply,1466,813349988174589,813349988207974,33385
210,client_resume,1466,813349988347141,813349988370578,23437
211,client_registered,1466,813349988656411,813349988670839,14428
211,client_entry,1466,813349988443391,813349988681255,237864
211,client_resolved,1466,813349988575474,813349988697349,121875
211,client_send,1466,813349988730526,813349988744849,14323
211,client_reply,1466,813349989138339,813349989161880,23541
211,client_resume,1466,813349989323182,813349989349068,25886
212,client_registered,1466,813349989637193,813349989651724,14531
212,client_entry,1466,813349989431672,813349989668964,237292
212,client_resolved,1466,813349989560839,813349989677089,116250
212,client_send,1466,813349989696307,813349989704068,7761
212,client_reply,1466,813349990129849,813349990151828,21979
212,client_resume,1466,813349990296828,813349990324224,27396
213,client_registered,1466,813349990614120,813349990650734,36614
213,client_entry,1466,813349990417557,813349990662505,244948
213,client_resolved,1466,813349990544016,813349990671203,127187
213,client_send,1466,813349990697297,813349990710266,12969
213,client_reply,1466,813349991078182,813349991099328,21146
213,client_resume,1466,813349991233703,813349991258859,25156
214,client_registered,1466,813349991540161,813349991554641,14480
214,client_entry,1466,813349991329484,813349991565005,235521
214,client_resolved,1466,813349991460057,813349991573391,113334
214,client_send,1466,813349991598026,813349991612141,14115
214,client_reply,1466,813349991978234,813349991999380,21146
214,client_resume,1466,813349992157349,813349992185891,28542
215,client_registered,1466,813349992455109,813349992471932,16823
215,client_entry,1466,813349992268339,813349992492661,224322
215,client_resolved,1466,813349992390266,813349992505422,115156
215,client_send,1466,813349992530682,813349992544693,14011
215,client_reply,1466,813349993062766,813349993089849,27083
215,client_resume,1466,813349993254901,813349993274172,19271
216,client_registered,1466,813349993538026,813349993551464,13438
216,client_entry,1466,813349993341724,813349993561724,220000
216,client_resolved,1466,813349993463130,813349993572193,109063
216,client_send,1466,813349993589953,813349993597245,7292
216,client_reply,1466,813349994087661,813349994110266,22605
216,client_resume,1466,813349994261411,813349994283339,21928
217,client_registered,1466,813349994571099,813349994585786,14687
217,client_entry,1466,813349994369380,813349994598703,229323
217,client_resolved,1466,813349994495318,813349994612974,117656
217,client_send,1466,813349994632557,813349994640526,7969
217,client_reply,1466,813349995116047,813349995153495,37448
217,client_resume,1466,813349995310109,813349995328755,18646
218,client_registered,1466,813349995648234,813349995662870,14636
218,client_entry,1466,813349995423078,813349995675943,252865
218,client_resolved,1466,813349995555995,813349995683807,127812
218,client_send,1466,813349995705422,813349995713443,8021
218,client_reply,1466,813349996149068,813349996167349,18281
218,client_resume,1466,813349996391620,813349996413339,21719
219,client_registered,1466,813349996690682,813349996706672,15990
219,client_entry,1466,813349996498443,813349996721151,222708
219,client_resolved,1466,813349996618547,813349996729484,110937
219,client_send,1466,813349996756516,813349996774224,17708
219,client_reply,1466,813349997322766,813349997345057,22291
219,client_resume,1466,813349997490526,813349997516568,26042
220,client_registered,1466,813349997798755,813349997814589,15834
220,client_entry,1466,813349997596620,813349997824120,227500
220,client_resolved,1466,813349997718078,813349997832401,114323
220,client_send,1466,813349997852349,813349997865526,13177
220,client_reply,1466,813349998273234,813349998299224,25990
220,client_resume,1466,813349998455839,813349998473703,17864
221,client_registered,1466,813349998756151,813349998773234,17083
221,client_entry,1466,813349998545734,813349998783859,238125
221,client_resolved,1466,813349998680526,813349998791672,111146
221,client_send,1466,813349998809380,813349998817245,7865
221,client_reply,1466,813349999225422,813349999250734,25312
221,client_resume,1466,813349999383026,813349999417297,34271
222,client_registered,1466,813349999698651,813349999711464,12813
222,client_entry,1466,813349999494120,813349999730109,235989
222,client_resolved,1466,813349999624276,813349999738443,114167
222,client_send,1466,813349999756828,813349999764797,7969
222,client_reply,1466,813350000164224,813350000189901,25677
222,client_resume,1466,813350000310161,813350000328911,18750
223,client_registered,1466,813350000601151,813350000621828,20677
223,client_entry,1466,813350000404901,813350000630943,226042
223,client_resolved,1466,813350000528807,813350000638495,109688
223,client_send,1466,813350000658339,813350000665995,7656
223,client_reply,1466,813350001090630,813350001123911,33281
223,client_resume,1466,813350001324484,813350001339849,15365
224,client_registered,1466,813350001634120,813350001647870,13750
224,client_entry,1466,813350001417766,813350001658078,240312
224,client_resolved,1466,813350001552401,813350001665630,113229
224,client_send,1466,813350001683391,813350001691151,7760
224,client_reply,1466,813350002246516,813350002273755,27239
224,client_resume,1466,813350002562922,813350002630109,67187
225,client_registered,1466,813350002933391,813350003096620,163229
225,client_entry,1466,813350002716359,813350003114484,398125
225,client_resolved,1466,813350002856776,813350003123443,266667
225,client_send,1466,813350003192609,813350003208964,16355
225,client_reply,1466,813350003688495,813350003716411,27916
225,client_resume,1466,813350003889849,813350003907245,17396
226,client_registered,1466,813350004215734,813350004228755,13021
226,client_entry,1466,813350003976359,813350004243443,267084
226,client_resolved,1466,813350004148339,813350004259484,111145
226,client_send,1466,813350004278859,813350004290474,11615
226,client_reply,1466,813350004908130,813350004932505,24375
226,client_resume,1466,813350005129068,813350005153443,24375
227,client_registered,1466,813350005447609,813350005470005,22396
227,client_entry,1466,813350005238703,813350005484380,245677
227,client_resolved,1466,813350005381932,813350005495422,113490
227,client_send,1466,813350005517089,813350005526307,9218
227,client_reply,1466,813350005941984,813350005967089,25105
227,client_resume,1466,813350006115630,813350006155578,39948
228,client_registered,1466,813350006447297,813350006462453,15156
228,client_entry,1466,813350006225057,813350006472766,247709
228,client_resolved,1466,813350006346724,813350006480214,133490
228,client_send,1466,813350006502453,813350006511099,8646
228,client_reply,1466,813350006911047,813350006932609,21562
228,client_resume,1466,813350007069849,813350007095578,25729
229,client_registered,1466,813350007381828,813350007399484,17656
229,client_entry,1466,813350007175474,813350007410474,235000
229,client_resolved,1466,813350007301620,813350007418495,116875
229,client_send,1466,813350007441568,813350007454276,12708
229,client_reply,1466,813350007862609,813350007885891,23282
229,client_resume,1466,813350008018078,813350008047141,29063
230,client_registered,1466,813350008376151,813350008392453,16302
230,client_entry,1466,813350008142453,813350008403703,261250
230,client_resolved,1466,813350008284953,813350008411724,126771
230,client_send,1466,813350008430839,813350008442609,11770
230,client_reply,1466,813350008822505,813350008842661,20156
230,client_resume,1466,813350008981411,813350009005682,24271
231,client_registered,1466,813350009260266,813350009274432,14166
231,client_entry,1466,813350009071359,813350009285214,213855
231,client_resolved,1466,813350009190734,813350009292870,102136
231,client_send,1466,813350009312036,813350009324328,12292
231,client_reply,1466,813350009719172,813350009744693,25521
231,client_resume,1466,813350009872557,813350009901047,28490
232,client_registered,1466,813350010290318,813350010328339,38021
232,client_entry,1466,813350009978078,813350010339172,361094
232,client_resolved,1466,813350010115474,813350010346984,231510
232,client_send,1466,813350010379641,813350010387193,7552
232,client_reply,1466,813350010786464,813350010813964,27500
232,client_resume,1466,813350011022714,813350011054641,31927
233,client_registered,1466,813350011406411,813350011426880,20469
233,client_entry,1466,813350011217453,813350011444224,226771
233,client_resolved,1466,813350011345161,813350011453078,107917
233,client_send,1466,813350011475266,813350011484328,9062
233,client_reply,1466,813350011990578,813350012012766,22188
233,client_resume,1466,813350012211828,813350012237766,25938
234,client_registered,1466,813350012493964,813350012518599,24635
234,client_entry,1466,813350012304068,813350012529953,225885
234,client_resolved,1466,813350012413234,813350012538807,125573
234,client_send,1466,813350012559849,813350012567193,7344
234,client_reply,1466,813350012978755,813350013008495,29740
234,client_resume,1466,813350013146880,813350013165422,18542
235,client_registered,1466,813350013445422,813350013458703,13281
235,client_entry,1466,813350013254224,813350013469172,214948
235,client_resolved,1466,813350013369016,813350013484120,115104
235,client_send,1466,813350013503026,813350013510995,7969
235,client_reply,1466,813350013908755,813350013935943,27188
235,client_resume,1466,813350014068130,813350014087766,19636
236,client_registered,1466,813350014347505,813350014371151,23646
236,client_entry,1466,813350014175526,813350014395057,219531
236,client_resolved,1466,813350014288182,813350014404641,116459
236,client_send,1466,813350014424172,813350014435370,11198
236,client_reply,1466,813350014884589,813350014935839,51250
236,client_resume,1466,813350015091307,813350015108026,16719
237,client_registered,1466,813350015390891,813350015408599,17708
237,client_entry,1466,813350015190318,813350015427766,237448
237,client_resolved,1466,813350015314745,813350015436464,121719
237,client_send,1466,813350015459589,813350015467922,8333
237,client_reply,1466,813350015863964,813350015891099,27135
237,client_resume,1466,813350016016099,813350016033703,17604
238,client_registered,1466,813350016335943,813350016352141,16198
238,client_entry,1466,813350016136099,813350016364068,227969
238,client_resolved,1466,813350016248391,813350016386880,138489
238,client_send,1466,813350016410057,813350016418339,8282
238,client_reply,1466,813350016783547,813350016806932,23385
238,client_resume,1466,813350016933182,813350016951620,18438
239,client_registered,1466,813350017226099,813350017240370,14271
239,client_entry,1466,813350017040214,813350017252818,212604
239,client_resolved,1466,813350017158703,813350017266203,107500
239,client_send,1466,813350017287818,813350017296984,9166
239,client_reply,1466,813350017645891,813350017668547,22656
239,client_resume,1466,813350017806516,813350017827089,20573
240,client_registered,1466,813350018114901,813350018130266,15365
240,client_entry,1466,813350017903339,813350018139901,236562
240,client_resolved,1466,813350018024797,813350018147714,122917
240,client_send,1466,813350018222557,813350018243286,20729
240,client_reply,1466,813350018626411,813350018649484,23073
240,client_resume,1466,813350018930422,813350018961099,30677
241,client_registered,1466,813350019226776,813350019299484,72708
241,client_entry,1466,813350019046568,813350019343911,297343
241,client_resolved,1466,813350019163964,813350019354172,190208
241,client_send,1466,813350019377349,813350019386776,9427
241,client_reply,1466,813350019950214,813350019972609,22395
241,client_resume,1466,813350020154120,813350020177089,22969
242,client_registered,1466,813350020524380,813350020538078,13698
242,client_entry,1466,813350020250891,813350020548651,297760
242,client_resolved,1466,813350020435526,813350020556672,121146
242,client_send,1466,813350020577453,813350020585266,7813
242,client_reply,1466,813350021050474,813350021073547,23073
242,client_resume,1466,813350021229068,813350021255214,26146
243,client_registered,1466,813350021517922,813350021531307,13385
243,client_entry,1466,813350021332714,813350021541724,209010
243,client_resolved,1466,813350021454328,813350021550057,95729
243,client_send,1466,813350021572349,813350021580474,8125
243,client_reply,1466,813350021961724,813350021991932,30208
243,client_resume,1466,813350022153078,813350022174432,21354
244,client_registered,1466,813350022461724,813350022477193,15469
244,client_entry,1466,813350022246620,813350022487714,241094
244,client_resolved,1466,813350022379589,813350022495682,116093
244,client_send,1466,813350022516099,813350022527036,10937
244,client_reply,1466,813350022909484,813350022934224,24740
244,client_resume,1466,813350023068651,813350023091776,23125
245,client_registered,1466,813350023378443,813350023397557,19114
245,client_entry,1466,813350023161151,813350023409641,248490
245,client_resolved,1466,813350023307922,813350023417661,109739
245,client_send,1466,813350023441047,813350023448495,7448
245,client_reply,1466,813350023837818,813350023940734,102916
245,client_resume,1466,813350024306359,813350024325109,18750
246,client_registered,1466,813350024606984,813350024621984,15000
246,client_entry,1466,813350024390630,813350024637557,246927
246,client_resolved,1466,813350024524432,813350024646516,122084
246,client_send,1466,813350024674380,813350024683234,8854
246,client_reply,1466,813350025130943,813350025169849,38906
246,client_resume,1466,813350025313234,813350025347870,34636
247,client_registered,1466,813350025641724,813350025657818,16094
247,client_entry,1466,813350025424484,813350025675839,251355
247,client_resolved,1466,813350025557036,813350025683703,126667
247,client_send,1466,813350025711411,813350025720474,9063
247,client_reply,1466,813350026154901,813350026186932,32031
247,client_resume,1466,813350026322922,813350026347661,24739
248,client_registered,1466,813350026601516,813350026613964,12448
248,client_entry,1466,813350026412505,813350026628964,216459
248,client_resolved,1466,813350026522974,813350026638807,115833
248,client_send,1466,813350026662089,813350026671151,9062
248,client_reply,1466,813350027094172,813350027121776,27604
248,client_resume,1466,813350027316516,813350027343026,26510
249,client_registered,1466,813350027826307,813350027850839,24532
249,client_entry,1466,813350027415318,813350027863599,448281
249,client_resolved,1466,813350027662766,813350027871359,208593
249,client_send,1466,813350027893755,813350027902089,8334
249,client_reply,1466,813350028576151,813350028602297,26146
249,client_resume,1466,813350028805891,813350028824589,18698
250,client_registered,1466,813350029167349,813350029182193,14844
250,client_entry,1466,813350028899589,813350029199068,299479
250,client_resolved,1466,813350029093964,813350029207505,113541
250,client_send,1466,813350029226776,813350029234953,8177
250,client_reply,1466,813350029672766,813350029694380,21614
250,client_resume,1466,813350029840318,813350029869953,29635
251,client_registered,1466,813350030218703,813350030237557,18854
251,client_entry,1466,813350029950578,813350030248807,298229
251,client_resolved,1466,813350030114016,813350030258807,144791
251,client_send,1466,813350030280057,813350030287297,7240
251,client_reply,1466,813350030648130,813350030669224,21094
251,client_resume,1466,813350030793807,813350030819484,25677
252,client_registered,1466,813350031083026,813350031097193,14167
252,client_entry,1466,813350030885318,813350031108651,223333
252,client_resolved,1466,813350031012036,813350031116620,104584
252,client_send,1466,813350031137818,813350031145266,7448
252,client_reply,1466,813350031531359,813350031557036,25677
252,client_resume,1466,813350031676568,813350031696099,19531
253,client_registered,1466,813350031980682,813350032004536,23854
253,client_entry,1466,813350031771151,813350032017036,245885
253,client_resolved,1466,813350031904432,813350032024641,120209
253,client_send,1466,813350032045005,813350032052714,7709
253,client_reply,1466,813350032407974,813350032432714,24740
253,client_resume,1466,813350032569016,813350032595370,26354
254,client_registered,1466,813350032864797,813350032879849,15052
254,client_entry,1466,813350032670422,813350032890943,220521
254,client_resolved,1466,813350032796047,813350032901880,105833
254,client_send,1466,813350032924328,813350032936203,11875
254,client_reply,1466,813350033296776,813350033325526,28750
254,client_resume,1466,813350033454641,813350033475370,20729
255,client_registered,1466,813350033711307,813350033726776,15469
255,client_entry,1466,813350033539328,813350033755839,216511
255,client_resolved,1466,813350033651307,813350033767714,116407
255,client_send,1466,813350033788703,813350033798391,9688
255,client_reply,1466,813350034132661,813350034153755,21094
255,client_resume,1466,813350034280578,813350034300057,19479
256,client_registered,1466,813350034579380,813350034592661,13281
256,client_entry,1466,813350034382401,813350034605786,223385
256,client_resolved,1466,813350034502974,813350034618964,115990
256,client_send,1466,813350034644276,813350034653547,9271
256,client_reply,1466,813350035024641,813350035049016,24375
256,client_resume,1466,813350035232297,813350035250422,18125
257,client_registered,1466,813350035592818,813350035606724,13906
257,client_entry,1466,813350035319641,813350035622036,302395
257,client_resolved,1466,813350035518651,813350035643911,125260
257,client_send,1466,813350035663964,813350035674901,10937
257,client_reply,1466,813350036072557,813350036146359,73802
257,client_resume,1466,813350036311672,813350036328130,16458
258,client_registered,1466,813350036911932,813350036932870,20938
258,client_entry,1466,813350036717609,813350036947349,229740
258,client_resolved,1466,813350036843078,813350036956203,113125
258,client_send,1466,813350036976203,813350036991516,15313
258,client_reply,1466,813350037390318,813350037414901,24583
258,client_resume,1466,813350037593703,813350037616932,23229
259,client_registered,1466,813350037907557,813350037921203,13646
259,client_entry,1466,813350037706307,813350037940786,234479
259,client_resolved,1466,813350037836620,813350037950474,113854
259,client_send,1466,813350037970943,813350037992193,21250
259,client_reply,1466,813350038357089,813350038382141,25052
259,client_resume,1466,813350038632453,813350038650318,17865
260,client_registered,1466,813350038923234,813350038940474,17240
260,client_entry,1466,813350038711984,813350038950943,238959
260,client_resolved,1466,813350038827922,813350038962193,134271
260,client_send,1466,813350038984953,813350038993651,8698
260,client_reply,1466,813350039354536,813350039378495,23959
260,client_resume,1466,813350039540318,813350039559432,19114
261,client_registered,1466,813350039811359,813350039831255,19896
261,client_entry,1466,813350039627193,813350039847036,219843
261,client_resolved,1466,813350039736828,813350039855370,118542
261,client_send,1466,813350039877661,813350039886464,8803
261,client_reply,1466,813350040232401,813350040264745,32344
261,client_resume,1466,813350040408807,813350040442193,33386
262,client_registered,1466,813350040722974,813350040738130,15156
262,client_entry,1466,813350040522505,813350040749953,227448
262,client_resolved,1466,813350040641672,813350040758234,116562
262,client_send,1466,813350040778443,813350040787297,8854
262,client_reply,1466,813350041134484,813350041157609,23125
262,client_resume,1466,813350041296307,813350041331203,34896
263,client_registered,1466,813350041599589,813350041613911,14322
263,client_entry,1466,813350041400109,813350041624849,224740
263,client_resolved,1466,813350041509224,813350041637193,127969
263,client_send,1466,813350041659641,813350041668286,8645
263,client_reply,1466,813350042044797,813350042067818,23021
263,client_resume,1466,813350042218599,813350042244016,25417
264,client_registered,1466,813350042531255,813350042553443,22188
264,client_entry,1466,813350042306255,813350042563391,257136
264,client_resolved,1466,813350042447766,813350042571932,124166
264,client_send,1466,813350042591880,813350042600370,8490
264,client_reply,1466,813350042940943,813350042967714,26771
264,client_resume,1466,813350043114016,813350043139484,25468
265,client_registered,1466,813350043580318,813350043597245,16927
265,client_entry,1466,813350043226724,813350043606880,380156
265,client_resolved,1466,813350043494849,813350043737766,242917
265,client_send,1466,813350043766984,813350043777922,10938
265,client_reply,1466,813350044215214,813350044320005,104791
265,client_resume,1466,813350044553339,813350044571359,18020
266,client_registered,1466,813350045046151,813350045067245,21094
266,client_entry,1466,813350044646203,813350045085786,439583
266,client_resolved,1466,813350044981411,813350045095005,113594
266,client_send,1466,813350045117089,813350045126307,9218
266,client_reply,1466,813350045560839,813350045586568,25729
266,client_resume,1466,813350045719484,813350045738130,18646
267,client_registered,1466,813350046002089,813350046012297,10208
267,client_entry,1466,813350045818495,813350046022089,203594
267,client_resolved,1466,813350045935266,813350046030630,95364
267,client_send,1466,813350046059589,813350046067766,8177
267,client_reply,1466,813350046433547,813350046462870,29323
267,client_resume,1466,813350046611724,813350046635578,23854
268,client_registered,1466,813350046910943,813350046923234,12291
268,client_entry,1466,813350046698234,813350046932661,234427
268,client_resolved,1466,813350046824328,813350046939224,114896
268,client_send,1466,813350046959797,813350046966411,6614
268,client_reply,1466,813350047385109,813350047412297,27188
268,client_resume,1466,813350047572453,813350047588964,16511
269,client_registered,1466,813350047962089,813350047977974,15885
269,client_entry,1466,813350047672609,813350047986724,314115
269,client_resolved,1466,813350047778859,813350048001828,222969
269,client_send,1466,813350048021516,813350048030474,8958
269,client_reply,1466,813350048450734,813350048478911,28177
269,client_resume,1466,813350048634901,813350048651776,16875
270,client_registered,1466,813350048888286,813350048899172,10886
270,client_entry,1466,813350048713547,813350048910995,197448
270,client_resolved,1466,813350048818339,813350048919224,100885
270,client_send,1466,813350048938391,813350048944536,6145
270,client_reply,1466,813350049515578,813350049534693,19115
270,client_resume,1466,813350049687557,813350049708130,20573
271,client_registered,1466,813350050003286,813350050013807,10521
271,client_entry,1466,813350049779745,813350050022245,242500
271,client_resolved,1466,813350049917974,813350050035682,117708
271,client_send,1466,813350050058964,813350050065630,6666
271,client_reply,1466,813350050818391,813350050846047,27656
271,client_resume,1466,813350051282245,813350051296151,13906
272,client_registered,1466,813350051698026,813350051725109,27083
272,client_entry,1466,813350051366568,813350051733339,366771
272,client_resolved,1466,813350051634276,813350051739901,105625
272,client_send,1466,813350051762193,813350051774328,12135
272,client_reply,1466,813350055054849,813350055082505,27656
272,client_resume,1466,813350055265578,813350055286359,20781
273,client_registered,1466,813350055563807,813350055578443,14636
273,client_entry,1466,813350055353807,813350055595266,241459
273,client_resolved,1466,813350055494589,813350055604745,110156
273,client_send,1466,813350055628078,813350055634432,6354
273,client_reply,1466,813350057359276,813350057385057,25781
273,client_resume,1466,813350059032609,813350059052453,19844
274,client_registered,1466,813350059378859,813350059390682,11823
274,client_entry,1466,813350059139849,813350059412557,272708
274,client_resolved,1466,813350059297297,813350059419328,122031
274,client_send,1466,813350059440474,813350059445995,5521
274,client_reply,1466,813350060276724,813350060320161,43437
274,client_resume,1466,813350060492818,813350060511776,18958
275,client_registered,1466,813350060865630,813350060875526,9896
275,client_entry,1466,813350060611776,813350060885578,273802
275,client_resolved,1466,813350060756255,813350060892714,136459
275,client_send,1466,813350060915734,813350060921516,5782
275,client_reply,1466,813350061819745,813350061846464,26719
275,client_resume,1466,813350062061620,813350062075682,14062
276,client_registered,1466,813350062571099,813350062586411,15312
276,client_entry,1466,813350062155839,813350062596828,440989
276,client_resolved,1466,813350062496932,813350062623391,126459
276,client_send,1466,813350062646932,813350062653443,6511
276,client_reply,1466,813350063111932,813350063140891,28959
276,client_resume,1466,813350063371307,813350063390786,19479
277,client_registered,1466,813350063664797,813350063675057,10260
277,client_entry,1466,813350063466464,813350063685057,218593
277,client_resolved,1466,813350063593339,813350063691307,97968
277,client_send,1466,813350063710474,813350063716411,5937
277,client_reply,1466,813350064425682,813350064449849,24167
277,client_resume,1466,813350064601359,813350064624172,22813
278,client_registered,1466,813350064920630,813350064931568,10938
278,client_entry,1466,813350064714953,813350064939484,224531
278,client_resolved,1466,813350064832349,813350064953026,120677
278,client_send,1466,813350064972766,813350064995630,22864
278,client_reply,1466,813350065432141,813350065455891,23750
278,client_resume,1466,813350065627714,813350065644589,16875
279,client_registered,1466,813350065950526,813350065965839,15313
279,client_entry,1466,813350065715995,813350065977714,261719
279,client_resolved,1466,813350065874484,813350065986724,112240
279,client_send,1466,813350066010161,813350066015682,5521
279,client_reply,1466,813350066525161,813350066559953,34792
279,client_resume,1466,813350066726724,813350066748026,21302
280,client_registered,1466,813350067057089,813350067067766,10677
280,client_entry,1466,813350066839276,813350067076047,236771
280,client_resolved,1466,813350066970109,813350067085370,115261
280,client_send,1466,813350067108182,813350067115214,7032
280,client_reply,1466,813350067567297,813350067594745,27448
280,client_resume,1466,813350067804641,813350067834016,29375
281,client_registered,1466,813350068135422,813350068155630,20208
281,client_entry,1466,813350067905526,813350068165422,259896
281,client_resolved,1466,813350068030318,813350068170839,140521
281,client_send,1466,813350068188651,813350068200943,12292
281,client_reply,1466,813350068609484,813350068631359,21875
281,client_resume,1466,813350068801255,813350068817349,16094
282,client_registered,1466,813350069077609,813350069086620,9011
282,client_entry,1466,813350068877870,813350069093703,215833
282,client_resolved,1466,813350068999016,813350069099380,100364
282,client_send,1466,813350069119276,813350069124849,5573
282,client_reply,1466,813350069493443,813350069513807,20364
282,client_resume,1466,813350069677349,813350069695630,18281
283,client_registered,1466,813350069951255,813350069961151,9896
283,client_entry,1466,813350069764380,813350069968078,203698
283,client_resolved,1466,813350069887609,813350069973130,85521
283,client_send,1466,813350069994693,813350070005943,11250
283,client_reply,1466,813350070387714,813350070408234,20520
283,client_resume,1466,813350070578911,813350070595839,16928
284,client_registered,1466,813350070843964,813350070857609,13645
284,client_entry,1466,813350070654589,813350070868339,213750
284,client_resolved,1466,813350070782870,813350070873547,90677
284,client_send,1466,813350070895891,813350070901620,5729
284,client_reply,1466,813350071323078,813350071347766,24688
284,client_resume,1466,813350071509589,813350071526255,16666
285,client_registered,1466,813350071811047,813350071820422,9375
285,client_entry,1466,813350071593859,813350071827557,233698
285,client_resolved,1466,813350071736255,813350071833495,97240
285,client_send,1466,813350071857557,813350071863339,5782
285,client_reply,1466,813350072464745,813350072634641,169896
285,client_resume,1466,813350072807141,813350072825943,18802
286,client_registered,1466,813350073087974,813350073225214,137240
286,client_entry,1466,813350072887609,813350073247036,359427
286,client_resolved,1466,813350073008130,813350073253651,245521
286,client_send,1466,813350073282870,813350073290943,8073
286,client_reply,1466,813350073772349,813350073800526,28177
286,client_resume,1466,813350073995891,813350074025109,29218
287,client_registered,1466,813350074310526,813350074331620,21094
287,client_entry,1466,813350074084068,813350074339536,255468
287,client_resolved,1466,813350074238495,813350074346932,108437
287,client_send,1466,813350074377245,813350074382609,5364
287,client_reply,1466,813350074895630,813350074936203,40573
287,client_resume,1466,813350075087609,813350075110786,23177
288,client_registered,1466,813350075332557,813350075342870,10313
288,client_entry,1466,813350075169380,813350075353911,184531
288,client_resolved,1466,813350075279224,813350075360318,81094
288,client_send,1466,813350075383651,813350075390682,7031
288,client_reply,1466,813350075925318,813350075950578,25260
288,client_resume,1466,813350076131307,813350076144432,13125
289,client_registered,1466,813350076596359,813350076610214,13855
289,client_entry,1466,813350076191255,813350076618599,427344
289,client_resolved,1466,813350076517141,813350076624484,107343
289,client_send,1466,813350076645266,813350076651203,5937
289,client_reply,1466,813350077392505,813350077421151,28646
289,client_resume,1466,813350077619380,813350077642870,23490
290,client_registered,1466,813350077906932,813350077924641,17709
290,client_entry,1466,813350077705005,813350077933755,228750
290,client_resolved,1466,813350077847141,813350077939224,92083
290,client_send,1466,813350077960266,813350077966568,6302
290,client_reply,1466,813350078612922,813350078639224,26302
290,client_resume,1466,813350078789536,813350078814120,24584
291,client_registered,1466,813350079085682,813350079101203,15521
291,client_entry,1466,813350078880161,813350079110266,230105
291,client_resolved,1466,813350079007818,813350079116880,109062
291,client_send,1466,813350079144016,813350079153859,9843
291,client_reply,1466,813350079601099,813350079628182,27083
291,client_resume,1466,813350079782818,813350079811724,28906
292,client_registered,1466,813350080069536,813350080084328,14792
292,client_entry,1466,813350079882714,813350080124068,241354
292,client_resolved,1466,813350080009120,813350080131984,122864
292,client_send,1466,813350080158651,813350080167609,8958
292,client_reply,1466,813350080621516,813350080648339,26823
292,client_resume,1466,813350080788391,813350080811672,23281
293,client_registered,1466,813350081063026,813350081086620,23594
293,client_entry,1466,813350080882297,813350081095734,213437
293,client_resolved,1466,813350081003703,813350081101151,97448
293,client_send,1466,813350081125109,813350081131984,6875
293,client_reply,1466,813350081543078,813350081569641,26563
293,client_resume,1466,813350081702193,813350081722557,20364
294,client_registered,1466,813350081978130,813350081994068,15938
294,client_entry,1466,813350081792557,813350082002974,210417
294,client_resolved,1466,813350081916568,813350082008495,91927
294,client_send,1466,813350082029693,813350082036307,6614
294,client_reply,1466,813350082443391,813350082470109,26718
294,client_resume,1466,813350082600161,813350082620526,20365
295,client_registered,1466,813350082874328,813350082889484,15156
295,client_entry,1466,813350082689536,813350082910318,220782
295,client_resolved,1466,813350082816516,813350082917974,101458
295,client_send,1466,813350082943495,813350082951255,7760
295,client_reply,1466,813350083348651,813350083373755,25104
295,client_resume,1466,813350083510839,813350083532401,21562
296,client_registered,1466,813350083778391,813350083791307,12916
296,client_entry,1466,813350083602974,813350083799484,196510
296,client_resolved,1466,813350083722089,813350083804797,82708
296,client_send,1466,813350083825526,813350083831672,6146
296,client_reply,1466,813350084249380,813350084275109,25729
296,client_resume,1466,813350084448599,813350084465839,17240
297,client_registered,1466,813350084706203,813350084723495,17292
297,client_entry,1466,813350084527870,813350084732141,204271
297,client_resolved,1466,813350084643911,813350084750266,106355
297,client_send,1466,813350084772401,813350084779276,6875
297,client_reply,1466,813350085614120,813350085638703,24583
297,client_resume,1466,813350085779797,813350085795630,15833
298,client_registered,1466,813350086029328,813350086039797,10469
298,client_entry,1466,813350085849849,813350086051724,201875
298,client_resolved,1466,813350085978911,813350086058130,79219
298,client_send,1466,813350086078547,813350086085266,6719
298,client_reply,1466,813350086532661,813350086552661,20000
298,client_resume,1466,813350086702974,813350086724745,21771
299,client_registered,1466,813350086958651,813350086971151,12500
299,client_entry,1466,813350086784016,813350086979589,195573
299,client_resolved,1466,813350086904953,813350086985214,80261
299,client_send,1466,813350087009745,813350087036464,26719
299,client_reply,1466,813350087480682,813350087506359,25677
299,client_resume,1466,813350087653547,813350087681359,27812
300,client_registered,1466,813350087933182,813350087945266,12084
300,client_entry,1466,813350087748547,813350087954849,206302
300,client_resolved,1466,813350087877141,813350087960422,83281
300,client_send,1466,813350087983964,813350087990318,6354
300,client_reply,1466,813350088436880,813350088470734,33854
300,client_resume,1466,813350088594224,813350088615057,20833
301,client_registered,1466,813350088847453,813350088859849,12396
301,client_entry,1466,813350088678234,813350088873339,195105
301,client_resolved,1466,813350088792245,813350088879589,87344
301,client_send,1466,813350088902036,813350088909120,7084
301,client_reply,1466,813350089305891,813350089332036,26145
301,client_resume,1466,813350089453807,813350089483286,29479
302,client_registered,1466,813350089722089,813350089740786,18697
302,client_entry,1466,813350089548339,813350089751880,203541
302,client_resolved,1466,813350089660943,813350089757349,96406
302,client_send,1466,813350089778807,813350089784953,6146
302,client_reply,1466,813350090165109,813350090190526,25417
302,client_resume,1466,813350090310786,813350090332036,21250
303,client_registered,1466,813350090558651,813350090571359,12708
303,client_entry,1466,813350090394120,813350090579432,185312
303,client_resolved,1466,813350090505057,813350090585630,80573
303,client_send,1466,813350090606984,813350090613182,6198
303,client_reply,1466,813350090983234,813350091007141,23907
303,client_resume,1466,813350091128443,813350091148964,20521
304,client_registered,1466,813350091388443,813350091403026,14583
304,client_entry,1466,813350091210734,813350091411672,200938
304,client_resolved,1466,813350091335005,813350091417141,82136
304,client_send,1466,813350091438547,813350091444536,5989
304,client_reply,1466,813350091873859,813350091898391,24532
304,client_resume,1466,813350092009120,813350092029849,20729
305,client_registered,1466,813350092290318,813350092306099,15781
305,client_entry,1466,813350092122349,813350092316984,194635
305,client_resolved,1466,813350092231099,813350092322505,91406
305,client_send,1466,813350092343547,813350092350630,7083
305,client_reply,1466,813350092759588,813350092785578,25990
305,client_resume,1466,813350092905422,813350092925995,20573
306,client_registered,1466,813350093179276,813350093192661,13385
306,client_entry,1466,813350092991099,813350093202193,211094
306,client_resolved,1466,813350093116203,813350093208130,91927
306,client_send,1466,813350093228703,813350093236151,7448
306,client_reply,1466,813350093637818,813350093664328,26510
306,client_resume,1466,813350093787557,813350093806620,19063
307,client_registered,1466,813350094029641,813350094042713,13072
307,client_entry,1466,813350093871255,813350094051463,180208
307,client_resolved,1466,813350093980682,813350094057141,76459
307,client_send,1466,813350094078547,813350094084953,6406
307,client_reply,1466,813350094467401,813350094492505,25104
307,client_resume,1466,813350094615213,813350094634016,18803
308,client_registered,1466,813350094866932,813350094880318,13386
308,client_entry,1466,813350094694328,813350094889224,194896
308,client_resolved,1466,813350094802557,813350094895266,92709
308,client_send,1466,813350094916984,813350094922505,5521
308,client_reply,1466,813350095324588,813350095350005,25417
308,client_resume,1466,813350095470943,813350095489849,18906
309,client_registered,1466,813350095715057,813350095727401,12344
309,client_entry,1466,813350095552401,813350095736984,184583
309,client_resolved,1466,813350095661724,813350095742453,80729
309,client_send,1466,813350095762818,813350095769328,6510
309,client_reply,1466,813350096166880,813350096192245,25365
309,client_resume,1466,813350096315005,813350096334641,19636
310,client_registered,1466,813350096562453,813350096573443,10990
310,client_entry,1466,813350096396359,813350096584016,187657
310,client_resolved,1466,813350096504068,813350096591203,87135
310,client_send,1466,813350096613599,813350096620943,7344
310,client_reply,1466,813350097087661,813350097112609,24948
310,client_resume,1466,813350097245213,813350097267766,22553
311,client_registered,1466,813350097508599,813350097523703,15104
311,client_entry,1466,813350097331203,813350097536672,205469
311,client_resolved,1466,813350097452766,813350097543755,90989
311,client_send,1466,813350097570005,813350097578026,8021
311,client_reply,1466,813350098057818,813350098081828,24010
311,client_resume,1466,813350098211776,813350098229849,18073
312,client_registered,1466,813350098435213,813350098453234,18021
312,client_entry,1466,813350098286151,813350098460995,174844
312,client_resolved,1466,813350098386307,813350098465943,79636
312,client_send,1466,813350098487766,813350098496880,9114
312,client_reply,1466,813350098939172,813350098965005,25833
312,client_resume,1466,813350099107193,813350099124901,17708
313,client_registered,1466,813350099356620,813350099372557,15937
313,client_entry,1466,813350099194224,813350099382349,188125
313,client_resolved,1466,813350099302245,813350099387713,85468
313,client_send,1466,813350099408078,813350099414276,6198
313,client_reply,1466,813350099893182,813350099914693,21511
313,client_resume,1466,813350100087818,813350100174068,86250
314,client_registered,1466,813350100413547,813350100430630,17083
314,client_entry,1466,813350100243807,813350100461151,217344
314,client_resolved,1466,813350100357245,813350100470005,112760
314,client_send,1466,813350100496359,813350100506151,9792
314,client_reply,1466,813350100923703,813350100944328,20625
314,client_resume,1466,813350101129484,813350101149588,20104
315,client_registered,1466,813350101362609,813350101376359,13750
315,client_entry,1466,813350101204953,813350101385786,180833
315,client_resolved,1466,813350101313130,813350101391463,78333
315,client_send,1466,813350101411984,813350101421776,9792
315,client_reply,1466,813350101907453,813350101933443,25990
315,client_resume,1466,813350102059588,813350102084797,25209
316,client_registered,1466,813350102300422,813350102315630,15208
316,client_entry,1466,813350102143078,813350102325318,182240
316,client_resolved,1466,813350102253495,813350102339016,85521
316,client_send,1466,813350102360943,813350102368130,7187
316,client_reply,1466,813350102790057,813350102808599,18542
316,client_resume,1466,813350102919224,813350102941776,22552
317,client_registered,1466,813350103153182,813350103166516,13334
317,client_entry,1466,813350102998338,813350103181359,183021
317,client_resolved,1466,813350103106047,813350103188026,81979
317,client_send,1466,813350103211568,813350103220318,8750
317,client_reply,1466,813350103653599,813350103672505,18906
317,client_resume,1466,813350103784224,813350103807818,23594
318,client_registered,1466,813350104017141,813350104030266,13125
318,client_entry,1466,813350103863911,813350104043859,179948
318,client_resolved,1466,813350103971203,813350104050474,79271
318,client_send,1466,813350104073547,813350104113495,39948
318,client_reply,1466,813350104522974,813350104541724,18750
318,client_resume,1466,813350104656047,813350104679797,23750
319,client_registered,1466,813350104890786,813350104904901,14115
319,client_entry,1466,813350104735161,813350104915474,180313
319,client_resolved,1466,813350104844432,813350104924849,80417
319,client_send,1466,813350104947401,813350104956724,9323
319,client_reply,1466,813350105383807,813350105408599,24792
319,client_resume,1466,813350105551151,813350105572818,21667
320,client_registered,1466,813350105780005,813350105795734,15729
320,client_entry,1466,813350105628130,813350105809536,181406
320,client_resolved,1466,813350105733755,813350105816359,82604
320,client_send,1466,813350105839432,813350105847245,7813
320,client_reply,1466,813350106278026,813350106297193,19167
320,client_resume,1466,813350106410161,813350106455838,45677
321,client_registered,1466,813350106663078,813350106676984,13906
321,client_entry,1466,813350106511672,813350106687505,175833
321,client_resolved,1466,813350106617453,813350106692609,75156
321,client_send,1466,813350106713443,813350106719276,5833
321,client_reply,1466,813350107135005,813350107153911,18906
321,client_resume,1466,813350107261099,813350107282193,21094
322,client_registered,1466,813350107552349,813350107568859,16510
322,client_entry,1466,813350107336047,813350107579276,243229
322,client_resolved,1466,813350107503286,813350107584641,81355
322,client_send,1466,813350107604953,813350107611516,6563
322,client_reply,1466,813350108058495,813350108077193,18698
322,client_resume,1466,813350108228026,813350108249484,21458
323,client_registered,1466,813350108550995,813350108567141,16146
323,client_entry,1466,813350108302870,813350108576307,273437
323,client_resolved,1466,813350108465109,813350108582505,117396
323,client_send,1466,813350108602505,813350108610318,7813
323,client_reply,1466,813350109315786,813350109340474,24688
323,client_resume,1466,813350109485891,813350109503443,17552
324,client_registered,1466,813350109718963,813350109732713,13750
324,client_entry,1466,813350109559380,813350109742401,183021
324,client_resolved,1466,813350109668078,813350109747818,79740
324,client_send,1466,813350109768130,813350109774536,6406
324,client_reply,1466,813350110209797,813350110233911,24114
324,client_resume,1466,813350110366463,813350110395161,28698
325,client_registered,1466,813350110636984,813350110650422,13438
325,client_entry,1466,813350110457193,813350110660161,202968
325,client_resolved,1466,813350110583078,813350110665318,82240
325,client_send,1466,813350110690266,813350110699953,9687
325,client_reply,1466,813350111136776,813350111168078,31302
325,client_resume,1466,813350111283391,813350111302766,19375
326,client_registered,1466,813350111507766,813350111519380,11614
326,client_entry,1466,813350111359745,813350111527922,168177
326,client_resolved,1466,813350111461984,813350111533234,71250
326,client_send,1466,813350111553338,813350111559797,6459
326,client_reply,1466,813350111964120,813350111987245,23125
326,client_resume,1466,813350112123338,813350112142922,19584
327,client_registered,1466,813350112354432,813350112370422,15990
327,client_entry,1466,813350112196463,813350112380266,183803
327,client_resolved,1466,813350112292401,813350112386203,93802
327,client_send,1466,813350112407401,813350112414224,6823
327,client_reply,1466,813350112806255,813350112829693,23438
327,client_resume,1466,813350112940526,813350112960891,20365
328,client_registered,1466,813350113157557,813350113168755,11198
328,client_entry,1466,813350113014849,813350113177974,163125
328,client_resolved,1466,813350113112818,813350113183078,70260
328,client_send,1466,813350113203026,813350113209380,6354
328,client_reply,1466,813350113617088,813350113640682,23594
328,client_resume,1466,813350113749224,813350113770422,21198
329,client_registered,1466,813350113979276,813350113991255,11979
329,client_entry,1466,813350113823807,813350114000266,176459
329,client_resolved,1466,813350113922193,813350114005474,83281
329,client_send,1466,813350114024797,813350114031099,6302
329,client_reply,1466,813350114440057,813350114462713,22656
329,client_resume,1466,813350114571307,813350114591672,20365
330,client_registered,1466,813350114782453,813350114793859,11406
330,client_entry,1466,813350114642557,813350114808495,165938
330,client_resolved,1466,813350114738703,813350114814641,75938
330,client_send,1466,813350114836307,813350114843911,7604
330,client_reply,1466,813350115264328,813350115287193,22865
330,client_resume,1466,813350115444953,813350115466724,21771
331,client_registered,1466,813350115671932,813350115702349,30417
331,client_entry,1466,813350115519328,813350115713547,194219
331,client_resolved,1466,813350115622141,813350115718911,96770
331,client_send,1466,813350115740318,813350115747661,7343
331,client_reply,1466,813350116150057,813350116171724,21667
331,client_resume,1466,813350116372505,813350116396568,24063
332,client_registered,1466,813350116601255,813350116613547,12292
332,client_entry,1466,813350116452661,813350116622661,170000
332,client_resolved,1466,813350116554693,813350116627922,73229
332,client_send,1466,813350116652505,813350116661880,9375
332,client_reply,1466,813350117074953,813350117094432,19479
332,client_resume,1466,813350117211255,813350117231828,20573
333,client_registered,1466,813350117424172,813350117436984,12812
333,client_entry,1466,813350117282349,813350117461307,178958
333,client_resolved,1466,813350117381099,813350117469432,88333
333,client_send,1466,813350117493963,813350117503026,9063
333,client_reply,1466,813350117903911,813350117925891,21980
333,client_resume,1466,813350118032870,813350118054120,21250
334,client_registered,1466,813350118247193,813350118264693,17500
334,client_entry,1466,813350118103130,813350118274224,171094
334,client_resolved,1466,813350118199693,813350118279693,80000
334,client_send,1466,813350118297766,813350118304328,6562
334,client_reply,1466,813350118701776,813350118725422,23646
334,client_resume,1466,813350118831776,813350118850526,18750
335,client_registered,1466,813350119039849,813350119052349,12500
335,client_entry,1466,813350118901776,813350119066672,164896
335,client_resolved,1466,813350118997557,813350119081828,84271
335,client_send,1466,813350119104641,813350119113182,8541
335,client_reply,1466,813350119499068,813350119520682,21614
335,client_resume,1466,813350119629536,813350119648547,19011
336,client_registered,1466,813350119840161,813350119850838,10677
336,client_entry,1466,813350119700370,813350119859172,158802
336,client_resolved,1466,813350119796047,813350119864588,68541
336,client_send,1466,813350119884328,813350119890526,6198
336,client_reply,1466,813350120380266,813350120404849,24583
336,client_resume,1466,813350120512401,813350120530474,18073
337,client_registered,1466,813350120717297,813350120728286,10989
337,client_entry,1466,813350120583182,813350120737401,154219
337,client_resolved,1466,813350120674745,813350120742713,67968
337,client_send,1466,813350120759536,813350120772661,13125
337,client_reply,1466,813350121172193,813350121192922,20729
337,client_resume,1466,813350121324380,813350121341568,17188
338,client_registered,1466,813350121537453,813350121549172,11719
338,client_entry,1466,813350121392193,813350121558495,166302
338,client_resolved,1466,813350121492505,813350121563651,71146
338,client_send,1466,813350121581880,813350121588182,6302
338,client_reply,1466,813350121983026,813350122018599,35573
338,client_resume,1466,813350122146568,813350122172453,25885
339,client_registered,1466,813350122380005,813350122393234,13229
339,client_entry,1466,813350122228495,813350122406463,177968
339,client_resolved,1466,813350122333130,813350122412766,79636
339,client_send,1466,813350122436516,813350122443807,7291
339,client_reply,1466,813350122865786,813350122890161,24375
339,client_resume,1466,813350123002349,813350123038391,36042
340,client_registered,1466,813350123258755,813350123274432,15677
340,client_entry,1466,813350123095005,813350123283807,188802
340,client_resolved,1466,813350123205422,813350123289484,84062
340,client_send,1466,813350123310786,813350123317401,6615
340,client_reply,1466,813350123783963,813350123805786,21823
340,client_resume,1466,813350123914068,813350123933807,19739
341,client_registered,1466,813350124175109,813350124191932,16823
341,client_entry,1466,813350123986359,813350124202349,215990
341,client_resolved,1466,813350124085943,813350124207713,121770
341,client_send,1466,813350124227505,813350124233703,6198
341,client_reply,1466,813350124711984,813350124735109,23125
341,client_resume,1466,813350124842453,813350124863651,21198
342,client_registered,1466,813350125066776,813350125080630,13854
342,client_entry,1466,813350124926620,813350125092401,165781
342,client_resolved,1466,813350125023599,813350125098182,74583
342,client_send,1466,813350125119797,813350125127401,7604
342,client_reply,1466,813350125519536,813350125541672,22136
342,client_resume,1466,813350125649588,813350125669641,20053
343,client_registered,1466,813350125869745,813350125885526,15781
343,client_entry,1466,813350125722661,813350125895161,172500
343,client_resolved,1466,813350125823026,813350125900370,77344
343,client_send,1466,813350125920474,813350125927193,6719
343,client_reply,1466,813350126324849,813350126347713,22864
343,client_resume,1466,813350126456828,813350126476568,19740
344,client_registered,1466,813350126681932,813350126696463,14531
344,client_entry,1466,813350126529745,813350126709849,180104
344,client_resolved,1466,813350126638078,813350126715526,77448
344,client_send,1466,813350126735734,813350126742505,6771
344,client_reply,1466,813350127131151,813350127155578,24427
344,client_resume,1466,813350127264745,813350127283963,19218
345,client_registered,1466,813350127483859,813350127502141,18282
345,client_entry,1466,813350127335943,813350127512609,176666
345,client_resolved,1466,813350127434953,813350127517661,82708
345,client_send,1466,813350127536984,813350127543234,6250
345,client_reply,1466,813350128083026,813350128125213,42187
345,client_resume,1466,813350128230526,813350128252818,22292
346,client_registered,1466,813350128452193,813350128462766,10573
346,client_entry,1466,813350128304536,813350128472088,167552
346,client_resolved,1466,813350128399328,813350128477922,78594
346,client_send,1466,813350128497557,813350128503547,5990
346,client_reply,1466,813350128924953,813350128948963,24010
346,client_resume,1466,813350129053391,813350129072401,19010
347,client_registered,1466,813350129257245,813350129267922,10677
347,client_entry,1466,813350129122401,813350129276307,153906
347,client_resolved,1466,813350129214484,813350129281724,67240
347,client_send,1466,813350129306151,813350129315526,9375
347,client_reply,1466,813350129702661,813350129725422,22761
347,client_resume,1466,813350129832870,813350129852453,19583
348,client_registered,1466,813350130057818,813350130068391,10573
348,client_entry,1466,813350129905891,813350130079588,173697
348,client_resolved,1466,813350130001516,813350130085682,84166
348,client_send,1466,813350130105838,813350130122088,16250
348,client_reply,1466,813350130518443,813350130540786,22343
348,client_resume,1466,813350130649120,813350130669172,20052
349,client_registered,1466,813350130867401,813350130883443,16042
349,client_entry,1466,813350130722349,813350130893443,171094
349,client_resolved,1466,813350130818026,813350130899120,81094
349,client_send,1466,813350130918286,813350130925786,7500
349,client_reply,1466,813350131320526,813350131343182,22656
349,client_resume,1466,813350131510474,813350131531099,20625
350,client_registered,1466,813350131742713,813350131756776,14063
350,client_entry,1466,813350131587609,813350131767245,179636
350,client_resolved,1466,813350131696047,813350131772609,76562
350,client_send,1466,813350131795161,813350131802766,7605
350,client_reply,1466,813350132255891,813350132275891,20000
350,client_resume,1466,813350132430318,813350132463651,33333
351,client_registered,1466,813350132660630,813350132675838,15208
351,client_entry,1466,813350132516828,813350132685526,168698
351,client_resolved,1466,813350132617818,813350132690891,73073
351,client_send,1466,813350132711516,813350132718495,6979
351,client_reply,1466,813350133167818,813350133198651,30833
351,client_resume,1466,813350133308078,813350133327922,19844
352,client_registered,1466,813350133545161,813350133558911,13750
352,client_entry,1466,813350133377974,813350133572349,194375
352,client_resolved,1466,813350133502870,813350133578651,75781
352,client_send,1466,813350133599588,813350133607141,7553
352,client_reply,1466,813350134043286,813350134065995,22709
352,client_resume,1466,813350134210578,813350134231568,20990
353,client_registered,1466,813350134457036,813350134469328,12292
353,client_entry,1466,813350134288963,813350134478547,189584
353,client_resolved,1466,813350134411672,813350134483703,72031
353,client_send,1466,813350134504016,813350134510526,6510
353,client_reply,1466,813350134912818,813350134935943,23125
353,client_resume,1466,813350135045578,813350135064901,19323
354,client_registered,1466,813350135273391,813350135286568,13177
354,client_entry,1466,813350135120474,813350135302088,181614
354,client_resolved,1466,813350135227818,813350135309016,81198
354,client_send,1466,813350135334745,813350135344536,9791
354,client_reply,1466,813350135763182,813350135785734,22552
354,client_resume,1466,813350135892036,813350135912922,20886
355,client_registered,1466,813350136163391,813350136179588,16197
355,client_entry,1466,813350135965995,813350136192193,226198
355,client_resolved,1466,813350136075109,813350136198911,123802
355,client_send,1466,813350136220422,813350136228078,7656
355,client_reply,1466,813350136627818,813350136652297,24479
355,client_resume,1466,813350136764276,813350136784484,20208
356,client_registered,1466,813350136993078,813350137011724,18646
356,client_entry,1466,813350136841151,813350137025318,184167
356,client_resolved,1466,813350136945213,813350137035630,90417
356,client_send,1466,813350137057974,813350137065526,7552
356,client_reply,1466,813350137460370,813350137482974,22604
356,client_resume,1466,813350137593859,813350137613234,19375
357,client_registered,1466,813350137826203,813350137844588,18385
357,client_entry,1466,813350137667088,813350137856359,189271
357,client_resolved,1466,813350137765891,813350137861932,96041
357,client_send,1466,813350137883026,813350137889849,6823
357,client_reply,1466,813350138304641,813350138327036,22395
357,client_resume,1466,813350138434901,813350138454016,19115
358,client_registered,1466,813350138650578,813350138664432,13854
358,client_entry,1466,813350138507193,813350138679484,172291
358,client_resolved,1466,813350138607036,813350138688078,81042
358,client_send,1466,813350138710578,813350138719224,8646
358,client_reply,1466,813350139141828,813350139164641,22813
358,client_resume,1466,813350139272870,813350139294016,21146
359,client_registered,1466,813350139563443,813350139583130,19687
359,client_entry,1466,813350139358495,813350139595161,236666
359,client_resolved,1466,813350139504693,813350139600995,96302
359,client_send,1466,813350139621151,813350139628182,7031
359,client_reply,1466,813350140028234,813350140050474,22240
359,client_resume,1466,813350140192609,813350140212036,19427
360,client_registered,1466,813350140405266,813350140419953,14687
360,client_entry,1466,813350140263599,813350140430734,167135
360,client_resolved,1466,813350140361516,813350140436880,75364
360,client_send,1466,813350140455578,813350140465057,9479
360,client_reply,1466,813350140914380,813350140938911,24531
360,client_resume,1466,813350141052453,813350141074484,22031
361,client_registered,1466,813350141330057,813350141352713,22656
361,client_entry,1466,813350141171568,813350141362974,191406
361,client_resolved,1466,813350141285005,813350141371307,86302
361,client_send,1466,813350141393755,813350141401568,7813
361,client_reply,1466,813350141874224,813350141898651,24427
361,client_resume,1466,813350142051099,813350142069484,18385
362,client_registered,1466,813350142292713,813350142312245,19532
362,client_entry,1466,813350142128182,813350142325422,197240
362,client_resolved,1466,813350142242453,813350142331359,88906
362,client_send,1466,813350142355213,813350142362505,7292
362,client_reply,1466,813350142859588,813350142887453,27865
362,client_resume,1466,813350143008755,813350143030995,22240
363,client_registered,1466,813350143239953,813350143255213,15260
363,client_entry,1466,813350143087401,813350143278963,191562
363,client_resolved,1466,813350143194276,813350143286776,92500
363,client_send,1466,813350143311568,813350143322349,10781
363,client_reply,1466,813350143796880,813350143822245,25365
363,client_resume,1466,813350143938338,813350143959641,21303
364,client_registered,1466,813350144199120,813350144218026,18906
364,client_entry,1466,813350144013755,813350144230422,216667
364,client_resolved,1466,813350144149068,813350144236880,87812
364,client_send,1466,813350144261151,813350144268495,7344
364,client_reply,1466,813350144732870,813350144766568,33698
364,client_resume,1466,813350144881151,813350144900474,19323
365,client_registered,1466,813350145114797,813350145130213,15416
365,client_entry,1466,813350144953911,813350145142766,188855
365,client_resolved,1466,813350145064120,813350145159016,94896
365,client_send,1466,813350145181828,813350145189484,7656
365,client_reply,1466,813350145617088,813350145641307,24219
365,client_resume,1466,813350145755995,813350145777141,21146
366,client_registered,1466,813350145986984,813350146005786,18802
366,client_entry,1466,813350145832505,813350146017609,185104
366,client_resolved,1466,813350145935213,813350146023651,88438
366,client_send,1466,813350146045995,813350146054276,8281
366,client_reply,1466,813350146481203,813350146506880,25677
366,client_resume,1466,813350146620943,813350146642609,21666
367,client_registered,1466,813350146838234,813350146852036,13802
367,client_entry,1466,813350146692609,813350146862088,169479
367,client_resolved,1466,813350146793443,813350146867401,73958
367,client_send,1466,813350146888651,813350146905682,17031
367,client_reply,1466,813350147380891,813350147407036,26145
367,client_resume,1466,813350147531099,813350147553130,22031
368,client_registered,1466,813350147749068,813350147763859,14791
368,client_entry,1466,813350147603963,813350147774901,170938
368,client_resolved,1466,813350147704849,813350147779953,75104
368,client_send,1466,813350147799068,813350147807401,8333
368,client_reply,1466,813350148256932,813350148281984,25052
368,client_resume,1466,813350148390266,813350148410422,20156
369,client_registered,1466,813350148613234,813350148627766,14532
369,client_entry,1466,813350148468391,813350148637870,169479
369,client_resolved,1466,813350148568338,813350148643495,75157
369,client_send,1466,813350148664432,813350148674901,10469
369,client_reply,1466,813350149100266,813350149121516,21250
369,client_resume,1466,813350149229849,813350149259120,29271
370,client_registered,1466,813350149461672,813350149481359,19687
370,client_entry,1466,813350149317036,813350149491776,174740
370,client_resolved,1466,813350149417349,813350149499224,81875
370,client_send,1466,813350149521932,813350149538755,16823
370,client_reply,1466,813350149933599,813350149954120,20521
370,client_resume,1466,813350150067557,813350150086828,19271
371,client_registered,1466,813350150297453,813350150315057,17604
371,client_entry,1466,813350150142297,813350150328338,186041
371,client_resolved,1466,813350150249588,813350150334276,84688
371,client_send,1466,813350150355370,813350150363807,8437
371,client_reply,1466,813350150764068,813350150784901,20833
371,client_resume,1466,813350150890995,813350150909797,18802
372,client_registered,1466,813350151130370,813350151149588,19218
372,client_entry,1466,813350150971620,813350151164016,192396
372,client_resolved,1466,813350151084693,813350151169901,85208
372,client_send,1466,813350151190109,813350151197297,7188
372,client_reply,1466,813350151597557,813350151619641,22084
372,client_resume,1466,813350151730891,813350151750630,19739
373,client_registered,1466,813350151954432,813350151970891,16459
373,client_entry,1466,813350151802297,813350151987818,185521
373,client_resolved,1466,813350151909693,813350151995370,85677
373,client_send,1466,813350152015891,813350152023963,8072
373,client_reply,1466,813350152440578,813350152461620,21042
373,client_resume,1466,813350152569536,813350152589536,20000
374,client_registered,1466,813350152809953,813350152830370,20417
374,client_entry,1466,813350152644641,813350152842245,197604
374,client_resolved,1466,813350152763286,813350152849328,86042
374,client_send,1466,813350152870057,813350152877870,7813
374,client_reply,1466,813350153270891,813350153293651,22760
374,client_resume,1466,813350153405734,813350153426880,21146
375,client_registered,1466,813350153626776,813350153643443,16667
375,client_entry,1466,813350153479328,813350153654641,175313
375,client_resolved,1466,813350153579224,813350153660526,81302
375,client_send,1466,813350153681151,813350153689120,7969
375,client_reply,1466,813350154079484,813350154100213,20729
375,client_resume,1466,813350154209328,813350154228495,19167
376,client_registered,1466,813350154445005,813350154463755,18750
376,client_entry,1466,813350154280213,813350154476828,196615
376,client_resolved,1466,813350154386880,813350154482818,95938
376,client_send,1466,813350154504276,813350154511568,7292
376,client_reply,1466,813350154927557,813350154948911,21354
376,client_resume,1466,813350155068078,813350155089172,21094
377,client_registered,1466,813350155294797,813350155312661,17864
377,client_entry,1466,813350155140891,813350155326880,185989
377,client_resolved,1466,813350155248338,813350155332557,84219
377,client_send,1466,813350155352974,813350155359849,6875
377,client_reply,1466,813350155888963,813350155915682,26719
377,client_resume,1466,813350156054745,813350156078495,23750
378,client_registered,1466,813350156392557,813350156414120,21563
378,client_entry,1466,813350156178391,813350156429328,250937
378,client_resolved,1466,813350156314588,813350156436932,122344
378,client_send,1466,813350156464849,813350156476099,11250
378,client_reply,1466,813350157016151,813350157043963,27812
378,client_resume,1466,813350157189588,813350157218130,28542
379,client_registered,1466,813350157640734,813350157664901,24167
379,client_entry,1466,813350157299953,813350157677193,377240
379,client_resolved,1466,813350157577141,813350157683338,106197
379,client_send,1466,813350157709641,813350157715891,6250
379,client_reply,1466,813350158268651,813350158298391,29740
379,client_resume,1466,813350158452453,813350158478338,25885
380,client_registered,1466,813350158782193,813350158804016,21823
380,client_entry,1466,813350158553963,813350158816828,262865
380,client_resolved,1466,813350158701672,813350158824172,122500
380,client_send,1466,813350158849745,813350158858078,8333
380,client_reply,1466,813350159381776,813350159410422,28646
380,client_resume,1466,813350159551932,813350159578130,26198
381,client_registered,1466,813350159850943,813350159870422,19479
381,client_entry,1466,813350159654380,813350159882818,228438
381,client_resolved,1466,813350159788443,813350159889953,101510
381,client_send,1466,813350159914380,813350159922245,7865
381,client_reply,1466,813350160454484,813350160481568,27084
381,client_resume,1466,813350160623755,813350160651359,27604
382,client_registered,1466,813350160939588,813350160972661,33073
382,client_entry,1466,813350160723338,813350160985786,262448
382,client_resolved,1466,813350160877766,813350160993234,115468
382,client_send,1466,813350161024953,813350161037036,12083
382,client_reply,1466,813350161516151,813350161542297,26146
382,client_resume,1466,813350161687245,813350161711932,24687
383,client_registered,1466,813350161980057,813350161997974,17917
383,client_entry,1466,813350161785526,813350162010943,225417
383,client_resolved,1466,813350161918807,813350162023495,104688
383,client_send,1466,813350162053495,813350162065734,12239
383,client_reply,1466,813350162551463,813350162577922,26459
383,client_resume,1466,813350162723130,813350162748078,24948
384,client_registered,1466,813350163007922,813350163027141,19219
384,client_entry,1466,813350162817766,813350163053495,235729
384,client_resolved,1466,813350162947349,813350163062713,115364
384,client_send,1466,813350163090057,813350163099536,9479
384,client_reply,1466,813350163660161,813350163694641,34480
384,client_resume,1466,813350163870213,813350163896307,26094
385,client_registered,1466,813350164269849,813350164290786,20937
385,client_entry,1466,813350163977245,813350164306255,329010
385,client_resolved,1466,813350164185526,813350164313859,128333
385,client_send,1466,813350164340682,813350164349484,8802
385,client_reply,1466,813350164886932,813350164919016,32084
385,client_resume,1466,813350165076203,813350165102036,25833
386,client_registered,1466,813350165391463,813350165413703,22240
386,client_entry,1466,813350165179849,813350165432713,252864
386,client_resolved,1466,813350165326620,813350165451932,125312
386,client_send,1466,813350165485213,813350165496099,10886
386,client_reply,1466,813350166023130,813350166054641,31511
386,client_resume,1466,813350166212141,813350166235630,23489
387,client_registered,1466,813350166511203,813350166529693,18490
387,client_entry,1466,813350166306047,813350166546620,240573
387,client_resolved,1466,813350166447818,813350166554849,107031
387,client_send,1466,813350166582036,813350166591203,9167
387,client_reply,1466,813350167172453,813350167206255,33802
387,client_resume,1466,813350167371203,813350167398338,27135
388,client_registered,1466,813350167676151,813350167696516,20365
388,client_entry,1466,813350167470109,813350167715578,245469
388,client_resolved,1466,813350167611828,813350167724224,112396
388,client_send,1466,813350167752870,813350167775630,22760
388,client_reply,1466,813350168374536,813350168405005,30469
388,client_resume,1466,813350168564484,813350168589536,25052
389,client_registered,1466,813350168808443,813350168826568,18125
389,client_entry,1466,813350168654484,813350168842036,187552
389,client_resolved,1466,813350168762818,813350168848651,85833
389,client_send,1466,813350168870213,813350168877922,7709
389,client_reply,1466,813350169294380,813350169336880,42500
389,client_resume,1466,813350169453599,813350169470682,17083
390,client_registered,1466,813350169689536,813350169718911,29375
390,client_entry,1466,813350169526880,813350169728338,201458
390,client_resolved,1466,813350169640943,813350169733703,92760
390,client_send,1466,813350169757713,813350169764953,7240
390,client_reply,1466,813350170185578,813350170210526,24948
390,client_resume,1466,813350170326099,813350170358755,32656
391,client_registered,1466,813350170579016,813350170598443,19427
391,client_entry,1466,813350170414745,813350170610995,196250
391,client_resolved,1466,813350170530995,813350170617453,86458
391,client_send,1466,813350170639432,813350170647245,7813
391,client_reply,1466,813350171066463,813350171090318,23855
391,client_resume,1466,813350171209328,813350171231776,22448
392,client_registered,1466,813350171459953,813350171481047,21094
392,client_entry,1466,813350171287661,813350171492818,205157
392,client_resolved,1466,813350171408026,813350171504745,96719
392,client_send,1466,813350171528651,813350171536151,7500
392,client_reply,1466,813350172014849,813350172045318,30469
392,client_resume,1466,813350172234380,813350172257713,23333
393,client_registered,1466,813350172517661,813350172537609,19948
393,client_entry,1466,813350172323807,813350172552141,228334
393,client_resolved,1466,813350172463286,813350172560161,96875
393,client_send,1466,813350172583755,813350172592349,8594
393,client_reply,1466,813350173064224,813350173090474,26250
393,client_resume,1466,813350173226724,813350173247557,20833
394,client_registered,1466,813350173483130,813350173501359,18229
394,client_entry,1466,813350173306880,813350173514901,208021
394,client_resolved,1466,813350173428755,813350173521984,93229
394,client_send,1466,813350173543651,813350173551099,7448
394,client_reply,1466,813350174005995,813350174030630,24635
394,client_resume,1466,813350174160995,813350174182557,21562
395,client_registered,1466,813350174427766,813350174444484,16718
395,client_entry,1466,813350174243807,813350174455213,211406
395,client_resolved,1466,813350174373443,813350174461568,88125
395,client_send,1466,813350174489693,813350174499536,9843
395,client_reply,1466,813350174930370,813350174954536,24166
395,client_resume,1466,813350175086516,813350175107036,20520
396,client_registered,1466,813350175341411,813350175357713,16302
396,client_entry,1466,813350175168599,813350175369693,201094
396,client_resolved,1466,813350175287870,813350175375734,87864
396,client_send,1466,813350175397349,813350175404901,7552
396,client_reply,1466,813350175830995,813350175853078,22083
396,client_resume,1466,813350176046151,813350176072141,25990
397,client_registered,1466,813350176387818,813350176407766,19948
397,client_entry,1466,813350176173286,813350176421047,247761
397,client_resolved,1466,813350176305370,813350176427870,122500
397,client_send,1466,813350176455786,813350176463963,8177
397,client_reply,1466,813350176997193,813350177024693,27500
397,client_resume,1466,813350177152922,813350177173078,20156
398,client_registered,1466,813350177414693,813350177433547,18854
398,client_entry,1466,813350177232245,813350177446203,213958
398,client_resolved,1466,813350177357974,813350177453286,95312
398,client_send,1466,813350177477141,813350177485891,8750
398,client_reply,1466,813350177941099,813350177966047,24948
398,client_resume,1466,813350178091307,813350178123130,31823
399,client_registered,1466,813350178368026,813350178386620,18594
399,client_entry,1466,813350178184120,813350178402713,218593
399,client_resolved,1466,813350178298703,813350178409536,110833
399,client_send,1466,813350178434224,813350178442661,8437
399,client_reply,1466,813350178876047,813350178899641,23594
399,client_resume,1466,813350179032453,813350179055370,22917
400,client_registered,1466,813350179292193,813350179306516,14323
400,client_entry,1466,813350179116359,813350179323234,206875
400,client_resolved,1466,813350179239901,813350179330630,90729
400,client_send,1466,813350179356880,813350179365318,8438
400,client_reply,1466,813350179956724,813350179987922,31198
400,client_resume,1466,813350180151307,813350180176047,24740
401,client_registered,1466,813350180483338,813350180521359,38021
401,client_entry,1466,813350180252818,813350180537713,284895
401,client_resolved,1466,813350180407870,813350180546307,138437
401,client_send,1466,813350180576880,813350180587505,10625
401,client_reply,1466,813350181134797,813350181168234,33437
401,client_resume,1466,813350181329641,813350181356255,26614
402,client_registered,1466,813350181648026,813350181665370,17344
402,client_entry,1466,813350181433182,813350181677349,244167
402,client_resolved,1466,813350181577088,813350181685213,108125
402,client_send,1466,813350181712609,813350181721516,8907
402,client_reply,1466,813350182300109,813350182345682,45573
402,client_resume,1466,813350182508078,813350182535474,27396
403,client_registered,1466,813350182836463,813350182858026,21563
403,client_entry,1466,813350182617870,813350182883859,265989
403,client_resolved,1466,813350182767141,813350182893599,126458
403,client_send,1466,813350182922141,813350182932141,10000
403,client_reply,1466,813350183465682,813350183495318,29636
403,client_resume,1466,813350183654276,813350183682245,27969
404,client_registered,1466,813350183988807,813350184011932,23125
404,client_entry,1466,813350183758911,813350184027870,268959
404,client_resolved,1466,813350183913391,813350184035891,122500
404,client_send,1466,813350184063338,813350184072349,9011
404,client_reply,1466,813350184683078,813350184712609,29531
404,client_resume,1466,813350184872870,813350184900109,27239
405,client_registered,1466,813350185209380,813350185234953,25573
405,client_entry,1466,813350184977922,813350185252245,274323
405,client_resolved,1466,813350185131307,813350185274276,142969
405,client_send,1466,813350185305266,813350185315005,9739
405,client_reply,1466,813350185865005,813350185893807,28802
405,client_resume,1466,813350186053078,813350186080891,27813
406,client_registered,1466,813350186390943,813350186414016,23073
406,client_entry,1466,813350186158286,813350186427505,269219
406,client_resolved,1466,813350186317766,813350186436620,118854
406,client_send,1466,813350186465161,813350186473807,8646
406,client_reply,1466,813350187006203,813350187109016,102813
406,client_resume,1466,813350187375995,813350187402557,26562
407,client_registered,1466,813350187726516,813350187747713,21197
407,client_entry,1466,813350187465786,813350187760995,295209
407,client_resolved,1466,813350187628130,813350187769484,141354
407,client_send,1466,813350187801932,813350187826516,24584
407,client_reply,1466,813350188506672,813350188543911,37239
407,client_resume,1466,813350188762193,813350188779588,17395
408,client_registered,1466,813350189068078,813350189090213,22135
408,client_entry,1466,813350188851880,813350189104745,252865
408,client_resolved,1466,813350189000005,813350189111984,111979
408,client_send,1466,813350189140370,813350189148026,7656
408,client_reply,1466,813350189737713,813350189770057,32344
408,client_resume,1466,813350189988078,813350190024849,36771
409,client_registered,1466,813350190347818,813350190371411,23593
409,client_entry,1466,813350190117245,813350190393182,275937
409,client_resolved,1466,813350190276880,813350190402609,125729
409,client_send,1466,813350190435630,813350190447088,11458
409,client_reply,1466,813350191050266,813350191077505,27239
409,client_resume,1466,813350191290370,813350191334536,44166
410,client_registered,1466,813350191632245,813350191657088,24843
410,client_entry,1466,813350191410891,813350191672557,261666
410,client_resolved,1466,813350191565526,813350191680734,115208
410,client_send,1466,813350191712818,813350191722766,9948
410,client_reply,1466,813350192313286,813350192342505,29219
410,client_resume,1466,813350192524328,813350192550109,25781
411,client_registered,1466,813350192849276,813350192870474,21198
411,client_entry,1466,813350192622661,813350192885005,262344
411,client_resolved,1466,813350192781672,813350192893859,112187
411,client_send,1466,813350192923182,813350192931984,8802
411,client_reply,1466,813350193468182,813350193501984,33802
411,client_resume,1466,813350193689172,813350193725005,35833
412,client_registered,1466,813350194060630,813350194086984,26354
412,client_entry,1466,813350193825370,813350194102193,276823
412,client_resolved,1466,813350193993599,813350194111516,117917
412,client_send,1466,813350194139536,813350194149536,10000
412,client_reply,1466,813350194692349,813350194722193,29844
412,client_resume,1466,813350194907557,813350194929693,22136
413,client_registered,1466,813350195204953,813350195230109,25156
413,client_entry,1466,813350194997297,813350195244901,247604
413,client_resolved,1466,813350195138755,813350195252557,113802
413,client_send,1466,813350195282974,813350195292401,9427
413,client_reply,1466,813350195929328,813350195962609,33281
413,client_resume,1466,813350196201516,813350196222193,20677
414,client_registered,1466,813350196540005,813350196562818,22813
414,client_entry,1466,813350196293078,813350196578495,285417
414,client_resolved,1466,813350196467141,813350196587036,119895
414,client_send,1466,813350196614901,813350196623651,8750
414,client_reply,1466,813350197172245,813350197202870,30625
414,client_resume,1466,813350197397557,813350197431984,34427
415,client_registered,1466,813350197727453,813350197745995,18542
415,client_entry,1466,813350197508286,813350197758547,250261
415,client_resolved,1466,813350197659745,813350197767505,107760
415,client_send,1466,813350197797818,813350197808547,10729
415,client_reply,1466,813350198385786,813350198431463,45677
415,client_resume,1466,813350198639328,813350198673755,34427
416,client_registered,1466,813350199001307,813350199029328,28021
416,client_entry,1466,813350198751411,813350199047766,296355
416,client_resolved,1466,813350198903547,813350199057870,154323
416,client_send,1466,813350199090318,813350199102766,12448
416,client_reply,1466,813350199668130,813350199699380,31250
416,client_resume,1466,813350199908651,813350199943391,34740
417,client_registered,1466,813350200305526,813350200333286,27760
417,client_entry,1466,813350200024745,813350200353130,328385
417,client_resolved,1466,813350200230786,813350200363495,132709
417,client_send,1466,813350200395370,813350200407401,12031
417,client_reply,1466,813350200952974,813350200979536,26562
417,client_resume,1466,813350201155057,813350201176516,21459
418,client_registered,1466,813350201483443,813350201507349,23906
418,client_entry,1466,813350201244797,813350201523130,278333
418,client_resolved,1466,813350201385630,813350201531411,145781
418,client_send,1466,813350201560370,813350201569068,8698
418,client_reply,1466,813350202062922,813350202090630,27708
418,client_resume,1466,813350202266463,813350202299224,32761
419,client_registered,1466,813350202584901,813350202610578,25677
419,client_entry,1466,813350202369641,813350202628338,258697
419,client_resolved,1466,813350202516568,813350202636568,120000
419,client_send,1466,813350202661880,813350202672036,10156
419,client_reply,1466,813350203352141,813350203381932,29791
419,client_resume,1466,813350203544380,813350203571672,27292
420,client_registered,1466,813350203834120,813350203882922,48802
420,client_entry,1466,813350203638443,813350203895734,257291
420,client_resolved,1466,813350203774120,813350203904745,130625
420,client_send,1466,813350203935630,813350203947766,12136
420,client_reply,1466,813350204501620,813350204527713,26093
420,client_resume,1466,813350204698963,813350204730213,31250
421,client_registered,1466,813350204997505,813350205019276,21771
421,client_entry,1466,813350204797974,813350205036672,238698
421,client_resolved,1466,813350204934016,813350205046151,112135
421,client_send,1466,813350205072297,813350205081568,9271
421,client_reply,1466,813350205542870,813350205568703,25833
421,client_resume,1466,813350205730422,813350205748807,18385
422,client_registered,1466,813350206000786,813350206031984,31198
422,client_entry,1466,813350205811672,813350206045578,233906
422,client_resolved,1466,813350205934641,813350206052713,118072
422,client_send,1466,813350206081463,813350206090734,9271
422,client_reply,1466,813350206539068,813350206566307,27239
422,client_resume,1466,813350206726776,813350206746463,19687
423,client_registered,1466,813350206991151,813350207009901,18750
423,client_entry,1466,813350206807870,813350207021307,213437
423,client_resolved,1466,813350206929745,813350207028651,98906
423,client_send,1466,813350207052818,813350207060786,7968
423,client_reply,1466,813350207503963,813350207530109,26146
423,client_resume,1466,813350207701411,813350207734172,32761
424,client_registered,1466,813350208012609,813350208038078,25469
424,client_entry,1466,813350207802245,813350208067609,265364
424,client_resolved,1466,813350207948599,813350208077974,129375
424,client_send,1466,813350208140370,813350208155734,15364
424,client_reply,1466,813350208663911,813350208692661,28750
424,client_resume,1466,813350208873599,813350208906568,32969
425,client_registered,1466,813350209164901,813350209184901,20000
425,client_entry,1466,813350208972609,813350209208651,236042
425,client_resolved,1466,813350209108078,813350209219120,111042
425,client_send,1466,813350209251099,813350209263651,12552
425,client_reply,1466,813350209770526,813350209795474,24948
425,client_resume,1466,813350209982974,813350210014068,31094
426,client_registered,1466,813350210277766,813350210296099,18333
426,client_entry,1466,813350210083443,813350210313338,229895
426,client_resolved,1466,813350210218130,813350210337141,119011
426,client_send,1466,813350210370370,813350210387557,17187
426,client_reply,1466,813350210875838,813350210904276,28438
426,client_resume,1466,813350211073911,813350211100682,26771
427,client_registered,1466,813350211372922,813350211395109,22187
427,client_entry,1466,813350211170370,813350211408495,238125
427,client_resolved,1466,813350211304901,813350211415891,110990
427,client_send,1466,813350211441672,813350211449641,7969
427,client_reply,1466,813350212004953,813350212034849,29896
427,client_resume,1466,813350212278703,813350212312036,33333
428,client_registered,1466,813350212604953,813350212631463,26510
428,client_entry,1466,813350212384068,813350212649745,265677
428,client_resolved,1466,813350212533547,813350212658651,125104
428,client_send,1466,813350212689432,813350212723026,33594
428,client_reply,1466,813350213263391,813350213302297,38906
428,client_resume,1466,813350213493911,813350213526203,32292
429,client_registered,1466,813350213797349,813350213819276,21927
429,client_entry,1466,813350213596203,813350213842297,246094
429,client_resolved,1466,813350213735474,813350213853651,118177
429,client_send,1466,813350213883026,813350213894328,11302
429,client_reply,1466,813350214410057,813350214437922,27865
429,client_resume,1466,813350214615422,813350214642870,27448
430,client_registered,1466,813350214924953,813350214946099,21146
430,client_entry,1466,813350214719380,813350214960422,241042
430,client_resolved,1466,813350214861776,813350214967870,106094
430,client_send,1466,813350214998547,813350215010266,11719
430,client_reply,1466,813350215544693,813350215575630,30937
430,client_resume,1466,813350215759276,813350215807297,48021
431,client_registered,1466,813350216089276,813350216157349,68073
431,client_entry,1466,813350215881359,813350216174328,292969
431,client_resolved,1466,813350216026776,813350216183234,156458
431,client_send,1466,813350216214588,813350216225578,10990
431,client_reply,1466,813350216739380,813350216768859,29479
431,client_resume,1466,813350216937088,813350216962713,25625
432,client_registered,1466,813350217238963,813350217261620,22657
432,client_entry,1466,813350217031516,813350217276932,245416
432,client_resolved,1466,813350217170786,813350217284536,113750
432,client_send,1466,813350217313703,813350217324328,10625
432,client_reply,1466,813350217845370,813350217874172,28802
432,client_resume,1466,813350218050891,813350218083391,32500
433,client_registered,1466,813350218389484,813350218412088,22604
433,client_entry,1466,813350218156672,813350218427349,270677
433,client_resolved,1466,813350218327453,813350218437453,110000
433,client_send,1466,813350218464849,813350218536776,71927
433,client_reply,1466,813350219047818,813350219075838,28020
433,client_resume,1466,813350219277245,813350219309016,31771
434,client_registered,1466,813350219660786,813350219686203,25417
434,client_entry,1466,813350219380474,813350219705109,324635
434,client_resolved,1466,813350219593807,813350219713026,119219
434,client_send,1466,813350219738599,813350219748547,9948
434,client_reply,1466,813350220308859,813350220335734,26875
434,client_resume,1466,813350220532401,813350220553547,21146
435,client_registered,1466,813350220807297,813350220828703,21406
435,client_entry,1466,813350220618391,813350220846411,228020
435,client_resolved,1466,813350220749536,813350220853963,104427
435,client_send,1466,813350220880109,813350220888234,8125
435,client_reply,1466,813350221373338,813350221401203,27865
435,client_resume,1466,813350221587297,813350221621776,34479
436,client_registered,1466,813350221901932,813350221928911,26979
436,client_entry,1466,813350221698599,813350221944484,245885
436,client_resolved,1466,813350221836151,813350221952922,116771
436,client_send,1466,813350221981099,813350221991255,10156
436,client_reply,1466,813350222476880,813350222502922,26042
436,client_resume,1466,813350222676724,813350222707297,30573
437,client_registered,1466,813350223006047,813350223026932,20885
437,client_entry,1466,813350222772349,813350223039588,267239
437,client_resolved,1466,813350222902088,813350223048755,146667
437,client_send,1466,813350223076203,813350223086047,9844
437,client_reply,1466,813350223587609,813350223615005,27396
437,client_resume,1466,813350223780578,813350223800891,20313
438,client_registered,1466,813350224054901,813350224077661,22760
438,client_entry,1466,813350223865005,813350224137922,272917
438,client_resolved,1466,813350223994432,813350224149380,154948
438,client_send,1466,813350224180995,813350224196411,15416
438,client_reply,1466,813350224677557,813350224707036,29479
438,client_resume,1466,813350224877818,813350224914120,36302
439,client_registered,1466,813350225195422,813350225215891,20469
439,client_entry,1466,813350224980943,813350225230474,249531
439,client_resolved,1466,813350225117974,813350225241099,123125
439,client_send,1466,813350225270943,813350225283859,12916
439,client_reply,1466,813350225766203,813350225793859,27656
439,client_resume,1466,813350225957870,813350225978963,21093
440,client_registered,1466,813350226240318,813350226263495,23177
440,client_entry,1466,813350226043495,813350226276516,233021
440,client_resolved,1466,813350226177297,813350226283859,106562
440,client_send,1466,813350226311255,813350226320578,9323
440,client_reply,1466,813350226793338,813350226821620,28282
440,client_resume,1466,813350227017713,813350227050266,32553
441,client_registered,1466,813350227335318,813350227365943,30625
441,client_entry,1466,813350227169953,813350227383286,213333
441,client_resolved,1466,813350227281724,813350227391463,109739
441,client_send,1466,813350227418182,813350227428443,10261
441,client_reply,1466,813350227895474,813350227920474,25000
441,client_resume,1466,813350228147713,813350228172297,24584
442,client_registered,1466,813350228420370,813350228438286,17916
442,client_entry,1466,813350228233547,813350228449901,216354
442,client_resolved,1466,813350228369120,813350228455526,86406
442,client_send,1466,813350228478807,813350228488651,9844
442,client_reply,1466,813350228917557,813350228944953,27396
442,client_resume,1466,813350229108078,813350229141932,33854
443,client_registered,1466,813350229388547,813350229410109,21562
443,client_entry,1466,813350229205318,813350229440422,235104
443,client_resolved,1466,813350229335838,813350229450370,114532
443,client_send,1466,813350229477193,813350229491516,14323
443,client_reply,1466,813350229942297,813350229964693,22396
443,client_resume,1466,813350230132974,813350230160474,27500
444,client_registered,1466,813350230406724,813350230431932,25208
444,client_entry,1466,813350230223495,813350230447245,223750
444,client_resolved,1466,813350230348911,813350230455474,106563
444,client_send,1466,813350230479693,813350230489276,9583
444,client_reply,1466,813350231136359,813350231169536,33177
444,client_resume,1466,813350231375057,813350231395474,20417
445,client_registered,1466,813350231621880,813350231640734,18854
445,client_entry,1466,813350231451672,813350231654953,203281
445,client_resolved,1466,813350231571255,813350231684953,113698
445,client_send,1466,813350231714588,813350231727036,12448
445,client_reply,1466,813350232272245,813350232296568,24323
445,client_resume,1466,813350232452297,813350232471932,19635
446,client_registered,1466,813350232712349,813350232732922,20573
446,client_entry,1466,813350232531880,813350232749953,218073
446,client_resolved,1466,813350232658703,813350232756984,98281
446,client_send,1466,813350232783599,813350232793547,9948
446,client_reply,1466,813350233247349,813350233271984,24635
446,client_resume,1466,813350233430630,813350233463391,32761
447,client_registered,1466,813350233704693,813350233725109,20416
447,client_entry,1466,813350233525578,813350233745474,219896
447,client_resolved,1466,813350233653026,813350233755318,102292
447,client_send,1466,813350233784276,813350233807922,23646
447,client_reply,1466,813350234254901,813350234278703,23802
447,client_resume,1466,813350234452661,813350234480578,27917
448,client_registered,1466,813350234717609,813350234736828,19219
448,client_entry,1466,813350234543078,813350234749380,206302
448,client_resolved,1466,813350234665526,813350234757557,92031
448,client_send,1466,813350234782245,813350234791724,9479
448,client_reply,1466,813350235607557,813350235650213,42656
448,client_resume,1466,813350235876463,813350235915682,39219
449,client_registered,1466,813350236348703,813350236376151,27448
449,client_entry,1466,813350235990578,813350236391568,400990
449,client_resolved,1466,813350236195995,813350236400266,204271
449,client_send,1466,813350236430474,813350236439849,9375
449,client_reply,1466,813350236954276,813350236984588,30312
449,client_resume,1466,813350237209380,813350237253443,44063
450,client_registered,1466,813350237549068,813350237569953,20885
450,client_entry,1466,813350237330786,813350237585109,254323
450,client_resolved,1466,813350237484588,813350237594120,109532
450,client_send,1466,813350237626932,813350237640370,13438
450,client_reply,1466,813350238173026,813350238201828,28802
450,client_resume,1466,813350238398338,813350238427193,28855
451,client_registered,1466,813350238673599,813350238690474,16875
451,client_entry,1466,813350238490630,813350238705005,214375
451,client_resolved,1466,813350238618859,813350238714276,95417
451,client_send,1466,813350238739693,813350238749172,9479
451,client_reply,1466,813350239237505,813350239262193,24688
451,client_resume,1466,813350239444172,813350239472818,28646
452,client_registered,1466,813350239732349,813350239750786,18437
452,client_entry,1466,813350239535943,813350239765161,229218
452,client_resolved,1466,813350239678391,813350239773078,94687
452,client_send,1466,813350239799016,813350239807713,8697
452,client_reply,1466,813350240263391,813350240285370,21979
452,client_resume,1466,813350240428859,813350240448338,19479
453,client_registered,1466,813350240687922,813350240704953,17031
453,client_entry,1466,813350240512401,813350240718078,205677
453,client_resolved,1466,813350240634380,813350240725943,91563
453,client_send,1466,813350240750213,813350240758234,8021
453,client_reply,1466,813350241190943,813350241224536,33593
453,client_resume,1466,813350241397818,813350241425318,27500
454,client_registered,1466,813350241690213,813350241703547,13334
454,client_entry,1466,813350241486568,813350241715266,228698
454,client_resolved,1466,813350241635630,813350241724693,89063
454,client_send,1466,813350241747974,813350241757974,10000
454,client_reply,1466,813350242167870,813350242189224,21354
454,client_resume,1466,813350242325266,813350242339953,14687
455,client_registered,1466,813350242541047,813350242559328,18281
455,client_entry,1466,813350242388651,813350242572557,183906
455,client_resolved,1466,813350242495422,813350242581255,85833
455,client_send,1466,813350242604432,813350242612297,7865
455,client_reply,1466,813350243000161,813350243024172,24011
455,client_resume,1466,813350243162297,813350243188911,26614
456,client_registered,1466,813350243424432,813350243445682,21250
456,client_entry,1466,813350243244276,813350243459745,215469
456,client_resolved,1466,813350243359693,813350243467088,107395
456,client_send,1466,813350243489797,813350243498963,9166
456,client_reply,1466,813350243947349,813350243973495,26146
456,client_resume,1466,813350244264328,813350244294276,29948
457,client_registered,1466,813350244517036,813350244534745,17709
457,client_entry,1466,813350244355943,813350244547297,191354
457,client_resolved,1466,813350244467818,813350244554693,86875
457,client_send,1466,813350244579536,813350244590474,10938
457,client_reply,1466,813350245333703,813350245373547,39844
457,client_resume,1466,813350245551047,813350245577661,26614
458,client_registered,1466,813350245822505,813350245840786,18281
458,client_entry,1466,813350245635630,813350245857557,221927
458,client_resolved,1466,813350245754276,813350245865318,111042
458,client_send,1466,813350245891203,813350245900526,9323
458,client_reply,1466,813350246349380,813350246379432,30052
458,client_resume,1466,813350246552557,813350246581463,28906
459,client_registered,1466,813350246835786,813350246857088,21302
459,client_entry,1466,813350246647401,813350246869641,222240
459,client_resolved,1466,813350246776203,813350246876620,100417
459,client_send,1466,813350246903911,813350246911099,7188
459,client_reply,1466,813350247347661,813350247372297,24636
459,client_resume,1466,813350247521724,813350247541828,20104
460,client_registered,1466,813350247766099,813350247795943,29844
460,client_entry,1466,813350247600995,813350247808911,207916
460,client_resolved,1466,813350247714380,813350247816828,102448
460,client_send,1466,813350247841776,813350247849849,8073
460,client_reply,1466,813350248287036,813350248314484,27448
460,client_resume,1466,813350248484120,813350248512922,28802
461,client_registered,1466,813350248746047,813350248763391,17344
461,client_entry,1466,813350248571724,813350248781932,210208
461,client_resolved,1466,813350248695630,813350248789849,94219
461,client_send,1466,813350248817557,813350248827870,10313
461,client_reply,1466,813350249305109,813350249330213,25104
461,client_resume,1466,813350249477766,813350249499172,21406
462,client_registered,1466,813350249733182,813350249748286,15104
462,client_entry,1466,813350249563234,813350249779120,215886
462,client_resolved,1466,813350249683234,813350249788651,105417
462,client_send,1466,813350249813547,813350249823078,9531
462,client_reply,1466,813350250259953,813350250285578,25625
462,client_resume,1466,813350250436620,813350250456463,19843
463,client_registered,1466,813350250684224,813350250702818,18594
463,client_entry,1466,813350250516307,813350250717661,201354
463,client_resolved,1466,813350250632766,813350250726047,93281
463,client_send,1466,813350250750370,813350250758859,8489
463,client_reply,1466,813350251211516,813350251235995,24479
463,client_resume,1466,813350251394797,813350251414641,19844
464,client_registered,1466,813350251686568,813350251706568,20000
464,client_entry,1466,813350251472088,813350251726880,254792
464,client_resolved,1466,813350251634380,813350251747193,112813
464,client_send,1466,813350251777974,813350251788807,10833
464,client_reply,1466,813350252259276,813350252289380,30104
464,client_resume,1466,813350252467661,813350252536516,68855
465,client_registered,1466,813350252739901,813350252754328,14427
465,client_entry,1466,813350252592349,813350252765734,173385
465,client_resolved,1466,813350252695161,813350252784849,89688
465,client_send,1466,813350252811516,813350252820838,9322
465,client_reply,1466,813350253236828,813350253261359,24531
465,client_resume,1466,813350253405526,813350253433182,27656
466,client_registered,1466,813350253650057,813350253666724,16667
466,client_entry,1466,813350253489901,813350253681411,191510
466,client_resolved,1466,813350253604380,813350253688391,84011
466,client_send,1466,813350253714328,813350253738443,24115
466,client_reply,1466,813350254181203,813350254215786,34583
466,client_resume,1466,813350254365578,813350254394693,29115
467,client_registered,1466,813350254608391,813350254624068,15677
467,client_entry,1466,813350254450578,813350254634745,184167
467,client_resolved,1466,813350254562453,813350254640526,78073
467,client_send,1466,813350254663703,813350254671828,8125
467,client_reply,1466,813350255102036,813350255124693,22657
467,client_resume,1466,813350255286568,813350255312557,25989
468,client_registered,1466,813350255532766,813350255553651,20885
468,client_entry,1466,813350255367713,813350255566047,198334
468,client_resolved,1466,813350255479797,813350255572818,93021
468,client_send,1466,813350255595995,813350255604588,8593
468,client_reply,1466,813350256018286,813350256039693,21407
468,client_resume,1466,813350256205943,813350256238026,32083
469,client_registered,1466,813350256461880,813350256480161,18281
469,client_entry,1466,813350256297297,813350256492349,195052
469,client_resolved,1466,813350256408807,813350256498911,90104
469,client_send,1466,813350256522713,813350256531984,9271
469,client_reply,1466,813350256939068,813350256960786,21718
469,client_resume,1466,813350257094901,813350257120474,25573
470,client_registered,1466,813350257331984,813350257350526,18542
470,client_entry,1466,813350257170370,813350257361463,191093
470,client_resolved,1466,813350257282818,813350257367557,84739
470,client_send,1466,813350257392922,813350257399693,6771
470,client_reply,1466,813350257876463,813350257902349,25886
470,client_resume,1466,813350258058234,813350258085318,27084
471,client_registered,1466,813350258323443,813350258343599,20156
471,client_entry,1466,813350258160005,813350258354849,194844
471,client_resolved,1466,813350258271099,813350258361047,89948
471,client_send,1466,813350258385526,813350258392609,7083
471,client_reply,1466,813350258820161,813350258842557,22396
471,client_resume,1466,813350258996828,813350259022505,25677
472,client_registered,1466,813350259227349,813350259242401,15052
472,client_entry,1466,813350259077088,813350259252713,175625
472,client_resolved,1466,813350259181359,813350259258807,77448
472,client_send,1466,813350259282193,813350259289588,7395
472,client_reply,1466,813350259977609,813350260006776,29167
472,client_resume,1466,813350260229484,813350260248963,19479
473,client_registered,1466,813350260475995,813350260493859,17864
473,client_entry,1466,813350260300995,813350260503755,202760
473,client_resolved,1466,813350260427453,813350260509901,82448
473,client_send,1466,813350260533703,813350260541620,7917
473,client_reply,1466,813350261020370,813350261044484,24114
473,client_resume,1466,813350261180370,813350261206932,26562
474,client_registered,1466,813350261422974,813350261442974,20000
474,client_entry,1466,813350261261568,813350261454432,192864
474,client_resolved,1466,813350261375161,813350261461411,86250
474,client_send,1466,813350261485266,813350261493286,8020
474,client_reply,1466,813350261899693,813350261922193,22500
474,client_resume,1466,813350262070578,813350262098130,27552
475,client_registered,1466,813350262317922,813350262333026,15104
475,client_entry,1466,813350262150838,813350262345734,194896
475,client_resolved,1466,813350262256828,813350262352713,95885
475,client_send,1466,813350262379641,813350262390943,11302
475,client_reply,1466,813350262796099,813350262818182,22083
475,client_resume,1466,813350262968651,813350262995266,26615
476,client_registered,1466,813350263202870,813350263218078,15208
476,client_entry,1466,813350263048391,813350263232245,183854
476,client_resolved,1466,813350263156047,813350263239328,83281
476,client_send,1466,813350263265057,813350263273859,8802
476,client_reply,1466,813350263702141,813350263724224,22083
476,client_resume,1466,813350263863286,813350263883651,20365
477,client_registered,1466,813350264172661,813350264193703,21042
477,client_entry,1466,813350263940578,813350264206359,265781
477,client_resolved,1466,813350264058599,813350264212870,154271
477,client_send,1466,813350264240266,813350264249172,8906
477,client_reply,1466,813350264675578,813350264700057,24479
477,client_resume,1466,813350264835786,813350264863234,27448
478,client_registered,1466,813350265078026,813350265094484,16458
478,client_entry,1466,813350264917036,813350265111463,194427
478,client_resolved,1466,813350265031203,813350265118807,87604
478,client_send,1466,813350265145370,813350265154588,9218
478,client_reply,1466,813350265567974,813350265589849,21875
478,client_resume,1466,813350265728338,813350265746672,18334
479,client_registered,1466,813350265995995,813350266012609,16614
479,client_entry,1466,813350265805213,813350266022505,217292
479,client_resolved,1466,813350265915995,813350266029745,113750
479,client_send,1466,813350266057453,813350266065943,8490
479,client_reply,1466,813350266471047,813350266503443,32396
479,client_resume,1466,813350266656984,813350266684380,27396
480,client_registered,1466,813350266900057,813350266916099,16042
480,client_entry,1466,813350266740734,813350266926620,185886
480,client_resolved,1466,813350266853859,813350266934693,80834
480,client_send,1466,813350266960370,813350266971568,11198
480,client_reply,1466,813350267453963,813350267477557,23594
480,client_resume,1466,813350267627505,813350267649849,22344
481,client_registered,1466,813350267875734,813350267908130,32396
481,client_entry,1466,813350267706828,813350267921828,215000
481,client_resolved,1466,813350267825682,813350267928547,102865
481,client_send,1466,813350267954536,813350267962245,7709
481,client_reply,1466,813350268454276,813350268479536,25260
481,client_resume,1466,813350268629693,813350268647870,18177
482,client_registered,1466,813350268858703,813350268878703,20000
482,client_entry,1466,813350268701620,813350268892505,190885
482,client_resolved,1466,813350268810370,813350268899849,89479
482,client_send,1466,813350268924588,813350268932974,8386
482,client_reply,1466,813350269357453,813350269380734,23281
482,client_resume,1466,813350269518599,813350269543547,24948
483,client_registered,1466,813350269747974,813350269762036,14062
483,client_entry,1466,813350269596620,813350269788495,191875
483,client_resolved,1466,813350269702609,813350269796828,94219
483,client_send,1466,813350269824536,813350269834172,9636
483,client_reply,1466,813350270235526,813350270256047,20521
483,client_resume,1466,813350270404641,813350270430318,25677
484,client_registered,1466,813350270639849,813350270656099,16250
484,client_entry,1466,813350270484901,813350270668755,183854
484,client_resolved,1466,813350270592870,813350270676099,83229
484,client_send,1466,813350270705578,813350270717349,11771
484,client_reply,1466,813350271162870,813350271184641,21771
484,client_resume,1466,813350271336984,813350271360682,23698
485,client_registered,1466,813350271572557,813350271594849,22292
485,client_entry,1466,813350271412609,813350271607193,194584
485,client_resolved,1466,813350271522974,813350271624953,101979
485,client_send,1466,813350271649693,813350271658443,8750
485,client_reply,1466,813350272080682,813350272127609,46927
485,client_resume,1466,813350272272870,813350272289693,16823
486,client_registered,1466,813350272510526,813350272529380,18854
486,client_entry,1466,813350272342453,813350272541776,199323
486,client_resolved,1466,813350272457141,813350272547766,90625
486,client_send,1466,813350272572661,813350272580266,7605
486,client_reply,1466,813350272985578,813350273008234,22656
486,client_resume,1466,813350273144484,813350273173807,29323
487,client_registered,1466,813350273390109,813350273404016,13907
487,client_entry,1466,813350273230318,813350273413286,182968
487,client_resolved,1466,813350273343234,813350273419641,76407
487,client_send,1466,813350273445109,813350273472453,27344
487,client_reply,1466,813350273921620,813350273941255,19635
487,client_resume,1466,813350274091255,813350274116672,25417
488,client_registered,1466,813350274318651,813350274332818,14167
488,client_entry,1466,813350274171359,813350274343755,172396
488,client_resolved,1466,813350274273807,813350274351047,77240
488,client_send,1466,813350274377036,813350274387349,10313
488,client_reply,1466,813350274777036,813350274799328,22292
488,client_resume,1466,813350274945526,813350274964484,18958
489,client_registered,1466,813350275189068,813350275209901,20833
489,client_entry,1466,813350275018703,813350275225266,206563
489,client_resolved,1466,813350275136411,813350275232453,96042
489,client_send,1466,813350275255838,813350275263286,7448
489,client_reply,1466,813350275707818,813350275734641,26823
489,client_resume,1466,813350275892609,813350275934849,42240
490,client_registered,1466,813350276208234,813350276226672,18438
490,client_entry,1466,813350275989536,813350276239484,249948
490,client_resolved,1466,813350276158599,813350276247141,88542
490,client_send,1466,813350276271463,813350276278599,7136
490,client_reply,1466,813350276699901,813350276722297,22396
490,client_resume,1466,813350276861463,813350276887297,25834
491,client_registered,1466,813350277097922,813350277113807,15885
491,client_entry,1466,813350276940213,813350277125734,185521
491,client_resolved,1466,813350277051463,813350277134745,83282
491,client_send,1466,813350277161411,813350277171411,10000
491,client_reply,1466,813350277587661,813350277609536,21875
491,client_resume,1466,813350277748130,813350277767141,19011
492,client_registered,1466,813350278000474,813350278016880,16406
492,client_entry,1466,813350277822088,813350278027609,205521
492,client_resolved,1466,813350277948703,813350278033391,84688
492,client_send,1466,813350278058703,813350278067713,9010
492,client_reply,1466,813350278457609,813350278496880,39271
492,client_resume,1466,813350278646672,813350278671099,24427
493,client_registered,1466,813350278881463,813350278896568,15105
493,client_entry,1466,813350278723338,813350278911568,188230
493,client_resolved,1466,813350278834328,813350278919276,84948
493,client_send,1466,813350278945057,813350278953859,8802
493,client_reply,1466,813350279391516,813350279414797,23281
493,client_resume,1466,813350279560786,813350279585109,24323
494,client_registered,1466,813350279806099,813350279820370,14271
494,client_entry,1466,813350279639120,813350279831984,192864
494,client_resolved,1466,813350279756776,813350279838859,82083
494,client_send,1466,813350279863338,813350279873755,10417
494,client_reply,1466,813350280313443,813350280336776,23333
494,client_resume,1466,813350280487609,813350280512505,24896
495,client_registered,1466,813350280723495,813350280742349,18854
495,client_entry,1466,813350280564693,813350280753963,189270
495,client_resolved,1466,813350280676568,813350280760161,83593
495,client_send,1466,813350280783755,813350280791620,7865
495,client_reply,1466,813350281201151,813350281223026,21875
495,client_resume,1466,813350281359172,813350281377193,18021
496,client_registered,1466,813350281619224,813350281631672,12448
496,client_entry,1466,813350281430266,813350281643026,212760
496,client_resolved,1466,813350281543286,813350281649641,106355
496,client_send,1466,813350281674328,813350281681620,7292
496,client_reply,1466,813350282082818,813350282105422,22604
496,client_resume,1466,813350282244068,813350282272766,28698
497,client_registered,1466,813350282484172,813350282500682,16510
497,client_entry,1466,813350282327557,813350282517505,189948
497,client_resolved,1466,813350282438807,813350282525734,86927
497,client_send,1466,813350282552036,813350282560005,7969
497,client_reply,1466,813350283014328,813350283037141,22813
497,client_resume,1466,813350283174588,813350283198859,24271
498,client_registered,1466,813350283421151,813350283436880,15729
498,client_entry,1466,813350283253026,813350283448443,195417
498,client_resolved,1466,813350283361984,813350283455891,93907
498,client_send,1466,813350283484849,813350283496776,11927
498,client_reply,1466,813350283930838,813350283956463,25625
498,client_resume,1466,813350284158182,813350284182349,24167
499,client_registered,1466,813350284445578,813350284467609,22031
499,client_entry,1466,813350284278130,813350284485786,207656
499,client_resolved,1466,813350284397609,813350284492245,94636
499,client_send,1466,813350284518234,813350284527297,9063
499,client_reply,1466,813350284945526,813350284968807,23281
499,client_resume,1466,813350285124432,813350285144641,20209
500,client_registered,1466,813350285360109,813350285389641,29532
500,client_entry,1466,813350285200422,813350285401620,201198
500,client_resolved,1466,813350285311620,813350285407818,96198
500,client_send,1466,813350285432297,813350285439797,7500
500,client_reply,1466,813350285850109,813350285874224,24115
500,client_resume,1466,813350286009120,813350286035630,26510
501,client_registered,1466,813350286260318,813350286281151,20833
501,client_entry,1466,813350286091151,813350286293391,202240
501,client_resolved,1466,813350286207922,813350286299849,91927
501,client_send,1466,813350286323078,813350286329484,6406
501,client_reply,1466,813350286737193,813350286756620,19427
501,client_resume,1466,813350286904120,813350286930422,26302
502,client_registered,1466,813350287132193,813350287145734,13541
502,client_entry,1466,813350286983963,813350287166463,182500
502,client_resolved,1466,813350287086776,813350287173338,86562
502,client_send,1466,813350287195786,813350287202088,6302
502,client_reply,1466,813350287618026,813350287646099,28073
502,client_resume,1466,813350287795526,813350287821151,25625
503,client_registered,1466,813350288025786,813350288041307,15521
503,client_entry,1466,813350287875526,813350288055370,179844
503,client_resolved,1466,813350287981359,813350288061932,80573
503,client_send,1466,813350288121047,813350288137036,15989
503,client_reply,1466,813350288565161,813350288585109,19948
503,client_resume,1466,813350288735682,813350288760057,24375
504,client_registered,1466,813350288973443,813350288993911,20468
504,client_entry,1466,813350288812557,813350289005474,192917
504,client_resolved,1466,813350288921776,813350289027766,105990
504,client_send,1466,813350289054328,813350289061151,6823
504,client_reply,1466,813350289487349,813350289508391,21042
504,client_resume,1466,813350289659693,813350289684068,24375
505,client_registered,1466,813350289893547,813350289907193,13646
505,client_entry,1466,813350289739588,813350289916880,177292
505,client_resolved,1466,813350289846672,813350289922036,75364
505,client_send,1466,813350289946099,813350289956411,10312
505,client_reply,1466,813350290366099,813350290386932,20833
505,client_resume,1466,813350290535213,813350290557297,22084
506,client_registered,1466,813350290800005,813350290815630,15625
506,client_entry,1466,813350290618703,813350290825526,206823
506,client_resolved,1466,813350290746203,813350290830786,84583
506,client_send,1466,813350290856568,813350290873807,17239
506,client_reply,1466,813350291320474,813350291343286,22812
506,client_resume,1466,813350291495213,813350291521411,26198
507,client_registered,1466,813350291736880,813350291752661,15781
507,client_entry,1466,813350291574380,813350291765995,191615
507,client_resolved,1466,813350291689797,813350291773026,83229
507,client_send,1466,813350291800838,813350291808703,7865
507,client_reply,1466,813350292297088,813350292317818,20730
507,client_resume,1466,813350292466203,813350292491151,24948
508,client_registered,1466,813350292692349,813350292707870,15521
508,client_entry,1466,813350292543651,813350292722088,178437
508,client_resolved,1466,813350292647922,813350292728286,80364
508,client_send,1466,813350292754276,813350292762766,8490
508,client_reply,1466,813350293197713,813350293219588,21875
508,client_resume,1466,813350293360838,813350293391880,31042
509,client_registered,1466,813350293626151,813350293647557,21406
509,client_entry,1466,813350293448547,813350293658911,210364
509,client_resolved,1466,813350293572297,813350293664588,92291
509,client_send,1466,813350293689068,813350293695266,6198
509,client_reply,1466,813350294100161,813350294122349,22188
509,client_resume,1466,813350294260682,813350294286568,25886
510,client_registered,1466,813350294501255,813350294516932,15677
510,client_entry,1466,813350294340161,813350294527609,187448
510,client_resolved,1466,813350294452453,813350294532818,80365
510,client_send,1466,813350294560474,813350294570318,9844
510,client_reply,1466,813350294997193,813350295018130,20937
510,client_resume,1466,813350295150161,813350295168182,18021
511,client_registered,1466,813350295396359,813350295412818,16459
511,client_entry,1466,813350295221932,813350295421411,199479
511,client_resolved,1466,813350295348391,813350295426776,78385
511,client_send,1466,813350295449849,813350295456828,6979
511,client_reply,1466,813350295862922,813350295885422,22500
511,client_resume,1466,813350296024797,813350296043495,18698
512,client_registered,1466,813350296298807,813350296318963,20156
512,client_entry,1466,813350296134901,813350296329953,195052
512,client_resolved,1466,813350296250838,813350296335318,84480
512,client_send,1466,813350296362557,813350296371463,8906
512,client_reply,1466,813350296775266,813350296798443,23177
512,client_resume,1466,813350296941516,813350296968391,26875
513,client_registered,1466,813350297219432,813350297236724,17292
513,client_entry,1466,813350297023182,813350297247766,224584
513,client_resolved,1466,813350297162036,813350297252818,90782
513,client_send,1466,813350297276151,813350297283182,7031
513,client_reply,1466,813350297742193,813350297763234,21041
513,client_resume,1466,813350297918703,813350297943599,24896
514,client_registered,1466,813350298154693,813350298175213,20520
514,client_entry,1466,813350297997088,813350298187141,190053
514,client_resolved,1466,813350298105630,813350298192661,87031
514,client_send,1466,813350298219016,813350298226307,7291
514,client_reply,1466,813350298642661,813350298663963,21302
514,client_resume,1466,813350298800422,813350298821620,21198
515,client_registered,1466,813350299056984,813350299072401,15417
515,client_entry,1466,813350298879068,813350299081620,202552
515,client_resolved,1466,813350298995318,813350299086359,91041
515,client_send,1466,813350299110057,813350299116203,6146
515,client_reply,1466,813350299859068,813350299890370,31302
515,client_resume,1466,813350300158963,813350300180266,21303
516,client_registered,1466,813350300410005,813350300426568,16563
516,client_entry,1466,813350300243755,813350300435161,191406
516,client_resolved,1466,813350300356672,813350300440526,83854
516,client_send,1466,813350300465838,813350300472193,6355
516,client_reply,1466,813350301004693,813350301027766,23073
516,client_resume,1466,813350301201099,813350301219745,18646
517,client_registered,1466,813350301396776,813350301412245,15469
517,client_entry,1466,813350301269641,813350301423130,153489
517,client_resolved,1466,813350301336984,813350301427922,90938
517,client_send,1466,813350301452297,813350301459016,6719
517,client_reply,1466,813350301927609,813350301963599,35990
517,client_resume,1466,813350302101828,813350302121255,19427
518,client_registered,1466,813350302324693,813350302338859,14166
518,client_entry,1466,813350302171307,813350302351880,180573
518,client_resolved,1466,813350302276984,813350302357870,80886
518,client_send,1466,813350302382401,813350302390891,8490
518,client_reply,1466,813350302879953,813350302904068,24115
518,client_resume,1466,813350303044276,813350303060630,16354
519,client_registered,1466,813350303270474,813350303297713,27239
519,client_entry,1466,813350303116984,813350303308338,191354
519,client_resolved,1466,813350303219901,813350303313703,93802
519,client_send,1466,813350303337661,813350303344432,6771
519,client_reply,1466,813350303848807,813350303871463,22656
519,client_resume,1466,813350303995161,813350304022505,27344
520,client_registered,1466,813350304275213,813350304296984,21771
520,client_entry,1466,813350304075891,813350304307922,232031
520,client_resolved,1466,813350304221463,813350304313807,92344
520,client_send,1466,813350304338234,813350304345578,7344
520,client_reply,1466,813350304832870,813350304859328,26458
520,client_resume,1466,813350304973130,813350304994380,21250
521,client_registered,1466,813350305199797,813350305215734,15937
521,client_entry,1466,813350305045734,813350305244641,198907
521,client_resolved,1466,813350305152401,813350305252245,99844
521,client_send,1466,813350305277193,813350305287297,10104
521,client_reply,1466,813350305747036,813350305771307,24271
521,client_resume,1466,813350305885109,813350305906620,21511
522,client_registered,1466,813350306103703,813350306116672,12969
522,client_entry,1466,813350305956516,813350306125578,169062
522,client_resolved,1466,813350306057713,813350306130422,72709
522,client_send,1466,813350306151516,813350306157766,6250
522,client_reply,1466,813350306589588,813350306613859,24271
522,client_resume,1466,813350306725786,813350306747141,21355
523,client_registered,1466,813350306947349,813350306961516,14167
523,client_entry,1466,813350306797245,813350306971776,174531
523,client_resolved,1466,813350306900786,813350306986411,85625
523,client_send,1466,813350307010318,813350307017193,6875
523,client_reply,1466,813350307514328,813350307539693,25365
523,client_resume,1466,813350307653026,813350307675266,22240
524,client_registered,1466,813350307879901,813350307896984,17083
524,client_entry,1466,813350307727557,813350307907453,179896
524,client_resolved,1466,813350307831516,813350307912818,81302
524,client_send,1466,813350307936099,813350307943807,7708
524,client_reply,1466,813350308436724,813350308462193,25469
524,client_resume,1466,813350308574016,813350308595630,21614
525,client_registered,1466,813350308801516,813350308820057,18541
525,client_entry,1466,813350308646620,813350308830266,183646
525,client_resolved,1466,813350308750318,813350308835526,85208
525,client_send,1466,813350308856724,813350308874068,17344
525,client_reply,1466,813350309298443,813350309322245,23802
525,client_resume,1466,813350309430682,813350309451828,21146
526,client_registered,1466,813350309651828,813350309665838,14010
526,client_entry,1466,813350309502766,813350309673807,171041
526,client_resolved,1466,813350309606359,813350309678859,72500
526,client_send,1466,813350309699016,813350309704849,5833
526,client_reply,1466,813350310117713,813350310141620,23907
526,client_resume,1466,813350310246828,813350310266463,19635
527,client_registered,1466,813350310469484,813350310489068,19584
527,client_entry,1466,813350310316516,813350310500057,183541
527,client_resolved,1466,813350310421307,813350310505474,84167
527,client_send,1466,813350310529120,813350310536776,7656
527,client_reply,1466,813350310962297,813350310988807,26510
527,client_resume,1466,813350311099015,813350311132661,33646
528,client_registered,1466,813350311336776,813350311352297,15521
528,client_entry,1466,813350311184693,813350311360995,176302
528,client_resolved,1466,813350311291151,813350311366203,75052
528,client_send,1466,813350311392713,813350311402557,9844
528,client_reply,1466,813350311854745,813350311879640,24895
528,client_resume,1466,813350311989693,813350312011880,22187
529,client_registered,1466,813350312253547,813350312268234,14687
529,client_entry,1466,813350312065057,813350312281984,216927
529,client_resolved,1466,813350312207765,813350312287557,79792
529,client_send,1466,813350312311776,813350312320318,8542
529,client_reply,1466,813350312778651,813350312805995,27344
529,client_resume,1466,813350312915422,813350312935109,19687
530,client_registered,1466,813350313169224,813350313190786,21562
530,client_entry,1466,813350313005578,813350313201047,195469
530,client_resolved,1466,813350313120422,813350313206411,85989
530,client_send,1466,813350313228703,813350313235526,6823
530,client_reply,1466,813350313667140,813350313699015,31875
530,client_resume,1466,813350313813755,813350313835890,22135
531,client_registered,1466,813350314041203,813350314058182,16979
531,client_entry,1466,813350313888911,813350314072818,183907
531,client_resolved,1466,813350313995786,813350314079745,83959
531,client_send,1466,813350314105057,813350314113390,8333
531,client_reply,1466,813350314540995,813350314565630,24635
531,client_resume,1466,813350314675734,813350314695734,20000
532,client_registered,1466,813350314912401,813350314928338,15937
532,client_entry,1466,813350314747193,813350314940890,193697
532,client_resolved,1466,813350314864640,813350314947401,82761
532,client_send,1466,813350314970005,813350314978807,8802
532,client_reply,1466,813350315525578,813350315548755,23177
532,client_resume,1466,813350315709224,813350315734849,25625
533,client_registered,1466,813350315942974,813350315960109,17135
533,client_entry,1466,813350315788390,813350315970474,182084
533,client_resolved,1466,813350315897609,813350315976880,79271
533,client_send,1466,813350315999953,813350316007818,7865
533,client_reply,1466,813350316598495,813350316619901,21406
533,client_resume,1466,813350316768651,813350316791463,22812
534,client_registered,1466,813350317047505,813350317066307,18802
534,client_entry,1466,813350316851932,813350317078182,226250
534,client_resolved,1466,813350316978755,813350317085109,106354
534,client_send,1466,813350317110995,813350317118807,7812
534,client_reply,1466,813350317597922,813350317621255,23333
534,client_resume,1466,813350317767818,813350317788338,20520
535,client_registered,1466,813350318011880,813350318031255,19375
535,client_entry,1466,813350317845890,813350318043755,197865
535,client_resolved,1466,813350317959953,813350318050578,90625
535,client_send,1466,813350318076307,813350318084068,7761
535,client_reply,1466,813350318515474,813350318536828,21354
535,client_resume,1466,813350318670630,813350318695578,24948
536,client_registered,1466,813350319018859,813350319040474,21615
536,client_entry,1466,813350318748911,813350319052922,304011
536,client_resolved,1466,813350318948390,813350319059432,111042
536,client_send,1466,813350319084588,813350319092557,7969
536,client_reply,1466,813350319542453,813350319568963,26510
536,client_resume,1466,813350319719120,813350319747818,28698
537,client_registered,1466,813350319959849,813350319976151,16302
537,client_entry,1466,813350319801151,813350319987557,186406
537,client_resolved,1466,813350319913026,813350319992922,79896
537,client_send,1466,813350320016828,813350320023755,6927
537,client_reply,1466,813350320476307,813350320498755,22448
537,client_resume,1466,813350320650943,813350320679588,28645
538,client_registered,1466,813350320926724,813350320942193,15469
538,client_entry,1466,813350320733495,813350320950838,217343
538,client_resolved,1466,813350320840682,813350320956411,115729
538,client_send,1466,813350320980890,813350320988755,7865
538,client_reply,1466,813350321445630,813350321468807,23177
538,client_resume,1466,813350321614380,813350321637401,23021
539,client_registered,1466,813350321870213,813350321889640,19427
539,client_entry,1466,813350321698234,813350321903911,205677
539,client_resolved,1466,813350321816099,813350321911203,95104
539,client_send,1466,813350321935943,813350321945370,9427
539,client_reply,1466,813350322380109,813350322406151,26042
539,client_resume,1466,813350322561620,813350322591047,29427
540,client_registered,1466,813350322811099,813350322841203,30104
540,client_entry,1466,813350322646307,813350322856515,210208
540,client_resolved,1466,813350322763182,813350322863911,100729
540,client_send,1466,813350322892557,813350322903130,10573
540,client_reply,1466,813350323349745,813350323373390,23645
540,client_resume,1466,813350323529745,813350323548755,19010
541,client_registered,1466,813350323768078,813350323790370,22292
541,client_entry,1466,813350323603495,813350323818651,215156
541,client_resolved,1466,813350323718963,813350323825943,106980
541,client_send,1466,813350323854536,813350323864432,9896
541,client_reply,1466,813350324375005,813350324397505,22500
541,client_resume,1466,813350324571515,813350324600005,28490
542,client_registered,1466,813350324821203,813350324839849,18646
542,client_entry,1466,813350324656776,813350324869015,212239
542,client_resolved,1466,813350324773963,813350324878182,104219
542,client_send,1466,813350324906672,813350324916880,10208
542,client_reply,1466,813350325350474,813350325373755,23281
542,client_resume,1466,813350325520474,813350325541932,21458
543,client_registered,1466,813350325772401,813350325793599,21198
543,client_entry,1466,813350325598599,813350325806568,207969
543,client_resolved,1466,813350325721047,813350325814224,93177
543,client_send,1466,813350325839432,813350325848078,8646
543,client_reply,1466,813350326282661,813350326322557,39896
543,client_resume,1466,813350326480370,813350326509901,29531
544,client_registered,1466,813350326728234,813350326744745,16511
544,client_entry,1466,813350326564953,813350326755526,190573
544,client_resolved,1466,813350326680943,813350326772297,91354
544,client_send,1466,813350326798026,813350326806724,8698
544,client_reply,1466,813350327252193,813350327278859,26666
544,client_resume,1466,813350327432088,813350327458078,25990
545,client_registered,1466,813350327676307,813350327696307,20000
545,client_entry,1466,813350327509953,813350327707245,197292
545,client_resolved,1466,813350327627922,813350327712088,84166
545,client_send,1466,813350327734745,813350327742453,7708
545,client_reply,1466,813350328225995,813350328248651,22656
545,client_resume,1466,813350328390995,813350328414588,23593
546,client_registered,1466,813350328608703,813350328624745,16042
546,client_entry,1466,813350328465057,813350328637765,172708
546,client_resolved,1466,813350328564484,813350328644745,80261
546,client_send,1466,813350328669120,813350328698599,29479
546,client_reply,1466,813350329125005,813350329148026,23021
546,client_resume,1466,813350329292349,813350329314380,22031
547,client_registered,1466,813350329538755,813350329557297,18542
547,client_entry,1466,813350329373651,813350329569640,195989
547,client_resolved,1466,813350329489068,813350329575943,86875
547,client_send,1466,813350329604172,813350329616151,11979
547,client_reply,1466,813350330197088,813350330226411,29323
547,client_resume,1466,813350330426620,813350330446099,19479
548,client_registered,1466,813350330683234,813350330701515,18281
548,client_entry,1466,813350330496568,813350330713130,216562
548,client_resolved,1466,813350330632557,813350330719276,86719
548,client_send,1466,813350330750005,813350330758338,8333
548,client_reply,1466,813350331211255,813350331235005,23750
548,client_resume,1466,813350331390213,813350331423026,32813
549,client_registered,1466,813350331643130,813350331665526,22396
549,client_entry,1466,813350331475213,813350331677609,202396
549,client_resolved,1466,813350331595474,813350331684328,88854
549,client_send,1466,813350331708026,813350331714953,6927
549,client_reply,1466,813350332235109,813350332260422,25313
549,client_resume,1466,813350332417193,813350332436672,19479
550,client_registered,1466,813350332658443,813350332679484,21041
550,client_entry,1466,813350332495057,813350332691932,196875
550,client_resolved,1466,813350332609640,813350332698390,88750
550,client_send,1466,813350332724068,813350332733026,8958
550,client_reply,1466,813350333174849,813350333199484,24635
550,client_resume,1466,813350333355682,813350333383703,28021
551,client_registered,1466,813350333613390,813350333631047,17657
551,client_entry,1466,813350333438390,813350333642088,203698
551,client_resolved,1466,813350333567297,813350333647088,79791
551,client_send,1466,813350333669432,813350333676568,7136
551,client_reply,1466,813350334110786,813350334134276,23490
551,client_resume,1466,813350334279797,813350334305786,25989
552,client_registered,1466,813350334507505,813350334522245,14740
552,client_entry,1466,813350334359953,813350334532401,172448
552,client_resolved,1466,813350334463495,813350334538859,75364
552,client_send,1466,813350334564797,813350334572974,8177
552,client_reply,1466,813350335000109,813350335023443,23334
552,client_resume,1466,813350335173026,813350335197505,24479
553,client_registered,1466,813350335423599,813350335442974,19375
553,client_entry,1466,813350335250526,813350335454693,204167
553,client_resolved,1466,813350335372922,813350335460005,87083
553,client_send,1466,813350335484120,813350335492453,8333
553,client_reply,1466,813350336079745,813350336138286,58541
553,client_resume,1466,813350336298599,813350336317713,19114
554,client_registered,1466,813350336541672,813350336555682,14010
554,client_entry,1466,813350336370474,813350336567193,196719
554,client_resolved,1466,813350336495734,813350336573859,78125
554,client_send,1466,813350336598495,813350336606255,7760
554,client_reply,1466,813350337069849,813350337098443,28594
554,client_resume,1466,813350337258026,813350337284484,26458
555,client_registered,1466,813350337533026,813350337549640,16614
555,client_entry,1466,813350337337193,813350337558703,221510
555,client_resolved,1466,813350337444745,813350337566047,121302
555,client_send,1466,813350337591515,813350337599797,8282
555,client_reply,1466,813350338059745,813350338080265,20520
555,client_resume,1466,813350338240213,813350338267453,27240
556,client_registered,1466,813350338477245,813350338494068,16823
556,client_entry,1466,813350338320057,813350338509849,189792
556,client_resolved,1466,813350338430995,813350338517036,86041
556,client_send,1466,813350338543755,813350338553286,9531
556,client_reply,1466,813350338978443,813350339009068,30625
556,client_resume,1466,813350339209797,813350339238390,28593
557,client_registered,1466,813350339462297,813350339477818,15521
557,client_entry,1466,813350339290161,813350339487870,197709
557,client_resolved,1466,813350339400578,813350339492557,91979
557,client_send,1466,813350339516463,813350339522974,6511
557,client_reply,1466,813350339961932,813350339986151,24219
557,client_resume,1466,813350340166672,813350340190890,24218
558,client_registered,1466,813350340394068,813350340408443,14375
558,client_entry,1466,813350340241099,813350340417609,176510
558,client_resolved,1466,813350340350005,813350340421932,71927
558,client_send,1466,813350340440890,813350340446672,5782
558,client_reply,1466,813350340873338,813350340895474,22136
558,client_resume,1466,813350341041568,813350341065890,24322
559,client_registered,1466,813350341265995,813350341292870,26875
559,client_entry,1466,813350341116880,813350341302349,185469
559,client_resolved,1466,813350341220734,813350341307401,86667
559,client_send,1466,813350341334120,813350341346099,11979
559,client_reply,1466,813350341737140,813350341758234,21094
559,client_resume,1466,813350341898703,813350341918390,19687
560,client_registered,1466,813350342162609,813350342182088,19479
560,client_entry,1466,813350341978963,813350342194068,215105
560,client_resolved,1466,813350342107870,813350342199536,91666
560,client_send,1466,813350342225786,813350342232609,6823
560,client_reply,1466,813350342658651,813350342680734,22083
560,client_resume,1466,813350342818755,813350342837349,18594
561,client_registered,1466,813350343048547,813350343065630,17083
561,client_entry,1466,813350342890109,813350343086620,196511
561,client_resolved,1466,813350343000161,813350343092036,91875
561,client_send,1466,813350343115526,813350343123026,7500
561,client_reply,1466,813350343518547,813350343540943,22396
561,client_resume,1466,813350343685474,813350343704068,18594
562,client_registered,1466,813350343919588,813350343937713,18125
562,client_entry,1466,813350343762036,813350343946984,184948
562,client_resolved,1466,813350343870474,813350343952297,81823
562,client_send,1466,813350343975838,813350343982401,6563
562,client_reply,1466,813350344448859,813350344471880,23021
562,client_resume,1466,813350344610422,813350344639432,29010
563,client_registered,1466,813350344855734,813350344872505,16771
563,client_entry,1466,813350344693911,813350344887088,193177
563,client_resolved,1466,813350344808026,813350344909745,101719
563,client_send,1466,813350344938599,813350344949276,10677
563,client_reply,1466,813350345357557,813350345380786,23229
563,client_resume,1466,813350345519797,813350345537557,17760
564,client_registered,1466,813350345749276,813350345768495,19219
564,client_entry,1466,813350345587557,813350345778807,191250
564,client_resolved,1466,813350345700265,813350345784901,84636
564,client_send,1466,813350345806672,813350345812713,6041
564,client_reply,1466,813350346218599,813350346239380,20781
564,client_resume,1466,813350346379901,813350346408495,28594
565,client_registered,1466,813350346647765,813350346663078,15313
565,client_entry,1466,813350346463651,813350346673807,210156
565,client_resolved,1466,813350346603182,813350346678963,75781
565,client_send,1466,813350346703390,813350346722193,18803
565,client_reply,1466,813350347142036,813350347167088,25052
565,client_resume,1466,813350347303703,813350347332609,28906
566,client_registered,1466,813350347550474,813350347567505,17031
566,client_entry,1466,813350347386359,813350347582713,196354
566,client_resolved,1466,813350347501099,813350347589797,88698
566,client_send,1466,813350347620630,813350347630734,10104
566,client_reply,1466,813350348067765,813350348127818,60053
566,client_resume,1466,813350348271047,813350348295422,24375
567,client_registered,1466,813350348501099,813350348520630,19531
567,client_entry,1466,813350348350109,813350348532036,181927
567,client_resolved,1466,813350348452193,813350348537349,85156
567,client_send,1466,813350348560526,813350348568599,8073
567,client_reply,1466,813350349006724,813350349030005,23281
567,client_resume,1466,813350349169276,813350349206568,37292
568,client_registered,1466,813350349403286,813350349416515,13229
568,client_entry,1466,813350349259068,813350349425370,166302
568,client_resolved,1466,813350349360370,813350349431255,70885
568,client_send,1466,813350349454380,813350349460265,5885
568,client_reply,1466,813350349840370,813350349859745,19375
568,client_resume,1466,813350350004901,813350350028443,23542
569,client_registered,1466,813350350224588,813350350238755,14167
569,client_entry,1466,813350350079068,813350350252922,173854
569,client_resolved,1466,813350350180161,813350350261359,81198
569,client_send,1466,813350350286724,813350350294484,7760
569,client_reply,1466,813350350704328,813350350725057,20729
569,client_resume,1466,813350350868495,813350350892036,23541
570,client_registered,1466,813350351103338,813350351116984,13646
570,client_entry,1466,813350350944849,813350351130005,185156
570,client_resolved,1466,813350351058599,813350351136932,78333
570,client_send,1466,813350351161463,813350351169120,7657
570,client_reply,1466,813350351628911,813350351649328,20417
570,client_resume,1466,813350351808130,813350351831672,23542
571,client_registered,1466,813350352029693,813350352044120,14427
571,client_entry,1466,813350351880890,813350352057401,176511
571,client_resolved,1466,813350351985838,813350352064120,78282
571,client_send,1466,813350352087193,813350352130370,43177
571,client_reply,1466,813350352564120,813350352585057,20937
571,client_resume,1466,813350352717088,813350352738338,21250
572,client_registered,1466,813350353001984,813350353019172,17188
572,client_entry,1466,813350352799901,813350353041828,241927
572,client_resolved,1466,813350352949536,813350353048547,99011
572,client_send,1466,813350353078390,813350353086099,7709
572,client_reply,1466,813350353528859,813350353551203,22344
572,client_resume,1466,813350353690786,813350353717088,26302
573,client_registered,1466,813350353929745,813350353950526,20781
573,client_entry,1466,813350353771151,813350353961515,190364
573,client_resolved,1466,813350353881828,813350353968338,86510
573,client_send,1466,813350353994797,813350354001776,6979
573,client_reply,1466,813350354404068,813350354426672,22604
573,client_resume,1466,813350354569484,813350354593390,23906
574,client_registered,1466,813350354820161,813350354834536,14375
574,client_entry,1466,813350354645995,813350354843703,197708
574,client_resolved,1466,813350354744693,813350354849328,104635
574,client_send,1466,813350354872505,813350354879172,6667
574,client_reply,1466,813350355294901,813350355317505,22604
574,client_resume,1466,813350355466568,813350355491099,24531
575,client_registered,1466,813350355694745,813350355710422,15677
575,client_entry,1466,813350355543911,813350355723026,179115
575,client_resolved,1466,813350355649276,813350355729536,80260
575,client_send,1466,813350355753963,813350355763182,9219
575,client_reply,1466,813350356275995,813350356297036,21041
575,client_resume,1466,813350356439328,813350356481828,42500
576,client_registered,1466,813350356706099,813350356724276,18177
576,client_entry,1466,813350356533495,813350356735578,202083
576,client_resolved,1466,813350356639797,813350356741515,101718
576,client_send,1466,813350356765682,813350356773547,7865
576,client_reply,1466,813350357197922,813350357219693,21771
576,client_resume,1466,813350357350057,813350357373286,23229
577,client_registered,1466,813350357573703,813350357587765,14062
577,client_entry,1466,813350357424380,813350357596776,172396
577,client_resolved,1466,813350357529224,813350357602401,73177
577,client_send,1466,813350357625630,813350357633599,7969
577,client_reply,1466,813350358027609,813350358047505,19896
577,client_resume,1466,813350358178755,813350358196099,17344
578,client_registered,1466,813350358397036,813350358431359,34323
578,client_entry,1466,813350358244328,813350358441255,196927
578,client_resolved,1466,813350358348026,813350358446620,98594
578,client_send,1466,813350358468703,813350358475422,6719
578,client_reply,1466,813350358848599,813350358869849,21250
578,client_resume,1466,813350358997505,813350359024172,26667
579,client_registered,1466,813350359225370,813350359240057,14687
579,client_entry,1466,813350359074953,813350359253495,178542
579,client_resolved,1466,813350359181255,813350359259276,78021
579,client_send,1466,813350359284172,813350359292401,8229
579,client_reply,1466,813350359717765,813350359738495,20730
579,client_resume,1466,813350359881672,813350359905786,24114
580,client_registered,1466,813350360134068,813350360152818,18750
580,client_entry,1466,813350359955995,813350360179172,223177
580,client_resolved,1466,813350360052193,813350360185578,133385
580,client_send,1466,813350360210526,813350360219745,9219
580,client_reply,1466,813350360628338,813350360649015,20677
580,client_resume,1466,813350360778547,813350360796411,17864
581,client_registered,1466,813350360992088,813350361006880,14792
581,client_entry,1466,813350360846672,813350361016047,169375
581,client_resolved,1466,813350360945630,813350361023599,77969
581,client_send,1466,813350361047818,813350361055213,7395
581,client_reply,1466,813350361522401,813350361558963,36562
581,client_resume,1466,813350361704901,813350361725682,20781
582,client_registered,1466,813350361936672,813350361950995,14323
582,client_entry,1466,813350361780318,813350361961620,181302
582,client_resolved,1466,813350361884745,813350361975734,90989
582,client_send,1466,813350362000109,813350362007870,7761
582,client_reply,1466,813350362577349,813350362601828,24479
582,client_resume,1466,813350362749849,813350362774640,24791
583,client_registered,1466,813350362983286,813350363000578,17292
583,client_entry,1466,813350362828234,813350363014172,185938
583,client_resolved,1466,813350362936776,813350363020318,83542
583,client_send,1466,813350363046047,813350363055318,9271
583,client_reply,1466,813350363520318,813350363541932,21614
583,client_resume,1466,813350363680786,813350363699797,19011
584,client_registered,1466,813350363924276,813350363942609,18333
584,client_entry,1466,813350363758911,813350363952245,193334
584,client_resolved,1466,813350363874380,813350363957713,83333
584,client_send,1466,813350363982453,813350364000995,18542
584,client_reply,1466,813350364538390,813350364559328,20938
584,client_resume,1466,813350364697297,813350364722922,25625
585,client_registered,1466,813350364927713,813350364940213,12500
585,client_entry,1466,813350364774849,813350364948911,174062
585,client_resolved,1466,813350364882140,813350364955109,72969
585,client_send,1466,813350364976099,813350364982765,6666
585,client_reply,1466,813350365383859,813350365403651,19792
585,client_resume,1466,813350365531776,813350365558963,27187
586,client_registered,1466,813350365757505,813350365770890,13385
586,client_entry,1466,813350365610682,813350365779640,168958
586,client_resolved,1466,813350365713286,813350365784328,71042
586,client_send,1466,813350365804745,813350365810630,5885
586,client_reply,1466,813350366205578,813350366225318,19740
586,client_resume,1466,813350366354380,813350366381932,27552
587,client_registered,1466,813350366598390,813350366615370,16980
587,client_entry,1466,813350366438443,813350366626463,188020
587,client_resolved,1466,813350366549536,813350366631880,82344
587,client_send,1466,813350366657609,813350366666307,8698
587,client_reply,1466,813350367092401,813350367113963,21562
587,client_resume,1466,813350367261307,813350367276463,15156
588,client_registered,1466,813350367472036,813350367488755,16719
588,client_entry,1466,813350367329120,813350367499380,170260
588,client_resolved,1466,813350367426307,813350367505109,78802
588,client_send,1466,813350367527557,813350367534172,6615
588,client_reply,1466,813350368047974,813350368070161,22187
588,client_resume,1466,813350368220057,813350368242765,22708
589,client_registered,1466,813350368473182,813350368489901,16719
589,client_entry,1466,813350368311620,813350368505057,193437
589,client_resolved,1466,813350368427088,813350368512088,85000
589,client_send,1466,813350368540422,813350368549745,9323
589,client_reply,1466,813350369052453,813350369076724,24271
589,client_resume,1466,813350369228443,813350369257505,29062
590,client_registered,1466,813350369475995,813350369495838,19843
590,client_entry,1466,813350369312505,813350369507713,195208
590,client_resolved,1466,813350369423286,813350369513182,89896
590,client_send,1466,813350369537349,813350369545526,8177
590,client_reply,1466,813350369962974,813350369985995,23021
590,client_resume,1466,813350370138807,813350370164015,25208
591,client_registered,1466,813350370380109,813350370395161,15052
591,client_entry,1466,813350370215943,813350370405526,189583
591,client_resolved,1466,813350370334536,813350370410578,76042
591,client_send,1466,813350370433078,813350370440265,7187
591,client_reply,1466,813350370860578,813350370882609,22031
591,client_resume,1466,813350371032401,813350371057505,25104
592,client_registered,1466,813350371269068,813350371285161,16093
592,client_entry,1466,813350371111828,813350371298078,186250
592,client_resolved,1466,813350371221359,813350371303963,82604
592,client_send,1466,813350371330005,813350371339120,9115
592,client_reply,1466,813350371852505,813350371874224,21719
592,client_resume,1466,813350372043859,813350372073026,29167
593,client_registered,1466,813350372418911,813350372439849,20938
593,client_entry,1466,813350372241099,813350372450682,209583
593,client_resolved,1466,813350372358651,813350372456099,97448
593,client_send,1466,813350372480838,813350372487870,7032
593,client_reply,1466,813350372941932,813350372965943,24011
593,client_resume,1466,813350373135995,813350373163078,27083
594,client_registered,1466,813350373379797,813350373395786,15989
594,client_entry,1466,813350373218547,813350373405109,186562
594,client_resolved,1466,813350373333078,813350373413026,79948
594,client_send,1466,813350373443703,813350373455109,11406
594,client_reply,1466,813350373898807,813350373941515,42708
594,client_resume,1466,813350374083182,813350374112401,29219
595,client_registered,1466,813350374337036,813350374351099,14063
595,client_entry,1466,813350374166307,813350374361203,194896
595,client_resolved,1466,813350374278130,813350374369380,91250
595,client_send,1466,813350374396307,813350374406359,10052
595,client_reply,1466,813350374851880,813350374873182,21302
595,client_resume,1466,813350375080370,813350375103859,23489
596,client_registered,1466,813350375321672,813350375334693,13021
596,client_entry,1466,813350375152870,813350375342765,189895
596,client_resolved,1466,813350375245838,813350375348338,102500
596,client_send,1466,813350375370995,813350375377505,6510
596,client_reply,1466,813350375814536,813350375838130,23594
596,client_resume,1466,813350375986255,813350376014172,27917
597,client_registered,1466,813350376295786,813350376311828,16042
597,client_entry,1466,813350376070422,813350376318963,248541
597,client_resolved,1466,813350376216672,813350376324380,107708
597,client_send,1466,813350376349693,813350376356359,6666
597,client_reply,1466,813350376812245,813350376833911,21666
597,client_resume,1466,813350376967297,813350376985890,18593
598,client_registered,1466,813350377189328,813350377203651,14323
598,client_entry,1466,813350377038547,813350377212818,174271
598,client_resolved,1466,813350377140422,813350377218599,78177
598,client_send,1466,813350377242036,813350377250265,8229
598,client_reply,1466,813350377658130,813350377682661,24531
598,client_resume,1466,813350377813859,813350377831463,17604
599,client_registered,1466,813350378021776,813350378046463,24687
599,client_entry,1466,813350377879536,813350378058078,178542
599,client_resolved,1466,813350377977609,813350378064640,87031
599,client_send,1466,813350378087609,813350378095005,7396
599,client_reply,1466,813350378746880,813350378779172,32292
599,client_resume,1466,813350378928338,813350378953026,24688
600,client_registered,1466,813350379178547,813350379199484,20937
600,client_entry,1466,813350379012401,813350379214380,201979
600,client_resolved,1466,813350379131880,813350379220474,88594
600,client_send,1466,813350379248963,813350379257193,8230
600,client_reply,1466,813350379718911,813350379744380,25469
600,client_resume,1466,813350379905057,813350379933443,28386
601,client_registered,1466,813350380247505,813350380262088,14583
601,client_entry,1466,813350379994745,813350380281672,286927
601,client_resolved,1466,813350380192193,813350380289432,97239
601,client_send,1466,813350380315630,813350380324224,8594
601,client_reply,1466,813350380782088,813350380804172,22084
601,client_resume,1466,813350380954797,813350380978286,23489
602,client_registered,1466,813350381170422,813350381185838,15416
602,client_entry,1466,813350381028443,813350381198963,170520
602,client_resolved,1466,813350381128234,813350381207765,79531
602,client_send,1466,813350381232297,813350381240474,8177
602,client_reply,1466,813350381695786,813350381718807,23021
602,client_resume,1466,813350381859224,813350381885318,26094
603,client_registered,1466,813350382077088,813350382091255,14167
603,client_entry,1466,813350381933911,813350382103338,169427
603,client_resolved,1466,813350382034484,813350382119640,85156
603,client_send,1466,813350382144380,813350382153495,9115
603,client_reply,1466,813350382594953,813350382617713,22760
603,client_resume,1466,813350382762557,813350382784901,22344
604,client_registered,1466,813350382997140,813350383017765,20625
604,client_entry,1466,813350382838286,813350383029276,190990
604,client_resolved,1466,813350382947297,813350383035370,88073
604,client_send,1466,813350383057974,813350383065370,7396
604,client_reply,1466,813350383549380,813350383574015,24635
604,client_resume,1466,813350383722349,813350383745057,22708
605,client_registered,1466,813350383940578,813350383954224,13646
605,client_entry,1466,813350383795578,813350383963807,168229
605,client_resolved,1466,813350383896776,813350383969380,72604
605,client_send,1466,813350383991307,813350384015318,24011
605,client_reply,1466,813350384490318,813350384512818,22500
605,client_resume,1466,813350384663443,813350384683130,19687
606,client_registered,1466,813350384875161,813350384889797,14636
606,client_entry,1466,813350384733078,813350384901099,168021
606,client_resolved,1466,813350384831255,813350384906515,75260
606,client_send,1466,813350384927974,813350384934745,6771
606,client_reply,1466,813350385424953,813350385449224,24271
606,client_resume,1466,813350385598390,813350385621724,23334
607,client_registered,1466,813350385815005,813350385830213,15208
607,client_entry,1466,813350385673495,813350385844015,170520
607,client_resolved,1466,813350385772193,813350385850318,78125
607,client_send,1466,813350385876359,813350385886880,10521
607,client_reply,1466,813350386341463,813350386370578,29115
607,client_resume,1466,813350386511620,813350386543078,31458
608,client_registered,1466,813350386739588,813350386761203,21615
608,client_entry,1466,813350386594745,813350386772505,177760
608,client_resolved,1466,813350386695578,813350386778130,82552
608,client_send,1466,813350386802922,813350386810943,8021
608,client_reply,1466,813350387249953,813350387274797,24844
608,client_resume,1466,813350387484901,813350387504797,19896
609,client_registered,1466,813350387719849,813350387739380,19531
609,client_entry,1466,813350387555578,813350387751359,195781
609,client_resolved,1466,813350387668755,813350387757088,88333
609,client_send,1466,813350387780161,813350387787349,7188
609,client_reply,1466,813350388365370,813350388391359,25989
609,client_resume,1466,813350388570109,813350388590682,20573
610,client_registered,1466,813350388838495,813350388850943,12448
610,client_entry,1466,813350388672818,813350388860057,187239
610,client_resolved,1466,813350388795161,813350388865734,70573
610,client_send,1466,813350388888338,813350388895265,6927
610,client_reply,1466,813350389366411,813350389392297,25886
610,client_resume,1466,813350389532661,813350389557193,24532
611,client_registered,1466,813350389755161,813350389769015,13854
611,client_entry,1466,813350389609328,813350389780318,170990
611,client_resolved,1466,813350389712349,813350389785474,73125
611,client_send,1466,813350389810265,813350389819172,8907
611,client_reply,1466,813350390270943,813350390293495,22552
611,client_resume,1466,813350390443911,813350390464484,20573
612,client_registered,1466,813350390679745,813350390695630,15885
612,client_entry,1466,813350390517088,813350390706047,188959
612,client_resolved,1466,813350390633390,813350390710890,77500
612,client_send,1466,813350390732818,813350390739797,6979
612,client_reply,1466,813350391219901,813350391245734,25833
612,client_resume,1466,813350391408130,813350391430318,22188
613,client_registered,1466,813350391628443,813350391643599,15156
613,client_entry,1466,813350391484120,813350391654276,170156
613,client_resolved,1466,813350391584588,813350391659797,75209
613,client_send,1466,813350391680161,813350391686828,6667
613,client_reply,1466,813350392182765,813350392206568,23803
613,client_resume,1466,813350392365057,813350392387661,22604
614,client_registered,1466,813350392605213,813350392616515,11302
614,client_entry,1466,813350392438026,813350392625213,187187
614,client_resolved,1466,813350392535474,813350392630422,94948
614,client_send,1466,813350392652401,813350392658703,6302
614,client_reply,1466,813350393122036,813350393145838,23802
614,client_resume,1466,813350393296932,813350393315161,18229
615,client_registered,1466,813350393520890,813350393537140,16250
615,client_entry,1466,813350393365943,813350393547088,181145
615,client_resolved,1466,813350393474953,813350393552870,77917
615,client_send,1466,813350393574380,813350393582036,7656
615,client_reply,1466,813350394060161,813350394084901,24740
615,client_resume,1466,813350394241515,813350394266932,25417
616,client_registered,1466,813350394497140,813350394508078,10938
616,client_entry,1466,813350394316724,813350394515786,199062
616,client_resolved,1466,813350394442713,813350394520995,78282
616,client_send,1466,813350394541099,813350394547922,6823
616,client_reply,1466,813350395075890,813350395099276,23386
616,client_resume,1466,813350395254328,813350395281411,27083
617,client_registered,1466,813350395546307,813350395566203,19896
617,client_entry,1466,813350395335370,813350395576932,241562
617,client_resolved,1466,813350395496255,813350395582922,86667
617,client_send,1466,813350395606047,813350395613338,7291
617,client_reply,1466,813350396052088,813350396073495,21407
617,client_resume,1466,813350396266932,813350396289068,22136
618,client_registered,1466,813350396505578,813350396530318,24740
618,client_entry,1466,813350396339745,813350396541672,201927
618,client_resolved,1466,813350396464172,813350396547713,83541
618,client_send,1466,813350396571620,813350396579745,8125
618,client_reply,1466,813350397177557,813350397203495,25938
618,client_resume,1466,813350397369172,813350397388859,19687
619,client_registered,1466,813350397586463,813350397600578,14115
619,client_entry,1466,813350397442349,813350397610005,167656
619,client_resolved,1466,813350397543078,813350397615630,72552
619,client_send,1466,813350397637713,813350397644640,6927
619,client_reply,1466,813350398105057,813350398129953,24896
619,client_resume,1466,813350398282818,813350398305265,22447
620,client_registered,1466,813350398539745,813350398553651,13906
620,client_entry,1466,813350398401776,813350398573390,171614
620,client_resolved,1466,813350398494953,813350398580057,85104
620,client_send,1466,813350398602765,813350398619224,16459
620,client_reply,1466,813350399133807,813350399164745,30938
620,client_resume,1466,813350399309588,813350399334745,25157
621,client_registered,1466,813350399526099,813350399538495,12396
621,client_entry,1466,813350399384797,813350399549224,164427
621,client_resolved,1466,813350399481463,813350399554432,72969
621,client_send,1466,813350399581932,813350399592245,10313
621,client_reply,1466,813350400038599,813350400062349,23750
621,client_resume,1466,813350400233338,813350400257245,23907
622,client_registered,1466,813350400444484,813350400457713,13229
622,client_entry,1466,813350400307036,813350400466672,159636
622,client_resolved,1466,813350400400265,813350400487193,86928
622,client_send,1466,813350400515057,813350400525474,10417
622,client_reply,1466,813350400960318,813350400982609,22291
622,client_resume,1466,813350401128599,813350401150265,21666
623,client_registered,1466,813350401352349,813350401366515,14166
623,client_entry,1466,813350401198755,813350401375578,176823
623,client_resolved,1466,813350401308338,813350401382036,73698
623,client_send,1466,813350401404536,813350401411255,6719
623,client_reply,1466,813350401915682,813350401941307,25625
623,client_resume,1466,813350402118443,813350402135943,17500
624,client_registered,1466,813350402325943,813350402340265,14322
624,client_entry,1466,813350402184588,813350402349328,164740
624,client_resolved,1466,813350402280161,813350402354380,74219
624,client_send,1466,813350402374745,813350402392713,17968
624,client_reply,1466,813350402910943,813350402934693,23750
624,client_resume,1466,813350403086255,813350403105943,19688
625,client_registered,1466,813350403300995,813350403318859,17864
625,client_entry,1466,813350403154224,813350403330422,176198
625,client_resolved,1466,813350403252870,813350403337193,84323
625,client_send,1466,813350403360734,813350403367922,7188
625,client_reply,1466,813350403874172,813350403900265,26093
625,client_resume,1466,813350404047453,813350404069015,21562
626,client_registered,1466,813350404368703,813350404382818,14115
626,client_entry,1466,813350404176880,813350404433651,256771
626,client_resolved,1466,813350404324380,813350404439849,115469
626,client_send,1466,813350404462505,813350404471515,9010
626,client_reply,1466,813350404971099,813350404999745,28646
626,client_resume,1466,813350405183599,813350405211411,27812
627,client_registered,1466,813350405432401,813350405449015,16614
627,client_entry,1466,813350405270161,813350405458547,188386
627,client_resolved,1466,813350405383859,813350405466047,82188
627,client_send,1466,813350405491724,813350405500422,8698
627,client_reply,1466,813350405990630,813350406015786,25156
627,client_resume,1466,813350406165161,813350406184901,19740
628,client_registered,1466,813350406380786,813350406395474,14688
628,client_entry,1466,813350406234693,813350406405213,170520
628,client_resolved,1466,813350406333078,813350406410057,76979
628,client_send,1466,813350406432245,813350406440318,8073
628,client_reply,1466,813350406891568,813350406915734,24166
628,client_resume,1466,813350407057453,813350407077036,19583
629,client_registered,1466,813350407445213,813350407456463,11250
629,client_entry,1466,813350407125578,813350407464588,339010
629,client_resolved,1466,813350407402245,813350407470995,68750
629,client_send,1466,813350407491411,813350407497922,6511
629,client_reply,1466,813350407900370,813350407921359,20989
629,client_resume,1466,813350408066255,813350408082297,16042
630,client_registered,1466,813350408348130,813350408365526,17396
630,client_entry,1466,813350408203390,813350408375109,171719
630,client_resolved,1466,813350408301515,813350408380161,78646
630,client_send,1466,813350408401047,813350408406776,5729
630,client_reply,1466,813350408839536,813350408863338,23802
630,client_resume,1466,813350409014849,813350409032922,18073
631,client_registered,1466,813350409245213,813350409261724,16511
631,client_entry,1466,813350409082140,813350409271359,189219
631,client_resolved,1466,813350409195318,813350409276620,81302
631,client_send,1466,813350409298182,813350409304901,6719
631,client_reply,1466,813350409772609,813350409799640,27031
631,client_resume,1466,813350409932193,813350409954015,21822
632,client_registered,1466,813350410149432,813350410165370,15938
632,client_entry,1466,813350410006984,813350410175474,168490
632,client_resolved,1466,813350410106463,813350410181151,74688
632,client_send,1466,813350410203755,813350410212036,8281
632,client_reply,1466,813350410655682,813350410680370,24688
632,client_resume,1466,813350410821932,813350410846463,24531
633,client_registered,1466,813350411051255,813350411065578,14323
633,client_entry,1466,813350410897870,813350411073755,175885
633,client_resolved,1466,813350410995734,813350411079224,83490
633,client_send,1466,813350411101255,813350411108078,6823
633,client_reply,1466,813350411581724,813350411607245,25521
633,client_resume,1466,813350411733651,813350411755630,21979
634,client_registered,1466,813350411951620,813350411966932,15312
634,client_entry,1466,813350411806984,813350411976932,169948
634,client_resolved,1466,813350411908338,813350411982661,74323
634,client_send,1466,813350412003911,813350412011463,7552
634,client_reply,1466,813350412575734,813350412599693,23959
634,client_resume,1466,813350412733182,813350412759328,26146
635,client_registered,1466,813350412962974,813350412977557,14583
635,client_entry,1466,813350412808911,813350412987193,178282
635,client_resolved,1466,813350412905161,813350412992453,87292
635,client_send,1466,813350413017088,813350413026568,9480
635,client_reply,1466,813350413462557,813350413487297,24740
635,client_resume,1466,813350413637713,813350413659953,22240
636,client_registered,1466,813350413871151,813350413889276,18125
636,client_entry,1466,813350413717140,813350413899849,182709
636,client_resolved,1466,813350413824745,813350413907818,83073
636,client_send,1466,813350413934797,813350413942557,7760
636,client_reply,1466,813350414430318,813350414453338,23020
636,client_resume,1466,813350414582818,813350414611359,28541
637,client_registered,1466,813350414813755,813350414846880,33125
637,client_entry,1466,813350414662297,813350414858651,196354
637,client_resolved,1466,813350414768755,813350414864380,95625
637,client_send,1466,813350414890838,813350414897922,7084
637,client_reply,1466,813350415312088,813350415334015,21927
637,client_resume,1466,813350415471255,813350415499068,27813
638,client_registered,1466,813350415692036,813350415706984,14948
638,client_entry,1466,813350415550161,813350415715734,165573
638,client_resolved,1466,813350415649693,813350415722609,72916
638,client_send,1466,813350415745109,813350415753130,8021
638,client_reply,1466,813350416181463,813350416203859,22396
638,client_resume,1466,813350416342765,813350416367088,24323
639,client_registered,1466,813350416555422,813350416570943,15521
639,client_entry,1466,813350416416307,813350416598599,182292
639,client_resolved,1466,813350416511203,813350416606047,94844
639,client_send,1466,813350416631880,813350416640526,8646
639,client_reply,1466,813350417038443,813350417058390,19947
639,client_resume,1466,813350417183286,813350417200474,17188
640,client_registered,1466,813350417406880,813350417424953,18073
640,client_entry,1466,813350417252297,813350417436099,183802
640,client_resolved,1466,813350417354745,813350417441776,87031
640,client_send,1466,813350417465838,813350417472036,6198
640,client_reply,1466,813350417901776,813350417923026,21250
640,client_resume,1466,813350418053026,813350418080422,27396
641,client_registered,1466,813350418280578,813350418297401,16823
641,client_entry,1466,813350418132557,813350418308026,175469
641,client_resolved,1466,813350418237193,813350418325057,87864
641,client_send,1466,813350418351568,813350418359120,7552
641,client_reply,1466,813350418762609,813350418784693,22084
641,client_resume,1466,813350418934901,813350418963859,28958
642,client_registered,1466,813350419161828,813350419178390,16562
642,client_entry,1466,813350419015161,813350419191776,176615
642,client_resolved,1466,813350419119745,813350419199120,79375
642,client_send,1466,813350419225109,813350419234953,9844
642,client_reply,1466,813350419640578,813350419662088,21510
642,client_resume,1466,813350419797401,813350419823390,25989
643,client_registered,1466,813350420015422,813350420028495,13073
643,client_entry,1466,813350419874588,813350420038130,163542
643,client_resolved,1466,813350419972765,813350420043703,70938
643,client_send,1466,813350420067349,813350420086411,19062
643,client_reply,1466,813350420628703,813350420650265,21562
643,client_resume,1466,813350420802922,813350420828078,25156
644,client_registered,1466,813350421032088,813350421048599,16511
644,client_entry,1466,813350420881411,813350421064588,183177
644,client_resolved,1466,813350420989172,813350421070838,81666
644,client_send,1466,813350421096359,813350421106828,10469
644,client_reply,1466,813350421550786,813350421572661,21875
644,client_resume,1466,813350421705161,813350421722557,17396
645,client_registered,1466,813350421936672,813350421954588,17916
645,client_entry,1466,813350421777453,813350421963599,186146
645,client_resolved,1466,813350421888963,813350421969015,80052
645,client_send,1466,813350421991984,813350421998755,6771
645,client_reply,1466,813350422398703,813350422435734,37031
645,client_resume,1466,813350422573599,813350422613182,39583
646,client_registered,1466,813350422820943,813350422839745,18802
646,client_entry,1466,813350422666828,813350422851047,184219
646,client_resolved,1466,813350422777193,813350422858963,81770
646,client_send,1466,813350422885265,813350422895734,10469
646,client_reply,1466,813350423303026,813350423325630,22604
646,client_resume,1466,813350423459068,813350423478338,19270
647,client_registered,1466,813350423674380,813350423691984,17604
647,client_entry,1466,813350423529432,813350423703703,174271
647,client_resolved,1466,813350423628703,813350423709276,80573
647,client_send,1466,813350423734120,813350423742401,8281
647,client_reply,1466,813350424170890,813350424194693,23803
647,client_resume,1466,813350424320943,813350424341307,20364
648,client_registered,1466,813350424586515,813350424608026,21511
648,client_entry,1466,813350424420370,813350424622661,202291
648,client_resolved,1466,813350424534224,813350424629901,95677
648,client_send,1466,813350424658130,813350424666672,8542
648,client_reply,1466,813350425107870,813350425133182,25312
648,client_resume,1466,813350425294172,813350425322557,28385
649,client_registered,1466,813350425551203,813350425569536,18333
649,client_entry,1466,813350425380838,813350425580786,199948
649,client_resolved,1466,813350425500161,813350425587505,87344
649,client_send,1466,813350425615786,813350425626099,10313
649,client_reply,1466,813350426103443,813350426127765,24322
649,client_resume,1466,813350426293390,813350426322245,28855
650,client_registered,1466,813350426558755,813350426575943,17188
650,client_entry,1466,813350426379432,813350426587349,207917
650,client_resolved,1466,813350426510422,813350426592765,82343
650,client_send,1466,813350426620265,813350426633182,12917
650,client_reply,1466,813350427088182,813350427110005,21823
650,client_resume,1466,813350427267245,813350427295474,28229
651,client_registered,1466,813350427574693,813350427596620,21927
651,client_entry,1466,813350427352505,813350427608234,255729
651,client_resolved,1466,813350427524745,813350427613130,88385
651,client_send,1466,813350427637245,813350427645370,8125
651,client_reply,1466,813350428058443,813350428081151,22708
651,client_resume,1466,813350428348547,813350428372713,24166
652,client_registered,1466,813350428605995,813350428623599,17604
652,client_entry,1466,813350428427297,813350428633078,205781
652,client_resolved,1466,813350428543495,813350428638130,94635
652,client_send,1466,813350428663755,813350428672765,9010
652,client_reply,1466,813350429073390,813350429096984,23594
652,client_resume,1466,813350429231568,813350429261047,29479
653,client_registered,1466,813350429473078,813350429491620,18542
653,client_entry,1466,813350429315838,813350429507401,191563
653,client_resolved,1466,813350429427818,813350429513338,85520
653,client_send,1466,813350429540057,813350429550109,10052
653,client_reply,1466,813350429972765,813350429996099,23334
653,client_resume,1466,813350430141672,813350430167401,25729
654,client_registered,1466,813350430381411,813350430395943,14532
654,client_entry,1466,813350430221099,813350430409276,188177
654,client_resolved,1466,813350430324797,813350430414797,90000
654,client_send,1466,813350430442036,813350430452713,10677
654,client_reply,1466,813350430862870,813350430884328,21458
654,client_resume,1466,813350431037974,813350431063182,25208
655,client_registered,1466,813350431263911,813350431280005,16094
655,client_entry,1466,813350431117193,813350431290943,173750
655,client_resolved,1466,813350431221724,813350431295474,73750
655,client_send,1466,813350431318338,813350431326307,7969
655,client_reply,1466,813350431738286,813350431760005,21719
655,client_resume,1466,813350431906411,813350431931932,25521
656,client_registered,1466,813350432183390,813350432198963,15573
656,client_entry,1466,813350431986203,813350432209172,222969
656,client_resolved,1466,813350432085995,813350432216463,130468
656,client_send,1466,813350432242245,813350432251880,9635
656,client_reply,1466,813350432651776,813350432673338,21562
656,client_resume,1466,813350432819588,813350432846047,26459
657,client_registered,1466,813350433041880,813350433057557,15677
657,client_entry,1466,813350432896203,813350433067401,171198
657,client_resolved,1466,813350432998547,813350433072661,74114
657,client_send,1466,813350433096255,813350433103547,7292
657,client_reply,1466,813350433535057,813350433556099,21042
657,client_resume,1466,813350433697870,813350433725318,27448
658,client_registered,1466,813350433917245,813350433943234,25989
658,client_entry,1466,813350433775890,813350433953078,177188
658,client_resolved,1466,813350433873547,813350433958859,85312
658,client_send,1466,813350433985682,813350433995995,10313
658,client_reply,1466,813350434389640,813350434418495,28855
658,client_resume,1466,813350434554484,813350434581047,26563
659,client_registered,1466,813350434776255,813350434790318,14063
659,client_entry,1466,813350434633755,813350434799172,165417
659,client_resolved,1466,813350434734536,813350434804953,70417
659,client_send,1466,813350434827036,813350434833963,6927
659,client_reply,1466,813350435239380,813350435259380,20000
659,client_resume,1466,813350435398130,813350435419484,21354
660,client_registered,1466,813350435691307,813350435709380,18073
660,client_entry,1466,813350435473807,813350435731776,257969
660,client_resolved,1466,813350435635265,813350435741463,106198
660,client_send,1466,813350435770109,813350435779484,9375
660,client_reply,1466,813350436341099,813350436364015,22916
660,client_resume,1466,813350436528599,813350436556672,28073
661,client_registered,1466,813350436811099,813350436828963,17864
661,client_entry,1466,813350436609120,813350436838234,229114
661,client_resolved,1466,813350436719745,813350436843338,123593
661,client_send,1466,813350436865786,813350436871880,6094
661,client_reply,1466,813350437431515,813350437465318,33803
661,client_resume,1466,813350437615682,813350437640057,24375
662,client_registered,1466,813350437857245,813350437873234,15989
662,client_entry,1466,813350437693703,813350437883443,189740
662,client_resolved,1466,813350437809328,813350437897765,88437
662,client_send,1466,813350437923703,813350437931151,7448
662,client_reply,1466,813350438355995,813350438377661,21666
662,client_resume,1466,813350438517818,813350438543859,26041
663,client_registered,1466,813350438757245,813350438778286,21041
663,client_entry,1466,813350438595422,813350438790318,194896
663,client_resolved,1466,813350438707297,813350438795578,88281
663,client_send,1466,813350438820265,813350438827609,7344
663,client_reply,1466,813350439244901,813350439266307,21406
663,client_resume,1466,813350439418651,813350439445943,27292
664,client_registered,1466,813350439640838,813350439656880,16042
664,client_entry,1466,813350439497349,813350439667349,170000
664,client_resolved,1466,813350439598182,813350439672297,74115
664,client_send,1466,813350439694901,813350439721359,26458
664,client_reply,1466,813350440179849,813350440203130,23281
664,client_resume,1466,813350440357557,813350440382974,25417
665,client_registered,1466,813350440578130,813350440594745,16615
665,client_entry,1466,813350440433963,813350440609432,175469
665,client_resolved,1466,813350440537036,813350440615734,78698
665,client_send,1466,813350440642765,813350440652036,9271
665,client_reply,1466,813350441079849,813350441101099,21250
665,client_resume,1466,813350441222297,813350441238078,15781
666,client_registered,1466,813350441442974,813350441457557,14583
666,client_entry,1466,813350441291620,813350441467297,175677
666,client_resolved,1466,813350441397193,813350441472193,75000
666,client_send,1466,813350441495161,813350441502245,7084
666,client_reply,1466,813350442015838,813350442040161,24323
666,client_resume,1466,813350442174224,813350442213599,39375
667,client_registered,1466,813350442425057,813350442443078,18021
667,client_entry,1466,813350442269015,813350442459380,190365
667,client_resolved,1466,813350442381932,813350442465838,83906
667,client_send,1466,813350442491047,813350442499224,8177
667,client_reply,1466,813350442973078,813350443000057,26979
667,client_resume,1466,813350443113599,813350443136307,22708
668,client_registered,1466,813350443328182,813350443343130,14948
668,client_entry,1466,813350443186411,813350443356411,170000
668,client_resolved,1466,813350443286307,813350443362609,76302
668,client_send,1466,813350443387088,813350443397245,10157
668,client_reply,1466,813350443994640,813350444025682,31042
668,client_resume,1466,813350444166672,813350444190578,23906
669,client_registered,1466,813350444459588,813350444479224,19636
669,client_entry,1466,813350444253026,813350444491620,238594
669,client_resolved,1466,813350444393390,813350444499693,106303
669,client_send,1466,813350444528599,813350444537245,8646
669,client_reply,1466,813350445067140,813350445099172,32032
669,client_resume,1466,813350445240943,813350445268390,27447
670,client_registered,1466,813350445521099,813350445538390,17291
670,client_entry,1466,813350445333963,813350445550474,216511
670,client_resolved,1466,813350445464745,813350445559276,94531
670,client_send,1466,813350445592088,813350445604745,12657
670,client_reply,1466,813350446153807,813350446183234,29427
670,client_resume,1466,813350446324849,813350446351515,26666
671,client_registered,1466,813350446610786,813350446628286,17500
671,client_entry,1466,813350446415526,813350446639693,224167
671,client_resolved,1466,813350446553703,813350446647713,94010
671,client_send,1466,813350446683651,813350446695838,12187
671,client_reply,1466,813350447225265,813350447264380,39115
671,client_resume,1466,813350447407557,813350447433390,25833
672,client_registered,1466,813350447689588,813350447711307,21719
672,client_entry,1466,813350447498703,813350447725786,227083
672,client_resolved,1466,813350447624953,813350447734693,109740
672,client_send,1466,813350447767453,813350447777088,9635
672,client_reply,1466,813350448299380,813350448330057,30677
672,client_resume,1466,813350448468963,813350448494693,25730
673,client_registered,1466,813350448769640,813350448784380,14740
673,client_entry,1466,813350448560734,813350448797609,236875
673,client_resolved,1466,813350448685630,813350448805630,120000
673,client_send,1466,813350448837349,813350448850943,13594
673,client_reply,1466,813350449375630,813350449404901,29271
673,client_resume,1466,813350449545422,813350449571672,26250
674,client_registered,1466,813350449815734,813350449834745,19011
674,client_entry,1466,813350449634745,813350449851672,216927
674,client_resolved,1466,813350449757922,813350449861151,103229
674,client_send,1466,813350449892609,813350449902922,10313
674,client_reply,1466,813350450433755,813350450462557,28802
674,client_resume,1466,813350450603130,813350450628338,25208
675,client_registered,1466,813350450894380,813350450908859,14479
675,client_entry,1466,813350450690734,813350450918547,227813
675,client_resolved,1466,813350450817245,813350450925318,108073
675,client_send,1466,813350450955682,813350450964432,8750
675,client_reply,1466,813350451578755,813350451615682,36927
675,client_resume,1466,813350451793859,813350451825161,31302
676,client_registered,1466,813350452203443,813350452222453,19010
676,client_entry,1466,813350451907557,813350452245422,337865
676,client_resolved,1466,813350452067245,813350452256359,189114
676,client_send,1466,813350452293599,813350452306359,12760
676,client_reply,1466,813350452997505,813350453038547,41042
676,client_resume,1466,813350453220370,813350453252297,31927
677,client_registered,1466,813350453575630,813350453620526,44896
677,client_entry,1466,813350453337818,813350453636047,298229
677,client_resolved,1466,813350453500734,813350453645682,144948
677,client_send,1466,813350453682505,813350453694693,12188
677,client_reply,1466,813350454362922,813350454400213,37291
677,client_resume,1466,813350454578807,813350454611828,33021
678,client_registered,1466,813350454934484,813350454955265,20781
678,client_entry,1466,813350454697609,813350454970213,272604
678,client_resolved,1466,813350454859120,813350454979745,120625
678,client_send,1466,813350455015838,813350455027557,11719
678,client_reply,1466,813350455708443,813350455750265,41822
678,client_resume,1466,813350455934484,813350455970526,36042
679,client_registered,1466,813350456370526,813350456400838,30312
679,client_entry,1466,813350456057818,813350456433651,375833
679,client_resolved,1466,813350456290630,813350456446463,155833
679,client_send,1466,813350456485005,813350456498390,13385
679,client_reply,1466,813350457193703,813350457231984,38281
679,client_resume,1466,813350457412818,813350457446099,33281
680,client_registered,1466,813350457767765,813350457786307,18542
680,client_entry,1466,813350457530109,813350457800995,270886
680,client_resolved,1466,813350457690578,813350457810734,120156
680,client_send,1466,813350457847140,813350457858078,10938
680,client_reply,1466,813350458515682,813350458555943,40261
680,client_resume,1466,813350458806307,813350458834380,28073
681,client_registered,1466,813350459103703,813350459127349,23646
681,client_entry,1466,813350458901984,813350459141672,239688
681,client_resolved,1466,813350459044224,813350459175213,130989
681,client_send,1466,813350459213286,813350459227974,14688
681,client_reply,1466,813350459890474,813350459930630,40156
681,client_resume,1466,813350460186255,813350460280057,93802
682,client_registered,1466,813350460591411,813350460615786,24375
682,client_entry,1466,813350460365630,813350460632453,266823
682,client_resolved,1466,813350460522036,813350460640526,118490
682,client_send,1466,813350460674068,813350460684432,10364
682,client_reply,1466,813350461432661,813350461468703,36042
682,client_resume,1466,813350461676463,813350461711099,34636
683,client_registered,1466,813350462032505,813350462052609,20104
683,client_entry,1466,813350461786255,813350462072349,286094
683,client_resolved,1466,813350461965109,813350462085318,120209
683,client_send,1466,813350462121099,813350462145265,24166
683,client_reply,1466,813350462876620,813350462908807,32187
683,client_resume,1466,813350463126307,813350463164328,38021
684,client_registered,1466,813350463473547,813350463497193,23646
684,client_entry,1466,813350463246463,813350463513911,267448
684,client_resolved,1466,813350463407088,813350463523859,116771
684,client_send,1466,813350463563338,813350463579328,15990
684,client_reply,1466,813350464242818,813350464285630,42812
684,client_resume,1466,813350464509797,813350464544432,34635
685,client_registered,1466,813350464839640,813350464863078,23438
685,client_entry,1466,813350464620995,813350464879224,258229
685,client_resolved,1466,813350464771880,813350464887713,115833
685,client_send,1466,813350464921411,813350464931776,10365
685,client_reply,1466,813350465540943,813350465572609,31666
685,client_resume,1466,813350465781463,813350465821724,40261
686,client_registered,1466,813350466137036,813350466159536,22500
686,client_entry,1466,813350465903547,813350466175890,272343
686,client_resolved,1466,813350466064588,813350466183807,119219
686,client_send,1466,813350466219693,813350466230682,10989
686,client_reply,1466,813350466867974,813350466904484,36510
686,client_resume,1466,813350467114328,813350467147661,33333
687,client_registered,1466,813350467448599,813350467467661,19062
687,client_entry,1466,813350467224640,813350467479536,254896
687,client_resolved,1466,813350467378911,813350467488182,109271
687,client_send,1466,813350467522297,813350467534536,12239
687,client_reply,1466,813350468171515,813350468206463,34948
687,client_resume,1466,813350468409849,813350468433911,24062
688,client_registered,1466,813350468745005,813350468770422,25417
688,client_entry,1466,813350468523182,813350468790318,267136
688,client_resolved,1466,813350468673390,813350468798286,124896
688,client_send,1466,813350468835161,813350468848182,13021
688,client_reply,1466,813350469455474,813350469489901,34427
688,client_resume,1466,813350469707245,813350469747505,40260
689,client_registered,1466,813350470073755,813350470106463,32708
689,client_entry,1466,813350469830265,813350470123599,293334
689,client_resolved,1466,813350469996359,813350470133859,137500
689,client_send,1466,813350470170682,813350470183182,12500
689,client_reply,1466,813350470802193,813350470833443,31250
689,client_resume,1466,813350471059797,813350471097349,37552
690,client_registered,1466,813350471445943,813350471471203,25260
690,client_entry,1466,813350471178130,813350471486047,307917
690,client_resolved,1466,813350471373859,813350471494797,120938
690,client_send,1466,813350471529901,813350471540838,10937
690,client_reply,1466,813350472165213,813350472196255,31042
690,client_resume,1466,813350472401984,813350472432297,30313
691,client_registered,1466,813350472752140,813350472777974,25834
691,client_entry,1466,813350472509432,813350472794693,285261
691,client_resolved,1466,813350472676776,813350472802974,126198
691,client_send,1466,813350472837245,813350472849693,12448
691,client_reply,1466,813350473506151,813350473540682,34531
691,client_resume,1466,813350473753234,813350473789797,36563
692,client_registered,1466,813350474116047,813350474137661,21614
692,client_entry,1466,813350473867922,813350474157193,289271
692,client_resolved,1466,813350474028599,813350474166047,137448
692,client_send,1466,813350474204953,813350474219380,14427
692,client_reply,1466,813350474862036,813350474895526,33490
692,client_resume,1466,813350475092245,813350475117140,24895
693,client_registered,1466,813350475428807,813350475452557,23750
693,client_entry,1466,813350475200422,813350475469745,269323
693,client_resolved,1466,813350475356307,813350475478390,122083
693,client_send,1466,813350475513130,813350475523234,10104
693,client_reply,1466,813350476197765,813350476235630,37865
693,client_resume,1466,813350476447922,813350476476620,28698
694,client_registered,1466,813350476869015,813350476893443,24428
694,client_entry,1466,813350476557609,813350476911099,353490
694,client_resolved,1466,813350476710474,813350476919797,209323
694,client_send,1466,813350476961568,813350476978338,16770
694,client_reply,1466,813350477604640,813350477639484,34844
694,client_resume,1466,813350477861151,813350477899953,38802
695,client_registered,1466,813350478246203,813350478276984,30781
695,client_entry,1466,813350477984015,813350478294380,310365
695,client_resolved,1466,813350478162193,813350478303651,141458
695,client_send,1466,813350478340526,813350478352765,12239
695,client_reply,1466,813350479008390,813350479042245,33855
695,client_resume,1466,813350479259120,813350479289224,30104
696,client_registered,1466,813350479672818,813350479715109,42291
696,client_entry,1466,813350479373703,813350479729640,355937
696,client_resolved,1466,813350479591828,813350479738859,147031
696,client_send,1466,813350479774068,813350479786828,12760
696,client_reply,1466,813350480547036,813350480586880,39844
696,client_resume,1466,813350480877505,813350480918234,40729
697,client_registered,1466,813350481250005,813350481273703,23698
697,client_entry,1466,813350481006359,813350481290005,283646
697,client_resolved,1466,813350481173807,813350481299276,125469
697,client_send,1466,813350481336359,813350481347818,11459
697,client_reply,1466,813350482032401,813350482068703,36302
697,client_resume,1466,813350482310838,813350482348078,37240
698,client_registered,1466,813350482646463,813350482667818,21355
698,client_entry,1466,813350482426463,813350482708130,281667
698,client_resolved,1466,813350482579172,813350482718859,139687
698,client_send,1466,813350482759693,813350482774328,14635
698,client_reply,1466,813350483443599,813350483478286,34687
698,client_resume,1466,813350483682557,813350483721411,38854
699,client_registered,1466,813350484021880,813350484045265,23385
699,client_entry,1466,813350483800161,813350484061672,261511
699,client_resolved,1466,813350483951672,813350484071255,119583
699,client_send,1466,813350484181099,813350484203286,22187
699,client_reply,1466,813350484860786,813350484894953,34167
699,client_resume,1466,813350485105422,813350485188495,83073
700,client_registered,1466,813350485546984,813350485564224,17240
700,client_entry,1466,813350485269068,813350485576463,307395
700,client_resolved,1466,813350485471724,813350485597609,125885
700,client_send,1466,813350485634015,813350485647713,13698
700,client_reply,1466,813350486265734,813350486299797,34063
700,client_resume,1466,813350486512922,813350486548859,35937
701,client_registered,1466,813350486851411,813350486873078,21667
701,client_entry,1466,813350486628495,813350486886463,257968
701,client_resolved,1466,813350486783495,813350486893703,110208
701,client_send,1466,813350486927193,813350486938130,10937
701,client_reply,1466,813350487582453,813350487613286,30833
701,client_resume,1466,813350487800995,813350487824640,23645
702,client_registered,1466,813350488171047,813350488195890,24843
702,client_entry,1466,813350487900474,813350488211515,311041
702,client_resolved,1466,813350488047922,813350488219745,171823
702,client_send,1466,813350488255630,813350488279172,23542
702,client_reply,1466,813350488873130,813350488905109,31979
702,client_resume,1466,813350489107453,813350489143651,36198
703,client_registered,1466,813350489446307,813350489467140,20833
703,client_entry,1466,813350489221984,813350489479745,257761
703,client_resolved,1466,813350489376932,813350489486984,110052
703,client_send,1466,813350489521255,813350489532036,10781
703,client_reply,1466,813350490126568,813350490154901,28333
703,client_resume,1466,813350490384849,813350490421828,36979
704,client_registered,1466,813350490718807,813350490737140,18333
704,client_entry,1466,813350490500005,813350490751359,251354
704,client_resolved,1466,813350490650005,813350490760526,110521
704,client_send,1466,813350490794380,813350490804745,10365
704,client_reply,1466,813350491462661,813350491492661,30000
704,client_resume,1466,813350491667765,813350491712609,44844
705,client_registered,1466,813350491984432,813350492008547,24115
705,client_entry,1466,813350491781515,813350492021255,239740
705,client_resolved,1466,813350491920734,813350492028078,107344
705,client_send,1466,813350492058390,813350492068234,9844
705,client_reply,1466,813350492708130,813350492735786,27656
705,client_resume,1466,813350492938495,813350492972713,34218
706,client_registered,1466,813350493236984,813350493261203,24219
706,client_entry,1466,813350493041672,813350493276984,235312
706,client_resolved,1466,813350493169953,813350493283755,113802
706,client_send,1466,813350493317401,813350493326672,9271
706,client_reply,1466,813350493940422,813350493970890,30468
706,client_resume,1466,813350494150526,813350494175005,24479
707,client_registered,1466,813350494470318,813350494494849,24531
707,client_entry,1466,813350494267245,813350494512453,245208
707,client_resolved,1466,813350494409015,813350494519849,110834
707,client_send,1466,813350494556047,813350494570578,14531
707,client_reply,1466,813350495133859,813350495162922,29063
707,client_resume,1466,813350495405630,813350495430318,24688
708,client_registered,1466,813350495721776,813350495738234,16458
708,client_entry,1466,813350495496203,813350495749068,252865
708,client_resolved,1466,813350495616307,813350495756724,140417
708,client_send,1466,813350495787922,813350495796099,8177
708,client_reply,1466,813350496396359,813350496423651,27292
708,client_resume,1466,813350496618443,813350496654276,35833
709,client_registered,1466,813350496946099,813350496965057,18958
709,client_entry,1466,813350496725786,813350496976255,250469
709,client_resolved,1466,813350496885578,813350496983026,97448
709,client_send,1466,813350497015005,813350497024693,9688
709,client_reply,1466,813350497565890,813350497605161,39271
709,client_resume,1466,813350497798234,813350497829953,31719
710,client_registered,1466,813350498092297,813350498111724,19427
710,client_entry,1466,813350497900943,813350498125682,224739
710,client_resolved,1466,813350498034120,813350498134745,100625
710,client_send,1466,813350498169536,813350498184797,15261
710,client_reply,1466,813350498758807,813350498786828,28021
710,client_resume,1466,813350498983443,813350499013599,30156
711,client_registered,1466,813350499289588,813350499310161,20573
711,client_entry,1466,813350499081776,813350499322401,240625
711,client_resolved,1466,813350499226932,813350499328338,101406
711,client_send,1466,813350499359797,813350499368755,8958
711,client_reply,1466,813350500037974,813350500064693,26719
711,client_resume,1466,813350500325630,813350500367922,42292
712,client_registered,1466,813350500597557,813350500615890,18333
712,client_entry,1466,813350500429224,813350500628338,199114
712,client_resolved,1466,813350500548599,813350500634276,85677
712,client_send,1466,813350500666776,813350500677401,10625
712,client_reply,1466,813350501163286,813350501185995,22709
712,client_resume,1466,813350501341203,813350501363338,22135
713,client_registered,1466,813350501633026,813350501650161,17135
713,client_entry,1466,813350501421463,813350501661463,240000
713,client_resolved,1466,813350501533443,813350501668182,134739
713,client_send,1466,813350501694849,813350501703495,8646
713,client_reply,1466,813350502160943,813350502186620,25677
713,client_resume,1466,813350502354068,813350502382193,28125
714,client_registered,1466,813350502606620,813350502626411,19791
714,client_entry,1466,813350502440161,813350502640890,200729
714,client_resolved,1466,813350502553234,813350502649536,96302
714,client_send,1466,813350502679693,813350502689224,9531
714,client_reply,1466,813350503152140,813350503176463,24323
714,client_resume,1466,813350503329328,813350503355213,25885
715,client_registered,1466,813350503632245,813350503646515,14270
715,client_entry,1466,813350503446984,813350503656151,209167
715,client_resolved,1466,813350503545786,813350503662453,116667
715,client_send,1466,813350503686151,813350503693495,7344
715,client_reply,1466,813350504177922,813350504202245,24323
715,client_resume,1466,813350504359693,813350504382922,23229
716,client_registered,1466,813350504586515,813350504599380,12865
716,client_entry,1466,813350504436359,813350504613963,177604
716,client_resolved,1466,813350504541776,813350504620786,79010
716,client_send,1466,813350504649068,813350504660109,11041
716,client_reply,1466,813350505164172,813350505189484,25312
716,client_resume,1466,813350505364432,813350505386255,21823
717,client_registered,1466,813350505590318,813350505627557,37239
717,client_entry,1466,813350505437245,813350505640786,203541
717,client_resolved,1466,813350505535943,813350505647765,111822
717,client_send,1466,813350505671203,813350505679068,7865
717,client_reply,1466,813350506182453,813350506208859,26406
717,client_resume,1466,813350506372870,813350506399901,27031
718,client_registered,1466,813350506606463,813350506623338,16875
718,client_entry,1466,813350506452974,813350506638286,185312
718,client_resolved,1466,813350506559068,813350506645057,85989
718,client_send,1466,813350506672765,813350506683547,10782
718,client_reply,1466,813350507176724,813350507210370,33646
718,client_resume,1466,813350507404432,813350507424849,20417
719,client_registered,1466,813350507651515,813350507667713,16198
719,client_entry,1466,813350507486724,813350507686203,199479
719,client_resolved,1466,813350507599953,813350507691151,91198
719,client_send,1466,813350507718078,813350507724640,6562
719,client_reply,1466,813350508320370,813350508348390,28020
719,client_resume,1466,813350508498495,813350508525890,27395
720,client_registered,1466,813350508777297,813350508796828,19531
720,client_entry,1466,813350508584172,813350508806724,222552
720,client_resolved,1466,813350508725995,813350508812088,86093
720,client_send,1466,813350508842557,813350508850578,8021
720,client_reply,1466,813350509350005,813350509375838,25833
720,client_resume,1466,813350509529380,813350509549849,20469
721,client_registered,1466,813350509749536,813350509764901,15365
721,client_entry,1466,813350509603443,813350509772818,169375
721,client_resolved,1466,813350509704953,813350509787818,82865
721,client_send,1466,813350509815109,813350509824797,9688
721,client_reply,1466,813350510386203,813350510446307,60104
721,client_resume,1466,813350510612713,813350510631307,18594
722,client_registered,1466,813350510860318,813350510878859,18541
722,client_entry,1466,813350510689328,813350510890109,200781
722,client_resolved,1466,813350510807870,813350510896411,88541
722,client_send,1466,813350510923443,813350510931411,7968
722,client_reply,1466,813350511466255,813350511505474,39219
722,client_resume,1466,813350511720213,813350511741463,21250
723,client_registered,1466,813350511975995,813350511996047,20052
723,client_entry,1466,813350511807140,813350512007661,200521
723,client_resolved,1466,813350511922193,813350512012818,90625
723,client_send,1466,813350512040890,813350512065370,24480
723,client_reply,1466,813350512634380,813350512666359,31979
723,client_resume,1466,813350512894380,813350512914588,20208
724,client_registered,1466,813350513125161,813350513141724,16563
724,client_entry,1466,813350512967974,813350513151151,183177
724,client_resolved,1466,813350513080005,813350513156151,76146
724,client_send,1466,813350513179849,813350513187505,7656
724,client_reply,1466,813350513650995,813350513679120,28125
724,client_resume,1466,813350513872088,813350513891463,19375
725,client_registered,1466,813350514098911,813350514116255,17344
725,client_entry,1466,813350513942140,813350514126568,184428
725,client_resolved,1466,813350514049797,813350514130838,81041
725,client_send,1466,813350514156359,813350514162401,6042
725,client_reply,1466,813350514642765,813350514673807,31042
725,client_resume,1466,813350514851099,813350514885109,34010
726,client_registered,1466,813350515096776,813350515115474,18698
726,client_entry,1466,813350514939953,813350515128078,188125
726,client_resolved,1466,813350515051359,813350515134276,82917
726,client_send,1466,813350515162245,813350515170890,8645
726,client_reply,1466,813350515811307,813350515842140,30833
726,client_resume,1466,813350516014120,813350516035474,21354
727,client_registered,1466,813350516346568,813350516365578,19010
727,client_entry,1466,813350516128599,813350516386047,257448
727,client_resolved,1466,813350516297922,813350516400526,102604
727,client_send,1466,813350516428390,813350516440265,11875
727,client_reply,1466,813350516905682,813350516932349,26667
727,client_resume,1466,813350517093390,813350517119745,26355
728,client_registered,1466,813350517334849,813350517352193,17344
728,client_entry,1466,813350517170213,813350517367505,197292
728,client_resolved,1466,813350517293495,813350517374380,80885
728,client_send,1466,813350517400578,813350517409849,9271
728,client_reply,1466,813350517846984,813350517868963,21979
728,client_resume,1466,813350518021411,813350518047349,25938
729,client_registered,1466,813350518247088,813350518269432,22344
729,client_entry,1466,813350518096515,813350518279536,183021
729,client_resolved,1466,813350518199953,813350518284797,84844
729,client_send,1466,813350518310630,813350518319797,9167
729,client_reply,1466,813350518726828,813350518748651,21823
729,client_resume,1466,813350518920630,813350518938547,17917
730,client_registered,1466,813350519205318,813350519222193,16875
730,client_entry,1466,813350518988338,813350519233599,245261
730,client_resolved,1466,813350519154953,813350519239380,84427
730,client_send,1466,813350519262557,813350519269015,6458
730,client_reply,1466,813350519671880,813350519694536,22656
730,client_resume,1466,813350519830630,813350519856724,26094
731,client_registered,1466,813350520053963,813350520070526,16563
731,client_entry,1466,813350519907557,813350520080422,172865
731,client_resolved,1466,813350520011099,813350520086047,74948
731,client_send,1466,813350520154068,813350520169745,15677
731,client_reply,1466,813350520588651,813350520609015,20364
731,client_resume,1466,813350520757870,813350520781724,23854
732,client_registered,1466,813350521013755,813350521030422,16667
732,client_entry,1466,813350520832661,813350521040265,207604
732,client_resolved,1466,813350520934953,813350521045109,110156
732,client_send,1466,813350521069640,813350521077818,8178
732,client_reply,1466,813350521480057,813350521502297,22240
732,client_resume,1466,813350521637349,813350521664068,26719
733,client_registered,1466,813350521866984,813350521888443,21459
733,client_entry,1466,813350521714745,813350521901620,186875
733,client_resolved,1466,813350521818338,813350521906515,88177
733,client_send,1466,813350521932505,813350521941463,8958
733,client_reply,1466,813350522351724,813350522371828,20104
733,client_resume,1466,813350522502661,813350522524328,21667
734,client_registered,1466,813350522748911,813350522764745,15834
734,client_entry,1466,813350522578130,813350522774224,196094
734,client_resolved,1466,813350522684276,813350522778963,94687
734,client_send,1466,813350522806828,813350522817609,10781
734,client_reply,1466,813350523222401,813350523244120,21719
734,client_resume,1466,813350523382609,813350523401724,19115
735,client_registered,1466,813350523677193,813350523698338,21145
735,client_entry,1466,813350523452818,813350523711255,258437
735,client_resolved,1466,813350523621307,813350523716932,95625
735,client_send,1466,813350523744015,813350523751984,7969
735,client_reply,1466,813350524202453,813350524235734,33281
735,client_resume,1466,813350524379172,813350524398026,18854
736,client_registered,1466,813350524626203,813350524650734,24531
736,client_entry,1466,813350524450630,813350524660213,209583
736,client_resolved,1466,813350524578234,813350524665578,87344
736,client_send,1466,813350524690786,813350524698338,7552
736,client_reply,1466,813350525200734,813350525226880,26146
736,client_resume,1466,813350525412036,813350525430422,18386
737,client_registered,1466,813350525631515,813350525650213,18698
737,client_entry,1466,813350525478859,813350525663078,184219
737,client_resolved,1466,813350525586463,813350525668703,82240
737,client_send,1466,813350525693963,813350525702088,8125
737,client_reply,1466,813350526096203,813350526119224,23021
737,client_resume,1466,813350526252713,813350526275109,22396
738,client_registered,1466,813350526471411,813350526482349,10938
738,client_entry,1466,813350526324432,813350526500630,176198
738,client_resolved,1466,813350526430005,813350526505890,75885
738,client_send,1466,813350526531255,813350526538130,6875
738,client_reply,1466,813350526946255,813350526967870,21615
738,client_resume,1466,813350527111359,813350527135161,23802
739,client_registered,1466,813350527333182,813350527352453,19271
739,client_entry,1466,813350527183963,813350527364120,180157
739,client_resolved,1466,813350527286099,813350527368807,82708
739,client_send,1466,813350527393338,813350527399797,6459
739,client_reply,1466,813350527783651,813350527804172,20521
739,client_resume,1466,813350527929588,813350527947453,17865
740,client_registered,1466,813350528182193,813350528198286,16093
740,client_entry,1466,813350527996411,813350528210370,213959
740,client_resolved,1466,813350528128390,813350528230526,102136
740,client_send,1466,813350528259380,813350528270265,10885
740,client_reply,1466,813350528727713,813350528750318,22605
740,client_resume,1466,813350528891568,813350528917609,26041
741,client_registered,1466,813350529131047,813350529145317,14270
741,client_entry,1466,813350528970422,813350529156203,185781
741,client_resolved,1466,813350529085057,813350529162713,77656
741,client_send,1466,813350529192088,813350529202557,10469
741,client_reply,1466,813350529658078,813350529680422,22344
741,client_resume,1466,813350529829640,813350529852974,23334
742,client_registered,1466,813350530058078,813350530076828,18750
742,client_entry,1466,813350529905630,813350530087349,181719
742,client_resolved,1466,813350530008286,813350530093234,84948
742,client_send,1466,813350530119692,813350530138859,19167
742,client_reply,1466,813350530574745,813350530598286,23541
742,client_resume,1466,813350530734797,813350530753599,18802
743,client_registered,1466,813350530961411,813350530978390,16979
743,client_entry,1466,813350530808755,813350530989484,180729
743,client_resolved,1466,813350530914015,813350530996099,82084
743,client_send,1466,813350531026047,813350531037349,11302
743,client_reply,1466,813350531549380,813350531574484,25104
743,client_resume,1466,813350531727765,813350531754692,26927
744,client_registered,1466,813350531988963,813350532010474,21511
744,client_entry,1466,813350531810995,813350532023026,212031
744,client_resolved,1466,813350531935838,813350532029172,93334
744,client_send,1466,813350532058026,813350532068078,10052
744,client_reply,1466,813350532602870,813350532628078,25208
744,client_resume,1466,813350532794588,813350532835057,40469
745,client_registered,1466,813350533061776,813350533086880,25104
745,client_entry,1466,813350532893599,813350533100057,206458
745,client_resolved,1466,813350533007401,813350533106828,99427
745,client_send,1466,813350533136984,813350533146880,9896
745,client_reply,1466,813350533610630,813350533634015,23385
745,client_resume,1466,813350533775161,813350533797817,22656
746,client_registered,1466,813350534016463,813350534037974,21511
746,client_entry,1466,813350533850578,813350534050578,200000
746,client_resolved,1466,813350533961047,813350534056099,95052
746,client_send,1466,813350534083859,813350534092974,9115
746,client_reply,1466,813350534542817,813350534568130,25313
746,client_resume,1466,813350534718182,813350534748390,30208
747,client_registered,1466,813350534989640,813350535007974,18334
747,client_entry,1466,813350534819276,813350535025734,206458
747,client_resolved,1466,813350534938599,813350535032922,94323
747,client_send,1466,813350535066776,813350535077245,10469
747,client_reply,1466,813350535541255,813350535567661,26406
747,client_resume,1466,813350535720838,813350535741828,20990
748,client_registered,1466,813350535950942,813350535966776,15834
748,client_entry,1466,813350535796463,813350535978182,181719
748,client_resolved,1466,813350535902453,813350535985630,83177
748,client_send,1466,813350536012870,813350536021359,8489
748,client_reply,1466,813350536480005,813350536528651,48646
748,client_resume,1466,813350536703442,813350536734120,30678
749,client_registered,1466,813350536992297,813350537010057,17760
749,client_entry,1466,813350536793026,813350537026880,233854
749,client_resolved,1466,813350536941672,813350537034797,93125
749,client_send,1466,813350537114120,813350537125630,11510
749,client_reply,1466,813350537644432,813350537668078,23646
749,client_resume,1466,813350537812765,813350537838703,25938
750,client_registered,1466,813350538051099,813350538067036,15937
750,client_entry,1466,813350537893547,813350538077974,184427
750,client_resolved,1466,813350538003755,813350538084224,80469
750,client_send,1466,813350538113234,813350538124276,11042
750,client_reply,1466,813350538558026,813350538582349,24323
750,client_resume,1466,813350538721203,813350538738755,17552
751,client_registered,1466,813350538969015,813350538988078,19063
751,client_entry,1466,813350538793703,813350538999224,205521
751,client_resolved,1466,813350538906672,813350539004953,98281
751,client_send,1466,813350539030890,813350539040422,9532
751,client_reply,1466,813350539515942,813350539545109,29167
751,client_resume,1466,813350539704328,813350539728390,24062
752,client_registered,1466,813350539928078,813350539942609,14531
752,client_entry,1466,813350539779692,813350539956515,176823
752,client_resolved,1466,813350539886099,813350539963442,77343
752,client_send,1466,813350539991880,813350540000838,8958
752,client_reply,1466,813350540430370,813350540451620,21250
752,client_resume,1466,813350540578286,813350540594745,16459
753,client_registered,1466,813350540792557,813350540806932,14375
753,client_entry,1466,813350540641099,813350540819172,178073
753,client_resolved,1466,813350540735995,813350540825682,89687
753,client_send,1466,813350540850161,813350540859640,9479
753,client_reply,1466,813350541287609,813350541309380,21771
753,client_resume,1466,813350541447870,813350541473442,25572
754,client_registered,1466,813350541674067,813350541688911,14844
754,client_entry,1466,813350541525838,813350541704224,178386
754,client_resolved,1466,813350541630109,813350541710942,80833
754,client_send,1466,813350541738286,813350541748026,9740
754,client_reply,1466,813350542174172,813350542195890,21718
754,client_resume,1466,813350542329224,813350542343442,14218
755,client_registered,1466,813350542540786,813350542567609,26823
755,client_entry,1466,813350542389328,813350542577453,188125
755,client_resolved,1466,813350542496411,813350542583286,86875
755,client_send,1466,813350542607401,813350542615422,8021
755,client_reply,1466,813350542997297,813350543019224,21927
755,client_resume,1466,813350543149067,813350543173338,24271
756,client_registered,1466,813350543370526,813350543388807,18281
756,client_entry,1466,813350543223442,813350543398755,175313
756,client_resolved,1466,813350543322401,813350543405213,82812
756,client_send,1466,813350543430682,813350543437349,6667
756,client_reply,1466,813350543820995,813350543841411,20416
756,client_resume,1466,813350543985890,813350544007505,21615
757,client_registered,1466,813350544266724,813350544313495,46771
757,client_entry,1466,813350544056880,813350544323755,266875
757,client_resolved,1466,813350544221359,813350544329120,107761
757,client_send,1466,813350544354484,813350544362192,7708
757,client_reply,1466,813350544786359,813350544808234,21875
757,client_resume,1466,813350544945213,813350544968234,23021
758,client_registered,1466,813350545158599,813350545173859,15260
758,client_entry,1466,813350545018495,813350545186776,168281
758,client_resolved,1466,813350545115630,813350545192401,76771
758,client_send,1466,813350545220265,813350545230057,9792
758,client_reply,1466,813350545613651,813350545633859,20208
758,client_resume,1466,813350545771203,813350545795474,24271
759,client_registered,1466,813350545991099,813350546007661,16562
759,client_entry,1466,813350545847036,813350546028026,180990
759,client_resolved,1466,813350545948078,813350546033963,85885
759,client_send,1466,813350546058599,813350546066255,7656
759,client_reply,1466,813350546511047,813350546533547,22500
759,client_resume,1466,813350546666776,813350546685734,18958
760,client_registered,1466,813350546891359,813350546909224,17865
760,client_entry,1466,813350546737192,813350546921724,184532
760,client_resolved,1466,813350546848442,813350546927036,78594
760,client_send,1466,813350546953182,813350546963338,10156
760,client_reply,1466,813350547375005,813350547397661,22656
760,client_resume,1466,813350547549380,813350547566151,16771
761,client_registered,1466,813350547781724,813350547800682,18958
761,client_entry,1466,813350547619276,813350547813911,194635
761,client_resolved,1466,813350547732036,813350547831828,99792
761,client_send,1466,813350547859067,813350547868599,9532
761,client_reply,1466,813350548365838,813350548391672,25834
761,client_resume,1466,813350548539797,813350548568026,28229
762,client_registered,1466,813350548784797,813350548801724,16927
762,client_entry,1466,813350548624328,813350548812713,188385
762,client_resolved,1466,813350548738651,813350548818338,79687
762,client_send,1466,813350548849432,813350548860995,11563
762,client_reply,1466,813350549493703,813350549518807,25104
762,client_resume,1466,813350549667140,813350549694380,27240
763,client_registered,1466,813350549888495,813350549904640,16145
763,client_entry,1466,813350549746776,813350549915474,168698
763,client_resolved,1466,813350549845370,813350549922245,76875
763,client_send,1466,813350549946567,813350549965578,19011
763,client_reply,1466,813350550375265,813350550395422,20157
763,client_resume,1466,813350550522713,813350550538755,16042
764,client_registered,1466,813350550734276,813350550750786,16510
764,client_entry,1466,813350550589120,813350550763390,174270
764,client_resolved,1466,813350550692557,813350550770317,77760
764,client_send,1466,813350550795630,813350550803911,8281
764,client_reply,1466,813350551234484,813350551258547,24063
764,client_resume,1466,813350551387297,813350551410109,22812
765,client_registered,1466,813350551605786,813350551620578,14792
765,client_entry,1466,813350551460005,813350551630942,170937
765,client_resolved,1466,813350551565005,813350551637349,72344
765,client_send,1466,813350551663495,813350551713547,50052
765,client_reply,1466,813350552137765,813350552160526,22761
765,client_resume,1466,813350552280161,813350552317297,37136
766,client_registered,1466,813350552516411,813350552535422,19011
766,client_entry,1466,813350552368286,813350552547245,178959
766,client_resolved,1466,813350552467922,813350552552401,84479
766,client_send,1466,813350552574745,813350552582557,7812
766,client_reply,1466,813350552955317,813350552977401,22084
766,client_resume,1466,813350553107922,813350553133130,25208
767,client_registered,1466,813350553335526,813350553353442,17916
767,client_entry,1466,813350553185838,813350553365422,179584
767,client_resolved,1466,813350553288390,813350553371255,82865
767,client_send,1466,813350553395422,813350553403547,8125
767,client_reply,1466,813350553872088,813350553894224,22136
767,client_resume,1466,813350554043338,813350554065161,21823
768,client_registered,1466,813350554264588,813350554279536,14948
768,client_entry,1466,813350554111776,813350554291463,179687
768,client_resolved,1466,813350554223390,813350554298078,74688
768,client_send,1466,813350554323911,813350554333495,9584
768,client_reply,1466,813350554716724,813350554736515,19791
768,client_resume,1466,813350554899640,813350554918286,18646
769,client_registered,1466,813350555110213,813350555127140,16927
769,client_entry,1466,813350554967557,813350555136255,168698
769,client_resolved,1466,813350555065578,813350555141932,76354
769,client_send,1466,813350555172817,813350555183390,10573
769,client_reply,1466,813350555606776,813350555629797,23021
769,client_resume,1466,813350555759484,813350555783130,23646
770,client_registered,1466,813350555984797,813350555997453,12656
770,client_entry,1466,813350555832870,813350556010942,178072
770,client_resolved,1466,813350555941411,813350556016724,75313
770,client_send,1466,813350556040890,813350556048338,7448
770,client_reply,1466,813350556602974,813350556623859,20885
770,client_resume,1466,813350556750838,813350556772974,22136
771,client_registered,1466,813350556952453,813350556965057,12604
771,client_entry,1466,813350556821203,813350556977505,156302
771,client_resolved,1466,813350556912401,813350556983755,71354
771,client_send,1466,813350557009692,813350557018026,8334
771,client_reply,1466,813350557387401,813350557406776,19375
771,client_resume,1466,813350557528755,813350557545942,17187
772,client_registered,1466,813350557733755,813350557748338,14583
772,client_entry,1466,813350557591672,813350557758703,167031
772,client_resolved,1466,813350557680578,813350557764224,83646
772,client_send,1466,813350557791932,813350557803911,11979
772,client_reply,1466,813350558196099,813350558219328,23229
772,client_resume,1466,813350558352557,813350558378755,26198
773,client_registered,1466,813350558577036,813350558593390,16354
773,client_entry,1466,813350558428755,813350558607453,178698
773,client_resolved,1466,813350558536359,813350558613859,77500
773,client_send,1466,813350558639849,813350558649276,9427
773,client_reply,1466,813350559061620,813350559091932,30312
773,client_resume,1466,813350559230890,813350559256828,25938
774,client_registered,1466,813350559475890,813350559491047,15157
774,client_entry,1466,813350559308026,813350559499380,191354
774,client_resolved,1466,813350559404849,813350559503963,99114
774,client_send,1466,813350559528859,813350559537870,9011
774,client_reply,1466,813350559939328,813350559961515,22187
774,client_resume,1466,813350560122401,813350560144588,22187
775,client_registered,1466,813350560340786,813350560356828,16042
775,client_entry,1466,813350560197036,813350560369015,171979
775,client_resolved,1466,813350560297088,813350560377609,80521
775,client_send,1466,813350560403495,813350560412765,9270
775,client_reply,1466,813350560835682,813350560859849,24167
775,client_resume,1466,813350560989797,813350561007974,18177
776,client_registered,1466,813350561194536,813350561225526,30990
776,client_entry,1466,813350561052349,813350561238078,185729
776,client_resolved,1466,813350561152088,813350561245005,92917
776,client_send,1466,813350561269953,813350561279692,9739
776,client_reply,1466,813350561696984,813350561721672,24688
776,client_resume,1466,813350561870161,813350561896255,26094
777,client_registered,1466,813350562103026,813350562122557,19531
777,client_entry,1466,813350561948182,813350562134328,186146
777,client_resolved,1466,813350562057505,813350562139640,82135
777,client_send,1466,813350562163547,813350562171515,7968
777,client_reply,1466,813350562585474,813350562608807,23333
777,client_resume,1466,813350562750161,813350562774953,24792
778,client_registered,1466,813350562964328,813350562979588,15260
778,client_entry,1466,813350562826724,813350563000317,173593
778,client_resolved,1466,813350562923338,813350563005161,81823
778,client_send,1466,813350563030942,813350563043547,12605
778,client_reply,1466,813350563481724,813350563506307,24583
778,client_resume,1466,813350563639276,813350563656307,17031
779,client_registered,1466,813350563856099,813350563871672,15573
779,client_entry,1466,813350563710682,813350563880890,170208
779,client_resolved,1466,813350563813963,813350563886620,72657
779,client_send,1466,813350563908755,813350563916307,7552
779,client_reply,1466,813350564534067,813350564560109,26042
779,client_resume,1466,813350564708338,813350564735995,27657
780,client_registered,1466,813350564951047,813350564974380,23333
780,client_entry,1466,813350564789953,813350564986307,196354
780,client_resolved,1466,813350564901620,813350565002401,100781
780,client_send,1466,813350565029276,813350565038390,9114
780,client_reply,1466,813350565502870,813350565525109,22239
780,client_resume,1466,813350565691880,813350565720838,28958
781,client_registered,1466,813350565923390,813350565939224,15834
781,client_entry,1466,813350565774276,813350565950474,176198
781,client_resolved,1466,813350565878286,813350565956411,78125
781,client_send,1466,813350565981880,813350565989797,7917
781,client_reply,1466,813350566412088,813350566434692,22604
781,client_resume,1466,813350566576463,813350566593234,16771
782,client_registered,1466,813350566794901,813350566812870,17969
782,client_entry,1466,813350566644901,813350566827661,182760
782,client_resolved,1466,813350566748495,813350566834224,85729
782,client_send,1466,813350566860161,813350566890317,30156
782,client_reply,1466,813350567324588,813350567349797,25209
782,client_resume,1466,813350567511307,813350567536463,25156
783,client_registered,1466,813350567738286,813350567759067,20781
783,client_entry,1466,813350567586724,813350567770109,183385
783,client_resolved,1466,813350567692245,813350567775317,83072
783,client_send,1466,813350567802088,813350567811099,9011
783,client_reply,1466,813350568253755,813350568276672,22917
783,client_resume,1466,813350568457140,813350568482557,25417
784,client_registered,1466,813350568670890,813350568686255,15365
784,client_entry,1466,813350568531307,813350568697140,165833
784,client_resolved,1466,813350568630370,813350568703078,72708
784,client_send,1466,813350568727817,813350568738234,10417
784,client_reply,1466,813350569143182,813350569163859,20677
784,client_resume,1466,813350569293703,813350569322974,29271
785,client_registered,1466,813350569510890,813350569526359,15469
785,client_entry,1466,813350569371359,813350569536203,164844
785,client_resolved,1466,813350569468859,813350569541463,72604
785,client_send,1466,813350569567505,813350569578807,11302
785,client_reply,1466,813350569999536,813350570022036,22500
785,client_resume,1466,813350570148442,813350570172453,24011
786,client_registered,1466,813350570368182,813350570381984,13802
786,client_entry,1466,813350570222088,813350570393755,171667
786,client_resolved,1466,813350570326880,813350570400057,73177
786,client_send,1466,813350570425630,813350570435734,10104
786,client_reply,1466,813350570830995,813350570860838,29843
786,client_resume,1466,813350570995370,813350571019067,23697
787,client_registered,1466,813350571219692,813350571235682,15990
787,client_entry,1466,813350571067140,813350571253495,186355
787,client_resolved,1466,813350571178338,813350571259901,81563
787,client_send,1466,813350571284067,813350571292192,8125
787,client_reply,1466,813350571724797,813350571744849,20052
787,client_resume,1466,813350571876672,813350571900890,24218
788,client_registered,1466,813350572180838,813350572231255,50417
788,client_entry,1466,813350571949015,813350572246724,297709
788,client_resolved,1466,813350572055995,813350572251567,195572
788,client_send,1466,813350572277349,813350572284640,7291
788,client_reply,1466,813350572680109,813350572701047,20938
788,client_resume,1466,813350572838963,813350572860942,21979
789,client_registered,1466,813350573063651,813350573081099,17448
789,client_entry,1466,813350572908703,813350573090474,181771
789,client_resolved,1466,813350573017088,813350573094901,77813
789,client_send,1466,813350573116776,813350573123078,6302
789,client_reply,1466,813350573508026,813350573530578,22552
789,client_resume,1466,813350573781620,813350573820526,38906
790,client_registered,1466,813350574042140,813350574059380,17240
790,client_entry,1466,813350573885422,813350574071151,185729
790,client_resolved,1466,813350573994849,813350574077453,82604
790,client_send,1466,813350574102922,813350574113078,10156
790,client_reply,1466,813350574566984,813350574590317,23333
790,client_resume,1466,813350574731411,813350574758130,26719
791,client_registered,1466,813350574993547,813350575011151,17604
791,client_entry,1466,813350574809745,813350575020786,211041
791,client_resolved,1466,813350574916672,813350575025838,109166
791,client_send,1466,813350575052140,813350575061307,9167
791,client_reply,1466,813350575496099,813350575520005,23906
791,client_resume,1466,813350575669328,813350575693286,23958
792,client_registered,1466,813350575895057,813350575912505,17448
792,client_entry,1466,813350575746099,813350575924380,178281
792,client_resolved,1466,813350575850526,813350575929901,79375
792,client_send,1466,813350575956776,813350575967661,10885
792,client_reply,1466,813350576436620,813350576459432,22812
792,client_resume,1466,813350576590630,813350576610213,19583
793,client_registered,1466,813350576819692,813350576838911,19219
793,client_entry,1466,813350576660786,813350576851203,190417
793,client_resolved,1466,813350576761463,813350576857609,96146
793,client_send,1466,813350576882713,813350576890838,8125
793,client_reply,1466,813350577322088,813350577345734,23646
793,client_resume,1466,813350577482349,813350577499745,17396
794,client_registered,1466,813350577686411,813350577704745,18334
794,client_entry,1466,813350577547297,813350577718547,171250
794,client_resolved,1466,813350577643755,813350577725422,81667
794,client_send,1466,813350577754328,813350577763755,9427
794,client_reply,1466,813350578178286,813350578201411,23125
794,client_resume,1466,813350578344640,813350578370838,26198
795,client_registered,1466,813350578564588,813350578592349,27761
795,client_entry,1466,813350578420526,813350578601932,181406
795,client_resolved,1466,813350578524120,813350578607245,83125
795,client_send,1466,813350578635578,813350578645682,10104
795,client_reply,1466,813350579069015,813350579091151,22136
795,client_resume,1466,813350579218963,813350579237557,18594
796,client_registered,1466,813350579507192,813350579529276,22084
796,client_entry,1466,813350579286932,813350579543442,256510
796,client_resolved,1466,813350579455265,813350579549849,94584
796,client_send,1466,813350579576203,813350579584120,7917
796,client_reply,1466,813350580045213,813350580070109,24896
796,client_resume,1466,813350580293599,813350580316151,22552
797,client_registered,1466,813350580507817,813350580526099,18282
797,client_entry,1466,813350580364015,813350580559797,195782
797,client_resolved,1466,813350580466203,813350580566984,100781
797,client_send,1466,813350580594536,813350580604745,10209
797,client_reply,1466,813350581043234,813350581066724,23490
797,client_resume,1466,813350581205526,813350581232765,27239
798,client_registered,1466,813350581427192,813350581444640,17448
798,client_entry,1466,813350581283495,813350581454745,171250
798,client_resolved,1466,813350581385109,813350581461203,76094
798,client_send,1466,813350581488807,813350581499745,10938
798,client_reply,1466,813350581910890,813350581934015,23125
798,client_resume,1466,813350582071203,813350582096880,25677
799,client_registered,1466,813350582294484,813350582316620,22136
799,client_entry,1466,813350582146672,813350582331776,185104
799,client_resolved,1466,813350582246463,813350582357036,110573
799,client_send,1466,813350582382817,813350582392401,9584
799,client_reply,1466,813350582808442,813350582846828,38386
799,client_resume,1466,813350582989120,813350583011515,22395
800,client_registered,1466,813350583219797,813350583236620,16823
800,client_entry,1466,813350583063026,813350583249640,186614
800,client_resolved,1466,813350583173859,813350583257349,83490
800,client_send,1466,813350583282349,813350583291099,8750
800,client_reply,1466,813350583697088,813350583721151,24063
800,client_resume,1466,813350583909172,813350583931463,22291
801,client_registered,1466,813350584156463,813350584175109,18646
801,client_entry,1466,813350583977609,813350584184901,207292
801,client_resolved,1466,813350584076567,813350584189276,112709
801,client_send,1466,813350584213442,813350584230370,16928
801,client_reply,1466,813350584687453,813350584710161,22708
801,client_resume,1466,813350584864849,813350584889901,25052
802,client_registered,1466,813350585079172,813350585094067,14895
802,client_entry,1466,813350584940578,813350585102817,162239
802,client_resolved,1466,813350585038963,813350585107140,68177
802,client_send,1466,813350585132453,813350585140317,7864
802,client_reply,1466,813350585557140,813350585580161,23021
802,client_resume,1466,813350585728703,813350585755370,26667
803,client_registered,1466,813350585947140,813350585964692,17552
803,client_entry,1466,813350585805838,813350585977245,171407
803,client_resolved,1466,813350585905578,813350585982036,76458
803,client_send,1466,813350586009692,813350586019745,10053
803,client_reply,1466,813350586432765,813350586454640,21875
803,client_resume,1466,813350586602505,813350586640005,37500
804,client_registered,1466,813350586836099,813350586858651,22552
804,client_entry,1466,813350586688911,813350586870370,181459
804,client_resolved,1466,813350586789640,813350586874640,85000
804,client_send,1466,813350586899276,813350586907870,8594
804,client_reply,1466,813350587328130,813350587350213,22083
804,client_resume,1466,813350587506411,813350587529849,23438
805,client_registered,1466,813350587736724,813350587758078,21354
805,client_entry,1466,813350587580370,813350587769067,188697
805,client_resolved,1466,813350587688755,813350587774640,85885
805,client_send,1466,813350587797817,813350587806151,8334
805,client_reply,1466,813350588413599,813350588440317,26718
805,client_resume,1466,813350588569849,813350588593286,23437
806,client_registered,1466,813350588796776,813350588822036,25260
806,client_entry,1466,813350588650734,813350588833078,182344
806,client_resolved,1466,813350588754849,813350588838182,83333
806,client_send,1466,813350588860682,813350588869015,8333
806,client_reply,1466,813350589301359,813350589326567,25208
806,client_resume,1466,813350589457557,813350589483703,26146
807,client_registered,1466,813350589679484,813350589697140,17656
807,client_entry,1466,813350589533911,813350589707401,173490
807,client_resolved,1466,813350589638182,813350589711411,73229
807,client_send,1466,813350589735526,813350589742765,7239
807,client_reply,1466,813350590147817,813350590169797,21980
807,client_resume,1466,813350590316099,813350590340474,24375
808,client_registered,1466,813350590554745,813350590571776,17031
808,client_entry,1466,813350590387609,813350590583963,196354
808,client_resolved,1466,813350590513078,813350590589901,76823
808,client_send,1466,813350590616203,813350590626880,10677
808,client_reply,1466,813350591036515,813350591058859,22344
808,client_resume,1466,813350591201984,813350591226776,24792
809,client_registered,1466,813350591416203,813350591432765,16562
809,client_entry,1466,813350591275838,813350591447192,171354
809,client_resolved,1466,813350591373651,813350591452557,78906
809,client_send,1466,813350591478859,813350591487453,8594
809,client_reply,1466,813350591896411,813350591918963,22552
809,client_resume,1466,813350592061515,813350592086411,24896
810,client_registered,1466,813350592323703,813350592339015,15312
810,client_entry,1466,813350592172036,813350592347974,175938
810,client_resolved,1466,813350592268911,813350592352401,83490
810,client_send,1466,813350592379067,813350592390370,11303
810,client_reply,1466,813350592800005,813350592822401,22396
810,client_resume,1466,813350592955578,813350592973859,18281
811,client_registered,1466,813350593163755,813350593179640,15885
811,client_entry,1466,813350593023911,813350593189432,165521
811,client_resolved,1466,813350593122453,813350593194380,71927
811,client_send,1466,813350593218182,813350593227661,9479
811,client_reply,1466,813350593619328,813350593640578,21250
811,client_resume,1466,813350593763911,813350593787765,23854
812,client_registered,1466,813350593994276,813350594007349,13073
812,client_entry,1466,813350593837036,813350594017401,180365
812,client_resolved,1466,813350593937453,813350594022661,85208
812,client_send,1466,813350594044588,813350594051359,6771
812,client_reply,1466,813350594420161,813350594448599,28438
812,client_resume,1466,813350594576880,813350594599224,22344
813,client_registered,1466,813350594780370,813350594794849,14479
813,client_entry,1466,813350594643390,813350594806984,163594
813,client_resolved,1466,813350594739015,813350594812922,73907
813,client_send,1466,813350594836776,813350594846203,9427
813,client_reply,1466,813350595224953,813350595248234,23281
813,client_resume,1466,813350595394692,813350595419901,25209
814,client_registered,1466,813350595675370,813350595697974,22604
814,client_entry,1466,813350595468026,813350595708078,240052
814,client_resolved,1466,813350595614692,813350595712505,97813
814,client_send,1466,813350595736359,813350595744224,7865
814,client_reply,1466,813350596215682,813350596236932,21250
814,client_resume,1466,813350596371672,813350596393547,21875
815,client_registered,1466,813350596597297,813350596615005,17708
815,client_entry,1466,813350596443859,813350596629172,185313
815,client_resolved,1466,813350596554120,813350596634745,80625
815,client_send,1466,813350596659015,813350596670057,11042
815,client_reply,1466,813350597282453,813350597311463,29010
815,client_resume,1466,813350597484797,813350597504536,19739
816,client_registered,1466,813350597690526,813350597730890,40364
816,client_entry,1466,813350597551828,813350597738442,186614
816,client_resolved,1466,813350597648963,813350597744640,95677
816,client_send,1466,813350597770890,813350597782245,11355
816,client_reply,1466,813350598234380,813350598260734,26354
816,client_resume,1466,813350598392557,813350598420474,27917
817,client_registered,1466,813350598613495,813350598630317,16822
817,client_entry,1466,813350598467974,813350598641724,173750
817,client_resolved,1466,813350598571359,813350598646984,75625
817,client_send,1466,813350598674172,813350598684692,10520
817,client_reply,1466,813350599081776,813350599103338,21562
817,client_resume,1466,813350599281984,813350599304172,22188
818,client_registered,1466,813350599479901,813350599500161,20260
818,client_entry,1466,813350599349588,813350599521463,171875
818,client_resolved,1466,813350599438547,813350599527713,89166
818,client_send,1466,813350599552765,813350599561932,9167
818,client_reply,1466,813350599967817,813350599991515,23698
818,client_resume,1466,813350600166880,813350600192453,25573
819,client_registered,1466,813350600377505,813350600391724,14219
819,client_entry,1466,813350600241307,813350600401515,160208
819,client_resolved,1466,813350600336828,813350600405682,68854
819,client_send,1466,813350600427661,813350600434276,6615
819,client_reply,1466,813350600815161,813350600836672,21511
819,client_resume,1466,813350600974380,813350600997505,23125
820,client_registered,1466,813350601181255,813350601195474,14219
820,client_entry,1466,813350601045578,813350601203703,158125
820,client_resolved,1466,813350601139015,813350601217036,78021
820,client_send,1466,813350601240161,813350601246984,6823
820,client_reply,1466,813350601615474,813350601636828,21354
820,client_resume,1466,813350601778755,813350601802088,23333
821,client_registered,1466,813350601988442,813350602006984,18542
821,client_entry,1466,813350601848911,813350602017817,168906
821,client_resolved,1466,813350601941672,813350602022140,80468
821,client_send,1466,813350602045734,813350602053286,7552
821,client_reply,1466,813350602424797,813350602447088,22291
821,client_resume,1466,813350602588286,813350602612453,24167
822,client_registered,1466,813350602804797,813350602823234,18437
822,client_entry,1466,813350602661828,813350602834172,172344
822,client_resolved,1466,813350602760734,813350602838338,77604
822,client_send,1466,813350602861099,813350602882297,21198
822,client_reply,1466,813350603281880,813350603302974,21094
822,client_resume,1466,813350603463651,813350603486515,22864
823,client_registered,1466,813350603676620,813350603695161,18541
823,client_entry,1466,813350603533130,813350603705213,172083
823,client_resolved,1466,813350603632192,813350603709640,77448
823,client_send,1466,813350603732609,813350603738599,5990
823,client_reply,1466,813350604135578,813350604157245,21667
823,client_resume,1466,813350604330578,813350604351932,21354
824,client_registered,1466,813350604524797,813350604537349,12552
824,client_entry,1466,813350604398286,813350604545526,147240
824,client_resolved,1466,813350604485161,813350604549849,64688
824,client_send,1466,813350604571880,813350604578547,6667
824,client_reply,1466,813350604952453,813350604973026,20573
824,client_resume,1466,813350605104849,813350605143286,38437
825,client_registered,1466,813350605316567,813350605330682,14115
825,client_entry,1466,813350605187609,813350605344745,157136
825,client_resolved,1466,813350605277297,813350605350630,73333
825,client_send,1466,813350605375838,813350605384067,8229
825,client_reply,1466,813350605748390,813350605767870,19480
825,client_resume,1466,813350605900942,813350605925161,24219
826,client_registered,1466,813350606116567,813350606135370,18803
826,client_entry,1466,813350605971203,813350606146776,175573
826,client_resolved,1466,813350606068807,813350606151776,82969
826,client_send,1466,813350606176307,813350606185317,9010
826,client_reply,1466,813350606566099,813350606586463,20364
826,client_resume,1466,813350606758911,813350606778911,20000
827,client_registered,1466,813350606965630,813350606977661,12031
827,client_entry,1466,813350606824067,813350606988651,164584
827,client_resolved,1466,813350606925890,813350606993755,67865
827,client_send,1466,813350607015265,813350607023130,7865
827,client_reply,1466,813350607584120,813350607612974,28854
827,client_resume,1466,813350607821567,813350607841047,19480
828,client_registered,1466,813350608019172,813350608031099,11927
828,client_entry,1466,813350607887245,813350608043547,156302
828,client_resolved,1466,813350607976880,813350608048755,71875
828,client_send,1466,813350608070526,813350608077192,6666
828,client_reply,1466,813350608587817,813350608612661,24844
828,client_resume,1466,813350608753911,813350608771984,18073
829,client_registered,1466,813350608976047,813350608989640,13593
829,client_entry,1466,813350608821567,813350609000526,178959
829,client_resolved,1466,813350608930578,813350609006255,75677
829,client_send,1466,813350609030734,813350609039745,9011
829,client_reply,1466,813350609488963,813350609511932,22969
829,client_resume,1466,813350609628234,813350609650474,22240
830,client_registered,1466,813350609845786,813350609863859,18073
830,client_entry,1466,813350609700578,813350609874120,173542
830,client_resolved,1466,813350609803234,813350609878651,75417
830,client_send,1466,813350609901151,813350609909901,8750
830,client_reply,1466,813350610378911,813350610403859,24948
830,client_resume,1466,813350610514172,813350610536620,22448
831,client_registered,1466,813350610741099,813350610755890,14791
831,client_entry,1466,813350610584536,813350610764432,179896
831,client_resolved,1466,813350610681672,813350610769797,88125
831,client_send,1466,813350610795370,813350610806307,10937
831,client_reply,1466,813350611262609,813350611286724,24115
831,client_resume,1466,813350611457505,813350611478338,20833
832,client_registered,1466,813350611707505,813350611721724,14219
832,client_entry,1466,813350611528286,813350611731984,203698
832,client_resolved,1466,813350611627765,813350611737245,109480
832,client_send,1466,813350611759015,813350611768651,9636
832,client_reply,1466,813350612298651,813350612322765,24114
832,client_resume,1466,813350612457453,813350612479901,22448
833,client_registered,1466,813350612702088,813350612716411,14323
833,client_entry,1466,813350612531776,813350612724172,192396
833,client_resolved,1466,813350612629432,813350612729172,99740
833,client_send,1466,813350612754067,813350612761307,7240
833,client_reply,1466,813350613180317,813350613204953,24636
833,client_resume,1466,813350613342817,813350613368547,25730
834,client_registered,1466,813350613565838,813350613580474,14636
834,client_entry,1466,813350613419640,813350613591359,171719
834,client_resolved,1466,813350613524849,813350613596047,71198
834,client_send,1466,813350613625942,813350613637349,11407
834,client_reply,1466,813350614056724,813350614080682,23958
834,client_resume,1466,813350614226099,813350614251984,25885
835,client_registered,1466,813350614447974,813350614476567,28593
835,client_entry,1466,813350614301255,813350614487140,185885
835,client_resolved,1466,813350614406099,813350614492765,86666
835,client_send,1466,813350614518338,813350614529276,10938
835,client_reply,1466,813350614946776,813350614970213,23437
835,client_resume,1466,813350615099692,813350615118755,19063
836,client_registered,1466,813350615318911,813350615340265,21354
836,client_entry,1466,813350615166359,813350615350786,184427
836,client_resolved,1466,813350615275942,813350615355995,80053
836,client_send,1466,813350615382297,813350615393338,11041
836,client_reply,1466,813350615782349,813350615805161,22812
836,client_resume,1466,813350615952245,813350615979224,26979
837,client_registered,1466,813350616242817,813350616260422,17605
837,client_entry,1466,813350616029849,813350616282140,252291
837,client_resolved,1466,813350616197505,813350616288495,90990
837,client_send,1466,813350616314692,813350616326151,11459
837,client_reply,1466,813350616735161,813350616767557,32396
837,client_resume,1466,813350616941411,813350616961411,20000
838,client_registered,1466,813350617150161,813350617165682,15521
838,client_entry,1466,813350617009745,813350617175422,165677
838,client_resolved,1466,813350617106724,813350617181099,74375
838,client_send,1466,813350617202192,813350617209640,7448
838,client_reply,1466,813350617831776,813350617858286,26510
838,client_resume,1466,813350618002401,813350618027922,25521
839,client_registered,1466,813350618222922,813350618239120,16198
839,client_entry,1466,813350618077453,813350618249484,172031
839,client_resolved,1466,813350618182922,813350618264432,81510
839,client_send,1466,813350618289432,813350618302036,12604
839,client_reply,1466,813350618719120,813350618743859,24739
839,client_resume,1466,813350618908495,813350618936567,28072
840,client_registered,1466,813350619180422,813350619199588,19166
840,client_entry,1466,813350618988651,813350619209380,220729
840,client_resolved,1466,813350619094692,813350619214797,120105
840,client_send,1466,813350619237557,813350619244380,6823
840,client_reply,1466,813350619665265,813350619688026,22761
840,client_resume,1466,813350619817661,813350619844015,26354
841,client_registered,1466,813350620039380,813350620056515,17135
841,client_entry,1466,813350619894901,813350620069692,174791
841,client_resolved,1466,813350619997036,813350620077661,80625
841,client_send,1466,813350620154224,813350620184692,30468
841,client_reply,1466,813350620614536,813350620636307,21771
841,client_resume,1466,813350620783859,813350620808807,24948
842,client_registered,1466,813350621003338,813350621017974,14636
842,client_entry,1466,813350620859640,813350621028599,168959
842,client_resolved,1466,813350620961047,813350621033911,72864
842,client_send,1466,813350621061828,813350621074015,12187
842,client_reply,1466,813350621471255,813350621490890,19635
842,client_resume,1466,813350621628755,813350621648859,20104
843,client_registered,1466,813350621853078,813350621869692,16614
843,client_entry,1466,813350621700995,813350621879953,178958
843,client_resolved,1466,813350621803078,813350621884953,81875
843,client_send,1466,813350621910317,813350621919588,9271
843,client_reply,1466,813350622330786,813350622353859,23073
843,client_resume,1466,813350622486932,813350622525109,38177
844,client_registered,1466,813350622732661,813350622754172,21511
844,client_entry,1466,813350622576255,813350622765005,188750
844,client_resolved,1466,813350622688338,813350622770213,81875
844,client_send,1466,813350622793859,813350622802297,8438
844,client_reply,1466,813350623289328,813350623312557,23229
844,client_resume,1466,813350623450890,813350623472922,22032
845,client_registered,1466,813350623657401,813350623671880,14479
845,client_entry,1466,813350623523703,813350623687245,163542
845,client_resolved,1466,813350623616724,813350623694276,77552
845,client_send,1466,813350623720057,813350623728859,8802
845,client_reply,1466,813350624176515,813350624198390,21875
845,client_resume,1466,813350624324172,813350624341515,17343
846,client_registered,1466,813350624559120,813350624575109,15989
846,client_entry,1466,813350624391880,813350624583182,191302
846,client_resolved,1466,813350624515786,813350624591776,75990
846,client_send,1466,813350624615317,813350624624536,9219
846,client_reply,1466,813350625019120,813350625041047,21927
846,client_resume,1466,813350625171724,813350625199276,27552
847,client_registered,1466,813350625397349,813350625413182,15833
847,client_entry,1466,813350625250578,813350625425317,174739
847,client_resolved,1466,813350625357192,813350625433599,76407
847,client_send,1466,813350625459745,813350625469849,10104
847,client_reply,1466,813350625859432,813350625881255,21823
847,client_resume,1466,813350626011515,813350626033286,21771
848,client_registered,1466,813350626242922,813350626259953,17031
848,client_entry,1466,813350626083859,813350626271151,187292
848,client_resolved,1466,813350626195317,813350626275734,80417
848,client_send,1466,813350626297453,813350626306776,9323
848,client_reply,1466,813350626762297,813350626786776,24479
848,client_resume,1466,813350626916724,813350626944015,27291
849,client_registered,1466,813350627142088,813350627158599,16511
849,client_entry,1466,813350626996724,813350627168859,172135
849,client_resolved,1466,813350627101359,813350627173911,72552
849,client_send,1466,813350627195422,813350627202765,7343
849,client_reply,1466,813350627626411,813350627647245,20834
849,client_resume,1466,813350627789745,813350627817192,27447
850,client_registered,1466,813350628043390,813350628063234,19844
850,client_entry,1466,813350627865057,813350628073390,208333
850,client_resolved,1466,813350627965890,813350628078911,113021
850,client_send,1466,813350628156880,813350628167817,10937
850,client_reply,1466,813350628636047,813350628677453,41406
850,client_resume,1466,813350628815838,813350628836620,20782
851,client_registered,1466,813350629073911,813350629092870,18959
851,client_entry,1466,813350628886203,813350629103182,216979
851,client_resolved,1466,813350629030265,813350629108755,78490
851,client_send,1466,813350629129172,813350629138026,8854
851,client_reply,1466,813350629567817,813350629592349,24532
851,client_resume,1466,813350629748338,813350629773130,24792
852,client_registered,1466,813350629984120,813350630001411,17291
852,client_entry,1466,813350629825786,813350630010786,185000
852,client_resolved,1466,813350629929015,813350630016047,87032
852,client_send,1466,813350630043963,813350630056255,12292
852,client_reply,1466,813350630526151,813350630550578,24427
852,client_resume,1466,813350630699484,813350630721463,21979
853,client_registered,1466,813350630941099,813350630955474,14375
853,client_entry,1466,813350630769849,813350630967817,197968
853,client_resolved,1466,813350630902713,813350630973390,70677
853,client_send,1466,813350630996203,813350631004276,8073
853,client_reply,1466,813350631428859,813350631452713,23854
853,client_resume,1466,813350631605890,813350631631151,25261
854,client_registered,1466,813350631829588,813350631859172,29584
854,client_entry,1466,813350631680942,813350631870526,189584
854,client_resolved,1466,813350631783651,813350631874953,91302
854,client_send,1466,813350631899849,813350631909640,9791
854,client_reply,1466,813350632365317,813350632389067,23750
854,client_resume,1466,813350632539536,813350632566047,26511
855,client_registered,1466,813350632780526,813350632795526,15000
855,client_entry,1466,813350632660317,813350632805942,145625
855,client_resolved,1466,813350632740213,813350632812870,72657
855,client_send,1466,813350632835995,813350632845265,9270
855,client_reply,1466,813350633353755,813350633381724,27969
855,client_resume,1466,813350633531099,813350633562453,31354
856,client_registered,1466,813350633773963,813350633796724,22761
856,client_entry,1466,813350633615161,813350633817609,202448
856,client_resolved,1466,813350633723859,813350633824015,100156
856,client_send,1466,813350633850630,813350633859692,9062
856,client_reply,1466,813350634266307,813350634288442,22135
856,client_resume,1466,813350634434745,813350634463130,28385
857,client_registered,1466,813350634653078,813350634667870,14792
857,client_entry,1466,813350634511984,813350634676776,164792
857,client_resolved,1466,813350634612036,813350634681463,69427
857,client_send,1466,813350634705630,813350634713442,7812
857,client_reply,1466,813350635123703,813350635145422,21719
857,client_resume,1466,813350635289536,813350635317245,27709
858,client_registered,1466,813350635567401,813350635590265,22864
858,client_entry,1466,813350635368442,813350635602765,234323
858,client_resolved,1466,813350635520682,813350635623963,103281
858,client_send,1466,813350635650578,813350635661567,10989
858,client_reply,1466,813350636058286,813350636078859,20573
858,client_resume,1466,813350636275578,813350636299432,23854
859,client_registered,1466,813350636486724,813350636499849,13125
859,client_entry,1466,813350636349172,813350636511463,162291
859,client_resolved,1466,813350636446255,813350636517349,71094
859,client_send,1466,813350636542765,813350636554484,11719
859,client_reply,1466,813350636969484,813350636991828,22344
859,client_resume,1466,813350637125526,813350637153495,27969
860,client_registered,1466,813350637342088,813350637357609,15521
860,client_entry,1466,813350637202453,813350637368026,165573
860,client_resolved,1466,813350637300682,813350637373338,72656
860,client_send,1466,813350637397974,813350637422245,24271
860,client_reply,1466,813350637912297,813350637933755,21458
860,client_resume,1466,813350638046099,813350638070526,24427
861,client_registered,1466,813350638258286,813350638278703,20417
861,client_entry,1466,813350638118911,813350638291411,172500
861,client_resolved,1466,813350638216724,813350638296932,80208
861,client_send,1466,813350638322088,813350638330786,8698
861,client_reply,1466,813350638807817,813350638829172,21355
861,client_resume,1466,813350638974172,813350638999953,25781
862,client_registered,1466,813350639185942,813350639202453,16511
862,client_entry,1466,813350639048182,813350639212140,163958
862,client_resolved,1466,813350639145370,813350639217297,71927
862,client_send,1466,813350639243130,813350639253547,10417
862,client_reply,1466,813350639710838,813350639733963,23125
862,client_resume,1466,813350639856880,813350639887140,30260
863,client_registered,1466,813350640072922,813350640117870,44948
863,client_entry,1466,813350639935838,813350640135995,200157
863,client_resolved,1466,813350640033338,813350640143286,109948
863,client_send,1466,813350640169849,813350640181620,11771
863,client_reply,1466,813350640588859,813350640622713,33854
863,client_resume,1466,813350640755370,813350640783755,28385
864,client_registered,1466,813350640985474,813350641008130,22656
864,client_entry,1466,813350640836099,813350641020161,184062
864,client_resolved,1466,813350640938703,813350641025265,86562
864,client_send,1466,813350641050005,813350641059328,9323
864,client_reply,1466,813350641603859,813350641626099,22240
864,client_resume,1466,813350641754432,813350641783026,28594
865,client_registered,1466,813350641982088,813350641999380,17292
865,client_entry,1466,813350641842765,813350642008599,165834
865,client_resolved,1466,813350641941567,813350642013286,71719
865,client_send,1466,813350642035109,813350642042713,7604
865,client_reply,1466,813350642446307,813350642466567,20260
865,client_resume,1466,813350642634953,813350642653442,18489
866,client_registered,1466,813350642849692,813350642867505,17813
866,client_entry,1466,813350642700838,813350642877974,177136
866,client_resolved,1466,813350642803130,813350642883130,80000
866,client_send,1466,813350642904067,813350642912609,8542
866,client_reply,1466,813350643335317,813350643357817,22500
866,client_resume,1466,813350643497140,813350643517453,20313
867,client_registered,1466,813350643732505,813350643747974,15469
867,client_entry,1466,813350643568442,813350643757140,188698
867,client_resolved,1466,813350643690995,813350643763703,72708
867,client_send,1466,813350643789901,813350643801724,11823
867,client_reply,1466,813350644258130,813350644281515,23385
867,client_resume,1466,813350644430630,813350644462088,31458
868,client_registered,1466,813350644656984,813350644672661,15677
868,client_entry,1466,813350644510370,813350644682817,172447
868,client_resolved,1466,813350644615370,813350644688234,72864
868,client_send,1466,813350644716411,813350644728130,11719
868,client_reply,1466,813350645115161,813350645137036,21875
868,client_resume,1466,813350645269745,813350645290630,20885
869,client_registered,1466,813350645498911,813350645519797,20886
869,client_entry,1466,813350645337088,813350645532401,195313
869,client_resolved,1466,813350645440057,813350645537870,97813
869,client_send,1466,813350645562036,813350645572088,10052
869,client_reply,1466,813350645989224,813350646012297,23073
869,client_resume,1466,813350646150422,813350646180265,29843
870,client_registered,1466,813350646371151,813350646386620,15469
870,client_entry,1466,813350646228963,813350646396099,167136
870,client_resolved,1466,813350646331672,813350646400578,68906
870,client_send,1466,813350646424432,813350646431567,7135
870,client_reply,1466,813350646842088,813350646864276,22188
870,client_resume,1466,813350646999849,813350647016932,17083
871,client_registered,1466,813350647218442,813350647236672,18230
871,client_entry,1466,813350647061359,813350647248651,187292
871,client_resolved,1466,813350647163182,813350647253390,90208
871,client_send,1466,813350647277088,813350647285213,8125
871,client_reply,1466,813350647667349,813350647689953,22604
871,client_resume,1466,813350647818859,813350647845838,26979
872,client_registered,1466,813350648038807,813350648058182,19375
872,client_entry,1466,813350647892505,813350648070213,177708
872,client_resolved,1466,813350647995317,813350648074901,79584
872,client_send,1466,813350648133130,813350648143547,10417
872,client_reply,1466,813350648531463,813350648552349,20886
872,client_resume,1466,813350648694067,813350648720890,26823
873,client_registered,1466,813350648923390,813350648941672,18282
873,client_entry,1466,813350648768911,813350648951047,182136
873,client_resolved,1466,813350648866776,813350648955526,88750
873,client_send,1466,813350648980370,813350648990265,9895
873,client_reply,1466,813350649375890,813350649396776,20886
873,client_resume,1466,813350649543547,813350649570161,26614
874,client_registered,1466,813350649755578,813350649770838,15260
874,client_entry,1466,813350649618026,813350649780213,162187
874,client_resolved,1466,813350649713078,813350649784797,71719
874,client_send,1466,813350649811047,813350649822453,11406
874,client_reply,1466,813350650217453,813350650238807,21354
874,client_resume,1466,813350650373234,813350650397192,23958
875,client_registered,1466,813350650575578,813350650610838,35260
875,client_entry,1466,813350650444120,813350650621463,177343
875,client_resolved,1466,813350650536411,813350650626567,90156
875,client_send,1466,813350650652036,813350650661359,9323
875,client_reply,1466,813350651039536,813350651061047,21511
875,client_resume,1466,813350651202453,813350651230578,28125
876,client_registered,1466,813350651411828,813350651426203,14375
876,client_entry,1466,813350651279432,813350651435422,155990
876,client_resolved,1466,813350651370786,813350651443599,72813
876,client_send,1466,813350651469432,813350651477817,8385
876,client_reply,1466,813350651868651,813350651889484,20833
876,client_resume,1466,813350652013026,813350652030474,17448
877,client_registered,1466,813350652252401,813350652269067,16666
877,client_entry,1466,813350652075474,813350652286672,211198
877,client_resolved,1466,813350652208390,813350652292088,83698
877,client_send,1466,813350652314953,813350652323807,8854
877,client_reply,1466,813350652677922,813350652699536,21614
877,client_resume,1466,813350652819015,813350652845578,26563
878,client_registered,1466,813350653043182,813350653062297,19115
878,client_entry,1466,813350652896099,813350653072870,176771
878,client_resolved,1466,813350653000109,813350653078442,78333
878,client_send,1466,813350653102609,813350653110370,7761
878,client_reply,1466,813350653518807,813350653539380,20573
878,client_resume,1466,813350653668442,813350653687661,19219
879,client_registered,1466,813350653883078,813350653902713,19635
879,client_entry,1466,813350653735265,813350653913963,178698
879,client_resolved,1466,813350653839484,813350653928963,89479
879,client_send,1466,813350653952297,813350653960786,8489
879,client_reply,1466,813350654357245,813350654378338,21093
879,client_resume,1466,813350654509588,813350654537870,28282
880,client_registered,1466,813350654729067,813350654745057,15990
880,client_entry,1466,813350654587453,813350654755838,168385
880,client_resolved,1466,813350654688286,813350654760578,72292
880,client_send,1466,813350654787765,813350654799849,12084
880,client_reply,1466,813350655204484,813350655225161,20677
880,client_resume,1466,813350655374276,813350655400526,26250
881,client_registered,1466,813350655589120,813350655603442,14322
881,client_entry,1466,813350655450734,813350655613078,162344
881,client_resolved,1466,813350655548547,813350655618390,69843
881,client_send,1466,813350655644015,813350655665370,21355
881,client_reply,1466,813350656070578,813350656115005,44427
881,client_resume,1466,813350656263078,813350656290786,27708
882,client_registered,1466,813350656485890,813350656508182,22292
882,client_entry,1466,813350656340578,813350656519692,179114
882,client_resolved,1466,813350656442192,813350656524588,82396
882,client_send,1466,813350656548286,813350656566203,17917
882,client_reply,1466,813350656960734,813350656983234,22500
882,client_resume,1466,813350657121620,813350657150682,29062
883,client_registered,1466,813350657335838,813350657352297,16459
883,client_entry,1466,813350657199015,813350657365474,166459
883,client_resolved,1466,813350657295370,813350657371567,76197
883,client_send,1466,813350657397870,813350657407922,10052
883,client_reply,1466,813350657830526,813350657851984,21458
883,client_resume,1466,813350657997505,813350658043130,45625
884,client_registered,1466,813350658276411,813350658293599,17188
884,client_entry,1466,813350658089536,813350658302870,213334
884,client_resolved,1466,813350658190786,813350658307713,116927
884,client_send,1466,813350658328234,813350658334953,6719
884,client_reply,1466,813350658711255,813350658735109,23854
884,client_resume,1466,813350658864692,813350658892349,27657
885,client_registered,1466,813350659074536,813350659091151,16615
885,client_entry,1466,813350658940109,813350659102036,161927
885,client_resolved,1466,813350659034015,813350659107765,73750
885,client_send,1466,813350659134328,813350659145474,11146
885,client_reply,1466,813350659591359,813350659612817,21458
885,client_resume,1466,813350659753495,813350659781411,27916
886,client_registered,1466,813350659983026,813350659999484,16458
886,client_entry,1466,813350659829015,813350660011307,182292
886,client_resolved,1466,813350659942609,813350660017557,74948
886,client_send,1466,813350660041724,813350660051620,9896
886,client_reply,1466,813350660481307,813350660502453,21146
886,client_resume,1466,813350660628599,813350660647453,18854
887,client_registered,1466,813350660840734,813350660857140,16406
887,client_entry,1466,813350660696984,813350660867817,170833
887,client_resolved,1466,813350660798755,813350660875161,76406
887,client_send,1466,813350660899849,813350660908495,8646
887,client_reply,1466,813350661302245,813350661324484,22239
887,client_resume,1466,813350661445734,813350661470942,25208
888,client_registered,1466,813350661692505,813350661709015,16510
888,client_entry,1466,813350661515942,813350661718495,202553
888,client_resolved,1466,813350661651099,813350661723130,72031
888,client_send,1466,813350661744849,813350661750838,5989
888,client_reply,1466,813350662125213,813350662147088,21875
888,client_resume,1466,813350662279484,813350662305057,25573
889,client_registered,1466,813350662505838,813350662526047,20209
889,client_entry,1466,813350662355370,813350662538755,183385
889,client_resolved,1466,813350662461672,813350662544172,82500
889,client_send,1466,813350662568859,813350662576359,7500
889,client_reply,1466,813350662982870,813350663005161,22291
889,client_resume,1466,813350663149276,813350663174849,25573
890,client_registered,1466,813350663368755,813350663384172,15417
890,client_entry,1466,813350663223130,813350663395161,172031
890,client_resolved,1466,813350663315161,813350663400630,85469
890,client_send,1466,813350663424276,813350663434692,10416
890,client_reply,1466,813350663847557,813350663867817,20260
890,client_resume,1466,813350663996411,813350664016255,19844
891,client_registered,1466,813350664244224,813350664262349,18125
891,client_entry,1466,813350664063651,813350664274692,211041
891,client_resolved,1466,813350664198599,813350664279015,80416
891,client_send,1466,813350664302192,813350664311099,8907
891,client_reply,1466,813350664684067,813350664705838,21771
891,client_resume,1466,813350664831515,813350664857609,26094
892,client_registered,1466,813350665084745,813350665097401,12656
892,client_entry,1466,813350664907557,813350665106567,199010
892,client_resolved,1466,813350665009120,813350665111672,102552
892,client_send,1466,813350665134536,813350665142245,7709
892,client_reply,1466,813350665541567,813350665562765,21198
892,client_resume,1466,813350665704953,813350665729640,24687
893,client_registered,1466,813350665908911,813350665922817,13906
893,client_entry,1466,813350665776255,813350665933495,157240
893,client_resolved,1466,813350665870109,813350665938442,68333
893,client_send,1466,813350665962349,813350665970213,7864
893,client_reply,1466,813350666357245,813350666379276,22031
893,client_resume,1466,813350666522349,813350666546932,24583
894,client_registered,1466,813350666737609,813350666771776,34167
894,client_entry,1466,813350666595682,813350666782349,186667
894,client_resolved,1466,813350666696151,813350666787453,91302
894,client_send,1466,813350666810370,813350666817817,7447
894,client_reply,1466,813350667265526,813350667290265,24739
894,client_resume,1466,813350667445317,813350667467922,22605
895,client_registered,1466,813350667676567,813350667688495,11928
895,client_entry,1466,813350667513442,813350667696411,182969
895,client_resolved,1466,813350667606620,813350667700942,94322
895,client_send,1466,813350667721880,813350667731099,9219
895,client_reply,1466,813350668203130,813350668226776,23646
895,client_resume,1466,813350668358442,813350668374745,16303
896,client_registered,1466,813350668572401,813350668589953,17552
896,client_entry,1466,813350668418911,813350668610786,191875
896,client_resolved,1466,813350668524745,813350668616776,92031
896,client_send,1466,813350668640838,813350668649692,8854
896,client_reply,1466,813350669067349,813350669087817,20468
896,client_resume,1466,813350669218495,813350669244901,26406
897,client_registered,1466,813350669433703,813350669450474,16771
897,client_entry,1466,813350669294015,813350669463182,169167
897,client_resolved,1466,813350669395786,813350669469692,73906
897,client_send,1466,813350669496463,813350669505942,9479
897,client_reply,1466,813350669904380,813350669925942,21562
897,client_resume,1466,813350670065109,813350670092192,27083
898,client_registered,1466,813350670273130,813350670288859,15729
898,client_entry,1466,813350670139901,813350670297609,157708
898,client_resolved,1466,813350670235370,813350670318234,82864
898,client_send,1466,813350670348026,813350670356151,8125
898,client_reply,1466,813350670749120,813350670769692,20572
898,client_resume,1466,813350670902922,813350670922349,19427
899,client_registered,1466,813350671115838,813350671132922,17084
899,client_entry,1466,813350670971724,813350671144328,172604
899,client_resolved,1466,813350671072297,813350671148911,76614
899,client_send,1466,813350671172557,813350671180838,8281
899,client_reply,1466,813350671573286,813350671594120,20834
899,client_resume,1466,813350671722245,813350671748442,26197
900,client_registered,1466,813350671936099,813350671952713,16614
900,client_entry,1466,813350671795995,813350671961359,165364
900,client_resolved,1466,813350671896672,813350671966099,69427
900,client_send,1466,813350671991151,813350672020161,29010
900,client_reply,1466,813350672492974,813350672513547,20573
900,client_resume,1466,813350672641411,813350672658495,17084
901,client_registered,1466,813350672843442,813350672864067,20625
901,client_entry,1466,813350672700995,813350672875995,175000
901,client_resolved,1466,813350672798182,813350672882036,83854
901,client_send,1466,813350672904588,813350672912609,8021
901,client_reply,1466,813350673382557,813350673418547,35990
901,client_resume,1466,813350673533911,813350673556203,22292
902,client_registered,1466,813350673755838,813350673774380,18542
902,client_entry,1466,813350673603442,813350673785786,182344
902,client_resolved,1466,813350673710057,813350673791203,81146
902,client_send,1466,813350673817713,813350673824484,6771
902,client_reply,1466,813350674294276,813350674318651,24375
902,client_resume,1466,813350674426932,813350674458599,31667
903,client_registered,1466,813350674642349,813350674657192,14843
903,client_entry,1466,813350674506620,813350674669745,163125
903,client_resolved,1466,813350674602505,813350674676359,73854
903,client_send,1466,813350674701203,813350674710109,8906
903,client_reply,1466,813350675140838,813350675164172,23334
903,client_resume,1466,813350675271203,813350675291047,19844
904,client_registered,1466,813350675526255,813350675542297,16042
904,client_entry,1466,813350675339067,813350675552245,213178
904,client_resolved,1466,813350675484380,813350675560526,76146
904,client_send,1466,813350675585109,813350675592661,7552
904,client_reply,1466,813350676020161,813350676043078,22917
904,client_resume,1466,813350676181047,813350676200213,19166
905,client_registered,1466,813350676392245,813350676407453,15208
905,client_entry,1466,813350676243130,813350676423338,180208
905,client_resolved,1466,813350676352401,813350676430474,78073
905,client_send,1466,813350676457349,813350676466151,8802
905,client_reply,1466,813350676919692,813350676943651,23959
905,client_resume,1466,813350677052557,813350677073390,20833
906,client_registered,1466,813350677273495,813350677296620,23125
906,client_entry,1466,813350677122609,813350677308755,186146
906,client_resolved,1466,813350677227817,813350677314067,86250
906,client_send,1466,813350677337245,813350677344588,7343
906,client_reply,1466,813350677777713,813350677801984,24271
906,client_resume,1466,813350677909692,813350677930995,21303
907,client_registered,1466,813350678133755,813350678149849,16094
907,client_entry,1466,813350677979640,813350678162765,183125
907,client_resolved,1466,813350678095161,813350678170265,75104
907,client_send,1466,813350678197557,813350678206307,8750
907,client_reply,1466,813350678632870,813350678656099,23229
907,client_resume,1466,813350678762401,813350678782557,20156
908,client_registered,1466,813350678973495,813350678991359,17864
908,client_entry,1466,813350678829120,813350679005265,176145
908,client_resolved,1466,813350678931463,813350679011151,79688
908,client_send,1466,813350679034172,813350679040786,6614
908,client_reply,1466,813350679468338,813350679491672,23334
908,client_resume,1466,813350679595995,813350679617453,21458
909,client_registered,1466,813350679836151,813350679856203,20052
909,client_entry,1466,813350679666880,813350679866932,200052
909,client_resolved,1466,813350679763807,813350679872192,108385
909,client_send,1466,813350679895890,813350679903599,7709
909,client_reply,1466,813350680397453,813350680421359,23906
909,client_resume,1466,813350680528182,813350680547974,19792
910,client_registered,1466,813350680726776,813350680740213,13437
910,client_entry,1466,813350680594120,813350680750317,156197
910,client_resolved,1466,813350680688078,813350680755526,67448
910,client_send,1466,813350680778078,813350680784640,6562
910,client_reply,1466,813350681191672,813350681214328,22656
910,client_resume,1466,813350681316672,813350681336463,19791
911,client_registered,1466,813350681530578,813350681543130,12552
911,client_entry,1466,813350681383911,813350681551620,167709
911,client_resolved,1466,813350681477870,813350681558130,80260
911,client_send,1466,813350681580474,813350681586932,6458
911,client_reply,1466,813350682011047,813350682034172,23125
911,client_resume,1466,813350682134067,813350682153338,19271
912,client_registered,1466,813350682330786,813350682344380,13594
912,client_entry,1466,813350682200109,813350682353651,153542
912,client_resolved,1466,813350682291567,813350682358547,66980
912,client_send,1466,813350682379849,813350682386307,6458
912,client_reply,1466,813350682783234,813350682805474,22240
912,client_resume,1466,813350682909745,813350682929536,19791
913,client_registered,1466,813350683128130,813350683149067,20937
913,client_entry,1466,813350683009224,813350683157245,148021
913,client_resolved,1466,813350683088755,813350683162297,73542
913,client_send,1466,813350683182349,813350683188495,6146
913,client_reply,1466,813350683720578,813350683746099,25521
913,client_resume,1466,813350683937505,813350683962192,24687
914,client_registered,1466,813350684254640,813350684272349,17709
914,client_entry,1466,813350684015370,813350684282349,266979
914,client_resolved,1466,813350684160682,813350684288234,127552
914,client_send,1466,813350684314172,813350684323182,9010
914,client_reply,1466,813350684744640,813350684775213,30573
914,client_resume,1466,813350684922974,813350684950005,27031
915,client_registered,1466,813350685143755,813350685158026,14271
915,client_entry,1466,813350684999797,813350685180630,180833
915,client_resolved,1466,813350685104484,813350685186776,82292
915,client_send,1466,813350685214640,813350685224328,9688
915,client_reply,1466,813350685644172,813350685663182,19010
915,client_resume,1466,813350685812713,813350685838390,25677
916,client_registered,1466,813350686029797,813350686045422,15625
916,client_entry,1466,813350685892088,813350686058495,166407
916,client_resolved,1466,813350685990838,813350686064276,73438
916,client_send,1466,813350686090213,813350686097245,7032
916,client_reply,1466,813350686511672,813350686533338,21666
916,client_resume,1466,813350686672557,813350686697401,24844
917,client_registered,1466,813350686878338,813350686893599,15261
917,client_entry,1466,813350686743755,813350686907713,163958
917,client_resolved,1466,813350686839380,813350686931359,91979
917,client_send,1466,813350686959432,813350686968078,8646
917,client_reply,1466,813350687370317,813350687389797,19480
917,client_resume,1466,813350687524172,813350687544120,19948
918,client_registered,1466,813350687737505,813350687752349,14844
918,client_entry,1466,813350687592505,813350687762192,169687
918,client_resolved,1466,813350687696099,813350687767557,71458
918,client_send,1466,813350687792661,813350687803078,10417
918,client_reply,1466,813350688266255,813350688286463,20208
918,client_resume,1466,813350688417297,813350688443859,26562
919,client_registered,1466,813350688630734,813350688646724,15990
919,client_entry,1466,813350688492401,813350688658338,165937
919,client_resolved,1466,813350688590161,813350688666151,75990
919,client_send,1466,813350688692401,813350688715213,22812
919,client_reply,1466,813350689118755,813350689139015,20260
919,client_resume,1466,813350689288390,813350689318234,29844
920,client_registered,1466,813350689505786,813350689520370,14584
920,client_entry,1466,813350689369015,813350689529953,160938
920,client_resolved,1466,813350689467140,813350689536307,69167
920,client_send,1466,813350689565057,813350689574120,9063
920,client_reply,1466,813350689974849,813350689996047,21198
920,client_resume,1466,813350690130317,813350690149172,18855
921,client_registered,1466,813350690340838,813350690354901,14063
921,client_entry,1466,813350690195630,813350690365942,170312
921,client_resolved,1466,813350690298807,813350690375057,76250
921,client_send,1466,813350690402245,813350690411359,9114
921,client_reply,1466,813350690832922,813350690855995,23073
921,client_resume,1466,813350690987661,813350691023234,35573
922,client_registered,1466,813350691226151,813350691246932,20781
922,client_entry,1466,813350691073547,813350691258703,185156
922,client_resolved,1466,813350691182922,813350691263911,80989
922,client_send,1466,813350691287505,813350691295526,8021
922,client_reply,1466,813350691752349,813350691773547,21198
922,client_resume,1466,813350691919953,813350691945786,25833
923,client_registered,1466,813350692176620,813350692192609,15989
923,client_entry,1466,813350691993859,813350692203286,209427
923,client_resolved,1466,813350692131515,813350692208651,77136
923,client_send,1466,813350692231672,813350692240682,9010
923,client_reply,1466,813350692622349,813350692642297,19948
923,client_resume,1466,813350692780630,813350692803599,22969
924,client_registered,1466,813350693001828,813350693018442,16614
924,client_entry,1466,813350692865474,813350693028390,162916
924,client_resolved,1466,813350692963911,813350693033755,69844
924,client_send,1466,813350693061203,813350693072036,10833
924,client_reply,1466,813350693465890,813350693485995,20105
924,client_resume,1466,813350693612870,813350693630057,17187
925,client_registered,1466,813350693817557,813350693834745,17188
925,client_entry,1466,813350693675786,813350693847922,172136
925,client_resolved,1466,813350693776984,813350693852505,75521
925,client_send,1466,813350693875786,813350693882974,7188
925,client_reply,1466,813350694276932,813350694297870,20938
925,client_resume,1466,813350694430786,813350694446828,16042
926,client_registered,1466,813350694660317,813350694677297,16980
926,client_entry,1466,813350694491359,813350694688755,197396
926,client_resolved,1466,813350694619120,813350694693807,74687
926,client_send,1466,813350694715005,813350694722245,7240
926,client_reply,1466,813350695114276,813350695136463,22187
926,client_resume,1466,813350695259692,813350695284745,25053
927,client_registered,1466,813350695472140,813350695486307,14167
927,client_entry,1466,813350695334276,813350695499015,164739
927,client_resolved,1466,813350695432817,813350695505786,72969
927,client_send,1466,813350695530474,813350695539224,8750
927,client_reply,1466,813350695942088,813350695970213,28125
927,client_resume,1466,813350696135317,813350696158130,22813
928,client_registered,1466,813350696349120,813350696362401,13281
928,client_entry,1466,813350696202765,813350696371411,168646
928,client_resolved,1466,813350696306151,813350696376567,70416
928,client_send,1466,813350696396672,813350696403078,6406
928,client_reply,1466,813350696784849,813350696806411,21562
928,client_resume,1466,813350696947870,813350696970578,22708
929,client_registered,1466,813350697151203,813350697165578,14375
929,client_entry,1466,813350697015942,813350697175630,159688
929,client_resolved,1466,813350697112401,813350697183234,70833
929,client_send,1466,813350697207922,813350697216151,8229
929,client_reply,1466,813350697629484,813350697650005,20521
929,client_resume,1466,813350697779588,813350697795942,16354
930,client_registered,1466,813350697998547,813350698014172,15625
930,client_entry,1466,813350697844120,813350698023495,179375
930,client_resolved,1466,813350697947140,813350698030786,83646
930,client_send,1466,813350698052088,813350698059172,7084
930,client_reply,1466,813350698442036,813350698462661,20625
930,client_resume,1466,813350698590838,813350698616307,25469
931,client_registered,1466,813350698812765,813350698833495,20730
931,client_entry,1466,813350698665578,813350698843599,178021
931,client_resolved,1466,813350698769588,813350698848755,79167
931,client_send,1466,813350698871880,813350698879276,7396
931,client_reply,1466,813350699276620,813350699296567,19947
931,client_resume,1466,813350699539692,813350699569015,29323
932,client_registered,1466,813350699793755,813350699807922,14167
932,client_entry,1466,813350699635838,813350699818182,182344
932,client_resolved,1466,813350699740578,813350699822817,82239
932,client_send,1466,813350699843234,813350699849640,6406
932,client_reply,1466,813350700272765,813350700292036,19271
932,client_resume,1466,813350700432140,813350700459380,27240
933,client_registered,1466,813350700658286,813350700673130,14844
933,client_entry,1466,813350700510057,813350700684224,174167
933,client_resolved,1466,813350700617349,813350700690370,73021
933,client_send,1466,813350700716411,813350700726880,10469
933,client_reply,1466,813350701131515,813350701152349,20834
933,client_resume,1466,813350701298182,813350701324328,26146
934,client_registered,1466,813350701513755,813350701551984,38229
934,client_entry,1466,813350701372453,813350701560370,187917
934,client_resolved,1466,813350701474224,813350701565942,91718
934,client_send,1466,813350701592557,813350701603807,11250
934,client_reply,1466,813350702006724,813350702028442,21718
934,client_resume,1466,813350702173442,813350702202661,29219
935,client_registered,1466,813350702399276,813350702420422,21146
935,client_entry,1466,813350702252870,813350702431984,179114
935,client_resolved,1466,813350702353495,813350702437036,83541
935,client_send,1466,813350702460734,813350702467713,6979
935,client_reply,1466,813350702891567,813350702912817,21250
935,client_resume,1466,813350703060526,813350703087297,26771
936,client_registered,1466,813350703275161,813350703290265,15104
936,client_entry,1466,813350703137088,813350703315161,178073
936,client_resolved,1466,813350703236515,813350703323599,87084
936,client_send,1466,813350703350057,813350703358859,8802
936,client_reply,1466,813350703751099,813350703772609,21510
936,client_resume,1466,813350703913390,813350703940578,27188
937,client_registered,1466,813350704151776,813350704167557,15781
937,client_entry,1466,813350703988911,813350704179172,190261
937,client_resolved,1466,813350704085890,813350704185422,99532
937,client_send,1466,813350704210578,813350704218599,8021
937,client_reply,1466,813350704631515,813350704653026,21511
937,client_resume,1466,813350704781099,813350704799067,17968
938,client_registered,1466,813350704995786,813350705012297,16511
938,client_entry,1466,813350704848859,813350705021828,172969
938,client_resolved,1466,813350704953442,813350705037349,83907
938,client_send,1466,813350705061724,813350705071099,9375
938,client_reply,1466,813350705457505,813350705478026,20521
938,client_resume,1466,813350705609849,813350705634224,24375
939,client_registered,1466,813350705863547,813350705881359,17812
939,client_entry,1466,813350705681620,813350705891724,210104
939,client_resolved,1466,813350705821099,813350705896724,75625
939,client_send,1466,813350705918963,813350705924432,5469
939,client_reply,1466,813350706326203,813350706346776,20573
939,client_resume,1466,813350706504380,813350706528234,23854
940,client_registered,1466,813350706720005,813350706740890,20885
940,client_entry,1466,813350706575109,813350706752557,177448
940,client_resolved,1466,813350706672922,813350706757557,84635
940,client_send,1466,813350706782140,813350706803547,21407
940,client_reply,1466,813350707203495,813350707225682,22187
940,client_resume,1466,813350707371307,813350707396515,25208
941,client_registered,1466,813350707643547,813350707661515,17968
941,client_entry,1466,813350707444276,813350707675317,231041
941,client_resolved,1466,813350707601203,813350707681984,80781
941,client_send,1466,813350707707870,813350707716255,8385
941,client_reply,1466,813350708138130,813350708159380,21250
941,client_resume,1466,813350708292765,813350708309692,16927
942,client_registered,1466,813350708495161,813350708515265,20104
942,client_entry,1466,813350708355786,813350708525161,169375
942,client_resolved,1466,813350708451880,813350708529849,77969
942,client_send,1466,813350708552974,813350708559953,6979
942,client_reply,1466,813350708957245,813350708975734,18489
942,client_resume,1466,813350709103442,813350709146567,43125
943,client_registered,1466,813350709335682,813350709357557,21875
943,client_entry,1466,813350709194172,813350709368338,174166
943,client_resolved,1466,813350709294172,813350709372974,78802
943,client_send,1466,813350709395526,813350709402401,6875
943,client_reply,1466,813350709782661,813350709803130,20469
943,client_resume,1466,813350709940474,813350709963547,23073
944,client_registered,1466,813350710143755,813350710157817,14062
944,client_entry,1466,813350710010942,813350710171151,160209
944,client_resolved,1466,813350710105630,813350710177140,71510
944,client_send,1466,813350710201099,813350710209380,8281
944,client_reply,1466,813350710597140,813350710616724,19584
944,client_resume,1466,813350710750890,813350710774640,23750
945,client_registered,1466,813350710966515,813350710981932,15417
945,client_entry,1466,813350710820317,813350710994536,174219
945,client_resolved,1466,813350710927401,813350711000265,72864
945,client_send,1466,813350711024745,813350711032349,7604
945,client_reply,1466,813350711394015,813350711412922,18907
945,client_resume,1466,813350711534901,813350711558963,24062
946,client_registered,1466,813350711728599,813350711741776,13177
946,client_entry,1466,813350711603755,813350711753755,150000
946,client_resolved,1466,813350711692192,813350711759536,67344
946,client_send,1466,813350711782609,813350711789745,7136
946,client_reply,1466,813350712182349,813350712200995,18646
946,client_resume,1466,813350712325422,813350712343078,17656
947,client_registered,1466,813350712533859,813350712550213,16354
947,client_entry,1466,813350712387974,813350712561828,173854
947,client_resolved,1466,813350712486724,813350712568807,82083
947,client_send,1466,813350712590526,813350712597349,6823
947,client_reply,1466,813350712950578,813350712970890,20312
947,client_resume,1466,813350713096203,813350713120161,23958
948,client_registered,1466,813350713300682,813350713315682,15000
948,client_entry,1466,813350713166411,813350713329432,163021
948,client_resolved,1466,813350713263286,813350713336307,73021
948,client_send,1466,813350713362192,813350713369640,7448
948,client_reply,1466,813350713769120,813350713788547,19427
948,client_resume,1466,813350713927401,813350713955890,28489
949,client_registered,1466,813350714150265,813350714166880,16615
949,client_entry,1466,813350714003182,813350714179901,176719
949,client_resolved,1466,813350714097349,813350714186724,89375
949,client_send,1466,813350714213703,813350714221411,7708
949,client_reply,1466,813350714595005,813350714615734,20729
949,client_resume,1466,813350714759901,813350714785317,25416
950,client_registered,1466,813350714964797,813350714979849,15052
950,client_entry,1466,813350714832765,813350714992192,159427
950,client_resolved,1466,813350714927245,813350714997297,70052
950,client_send,1466,813350715023599,813350715032817,9218
950,client_reply,1466,813350715453599,813350715474120,20521
950,client_resume,1466,813350715608390,813350715629015,20625
951,client_registered,1466,813350715881880,813350715895942,14062
951,client_entry,1466,813350715675838,813350715906099,230261
951,client_resolved,1466,813350715782453,813350715912036,129583
951,client_send,1466,813350715935317,813350715942765,7448
951,client_reply,1466,813350716410734,813350716431411,20677
951,client_resume,1466,813350716565005,813350716582713,17708
952,client_registered,1466,813350716767557,813350716782557,15000
952,client_entry,1466,813350716632505,813350716793234,160729
952,client_resolved,1466,813350716728182,813350716801307,73125
952,client_send,1466,813350716823078,813350716830422,7344
952,client_reply,1466,813350717239276,813350717260317,21041
952,client_resume,1466,813350717408859,813350717433390,24531
953,client_registered,1466,813350717620942,813350717656307,35365
953,client_entry,1466,813350717480370,813350717669172,188802
953,client_resolved,1466,813350717581776,813350717674692,92916
953,client_send,1466,813350717700995,813350717708651,7656
953,client_reply,1466,813350718122765,813350718140474,17709
953,client_resume,1466,813350718259901,813350718283859,23958
954,client_registered,1466,813350718500109,813350718515630,15521
954,client_entry,1466,813350718330161,813350718523286,193125
954,client_resolved,1466,813350718428286,813350718528234,99948
954,client_send,1466,813350718549224,813350718555422,6198
954,client_reply,1466,813350718934692,813350718954745,20053
954,client_resume,1466,813350719096567,813350719122245,25678
955,client_registered,1466,813350719299432,813350719318703,19271
955,client_entry,1466,813350719168807,813350719340422,171615
955,client_resolved,1466,813350719259797,813350719345995,86198
955,client_send,1466,813350719370995,813350719379745,8750
955,client_reply,1466,813350719751620,813350719771099,19479
955,client_resume,1466,813350719906828,813350719932453,25625
956,client_registered,1466,813350720144640,813350720164849,20209
956,client_entry,1466,813350719978703,813350720175057,196354
956,client_resolved,1466,813350720066724,813350720180578,113854
956,client_send,1466,813350720204640,813350720211515,6875
956,client_reply,1466,813350720593442,813350720613286,19844
956,client_resume,1466,813350720746151,813350720767088,20937
957,client_registered,1466,813350720955838,813350720967245,11407
957,client_entry,1466,813350720810161,813350720979901,169740
957,client_resolved,1466,813350720918599,813350720996255,77656
957,client_send,1466,813350721020630,813350721028234,7604
957,client_reply,1466,813350721406255,813350721426463,20208
957,client_resume,1466,813350721549745,813350721575213,25468
958,client_registered,1466,813350721755370,813350721772140,16770
958,client_entry,1466,813350721621359,813350721784901,163542
958,client_resolved,1466,813350721716984,813350721791255,74271
958,client_send,1466,813350721814484,813350721822140,7656
958,client_reply,1466,813350722205682,813350722226359,20677
958,client_resume,1466,813350722354067,813350722381776,27709
959,client_registered,1466,813350722568078,813350722587974,19896
959,client_entry,1466,813350722429640,813350722598390,168750
959,client_resolved,1466,813350722525838,813350722603755,77917
959,client_send,1466,813350722624224,813350722653026,28802
959,client_reply,1466,813350723038963,813350723059276,20313
959,client_resume,1466,813350723195838,813350723215942,20104
960,client_registered,1466,813350723407349,813350723423599,16250
960,client_entry,1466,813350723265734,813350723432297,166563
960,client_resolved,1466,813350723367765,813350723439172,71407
960,client_send,1466,813350723458026,813350723464953,6927
960,client_reply,1466,813350723858599,813350723878963,20364
960,client_resume,1466,813350724016828,813350724042192,25364
961,client_registered,1466,813350724323234,813350724343182,19948
961,client_entry,1466,813350724089276,813350724353234,263958
961,client_resolved,1466,813350724280734,813350724357922,77188
961,client_send,1466,813350724379640,813350724386620,6980
961,client_reply,1466,813350724798651,813350724820109,21458
961,client_resume,1466,813350724956828,813350724991828,35000
962,client_registered,1466,813350725173963,813350725188703,14740
962,client_entry,1466,813350725039172,813350725201672,162500
962,client_resolved,1466,813350725136932,813350725208234,71302
962,client_send,1466,813350725230786,813350725240109,9323
962,client_reply,1466,813350725628338,813350725648755,20417
962,client_resume,1466,813350725782713,813350725808026,25313
963,client_registered,1466,813350725985109,813350725999797,14688
963,client_entry,1466,813350725855630,813350726008651,153021
963,client_resolved,1466,813350725947974,813350726013390,65416
963,client_send,1466,813350726033182,813350726039484,6302
963,client_reply,1466,813350726456203,813350726477088,20885
963,client_resume,1466,813350726619328,813350726644797,25469
964,client_registered,1466,813350726848130,813350726863703,15573
964,client_entry,1466,813350726713026,813350726873442,160416
964,client_resolved,1466,813350726810057,813350726877922,67865
964,client_send,1466,813350726899849,813350726908599,8750
964,client_reply,1466,813350727293911,813350727314432,20521
964,client_resume,1466,813350727450890,813350727478130,27240
965,client_registered,1466,813350727658026,813350727673911,15885
965,client_entry,1466,813350727525942,813350727686880,160938
965,client_resolved,1466,813350727619901,813350727694432,74531
965,client_send,1466,813350727716515,813350727723911,7396
965,client_reply,1466,813350728126828,813350728156359,29531
965,client_resume,1466,813350728293026,813350728317765,24739
966,client_registered,1466,813350728513390,813350728534224,20834
966,client_entry,1466,813350728363078,813350728546724,183646
966,client_resolved,1466,813350728470578,813350728553495,82917
966,client_send,1466,813350728574432,813350728580317,5885
966,client_reply,1466,813350728959224,813350728978651,19427
966,client_resume,1466,813350729105630,813350729124224,18594
967,client_registered,1466,813350729305265,813350729320578,15313
967,client_entry,1466,813350729171672,813350729332765,161093
967,client_resolved,1466,813350729265474,813350729337817,72343
967,client_send,1466,813350729358286,813350729365786,7500
967,client_reply,1466,813350729741099,813350729760057,18958
967,client_resume,1466,813350729896880,813350729921724,24844
968,client_registered,1466,813350730145265,813350730160422,15157
968,client_entry,1466,813350729968182,813350730168547,200365
968,client_resolved,1466,813350730073078,813350730173442,100364
968,client_send,1466,813350730193599,813350730200474,6875
968,client_reply,1466,813350730583442,813350730603442,20000
968,client_resume,1466,813350730729224,813350730750317,21093
969,client_registered,1466,813350730937192,813350730951828,14636
969,client_entry,1466,813350730802401,813350730962401,160000
969,client_resolved,1466,813350730898182,813350730966776,68594
969,client_send,1466,813350730988026,813350730994640,6614
969,client_reply,1466,813350731370005,813350731389432,19427
969,client_resume,1466,813350731531515,813350731552661,21146
970,client_registered,1466,813350731762297,813350731780890,18593
970,client_entry,1466,813350731604380,813350731791984,187604
970,client_resolved,1466,813350731704953,813350731797245,92292
970,client_send,1466,813350731819120,813350731829692,10572
970,client_reply,1466,813350732249484,813350732269484,20000
970,client_resume,1466,813350732405838,813350732436099,30261
971,client_registered,1466,813350732640213,813350732662713,22500
971,client_entry,1466,813350732485317,813350732673963,188646
971,client_resolved,1466,813350732593390,813350732680838,87448
971,client_send,1466,813350732704120,813350732709901,5781
971,client_reply,1466,813350733109692,813350733131880,22188
971,client_resume,1466,813350733270890,813350733290734,19844
972,client_registered,1466,813350733489901,813350733517192,27291
972,client_entry,1466,813350733339380,813350733526932,187552
972,client_resolved,1466,813350733447765,813350733533599,85834
972,client_send,1466,813350733556255,813350733564328,8073
972,client_reply,1466,813350733961359,813350733985109,23750
972,client_resume,1466,813350734119849,813350734146776,26927
973,client_registered,1466,813350734346307,813350734367349,21042
973,client_entry,1466,813350734195838,813350734378026,182188
973,client_resolved,1466,813350734299328,813350734384432,85104
973,client_send,1466,813350734408234,813350734416099,7865
973,client_reply,1466,813350734820057,813350734841672,21615
973,client_resume,1466,813350734980474,813350735000057,19583
974,client_registered,1466,813350735192974,813350735219432,26458
974,client_entry,1466,813350735049640,813350735233026,183386
974,client_resolved,1466,813350735150578,813350735238026,87448
974,client_send,1466,813350735263807,813350735273963,10156
974,client_reply,1466,813350735720995,813350735742557,21562
974,client_resume,1466,813350735887453,813350735913703,26250
975,client_registered,1466,813350736134120,813350736149849,15729
975,client_entry,1466,813350735963495,813350736159120,195625
975,client_resolved,1466,813350736063547,813350736166151,102604
975,client_send,1466,813350736192245,813350736203286,11041
975,client_reply,1466,813350736590422,813350736610734,20312
975,client_resume,1466,813350736750317,813350736775317,25000
976,client_registered,1466,813350736953911,813350736969745,15834
976,client_entry,1466,813350736822088,813350737001151,179063
976,client_resolved,1466,813350736917557,813350737009484,91927
976,client_send,1466,813350737033807,813350737041307,7500
976,client_reply,1466,813350737424120,813350737444588,20468
976,client_resume,1466,813350737578078,813350737604015,25937
977,client_registered,1466,813350737777870,813350737790526,12656
977,client_entry,1466,813350737649484,813350737798963,149479
977,client_resolved,1466,813350737741880,813350737803963,62083
977,client_send,1466,813350737824015,813350737830578,6563
977,client_reply,1466,813350738209797,813350738229172,19375
977,client_resume,1466,813350738356359,813350738373234,16875
978,client_registered,1466,813350738557713,813350738573182,15469
978,client_entry,1466,813350738420161,813350738583807,163646
978,client_resolved,1466,813350738519328,813350738600890,81562
978,client_send,1466,813350738626567,813350738635317,8750
978,client_reply,1466,813350739021620,813350739050734,29114
978,client_resume,1466,813350739192297,813350739216672,24375
979,client_registered,1466,813350739405734,813350739422245,16511
979,client_entry,1466,813350739264328,813350739434901,170573
979,client_resolved,1466,813350739368234,813350739441359,73125
979,client_send,1466,813350739462297,813350739467974,5677
979,client_reply,1466,813350739885213,813350739905734,20521
979,client_resume,1466,813350740043703,813350740068963,25260
980,client_registered,1466,813350740324172,813350740339276,15104
980,client_entry,1466,813350740170786,813350740349849,179063
980,client_resolved,1466,813350740286515,813350740355474,68959
980,client_send,1466,813350740380734,813350740410838,30104
980,client_reply,1466,813350740813182,813350740834692,21510
980,client_resume,1466,813350740973390,813350740997349,23959
981,client_registered,1466,813350741171411,813350741183286,11875
981,client_entry,1466,813350741042557,813350741192401,149844
981,client_resolved,1466,813350741136255,813350741198390,62135
981,client_send,1466,813350741221724,813350741227974,6250
981,client_reply,1466,813350741611099,813350741632765,21666
981,client_resume,1466,813350741761099,813350741780005,18906
982,client_registered,1466,813350741963338,813350741978911,15573
982,client_entry,1466,813350741829432,813350741989224,159792
982,client_resolved,1466,813350741925057,813350741994067,69010
982,client_send,1466,813350742013807,813350742020734,6927
982,client_reply,1466,813350742392192,813350742414067,21875
982,client_resume,1466,813350742537192,813350742575005,37813
983,client_registered,1466,813350742755109,813350742773495,18386
983,client_entry,1466,813350742620578,813350742787297,166719
983,client_resolved,1466,813350742717661,813350742793390,75729
983,client_send,1466,813350742816255,813350742824120,7865
983,client_reply,1466,813350743216776,813350743237505,20729
983,client_resume,1466,813350743373442,813350743399172,25730
984,client_registered,1466,813350743579380,813350743598182,18802
984,client_entry,1466,813350743446776,813350743608755,161979
984,client_resolved,1466,813350743540890,813350743614224,73334
984,client_send,1466,813350743637974,813350743644692,6718
984,client_reply,1466,813350744036880,813350744057557,20677
984,client_resume,1466,813350744227245,813350744251567,24322
985,client_registered,1466,813350744461724,813350744482713,20989
985,client_entry,1466,813350744296151,813350744493911,197760
985,client_resolved,1466,813350744422609,813350744499536,76927
985,client_send,1466,813350744521776,813350744528286,6510
985,client_reply,1466,813350744915630,813350744935838,20208
985,client_resume,1466,813350745063286,813350745080161,16875
986,client_registered,1466,813350745267453,813350745284901,17448
986,client_entry,1466,813350745127088,813350745295630,168542
986,client_resolved,1466,813350745224067,813350745302192,78125
986,client_send,1466,813350745325474,813350745333078,7604
986,client_reply,1466,813350745708234,813350745728286,20052
986,client_resume,1466,813350745852140,813350745878651,26511
987,client_registered,1466,813350746087088,813350746107088,20000
987,client_entry,1466,813350745925630,813350746118755,193125
987,client_resolved,1466,813350746042557,813350746125213,82656
987,client_send,1466,813350746148182,813350746155213,7031
987,client_reply,1466,813350746565838,813350746585890,20052
987,client_resume,1466,813350746715370,813350746732245,16875
988,client_registered,1466,813350746902817,813350746917297,14480
988,client_entry,1466,813350746776828,813350746926776,149948
988,client_resolved,1466,813350746864380,813350746931776,67396
988,client_send,1466,813350746950942,813350746956776,5834
988,client_reply,1466,813350747335265,813350747354432,19167
988,client_resume,1466,813350747490578,813350747505161,14583
989,client_registered,1466,813350747707869,813350747728963,21094
989,client_entry,1466,813350747549484,813350747740838,191354
989,client_resolved,1466,813350747645630,813350747747713,102083
989,client_send,1466,813350747770265,813350747778442,8177
989,client_reply,1466,813350748261672,813350748283703,22031
989,client_resume,1466,813350748419432,813350748439015,19583
990,client_registered,1466,813350748635890,813350748655890,20000
990,client_entry,1466,813350748488182,813350748668494,180312
990,client_resolved,1466,813350748591672,813350748673859,82187
990,client_send,1466,813350748695578,813350748701984,6406
990,client_reply,1466,813350749094484,813350749115317,20833
990,client_resume,1466,813350749252140,813350749280682,28542
991,client_registered,1466,813350749498703,813350749514276,15573
991,client_entry,1466,813350749332088,813350749524119,192031
991,client_resolved,1466,813350749439119,813350749530369,91250
991,client_send,1466,813350749553182,813350749558390,5208
991,client_reply,1466,813350750302505,813350750332453,29948
991,client_resume,1466,813350750468234,813350750485682,17448
992,client_registered,1466,813350750670109,813350750686359,16250
992,client_entry,1466,813350750533234,813350750695890,162656
992,client_resolved,1466,813350750629067,813350750702192,73125
992,client_send,1466,813350750721828,813350750727661,5833
992,client_reply,1466,813350751989588,813350752016411,26823
992,client_resume,1466,813350752170317,813350752191672,21355
993,client_registered,1466,813350752374588,813350752410005,35417
993,client_entry,1466,813350752239692,813350752420630,180938
993,client_resolved,1466,813350752335265,813350752427609,92344
993,client_send,1466,813350752451515,813350752461932,10417
993,client_reply,1466,813350753217192,813350753240942,23750
993,client_resume,1466,813350753385213,813350753405057,19844
994,client_registered,1466,813350753593026,813350753608494,15468
994,client_entry,1466,813350753453026,813350753617453,164427
994,client_resolved,1466,813350753553286,813350753622765,69479
994,client_send,1466,813350753643963,813350753651151,7188
994,client_reply,1466,813350754118234,813350754141724,23490
994,client_resume,1466,813350754285213,813350754301567,16354
995,client_registered,1466,813350754482401,813350754496515,14114
995,client_entry,1466,813350754350317,813350754514640,164323
995,client_resolved,1466,813350754443703,813350754520474,76771
995,client_send,1466,813350754541619,813350754548963,7344
995,client_reply,1466,813350755640161,813350755668963,28802
995,client_resume,1466,813350755874172,813350755898651,24479
996,client_registered,1466,813350756079953,813350756130838,50885
996,client_entry,1466,813350755947036,813350756148859,201823
996,client_resolved,1466,813350756042869,813350756154849,111980
996,client_send,1466,813350756178599,813350756186567,7968
996,client_reply,1466,813350756741255,813350756767088,25833
996,client_resume,1466,813350756900786,813350756922244,21458
997,client_registered,1466,813350757104797,813350757122036,17239
997,client_entry,1466,813350756969172,813350757131724,162552
997,client_resolved,1466,813350757062297,813350757145838,83541
997,client_send,1466,813350757170317,813350757178026,7709
997,client_reply,1466,813350757680578,813350757704849,24271
997,client_resume,1466,813350757831515,813350757851880,20365
998,client_registered,1466,813350758024172,813350758035890,11718
998,client_entry,1466,813350757897401,813350758044744,147343
998,client_resolved,1466,813350757986672,813350758049953,63281
998,client_send,1466,813350758071151,813350758078442,7291
998,client_reply,1466,813350759538338,813350759561463,23125
998,client_resume,1466,813350759683390,813350759701567,18177
999,client_registered,1466,813350759875734,813350759887297,11563
999,client_entry,1466,813350759747036,813350759898026,150990
999,client_resolved,1466,813350759838911,813350759906724,67813
999,client_send,1466,813350759929744,813350759947869,18125
999,client_reply,1466,813350760503963,813350760527609,23646
999,client_resume,1466,813350760661724,813350760682765,21041
1000,client_registered,1466,813350760863963,813350760875422,11459
1000,client_entry,1466,813350760731411,813350760888547,157136
1000,client_resolved,1466,813350760825109,813350760894484,69375
1000,client_send,1466,813350760915786,813350760922869,7083
1000,client_reply,1466,813350761410474,813350761433182,22708
1000,client_resume,1466,813350761557401,813350761576984,19583
1001,client_registered,1466,813350761747713,813350761760474,12761
1001,client_entry,1466,813350761622192,813350761770578,148386
1001,client_resolved,1466,813350761710890,813350761776307,65417
1001,client_send,1466,813350761798547,813350761805734,7187
1001,client_reply,1466,813350762375630,813350762398026,22396
1001,client_resume,1466,813350762538078,813350762571828,33750
1002,client_registered,1466,813350762759380,813350762778599,19219
1002,client_entry,1466,813350762616828,813350762788130,171302
1002,client_resolved,1466,813350762713494,813350762793026,79532
1002,client_send,1466,813350762814172,813350762820682,6510
1002,client_reply,1466,813350763343078,813350763368026,24948
1002,client_resume,1466,813350763533182,813350763557609,24427
1003,client_registered,1466,813350763745734,813350763760682,14948
1003,client_entry,1466,813350763608338,813350763770630,162292
1003,client_resolved,1466,813350763707609,813350763775734,68125
1003,client_send,1466,813350763798755,813350763808703,9948
1003,client_reply,1466,813350764271828,813350764295317,23489
1003,client_resume,1466,813350764473599,813350764497036,23437
1004,client_registered,1466,813350764684588,813350764698078,13490
1004,client_entry,1466,813350764543651,813350764707297,163646
1004,client_resolved,1466,813350764646567,813350764712088,65521
1004,client_send,1466,813350764733130,813350764741515,8385
1004,client_reply,1466,813350765201932,813350765223963,22031
1004,client_resume,1466,813350765344119,813350765365213,21094
1005,client_registered,1466,813350765537557,813350765552453,14896
1005,client_entry,1466,813350765410474,813350765565786,155312
1005,client_resolved,1466,813350765501307,813350765571307,70000
1005,client_send,1466,813350765592974,813350765600109,7135
1005,client_reply,1466,813350766058547,813350766079224,20677
1005,client_resume,1466,813350766211672,813350766233390,21718
1006,client_registered,1466,813350766420890,813350766436047,15157
1006,client_entry,1466,813350766279015,813350766445213,166198
1006,client_resolved,1466,813350766384484,813350766450057,65573
1006,client_send,1466,813350766471307,813350766480474,9167
1006,client_reply,1466,813350766922817,813350766944328,21511
1006,client_resume,1466,813350767064276,813350767084432,20156
1007,client_registered,1466,813350767268703,813350767286463,17760
1007,client_entry,1466,813350767131776,813350767297609,165833
1007,client_resolved,1466,813350767230994,813350767302557,71563
1007,client_send,1466,813350767322036,813350767327974,5938
1007,client_reply,1466,813350767766619,813350767787453,20834
1007,client_resume,1466,813350767905630,813350767925942,20312
1008,client_registered,1466,813350768150890,813350768170734,19844
1008,client_entry,1466,813350767972244,813350768181151,208907
1008,client_resolved,1466,813350768067557,813350768185369,117812
1008,client_send,1466,813350768204849,813350768211203,6354
1008,client_reply,1466,813350768660265,813350768682661,22396
1008,client_resume,1466,813350768805994,813350768825057,19063
1009,client_registered,1466,813350768999224,813350769011463,12239
1009,client_entry,1466,813350768871932,813350769021463,149531
1009,client_resolved,1466,813350768962036,813350769026255,64219
1009,client_send,1466,813350769045786,813350769051359,5573
1009,client_reply,1466,813350769484432,813350769505474,21042
1009,client_resume,1466,813350769622765,813350769641047,18282
1010,client_registered,1466,813350769834276,813350769844536,10260
1010,client_entry,1466,813350769684953,813350769851776,166823
1010,client_resolved,1466,813350769773286,813350769856255,82969
1010,client_send,1466,813350769878026,813350769886619,8593
1010,client_reply,1466,813350770337557,813350770358755,21198
1010,client_resume,1466,813350770474172,813350770494536,20364
1011,client_registered,1466,813350770666672,813350770678130,11458
1011,client_entry,1466,813350770538807,813350770686047,147240
1011,client_resolved,1466,813350770629276,813350770690526,61250
1011,client_send,1466,813350770712036,813350770720890,8854
1011,client_reply,1466,813350771155526,813350771176880,21354
1011,client_resume,1466,813350771294692,813350771315317,20625
1012,client_registered,1466,813350771552661,813350771570422,17761
1012,client_entry,1466,813350771361984,813350771580317,218333
1012,client_resolved,1466,813350771496828,813350771584849,88021
1012,client_send,1466,813350771605838,813350771612505,6667
1012,client_reply,1466,813350772163338,813350772188234,24896
1012,client_resume,1466,813350772339067,813350772359744,20677
1013,client_registered,1466,813350772537922,813350772551359,13437
1013,client_entry,1466,813350772404849,813350772559172,154323
1013,client_resolved,1466,813350772496619,813350772563442,66823
1013,client_send,1466,813350772582453,813350772588651,6198
1013,client_reply,1466,813350773186307,813350773207922,21615
1013,client_resume,1466,813350773352297,813350773369015,16718
1014,client_registered,1466,813350773546047,813350773573026,26979
1014,client_entry,1466,813350773417244,813350773584484,167240
1014,client_resolved,1466,813350773506567,813350773588859,82292
1014,client_send,1466,813350773607661,813350773613755,6094
1014,client_reply,1466,813350774081411,813350774104640,23229
1014,client_resume,1466,813350774255057,813350774274588,19531
1015,client_registered,1466,813350774460317,813350774473286,12969
1015,client_entry,1466,813350774323130,813350774483286,160156
1015,client_resolved,1466,813350774421359,813350774488078,66719
1015,client_send,1466,813350774510526,813350774519172,8646
1015,client_reply,1466,813350775092140,813350775114901,22761
1015,client_resume,1466,813350775263755,813350775278651,14896
1016,client_registered,1466,813350775444432,813350775457765,13333
1016,client_entry,1466,813350775320578,813350775474276,153698
1016,client_resolved,1466,813350775405786,813350775479224,73438
1016,client_send,1466,813350775498599,813350775507297,8698
1016,client_reply,1466,813350775975317,813350775999380,24063
1016,client_resume,1466,813350776238234,813350776257922,19688
1017,client_registered,1466,813350776432974,813350776447609,14635
1017,client_entry,1466,813350776298442,813350776456099,157657
1017,client_resolved,1466,813350776392922,813350776460369,67447
1017,client_send,1466,813350776478963,813350776484432,5469
1017,client_reply,1466,813350776979380,813350777002036,22656
1017,client_resume,1466,813350777137557,813350777156776,19219
1018,client_registered,1466,813350777334536,813350777347088,12552
1018,client_entry,1466,813350777201203,813350777356932,155729
1018,client_resolved,1466,813350777294224,813350777378859,84635
1018,client_send,1466,813350777403286,813350777411099,7813
1018,client_reply,1466,813350777894640,813350777918547,23907
1018,client_resume,1466,813350778054276,813350778078911,24635
1019,client_registered,1466,813350778246984,813350778260838,13854
1019,client_entry,1466,813350778123130,813350778269901,146771
1019,client_resolved,1466,813350778208547,813350778274640,66093
1019,client_send,1466,813350778294432,813350778300578,6146
1019,client_reply,1466,813350778753494,813350778777244,23750
1019,client_resume,1466,813350778902661,813350778919432,16771
1020,client_registered,1466,813350779100734,813350779115786,15052
1020,client_entry,1466,813350778968286,813350779126515,158229
1020,client_resolved,1466,813350779060422,813350779131515,71093
1020,client_send,1466,813350779151984,813350779171932,19948
1020,client_reply,1466,813350779644588,813350779668651,24063
1020,client_resume,1466,813350779794224,813350779812974,18750
1021,client_registered,1466,813350779990838,813350780007817,16979
1021,client_entry,1466,813350779857088,813350780017765,160677
1021,client_resolved,1466,813350779950057,813350780022765,72708
1021,client_send,1466,813350780044849,813350780051255,6406
1021,client_reply,1466,813350780511307,813350780535474,24167
1021,client_resume,1466,813350780656932,813350780676099,19167
1022,client_registered,1466,813350780847765,813350780860369,12604
1022,client_entry,1466,813350780721411,813350780869953,148542
1022,client_resolved,1466,813350780810630,813350780874119,63489
1022,client_send,1466,813350780893755,813350780899797,6042
1022,client_reply,1466,813350781330109,813350781352088,21979
1022,client_resume,1466,813350781470057,813350781497557,27500
1023,client_registered,1466,813350781669484,813350781681099,11615
1023,client_entry,1466,813350781541151,813350781690890,149739
1023,client_resolved,1466,813350781630994,813350781695890,64896
1023,client_send,1466,813350781715057,813350781721047,5990
1023,client_reply,1466,813350782141567,813350782165005,23438
1023,client_resume,1466,813350782283286,813350782303547,20261
1024,client_registered,1466,813350782474224,813350782485265,11041
1024,client_entry,1466,813350782349432,813350782494276,144844
1024,client_resolved,1466,813350782436255,813350782499328,63073
1024,client_send,1466,813350782520213,813350782526047,5834
1024,client_reply,1466,813350782957974,813350782980578,22604
1024,client_resume,1466,813350783120526,813350783135474,14948
1025,client_registered,1466,813350783328547,813350783346463,17916
1025,client_entry,1466,813350783189172,813350783357922,168750
1025,client_resolved,1466,813350783283234,813350783363130,79896
1025,client_send,1466,813350783384797,813350783390786,5989
1025,client_reply,1466,813350783862036,813350783885630,23594
1025,client_resume,1466,813350784020526,813350784039849,19323
1026,client_registered,1466,813350784238182,813350784251672,13490
1026,client_entry,1466,813350784084484,813350784260161,175677
1026,client_resolved,1466,813350784200942,813350784265005,64063
1026,client_send,1466,813350784283963,813350784289640,5677
1026,client_reply,1466,813350784726099,813350784747713,21614
1026,client_resume,1466,813350784868755,813350784888807,20052
1027,client_registered,1466,813350785089901,813350785107401,17500
1027,client_entry,1466,813350784933338,813350785117609,184271
1027,client_resolved,1466,813350785045786,813350785122088,76302
1027,client_send,1466,813350785142401,813350785149432,7031
1027,client_reply,1466,813350785580838,813350785602817,21979
1027,client_resume,1466,813350785748390,813350785766672,18282
1028,client_registered,1466,813350785948130,813350785962869,14739
1028,client_entry,1466,813350785811359,813350785972244,160885
1028,client_resolved,1466,813350785908547,813350785977401,68854
1028,client_send,1466,813350786000578,813350786008130,7552
1028,client_reply,1466,813350786450057,813350786477505,27448
1028,client_resume,1466,813350786623703,813350786642453,18750
1029,client_registered,1466,813350786836776,813350786852140,15364
1029,client_entry,1466,813350786689536,813350786860838,171302
1029,client_resolved,1466,813350786786776,813350786866151,79375
1029,client_send,1466,813350786887088,813350786894588,7500
1029,client_reply,1466,813350787351776,813350787386151,34375
1029,client_resume,1466,813350787538234,813350787564692,26458
1030,client_registered,1466,813350787746672,813350787760786,14114
1030,client_entry,1466,813350787611619,813350787769953,158334
1030,client_resolved,1466,813350787706724,813350787775109,68385
1030,client_send,1466,813350787794797,813350787801255,6458
1030,client_reply,1466,813350788247609,813350788269172,21563
1030,client_resume,1466,813350788404849,813350788429380,24531
1031,client_registered,1466,813350788626203,813350788639380,13177
1031,client_entry,1466,813350788477140,813350788651776,174636
1031,client_resolved,1466,813350788574536,813350788656984,82448
1031,client_send,1466,813350788680526,813350788688338,7812
1031,client_reply,1466,813350789107765,813350789129015,21250
1031,client_resume,1466,813350789272453,813350789297297,24844
1032,client_registered,1466,813350789474015,813350789487661,13646
1032,client_entry,1466,813350789344692,813350789496515,151823
1032,client_resolved,1466,813350789434380,813350789501515,67135
1032,client_send,1466,813350789523442,813350789532817,9375
1032,client_reply,1466,813350789932401,813350789954692,22291
1032,client_resume,1466,813350790089640,813350790115057,25417
1033,client_registered,1466,813350790322869,813350790336932,14063
1033,client_entry,1466,813350790163651,813350790345890,182239
1033,client_resolved,1466,813350790264797,813350790351307,86510
1033,client_send,1466,813350790373078,813350790379744,6666
1033,client_reply,1466,813350790790942,813350790812661,21719
1033,client_resume,1466,813350790946099,813350790971984,25885
1034,client_registered,1466,813350791165369,813350791185578,20209
1034,client_entry,1466,813350791022505,813350791197140,174635
1034,client_resolved,1466,813350791120317,813350791202505,82188
1034,client_send,1466,813350791224119,813350791230994,6875
1034,client_reply,1466,813350791632817,813350791653547,20730
1034,client_resume,1466,813350791769484,813350791782557,13073
1035,client_registered,1466,813350791962817,813350792001047,38230
1035,client_entry,1466,813350791825109,813350792010838,185729
1035,client_resolved,1466,813350791923182,813350792015734,92552
1035,client_send,1466,813350792039640,813350792047974,8334
1035,client_reply,1466,813350792449380,813350792470474,21094
1035,client_resume,1466,813350792595890,813350792618182,22292
1036,client_registered,1466,813350792802713,813350792819328,16615
1036,client_entry,1466,813350792666463,813350792828703,162240
1036,client_resolved,1466,813350792763911,813350792836047,72136
1036,client_send,1466,813350792860578,813350792869901,9323
1036,client_reply,1466,813350793278286,813350793299224,20938
1036,client_resume,1466,813350793438078,813350793464849,26771
1037,client_registered,1466,813350793640578,813350793653859,13281
1037,client_entry,1466,813350793512505,813350793673651,161146
1037,client_resolved,1466,813350793603807,813350793679849,76042
1037,client_send,1466,813350793703859,813350793714328,10469
1037,client_reply,1466,813350794098807,813350794117974,19167
1037,client_resume,1466,813350794255526,813350794281828,26302
1038,client_registered,1466,813350794507557,813350794523599,16042
1038,client_entry,1466,813350794330161,813350794532765,202604
1038,client_resolved,1466,813350794420422,813350794537244,116822
1038,client_send,1466,813350794554901,813350794561463,6562
1038,client_reply,1466,813350794946307,813350794968494,22187
1038,client_resume,1466,813350795103078,813350795126672,23594
1039,client_registered,1466,813350795303494,813350795318703,15209
1039,client_entry,1466,813350795172974,813350795328234,155260
1039,client_resolved,1466,813350795265369,813350795347869,82500
1039,client_send,1466,813350795373911,813350795383599,9688
1039,client_reply,1466,813350795823286,813350795844692,21406
1039,client_resume,1466,813350795985474,813350796010526,25052
1040,client_registered,1466,813350796271515,813350796289015,17500
1040,client_entry,1466,813350796058026,813350796298390,240364
1040,client_resolved,1466,813350796229849,813350796302922,73073
1040,client_send,1466,813350796322817,813350796328911,6094
1040,client_reply,1466,813350796711047,813350796731047,20000
1040,client_resume,1466,813350796866307,813350796890161,23854
1041,client_registered,1466,813350797071047,813350797085630,14583
1041,client_entry,1466,813350796938651,813350797095526,156875
1041,client_resolved,1466,813350797032974,813350797100057,67083
1041,client_send,1466,813350797120890,813350797143703,22813
1041,client_reply,1466,813350797536463,813350797558078,21615
1041,client_resume,1466,813350797697609,813350797722244,24635
1042,client_registered,1466,813350797900265,813350797916307,16042
1042,client_entry,1466,813350797768807,813350797928963,160156
1042,client_resolved,1466,813350797863703,813350797935786,72083
1042,client_send,1466,813350797958703,813350797966515,7812
1042,client_reply,1466,813350798368182,813350798398442,30260
1042,client_resume,1466,813350798534484,813350798559901,25417
1043,client_registered,1466,813350798745786,813350798765526,19740
1043,client_entry,1466,813350798608286,813350798777140,168854
1043,client_resolved,1466,813350798702505,813350798782609,80104
1043,client_send,1466,813350798806307,813350798813703,7396
1043,client_reply,1466,813350799220057,813350799242192,22135
1043,client_resume,1466,813350799379484,813350799424119,44635
1044,client_registered,1466,813350799603338,813350799622036,18698
1044,client_entry,1466,813350799468026,813350799634640,166614
1044,client_resolved,1466,813350799560994,813350799640057,79063
1044,client_send,1466,813350799664797,813350799672557,7760
1044,client_reply,1466,813350800065838,813350800086255,20417
1044,client_resume,1466,813350800247609,813350800271463,23854
1045,client_registered,1466,813350800447453,813350800463234,15781
1045,client_entry,1466,813350800318651,813350800475786,157135
1045,client_resolved,1466,813350800409276,813350800482036,72760
1045,client_send,1466,813350800505838,813350800514953,9115
1045,client_reply,1466,813350800893442,813350800914744,21302
1045,client_resume,1466,813350801052922,813350801076619,23697
1046,client_registered,1466,813350801274640,813350801293807,19167
1046,client_entry,1466,813350801135734,813350801304276,168542
1046,client_resolved,1466,813350801233547,813350801309536,75989
1046,client_send,1466,813350801331047,813350801339692,8645
1046,client_reply,1466,813350801719797,813350801740161,20364
1046,client_resume,1466,813350801880578,813350801903911,23333
1047,client_registered,1466,813350802087557,813350802107297,19740
1047,client_entry,1466,813350801951724,813350802118442,166718
1047,client_resolved,1466,813350802044380,813350802122922,78542
1047,client_send,1466,813350802143547,813350802150630,7083
1047,client_reply,1466,813350802578651,813350802599015,20364
1047,client_resume,1466,813350802725317,813350802749901,24584
1048,client_registered,1466,813350802939276,813350802954172,14896
1048,client_entry,1466,813350802797557,813350802963026,165469
1048,client_resolved,1466,813350802901776,813350802970005,68229
1048,client_send,1466,813350802993130,813350803002817,9687
1048,client_reply,1466,813350803533859,813350803562192,28333
1048,client_resume,1466,813350803746099,813350803776672,30573
1049,client_registered,1466,813350804012349,813350804030317,17968
1049,client_entry,1466,813350803837140,813350804047817,210677
1049,client_resolved,1466,813350803959224,813350804056828,97604
1049,client_send,1466,813350804085994,813350804150109,64115
1049,client_reply,1466,813350804624536,813350804647557,23021
1049,client_resume,1466,813350804831255,813350804851619,20364
1050,client_registered,1466,813350805059692,813350805075317,15625
1050,client_entry,1466,813350804902036,813350805084172,182136
1050,client_resolved,1466,813350805016203,813350805088807,72604
1050,client_send,1466,813350805110630,813350805121047,10417
1050,client_reply,1466,813350805505109,813350805526099,20990
1050,client_resume,1466,813350805673026,813350805698599,25573
