requestId,interval,role,pid,tid,startNs,endNs,wallNs,runningNs,runnableNs,sleepNs,uninterruptibleNs,otherNs,uncoveredNs,matchingWakeCount,matchingWakeNs,matchingWakeToRunNs
51,server_admission,receive_thread,3421,3473,813349828053807,813349828532453,478646,407343,71303,0,0,0,0,0,,
51,server_queue,target_worker,3421,3468,813349828532453,813349828711880,179427,52291,67552,59584,0,0,0,1,813349828592037,67552
51,server_queue,source_binder,3421,3473,813349828532453,813349828711880,179427,138438,0,40989,0,0,0,0,,
51,client_resume,target_worker,1466,3397,813349828865422,813349829085734,220312,42656,74427,103229,0,0,0,1,813349828968651,74427
51,client_resume,source_callback,1466,3362,813349828865422,813349829085734,220312,177656,0,42656,0,0,0,0,,
51,client_resolve,client_worker,1466,3397,813349827015057,813349827166203,151146,151146,0,0,0,0,0,0,,
51,client_register,client_worker,1466,3397,813349827166203,813349827457818,291615,268333,23282,0,0,0,0,0,,
51,client_encode,client_worker,1466,3397,813349827457818,813349827920787,462969,196406,266563,0,0,0,0,0,,
52,server_admission,receive_thread,3421,3473,813349830020057,813349830135891,115834,115834,0,0,0,0,0,0,,
52,server_queue,target_worker,3421,3468,813349830135891,813349830243443,107552,42240,28750,36562,0,0,0,1,813349830172453,28750
52,server_queue,source_binder,3421,3473,813349830135891,813349830243443,107552,82968,0,24584,0,0,0,0,,
52,client_resume,target_worker,1466,3397,813349830375578,813349830558130,182552,50885,30365,101302,0,0,0,1,813349830476880,30365
52,client_resume,source_callback,1466,3362,813349830375578,813349830558130,182552,159584,0,22968,0,0,0,0,,
52,client_resolve,client_worker,1466,3397,813349829182557,813349829419953,237396,135417,101979,0,0,0,0,0,,
52,client_register,client_worker,1466,3397,813349829419953,813349829818443,398490,128854,269636,0,0,0,0,0,,
52,client_encode,client_worker,1466,3397,813349829818443,813349829918912,100469,100469,0,0,0,0,0,0,,
53,server_admission,receive_thread,3421,3473,813349830996776,813349831096776,100000,100000,0,0,0,0,0,0,,
53,server_queue,target_worker,3421,3468,813349831096776,813349831194016,97240,37657,23541,36042,0,0,0,1,813349831132818,23541
53,server_queue,source_binder,3421,3473,813349831096776,813349831194016,97240,80521,0,16719,0,0,0,0,,
53,client_resume,target_worker,1466,3397,813349831318443,813349831488495,170052,45417,50521,74114,0,0,0,1,813349831392557,50521
53,client_resume,source_callback,1466,3362,813349831318443,813349831488495,170052,120156,0,49896,0,0,0,0,,
53,client_resolve,client_worker,1466,3397,813349830651099,813349830760682,109583,109583,0,0,0,0,0,0,,
53,client_register,client_worker,1466,3397,813349830760682,813349830832401,71719,71719,0,0,0,0,0,0,,
53,client_encode,client_worker,1466,3397,813349830832401,813349830903755,71354,71354,0,0,0,0,0,0,,
54,server_admission,receive_thread,3421,3473,813349831912141,813349832014276,102135,102135,0,0,0,0,0,0,,
54,server_queue,target_worker,3421,3468,813349832014276,813349832136359,122083,54427,29114,38542,0,0,0,1,813349832052818,29114
54,server_queue,source_binder,3421,3473,813349832014276,813349832136359,122083,84479,0,37604,0,0,0,0,,
54,client_resume,target_worker,1466,3397,813349832253339,813349832419537,166198,62292,39115,64791,0,0,0,1,813349832318130,39115
54,client_resume,source_callback,1466,3362,813349832253339,813349832419537,166198,103906,0,62292,0,0,0,0,,
54,client_resolve,client_worker,1466,3397,813349831590526,813349831699432,108906,108906,0,0,0,0,0,0,,
54,client_register,client_worker,1466,3397,813349831699432,813349831759797,60365,60365,0,0,0,0,0,0,,
54,client_encode,client_worker,1466,3397,813349831759797,813349831822714,62917,62917,0,0,0,0,0,0,,
55,server_admission,receive_thread,3421,3473,813349832879537,813349832996620,117083,117083,0,0,0,0,0,0,,
55,server_queue,target_worker,3421,3468,813349832996620,813349833105943,109323,33229,34480,41614,0,0,0,1,813349833038234,34480
55,server_queue,source_binder,3421,3473,813349832996620,813349833105943,109323,102969,0,6354,0,0,0,0,,
55,client_resume,target_worker,1466,3397,813349833214120,813349833371255,157135,48802,32916,75417,0,0,0,1,813349833289537,32916
55,client_resume,source_callback,1466,3362,813349833214120,813349833371255,157135,115885,0,41250,0,0,0,0,,
55,client_resolve,client_worker,1466,3397,813349832514484,813349832644328,129844,129844,0,0,0,0,0,0,,
55,client_register,client_worker,1466,3397,813349832644328,813349832714276,69948,69948,0,0,0,0,0,0,,
55,client_encode,client_worker,1466,3397,813349832714276,813349832778339,64063,64063,0,0,0,0,0,0,,
56,server_admission,receive_thread,3421,3473,813349833760734,813349833860422,99688,99688,0,0,0,0,0,0,,
56,server_queue,target_worker,3421,3468,813349833860422,813349833977141,116719,36615,32500,47604,0,0,0,1,813349833908026,32500
56,server_queue,source_binder,3421,3473,813349833860422,813349833977141,116719,96510,0,20209,0,0,0,0,,
56,client_resume,target_worker,1466,3397,813349834093443,813349834252870,159427,46406,45365,67656,0,0,0,1,813349834161099,45365
56,client_resume,source_callback,1466,3362,813349834093443,813349834252870,159427,110833,0,48594,0,0,0,0,,
56,client_resolve,client_worker,1466,3397,813349833452766,813349833554068,101302,101302,0,0,0,0,0,0,,
56,client_register,client_worker,1466,3397,813349833554068,813349833605787,51719,51719,0,0,0,0,0,0,,
56,client_encode,client_worker,1466,3397,813349833605787,813349833672557,66770,66770,0,0,0,0,0,0,,
57,server_admission,receive_thread,3421,3473,813349834654745,813349834745839,91094,91094,0,0,0,0,0,0,,
57,server_queue,target_worker,3421,3468,813349834745839,813349834844120,98281,36302,29063,32916,0,0,0,1,813349834778755,29063
57,server_queue,source_binder,3421,3473,813349834745839,813349834844120,98281,76875,0,21406,0,0,0,0,,
57,client_resume,target_worker,1466,3397,813349835121724,813349835291099,169375,38021,49479,81875,0,0,0,1,813349835203599,49479
57,client_resume,source_callback,1466,3362,813349835121724,813349835291099,169375,131354,0,38021,0,0,0,0,,
57,client_resolve,client_worker,1466,3397,813349834352714,813349834451464,98750,98750,0,0,0,0,0,0,,
57,client_register,client_worker,1466,3397,813349834451464,813349834500474,49010,49010,0,0,0,0,0,0,,
57,client_encode,client_worker,1466,3397,813349834500474,813349834570839,70365,70365,0,0,0,0,0,0,,
58,server_admission,receive_thread,3421,3473,813349835733234,813349835841724,108490,108490,0,0,0,0,0,0,,
58,server_queue,target_worker,3421,3468,813349835841724,813349835950109,108385,35052,33229,40104,0,0,0,1,813349835881828,33229
58,server_queue,source_binder,3421,3473,813349835841724,813349835950109,108385,99115,0,9270,0,0,0,0,,
58,client_resume,target_worker,1466,3397,813349836164120,813349836348547,184427,44167,51562,88698,0,0,0,1,813349836252818,51562
58,client_resume,source_callback,1466,3362,813349836164120,813349836348547,184427,140260,0,44167,0,0,0,0,,
58,client_resolve,client_worker,1466,3397,813349835361620,813349835504432,142812,142812,0,0,0,0,0,0,,
58,client_register,client_worker,1466,3397,813349835504432,813349835580682,76250,76250,0,0,0,0,0,0,,
58,client_encode,client_worker,1466,3397,813349835580682,813349835639537,58855,58855,0,0,0,0,0,0,,
59,server_admission,receive_thread,3421,3473,813349836763651,813349836880734,117083,117083,0,0,0,0,0,0,,
59,server_queue,target_worker,3421,3468,813349836880734,813349837008391,127657,38177,44427,45053,0,0,0,1,813349836925787,44427
59,server_queue,source_binder,3421,3473,813349836880734,813349837008391,127657,105782,21875,0,0,0,0,0,,
59,client_resume,target_worker,1466,3397,813349837114068,813349837346880,232812,80208,73438,79166,0,0,0,1,813349837193234,73438
59,client_resume,source_callback,1466,3362,813349837114068,813349837346880,232812,159219,0,73593,0,0,0,0,,
59,client_resolve,client_worker,1466,3397,813349836420057,813349836571464,151407,151407,0,0,0,0,0,0,,
59,client_register,client_worker,1466,3397,813349836571464,813349836635162,63698,63698,0,0,0,0,0,0,,
59,client_encode,client_worker,1466,3397,813349836635162,813349836681464,46302,46302,0,0,0,0,0,0,,
60,server_admission,receive_thread,3421,3473,813349837760109,813349837874432,114323,114323,0,0,0,0,0,0,,
60,server_queue,target_worker,3421,3468,813349837874432,813349837996412,121980,33334,48073,40573,0,0,0,1,813349837915005,48073
60,server_queue,source_binder,3421,3473,813349837874432,813349837996412,121980,98490,0,23490,0,0,0,0,,
60,client_resume,target_worker,1466,3397,813349838112818,813349838268964,156146,41094,27448,87604,0,0,0,1,813349838200422,27448
60,client_resume,source_callback,1466,3362,813349838112818,813349838268964,156146,132916,0,23230,0,0,0,0,,
60,client_resolve,client_worker,1466,3397,813349837441620,813349837546776,105156,105156,0,0,0,0,0,0,,
60,client_register,client_worker,1466,3397,813349837546776,813349837598964,52188,52188,0,0,0,0,0,0,,
60,client_encode,client_worker,1466,3397,813349837598964,813349837650630,51666,51666,0,0,0,0,0,0,,
61,server_admission,receive_thread,3421,3473,813349838682505,813349838791307,108802,108802,0,0,0,0,0,0,,
61,server_queue,target_worker,3421,3468,813349838791307,813349838892037,100730,34375,31250,35105,0,0,0,1,813349838826412,31250
61,server_queue,source_binder,3421,3473,813349838791307,813349838892037,100730,84115,0,16615,0,0,0,0,,
61,client_resume,target_worker,1466,3397,813349839000839,813349839177089,176250,68750,35261,72239,0,0,0,1,813349839073078,35261
61,client_resume,source_callback,1466,3362,813349839000839,813349839177089,176250,155156,0,21094,0,0,0,0,,
61,client_resolve,client_worker,1466,3397,813349838352401,813349838464328,111927,111927,0,0,0,0,0,0,,
61,client_register,client_worker,1466,3397,813349838464328,813349838527766,63438,63438,0,0,0,0,0,0,,
61,client_encode,client_worker,1466,3397,813349838527766,813349838592453,64687,64687,0,0,0,0,0,0,,
62,server_admission,receive_thread,3421,3473,813349839585578,813349839698391,112813,112813,0,0,0,0,0,0,,
62,server_queue,target_worker,3421,3468,813349839698391,813349839783234,84843,24739,26927,33177,0,0,0,1,813349839731568,26927
62,server_queue,source_binder,3421,3473,813349839698391,813349839783234,84843,75468,0,9375,0,0,0,0,,
62,client_resume,target_worker,1466,3397,813349839878599,813349840009328,130729,34583,24271,71875,0,0,0,1,813349839950474,24271
62,client_resume,source_callback,1466,3362,813349839878599,813349840009328,130729,112396,0,18333,0,0,0,0,,
62,client_resolve,client_worker,1466,3397,813349839265214,813349839376932,111718,111718,0,0,0,0,0,0,,
62,client_register,client_worker,1466,3397,813349839376932,813349839436880,59948,59948,0,0,0,0,0,0,,
62,client_encode,client_worker,1466,3397,813349839436880,813349839497401,60521,60521,0,0,0,0,0,0,,
63,server_admission,receive_thread,3421,3473,813349840451776,813349840547818,96042,96042,0,0,0,0,0,0,,
63,server_queue,target_worker,3421,3468,813349840547818,813349840636151,88333,23385,28282,36666,0,0,0,1,813349840584484,28282
63,server_queue,source_binder,3421,3473,813349840547818,813349840636151,88333,81198,0,7135,0,0,0,0,,
63,client_resume,target_worker,1466,3397,813349840725370,813349840920526,195156,70781,45052,79323,0,0,0,1,813349840804693,45052
63,client_resume,source_callback,1466,3362,813349840725370,813349840920526,195156,122917,0,72239,0,0,0,0,,
63,client_resolve,client_worker,1466,3397,813349840117766,813349840221099,103333,103333,0,0,0,0,0,0,,
63,client_register,client_worker,1466,3397,813349840221099,813349840306516,85417,85417,0,0,0,0,0,0,,
63,client_encode,client_worker,1466,3397,813349840306516,813349840371255,64739,64739,0,0,0,0,0,0,,
64,server_admission,receive_thread,3421,3473,813349841324953,813349841419432,94479,94479,0,0,0,0,0,0,,
64,server_queue,target_worker,3421,3468,813349841419432,813349841519120,99688,37500,27656,34532,0,0,0,1,813349841453964,27656
64,server_queue,source_binder,3421,3473,813349841419432,813349841519120,99688,79532,0,20156,0,0,0,0,,
64,client_resume,target_worker,1466,3397,813349841639380,813349841780526,141146,44323,27500,69323,0,0,0,1,813349841708703,27500
64,client_resume,source_callback,1466,3362,813349841639380,813349841780526,141146,139115,0,2031,0,0,0,0,,
64,client_resolve,client_worker,1466,3397,813349841013443,813349841123026,109583,109583,0,0,0,0,0,0,,
64,client_register,client_worker,1466,3397,813349841123026,813349841183912,60886,60886,0,0,0,0,0,0,,
64,client_encode,client_worker,1466,3397,813349841183912,813349841245526,61614,61614,0,0,0,0,0,0,,
65,server_admission,receive_thread,3421,3473,813349842179016,813349842283599,104583,104583,0,0,0,0,0,0,,
65,server_queue,target_worker,3421,3468,813349842283599,813349842381828,98229,30260,30156,37813,0,0,0,1,813349842321412,30156
65,server_queue,source_binder,3421,3473,813349842283599,813349842381828,98229,81510,0,16719,0,0,0,0,,
65,client_resume,target_worker,1466,3397,813349842476620,813349842601464,124844,32657,21718,70469,0,0,0,1,813349842547089,21718
65,client_resume,source_callback,1466,3362,813349842476620,813349842601464,124844,110104,0,14740,0,0,0,0,,
65,client_resolve,client_worker,1466,3397,813349841850109,813349841953755,103646,103646,0,0,0,0,0,0,,
65,client_register,client_worker,1466,3397,813349841953755,813349842018495,64740,64740,0,0,0,0,0,0,,
65,client_encode,client_worker,1466,3397,813349842018495,813349842102089,83594,83594,0,0,0,0,0,0,,
66,server_admission,receive_thread,3421,3473,813349842983547,813349843078807,95260,95260,0,0,0,0,0,0,,
66,server_queue,target_worker,3421,3468,813349843078807,813349843166984,88177,24531,28802,34844,0,0,0,1,813349843113651,28802
66,server_queue,source_binder,3421,3473,813349843078807,813349843166984,88177,77084,0,11093,0,0,0,0,,
66,client_resume,target_worker,1466,3397,813349843266516,813349843424797,158281,30521,52812,74948,0,0,0,1,813349843341464,52812
66,client_resume,source_callback,1466,3362,813349843266516,813349843424797,158281,134218,0,24063,0,0,0,0,,
66,client_resolve,client_worker,1466,3397,813349842676672,813349842770474,93802,93802,0,0,0,0,0,0,,
66,client_register,client_worker,1466,3397,813349842770474,813349842852141,81667,81667,0,0,0,0,0,0,,
66,client_encode,client_worker,1466,3397,813349842852141,813349842904172,52031,52031,0,0,0,0,0,0,,
67,server_admission,receive_thread,3421,3473,813349843917662,813349844039016,121354,121354,0,0,0,0,0,0,,
67,server_queue,target_worker,3421,3468,813349844039016,813349844158807,119791,43906,32083,43802,0,0,0,1,813349844082818,32083
67,server_queue,source_binder,3421,3473,813349844039016,813349844158807,119791,112864,0,6927,0,0,0,0,,
67,client_resume,target_worker,1466,3397,813349844274380,813349844447297,172917,43177,25729,104011,0,0,0,1,813349844378391,25729
67,client_resume,source_callback,1466,3362,813349844274380,813349844447297,172917,148854,0,24063,0,0,0,0,,
67,client_resolve,client_worker,1466,3397,813349843494224,813349843594797,100573,100573,0,0,0,0,0,0,,
67,client_register,client_worker,1466,3397,813349843594797,813349843649224,54427,54427,0,0,0,0,0,0,,
67,client_encode,client_worker,1466,3397,813349843649224,813349843713182,63958,63958,0,0,0,0,0,0,,
68,server_admission,receive_thread,3421,3473,813349844879172,813349844989328,110156,110156,0,0,0,0,0,0,,
68,server_queue,target_worker,3421,3468,813349844989328,813349845099484,110156,39166,34167,36823,0,0,0,1,813349845026151,34167
68,server_queue,source_binder,3421,3473,813349844989328,813349845099484,110156,85834,0,24322,0,0,0,0,,
68,client_resume,target_worker,1466,3397,813349845228026,813349845405005,176979,48281,28594,100104,0,0,0,1,813349845328130,28594
68,client_resume,source_callback,1466,3362,813349845228026,813349845405005,176979,153802,0,23177,0,0,0,0,,
68,client_resolve,client_worker,1466,3397,813349844550370,813349844661568,111198,111198,0,0,0,0,0,0,,
68,client_register,client_worker,1466,3397,813349844661568,813349844727297,65729,65729,0,0,0,0,0,0,,
68,client_encode,client_worker,1466,3397,813349844727297,813349844780839,53542,53542,0,0,0,0,0,0,,
69,server_admission,receive_thread,3421,3473,813349845809693,813349846059172,249479,153438,96041,0,0,0,0,0,,
69,server_queue,target_worker,3421,3468,813349846059172,813349846446620,387448,92657,195416,99375,0,0,0,1,813349846158547,28073
69,server_queue,source_binder,3421,3473,813349846059172,813349846446620,387448,177136,18854,191458,0,0,0,0,,
69,client_resume,target_worker,1466,3397,813349846712037,813349846912453,200416,43594,56197,100625,0,0,0,1,813349846812662,56197
69,client_resume,source_callback,1466,3362,813349846712037,813349846912453,200416,156822,0,43594,0,0,0,0,,
69,client_resolve,client_worker,1466,3397,813349845493912,813349845598912,105000,105000,0,0,0,0,0,0,,
69,client_register,client_worker,1466,3397,813349845598912,813349845651255,52343,52343,0,0,0,0,0,0,,
69,client_encode,client_worker,1466,3397,813349845651255,813349845719484,68229,68229,0,0,0,0,0,0,,
70,server_admission,receive_thread,3421,3473,813349847343599,813349847447193,103594,103594,0,0,0,0,0,0,,
70,server_queue,target_worker,3421,3468,813349847447193,813349847558443,111250,45156,31563,34531,0,0,0,1,813349847481724,31563
70,server_queue,source_binder,3421,3473,813349847447193,813349847558443,111250,82552,0,28698,0,0,0,0,,
70,client_resume,target_worker,1466,3397,813349847697349,813349847883130,185781,57239,37084,91458,0,0,0,1,813349847788807,37084
70,client_resume,source_callback,1466,3362,813349847697349,813349847883130,185781,149271,0,36510,0,0,0,0,,
70,client_resolve,client_worker,1466,3397,813349846990162,813349847108599,118437,118437,0,0,0,0,0,0,,
70,client_register,client_worker,1466,3397,813349847108599,813349847176516,67917,67917,0,0,0,0,0,0,,
70,client_encode,client_worker,1466,3397,813349847176516,813349847241412,64896,64896,0,0,0,0,0,0,,
71,server_admission,receive_thread,3421,3473,813349848351099,813349848473651,122552,122552,0,0,0,0,0,0,,
71,server_queue,target_worker,3421,3468,813349848473651,813349848592505,118854,38177,35781,44896,0,0,0,1,813349848518547,35781
71,server_queue,source_binder,3421,3473,813349848473651,813349848592505,118854,104115,0,14739,0,0,0,0,,
71,client_resume,target_worker,1466,3397,813349848729380,813349848906568,177188,44167,42604,90417,0,0,0,1,813349848819797,42604
71,client_resume,source_callback,1466,3362,813349848729380,813349848906568,177188,157448,0,19740,0,0,0,0,,
71,client_resolve,client_worker,1466,3397,813349847969901,813349848087870,117969,117969,0,0,0,0,0,0,,
71,client_register,client_worker,1466,3397,813349848087870,813349848174693,86823,86823,0,0,0,0,0,0,,
71,client_encode,client_worker,1466,3397,813349848174693,813349848237557,62864,62864,0,0,0,0,0,0,,
72,server_admission,receive_thread,3421,3473,813349849293287,813349849392818,99531,99531,0,0,0,0,0,0,,
72,server_queue,target_worker,3421,3468,813349849392818,813349849497453,104635,38177,31823,34635,0,0,0,1,813349849427453,31823
72,server_queue,source_binder,3421,3473,813349849392818,813349849497453,104635,82969,0,21666,0,0,0,0,,
72,client_resume,target_worker,1466,3397,813349849613443,813349849778130,164687,44843,46667,73177,0,0,0,1,813349849686620,46667
72,client_resume,source_callback,1466,3362,813349849613443,813349849778130,164687,120156,0,44531,0,0,0,0,,
72,client_resolve,client_worker,1466,3397,813349848990734,813349849091151,100417,100417,0,0,0,0,0,0,,
72,client_register,client_worker,1466,3397,813349849091151,813349849142297,51146,51146,0,0,0,0,0,0,,
72,client_encode,client_worker,1466,3397,813349849142297,813349849205422,63125,63125,0,0,0,0,0,0,,
73,server_admission,receive_thread,3421,3473,813349850149328,813349850246932,97604,97604,0,0,0,0,0,0,,
73,server_queue,target_worker,3421,3468,813349850246932,813349850351412,104480,37344,30313,36823,0,0,0,1,813349850283755,30313
73,server_queue,source_binder,3421,3473,813349850246932,813349850351412,104480,82500,0,21980,0,0,0,0,,
73,client_resume,target_worker,1466,3397,813349850469016,813349850634380,165364,47031,49635,68698,0,0,0,1,813349850537714,49635
73,client_resume,source_callback,1466,3362,813349850469016,813349850634380,165364,115000,0,50364,0,0,0,0,,
73,client_resolve,client_worker,1466,3397,813349849860682,813349849957505,96823,96823,0,0,0,0,0,0,,
73,client_register,client_worker,1466,3397,813349849957505,813349850007193,49688,49688,0,0,0,0,0,0,,
73,client_encode,client_worker,1466,3397,813349850007193,813349850065526,58333,58333,0,0,0,0,0,0,,
74,server_admission,receive_thread,3421,3473,813349851019901,813349851125891,105990,105990,0,0,0,0,0,0,,
74,server_queue,target_worker,3421,3468,813349851125891,813349851273547,147656,43854,69479,34323,0,0,0,1,813349851160214,69479
74,server_queue,source_binder,3421,3473,813349851125891,813349851273547,147656,77708,0,69948,0,0,0,0,,
74,client_resume,target_worker,1466,3397,813349851490422,813349851688859,198437,45885,32656,119896,0,0,0,1,813349851610318,32656
74,client_resume,source_callback,1466,3362,813349851490422,813349851688859,198437,183802,0,14635,0,0,0,0,,
74,client_resolve,client_worker,1466,3397,813349850731984,813349850830995,99011,99011,0,0,0,0,0,0,,
74,client_register,client_worker,1466,3397,813349850830995,813349850880734,49739,49739,0,0,0,0,0,0,,
74,client_encode,client_worker,1466,3397,813349850880734,813349850939797,59063,59063,0,0,0,0,0,0,,
75,server_admission,receive_thread,3421,3473,813349852170162,813349852260995,90833,90833,0,0,0,0,0,0,,
75,server_queue,target_worker,3421,3468,813349852260995,813349852355578,94583,34791,26823,32969,0,0,0,1,813349852293964,26823
75,server_queue,source_binder,3421,3473,813349852260995,813349852355578,94583,73594,0,20989,0,0,0,0,,
75,client_resume,target_worker,1466,3397,813349852457505,813349852618234,160729,53697,29844,77188,0,0,0,1,813349852534693,29844
75,client_resume,source_callback,1466,3362,813349852457505,813349852618234,160729,130000,0,30729,0,0,0,0,,
75,client_resolve,client_worker,1466,3397,813349851770630,813349851949641,179011,179011,0,0,0,0,0,0,,
75,client_register,client_worker,1466,3397,813349851949641,813349851999224,49583,49583,0,0,0,0,0,0,,
75,client_encode,client_worker,1466,3397,813349851999224,813349852068703,69479,69479,0,0,0,0,0,0,,
76,server_admission,receive_thread,3421,3473,813349853141516,813349853255370,113854,113854,0,0,0,0,0,0,,
76,server_queue,target_worker,3421,3468,813349853255370,813349853357245,101875,30365,31771,39739,0,0,0,1,813349853295109,31771
76,server_queue,source_binder,3421,3473,813349853255370,813349853357245,101875,85885,0,15990,0,0,0,0,,
76,client_resume,target_worker,1466,3397,813349853501412,813349853678755,177343,51354,43489,82500,0,0,0,1,813349853583912,43489
76,client_resume,source_callback,1466,3362,813349853501412,813349853678755,177343,147916,0,29427,0,0,0,0,,
76,client_resolve,client_worker,1466,3397,813349852726568,813349852866880,140312,140312,0,0,0,0,0,0,,
76,client_register,client_worker,1466,3397,813349852866880,813349852971307,104427,104427,0,0,0,0,0,0,,
76,client_encode,client_worker,1466,3397,813349852971307,813349853040005,68698,68698,0,0,0,0,0,0,,
77,server_admission,receive_thread,3421,3473,813349854646464,813349854748547,102083,102083,0,0,0,0,0,0,,
77,server_queue,target_worker,3421,3468,813349854748547,813349854844224,95677,33021,25416,37240,0,0,0,1,813349854785787,25416
77,server_queue,source_binder,3421,3473,813349854748547,813349854844224,95677,80573,0,15104,0,0,0,0,,
77,client_resume,target_worker,1466,3397,813349854944953,813349855138130,193177,62239,39584,91354,0,0,0,1,813349855036307,39584
77,client_resume,source_callback,1466,3362,813349854944953,813349855138130,193177,147604,0,45573,0,0,0,0,,
77,client_resolve,client_worker,1466,3397,813349854193599,813349854431464,237865,218386,19479,0,0,0,0,0,,
77,client_register,client_worker,1466,3397,813349854431464,813349854488078,56614,56614,0,0,0,0,0,0,,
77,client_encode,client_worker,1466,3397,813349854488078,813349854559849,71771,71771,0,0,0,0,0,0,,
78,server_admission,receive_thread,3421,3473,813349855551307,813349855659484,108177,108177,0,0,0,0,0,0,,
78,server_queue,target_worker,3421,3468,813349855659484,813349855758234,98750,35781,27708,35261,0,0,0,1,813349855694745,27708
78,server_queue,source_binder,3421,3473,813349855659484,813349855758234,98750,77761,0,20989,0,0,0,0,,
78,client_resume,target_worker,1466,3397,813349855876047,813349856037870,161823,52292,39844,69687,0,0,0,1,813349855945734,39844
78,client_resume,source_callback,1466,3362,813349855876047,813349856037870,161823,126771,0,35052,0,0,0,0,,
78,client_resolve,client_worker,1466,3397,813349855215370,813349855330682,115312,115312,0,0,0,0,0,0,,
78,client_register,client_worker,1466,3397,813349855330682,813349855404380,73698,73698,0,0,0,0,0,0,,
78,client_encode,client_worker,1466,3397,813349855404380,813349855467557,63177,63177,0,0,0,0,0,0,,
79,server_admission,receive_thread,3421,3473,813349856464432,813349856570057,105625,105625,0,0,0,0,0,0,,
79,server_queue,target_worker,3421,3468,813349856570057,813349856663339,93282,26042,30625,36615,0,0,0,1,813349856606672,30625
79,server_queue,source_binder,3421,3473,813349856570057,813349856663339,93282,80105,0,13177,0,0,0,0,,
79,client_resume,target_worker,1466,3397,813349856762922,813349856891724,128802,31094,27083,70625,0,0,0,1,813349856833547,27083
79,client_resume,source_callback,1466,3362,813349856762922,813349856891724,128802,112917,0,15885,0,0,0,0,,
79,client_resolve,client_worker,1466,3397,813349856152037,813349856269953,117916,117916,0,0,0,0,0,0,,
79,client_register,client_worker,1466,3397,813349856269953,813349856326047,56094,56094,0,0,0,0,0,0,,
79,client_encode,client_worker,1466,3397,813349856326047,813349856378964,52917,52917,0,0,0,0,0,0,,
80,server_admission,receive_thread,3421,3473,813349857248391,813349857348651,100260,100260,0,0,0,0,0,0,,
80,server_queue,target_worker,3421,3468,813349857348651,813349857443912,95261,27917,29688,37656,0,0,0,1,813349857386307,29688
80,server_queue,source_binder,3421,3473,813349857348651,813349857443912,95261,84115,0,11146,0,0,0,0,,
80,client_resume,target_worker,1466,3397,813349857542089,813349857670630,128541,29531,26979,72031,0,0,0,1,813349857614120,26979
80,client_resume,source_callback,1466,3362,813349857542089,813349857670630,128541,113802,0,14739,0,0,0,0,,
80,client_resolve,client_worker,1466,3397,813349856965214,813349857057662,92448,92448,0,0,0,0,0,0,,
80,client_register,client_worker,1466,3397,813349857057662,813349857119537,61875,61875,0,0,0,0,0,0,,
80,client_encode,client_worker,1466,3397,813349857119537,813349857174172,54635,54635,0,0,0,0,0,0,,
81,server_admission,receive_thread,3421,3473,813349858026412,813349858130682,104270,104270,0,0,0,0,0,0,,
81,server_queue,target_worker,3421,3468,813349858130682,813349858227557,96875,26823,29114,40938,0,0,0,1,813349858171620,29114
81,server_queue,source_binder,3421,3473,813349858130682,813349858227557,96875,87136,0,9739,0,0,0,0,,
81,client_resume,target_worker,1466,3397,813349858323443,813349858452193,128750,33594,26042,69114,0,0,0,1,813349858392557,26042
81,client_resume,source_callback,1466,3362,813349858323443,813349858452193,128750,107916,0,20834,0,0,0,0,,
81,client_resolve,client_worker,1466,3397,813349857745422,813349857848859,103437,103437,0,0,0,0,0,0,,
81,client_register,client_worker,1466,3397,813349857848859,813349857901724,52865,52865,0,0,0,0,0,0,,
81,client_encode,client_worker,1466,3397,813349857901724,813349857953182,51458,51458,0,0,0,0,0,0,,
82,server_admission,receive_thread,3421,3473,813349858806307,813349858908391,102084,102084,0,0,0,0,0,0,,
82,server_queue,target_worker,3421,3468,813349858908391,813349859014953,106562,25677,30729,50156,0,0,0,1,813349858958547,30729
82,server_queue,source_binder,3421,3473,813349858908391,813349859014953,106562,98281,0,8281,0,0,0,0,,
82,client_resume,target_worker,1466,3397,813349859110214,813349859235787,125573,30573,26407,68593,0,0,0,1,813349859178807,26407
82,client_resume,source_callback,1466,3362,813349859110214,813349859235787,125573,106927,0,18646,0,0,0,0,,
82,client_resolve,client_worker,1466,3397,813349858525682,813349858620787,95105,95105,0,0,0,0,0,0,,
82,client_register,client_worker,1466,3397,813349858620787,813349858668547,47760,47760,0,0,0,0,0,0,,
82,client_encode,client_worker,1466,3397,813349858668547,813349858730578,62031,62031,0,0,0,0,0,0,,
83,server_admission,receive_thread,3421,3473,813349859635370,813349859735109,99739,99739,0,0,0,0,0,0,,
83,server_queue,target_worker,3421,3468,813349859735109,813349859825266,90157,25521,28229,36407,0,0,0,1,813349859771516,28229
83,server_queue,source_binder,3421,3473,813349859735109,813349859825266,90157,81042,0,9115,0,0,0,0,,
83,client_resume,target_worker,1466,3397,813349859922922,813349860046672,123750,29635,26094,68021,0,0,0,1,813349859990943,26094
83,client_resume,source_callback,1466,3362,813349859922922,813349860046672,123750,106667,0,17083,0,0,0,0,,
83,client_resolve,client_worker,1466,3397,813349859308547,813349859449380,140833,140833,0,0,0,0,0,0,,
83,client_register,client_worker,1466,3397,813349859449380,813349859505370,55990,55990,0,0,0,0,0,0,,
83,client_encode,client_worker,1466,3397,813349859505370,813349859563859,58489,58489,0,0,0,0,0,0,,
84,server_admission,receive_thread,3421,3473,813349860610891,813349860712193,101302,101302,0,0,0,0,0,0,,
84,server_queue,target_worker,3421,3468,813349860712193,813349860804537,92344,25313,29010,38021,0,0,0,1,813349860750214,29010
84,server_queue,source_binder,3421,3473,813349860712193,813349860804537,92344,80885,0,11459,0,0,0,0,,
84,client_resume,target_worker,1466,3397,813349860908964,813349861118339,209375,54948,88907,65520,0,0,0,1,813349860974484,88907
84,client_resume,source_callback,1466,3362,813349860908964,813349861118339,209375,154427,0,54948,0,0,0,0,,
84,client_resolve,client_worker,1466,3397,813349860158807,813349860388859,230052,182552,47500,0,0,0,0,0,,
84,client_register,client_worker,1466,3397,813349860388859,813349860460266,71407,71407,0,0,0,0,0,0,,
84,client_encode,client_worker,1466,3397,813349860460266,813349860532609,72343,72343,0,0,0,0,0,0,,
85,server_admission,receive_thread,3421,3473,813349861471620,813349861583443,111823,111823,0,0,0,0,0,0,,
85,server_queue,target_worker,3421,3468,813349861583443,813349861679745,96302,32813,25833,37656,0,0,0,1,813349861621099,25833
85,server_queue,source_binder,3421,3473,813349861583443,813349861679745,96302,81198,0,15104,0,0,0,0,,
85,client_resume,target_worker,1466,3397,813349861787505,813349861932141,144636,40729,35990,67917,0,0,0,1,813349861855422,35990
85,client_resume,source_callback,1466,3362,813349861787505,813349861932141,144636,108542,0,36094,0,0,0,0,,
85,client_resolve,client_worker,1466,3397,813349861191464,813349861299016,107552,107552,0,0,0,0,0,0,,
85,client_register,client_worker,1466,3397,813349861299016,813349861351307,52291,52291,0,0,0,0,0,0,,
85,client_encode,client_worker,1466,3397,813349861351307,813349861402974,51667,51667,0,0,0,0,0,0,,
86,server_admission,receive_thread,3421,3473,813349862309120,813349862402766,93646,93646,0,0,0,0,0,0,,
86,server_queue,target_worker,3421,3468,813349862402766,813349862497193,94427,37761,24583,32083,0,0,0,1,813349862434849,24583
86,server_queue,source_binder,3421,3473,813349862402766,813349862497193,94427,70052,0,24375,0,0,0,0,,
86,client_resume,target_worker,1466,3397,813349862658078,813349862785370,127292,40625,22708,63959,0,0,0,1,813349862722037,22708
86,client_resume,source_callback,1466,3362,813349862658078,813349862785370,127292,101563,0,25729,0,0,0,0,,
86,client_resolve,client_worker,1466,3397,813349862008495,813349862103912,95417,95417,0,0,0,0,0,0,,
86,client_register,client_worker,1466,3397,813349862103912,813349862153807,49895,49895,0,0,0,0,0,0,,
86,client_encode,client_worker,1466,3397,813349862153807,813349862227193,73386,73386,0,0,0,0,0,0,,
87,server_admission,receive_thread,3421,3473,813349863136047,813349863261203,125156,125156,0,0,0,0,0,0,,
87,server_queue,target_worker,3421,3468,813349863261203,813349863372349,111146,36042,32395,42709,0,0,0,1,813349863303912,32395
87,server_queue,source_binder,3421,3473,813349863261203,813349863372349,111146,97917,0,13229,0,0,0,0,,
87,client_resume,target_worker,1466,3397,813349863486516,813349863636568,150052,41042,28177,80833,0,0,0,1,813349863567349,28177
87,client_resume,source_callback,1466,3362,813349863486516,813349863636568,150052,138593,0,11459,0,0,0,0,,
87,client_resolve,client_worker,1466,3397,813349862857714,813349862941776,84062,84062,0,0,0,0,0,0,,
87,client_register,client_worker,1466,3397,813349862941776,813349862990266,48490,48490,0,0,0,0,0,0,,
87,client_encode,client_worker,1466,3397,813349862990266,813349863048130,57864,57864,0,0,0,0,0,0,,
88,server_admission,receive_thread,3421,3473,813349864015474,813349864145370,129896,129896,0,0,0,0,0,0,,
88,server_queue,target_worker,3421,3468,813349864145370,813349864250318,104948,40261,24427,40260,0,0,0,1,813349864185630,24427
88,server_queue,source_binder,3421,3473,813349864145370,813349864250318,104948,104948,0,0,0,0,0,0,,
88,client_resume,target_worker,1466,3397,813349864358078,813349864519797,161719,53385,42917,65417,0,0,0,1,813349864423495,42917
88,client_resume,source_callback,1466,3362,813349864358078,813349864519797,161719,128698,0,33021,0,0,0,0,,
88,client_resolve,client_worker,1466,3397,813349863705682,813349863807349,101667,101667,0,0,0,0,0,0,,
88,client_register,client_worker,1466,3397,813349863807349,813349863862141,54792,54792,0,0,0,0,0,0,,
88,client_encode,client_worker,1466,3397,813349863862141,813349863917662,55521,55521,0,0,0,0,0,0,,
89,server_admission,receive_thread,3421,3473,813349864920005,813349865016203,96198,96198,0,0,0,0,0,0,,
89,server_queue,target_worker,3421,3468,813349865016203,813349865108078,91875,27396,28854,35625,0,0,0,1,813349865051828,28854
89,server_queue,source_binder,3421,3473,813349865016203,813349865108078,91875,81979,0,9896,0,0,0,0,,
89,client_resume,target_worker,1466,3397,813349865202662,813349865327662,125000,29584,28281,67135,0,0,0,1,813349865269797,28281
89,client_resume,source_callback,1466,3362,813349865202662,813349865327662,125000,107864,0,17136,0,0,0,0,,
89,client_resolve,client_worker,1466,3397,813349864607974,813349864713651,105677,105677,0,0,0,0,0,0,,
89,client_register,client_worker,1466,3397,813349864713651,813349864768287,54636,54636,0,0,0,0,0,0,,
89,client_encode,client_worker,1466,3397,813349864768287,813349864822141,53854,53854,0,0,0,0,0,0,,
90,server_admission,receive_thread,3421,3473,813349865700005,813349865800318,100313,100313,0,0,0,0,0,0,,
90,server_queue,target_worker,3421,3468,813349865800318,813349865894849,94531,26771,30156,37604,0,0,0,1,813349865837922,30156
90,server_queue,source_binder,3421,3473,813349865800318,813349865894849,94531,84010,0,10521,0,0,0,0,,
90,client_resume,target_worker,1466,3397,813349866013391,813349866122193,108802,29167,21302,58333,0,0,0,1,813349866071724,21302
90,client_resume,source_callback,1466,3362,813349866013391,813349866122193,108802,92604,0,16198,0,0,0,0,,
90,client_resolve,client_worker,1466,3397,813349865406412,813349865511307,104895,104895,0,0,0,0,0,0,,
90,client_register,client_worker,1466,3397,813349865511307,813349865561672,50365,50365,0,0,0,0,0,0,,
90,client_encode,client_worker,1466,3397,813349865561672,813349865624380,62708,62708,0,0,0,0,0,0,,
91,server_admission,receive_thread,3421,3473,813349866493495,813349866628078,134583,134583,0,0,0,0,0,0,,
91,server_queue,target_worker,3421,3468,813349866628078,813349866744172,116094,29688,37656,48750,0,0,0,1,813349866676828,37656
91,server_queue,source_binder,3421,3473,813349866628078,813349866744172,116094,114271,0,1823,0,0,0,0,,
91,client_resume,target_worker,1466,3397,813349866842349,813349866975526,133177,29062,26875,77240,0,0,0,1,813349866919589,26875
91,client_resume,source_callback,1466,3362,813349866842349,813349866975526,133177,120052,0,13125,0,0,0,0,,
91,client_resolve,client_worker,1466,3397,813349866201932,813349866290839,88907,88907,0,0,0,0,0,0,,
91,client_register,client_worker,1466,3397,813349866290839,813349866340370,49531,49531,0,0,0,0,0,0,,
91,client_encode,client_worker,1466,3397,813349866340370,813349866401255,60885,60885,0,0,0,0,0,0,,
92,server_admission,receive_thread,3421,3473,813349867319797,813349867424849,105052,105052,0,0,0,0,0,0,,
92,server_queue,target_worker,3421,3468,813349867424849,813349867517557,92708,24948,30260,37500,0,0,0,1,813349867462349,30260
92,server_queue,source_binder,3421,3473,813349867424849,813349867517557,92708,82552,0,10156,0,0,0,0,,
92,client_resume,target_worker,1466,3397,813349867614589,813349867868391,253802,118854,65469,69479,0,0,0,1,813349867684068,65469
92,client_resume,source_callback,1466,3362,813349867614589,813349867868391,253802,167760,0,86042,0,0,0,0,,
92,client_resolve,client_worker,1466,3397,813349867052505,813349867148130,95625,95625,0,0,0,0,0,0,,
92,client_register,client_worker,1466,3397,813349867148130,813349867196776,48646,48646,0,0,0,0,0,0,,
92,client_encode,client_worker,1466,3397,813349867196776,813349867250734,53958,53958,0,0,0,0,0,0,,
93,server_admission,receive_thread,3421,3473,813349868517349,813349868608807,91458,91458,0,0,0,0,0,0,,
93,server_queue,target_worker,3421,3468,813349868608807,813349868700162,91355,34480,25625,31250,0,0,0,1,813349868640057,25625
93,server_queue,source_binder,3421,3473,813349868608807,813349868700162,91355,73646,0,17709,0,0,0,0,,
93,client_resume,target_worker,1466,3397,813349868962766,813349869125630,162864,34739,42344,85781,0,0,0,1,813349869048547,42344
93,client_resume,source_callback,1466,3362,813349868962766,813349869125630,162864,128125,0,34739,0,0,0,0,,
93,client_resolve,client_worker,1466,3397,813349868025682,813349868289276,263594,263594,0,0,0,0,0,0,,
93,client_register,client_worker,1466,3397,813349868289276,813349868339849,50573,50573,0,0,0,0,0,0,,
93,client_encode,client_worker,1466,3397,813349868339849,813349868395370,55521,55521,0,0,0,0,0,0,,
94,server_admission,receive_thread,3421,3473,813349869507974,813349869605109,97135,97135,0,0,0,0,0,0,,
94,server_queue,target_worker,3421,3468,813349869605109,813349869707557,102448,38698,28333,35417,0,0,0,1,813349869640526,28333
94,server_queue,source_binder,3421,3473,813349869605109,813349869707557,102448,76980,0,25468,0,0,0,0,,
94,client_resume,target_worker,1466,3397,813349869837609,813349870048182,210573,46718,74375,89480,0,0,0,1,813349869927089,74375
94,client_resume,source_callback,1466,3362,813349869837609,813349870048182,210573,163855,0,46718,0,0,0,0,,
94,client_resolve,client_worker,1466,3397,813349869203078,813349869311984,108906,108906,0,0,0,0,0,0,,
94,client_register,client_worker,1466,3397,813349869311984,813349869362714,50730,50730,0,0,0,0,0,0,,
94,client_encode,client_worker,1466,3397,813349869362714,813349869424016,61302,61302,0,0,0,0,0,0,,
95,server_admission,receive_thread,3421,3473,813349870456568,813349870550318,93750,93750,0,0,0,0,0,0,,
95,server_queue,target_worker,3421,3468,813349870550318,813349870670474,120156,46042,31614,42500,0,0,0,1,813349870592818,31614
95,server_queue,source_binder,3421,3473,813349870550318,813349870670474,120156,88958,0,31198,0,0,0,0,,
95,client_resume,target_worker,1466,3397,813349870817297,813349871022193,204896,47240,65260,92396,0,0,0,1,813349870909693,65260
95,client_resume,source_callback,1466,3362,813349870817297,813349871022193,204896,157656,0,47240,0,0,0,0,,
95,client_resolve,client_worker,1466,3397,813349870128234,813349870233234,105000,105000,0,0,0,0,0,0,,
95,client_register,client_worker,1466,3397,813349870233234,813349870313495,80261,80261,0,0,0,0,0,0,,
95,client_encode,client_worker,1466,3397,813349870313495,813349870371880,58385,58385,0,0,0,0,0,0,,
96,server_admission,receive_thread,3421,3473,813349871432349,813349871556776,124427,124427,0,0,0,0,0,0,,
96,server_queue,target_worker,3421,3468,813349871556776,813349871669016,112240,42188,30989,39063,0,0,0,1,813349871595839,30989
96,server_queue,source_binder,3421,3473,813349871556776,813349871669016,112240,91927,0,20313,0,0,0,0,,
96,client_resume,target_worker,1466,3397,813349872269276,813349872489224,219948,54323,75833,89792,0,0,0,1,813349872359068,75833
96,client_resume,source_callback,1466,3362,813349872269276,813349872489224,219948,165625,0,54323,0,0,0,0,,
96,client_resolve,client_worker,1466,3397,813349871100005,813349871203182,103177,103177,0,0,0,0,0,0,,
96,client_register,client_worker,1466,3397,813349871203182,813349871263599,60417,60417,0,0,0,0,0,0,,
96,client_encode,client_worker,1466,3397,813349871263599,813349871327662,64063,64063,0,0,0,0,0,0,,
97,server_admission,receive_thread,3421,3473,813349872985787,813349873087505,101718,101718,0,0,0,0,0,0,,
97,server_queue,target_worker,3421,3468,813349873087505,813349873213130,125625,43958,45521,36146,0,0,0,1,813349873123651,45521
97,server_queue,source_binder,3421,3473,813349873087505,813349873213130,125625,101459,0,24166,0,0,0,0,,
97,client_resume,target_worker,1466,3397,813349873349068,813349873549797,200729,62656,59792,78281,0,0,0,1,813349873427349,59792
97,client_resume,source_callback,1466,3362,813349873349068,813349873549797,200729,134271,0,66458,0,0,0,0,,
97,client_resolve,client_worker,1466,3397,813349872569953,813349872730787,160834,131928,28906,0,0,0,0,0,,
97,client_register,client_worker,1466,3397,813349872730787,813349872823130,92343,92343,0,0,0,0,0,0,,
97,client_encode,client_worker,1466,3397,813349872823130,813349872882193,59063,59063,0,0,0,0,0,0,,
98,server_admission,receive_thread,3421,3473,813349873985682,813349874081880,96198,96198,0,0,0,0,0,0,,
98,server_queue,target_worker,3421,3468,813349874081880,813349874189953,108073,41302,32344,34427,0,0,0,1,813349874116307,32344
98,server_queue,source_binder,3421,3473,813349874081880,813349874189953,108073,82865,0,25208,0,0,0,0,,
98,client_resume,target_worker,1466,3397,813349874306255,813349874484016,177761,51459,47239,79063,0,0,0,1,813349874385318,47239
98,client_resume,source_callback,1466,3362,813349874306255,813349874484016,177761,124427,0,53334,0,0,0,0,,
98,client_resolve,client_worker,1466,3397,813349873640786,813349873755474,114688,114688,0,0,0,0,0,0,,
98,client_register,client_worker,1466,3397,813349873755474,813349873817818,62344,62344,0,0,0,0,0,0,,
98,client_encode,client_worker,1466,3397,813349873817818,813349873883495,65677,65677,0,0,0,0,0,0,,
99,server_admission,receive_thread,3421,3473,813349874891932,813349874988755,96823,96823,0,0,0,0,0,0,,
99,server_queue,target_worker,3421,3468,813349874988755,813349875090995,102240,38646,28333,35261,0,0,0,1,813349875024016,28333
99,server_queue,source_binder,3421,3473,813349874988755,813349875090995,102240,78750,0,23490,0,0,0,0,,
99,client_resume,target_worker,1466,3397,813349875212818,813349875388755,175937,55260,41354,79323,0,0,0,1,813349875292141,41354
99,client_resume,source_callback,1466,3362,813349875212818,813349875388755,175937,118958,0,56979,0,0,0,0,,
99,client_resolve,client_worker,1466,3397,813349874573339,813349874675109,101770,101770,0,0,0,0,0,0,,
99,client_register,client_worker,1466,3397,813349874675109,813349874728911,53802,53802,0,0,0,0,0,0,,
99,client_encode,client_worker,1466,3397,813349874728911,813349874803599,74688,74688,0,0,0,0,0,0,,
100,server_admission,receive_thread,3421,3473,813349875750839,813349875853443,102604,102604,0,0,0,0,0,0,,
100,server_queue,target_worker,3421,3468,813349875853443,813349875953443,100000,37136,28437,34427,0,0,0,1,813349875887870,28437
100,server_queue,source_binder,3421,3473,813349875853443,813349875953443,100000,77708,0,22292,0,0,0,0,,
100,client_resume,target_worker,1466,3397,813349876065057,813349876284224,219167,48021,25573,145573,0,0,0,1,813349876210630,25573
100,client_resume,source_callback,1466,3362,813349876065057,813349876284224,219167,181563,0,37604,0,0,0,0,,
100,client_resolve,client_worker,1466,3397,813349875468599,813349875566307,97708,97708,0,0,0,0,0,0,,
100,client_register,client_worker,1466,3397,813349875566307,813349875616099,49792,49792,0,0,0,0,0,0,,
100,client_encode,client_worker,1466,3397,813349875616099,813349875676516,60417,60417,0,0,0,0,0,0,,
101,server_admission,receive_thread,3421,3473,813349876667974,813349876758078,90104,90104,0,0,0,0,0,0,,
101,server_queue,target_worker,3421,3468,813349876758078,813349876849745,91667,35886,24218,31563,0,0,0,1,813349876789641,24218
101,server_queue,source_binder,3421,3473,813349876758078,813349876849745,91667,72083,0,19584,0,0,0,0,,
101,client_resume,target_worker,1466,3397,813349876983547,813349877304641,321094,197240,58542,65312,0,0,0,1,813349877048859,58542
101,client_resume,source_callback,1466,3362,813349876983547,813349877304641,321094,139531,0,181563,0,0,0,0,,
101,client_resolve,client_worker,1466,3397,813349876359745,813349876462036,102291,102291,0,0,0,0,0,0,,
101,client_register,client_worker,1466,3397,813349876462036,813349876517714,55678,55678,0,0,0,0,0,0,,
101,client_encode,client_worker,1466,3397,813349876517714,813349876588911,71197,71197,0,0,0,0,0,0,,
102,server_admission,receive_thread,3421,3473,813349877698651,813349877786828,88177,88177,0,0,0,0,0,0,,
102,server_queue,target_worker,3421,3468,813349877786828,813349877896359,109531,37291,38125,34115,0,0,0,1,813349877820943,38125
102,server_queue,source_binder,3421,3473,813349877786828,813349877896359,109531,84792,0,24739,0,0,0,0,,
102,client_resume,target_worker,1466,3397,813349877994016,813349878185578,191562,68542,59479,63541,0,0,0,1,813349878057557,59479
102,client_resume,source_callback,1466,3362,813349877994016,813349878185578,191562,141927,0,49635,0,0,0,0,,
102,client_resolve,client_worker,1466,3397,813349877404328,813349877512922,108594,108594,0,0,0,0,0,0,,
102,client_register,client_worker,1466,3397,813349877512922,813349877566359,53437,53437,0,0,0,0,0,0,,
102,client_encode,client_worker,1466,3397,813349877566359,813349877624068,57709,57709,0,0,0,0,0,0,,
103,server_admission,receive_thread,3421,3473,813349879150839,813349879275630,124791,124791,0,0,0,0,0,0,,
103,server_queue,target_worker,3421,3468,813349879275630,813349879456568,180938,36563,105885,38490,0,0,0,1,813349879314120,105885
103,server_queue,source_binder,3421,3473,813349879275630,813349879456568,180938,165729,0,15209,0,0,0,0,,
103,client_resume,target_worker,1466,3397,813349879593547,813349879775630,182083,44687,58177,79219,0,0,0,1,813349879672766,58177
103,client_resume,source_callback,1466,3362,813349879593547,813349879775630,182083,163021,0,19062,0,0,0,0,,
103,client_resolve,client_worker,1466,3397,813349878288182,813349878568339,280157,174688,105469,0,0,0,0,0,,
103,client_register,client_worker,1466,3397,813349878568339,813349878915943,347604,171771,175833,0,0,0,0,0,,
103,client_encode,client_worker,1466,3397,813349878915943,813349879022557,106614,106614,0,0,0,0,0,0,,
104,server_admission,receive_thread,3421,3473,813349880118911,813349880221984,103073,103073,0,0,0,0,0,0,,
104,server_queue,target_worker,3421,3468,813349880221984,813349880315266,93282,36355,23385,33542,0,0,0,1,813349880255526,23385
104,server_queue,source_binder,3421,3473,813349880221984,813349880315266,93282,70105,0,23177,0,0,0,0,,
104,client_resume,target_worker,1466,3397,813349880422193,813349880652349,230156,77604,69688,82864,0,0,0,1,813349880505057,69688
104,client_resume,source_callback,1466,3362,813349880422193,813349880652349,230156,152552,0,77604,0,0,0,0,,
104,client_resolve,client_worker,1466,3397,813349879855839,813349879942609,86770,86770,0,0,0,0,0,0,,
104,client_register,client_worker,1466,3397,813349879942609,813349879990318,47709,47709,0,0,0,0,0,0,,
104,client_encode,client_worker,1466,3397,813349879990318,813349880038599,48281,48281,0,0,0,0,0,0,,
105,server_admission,receive_thread,3421,3473,813349881085734,813349881190943,105209,105209,0,0,0,0,0,0,,
105,server_queue,target_worker,3421,3468,813349881190943,813349881291776,100833,38385,25677,36771,0,0,0,1,813349881227714,25677
105,server_queue,source_binder,3421,3473,813349881190943,813349881291776,100833,79531,0,21302,0,0,0,0,,
105,client_resume,target_worker,1466,3397,813349881399328,813349881679068,279740,95157,101041,83542,0,0,0,1,813349881482870,101041
105,client_resume,source_callback,1466,3362,813349881399328,813349881679068,279740,184583,0,95157,0,0,0,0,,
105,client_resolve,client_worker,1466,3397,813349880737974,813349880868182,130208,130208,0,0,0,0,0,0,,
105,client_register,client_worker,1466,3397,813349880868182,813349880928495,60313,60313,0,0,0,0,0,0,,
105,client_encode,client_worker,1466,3397,813349880928495,813349880994641,66146,66146,0,0,0,0,0,0,,
106,server_admission,receive_thread,3421,3473,813349882119953,813349882222141,102188,102188,0,0,0,0,0,0,,
106,server_queue,target_worker,3421,3468,813349882222141,813349882323859,101718,34427,25156,42135,0,0,0,1,813349882264276,25156
106,server_queue,source_binder,3421,3473,813349882222141,813349882323859,101718,97500,0,4218,0,0,0,0,,
106,client_resume,target_worker,1466,3397,813349882674432,813349882913182,238750,62187,45677,130886,0,0,0,1,813349882805318,45677
106,client_resume,source_callback,1466,3362,813349882674432,813349882913182,238750,206511,0,32239,0,0,0,0,,
106,client_resolve,client_worker,1466,3397,813349881770995,813349881900370,129375,129375,0,0,0,0,0,0,,
106,client_register,client_worker,1466,3397,813349881900370,813349881963703,63333,63333,0,0,0,0,0,0,,
106,client_encode,client_worker,1466,3397,813349881963703,813349882027245,63542,63542,0,0,0,0,0,0,,
107,server_admission,receive_thread,3421,3473,813349883510161,813349883637453,127292,127292,0,0,0,0,0,0,,
107,server_queue,target_worker,3421,3468,813349883637453,813349883749797,112344,35625,30417,46302,0,0,0,1,813349883683755,30417
107,server_queue,source_binder,3421,3473,813349883637453,813349883749797,112344,103438,0,8906,0,0,0,0,,
107,client_resume,target_worker,1466,3397,813349883867453,813349884024484,157031,35885,27760,93386,0,0,0,1,813349883960839,27760
107,client_resume,source_callback,1466,3362,813349883867453,813349884024484,157031,146719,0,10312,0,0,0,0,,
107,client_resolve,client_worker,1466,3397,813349883033130,813349883171516,138386,138386,0,0,0,0,0,0,,
107,client_register,client_worker,1466,3397,813349883171516,813349883253234,81718,81718,0,0,0,0,0,0,,
107,client_encode,client_worker,1466,3397,813349883253234,813349883343026,89792,89792,0,0,0,0,0,0,,
108,server_admission,receive_thread,3421,3473,813349884536620,813349884647245,110625,110625,0,0,0,0,0,0,,
108,server_queue,target_worker,3421,3468,813349884647245,813349884768547,121302,36094,29739,55469,0,0,0,1,813349884702714,29739
108,server_queue,source_binder,3421,3473,813349884647245,813349884768547,121302,102916,0,18386,0,0,0,0,,
108,client_resume,target_worker,1466,3397,813349884912453,813349885078964,166511,44271,36823,85417,0,0,0,1,813349884997870,36823
108,client_resume,source_callback,1466,3362,813349884912453,813349885078964,166511,124479,0,42032,0,0,0,0,,
108,client_resolve,client_worker,1466,3397,813349884162922,813349884307453,144531,144531,0,0,0,0,0,0,,
108,client_register,client_worker,1466,3397,813349884307453,813349884378443,70990,70990,0,0,0,0,0,0,,
108,client_encode,client_worker,1466,3397,813349884378443,813349884434016,55573,55573,0,0,0,0,0,0,,
109,server_admission,receive_thread,3421,3473,813349885485057,813349885577245,92188,92188,0,0,0,0,0,0,,
109,server_queue,target_worker,3421,3468,813349885577245,813349885670161,92916,36197,24219,32500,0,0,0,1,813349885609745,24219
109,server_queue,source_binder,3421,3473,813349885577245,813349885670161,92916,71510,0,21406,0,0,0,0,,
109,client_resume,target_worker,1466,3397,813349885770005,813349885932036,162031,54687,43958,63386,0,0,0,1,813349885833391,43958
109,client_resume,source_callback,1466,3362,813349885770005,813349885932036,162031,126823,0,35208,0,0,0,0,,
109,client_resolve,client_worker,1466,3397,813349885177922,813349885293911,115989,115989,0,0,0,0,0,0,,
109,client_register,client_worker,1466,3397,813349885293911,813349885353130,59219,59219,0,0,0,0,0,0,,
109,client_encode,client_worker,1466,3397,813349885353130,813349885407245,54115,54115,0,0,0,0,0,0,,
110,server_admission,receive_thread,3421,3473,813349886493443,813349886585891,92448,92448,0,0,0,0,0,0,,
110,server_queue,target_worker,3421,3468,813349886585891,813349886691776,105885,29167,42604,34114,0,0,0,1,813349886620005,42604
110,server_queue,source_binder,3421,3473,813349886585891,813349886691776,105885,83229,0,22656,0,0,0,0,,
110,client_resume,target_worker,1466,3397,813349886779276,813349887000526,221250,93126,66926,61198,0,0,0,1,813349886840474,35781
110,client_resume,source_callback,1466,3362,813349886779276,813349887000526,221250,108125,0,113125,0,0,0,0,,
110,client_resolve,client_worker,1466,3397,813349886027661,813349886164745,137084,137084,0,0,0,0,0,0,,
110,client_register,client_worker,1466,3397,813349886164745,813349886226099,61354,61354,0,0,0,0,0,0,,
110,client_encode,client_worker,1466,3397,813349886226099,813349886371672,145573,122917,22656,0,0,0,0,0,,
111,server_admission,receive_thread,3421,3473,813349887419432,813349887512245,92813,92813,0,0,0,0,0,0,,
111,server_queue,target_worker,3421,3468,813349887512245,813349887615318,103073,30313,38385,34375,0,0,0,1,813349887546620,38385
111,server_queue,source_binder,3421,3473,813349887512245,813349887615318,103073,90677,0,12396,0,0,0,0,,
111,client_resume,target_worker,1466,3397,813349887704849,813349887878599,173750,70677,42083,60990,0,0,0,1,813349887765839,42083
111,client_resume,source_callback,1466,3362,813349887704849,813349887878599,173750,100469,0,73281,0,0,0,0,,
111,client_resolve,client_worker,1466,3397,813349887096359,813349887204901,108542,108542,0,0,0,0,0,0,,
111,client_register,client_worker,1466,3397,813349887204901,813349887275682,70781,70781,0,0,0,0,0,0,,
111,client_encode,client_worker,1466,3397,813349887275682,813349887332922,57240,57240,0,0,0,0,0,0,,
112,server_admission,receive_thread,3421,3473,813349888294172,813349888387974,93802,93802,0,0,0,0,0,0,,
112,server_queue,target_worker,3421,3468,813349888387974,813349888488651,100677,39271,22291,39115,0,0,0,1,813349888427089,22291
112,server_queue,source_binder,3421,3473,813349888387974,813349888488651,100677,77083,0,23594,0,0,0,0,,
112,client_resume,target_worker,1466,3397,813349888584484,813349888758234,173750,63698,46666,63386,0,0,0,1,813349888647870,46666
112,client_resume,source_callback,1466,3362,813349888584484,813349888758234,173750,124271,0,49479,0,0,0,0,,
112,client_resolve,client_worker,1466,3397,813349887960839,813349888064172,103333,103333,0,0,0,0,0,0,,
112,client_register,client_worker,1466,3397,813349888064172,813349888164536,100364,100364,0,0,0,0,0,0,,
112,client_encode,client_worker,1466,3397,813349888164536,813349888222766,58230,58230,0,0,0,0,0,0,,
113,server_admission,receive_thread,3421,3473,813349889183651,813349889302818,119167,119167,0,0,0,0,0,0,,
113,server_queue,target_worker,3421,3468,813349889302818,813349889394276,91458,25312,28178,37968,0,0,0,1,813349889340786,28178
113,server_queue,source_binder,3421,3473,813349889302818,813349889394276,91458,78906,0,12552,0,0,0,0,,
113,client_resume,target_worker,1466,3397,813349889484901,813349889627505,142604,50208,25573,66823,0,0,0,1,813349889551724,25573
113,client_resume,source_callback,1466,3362,813349889484901,813349889627505,142604,110521,0,32083,0,0,0,0,,
113,client_resolve,client_worker,1466,3397,813349888862453,813349888976620,114167,114167,0,0,0,0,0,0,,
113,client_register,client_worker,1466,3397,813349888976620,813349889039224,62604,62604,0,0,0,0,0,0,,
113,client_encode,client_worker,1466,3397,813349889039224,813349889099172,59948,59948,0,0,0,0,0,0,,
114,server_admission,receive_thread,3421,3473,813349890012714,813349890115578,102864,102864,0,0,0,0,0,0,,
114,server_queue,target_worker,3421,3468,813349890115578,813349890210057,94479,29479,28802,36198,0,0,0,1,813349890151776,28802
114,server_queue,source_binder,3421,3473,813349890115578,813349890210057,94479,80729,0,13750,0,0,0,0,,
114,client_resume,target_worker,1466,3397,813349890300161,813349890422974,122813,33333,22136,67344,0,0,0,1,813349890367505,22136
114,client_resume,source_callback,1466,3362,813349890300161,813349890422974,122813,108021,0,14792,0,0,0,0,,
114,client_resolve,client_worker,1466,3397,813349889698339,813349889793859,95520,95520,0,0,0,0,0,0,,
114,client_register,client_worker,1466,3397,813349889793859,813349889873391,79532,79532,0,0,0,0,0,0,,
114,client_encode,client_worker,1466,3397,813349889873391,813349889930995,57604,57604,0,0,0,0,0,0,,
115,server_admission,receive_thread,3421,3473,813349890764172,813349890857870,93698,93698,0,0,0,0,0,0,,
115,server_queue,target_worker,3421,3468,813349890857870,813349890948130,90260,27083,27656,35521,0,0,0,1,813349890893391,27656
115,server_queue,source_binder,3421,3473,813349890857870,813349890948130,90260,78646,0,11614,0,0,0,0,,
115,client_resume,target_worker,1466,3397,813349891033286,813349891158547,125261,29948,23646,71667,0,0,0,1,813349891104953,23646
115,client_resume,source_callback,1466,3362,813349891033286,813349891158547,125261,111355,0,13906,0,0,0,0,,
115,client_resolve,client_worker,1466,3397,813349890501828,813349890590630,88802,88802,0,0,0,0,0,0,,
115,client_register,client_worker,1466,3397,813349890590630,813349890639849,49219,49219,0,0,0,0,0,0,,
115,client_encode,client_worker,1466,3397,813349890639849,813349890693339,53490,53490,0,0,0,0,0,0,,
116,server_admission,receive_thread,3421,3473,813349891560630,813349891656307,95677,95677,0,0,0,0,0,0,,
116,server_queue,target_worker,3421,3468,813349891656307,813349891748703,92396,30885,26094,35417,0,0,0,1,813349891691724,26094
116,server_queue,source_binder,3421,3473,813349891656307,813349891748703,92396,78802,0,13594,0,0,0,0,,
116,client_resume,target_worker,1466,3397,813349891852297,813349891974953,122656,27135,23698,71823,0,0,0,1,813349891924120,23698
116,client_resume,source_callback,1466,3362,813349891852297,813349891974953,122656,110052,0,12604,0,0,0,0,,
116,client_resolve,client_worker,1466,3397,813349891227505,813349891331984,104479,104479,0,0,0,0,0,0,,
116,client_register,client_worker,1466,3397,813349891331984,813349891386568,54584,54584,0,0,0,0,0,0,,
116,client_encode,client_worker,1466,3397,813349891386568,813349891450161,63593,63593,0,0,0,0,0,0,,
117,server_admission,receive_thread,3421,3473,813349892341203,813349892447089,105886,105886,0,0,0,0,0,0,,
117,server_queue,target_worker,3421,3468,813349892447089,813349892544432,97343,29062,30677,37604,0,0,0,1,813349892484693,30677
117,server_queue,source_binder,3421,3473,813349892447089,813349892544432,97343,82187,0,15156,0,0,0,0,,
117,client_resume,target_worker,1466,3397,813349892635891,813349892757193,121302,29271,25729,66302,0,0,0,1,813349892702193,25729
117,client_resume,source_callback,1466,3362,813349892635891,813349892757193,121302,108802,0,12500,0,0,0,0,,
117,client_resolve,client_worker,1466,3397,813349892049172,813349892155214,106042,106042,0,0,0,0,0,0,,
117,client_register,client_worker,1466,3397,813349892155214,813349892204953,49739,49739,0,0,0,0,0,0,,
117,client_encode,client_worker,1466,3397,813349892204953,813349892266307,61354,61354,0,0,0,0,0,0,,
118,server_admission,receive_thread,3421,3473,813349893216464,813349893311776,95312,95312,0,0,0,0,0,0,,
118,server_queue,target_worker,3421,3468,813349893311776,813349893400526,88750,25417,25104,38229,0,0,0,1,813349893350005,25104
118,server_queue,source_binder,3421,3473,813349893311776,813349893400526,88750,76458,0,12292,0,0,0,0,,
118,client_resume,target_worker,1466,3397,813349893484745,813349893664484,179739,69374,40990,69375,0,0,0,1,813349893554120,20156
118,client_resume,source_callback,1466,3362,813349893484745,813349893664484,179739,104062,0,75677,0,0,0,0,,
118,client_resolve,client_worker,1466,3397,813349892903703,813349893021359,117656,117656,0,0,0,0,0,0,,
118,client_register,client_worker,1466,3397,813349893021359,813349893082557,61198,61198,0,0,0,0,0,0,,
118,client_encode,client_worker,1466,3397,813349893082557,813349893148182,65625,65625,0,0,0,0,0,0,,
119,server_admission,receive_thread,3421,3473,813349894205161,813349894305057,99896,99896,0,0,0,0,0,0,,
119,server_queue,target_worker,3421,3468,813349894305057,813349894392505,87448,23594,27187,36667,0,0,0,1,813349894341724,27187
119,server_queue,source_binder,3421,3473,813349894305057,813349894392505,87448,76042,0,11406,0,0,0,0,,
119,client_resume,target_worker,1466,3397,813349894477661,813349894623286,145625,52343,26771,66511,0,0,0,1,813349894544172,26771
119,client_resume,source_callback,1466,3362,813349894477661,813349894623286,145625,107553,0,38072,0,0,0,0,,
119,client_resolve,client_worker,1466,3397,813349893770630,813349893883547,112917,112917,0,0,0,0,0,0,,
119,client_register,client_worker,1466,3397,813349893883547,813349893942766,59219,59219,0,0,0,0,0,0,,
119,client_encode,client_worker,1466,3397,813349893942766,813349894113703,170937,116614,54323,0,0,0,0,0,,
120,server_admission,receive_thread,3421,3473,813349895124276,813349895228234,103958,103958,0,0,0,0,0,0,,
120,server_queue,target_worker,3421,3468,813349895228234,813349895328964,100730,45053,22864,32813,0,0,0,1,813349895261047,22864
120,server_queue,source_binder,3421,3473,813349895228234,813349895328964,100730,73386,0,27344,0,0,0,0,,
120,client_resume,target_worker,1466,3397,813349895490891,813349895655266,164375,43177,31094,90104,0,0,0,1,813349895580995,31094
120,client_resume,source_callback,1466,3362,813349895490891,813349895655266,164375,147864,0,16511,0,0,0,0,,
120,client_resolve,client_worker,1466,3397,813349894716932,813349894892557,175625,158021,17604,0,0,0,0,0,,
120,client_register,client_worker,1466,3397,813349894892557,813349894964484,71927,71927,0,0,0,0,0,0,,
120,client_encode,client_worker,1466,3397,813349894964484,813349895045786,81302,81302,0,0,0,0,0,0,,
121,server_admission,receive_thread,3421,3473,813349896073547,813349896204380,130833,130833,0,0,0,0,0,0,,
121,server_queue,target_worker,3421,3468,813349896204380,813349896313026,108646,35260,26198,47188,0,0,0,1,813349896251568,26198
121,server_queue,source_binder,3421,3473,813349896204380,813349896313026,108646,88854,0,19792,0,0,0,0,,
121,client_resume,target_worker,1466,3397,813349896439693,813349896577766,138073,32084,22864,83125,0,0,0,1,813349896522818,22864
121,client_resume,source_callback,1466,3362,813349896439693,813349896577766,138073,123646,0,14427,0,0,0,0,,
121,client_resolve,client_worker,1466,3397,813349895746776,813349895857297,110521,110521,0,0,0,0,0,0,,
121,client_register,client_worker,1466,3397,813349895857297,813349895917557,60260,60260,0,0,0,0,0,0,,
121,client_encode,client_worker,1466,3397,813349895917557,813349895971568,54011,54011,0,0,0,0,0,0,,
122,server_admission,receive_thread,3421,3473,813349896979484,813349897081724,102240,102240,0,0,0,0,0,0,,
122,server_queue,target_worker,3421,3468,813349897081724,813349897182297,100573,37136,24687,38750,0,0,0,1,813349897120474,24687
122,server_queue,source_binder,3421,3473,813349897081724,813349897182297,100573,79427,0,21146,0,0,0,0,,
122,client_resume,target_worker,1466,3397,813349897328911,813349897477870,148959,39636,23854,85469,0,0,0,1,813349897414380,23854
122,client_resume,source_callback,1466,3362,813349897328911,813349897477870,148959,126771,0,22188,0,0,0,0,,
122,client_resolve,client_worker,1466,3397,813349896653130,813349896777453,124323,124323,0,0,0,0,0,0,,
122,client_register,client_worker,1466,3397,813349896777453,813349896837870,60417,60417,0,0,0,0,0,0,,
122,client_encode,client_worker,1466,3397,813349896837870,813349896900214,62344,62344,0,0,0,0,0,0,,
123,server_admission,receive_thread,3421,3473,813349897903807,813349898016151,112344,112344,0,0,0,0,0,0,,
123,server_queue,target_worker,3421,3468,813349898016151,813349898122505,106354,36666,29323,40365,0,0,0,1,813349898056516,29323
123,server_queue,source_binder,3421,3473,813349898016151,813349898122505,106354,89740,0,16614,0,0,0,0,,
123,client_resume,target_worker,1466,3397,813349898234484,813349898383182,148698,32864,24375,91459,0,0,0,1,813349898325943,24375
123,client_resume,source_callback,1466,3362,813349898234484,813349898383182,148698,135157,0,13541,0,0,0,0,,
123,client_resolve,client_worker,1466,3397,813349897577766,813349897680943,103177,103177,0,0,0,0,0,0,,
123,client_register,client_worker,1466,3397,813349897680943,813349897734016,53073,53073,0,0,0,0,0,0,,
123,client_encode,client_worker,1466,3397,813349897734016,813349897790839,56823,56823,0,0,0,0,0,0,,
124,server_admission,receive_thread,3421,3473,813349898820995,813349898921984,100989,100989,0,0,0,0,0,0,,
124,server_queue,target_worker,3421,3468,813349898921984,813349899023703,101719,34792,29635,37292,0,0,0,1,813349898959276,29635
124,server_queue,source_binder,3421,3473,813349898921984,813349899023703,101719,85052,0,16667,0,0,0,0,,
124,client_resume,target_worker,1466,3397,813349899128443,813349899263026,134583,33542,26250,74791,0,0,0,1,813349899203234,26250
124,client_resume,source_callback,1466,3362,813349899128443,813349899263026,134583,115573,0,19010,0,0,0,0,,
124,client_resolve,client_worker,1466,3397,813349898489432,813349898607818,118386,118386,0,0,0,0,0,0,,
124,client_register,client_worker,1466,3397,813349898607818,813349898663078,55260,55260,0,0,0,0,0,0,,
124,client_encode,client_worker,1466,3397,813349898663078,813349898733391,70313,70313,0,0,0,0,0,0,,
125,server_admission,receive_thread,3421,3473,813349899812089,813349899944380,132291,132291,0,0,0,0,0,0,,
125,server_queue,target_worker,3421,3468,813349899944380,813349900080266,135886,38438,50104,47344,0,0,0,1,813349899991724,50104
125,server_queue,source_binder,3421,3473,813349899944380,813349900080266,135886,115052,0,20834,0,0,0,0,,
125,client_resume,target_worker,1466,3397,813349900263964,813349900491411,227447,57135,41510,128802,0,0,0,1,813349900392766,41510
125,client_resume,source_callback,1466,3362,813349900263964,813349900491411,227447,204635,0,22812,0,0,0,0,,
125,client_resolve,client_worker,1466,3397,813349899370057,813349899552714,182657,182657,0,0,0,0,0,0,,
125,client_register,client_worker,1466,3397,813349899552714,813349899629745,77031,77031,0,0,0,0,0,0,,
125,client_encode,client_worker,1466,3397,813349899629745,813349899709589,79844,79844,0,0,0,0,0,0,,
126,server_admission,receive_thread,3421,3473,813349900926516,813349901032089,105573,105573,0,0,0,0,0,0,,
126,server_queue,target_worker,3421,3468,813349901032089,813349901170214,138125,37188,15104,85833,0,0,0,1,813349901117922,15104
126,server_queue,source_binder,3421,3473,813349901032089,813349901170214,138125,119531,0,18594,0,0,0,0,,
126,client_resume,target_worker,1466,3397,813349901295995,813349901679068,383073,49896,228750,104427,0,0,0,1,813349901400422,228750
126,client_resume,source_callback,1466,3362,813349901295995,813349901679068,383073,186302,0,196771,0,0,0,0,,
126,client_resolve,client_worker,1466,3397,813349900584328,813349900717245,132917,132917,0,0,0,0,0,0,,
126,client_register,client_worker,1466,3397,813349900717245,813349900776151,58906,58906,0,0,0,0,0,0,,
126,client_encode,client_worker,1466,3397,813349900776151,813349900835109,58958,58958,0,0,0,0,0,0,,
127,server_admission,receive_thread,3421,3453,813349902202036,813349902330422,128386,128386,0,0,0,0,0,0,,
127,server_queue,target_worker,3421,3468,813349902330422,813349902432349,101927,33646,28594,39687,0,0,0,1,813349902370109,28594
127,server_queue,source_binder,3421,3453,813349902330422,813349902432349,101927,94375,0,7552,0,0,0,0,,
127,client_resume,target_worker,1466,3397,813349902558807,813349902895005,336198,50521,190520,95157,0,0,0,1,813349902653964,190520
127,client_resume,source_callback,1466,3362,813349902558807,813349902895005,336198,145521,0,190677,0,0,0,0,,
127,client_resolve,client_worker,1466,3397,813349901757401,813349901901359,143958,143958,0,0,0,0,0,0,,
127,client_register,client_worker,1466,3397,813349901901359,813349901957036,55677,55677,0,0,0,0,0,0,,
127,client_encode,client_worker,1466,3397,813349901957036,813349902025630,68594,68594,0,0,0,0,0,0,,
128,server_admission,receive_thread,3421,3453,813349903754953,813349903876307,121354,121354,0,0,0,0,0,0,,
128,server_queue,target_worker,3421,3468,813349903876307,813349904213286,336979,48333,247969,40677,0,0,0,1,813349903916984,247969
128,server_queue,source_binder,3421,3453,813349903876307,813349904213286,336979,163802,0,173177,0,0,0,0,,
128,client_resume,target_worker,1466,3397,813349904571203,813349905124849,553646,48750,75833,429063,0,0,0,1,813349905000266,75833
128,client_resume,source_callback,1466,3362,813349904571203,813349905124849,553646,234271,270625,48750,0,0,0,0,,
128,client_resolve,client_worker,1466,3397,813349902982766,813349903128599,145833,112396,33437,0,0,0,0,0,,
128,client_register,client_worker,1466,3397,813349903128599,813349903186620,58021,58021,0,0,0,0,0,0,,
128,client_encode,client_worker,1466,3397,813349903186620,813349903247974,61354,61354,0,0,0,0,0,0,,
129,server_admission,receive_thread,3421,3453,813349905736984,813349905856099,119115,119115,0,0,0,0,0,0,,
129,server_queue,target_worker,3421,3468,813349905856099,813349905975630,119531,44635,34531,40365,0,0,0,1,813349905896464,34531
129,server_queue,source_binder,3421,3453,813349905856099,813349905975630,119531,106510,0,13021,0,0,0,0,,
129,client_resume,target_worker,1466,3397,813349906109536,813349906297922,188386,52188,28645,107553,0,0,0,1,813349906217089,28645
129,client_resume,source_callback,1466,3362,813349906109536,813349906297922,188386,161875,0,26511,0,0,0,0,,
129,client_resolve,client_worker,1466,3397,813349905224589,813349905326880,102291,102291,0,0,0,0,0,0,,
129,client_register,client_worker,1466,3397,813349905326880,813349905412141,85261,85261,0,0,0,0,0,0,,
129,client_encode,client_worker,1466,3397,813349905412141,813349905465578,53437,53437,0,0,0,0,0,0,,
130,server_admission,receive_thread,3421,3453,813349906737401,813349906862974,125573,125573,0,0,0,0,0,0,,
130,server_queue,target_worker,3421,3468,813349906862974,813349906977714,114740,43542,31250,39948,0,0,0,1,813349906902922,31250
130,server_queue,source_binder,3421,3453,813349906862974,813349906977714,114740,91667,0,23073,0,0,0,0,,
130,client_resume,target_worker,1466,3397,813349907107036,813349907312141,205105,61407,36510,107188,0,0,0,1,813349907214224,36510
130,client_resume,source_callback,1466,3362,813349907107036,813349907312141,205105,169428,0,35677,0,0,0,0,,
130,client_resolve,client_worker,1466,3397,813349906393911,813349906509693,115782,115782,0,0,0,0,0,0,,
130,client_register,client_worker,1466,3397,813349906509693,813349906565422,55729,55729,0,0,0,0,0,0,,
130,client_encode,client_worker,1466,3397,813349906565422,813349906638599,73177,73177,0,0,0,0,0,0,,
131,server_admission,receive_thread,3421,3453,813349907826620,813349907924120,97500,97500,0,0,0,0,0,0,,
131,server_queue,target_worker,3421,3468,813349907924120,813349908033234,109114,35260,27760,46094,0,0,0,1,813349907970214,27760
131,server_queue,source_binder,3421,3453,813349907924120,813349908033234,109114,94323,0,14791,0,0,0,0,,
131,client_resume,target_worker,1466,3397,813349908164484,813349908339432,174948,44271,30989,99688,0,0,0,1,813349908264172,30989
131,client_resume,source_callback,1466,3362,813349908164484,813349908339432,174948,174948,0,0,0,0,0,0,,
131,client_resolve,client_worker,1466,3397,813349907390839,813349907571099,180260,180260,0,0,0,0,0,0,,
131,client_register,client_worker,1466,3397,813349907571099,813349907656672,85573,85573,0,0,0,0,0,0,,
131,client_encode,client_worker,1466,3397,813349907656672,813349907710318,53646,53646,0,0,0,0,0,0,,
132,server_admission,receive_thread,3421,3453,813349908908964,813349909019224,110260,110260,0,0,0,0,0,0,,
132,server_queue,target_worker,3421,3468,813349909019224,813349909129536,110312,41197,31615,37500,0,0,0,1,813349909056724,31615
132,server_queue,source_binder,3421,3453,813349909019224,813349909129536,110312,88385,0,21927,0,0,0,0,,
132,client_resume,target_worker,1466,3397,813349909267245,813349909441776,174531,48802,30313,95416,0,0,0,1,813349909362661,30313
132,client_resume,source_callback,1466,3362,813349909267245,813349909441776,174531,174531,0,0,0,0,0,0,,
132,client_resolve,client_worker,1466,3397,813349908440370,813349908614589,174219,174219,0,0,0,0,0,0,,
132,client_register,client_worker,1466,3397,813349908614589,813349908702974,88385,88385,0,0,0,0,0,0,,
132,client_encode,client_worker,1466,3397,813349908702974,813349908777401,74427,74427,0,0,0,0,0,0,,
133,server_admission,receive_thread,3421,3453,813349909984641,813349910080474,95833,95833,0,0,0,0,0,0,,
133,server_queue,target_worker,3421,3468,813349910080474,813349910187922,107448,31354,44271,31823,0,0,0,1,813349910112297,44271
133,server_queue,source_binder,3421,3453,813349910080474,813349910187922,107448,76094,0,31354,0,0,0,0,,
133,client_resume,target_worker,1466,3397,813349910423807,813349910619693,195886,38698,52761,104427,0,0,0,1,813349910528234,52761
133,client_resume,source_callback,1466,3362,813349910423807,813349910619693,195886,157188,0,38698,0,0,0,0,,
133,client_resolve,client_worker,1466,3397,813349909528755,813349909722818,194063,154636,39427,0,0,0,0,0,,
133,client_register,client_worker,1466,3397,813349909722818,813349909825109,102291,102291,0,0,0,0,0,0,,
133,client_encode,client_worker,1466,3397,813349909825109,813349909883026,57917,57917,0,0,0,0,0,0,,
134,server_admission,receive_thread,3421,3473,813349911312505,813349911425318,112813,112813,0,0,0,0,0,0,,
134,server_queue,target_worker,3421,3468,813349911425318,813349911534276,108958,30208,42500,36250,0,0,0,1,813349911461568,42500
134,server_queue,source_binder,3421,3473,813349911425318,813349911534276,108958,78750,0,30208,0,0,0,0,,
134,client_resume,target_worker,1466,3397,813349911628859,813349912328651,699792,77344,528854,93594,0,0,0,1,813349911722453,528854
134,client_resume,source_callback,1466,3362,813349911628859,813349912328651,699792,178646,0,521146,0,0,0,0,,
134,client_resolve,client_worker,1466,3397,813349910698495,813349910847089,148594,148594,0,0,0,0,0,0,,
134,client_register,client_worker,1466,3397,813349910847089,813349910897714,50625,50625,0,0,0,0,0,0,,
134,client_encode,client_worker,1466,3397,813349910897714,813349910956359,58645,58645,0,0,0,0,0,0,,
135,server_admission,receive_thread,3421,3473,813349912827661,813349912937193,109532,109532,0,0,0,0,0,0,,
135,server_queue,target_worker,3421,3468,813349912937193,813349913046151,108958,34010,38855,36093,0,0,0,1,813349912973286,38855
135,server_queue,source_binder,3421,3473,813349912937193,813349913046151,108958,74948,0,34010,0,0,0,0,,
135,client_resume,target_worker,1466,3397,813349913185005,813349913391516,206511,52500,56250,97761,0,0,0,1,813349913282766,56250
135,client_resume,source_callback,1466,3362,813349913185005,813349913391516,206511,154688,0,51823,0,0,0,0,,
135,client_resolve,client_worker,1466,3397,813349912413807,813349912484901,71094,71094,0,0,0,0,0,0,,
135,client_register,client_worker,1466,3397,813349912484901,813349912543286,58385,58385,0,0,0,0,0,0,,
135,client_encode,client_worker,1466,3397,813349912543286,813349912601047,57761,57761,0,0,0,0,0,0,,
136,server_admission,receive_thread,3421,3473,813349913811203,813349913921672,110469,110469,0,0,0,0,0,0,,
136,server_queue,target_worker,3421,3468,813349913921672,813349914029536,107864,41614,30677,35573,0,0,0,1,813349913957245,30677
136,server_queue,source_binder,3421,3473,813349913921672,813349914029536,107864,90052,0,17812,0,0,0,0,,
136,client_resume,target_worker,1466,3397,813349914155526,813349914335786,180260,51510,45469,83281,0,0,0,1,813349914238807,45469
136,client_resume,source_callback,1466,3362,813349914155526,813349914335786,180260,144427,0,35833,0,0,0,0,,
136,client_resolve,client_worker,1466,3397,813349913467870,813349913599849,131979,131979,0,0,0,0,0,0,,
136,client_register,client_worker,1466,3397,813349913599849,813349913660474,60625,60625,0,0,0,0,0,0,,
136,client_encode,client_worker,1466,3397,813349913660474,813349913722766,62292,62292,0,0,0,0,0,0,,
137,server_admission,receive_thread,3421,3473,813349914784276,813349914907505,123229,123229,0,0,0,0,0,0,,
137,server_queue,target_worker,3421,3468,813349914907505,813349915010318,102813,34844,27083,40886,0,0,0,1,813349914948391,27083
137,server_queue,source_binder,3421,3473,813349914907505,813349915010318,102813,97604,0,5209,0,0,0,0,,
137,client_resume,target_worker,1466,3397,813349915137401,813349915308078,170677,41562,55157,73958,0,0,0,1,813349915211359,55157
137,client_resume,source_callback,1466,3362,813349915137401,813349915308078,170677,129115,0,41562,0,0,0,0,,
137,client_resolve,client_worker,1466,3397,813349914439328,813349914550578,111250,111250,0,0,0,0,0,0,,
137,client_register,client_worker,1466,3397,813349914550578,813349914609328,58750,58750,0,0,0,0,0,0,,
137,client_encode,client_worker,1466,3397,813349914609328,813349914690057,80729,80729,0,0,0,0,0,0,,
138,server_admission,receive_thread,3421,3473,813349915738234,813349915847089,108855,108855,0,0,0,0,0,0,,
138,server_queue,target_worker,3421,3468,813349915847089,813349915947974,100885,38646,24635,37604,0,0,0,1,813349915884693,24635
138,server_queue,source_binder,3421,3473,813349915847089,813349915947974,100885,83645,0,17240,0,0,0,0,,
138,client_resume,target_worker,1466,3397,813349916050057,813349916371203,321146,60781,26771,233594,0,0,0,1,813349916283651,26771
138,client_resume,source_callback,1466,3362,813349916050057,813349916371203,321146,206772,0,114374,0,0,0,0,,
138,client_resolve,client_worker,1466,3397,813349915385734,813349915521047,135313,135313,0,0,0,0,0,0,,
138,client_register,client_worker,1466,3397,813349915521047,813349915593911,72864,72864,0,0,0,0,0,0,,
138,client_encode,client_worker,1466,3397,813349915593911,813349915653807,59896,59896,0,0,0,0,0,0,,
139,server_admission,receive_thread,3421,3473,813349916789120,813349916882245,93125,93125,0,0,0,0,0,0,,
139,server_queue,target_worker,3421,3468,813349916882245,813349916983807,101562,39635,25208,36719,0,0,0,1,813349916918964,25208
139,server_queue,source_binder,3421,3473,813349916882245,813349916983807,101562,73698,0,27864,0,0,0,0,,
139,client_resume,target_worker,1466,3397,813349917085786,813349917238859,153073,53437,25573,74063,0,0,0,1,813349917159849,25573
139,client_resume,source_callback,1466,3362,813349917085786,813349917238859,153073,140678,0,12395,0,0,0,0,,
139,client_resolve,client_worker,1466,3397,813349916465318,813349916580734,115416,115416,0,0,0,0,0,0,,
139,client_register,client_worker,1466,3397,813349916580734,813349916651516,70782,70782,0,0,0,0,0,0,,
139,client_encode,client_worker,1466,3397,813349916651516,813349916710057,58541,58541,0,0,0,0,0,0,,
140,server_admission,receive_thread,3421,3473,813349917680474,813349917798339,117865,117865,0,0,0,0,0,0,,
140,server_queue,target_worker,3421,3468,813349917798339,813349917892245,93906,24427,26094,43385,0,0,0,1,813349917841724,26094
140,server_queue,source_binder,3421,3473,813349917798339,813349917892245,93906,87395,0,6511,0,0,0,0,,
140,client_resume,target_worker,1466,3397,813349917981672,813349918132036,150364,46718,22396,81250,0,0,0,1,813349918062922,22396
140,client_resume,source_callback,1466,3362,813349917981672,813349918132036,150364,132500,0,17864,0,0,0,0,,
140,client_resolve,client_worker,1466,3397,813349917328859,813349917450630,121771,121771,0,0,0,0,0,0,,
140,client_register,client_worker,1466,3397,813349917450630,813349917525682,75052,75052,0,0,0,0,0,0,,
140,client_encode,client_worker,1466,3397,813349917525682,813349917582036,56354,56354,0,0,0,0,0,0,,
141,server_admission,receive_thread,3421,3473,813349918616932,813349918722349,105417,105417,0,0,0,0,0,0,,
141,server_queue,target_worker,3421,3468,813349918722349,813349918892818,170469,41250,84167,45052,0,0,0,1,813349918767401,84167
141,server_queue,source_binder,3421,3473,813349918722349,813349918892818,170469,129219,0,41250,0,0,0,0,,
141,client_resume,target_worker,1466,3397,813349919176464,813349919333547,157083,55729,29532,71822,0,0,0,1,813349919248286,29532
141,client_resume,source_callback,1466,3362,813349919176464,813349919333547,157083,119322,0,37761,0,0,0,0,,
141,client_resolve,client_worker,1466,3397,813349918279797,813349918386411,106614,106614,0,0,0,0,0,0,,
141,client_register,client_worker,1466,3397,813349918386411,813349918450995,64584,64584,0,0,0,0,0,0,,
141,client_encode,client_worker,1466,3397,813349918450995,813349918506516,55521,55521,0,0,0,0,0,0,,
142,server_admission,receive_thread,3421,3473,813349920410891,813349920585057,174166,135780,38386,0,0,0,0,0,,
142,server_queue,target_worker,3421,3468,813349920585057,813349920693807,108750,43646,26041,39063,0,0,0,1,813349920624120,26041
142,server_queue,source_binder,3421,3473,813349920585057,813349920693807,108750,82084,0,26666,0,0,0,0,,
142,client_resume,target_worker,1466,3397,813349920858130,813349921023755,165625,50208,27604,87813,0,0,0,1,813349920945943,27604
142,client_resume,source_callback,1466,3362,813349920858130,813349921023755,165625,142917,22708,0,0,0,0,0,,
142,client_resolve,client_worker,1466,3397,813349919414901,813349919510943,96042,96042,0,0,0,0,0,0,,
142,client_register,client_worker,1466,3397,813349919510943,813349919563755,52812,52812,0,0,0,0,0,0,,
142,client_encode,client_worker,1466,3397,813349919563755,813349919699068,135313,110157,25156,0,0,0,0,0,,
143,server_admission,receive_thread,3421,3473,813349921428911,813349921540891,111980,111980,0,0,0,0,0,0,,
143,server_queue,target_worker,3421,3468,813349921540891,813349921670630,129739,41041,48490,40208,0,0,0,1,813349921581099,48490
143,server_queue,source_binder,3421,3473,813349921540891,813349921670630,129739,107031,0,22708,0,0,0,0,,
143,client_resume,target_worker,1466,3397,813349921815682,813349922005526,189844,47812,48750,93282,0,0,0,1,813349921908964,48750
143,client_resume,source_callback,1466,3362,813349921815682,813349922005526,189844,159688,0,30156,0,0,0,0,,
143,client_resolve,client_worker,1466,3397,813349921100786,813349921201516,100730,100730,0,0,0,0,0,0,,
143,client_register,client_worker,1466,3397,813349921201516,813349921291047,89531,89531,0,0,0,0,0,0,,
143,client_encode,client_worker,1466,3397,813349921291047,813349921342609,51562,51562,0,0,0,0,0,0,,
144,server_admission,receive_thread,3421,3473,813349922461099,813349922568182,107083,107083,0,0,0,0,0,0,,
144,server_queue,target_worker,3421,3468,813349922568182,813349922665422,97240,36615,25104,35521,0,0,0,1,813349922603703,25104
144,server_queue,source_binder,3421,3473,813349922568182,813349922665422,97240,75938,0,21302,0,0,0,0,,
144,client_resume,target_worker,1466,3397,813349922763130,813349922962453,199323,62656,42188,94479,0,0,0,1,813349922857609,42188
144,client_resume,source_callback,1466,3362,813349922763130,813349922962453,199323,143386,0,55937,0,0,0,0,,
144,client_resolve,client_worker,1466,3397,813349922119380,813349922262505,143125,143125,0,0,0,0,0,0,,
144,client_register,client_worker,1466,3397,813349922262505,813349922321255,58750,58750,0,0,0,0,0,0,,
144,client_encode,client_worker,1466,3397,813349922321255,813349922380161,58906,58906,0,0,0,0,0,0,,
145,server_admission,receive_thread,3421,3473,813349923345318,813349923437349,92031,92031,0,0,0,0,0,0,,
145,server_queue,target_worker,3421,3468,813349923437349,813349923533130,95781,39531,23906,32344,0,0,0,1,813349923469693,23906
145,server_queue,source_binder,3421,3473,813349923437349,813349923533130,95781,73385,0,22396,0,0,0,0,,
145,client_resume,target_worker,1466,3397,813349923626516,813349923825161,198645,40104,86458,72083,0,0,0,1,813349923698599,86458
145,client_resume,source_callback,1466,3362,813349923626516,813349923825161,198645,158541,0,40104,0,0,0,0,,
145,client_resolve,client_worker,1466,3397,813349923033547,813349923137141,103594,103594,0,0,0,0,0,0,,
145,client_register,client_worker,1466,3397,813349923137141,813349923215734,78593,78593,0,0,0,0,0,0,,
145,client_encode,client_worker,1466,3397,813349923215734,813349923273495,57761,57761,0,0,0,0,0,0,,
146,server_admission,receive_thread,3421,3473,813349924390214,813349924495214,105000,105000,0,0,0,0,0,0,,
146,server_queue,target_worker,3421,3468,813349924495214,813349924582974,87760,32604,21875,33281,0,0,0,1,813349924528495,21875
146,server_queue,source_binder,3421,3473,813349924495214,813349924582974,87760,73020,0,14740,0,0,0,0,,
146,client_resume,target_worker,1466,3397,813349924674068,813349924837453,163385,40729,44479,78177,0,0,0,1,813349924752245,44479
146,client_resume,source_callback,1466,3362,813349924674068,813349924837453,163385,144896,0,18489,0,0,0,0,,
146,client_resolve,client_worker,1466,3397,813349923908443,813349924038651,130208,130208,0,0,0,0,0,0,,
146,client_register,client_worker,1466,3397,813349924038651,813349924239432,200781,142604,58177,0,0,0,0,0,,
146,client_encode,client_worker,1466,3397,813349924239432,813349924308495,69063,69063,0,0,0,0,0,0,,
147,server_admission,receive_thread,3421,3473,813349925211568,813349925314693,103125,103125,0,0,0,0,0,0,,
147,server_queue,target_worker,3421,3468,813349925314693,813349925407401,92708,36302,23229,33177,0,0,0,1,813349925347870,23229
147,server_queue,source_binder,3421,3473,813349925314693,813349925407401,92708,72500,0,20208,0,0,0,0,,
147,client_resume,target_worker,1466,3397,813349925497870,813349925660943,163073,41198,54479,67396,0,0,0,1,813349925565266,54479
147,client_resume,source_callback,1466,3362,813349925497870,813349925660943,163073,121875,0,41198,0,0,0,0,,
147,client_resolve,client_worker,1466,3397,813349924912974,813349925023703,110729,110729,0,0,0,0,0,0,,
147,client_register,client_worker,1466,3397,813349925023703,813349925080318,56615,56615,0,0,0,0,0,0,,
147,client_encode,client_worker,1466,3397,813349925080318,813349925135161,54843,54843,0,0,0,0,0,0,,
148,server_admission,receive_thread,3421,3473,813349926049224,813349926153547,104323,104323,0,0,0,0,0,0,,
148,server_queue,target_worker,3421,3468,813349926153547,813349926242505,88958,32552,20104,36302,0,0,0,1,813349926189849,20104
148,server_queue,source_binder,3421,3473,813349926153547,813349926242505,88958,73698,0,15260,0,0,0,0,,
148,client_resume,target_worker,1466,3397,813349926343703,813349926519380,175677,60469,29687,85521,0,0,0,1,813349926429224,29687
148,client_resume,source_callback,1466,3362,813349926343703,813349926519380,175677,161302,0,14375,0,0,0,0,,
148,client_resolve,client_worker,1466,3397,813349925735370,813349925846932,111562,111562,0,0,0,0,0,0,,
148,client_register,client_worker,1466,3397,813349925846932,813349925908495,61563,61563,0,0,0,0,0,0,,
148,client_encode,client_worker,1466,3397,813349925908495,813349925978391,69896,69896,0,0,0,0,0,0,,
149,server_admission,receive_thread,3421,3473,813349926926568,813349927038078,111510,111510,0,0,0,0,0,0,,
149,server_queue,target_worker,3421,3468,813349927038078,813349927143443,105365,40782,26979,37604,0,0,0,1,813349927075682,26979
149,server_queue,source_binder,3421,3473,813349927038078,813349927143443,105365,85886,19479,0,0,0,0,0,,
149,client_resume,target_worker,1466,3397,813349927347661,813349927511984,164323,45312,29011,90000,0,0,0,1,813349927437661,29011
149,client_resume,source_callback,1466,3362,813349927347661,813349927511984,164323,146250,0,18073,0,0,0,0,,
149,client_resolve,client_worker,1466,3397,813349926592922,813349926728651,135729,135729,0,0,0,0,0,0,,
149,client_register,client_worker,1466,3397,813349926728651,813349926792661,64010,64010,0,0,0,0,0,0,,
149,client_encode,client_worker,1466,3397,813349926792661,813349926840422,47761,47761,0,0,0,0,0,0,,
150,server_admission,receive_thread,3421,3473,813349927913703,813349928130109,216406,192187,24219,0,0,0,0,0,,
150,server_queue,target_worker,3421,3468,813349928130109,813349928271984,141875,39531,18281,84063,0,0,0,1,813349928214172,18281
150,server_queue,source_binder,3421,3473,813349928130109,813349928271984,141875,107970,33905,0,0,0,0,0,,
150,client_resume,target_worker,1466,3397,813349928386828,813349928615682,228854,43958,20469,164427,0,0,0,1,813349928551255,20469
150,client_resume,source_callback,1466,3362,813349928386828,813349928615682,228854,157083,45938,25833,0,0,0,0,,
150,client_resolve,client_worker,1466,3397,813349927591620,813349927692505,100885,100885,0,0,0,0,0,0,,
150,client_register,client_worker,1466,3397,813349927692505,813349927763443,70938,70938,0,0,0,0,0,0,,
150,client_encode,client_worker,1466,3397,813349927763443,813349927819589,56146,56146,0,0,0,0,0,0,,
151,server_admission,receive_thread,3421,3473,813349929109276,813349929219016,109740,109740,0,0,0,0,0,0,,
151,server_queue,target_worker,3421,3468,813349929219016,813349929323130,104114,34844,27291,41979,0,0,0,1,813349929260995,27291
151,server_queue,source_binder,3421,3473,813349929219016,813349929323130,104114,86770,0,17344,0,0,0,0,,
151,client_resume,target_worker,1466,3397,813349929430578,813349929591620,161042,47240,24896,88906,0,0,0,1,813349929519484,24896
151,client_resume,source_callback,1466,3362,813349929430578,813349929591620,161042,131927,0,29115,0,0,0,0,,
151,client_resolve,client_worker,1466,3397,813349928706151,813349928894224,188073,158646,29427,0,0,0,0,0,,
151,client_register,client_worker,1466,3397,813349928894224,813349928974589,80365,80365,0,0,0,0,0,0,,
151,client_encode,client_worker,1466,3397,813349928974589,813349929025318,50729,50729,0,0,0,0,0,0,,
152,server_admission,receive_thread,3421,3473,813349930007401,813349930098547,91146,91146,0,0,0,0,0,0,,
152,server_queue,target_worker,3421,3468,813349930098547,813349930192349,93802,35417,23854,34531,0,0,0,1,813349930133078,23854
152,server_queue,source_binder,3421,3473,813349930098547,813349930192349,93802,75937,0,17865,0,0,0,0,,
152,client_resume,target_worker,1466,3397,813349930301203,813349930469693,168490,45834,27083,95573,0,0,0,1,813349930396776,27083
152,client_resume,source_callback,1466,3362,813349930301203,813349930469693,168490,140886,0,27604,0,0,0,0,,
152,client_resolve,client_worker,1466,3397,813349929675682,813349929796724,121042,121042,0,0,0,0,0,0,,
152,client_register,client_worker,1466,3397,813349929796724,813349929877193,80469,80469,0,0,0,0,0,0,,
152,client_encode,client_worker,1466,3397,813349929877193,813349929930266,53073,53073,0,0,0,0,0,0,,
153,server_admission,receive_thread,3421,3473,813349930915370,813349931011255,95885,95885,0,0,0,0,0,0,,
153,server_queue,target_worker,3421,3468,813349931011255,813349931110474,99219,35313,30364,33542,0,0,0,1,813349931044797,30364
153,server_queue,source_binder,3421,3473,813349931011255,813349931110474,99219,84219,0,15000,0,0,0,0,,
153,client_resume,target_worker,1466,3397,813349931230682,813349931408651,177969,49427,29948,98594,0,0,0,1,813349931329276,29948
153,client_resume,source_callback,1466,3362,813349931230682,813349931408651,177969,147604,0,30365,0,0,0,0,,
153,client_resolve,client_worker,1466,3397,813349930556411,813349930681776,125365,125365,0,0,0,0,0,0,,
153,client_register,client_worker,1466,3397,813349930681776,813349930764693,82917,82917,0,0,0,0,0,0,,
153,client_encode,client_worker,1466,3397,813349930764693,813349930830526,65833,65833,0,0,0,0,0,0,,
154,server_admission,receive_thread,3421,3473,813349931897922,813349932018234,120312,120312,0,0,0,0,0,0,,
154,server_queue,target_worker,3421,3468,813349932018234,813349932143078,124844,36354,33594,54896,0,0,0,1,813349932073130,33594
154,server_queue,source_binder,3421,3473,813349932018234,813349932143078,124844,124844,0,0,0,0,0,0,,
154,client_resume,target_worker,1466,3397,813349932232036,813349932448755,216719,65781,48177,102761,0,0,0,1,813349932334797,48177
154,client_resume,source_callback,1466,3362,813349932232036,813349932448755,216719,159115,0,57604,0,0,0,0,,
154,client_resolve,client_worker,1466,3397,813349931496724,813349931606724,110000,110000,0,0,0,0,0,0,,
154,client_register,client_worker,1466,3397,813349931606724,813349931691776,85052,85052,0,0,0,0,0,0,,
154,client_encode,client_worker,1466,3397,813349931691776,813349931798547,106771,106771,0,0,0,0,0,0,,
155,server_admission,receive_thread,3421,3473,813349932881359,813349932988755,107396,107396,0,0,0,0,0,0,,
155,server_queue,target_worker,3421,3468,813349932988755,813349933086047,97292,33438,25416,38438,0,0,0,1,813349933027193,25416
155,server_queue,source_binder,3421,3473,813349932988755,813349933086047,97292,86927,0,10365,0,0,0,0,,
155,client_resume,target_worker,1466,3397,813349933175266,813349933418391,243125,66459,95364,81302,0,0,0,1,813349933256568,95364
155,client_resume,source_callback,1466,3362,813349933175266,813349933418391,243125,176666,0,66459,0,0,0,0,,
155,client_resolve,client_worker,1466,3397,813349932543651,813349932657193,113542,113542,0,0,0,0,0,0,,
155,client_register,client_worker,1466,3397,813349932657193,813349932738807,81614,81614,0,0,0,0,0,0,,
155,client_encode,client_worker,1466,3397,813349932738807,813349932797557,58750,58750,0,0,0,0,0,0,,
156,server_admission,receive_thread,3421,3473,813349933898339,813349934003964,105625,105625,0,0,0,0,0,0,,
156,server_queue,target_worker,3421,3468,813349934003964,813349934099380,95416,31094,25885,38437,0,0,0,1,813349934042401,25885
156,server_queue,source_binder,3421,3473,813349934003964,813349934099380,95416,86718,0,8698,0,0,0,0,,
156,client_resume,target_worker,1466,3397,813349934193339,813349934370161,176822,44635,37812,94375,0,0,0,1,813349934287714,37812
156,client_resume,source_callback,1466,3362,813349934193339,813349934370161,176822,152656,0,24166,0,0,0,0,,
156,client_resolve,client_worker,1466,3397,813349933514016,813349933665161,151145,151145,0,0,0,0,0,0,,
156,client_register,client_worker,1466,3397,813349933665161,813349933745995,80834,80834,0,0,0,0,0,0,,
156,client_encode,client_worker,1466,3397,813349933745995,813349933808599,62604,62604,0,0,0,0,0,0,,
157,server_admission,receive_thread,3421,3473,813349934822141,813349934925734,103593,103593,0,0,0,0,0,0,,
157,server_queue,target_worker,3421,3468,813349934925734,813349935026828,101094,34896,27968,38230,0,0,0,1,813349934963964,27968
157,server_queue,source_binder,3421,3473,813349934925734,813349935026828,101094,85625,0,15469,0,0,0,0,,
157,client_resume,target_worker,1466,3397,813349935121984,813349935282505,160521,45052,38021,77448,0,0,0,1,813349935199432,38021
157,client_resume,source_callback,1466,3362,813349935121984,813349935282505,160521,122032,0,38489,0,0,0,0,,
157,client_resolve,client_worker,1466,3397,813349934472193,813349934606568,134375,134375,0,0,0,0,0,0,,
157,client_register,client_worker,1466,3397,813349934606568,813349934688964,82396,82396,0,0,0,0,0,0,,
157,client_encode,client_worker,1466,3397,813349934688964,813349934744172,55208,55208,0,0,0,0,0,0,,
158,server_admission,receive_thread,3421,3473,813349935660995,813349935764120,103125,103125,0,0,0,0,0,0,,
158,server_queue,target_worker,3421,3468,813349935764120,813349935855214,91094,33282,22604,35208,0,0,0,1,813349935799328,22604
158,server_queue,source_binder,3421,3473,813349935764120,813349935855214,91094,75989,0,15105,0,0,0,0,,
158,client_resume,target_worker,1466,3397,813349936033286,813349936291776,258490,50156,71094,137240,0,0,0,1,813349936170526,71094
158,client_resume,source_callback,1466,3362,813349936033286,813349936291776,258490,239063,19427,0,0,0,0,0,,
158,client_resolve,client_worker,1466,3397,813349935370370,813349935463755,93385,93385,0,0,0,0,0,0,,
158,client_register,client_worker,1466,3397,813349935463755,813349935531724,67969,67969,0,0,0,0,0,0,,
158,client_encode,client_worker,1466,3397,813349935531724,813349935590370,58646,58646,0,0,0,0,0,0,,
159,server_admission,receive_thread,3421,3473,813349936700266,813349936925578,225312,173854,51458,0,0,0,0,0,,
159,server_queue,target_worker,3421,3468,813349936925578,813349937187036,261458,102656,121458,37344,0,0,0,1,813349936962922,104687
159,server_queue,source_binder,3421,3473,813349936925578,813349937187036,261458,142031,0,119427,0,0,0,0,,
159,client_resume,target_worker,1466,3397,813349937332401,813349937525214,192813,54584,32344,105885,0,0,0,1,813349937438286,32344
159,client_resume,source_callback,1466,3362,813349937332401,813349937525214,192813,162292,0,30521,0,0,0,0,,
159,client_resolve,client_worker,1466,3397,813349936377297,813349936504120,126823,126823,0,0,0,0,0,0,,
159,client_register,client_worker,1466,3397,813349936504120,813349936576880,72760,72760,0,0,0,0,0,0,,
159,client_encode,client_worker,1466,3397,813349936576880,813349936623547,46667,46667,0,0,0,0,0,0,,
160,server_admission,receive_thread,3421,3473,813349937942401,813349938044849,102448,102448,0,0,0,0,0,0,,
160,server_queue,target_worker,3421,3468,813349938044849,813349938143339,98490,38698,23802,35990,0,0,0,1,813349938080839,23802
160,server_queue,source_binder,3421,3473,813349938044849,813349938143339,98490,76771,0,21719,0,0,0,0,,
160,client_resume,target_worker,1466,3397,813349938246047,813349938444120,198073,60573,47136,90364,0,0,0,1,813349938336411,47136
160,client_resume,source_callback,1466,3362,813349938246047,813349938444120,198073,158750,0,39323,0,0,0,0,,
160,client_resolve,client_worker,1466,3397,813349937629484,813349937741620,112136,112136,0,0,0,0,0,0,,
160,client_register,client_worker,1466,3397,813349937741620,813349937806307,64687,64687,0,0,0,0,0,0,,
160,client_encode,client_worker,1466,3397,813349937806307,813349937861203,54896,54896,0,0,0,0,0,0,,
161,server_admission,receive_thread,3421,3473,813349938843599,813349938943234,99635,99635,0,0,0,0,0,0,,
161,server_queue,target_worker,3421,3468,813349938943234,813349939037245,94011,34115,24375,35521,0,0,0,1,813349938978755,24375
161,server_queue,source_binder,3421,3473,813349938943234,813349939037245,94011,77500,0,16511,0,0,0,0,,
161,client_resume,target_worker,1466,3397,813349939305682,813349939579016,273334,51563,127292,94479,0,0,0,1,813349939400161,127292
161,client_resume,source_callback,1466,3362,813349939305682,813349939579016,273334,221771,0,51563,0,0,0,0,,
161,client_resolve,client_worker,1466,3397,813349938536047,813349938652245,116198,116198,0,0,0,0,0,0,,
161,client_register,client_worker,1466,3397,813349938652245,813349938711255,59010,59010,0,0,0,0,0,0,,
161,client_encode,client_worker,1466,3397,813349938711255,813349938764953,53698,53698,0,0,0,0,0,0,,
162,server_admission,receive_thread,3421,3473,813349940004484,813349940156620,152136,152136,0,0,0,0,0,0,,
162,server_queue,target_worker,3421,3468,813349940156620,813349940255839,99219,35209,23594,40416,0,0,0,1,813349940197036,23594
162,server_queue,source_binder,3421,3473,813349940156620,813349940255839,99219,84166,0,15053,0,0,0,0,,
162,client_resume,target_worker,1466,3397,813349940381568,813349940604901,223333,52187,27084,144062,0,0,0,1,813349940525630,27084
162,client_resume,source_callback,1466,3362,813349940381568,813349940604901,223333,195052,0,28281,0,0,0,0,,
162,client_resolve,client_worker,1466,3397,813349939679432,813349939790786,111354,111354,0,0,0,0,0,0,,
162,client_register,client_worker,1466,3397,813349939790786,813349939864484,73698,73698,0,0,0,0,0,0,,
162,client_encode,client_worker,1466,3397,813349939864484,813349939924589,60105,60105,0,0,0,0,0,0,,
163,server_admission,receive_thread,3421,3473,813349941046880,813349941156151,109271,109271,0,0,0,0,0,0,,
163,server_queue,target_worker,3421,3468,813349941156151,813349941259797,103646,33698,26563,43385,0,0,0,1,813349941199536,26563
163,server_queue,source_binder,3421,3473,813349941156151,813349941259797,103646,90625,0,13021,0,0,0,0,,
163,client_resume,target_worker,1466,3397,813349941365266,813349941537349,172083,50313,32812,88958,0,0,0,1,813349941454224,32812
163,client_resume,source_callback,1466,3362,813349941365266,813349941537349,172083,146354,0,25729,0,0,0,0,,
163,client_resolve,client_worker,1466,3397,813349940727245,813349940841464,114219,114219,0,0,0,0,0,0,,
163,client_register,client_worker,1466,3397,813349940841464,813349940916828,75364,75364,0,0,0,0,0,0,,
163,client_encode,client_worker,1466,3397,813349940916828,813349940970474,53646,53646,0,0,0,0,0,0,,
164,server_admission,receive_thread,3421,3473,813349941948755,813349942067401,118646,118646,0,0,0,0,0,0,,
164,server_queue,target_worker,3421,3468,813349942067401,813349942166672,99271,33854,24427,40990,0,0,0,1,813349942108391,24427
164,server_queue,source_binder,3421,3473,813349942067401,813349942166672,99271,87552,0,11719,0,0,0,0,,
164,client_resume,target_worker,1466,3397,813349942259276,813349942427974,168698,60365,29166,79167,0,0,0,1,813349942338443,29166
164,client_resume,source_callback,1466,3362,813349942259276,813349942427974,168698,120156,0,48542,0,0,0,0,,
164,client_resolve,client_worker,1466,3397,813349941634276,813349941750734,116458,116458,0,0,0,0,0,0,,
164,client_register,client_worker,1466,3397,813349941750734,813349941810839,60105,60105,0,0,0,0,0,0,,
164,client_encode,client_worker,1466,3397,813349941810839,813349941867401,56562,56562,0,0,0,0,0,0,,
165,server_admission,receive_thread,3421,3473,813349942888026,813349942992453,104427,104427,0,0,0,0,0,0,,
165,server_queue,target_worker,3421,3468,813349942992453,813349943091464,99011,35209,25104,38698,0,0,0,1,813349943031151,25104
165,server_queue,source_binder,3421,3473,813349942992453,813349943091464,99011,83542,0,15469,0,0,0,0,,
165,client_resume,target_worker,1466,3397,813349943183182,813349943341516,158334,47969,28438,81927,0,0,0,1,813349943265109,28438
165,client_resume,source_callback,1466,3362,813349943183182,813349943341516,158334,122813,0,35521,0,0,0,0,,
165,client_resolve,client_worker,1466,3397,813349942535526,813349942667974,132448,132448,0,0,0,0,0,0,,
165,client_register,client_worker,1466,3397,813349942667974,813349942746776,78802,78802,0,0,0,0,0,0,,
165,client_encode,client_worker,1466,3397,813349942746776,813349942800422,53646,53646,0,0,0,0,0,0,,
166,server_admission,receive_thread,3421,3473,813349943735891,813349943831828,95937,95937,0,0,0,0,0,0,,
166,server_queue,target_worker,3421,3468,813349943831828,813349943926828,95000,33437,25573,35990,0,0,0,1,813349943867818,25573
166,server_queue,source_binder,3421,3473,813349943831828,813349943926828,95000,79792,0,15208,0,0,0,0,,
166,client_resume,target_worker,1466,3397,813349944183964,813349944353911,169947,46979,42760,80208,0,0,0,1,813349944264172,42760
166,client_resume,source_callback,1466,3362,813349944183964,813349944353911,169947,122968,0,46979,0,0,0,0,,
166,client_resolve,client_worker,1466,3397,813349943426516,813349943529536,103020,103020,0,0,0,0,0,0,,
166,client_register,client_worker,1466,3397,813349943529536,813349943604172,74636,74636,0,0,0,0,0,0,,
166,client_encode,client_worker,1466,3397,813349943604172,813349943662453,58281,58281,0,0,0,0,0,0,,
167,server_admission,receive_thread,3421,3473,813349944754328,813349944850005,95677,95677,0,0,0,0,0,0,,
167,server_queue,target_worker,3421,3468,813349944850005,813349944950839,100834,34011,34896,31927,0,0,0,1,813349944881932,34896
167,server_queue,source_binder,3421,3473,813349944850005,813349944950839,100834,76198,0,24636,0,0,0,0,,
167,client_resume,target_worker,1466,3397,813349945080109,813349945255734,175625,50052,28021,97552,0,0,0,1,813349945177661,28021
167,client_resume,source_callback,1466,3362,813349945080109,813349945255734,175625,150730,0,24895,0,0,0,0,,
167,client_resolve,client_worker,1466,3397,813349944431464,813349944548339,116875,116875,0,0,0,0,0,0,,
167,client_register,client_worker,1466,3397,813349944548339,813349944624953,76614,76614,0,0,0,0,0,0,,
167,client_encode,client_worker,1466,3397,813349944624953,813349944682714,57761,57761,0,0,0,0,0,0,,
168,server_admission,receive_thread,3421,3473,813349945728547,813349945846984,118437,118437,0,0,0,0,0,0,,
168,server_queue,target_worker,3421,3468,813349945846984,813349945944901,97917,38073,22292,37552,0,0,0,1,813349945884536,22292
168,server_queue,source_binder,3421,3473,813349945846984,813349945944901,97917,74844,0,23073,0,0,0,0,,
168,client_resume,target_worker,1466,3397,813349946203859,813349946425161,221302,54322,74948,92032,0,0,0,1,813349946295891,74948
168,client_resume,source_callback,1466,3362,813349946203859,813349946425161,221302,166980,0,54322,0,0,0,0,,
168,client_resolve,client_worker,1466,3397,813349945355318,813349945453755,98437,98437,0,0,0,0,0,0,,
168,client_register,client_worker,1466,3397,813349945453755,813349945529432,75677,75677,0,0,0,0,0,0,,
168,client_encode,client_worker,1466,3397,813349945529432,813349945643859,114427,91302,23125,0,0,0,0,0,,
169,server_admission,receive_thread,3421,3473,813349946830005,813349946929693,99688,99688,0,0,0,0,0,0,,
169,server_queue,target_worker,3421,3468,813349946929693,813349947033495,103802,40573,25365,37864,0,0,0,1,813349946967557,25365
169,server_queue,source_binder,3421,3473,813349946929693,813349947033495,103802,80000,0,23802,0,0,0,0,,
169,client_resume,target_worker,1466,3397,813349947166047,813349947399641,233594,65625,65677,102292,0,0,0,1,813349947268339,65677
169,client_resume,source_callback,1466,3362,813349947166047,813349947399641,233594,166354,0,67240,0,0,0,0,,
169,client_resolve,client_worker,1466,3397,813349946501932,813349946608964,107032,107032,0,0,0,0,0,0,,
169,client_register,client_worker,1466,3397,813349946608964,813349946677818,68854,68854,0,0,0,0,0,0,,
169,client_encode,client_worker,1466,3397,813349946677818,813349946750526,72708,72708,0,0,0,0,0,0,,
170,server_admission,receive_thread,3421,3473,813349947869536,813349947974849,105313,105313,0,0,0,0,0,0,,
170,server_queue,target_worker,3421,3468,813349947974849,813349948073651,98802,35469,25521,37812,0,0,0,1,813349948012661,25521
170,server_queue,source_binder,3421,3473,813349947974849,813349948073651,98802,81667,0,17135,0,0,0,0,,
170,client_resume,target_worker,1466,3397,813349948212974,813349948420057,207083,65937,46875,94271,0,0,0,1,813349948307245,46875
170,client_resume,source_callback,1466,3362,813349948212974,813349948420057,207083,148385,0,58698,0,0,0,0,,
170,client_resolve,client_worker,1466,3397,813349947498339,813349947665422,167083,167083,0,0,0,0,0,0,,
170,client_register,client_worker,1466,3397,813349947665422,813349947734641,69219,69219,0,0,0,0,0,0,,
170,client_encode,client_worker,1466,3397,813349947734641,813349947792141,57500,57500,0,0,0,0,0,0,,
171,server_admission,receive_thread,3421,3473,813349948832974,813349948933911,100937,100937,0,0,0,0,0,0,,
171,server_queue,target_worker,3421,3468,813349948933911,813349949033130,99219,34427,25521,39271,0,0,0,1,813349948973182,25521
171,server_queue,source_binder,3421,3473,813349948933911,813349949033130,99219,83750,0,15469,0,0,0,0,,
171,client_resume,target_worker,1466,3397,813349949128234,813349949287401,159167,52917,28073,78177,0,0,0,1,813349949206411,28073
171,client_resume,source_callback,1466,3362,813349949128234,813349949287401,159167,115677,0,43490,0,0,0,0,,
171,client_resolve,client_worker,1466,3397,813349948509484,813349948621411,111927,111927,0,0,0,0,0,0,,
171,client_register,client_worker,1466,3397,813349948621411,813349948697036,75625,75625,0,0,0,0,0,0,,
171,client_encode,client_worker,1466,3397,813349948697036,813349948756411,59375,59375,0,0,0,0,0,0,,
172,server_admission,receive_thread,3421,3473,813349949690786,813349949807505,116719,116719,0,0,0,0,0,0,,
172,server_queue,target_worker,3421,3468,813349949807505,813349949906776,99271,33437,27500,38334,0,0,0,1,813349949845839,27500
172,server_queue,source_binder,3421,3473,813349949807505,813349949906776,99271,99271,0,0,0,0,0,0,,
172,client_resume,target_worker,1466,3397,813349950162974,813349950364016,201042,54740,46198,100104,0,0,0,1,813349950263078,46198
172,client_resume,source_callback,1466,3362,813349950162974,813349950364016,201042,164635,0,36407,0,0,0,0,,
172,client_resolve,client_worker,1466,3397,813349949368599,813349949490057,121458,121458,0,0,0,0,0,0,,
172,client_register,client_worker,1466,3397,813349949490057,813349949559328,69271,69271,0,0,0,0,0,0,,
172,client_encode,client_worker,1466,3397,813349949559328,813349949614484,55156,55156,0,0,0,0,0,0,,
173,server_admission,receive_thread,3421,3473,813349950886880,813349950991984,105104,105104,0,0,0,0,0,0,,
173,server_queue,target_worker,3421,3468,813349950991984,813349951087714,95730,31719,25625,38386,0,0,0,1,813349951030370,25625
173,server_queue,source_binder,3421,3473,813349950991984,813349951087714,95730,84844,0,10886,0,0,0,0,,
173,client_resume,target_worker,1466,3397,813349951196620,813349951395630,199010,61510,40209,97291,0,0,0,1,813349951293911,40209
173,client_resume,source_callback,1466,3362,813349951196620,813349951395630,199010,160781,0,38229,0,0,0,0,,
173,client_resolve,client_worker,1466,3397,813349950474536,813349950636984,162448,162448,0,0,0,0,0,0,,
173,client_register,client_worker,1466,3397,813349950636984,813349950724120,87136,87136,0,0,0,0,0,0,,
173,client_encode,client_worker,1466,3397,813349950724120,813349950789380,65260,65260,0,0,0,0,0,0,,
174,server_admission,receive_thread,3421,3473,813349951825786,813349951925474,99688,99688,0,0,0,0,0,0,,
174,server_queue,target_worker,3421,3468,813349951925474,813349952051307,125833,66875,23906,35052,0,0,0,1,813349951960526,23906
174,server_queue,source_binder,3421,3473,813349951925474,813349952051307,125833,75677,0,50156,0,0,0,0,,
174,client_resume,target_worker,1466,3397,813349952328026,813349952534016,205990,55417,54896,95677,0,0,0,1,813349952423703,54896
174,client_resume,source_callback,1466,3362,813349952328026,813349952534016,205990,157135,0,48855,0,0,0,0,,
174,client_resolve,client_worker,1466,3397,813349951488078,813349951617922,129844,129844,0,0,0,0,0,0,,
174,client_register,client_worker,1466,3397,813349951617922,813349951697870,79948,79948,0,0,0,0,0,0,,
174,client_encode,client_worker,1466,3397,813349951697870,813349951745578,47708,47708,0,0,0,0,0,0,,
175,server_admission,receive_thread,3421,3473,813349953175630,813349953277141,101511,101511,0,0,0,0,0,0,,
175,server_queue,target_worker,3421,3468,813349953277141,813349953427766,150625,44740,70417,35468,0,0,0,1,813349953312609,70417
175,server_queue,source_binder,3421,3473,813349953277141,813349953427766,150625,109270,0,41355,0,0,0,0,,
175,client_resume,target_worker,1466,3397,813349953536828,813349953707714,170886,50782,27291,92813,0,0,0,1,813349953629641,27291
175,client_resume,source_callback,1466,3362,813349953536828,813349953707714,170886,137136,0,33750,0,0,0,0,,
175,client_resolve,client_worker,1466,3397,813349952637714,813349952775682,137968,137968,0,0,0,0,0,0,,
175,client_register,client_worker,1466,3397,813349952775682,813349952937974,162292,141667,20625,0,0,0,0,0,,
175,client_encode,client_worker,1466,3397,813349952937974,813349953066359,128385,109791,18594,0,0,0,0,0,,
176,server_admission,receive_thread,3421,3473,813349954174120,813349954288859,114739,114739,0,0,0,0,0,0,,
176,server_queue,target_worker,3421,3468,813349954288859,813349954384589,95730,30157,27239,38334,0,0,0,1,813349954327193,27239
176,server_queue,source_binder,3421,3473,813349954288859,813349954384589,95730,83073,0,12657,0,0,0,0,,
176,client_resume,target_worker,1466,3397,813349954491255,813349954712609,221354,47187,83542,90625,0,0,0,1,813349954581880,83542
176,client_resume,source_callback,1466,3362,813349954491255,813349954712609,221354,174167,0,47187,0,0,0,0,,
176,client_resolve,client_worker,1466,3397,813349953820266,813349953952297,132031,132031,0,0,0,0,0,0,,
176,client_register,client_worker,1466,3397,813349953952297,813349954020578,68281,68281,0,0,0,0,0,0,,
176,client_encode,client_worker,1466,3397,813349954020578,813349954071203,50625,50625,0,0,0,0,0,0,,
177,server_admission,receive_thread,3421,3473,813349955189745,813349955305839,116094,116094,0,0,0,0,0,0,,
177,server_queue,target_worker,3421,3468,813349955305839,813349955444224,138385,40521,55729,42135,0,0,0,1,813349955347974,55729
177,server_queue,source_binder,3421,3473,813349955305839,813349955444224,138385,138385,0,0,0,0,0,0,,
177,client_resume,target_worker,1466,3397,813349955584276,813349955784016,199740,57969,49948,91823,0,0,0,1,813349955676099,49948
177,client_resume,source_callback,1466,3362,813349955584276,813349955784016,199740,156667,0,43073,0,0,0,0,,
177,client_resolve,client_worker,1466,3397,813349954806255,813349954963391,157136,157136,0,0,0,0,0,0,,
177,client_register,client_worker,1466,3397,813349954963391,813349955032609,69218,69218,0,0,0,0,0,0,,
177,client_encode,client_worker,1466,3397,813349955032609,813349955095005,62396,62396,0,0,0,0,0,0,,
178,server_admission,receive_thread,3421,3473,813349956295943,813349956401672,105729,105729,0,0,0,0,0,0,,
178,server_queue,target_worker,3421,3468,813349956401672,813349956504432,102760,37708,26042,39010,0,0,0,1,813349956440682,26042
178,server_queue,source_binder,3421,3473,813349956401672,813349956504432,102760,90833,0,11927,0,0,0,0,,
178,client_resume,target_worker,1466,3397,813349956607818,813349956790682,182864,55625,44010,83229,0,0,0,1,813349956691047,44010
178,client_resume,source_callback,1466,3362,813349956607818,813349956790682,182864,132916,0,49948,0,0,0,0,,
178,client_resolve,client_worker,1466,3397,813349955886411,813349956016516,130105,130105,0,0,0,0,0,0,,
178,client_register,client_worker,1466,3397,813349956016516,813349956086099,69583,69583,0,0,0,0,0,0,,
178,client_encode,client_worker,1466,3397,813349956086099,813349956176984,90885,90885,0,0,0,0,0,0,,
179,server_admission,receive_thread,3421,3473,813349957249745,813349957381099,131354,131354,0,0,0,0,0,0,,
179,server_queue,target_worker,3421,3468,813349957381099,813349957486359,105260,35416,27240,42604,0,0,0,1,813349957423703,27240
179,server_queue,source_binder,3421,3473,813349957381099,813349957486359,105260,89844,0,15416,0,0,0,0,,
179,client_resume,target_worker,1466,3397,813349957596203,813349957787922,191719,51979,43802,95938,0,0,0,1,813349957692141,43802
179,client_resume,source_callback,1466,3362,813349957596203,813349957787922,191719,151250,0,40469,0,0,0,0,,
179,client_resolve,client_worker,1466,3397,813349956895266,813349957020057,124791,124791,0,0,0,0,0,0,,
179,client_register,client_worker,1466,3397,813349957020057,813349957096672,76615,76615,0,0,0,0,0,0,,
179,client_encode,client_worker,1466,3397,813349957096672,813349957151411,54739,54739,0,0,0,0,0,0,,
180,server_admission,receive_thread,3421,3473,813349958241516,813349958348234,106718,106718,0,0,0,0,0,0,,
180,server_queue,target_worker,3421,3468,813349958348234,813349958450214,101980,36615,25833,39532,0,0,0,1,813349958387766,25833
180,server_queue,source_binder,3421,3473,813349958348234,813349958450214,101980,87552,0,14428,0,0,0,0,,
180,client_resume,target_worker,1466,3397,813349958546932,813349958713911,166979,49218,30104,87657,0,0,0,1,813349958634589,30104
180,client_resume,source_callback,1466,3362,813349958546932,813349958713911,166979,127917,0,39062,0,0,0,0,,
180,client_resolve,client_worker,1466,3397,813349957890578,813349958017505,126927,126927,0,0,0,0,0,0,,
180,client_register,client_worker,1466,3397,813349958017505,813349958097766,80261,80261,0,0,0,0,0,0,,
180,client_encode,client_worker,1466,3397,813349958097766,813349958157141,59375,59375,0,0,0,0,0,0,,
181,server_admission,receive_thread,3421,3473,813349959132922,813349959262766,129844,129844,0,0,0,0,0,0,,
181,server_queue,target_worker,3421,3468,813349959262766,813349959369016,106250,35625,30052,40573,0,0,0,1,813349959303339,30052
181,server_queue,source_binder,3421,3473,813349959262766,813349959369016,106250,90573,0,15677,0,0,0,0,,
181,client_resume,target_worker,1466,3397,813349959467557,813349959645578,178021,61458,30156,86407,0,0,0,1,813349959553964,30156
181,client_resume,source_callback,1466,3362,813349959467557,813349959645578,178021,124688,0,53333,0,0,0,0,,
181,client_resolve,client_worker,1466,3397,813349958800734,813349958909224,108490,108490,0,0,0,0,0,0,,
181,client_register,client_worker,1466,3397,813349958909224,813349958982922,73698,73698,0,0,0,0,0,0,,
181,client_encode,client_worker,1466,3397,813349958982922,813349959050422,67500,67500,0,0,0,0,0,0,,
182,server_admission,receive_thread,3421,3473,813349960054849,813349960211776,156927,156927,0,0,0,0,0,0,,
182,server_queue,target_worker,3421,3468,813349960211776,813349960306359,94583,34948,21979,37656,0,0,0,1,813349960249432,21979
182,server_queue,source_binder,3421,3473,813349960211776,813349960306359,94583,78125,0,16458,0,0,0,0,,
182,client_resume,target_worker,1466,3397,813349960564536,813349960753703,189167,53489,38230,97448,0,0,0,1,813349960661984,38230
182,client_resume,source_callback,1466,3362,813349960564536,813349960753703,189167,160521,0,28646,0,0,0,0,,
182,client_resolve,client_worker,1466,3397,813349959749589,813349959864276,114687,114687,0,0,0,0,0,0,,
182,client_register,client_worker,1466,3397,813349959864276,813349959935318,71042,71042,0,0,0,0,0,0,,
182,client_encode,client_worker,1466,3397,813349959935318,813349959982818,47500,47500,0,0,0,0,0,0,,
183,server_admission,receive_thread,3421,3473,813349961432036,813349961599380,167344,150053,17291,0,0,0,0,0,,
183,server_queue,target_worker,3421,3468,813349961599380,813349961712245,112865,37344,28073,47448,0,0,0,1,813349961646828,28073
183,server_queue,source_binder,3421,3473,813349961599380,813349961712245,112865,97292,0,15573,0,0,0,0,,
183,client_resume,target_worker,1466,3397,813349961892141,813349962096776,204635,62917,27708,114010,0,0,0,1,813349962006151,27708
183,client_resume,source_callback,1466,3362,813349961892141,813349962096776,204635,170833,0,33802,0,0,0,0,,
183,client_resolve,client_worker,1466,3397,813349960862818,813349961080578,217760,199166,18594,0,0,0,0,0,,
183,client_register,client_worker,1466,3397,813349961080578,813349961271151,190573,165937,24636,0,0,0,0,0,,
183,client_encode,client_worker,1466,3397,813349961271151,813349961336047,64896,64896,0,0,0,0,0,0,,
184,server_admission,receive_thread,3421,3473,813349962588130,813349962691411,103281,103281,0,0,0,0,0,0,,
184,server_queue,target_worker,3421,3468,813349962691411,813349962796620,105209,41719,28646,34844,0,0,0,1,813349962726255,28646
184,server_queue,source_binder,3421,3473,813349962691411,813349962796620,105209,80469,0,24740,0,0,0,0,,
184,client_resume,target_worker,1466,3397,813349962915318,813349963186516,271198,56250,102344,112604,0,0,0,1,813349963027922,102344
184,client_resume,source_callback,1466,3362,813349962915318,813349963186516,271198,214948,0,56250,0,0,0,0,,
184,client_resolve,client_worker,1466,3397,813349962207245,813349962323755,116510,116510,0,0,0,0,0,0,,
184,client_register,client_worker,1466,3397,813349962323755,813349962411724,87969,87969,0,0,0,0,0,0,,
184,client_encode,client_worker,1466,3397,813349962411724,813349962461516,49792,49792,0,0,0,0,0,0,,
185,server_admission,receive_thread,3421,3473,813349963648964,813349963762453,113489,113489,0,0,0,0,0,0,,
185,server_queue,target_worker,3421,3468,813349963762453,813349963868234,105781,39479,30469,35833,0,0,0,1,813349963798286,30469
185,server_queue,source_binder,3421,3473,813349963762453,813349963868234,105781,84948,0,20833,0,0,0,0,,
185,client_resume,target_worker,1466,3397,813349963994276,813349964212505,218229,50781,39844,127604,0,0,0,1,813349964121880,39844
185,client_resume,source_callback,1466,3362,813349963994276,813349964212505,218229,211042,0,7187,0,0,0,0,,
185,client_resolve,client_worker,1466,3397,813349963290995,813349963416255,125260,125260,0,0,0,0,0,0,,
185,client_register,client_worker,1466,3397,813349963416255,813349963494797,78542,78542,0,0,0,0,0,0,,
185,client_encode,client_worker,1466,3397,813349963494797,813349963558859,64062,64062,0,0,0,0,0,0,,
186,server_admission,receive_thread,3421,3473,813349964703339,813349964804901,101562,101562,0,0,0,0,0,0,,
186,server_queue,target_worker,3421,3468,813349964804901,813349964897089,92188,25834,29583,36771,0,0,0,1,813349964841672,29583
186,server_queue,source_binder,3421,3473,813349964804901,813349964897089,92188,85208,0,6980,0,0,0,0,,
186,client_resume,target_worker,1466,3397,813349965003443,813349965181620,178177,41302,27188,109687,0,0,0,1,813349965113130,27188
186,client_resume,source_callback,1466,3362,813349965003443,813349965181620,178177,158750,0,19427,0,0,0,0,,
186,client_resolve,client_worker,1466,3397,813349964312557,813349964446151,133594,133594,0,0,0,0,0,0,,
186,client_register,client_worker,1466,3397,813349964446151,813349964524849,78698,78698,0,0,0,0,0,0,,
186,client_encode,client_worker,1466,3397,813349964524849,813349964579536,54687,54687,0,0,0,0,0,0,,
187,server_admission,receive_thread,3421,3473,813349965623286,813349965720995,97709,97709,0,0,0,0,0,0,,
187,server_queue,target_worker,3421,3468,813349965720995,813349965811307,90312,28021,26302,35989,0,0,0,1,813349965756984,26302
187,server_queue,source_binder,3421,3473,813349965720995,813349965811307,90312,80052,0,10260,0,0,0,0,,
187,client_resume,target_worker,1466,3397,813349965912505,813349966084068,171563,43282,27552,100729,0,0,0,1,813349966013234,27552
187,client_resume,source_callback,1466,3362,813349965912505,813349966084068,171563,152344,0,19219,0,0,0,0,,
187,client_resolve,client_worker,1466,3397,813349965283391,813349965397922,114531,114531,0,0,0,0,0,0,,
187,client_register,client_worker,1466,3397,813349965397922,813349965473703,75781,75781,0,0,0,0,0,0,,
187,client_encode,client_worker,1466,3397,813349965473703,813349965524120,50417,50417,0,0,0,0,0,0,,
188,server_admission,receive_thread,3421,3473,813349966565161,813349966665161,100000,100000,0,0,0,0,0,0,,
188,server_queue,target_worker,3421,3468,813349966665161,813349966759745,94584,29219,28490,36875,0,0,0,1,813349966702036,28490
188,server_queue,source_binder,3421,3473,813349966665161,813349966759745,94584,83334,0,11250,0,0,0,0,,
188,client_resume,target_worker,1466,3397,813349966858391,813349967010214,151823,39844,23906,88073,0,0,0,1,813349966946464,23906
188,client_resume,source_callback,1466,3362,813349966858391,813349967010214,151823,131823,0,20000,0,0,0,0,,
188,client_resolve,client_worker,1466,3397,813349966180214,813349966327193,146979,146979,0,0,0,0,0,0,,
188,client_register,client_worker,1466,3397,813349966327193,813349966402557,75364,75364,0,0,0,0,0,0,,
188,client_encode,client_worker,1466,3397,813349966402557,813349966457609,55052,55052,0,0,0,0,0,0,,
189,server_admission,receive_thread,3421,3473,813349967460526,813349967569276,108750,108750,0,0,0,0,0,0,,
189,server_queue,target_worker,3421,3468,813349967569276,813349967662036,92760,25468,29948,37344,0,0,0,1,813349967606620,29948
189,server_queue,source_binder,3421,3473,813349967569276,813349967662036,92760,86615,0,6145,0,0,0,0,,
189,client_resume,target_worker,1466,3397,813349967760422,813349967913182,152760,37760,29636,85364,0,0,0,1,813349967845786,29636
189,client_resume,source_callback,1466,3362,813349967760422,813349967913182,152760,132917,0,19843,0,0,0,0,,
189,client_resolve,client_worker,1466,3397,813349967104589,813349967223703,119114,119114,0,0,0,0,0,0,,
189,client_register,client_worker,1466,3397,813349967223703,813349967294432,70729,70729,0,0,0,0,0,0,,
189,client_encode,client_worker,1466,3397,813349967294432,813349967363078,68646,68646,0,0,0,0,0,0,,
190,server_admission,receive_thread,3421,3473,813349968371047,813349968467297,96250,96250,0,0,0,0,0,0,,
190,server_queue,target_worker,3421,3468,813349968467297,813349968559224,91927,28490,27395,36042,0,0,0,1,813349968503339,27395
190,server_queue,source_binder,3421,3473,813349968467297,813349968559224,91927,80625,0,11302,0,0,0,0,,
190,client_resume,target_worker,1466,3397,813349968650318,813349968863599,213281,51563,78125,83593,0,0,0,1,813349968733911,78125
190,client_resume,source_callback,1466,3362,813349968650318,813349968863599,213281,161718,0,51563,0,0,0,0,,
190,client_resolve,client_worker,1466,3397,813349967995526,813349968144172,148646,148646,0,0,0,0,0,0,,
190,client_register,client_worker,1466,3397,813349968144172,813349968229172,85000,85000,0,0,0,0,0,0,,
190,client_encode,client_worker,1466,3397,813349968229172,813349968287401,58229,58229,0,0,0,0,0,0,,
191,server_admission,receive_thread,3421,3473,813349969259953,813349969357297,97344,97344,0,0,0,0,0,0,,
191,server_queue,target_worker,3421,3468,813349969357297,813349969458495,101198,37084,29895,34219,0,0,0,1,813349969391516,29895
191,server_queue,source_binder,3421,3473,813349969357297,813349969458495,101198,79114,0,22084,0,0,0,0,,
191,client_resume,target_worker,1466,3397,813349969564276,813349969758182,193906,71458,30000,92448,0,0,0,1,813349969656724,30000
191,client_resume,source_callback,1466,3362,813349969564276,813349969758182,193906,169323,0,24583,0,0,0,0,,
191,client_resolve,client_worker,1466,3397,813349968948130,813349969049901,101771,101771,0,0,0,0,0,0,,
191,client_register,client_worker,1466,3397,813349969049901,813349969114172,64271,64271,0,0,0,0,0,0,,
191,client_encode,client_worker,1466,3397,813349969114172,813349969168078,53906,53906,0,0,0,0,0,0,,
192,server_admission,receive_thread,3421,3473,813349970487297,813349970578130,90833,90833,0,0,0,0,0,0,,
192,server_queue,target_worker,3421,3468,813349970578130,813349970689901,111771,43073,36354,32344,0,0,0,1,813349970610474,36354
192,server_queue,source_binder,3421,3473,813349970578130,813349970689901,111771,90313,0,21458,0,0,0,0,,
192,client_resume,target_worker,1466,3397,813349970806932,813349971046099,239167,76563,74166,88438,0,0,0,1,813349970895370,74166
192,client_resume,source_callback,1466,3362,813349970806932,813349971046099,239167,155834,0,83333,0,0,0,0,,
192,client_resolve,client_worker,1466,3397,813349969935422,813349970116099,180677,153073,27604,0,0,0,0,0,,
192,client_register,client_worker,1466,3397,813349970116099,813349970217870,101771,101771,0,0,0,0,0,0,,
192,client_encode,client_worker,1466,3397,813349970217870,813349970382245,164375,104479,59896,0,0,0,0,0,,
193,server_admission,receive_thread,3421,3473,813349971517922,813349971611828,93906,93906,0,0,0,0,0,0,,
193,server_queue,target_worker,3421,3468,813349971611828,813349971717818,105990,42761,27864,35365,0,0,0,1,813349971647193,27864
193,server_queue,source_binder,3421,3473,813349971611828,813349971717818,105990,77448,0,28542,0,0,0,0,,
193,client_resume,target_worker,1466,3397,813349971823859,813349971988547,164688,47292,35729,81667,0,0,0,1,813349971905526,35729
193,client_resume,source_callback,1466,3362,813349971823859,813349971988547,164688,139271,0,25417,0,0,0,0,,
193,client_resolve,client_worker,1466,3397,813349971152193,813349971268495,116302,116302,0,0,0,0,0,0,,
193,client_register,client_worker,1466,3397,813349971268495,813349971347766,79271,79271,0,0,0,0,0,0,,
193,client_encode,client_worker,1466,3397,813349971347766,813349971404432,56666,56666,0,0,0,0,0,0,,
194,server_admission,receive_thread,3421,3473,813349972468443,813349972580526,112083,112083,0,0,0,0,0,0,,
194,server_queue,target_worker,3421,3468,813349972580526,813349972718234,137708,26823,73385,37500,0,0,0,1,813349972618026,73385
194,server_queue,source_binder,3421,3473,813349972580526,813349972718234,137708,131823,0,5885,0,0,0,0,,
194,client_resume,target_worker,1466,3397,813349972815578,813349972964797,149219,39115,24010,86094,0,0,0,1,813349972901672,24010
194,client_resume,source_callback,1466,3362,813349972815578,813349972964797,149219,131042,0,18177,0,0,0,0,,
194,client_resolve,client_worker,1466,3397,813349972117193,813349972232036,114843,114843,0,0,0,0,0,0,,
194,client_register,client_worker,1466,3397,813349972232036,813349972292245,60209,60209,0,0,0,0,0,0,,
194,client_encode,client_worker,1466,3397,813349972292245,813349972375891,83646,83646,0,0,0,0,0,0,,
195,server_admission,receive_thread,3421,3473,813349973380943,813349973480318,99375,99375,0,0,0,0,0,0,,
195,server_queue,target_worker,3421,3468,813349973480318,813349973576411,96093,27447,31303,37343,0,0,0,1,813349973517661,31303
195,server_queue,source_binder,3421,3473,813349973480318,813349973576411,96093,88177,0,7916,0,0,0,0,,
195,client_resume,target_worker,1466,3397,813349973694953,813349973847245,152292,43802,22969,85521,0,0,0,1,813349973780474,22969
195,client_resume,source_callback,1466,3362,813349973694953,813349973847245,152292,135521,0,16771,0,0,0,0,,
195,client_resolve,client_worker,1466,3397,813349973048443,813349973161672,113229,113229,0,0,0,0,0,0,,
195,client_register,client_worker,1466,3397,813349973161672,813349973242505,80833,80833,0,0,0,0,0,0,,
195,client_encode,client_worker,1466,3397,813349973242505,813349973295318,52813,52813,0,0,0,0,0,0,,
196,server_admission,receive_thread,3421,3473,813349974287818,813349974384432,96614,96614,0,0,0,0,0,0,,
196,server_queue,target_worker,3421,3468,813349974384432,813349974484901,100469,24010,28334,48125,0,0,0,1,813349974432557,28334
196,server_queue,source_binder,3421,3473,813349974384432,813349974484901,100469,96198,0,4271,0,0,0,0,,
196,client_resume,target_worker,1466,3397,813349974583495,813349974752036,168541,44791,24011,99739,0,0,0,1,813349974683234,24011
196,client_resume,source_callback,1466,3362,813349974583495,813349974752036,168541,145729,0,22812,0,0,0,0,,
196,client_resolve,client_worker,1466,3397,813349973931984,813349974070370,138386,138386,0,0,0,0,0,0,,
196,client_register,client_worker,1466,3397,813349974070370,813349974134797,64427,64427,0,0,0,0,0,0,,
196,client_encode,client_worker,1466,3397,813349974134797,813349974199797,65000,65000,0,0,0,0,0,0,,
197,server_admission,receive_thread,3421,3473,813349975186359,813349975284849,98490,98490,0,0,0,0,0,0,,
197,server_queue,target_worker,3421,3468,813349975284849,813349975372453,87604,22864,29636,35104,0,0,0,1,813349975319953,29636
197,server_queue,source_binder,3421,3473,813349975284849,813349975372453,87604,86875,0,729,0,0,0,0,,
197,client_resume,target_worker,1466,3397,813349975483911,813349975639953,156042,38750,25208,92084,0,0,0,1,813349975575995,25208
197,client_resume,source_callback,1466,3362,813349975483911,813349975639953,156042,139323,0,16719,0,0,0,0,,
197,client_resolve,client_worker,1466,3397,813349974848599,813349974960891,112292,112292,0,0,0,0,0,0,,
197,client_register,client_worker,1466,3397,813349974960891,813349975049693,88802,88802,0,0,0,0,0,0,,
197,client_encode,client_worker,1466,3397,813349975049693,813349975102089,52396,52396,0,0,0,0,0,0,,
198,server_admission,receive_thread,3421,3473,813349976054901,813349976209276,154375,154375,0,0,0,0,0,0,,
198,server_queue,target_worker,3421,3468,813349976209276,813349976301620,92344,26667,26458,39219,0,0,0,1,813349976248495,26458
198,server_queue,source_binder,3421,3473,813349976209276,813349976301620,92344,83958,0,8386,0,0,0,0,,
198,client_resume,target_worker,1466,3397,813349976397714,813349976565630,167916,44479,23021,100416,0,0,0,1,813349976498130,23021
198,client_resume,source_callback,1466,3362,813349976397714,813349976565630,167916,141875,0,26041,0,0,0,0,,
198,client_resolve,client_worker,1466,3397,813349975729120,813349975839328,110208,110208,0,0,0,0,0,0,,
198,client_register,client_worker,1466,3397,813349975839328,813349975896672,57344,57344,0,0,0,0,0,0,,
198,client_encode,client_worker,1466,3397,813349975896672,813349975970995,74323,74323,0,0,0,0,0,0,,
199,server_admission,receive_thread,3421,3473,813349976989328,813349977079849,90521,90521,0,0,0,0,0,0,,
199,server_queue,target_worker,3421,3468,813349977079849,813349977194224,114375,37500,44948,31927,0,0,0,1,813349977111776,44948
199,server_queue,source_binder,3421,3473,813349977079849,813349977194224,114375,102187,0,12188,0,0,0,0,,
199,client_resume,target_worker,1466,3397,813349977292141,813349977480786,188645,71197,32084,85364,0,0,0,1,813349977377505,32084
199,client_resume,source_callback,1466,3362,813349977292141,813349977480786,188645,162135,0,26510,0,0,0,0,,
199,client_resolve,client_worker,1466,3397,813349976651099,813349976797661,146562,146562,0,0,0,0,0,0,,
199,client_register,client_worker,1466,3397,813349976797661,813349976869849,72188,72188,0,0,0,0,0,0,,
199,client_encode,client_worker,1466,3397,813349976869849,813349976914953,45104,45104,0,0,0,0,0,0,,
200,server_admission,receive_thread,3421,3473,813349978272297,813349978369901,97604,97604,0,0,0,0,0,0,,
200,server_queue,target_worker,3421,3468,813349978369901,813349978574849,204948,86511,84010,34427,0,0,0,1,813349978404328,23125
200,server_queue,source_binder,3421,3473,813349978369901,813349978574849,204948,74688,0,130260,0,0,0,0,,
200,client_resume,target_worker,1466,3397,813349978699641,813349978857297,157656,42708,23490,91458,0,0,0,1,813349978791099,23490
200,client_resume,source_callback,1466,3362,813349978699641,813349978857297,157656,133073,0,24583,0,0,0,0,,
200,client_resolve,client_worker,1466,3397,813349977721411,813349977863182,141771,141771,0,0,0,0,0,0,,
200,client_register,client_worker,1466,3397,813349977863182,813349977942609,79427,79427,0,0,0,0,0,0,,
200,client_encode,client_worker,1466,3397,813349977942609,813349978067557,124948,96979,27969,0,0,0,0,0,,
201,server_admission,receive_thread,3421,3473,813349979360839,813349979466047,105208,105208,0,0,0,0,0,0,,
201,server_queue,target_worker,3421,3468,813349979466047,813349979563651,97604,25417,31302,40885,0,0,0,1,813349979506932,31302
201,server_queue,source_binder,3421,3473,813349979466047,813349979563651,97604,97604,0,0,0,0,0,0,,
201,client_resume,target_worker,1466,3397,813349979647922,813349979793234,145312,38906,20000,86406,0,0,0,1,813349979734328,20000
201,client_resume,source_callback,1466,3362,813349979647922,813349979793234,145312,121614,0,23698,0,0,0,0,,
201,client_resolve,client_worker,1466,3397,813349978959276,813349979080578,121302,121302,0,0,0,0,0,0,,
201,client_register,client_worker,1466,3397,813349979080578,813349979153182,72604,72604,0,0,0,0,0,0,,
201,client_encode,client_worker,1466,3397,813349979153182,813349979207193,54011,54011,0,0,0,0,0,0,,
202,server_admission,receive_thread,3421,3473,813349980240422,813349980359901,119479,119479,0,0,0,0,0,0,,
202,server_queue,target_worker,3421,3468,813349980359901,813349980465422,105521,32865,28385,44271,0,0,0,1,813349980404172,28385
202,server_queue,source_binder,3421,3473,813349980359901,813349980465422,105521,105521,0,0,0,0,0,0,,
202,client_resume,target_worker,1466,3397,813349980550786,813349980697453,146667,42396,21614,82657,0,0,0,1,813349980633443,21614
202,client_resume,source_callback,1466,3362,813349980550786,813349980697453,146667,118178,0,28489,0,0,0,0,,
202,client_resolve,client_worker,1466,3397,813349979900943,813349980008234,107291,107291,0,0,0,0,0,0,,
202,client_register,client_worker,1466,3397,813349980008234,813349980068443,60209,60209,0,0,0,0,0,0,,
202,client_encode,client_worker,1466,3397,813349980068443,813349980165734,97291,97291,0,0,0,0,0,0,,
203,server_admission,receive_thread,3421,3473,813349981150266,813349981245995,95729,95729,0,0,0,0,0,0,,
203,server_queue,target_worker,3421,3468,813349981245995,813349981342505,96510,39114,24219,33177,0,0,0,1,813349981279172,24219
203,server_queue,source_binder,3421,3473,813349981245995,813349981342505,96510,96510,0,0,0,0,0,0,,
203,client_resume,target_worker,1466,3397,813349981428651,813349981593495,164844,37500,20938,106406,0,0,0,1,813349981535057,20938
203,client_resume,source_callback,1466,3362,813349981428651,813349981593495,164844,143385,0,21459,0,0,0,0,,
203,client_resolve,client_worker,1466,3397,813349980807714,813349980953026,145312,145312,0,0,0,0,0,0,,
203,client_register,client_worker,1466,3397,813349980953026,813349981020786,67760,67760,0,0,0,0,0,0,,
203,client_encode,client_worker,1466,3397,813349981020786,813349981075734,54948,54948,0,0,0,0,0,0,,
204,server_admission,receive_thread,3421,3473,813349982013182,813349982105474,92292,92292,0,0,0,0,0,0,,
204,server_queue,target_worker,3421,3468,813349982105474,813349982192714,87240,26615,26927,33698,0,0,0,1,813349982139172,26927
204,server_queue,source_binder,3421,3473,813349982105474,813349982192714,87240,76719,0,10521,0,0,0,0,,
204,client_resume,target_worker,1466,3397,813349982279953,813349982421255,141302,34531,21458,85313,0,0,0,1,813349982365266,21458
204,client_resume,source_callback,1466,3362,813349982279953,813349982421255,141302,122240,0,19062,0,0,0,0,,
204,client_resolve,client_worker,1466,3397,813349981685839,813349981801776,115937,115937,0,0,0,0,0,0,,
204,client_register,client_worker,1466,3397,813349981801776,813349981876307,74531,74531,0,0,0,0,0,0,,
204,client_encode,client_worker,1466,3397,813349981876307,813349981939276,62969,62969,0,0,0,0,0,0,,
205,server_admission,receive_thread,3421,3473,813349982866151,813349982978443,112292,112292,0,0,0,0,0,0,,
205,server_queue,target_worker,3421,3468,813349982978443,813349983076464,98021,25990,29115,42916,0,0,0,1,813349983021359,29115
205,server_queue,source_binder,3421,3473,813349982978443,813349983076464,98021,95677,0,2344,0,0,0,0,,
205,client_resume,target_worker,1466,3397,813349983211828,813349983372401,160573,45625,26302,88646,0,0,0,1,813349983300474,26302
205,client_resume,source_callback,1466,3362,813349983211828,813349983372401,160573,135886,0,24687,0,0,0,0,,
205,client_resolve,client_worker,1466,3397,813349982518026,813349982645161,127135,127135,0,0,0,0,0,0,,
205,client_register,client_worker,1466,3397,813349982645161,813349982721776,76615,76615,0,0,0,0,0,0,,
205,client_encode,client_worker,1466,3397,813349982721776,813349982784849,63073,63073,0,0,0,0,0,0,,
206,server_admission,receive_thread,3421,3473,813349983834380,813349983927609,93229,93229,0,0,0,0,0,0,,
206,server_queue,target_worker,3421,3468,813349983927609,813349984017609,90000,26718,25834,37448,0,0,0,1,813349983965057,25834
206,server_queue,source_binder,3421,3473,813349983927609,813349984017609,90000,78750,0,11250,0,0,0,0,,
206,client_resume,target_worker,1466,3397,813349984115214,813349984272036,156822,44635,30469,81718,0,0,0,1,813349984196932,30469
206,client_resume,source_callback,1466,3362,813349984115214,813349984272036,156822,115052,0,41770,0,0,0,0,,
206,client_resolve,client_worker,1466,3397,813349983485370,813349983599901,114531,114531,0,0,0,0,0,0,,
206,client_register,client_worker,1466,3397,813349983599901,813349983680630,80729,80729,0,0,0,0,0,0,,
206,client_encode,client_worker,1466,3397,813349983680630,813349983745161,64531,64531,0,0,0,0,0,0,,
207,server_admission,receive_thread,3421,3473,813349984705161,813349984802818,97657,97657,0,0,0,0,0,0,,
207,server_queue,target_worker,3421,3468,813349984802818,813349984910370,107552,36719,39010,31823,0,0,0,1,813349984834641,39010
207,server_queue,source_binder,3421,3473,813349984802818,813349984910370,107552,91354,0,16198,0,0,0,0,,
207,client_resume,target_worker,1466,3397,813349985029328,813349985246359,217031,60416,51302,105313,0,0,0,1,813349985134641,51302
207,client_resume,source_callback,1466,3362,813349985029328,813349985246359,217031,157813,0,59218,0,0,0,0,,
207,client_resolve,client_worker,1466,3397,813349984377766,813349984506047,128281,128281,0,0,0,0,0,0,,
207,client_register,client_worker,1466,3397,813349984506047,813349984585266,79219,79219,0,0,0,0,0,0,,
207,client_encode,client_worker,1466,3397,813349984585266,813349984637141,51875,51875,0,0,0,0,0,0,,
208,server_admission,receive_thread,3421,3473,813349985703964,813349985795318,91354,91354,0,0,0,0,0,0,,
208,server_queue,target_worker,3421,3468,813349985795318,813349985889901,94583,34844,23854,35885,0,0,0,1,813349985831203,23854
208,server_queue,source_binder,3421,3473,813349985795318,813349985889901,94583,77864,0,16719,0,0,0,0,,
208,client_resume,target_worker,1466,3397,813349985995161,813349986162349,167188,55156,31146,80886,0,0,0,1,813349986076047,31146
208,client_resume,source_callback,1466,3362,813349985995161,813349986162349,167188,159063,0,8125,0,0,0,0,,
208,client_resolve,client_worker,1466,3397,813349985358078,813349985483443,125365,125365,0,0,0,0,0,0,,
208,client_register,client_worker,1466,3397,813349985483443,813349985560578,77135,77135,0,0,0,0,0,0,,
208,client_encode,client_worker,1466,3397,813349985560578,813349985611411,50833,50833,0,0,0,0,0,0,,
209,server_admission,receive_thread,3421,3473,813349986853859,813349986949901,96042,96042,0,0,0,0,0,0,,
209,server_queue,target_worker,3421,3468,813349986949901,813349987040839,90938,33073,25157,32708,0,0,0,1,813349986982609,25157
209,server_queue,source_binder,3421,3473,813349986949901,813349987040839,90938,78542,0,12396,0,0,0,0,,
209,client_resume,target_worker,1466,3397,813349987137089,813349987322089,185000,50313,34479,100208,0,0,0,1,813349987237297,34479
209,client_resume,source_callback,1466,3362,813349987137089,813349987322089,185000,151562,0,33438,0,0,0,0,,
209,client_resolve,client_worker,1466,3397,813349986332557,813349986464016,131459,131459,0,0,0,0,0,0,,
209,client_register,client_worker,1466,3397,813349986464016,813349986539016,75000,75000,0,0,0,0,0,0,,
209,client_encode,client_worker,1466,3397,813349986539016,813349986612557,73541,73541,0,0,0,0,0,0,,
210,server_admission,receive_thread,3421,3473,813349987835474,813349987944016,108542,108542,0,0,0,0,0,0,,
210,server_queue,target_worker,3421,3468,813349987944016,813349988048026,104010,36562,28490,38958,0,0,0,1,813349987982974,28490
210,server_queue,source_binder,3421,3473,813349987944016,813349988048026,104010,90156,0,13854,0,0,0,0,,
210,client_resume,target_worker,1466,3397,813349988174589,813349988347141,172552,51615,28646,92291,0,0,0,1,813349988266880,28646
210,client_resume,source_callback,1466,3362,813349988174589,813349988347141,172552,136770,0,35782,0,0,0,0,,
210,client_resolve,client_worker,1466,3397,813349987429276,813349987617609,188333,188333,0,0,0,0,0,0,,
210,client_register,client_worker,1466,3397,813349987617609,813349987683755,66146,66146,0,0,0,0,0,0,,
210,client_encode,client_worker,1466,3397,813349987683755,813349987742297,58542,58542,0,0,0,0,0,0,,
211,server_admission,receive_thread,3421,3473,813349988815005,813349988930995,115990,115990,0,0,0,0,0,0,,
211,server_queue,target_worker,3421,3468,813349988930995,813349989039901,108906,37708,31250,39948,0,0,0,1,813349988970943,31250
211,server_queue,source_binder,3421,3473,813349988930995,813349989039901,108906,94479,0,14427,0,0,0,0,,
211,client_resume,target_worker,1466,3397,813349989138339,813349989323182,184843,47239,43698,93906,0,0,0,1,813349989232245,43698
211,client_resume,source_callback,1466,3362,813349989138339,813349989323182,184843,147760,0,37083,0,0,0,0,,
211,client_resolve,client_worker,1466,3397,813349988443391,813349988575474,132083,132083,0,0,0,0,0,0,,
211,client_register,client_worker,1466,3397,813349988575474,813349988656411,80937,80937,0,0,0,0,0,0,,
211,client_encode,client_worker,1466,3397,813349988656411,813349988730526,74115,74115,0,0,0,0,0,0,,
212,server_admission,receive_thread,3421,3473,813349989818234,813349989915057,96823,96823,0,0,0,0,0,0,,
212,server_queue,target_worker,3421,3468,813349989915057,813349990014693,99636,37604,28178,33854,0,0,0,1,813349989948911,28178
212,server_queue,source_binder,3421,3473,813349989915057,813349990014693,99636,78646,0,20990,0,0,0,0,,
212,client_resume,target_worker,1466,3397,813349990129849,813349990296828,166979,47396,27916,91667,0,0,0,1,813349990221516,27916
212,client_resume,source_callback,1466,3362,813349990129849,813349990296828,166979,141510,0,25469,0,0,0,0,,
212,client_resolve,client_worker,1466,3397,813349989431672,813349989560839,129167,129167,0,0,0,0,0,0,,
212,client_register,client_worker,1466,3397,813349989560839,813349989637193,76354,76354,0,0,0,0,0,0,,
212,client_encode,client_worker,1466,3397,813349989637193,813349989696307,59114,59114,0,0,0,0,0,0,,
213,server_admission,receive_thread,3421,3473,813349990781516,813349990872974,91458,91458,0,0,0,0,0,0,,
213,server_queue,target_worker,3421,3468,813349990872974,813349990970891,97917,37136,28958,31823,0,0,0,1,813349990904797,28958
213,server_queue,source_binder,3421,3473,813349990872974,813349990970891,97917,75937,0,21980,0,0,0,0,,
213,client_resume,target_worker,1466,3397,813349991078182,813349991233703,155521,47187,28125,80209,0,0,0,1,813349991158391,28125
213,client_resume,source_callback,1466,3362,813349991078182,813349991233703,155521,120990,0,34531,0,0,0,0,,
213,client_resolve,client_worker,1466,3397,813349990417557,813349990544016,126459,126459,0,0,0,0,0,0,,
213,client_register,client_worker,1466,3397,813349990544016,813349990614120,70104,70104,0,0,0,0,0,0,,
213,client_encode,client_worker,1466,3397,813349990614120,813349990697297,83177,83177,0,0,0,0,0,0,,
214,server_admission,receive_thread,3421,3473,813349991682089,813349991783755,101666,101666,0,0,0,0,0,0,,
214,server_queue,target_worker,3421,3468,813349991783755,813349991879224,95469,34948,25937,34584,0,0,0,1,813349991818339,25937
214,server_queue,source_binder,3421,3473,813349991783755,813349991879224,95469,75938,0,19531,0,0,0,0,,
214,client_resume,target_worker,1466,3397,813349991978234,813349992157349,179115,68125,28177,82813,0,0,0,1,813349992061047,28177
214,client_resume,source_callback,1466,3362,813349991978234,813349992157349,179115,166302,0,12813,0,0,0,0,,
214,client_resolve,client_worker,1466,3397,813349991329484,813349991460057,130573,130573,0,0,0,0,0,0,,
214,client_register,client_worker,1466,3397,813349991460057,813349991540161,80104,80104,0,0,0,0,0,0,,
214,client_encode,client_worker,1466,3397,813349991540161,813349991598026,57865,57865,0,0,0,0,0,0,,
215,server_admission,receive_thread,3421,3473,813349992652714,813349992813286,160572,160572,0,0,0,0,0,0,,
215,server_queue,target_worker,3421,3468,813349992813286,813349992950214,136928,39375,49948,47605,0,0,0,1,813349992860891,49948
215,server_queue,source_binder,3421,3473,813349992813286,813349992950214,136928,122292,0,14636,0,0,0,0,,
215,client_resume,target_worker,1466,3397,813349993062766,813349993254901,192135,56615,47083,88437,0,0,0,1,813349993151203,47083
215,client_resume,source_callback,1466,3362,813349993062766,813349993254901,192135,135520,0,56615,0,0,0,0,,
215,client_resolve,client_worker,1466,3397,813349992268339,813349992390266,121927,121927,0,0,0,0,0,0,,
215,client_register,client_worker,1466,3397,813349992390266,813349992455109,64843,64843,0,0,0,0,0,0,,
215,client_encode,client_worker,1466,3397,813349992455109,813349992530682,75573,75573,0,0,0,0,0,0,,
216,server_admission,receive_thread,3421,3473,813349993749120,813349993852974,103854,103854,0,0,0,0,0,0,,
216,server_queue,target_worker,3421,3468,813349993852974,813349993967453,114479,47239,28855,38385,0,0,0,1,813349993891359,28855
216,server_queue,source_binder,3421,3473,813349993852974,813349993967453,114479,82344,0,32135,0,0,0,0,,
216,client_resume,target_worker,1466,3397,813349994087661,813349994261411,173750,46302,34010,93438,0,0,0,1,813349994181099,34010
216,client_resume,source_callback,1466,3362,813349994087661,813349994261411,173750,143230,0,30520,0,0,0,0,,
216,client_resolve,client_worker,1466,3397,813349993341724,813349993463130,121406,121406,0,0,0,0,0,0,,
216,client_register,client_worker,1466,3397,813349993463130,813349993538026,74896,74896,0,0,0,0,0,0,,
216,client_encode,client_worker,1466,3397,813349993538026,813349993589953,51927,51927,0,0,0,0,0,0,,
217,server_admission,receive_thread,3421,3473,813349994732557,813349994842349,109792,109792,0,0,0,0,0,0,,
217,server_queue,target_worker,3421,3468,813349994842349,813349995010422,168073,58177,73021,36875,0,0,0,1,813349994879224,73021
217,server_queue,source_binder,3421,3473,813349994842349,813349995010422,168073,83698,0,84375,0,0,0,0,,
217,client_resume,target_worker,1466,3397,813349995116047,813349995310109,194062,40885,46615,106562,0,0,0,1,813349995222609,46615
217,client_resume,source_callback,1466,3362,813349995116047,813349995310109,194062,153177,0,40885,0,0,0,0,,
217,client_resolve,client_worker,1466,3397,813349994369380,813349994495318,125938,125938,0,0,0,0,0,0,,
217,client_register,client_worker,1466,3397,813349994495318,813349994571099,75781,75781,0,0,0,0,0,0,,
217,client_encode,client_worker,1466,3397,813349994571099,813349994632557,61458,61458,0,0,0,0,0,0,,
218,server_admission,receive_thread,3421,3473,813349995792609,813349995891047,98438,98438,0,0,0,0,0,0,,
218,server_queue,target_worker,3421,3468,813349995891047,813349996017609,126562,39166,51198,36198,0,0,0,1,813349995927245,51198
218,server_queue,source_binder,3421,3473,813349995891047,813349996017609,126562,126094,0,468,0,0,0,0,,
218,client_resume,target_worker,1466,3397,813349996149068,813349996391620,242552,69844,100521,72187,0,0,0,1,813349996221255,100521
218,client_resume,source_callback,1466,3362,813349996149068,813349996391620,242552,213854,0,28698,0,0,0,0,,
218,client_resolve,client_worker,1466,3397,813349995423078,813349995555995,132917,132917,0,0,0,0,0,0,,
218,client_register,client_worker,1466,3397,813349995555995,813349995648234,92239,92239,0,0,0,0,0,0,,
218,client_encode,client_worker,1466,3397,813349995648234,813349995705422,57188,57188,0,0,0,0,0,0,,
219,server_admission,receive_thread,3421,3473,813349996878547,813349996976047,97500,97500,0,0,0,0,0,0,,
219,server_queue,target_worker,3421,3468,813349996976047,813349997073130,97083,32396,29166,35521,0,0,0,1,813349997011568,29166
219,server_queue,source_binder,3421,3473,813349996976047,813349997073130,97083,88229,0,8854,0,0,0,0,,
219,client_resume,target_worker,1466,3397,813349997322766,813349997490526,167760,47708,25625,94427,0,0,0,1,813349997417193,25625
219,client_resume,source_callback,1466,3362,813349997322766,813349997490526,167760,140573,0,27187,0,0,0,0,,
219,client_resolve,client_worker,1466,3397,813349996498443,813349996618547,120104,120104,0,0,0,0,0,0,,
219,client_register,client_worker,1466,3397,813349996618547,813349996690682,72135,72135,0,0,0,0,0,0,,
219,client_encode,client_worker,1466,3397,813349996690682,813349996756516,65834,65834,0,0,0,0,0,0,,
220,server_admission,receive_thread,3421,3473,813349997968130,813349998070682,102552,102552,0,0,0,0,0,0,,
220,server_queue,target_worker,3421,3468,813349998070682,813349998170266,99584,33021,30052,36511,0,0,0,1,813349998107193,30052
220,server_queue,source_binder,3421,3473,813349998070682,813349998170266,99584,89896,0,9688,0,0,0,0,,
220,client_resume,target_worker,1466,3397,813349998273234,813349998455839,182605,63438,23229,95938,0,0,0,1,813349998369172,23229
220,client_resume,source_callback,1466,3362,813349998273234,813349998455839,182605,146250,0,36355,0,0,0,0,,
220,client_resolve,client_worker,1466,3397,813349997596620,813349997718078,121458,121458,0,0,0,0,0,0,,
220,client_register,client_worker,1466,3397,813349997718078,813349997798755,80677,80677,0,0,0,0,0,0,,
220,client_encode,client_worker,1466,3397,813349997798755,813349997852349,53594,53594,0,0,0,0,0,0,,
221,server_admission,receive_thread,3421,3473,813349998914797,813349999009120,94323,94323,0,0,0,0,0,0,,
221,server_queue,target_worker,3421,3468,813349999009120,813349999111828,102708,34427,30521,37760,0,0,0,1,813349999046880,30521
221,server_queue,source_binder,3421,3473,813349999009120,813349999111828,102708,87812,0,14896,0,0,0,0,,
221,client_resume,target_worker,1466,3397,813349999225422,813349999383026,157604,40833,23907,92864,0,0,0,1,813349999318286,23907
221,client_resume,source_callback,1466,3362,813349999225422,813349999383026,157604,138594,0,19010,0,0,0,0,,
221,client_resolve,client_worker,1466,3397,813349998545734,813349998680526,134792,134792,0,0,0,0,0,0,,
221,client_register,client_worker,1466,3397,813349998680526,813349998756151,75625,75625,0,0,0,0,0,0,,
221,client_encode,client_worker,1466,3397,813349998756151,813349998809380,53229,53229,0,0,0,0,0,0,,
222,server_admission,receive_thread,3421,3473,813349999863339,813349999958078,94739,94739,0,0,0,0,0,0,,
222,server_queue,target_worker,3421,3468,813349999958078,813350000048495,90417,33802,24323,32292,0,0,0,1,813349999990370,24323
222,server_queue,source_binder,3421,3473,813349999958078,813350000048495,90417,81563,0,8854,0,0,0,0,,
222,client_resume,target_worker,1466,3397,813350000164224,813350000310161,145937,40156,24114,81667,0,0,0,1,813350000245891,24114
222,client_resume,source_callback,1466,3362,813350000164224,813350000310161,145937,132969,0,12968,0,0,0,0,,
222,client_resolve,client_worker,1466,3397,813349999494120,813349999624276,130156,130156,0,0,0,0,0,0,,
222,client_register,client_worker,1466,3397,813349999624276,813349999698651,74375,74375,0,0,0,0,0,0,,
222,client_encode,client_worker,1466,3397,813349999698651,813349999756828,58177,58177,0,0,0,0,0,0,,
223,server_admission,receive_thread,3421,3473,813350000760057,813350000851880,91823,91823,0,0,0,0,0,0,,
223,server_queue,target_worker,3421,3468,813350000851880,813350000974172,122292,40886,50208,31198,0,0,0,1,813350000883078,50208
223,server_queue,source_binder,3421,3473,813350000851880,813350000974172,122292,107084,0,15208,0,0,0,0,,
223,client_resume,target_worker,1466,3397,813350001090630,813350001324484,233854,72656,71562,89636,0,0,0,1,813350001180266,71562
223,client_resume,source_callback,1466,3362,813350001090630,813350001324484,233854,161198,0,72656,0,0,0,0,,
223,client_resolve,client_worker,1466,3397,813350000404901,813350000528807,123906,123906,0,0,0,0,0,0,,
223,client_register,client_worker,1466,3397,813350000528807,813350000601151,72344,72344,0,0,0,0,0,0,,
223,client_encode,client_worker,1466,3397,813350000601151,813350000658339,57188,57188,0,0,0,0,0,0,,
224,server_admission,receive_thread,3421,3473,813350001877870,813350001979276,101406,101406,0,0,0,0,0,0,,
224,server_queue,target_worker,3421,3468,813350001979276,813350002123911,144635,57031,55833,31771,0,0,0,1,813350002011047,55833
224,server_queue,source_binder,3421,3473,813350001979276,813350002123911,144635,87604,0,57031,0,0,0,0,,
224,client_resume,target_worker,1466,3397,813350002246516,813350002562922,316406,115105,97135,104166,0,0,0,1,813350002350682,77500
224,client_resume,source_callback,1466,3362,813350002246516,813350002562922,316406,154010,0,162396,0,0,0,0,,
224,client_resolve,client_worker,1466,3397,813350001417766,813350001552401,134635,134635,0,0,0,0,0,0,,
224,client_register,client_worker,1466,3397,813350001552401,813350001634120,81719,81719,0,0,0,0,0,0,,
224,client_encode,client_worker,1466,3397,813350001634120,813350001683391,49271,49271,0,0,0,0,0,0,,
225,server_admission,receive_thread,3421,3473,813350003342922,813350003450422,107500,107500,0,0,0,0,0,0,,
225,server_queue,target_worker,3421,3468,813350003450422,813350003556151,105729,42865,26562,36302,0,0,0,1,813350003486724,26562
225,server_queue,source_binder,3421,3473,813350003450422,813350003556151,105729,82292,0,23437,0,0,0,0,,
225,client_resume,target_worker,1466,3397,813350003688495,813350003889849,201354,46354,65365,89635,0,0,0,1,813350003778130,65365
225,client_resume,source_callback,1466,3362,813350003688495,813350003889849,201354,155000,0,46354,0,0,0,0,,
225,client_resolve,client_worker,1466,3397,813350002716359,813350002856776,140417,140417,0,0,0,0,0,0,,
225,client_register,client_worker,1466,3397,813350002856776,813350002933391,76615,76615,0,0,0,0,0,0,,
225,client_encode,client_worker,1466,3397,813350002933391,813350003192609,259218,131406,127812,0,0,0,0,0,,
226,server_admission,receive_thread,3421,3473,813350004571932,813350004678339,106407,106407,0,0,0,0,0,0,,
226,server_queue,target_worker,3421,3468,813350004678339,813350004786307,107968,44166,27605,36197,0,0,0,1,813350004714536,27605
226,server_queue,source_binder,3421,3473,813350004678339,813350004786307,107968,84114,0,23854,0,0,0,0,,
226,client_resume,target_worker,1466,3397,813350004908130,813350005129068,220938,72917,49167,98854,0,0,0,1,813350005006984,49167
226,client_resume,source_callback,1466,3362,813350004908130,813350005129068,220938,163906,0,57032,0,0,0,0,,
226,client_resolve,client_worker,1466,3397,813350003976359,813350004148339,171980,171980,0,0,0,0,0,0,,
226,client_register,client_worker,1466,3397,813350004148339,813350004215734,67395,67395,0,0,0,0,0,0,,
226,client_encode,client_worker,1466,3397,813350004215734,813350004278859,63125,63125,0,0,0,0,0,0,,
227,server_admission,receive_thread,3421,3473,813350005613911,813350005720891,106980,106980,0,0,0,0,0,0,,
227,server_queue,target_worker,3421,3468,813350005720891,813350005832297,111406,41198,29740,40468,0,0,0,1,813350005761359,29740
227,server_queue,source_binder,3421,3473,813350005720891,813350005832297,111406,92135,0,19271,0,0,0,0,,
227,client_resume,target_worker,1466,3397,813350005941984,813350006115630,173646,46562,31407,95677,0,0,0,1,813350006037661,31407
227,client_resume,source_callback,1466,3362,813350005941984,813350006115630,173646,140000,0,33646,0,0,0,0,,
227,client_resolve,client_worker,1466,3397,813350005238703,813350005381932,143229,143229,0,0,0,0,0,0,,
227,client_register,client_worker,1466,3397,813350005381932,813350005447609,65677,65677,0,0,0,0,0,0,,
227,client_encode,client_worker,1466,3397,813350005447609,813350005517089,69480,69480,0,0,0,0,0,0,,
228,server_admission,receive_thread,3421,3473,813350006576151,813350006667974,91823,91823,0,0,0,0,0,0,,
228,server_queue,target_worker,3421,3468,813350006667974,813350006814276,146302,35208,67292,43802,0,0,0,1,813350006711776,67292
228,server_queue,source_binder,3421,3473,813350006667974,813350006814276,146302,126510,0,19792,0,0,0,0,,
228,client_resume,target_worker,1466,3397,813350006911047,813350007069849,158802,55208,24323,79271,0,0,0,1,813350006990318,24323
228,client_resume,source_callback,1466,3362,813350006911047,813350007069849,158802,144739,0,14063,0,0,0,0,,
228,client_resolve,client_worker,1466,3397,813350006225057,813350006346724,121667,121667,0,0,0,0,0,0,,
228,client_register,client_worker,1466,3397,813350006346724,813350006447297,100573,100573,0,0,0,0,0,0,,
228,client_encode,client_worker,1466,3397,813350006447297,813350006502453,55156,55156,0,0,0,0,0,0,,
229,server_admission,receive_thread,3421,3473,813350007560109,813350007657505,97396,97396,0,0,0,0,0,0,,
229,server_queue,target_worker,3421,3468,813350007657505,813350007750734,93229,26041,30052,37136,0,0,0,1,813350007694641,30052
229,server_queue,source_binder,3421,3473,813350007657505,813350007750734,93229,84896,0,8333,0,0,0,0,,
229,client_resume,target_worker,1466,3397,813350007862609,813350008018078,155469,44114,22553,88802,0,0,0,1,813350007951411,22553
229,client_resume,source_callback,1466,3362,813350007862609,813350008018078,155469,130938,0,24531,0,0,0,0,,
229,client_resolve,client_worker,1466,3397,813350007175474,813350007301620,126146,126146,0,0,0,0,0,0,,
229,client_register,client_worker,1466,3397,813350007301620,813350007381828,80208,80208,0,0,0,0,0,0,,
229,client_encode,client_worker,1466,3397,813350007381828,813350007441568,59740,59740,0,0,0,0,0,0,,
230,server_admission,receive_thread,3421,3473,813350008529276,813350008623703,94427,94427,0,0,0,0,0,0,,
230,server_queue,target_worker,3421,3468,813350008623703,813350008712193,88490,22969,29531,35990,0,0,0,1,813350008659693,29531
230,server_queue,source_binder,3421,3473,813350008623703,813350008712193,88490,84271,0,4219,0,0,0,0,,
230,client_resume,target_worker,1466,3397,813350008822505,813350008981411,158906,47083,24635,87188,0,0,0,1,813350008909693,24635
230,client_resume,source_callback,1466,3362,813350008822505,813350008981411,158906,130677,0,28229,0,0,0,0,,
230,client_resolve,client_worker,1466,3397,813350008142453,813350008284953,142500,142500,0,0,0,0,0,0,,
230,client_register,client_worker,1466,3397,813350008284953,813350008376151,91198,91198,0,0,0,0,0,0,,
230,client_encode,client_worker,1466,3397,813350008376151,813350008430839,54688,54688,0,0,0,0,0,0,,
231,server_admission,receive_thread,3421,3473,813350009413755,813350009523339,109584,109584,0,0,0,0,0,0,,
231,server_queue,target_worker,3421,3468,813350009523339,813350009610578,87239,22448,27448,37343,0,0,0,1,813350009560682,27448
231,server_queue,source_binder,3421,3473,813350009523339,813350009610578,87239,81302,0,5937,0,0,0,0,,
231,client_resume,target_worker,1466,3397,813350009719172,813350009872557,153385,40937,25000,87448,0,0,0,1,813350009806620,25000
231,client_resume,source_callback,1466,3362,813350009719172,813350009872557,153385,132187,0,21198,0,0,0,0,,
231,client_resolve,client_worker,1466,3397,813350009071359,813350009190734,119375,119375,0,0,0,0,0,0,,
231,client_register,client_worker,1466,3397,813350009190734,813350009260266,69532,69532,0,0,0,0,0,0,,
231,client_encode,client_worker,1466,3397,813350009260266,813350009312036,51770,51770,0,0,0,0,0,0,,
232,server_admission,receive_thread,3421,3473,813350010497557,813350010600734,103177,103177,0,0,0,0,0,0,,
232,server_queue,target_worker,3421,3468,813350010600734,813350010691724,90990,27813,26718,36459,0,0,0,1,813350010637193,26718
232,server_queue,source_binder,3421,3473,813350010600734,813350010691724,90990,78386,0,12604,0,0,0,0,,
232,client_resume,target_worker,1466,3397,813350010786464,813350011022714,236250,94063,50260,91927,0,0,0,1,813350010878391,24062
232,client_resume,source_callback,1466,3362,813350010786464,813350011022714,236250,135156,0,101094,0,0,0,0,,
232,client_resolve,client_worker,1466,3397,813350009978078,813350010115474,137396,137396,0,0,0,0,0,0,,
232,client_register,client_worker,1466,3397,813350010115474,813350010290318,174844,146302,28542,0,0,0,0,0,,
232,client_encode,client_worker,1466,3397,813350010290318,813350010379641,89323,89323,0,0,0,0,0,0,,
233,server_admission,receive_thread,3421,3473,813350011622609,813350011724693,102084,102084,0,0,0,0,0,0,,
233,server_queue,target_worker,3421,3468,813350011724693,813350011815526,90833,35417,22760,32656,0,0,0,1,813350011757349,22760
233,server_queue,source_binder,3421,3473,813350011724693,813350011815526,90833,90833,0,0,0,0,0,0,,
233,client_resume,target_worker,1466,3397,813350011990578,813350012211828,221250,51146,77500,92604,0,0,0,1,813350012083182,77500
233,client_resume,source_callback,1466,3362,813350011990578,813350012211828,221250,186875,0,34375,0,0,0,0,,
233,client_resolve,client_worker,1466,3397,813350011217453,813350011345161,127708,127708,0,0,0,0,0,0,,
233,client_register,client_worker,1466,3397,813350011345161,813350011406411,61250,61250,0,0,0,0,0,0,,
233,client_encode,client_worker,1466,3397,813350011406411,813350011475266,68855,68855,0,0,0,0,0,0,,
234,server_admission,receive_thread,3421,3473,813350012644745,813350012748026,103281,103281,0,0,0,0,0,0,,
234,server_queue,target_worker,3421,3468,813350012748026,813350012853651,105625,40208,28334,37083,0,0,0,1,813350012785109,28334
234,server_queue,source_binder,3421,3473,813350012748026,813350012853651,105625,92344,0,13281,0,0,0,0,,
234,client_resume,target_worker,1466,3397,813350012978755,813350013146880,168125,35937,31771,100417,0,0,0,1,813350013079172,31771
234,client_resume,source_callback,1466,3362,813350012978755,813350013146880,168125,155573,0,12552,0,0,0,0,,
234,client_resolve,client_worker,1466,3397,813350012304068,813350012413234,109166,109166,0,0,0,0,0,0,,
234,client_register,client_worker,1466,3397,813350012413234,813350012493964,80730,80730,0,0,0,0,0,0,,
234,client_encode,client_worker,1466,3397,813350012493964,813350012559849,65885,65885,0,0,0,0,0,0,,
235,server_admission,receive_thread,3421,3473,813350013588651,813350013704380,115729,115729,0,0,0,0,0,0,,
235,server_queue,target_worker,3421,3468,813350013704380,813350013811776,107396,32917,31406,43073,0,0,0,1,813350013747453,31406
235,server_queue,source_binder,3421,3473,813350013704380,813350013811776,107396,98438,0,8958,0,0,0,0,,
235,client_resume,target_worker,1466,3397,813350013908755,813350014068130,159375,35937,25365,98073,0,0,0,1,813350014006828,25365
235,client_resume,source_callback,1466,3362,813350013908755,813350014068130,159375,142552,0,16823,0,0,0,0,,
235,client_resolve,client_worker,1466,3397,813350013254224,813350013369016,114792,114792,0,0,0,0,0,0,,
235,client_register,client_worker,1466,3397,813350013369016,813350013445422,76406,76406,0,0,0,0,0,0,,
235,client_encode,client_worker,1466,3397,813350013445422,813350013503026,57604,57604,0,0,0,0,0,0,,
236,server_admission,receive_thread,3421,3473,813350014532141,813350014628443,96302,96302,0,0,0,0,0,0,,
236,server_queue,target_worker,3421,3468,813350014628443,813350014739536,111093,45104,31458,34531,0,0,0,1,813350014662974,31458
236,server_queue,source_binder,3421,3473,813350014628443,813350014739536,111093,111093,0,0,0,0,0,0,,
236,client_resume,target_worker,1466,3397,813350014884589,813350015091307,206718,47448,29062,130208,0,0,0,1,813350015014797,29062
236,client_resume,source_callback,1466,3362,813350014884589,813350015091307,206718,192447,0,14271,0,0,0,0,,
236,client_resolve,client_worker,1466,3397,813350014175526,813350014288182,112656,112656,0,0,0,0,0,0,,
236,client_register,client_worker,1466,3397,813350014288182,813350014347505,59323,59323,0,0,0,0,0,0,,
236,client_encode,client_worker,1466,3397,813350014347505,813350014424172,76667,76667,0,0,0,0,0,0,,
237,server_admission,receive_thread,3421,3473,813350015542714,813350015671516,128802,128802,0,0,0,0,0,0,,
237,server_queue,target_worker,3421,3468,813350015671516,813350015767870,96354,28021,32344,35989,0,0,0,1,813350015707505,32344
237,server_queue,source_binder,3421,3473,813350015671516,813350015767870,96354,84583,0,11771,0,0,0,0,,
237,client_resume,target_worker,1466,3397,813350015863964,813350016016099,152135,32396,24896,94843,0,0,0,1,813350015958807,24896
237,client_resume,source_callback,1466,3362,813350015863964,813350016016099,152135,137447,0,14688,0,0,0,0,,
237,client_resolve,client_worker,1466,3397,813350015190318,813350015314745,124427,124427,0,0,0,0,0,0,,
237,client_register,client_worker,1466,3397,813350015314745,813350015390891,76146,76146,0,0,0,0,0,0,,
237,client_encode,client_worker,1466,3397,813350015390891,813350015459589,68698,68698,0,0,0,0,0,0,,
238,server_admission,receive_thread,3421,3473,813350016496984,813350016593339,96355,96355,0,0,0,0,0,0,,
238,server_queue,target_worker,3421,3468,813350016593339,813350016684432,91093,24739,30938,35416,0,0,0,1,813350016628755,30938
238,server_queue,source_binder,3421,3473,813350016593339,813350016684432,91093,80312,0,10781,0,0,0,0,,
238,client_resume,target_worker,1466,3397,813350016783547,813350016933182,149635,37031,23906,88698,0,0,0,1,813350016872245,23906
238,client_resume,source_callback,1466,3362,813350016783547,813350016933182,149635,144948,0,4687,0,0,0,0,,
238,client_resolve,client_worker,1466,3397,813350016136099,813350016248391,112292,112292,0,0,0,0,0,0,,
238,client_register,client_worker,1466,3397,813350016248391,813350016335943,87552,87552,0,0,0,0,0,0,,
238,client_encode,client_worker,1466,3397,813350016335943,813350016410057,74114,74114,0,0,0,0,0,0,,
239,server_admission,receive_thread,3421,3473,813350017371464,813350017464693,93229,93229,0,0,0,0,0,0,,
239,server_queue,target_worker,3421,3468,813350017464693,813350017558807,94114,29166,29427,35521,0,0,0,1,813350017500214,29427
239,server_queue,source_binder,3421,3473,813350017464693,813350017558807,94114,80573,0,13541,0,0,0,0,,
239,client_resume,target_worker,1466,3397,813350017645891,813350017806516,160625,37292,26771,96562,0,0,0,1,813350017742453,26771
239,client_resume,source_callback,1466,3362,813350017645891,813350017806516,160625,145468,0,15157,0,0,0,0,,
239,client_resolve,client_worker,1466,3397,813350017040214,813350017158703,118489,118489,0,0,0,0,0,0,,
239,client_register,client_worker,1466,3397,813350017158703,813350017226099,67396,67396,0,0,0,0,0,0,,
239,client_encode,client_worker,1466,3397,813350017226099,813350017287818,61719,61719,0,0,0,0,0,0,,
240,server_admission,receive_thread,3421,3473,813350018314745,813350018402661,87916,87916,0,0,0,0,0,0,,
240,server_queue,target_worker,3421,3468,813350018402661,813350018505682,103021,43593,29323,30105,0,0,0,1,813350018432766,29323
240,server_queue,source_binder,3421,3473,813350018402661,813350018505682,103021,99688,0,3333,0,0,0,0,,
240,client_resume,target_worker,1466,3397,813350018626411,813350018930422,304011,85105,128593,90313,0,0,0,1,813350018716724,34375
240,client_resume,source_callback,1466,3362,813350018626411,813350018930422,304011,143750,0,160261,0,0,0,0,,
240,client_resolve,client_worker,1466,3397,813350017903339,813350018024797,121458,121458,0,0,0,0,0,0,,
240,client_register,client_worker,1466,3397,813350018024797,813350018114901,90104,90104,0,0,0,0,0,0,,
240,client_encode,client_worker,1466,3397,813350018114901,813350018222557,107656,87916,19740,0,0,0,0,0,,
241,server_admission,receive_thread,3421,3473,813350019573078,813350019665839,92761,92761,0,0,0,0,0,0,,
241,server_queue,target_worker,3421,3468,813350019665839,813350019832818,166979,29532,93229,44218,0,0,0,1,813350019710057,93229
241,server_queue,source_binder,3421,3473,813350019665839,813350019832818,166979,151614,0,15365,0,0,0,0,,
241,client_resume,target_worker,1466,3397,813350019950214,813350020154120,203906,46459,73489,83958,0,0,0,1,813350020034172,73489
241,client_resume,source_callback,1466,3362,813350019950214,813350020154120,203906,203906,0,0,0,0,0,0,,
241,client_resolve,client_worker,1466,3397,813350019046568,813350019163964,117396,117396,0,0,0,0,0,0,,
241,client_register,client_worker,1466,3397,813350019163964,813350019226776,62812,62812,0,0,0,0,0,0,,
241,client_encode,client_worker,1466,3397,813350019226776,813350019377349,150573,123750,26823,0,0,0,0,0,,
242,server_admission,receive_thread,3421,3473,813350020686255,813350020779172,92917,92917,0,0,0,0,0,0,,
242,server_queue,target_worker,3421,3468,813350020779172,813350020935630,156458,36562,87500,32396,0,0,0,1,813350020811568,87500
242,server_queue,source_binder,3421,3473,813350020779172,813350020935630,156458,130000,0,26458,0,0,0,0,,
242,client_resume,target_worker,1466,3397,813350021050474,813350021229068,178594,47709,41250,89635,0,0,0,1,813350021140109,41250
242,client_resume,source_callback,1466,3362,813350021050474,813350021229068,178594,135625,0,42969,0,0,0,0,,
242,client_resolve,client_worker,1466,3397,813350020250891,813350020435526,184635,184635,0,0,0,0,0,0,,
242,client_register,client_worker,1466,3397,813350020435526,813350020524380,88854,88854,0,0,0,0,0,0,,
242,client_encode,client_worker,1466,3397,813350020524380,813350020577453,53073,53073,0,0,0,0,0,0,,
243,server_admission,receive_thread,3421,3473,813350021660109,813350021752401,92292,92292,0,0,0,0,0,0,,
243,server_queue,target_worker,3421,3468,813350021752401,813350021848234,95833,35260,27813,32760,0,0,0,1,813350021785161,27813
243,server_queue,source_binder,3421,3473,813350021752401,813350021848234,95833,82188,0,13645,0,0,0,0,,
243,client_resume,target_worker,1466,3397,813350021961724,813350022153078,191354,72500,28646,90208,0,0,0,1,813350022051932,28646
243,client_resume,source_callback,1466,3362,813350021961724,813350022153078,191354,162604,0,28750,0,0,0,0,,
243,client_resolve,client_worker,1466,3397,813350021332714,813350021454328,121614,121614,0,0,0,0,0,0,,
243,client_register,client_worker,1466,3397,813350021454328,813350021517922,63594,63594,0,0,0,0,0,0,,
243,client_encode,client_worker,1466,3397,813350021517922,813350021572349,54427,54427,0,0,0,0,0,0,,
244,server_admission,receive_thread,3421,3473,813350022625630,813350022720630,95000,95000,0,0,0,0,0,0,,
244,server_queue,target_worker,3421,3468,813350022720630,813350022810057,89427,25521,32135,31771,0,0,0,1,813350022752401,32135
244,server_queue,source_binder,3421,3473,813350022720630,813350022810057,89427,80261,0,9166,0,0,0,0,,
244,client_resume,target_worker,1466,3397,813350022909484,813350023068651,159167,43177,26302,89688,0,0,0,1,813350022999172,26302
244,client_resume,source_callback,1466,3362,813350022909484,813350023068651,159167,136302,0,22865,0,0,0,0,,
244,client_resolve,client_worker,1466,3397,813350022246620,813350022379589,132969,132969,0,0,0,0,0,0,,
244,client_register,client_worker,1466,3397,813350022379589,813350022461724,82135,82135,0,0,0,0,0,0,,
244,client_encode,client_worker,1466,3397,813350022461724,813350022516099,54375,54375,0,0,0,0,0,0,,
245,server_admission,receive_thread,3421,3473,813350023542714,813350023636255,93541,93541,0,0,0,0,0,0,,
245,server_queue,target_worker,3421,3468,813350023636255,813350023726203,89948,26875,30052,33021,0,0,0,1,813350023669276,30052
245,server_queue,source_binder,3421,3473,813350023636255,813350023726203,89948,79688,0,10260,0,0,0,0,,
245,client_resume,target_worker,1466,3397,813350023837818,813350024306359,468541,70416,198386,199739,0,0,0,1,813350024037557,198386
245,client_resume,source_callback,1466,3362,813350023837818,813350024306359,468541,355000,21250,92291,0,0,0,0,,
245,client_resolve,client_worker,1466,3397,813350023161151,813350023307922,146771,146771,0,0,0,0,0,0,,
245,client_register,client_worker,1466,3397,813350023307922,813350023378443,70521,70521,0,0,0,0,0,0,,
245,client_encode,client_worker,1466,3397,813350023378443,813350023441047,62604,62604,0,0,0,0,0,0,,
246,server_admission,receive_thread,3421,3473,813350024779224,813350024903182,123958,123958,0,0,0,0,0,0,,
246,server_queue,target_worker,3421,3468,813350024903182,813350025016776,113594,33958,36615,43021,0,0,0,1,813350024946203,36615
246,server_queue,source_binder,3421,3473,813350024903182,813350025016776,113594,103854,0,9740,0,0,0,0,,
246,client_resume,target_worker,1466,3397,813350025130943,813350025313234,182291,46093,26459,109739,0,0,0,1,813350025240682,26459
246,client_resume,source_callback,1466,3362,813350025130943,813350025313234,182291,163229,0,19062,0,0,0,0,,
246,client_resolve,client_worker,1466,3397,813350024390630,813350024524432,133802,133802,0,0,0,0,0,0,,
246,client_register,client_worker,1466,3397,813350024524432,813350024606984,82552,82552,0,0,0,0,0,0,,
246,client_encode,client_worker,1466,3397,813350024606984,813350024674380,67396,67396,0,0,0,0,0,0,,
247,server_admission,receive_thread,3421,3473,813350025815839,813350025918651,102812,102812,0,0,0,0,0,0,,
247,server_queue,target_worker,3421,3468,813350025918651,813350026032401,113750,44896,32031,36823,0,0,0,1,813350025955474,32031
247,server_queue,source_binder,3421,3473,813350025918651,813350026032401,113750,88333,0,25417,0,0,0,0,,
247,client_resume,target_worker,1466,3397,813350026154901,813350026322922,168021,49115,29479,89427,0,0,0,1,813350026244328,29479
247,client_resume,source_callback,1466,3362,813350026154901,813350026322922,168021,141458,0,26563,0,0,0,0,,
247,client_resolve,client_worker,1466,3397,813350025424484,813350025557036,132552,132552,0,0,0,0,0,0,,
247,client_register,client_worker,1466,3397,813350025557036,813350025641724,84688,84688,0,0,0,0,0,0,,
247,client_encode,client_worker,1466,3397,813350025641724,813350025711411,69687,69687,0,0,0,0,0,0,,
248,server_admission,receive_thread,3421,3473,813350026752870,813350026852505,99635,99635,0,0,0,0,0,0,,
248,server_queue,target_worker,3421,3468,813350026852505,813350026963911,111406,37291,36459,37656,0,0,0,1,813350026890161,36459
248,server_queue,source_binder,3421,3473,813350026852505,813350026963911,111406,93021,0,18385,0,0,0,0,,
248,client_resume,target_worker,1466,3397,813350027094172,813350027316516,222344,55261,70000,97083,0,0,0,1,813350027191255,70000
248,client_resume,source_callback,1466,3362,813350027094172,813350027316516,222344,182604,0,39740,0,0,0,0,,
248,client_resolve,client_worker,1466,3397,813350026412505,813350026522974,110469,110469,0,0,0,0,0,0,,
248,client_register,client_worker,1466,3397,813350026522974,813350026601516,78542,78542,0,0,0,0,0,0,,
248,client_encode,client_worker,1466,3397,813350026601516,813350026662089,60573,60573,0,0,0,0,0,0,,
249,server_admission,receive_thread,3421,3473,813350027980734,813350028087505,106771,106771,0,0,0,0,0,0,,
249,server_queue,target_worker,3421,3468,813350028087505,813350028459068,371563,112865,177187,81511,0,0,0,1,813350028169016,25364
249,server_queue,source_binder,3421,3473,813350028087505,813350028459068,371563,183906,0,187657,0,0,0,0,,
249,client_resume,target_worker,1466,3397,813350028576151,813350028805891,229740,53177,68803,107760,0,0,0,1,813350028683911,68803
249,client_resume,source_callback,1466,3362,813350028576151,813350028805891,229740,176563,0,53177,0,0,0,0,,
249,client_resolve,client_worker,1466,3397,813350027415318,813350027662766,247448,225938,21510,0,0,0,0,0,,
249,client_register,client_worker,1466,3397,813350027662766,813350027826307,163541,140884,22657,0,0,0,0,0,,
249,client_encode,client_worker,1466,3397,813350027826307,813350027893755,67448,67448,0,0,0,0,0,0,,
250,server_admission,receive_thread,3421,3473,813350029318026,813350029435891,117865,117865,0,0,0,0,0,0,,
250,server_queue,target_worker,3421,3468,813350029435891,813350029566203,130312,42969,48489,38854,0,0,0,1,813350029474745,48489
250,server_queue,source_binder,3421,3473,813350029435891,813350029566203,130312,114427,0,15885,0,0,0,0,,
250,client_resume,target_worker,1466,3397,813350029672766,813350029840318,167552,49948,35313,82291,0,0,0,1,813350029755057,35313
250,client_resume,source_callback,1466,3362,813350029672766,813350029840318,167552,155364,0,12188,0,0,0,0,,
250,client_resolve,client_worker,1466,3397,813350028899589,813350029093964,194375,194375,0,0,0,0,0,0,,
250,client_register,client_worker,1466,3397,813350029093964,813350029167349,73385,73385,0,0,0,0,0,0,,
250,client_encode,client_worker,1466,3397,813350029167349,813350029226776,59427,59427,0,0,0,0,0,0,,
251,server_admission,receive_thread,3421,3473,813350030368807,813350030466672,97865,97865,0,0,0,0,0,0,,
251,server_queue,target_worker,3421,3468,813350030466672,813350030557818,91146,25209,28906,37031,0,0,0,1,813350030503703,28906
251,server_queue,source_binder,3421,3473,813350030466672,813350030557818,91146,82292,0,8854,0,0,0,0,,
251,client_resume,target_worker,1466,3397,813350030648130,813350030793807,145677,46771,22135,76771,0,0,0,1,813350030724901,22135
251,client_resume,source_callback,1466,3362,813350030648130,813350030793807,145677,116146,0,29531,0,0,0,0,,
251,client_resolve,client_worker,1466,3397,813350029950578,813350030114016,163438,163438,0,0,0,0,0,0,,
251,client_register,client_worker,1466,3397,813350030114016,813350030218703,104687,104687,0,0,0,0,0,0,,
251,client_encode,client_worker,1466,3397,813350030218703,813350030280057,61354,61354,0,0,0,0,0,0,,
252,server_admission,receive_thread,3421,3473,813350031240578,813350031336047,95469,95469,0,0,0,0,0,0,,
252,server_queue,target_worker,3421,3468,813350031336047,813350031421984,85937,23958,27969,34010,0,0,0,1,813350031370057,27969
252,server_queue,source_binder,3421,3473,813350031336047,813350031421984,85937,80469,0,5468,0,0,0,0,,
252,client_resume,target_worker,1466,3397,813350031531359,813350031676568,145209,33854,21928,89427,0,0,0,1,813350031620786,21928
252,client_resume,source_callback,1466,3362,813350031531359,813350031676568,145209,129636,0,15573,0,0,0,0,,
252,client_resolve,client_worker,1466,3397,813350030885318,813350031012036,126718,126718,0,0,0,0,0,0,,
252,client_register,client_worker,1466,3397,813350031012036,813350031083026,70990,70990,0,0,0,0,0,0,,
252,client_encode,client_worker,1466,3397,813350031083026,813350031137818,54792,54792,0,0,0,0,0,0,,
253,server_admission,receive_thread,3421,3473,813350032130630,813350032221880,91250,91250,0,0,0,0,0,0,,
253,server_queue,target_worker,3421,3468,813350032221880,813350032316047,94167,27917,28854,37396,0,0,0,1,813350032259276,28854
253,server_queue,source_binder,3421,3473,813350032221880,813350032316047,94167,79792,0,14375,0,0,0,0,,
253,client_resume,target_worker,1466,3397,813350032407974,813350032569016,161042,35782,25781,99479,0,0,0,1,813350032507453,25781
253,client_resume,source_callback,1466,3362,813350032407974,813350032569016,161042,139687,0,21355,0,0,0,0,,
253,client_resolve,client_worker,1466,3397,813350031771151,813350031904432,133281,133281,0,0,0,0,0,0,,
253,client_register,client_worker,1466,3397,813350031904432,813350031980682,76250,76250,0,0,0,0,0,0,,
253,client_encode,client_worker,1466,3397,813350031980682,813350032045005,64323,64323,0,0,0,0,0,0,,
254,server_admission,receive_thread,3421,3473,813350033001359,813350033093755,92396,92396,0,0,0,0,0,0,,
254,server_queue,target_worker,3421,3468,813350033093755,813350033204849,111094,29948,26771,54375,0,0,0,1,813350033148130,26771
254,server_queue,source_binder,3421,3473,813350033093755,813350033204849,111094,97031,0,14063,0,0,0,0,,
254,client_resume,target_worker,1466,3397,813350033296776,813350033454641,157865,37552,22917,97396,0,0,0,1,813350033394172,22917
254,client_resume,source_callback,1466,3362,813350033296776,813350033454641,157865,137344,0,20521,0,0,0,0,,
254,client_resolve,client_worker,1466,3397,813350032670422,813350032796047,125625,125625,0,0,0,0,0,0,,
254,client_register,client_worker,1466,3397,813350032796047,813350032864797,68750,68750,0,0,0,0,0,0,,
254,client_encode,client_worker,1466,3397,813350032864797,813350032924328,59531,59531,0,0,0,0,0,0,,
255,server_admission,receive_thread,3421,3473,813350033862141,813350033955630,93489,93489,0,0,0,0,0,0,,
255,server_queue,target_worker,3421,3468,813350033955630,813350034043234,87604,26510,28229,32865,0,0,0,1,813350033988495,28229
255,server_queue,source_binder,3421,3473,813350033955630,813350034043234,87604,75313,0,12291,0,0,0,0,,
255,client_resume,target_worker,1466,3397,813350034132661,813350034280578,147917,36979,25417,85521,0,0,0,1,813350034218182,25417
255,client_resume,source_callback,1466,3362,813350034132661,813350034280578,147917,130417,0,17500,0,0,0,0,,
255,client_resolve,client_worker,1466,3397,813350033539328,813350033651307,111979,111979,0,0,0,0,0,0,,
255,client_register,client_worker,1466,3397,813350033651307,813350033711307,60000,60000,0,0,0,0,0,0,,
255,client_encode,client_worker,1466,3397,813350033711307,813350033788703,77396,77396,0,0,0,0,0,0,,
256,server_admission,receive_thread,3421,3473,813350034730161,813350034836568,106407,106407,0,0,0,0,0,0,,
256,server_queue,target_worker,3421,3468,813350034836568,813350034930474,93906,27708,28386,37812,0,0,0,1,813350034874380,28386
256,server_queue,source_binder,3421,3473,813350034836568,813350034930474,93906,84948,0,8958,0,0,0,0,,
256,client_resume,target_worker,1466,3397,813350035024641,813350035232297,207656,40156,72709,94791,0,0,0,1,813350035119432,72709
256,client_resume,source_callback,1466,3362,813350035024641,813350035232297,207656,167500,0,40156,0,0,0,0,,
256,client_resolve,client_worker,1466,3397,813350034382401,813350034502974,120573,120573,0,0,0,0,0,0,,
256,client_register,client_worker,1466,3397,813350034502974,813350034579380,76406,76406,0,0,0,0,0,0,,
256,client_encode,client_worker,1466,3397,813350034579380,813350034644276,64896,64896,0,0,0,0,0,0,,
257,server_admission,receive_thread,3421,3473,813350035751984,813350035848807,96823,96823,0,0,0,0,0,0,,
257,server_queue,target_worker,3421,3468,813350035848807,813350035950109,101302,37083,30990,33229,0,0,0,1,813350035882036,30990
257,server_queue,source_binder,3421,3473,813350035848807,813350035950109,101302,81042,0,20260,0,0,0,0,,
257,client_resume,target_worker,1466,3397,813350036072557,813350036311672,239115,72136,32552,134427,0,0,0,1,813350036206984,32552
257,client_resume,source_callback,1466,3362,813350036072557,813350036311672,239115,182240,0,56875,0,0,0,0,,
257,client_resolve,client_worker,1466,3397,813350035319641,813350035518651,199010,199010,0,0,0,0,0,0,,
257,client_register,client_worker,1466,3397,813350035518651,813350035592818,74167,74167,0,0,0,0,0,0,,
257,client_encode,client_worker,1466,3397,813350035592818,813350035663964,71146,71146,0,0,0,0,0,0,,
258,server_admission,receive_thread,3421,3473,813350037075839,813350037181255,105416,105416,0,0,0,0,0,0,,
258,server_queue,target_worker,3421,3468,813350037181255,813350037289589,108334,41094,28646,38594,0,0,0,1,813350037219849,28646
258,server_queue,source_binder,3421,3473,813350037181255,813350037289589,108334,108334,0,0,0,0,0,0,,
258,client_resume,target_worker,1466,3397,813350037390318,813350037593703,203385,48125,53177,102083,0,0,0,1,813350037492401,53177
258,client_resume,source_callback,1466,3362,813350037390318,813350037593703,203385,174218,0,29167,0,0,0,0,,
258,client_resolve,client_worker,1466,3397,813350036717609,813350036843078,125469,125469,0,0,0,0,0,0,,
258,client_register,client_worker,1466,3397,813350036843078,813350036911932,68854,68854,0,0,0,0,0,0,,
258,client_encode,client_worker,1466,3397,813350036911932,813350036976203,64271,64271,0,0,0,0,0,0,,
259,server_admission,receive_thread,3421,3473,813350038062922,813350038163495,100573,100573,0,0,0,0,0,0,,
259,server_queue,target_worker,3421,3468,813350038163495,813350038257870,94375,36979,26927,30469,0,0,0,1,813350038193964,26927
259,server_queue,source_binder,3421,3473,813350038163495,813350038257870,94375,73385,0,20990,0,0,0,0,,
259,client_resume,target_worker,1466,3397,813350038357089,813350038632453,275364,67656,107656,100052,0,0,0,1,813350038457141,107656
259,client_resume,source_callback,1466,3362,813350038357089,813350038632453,275364,216458,0,58906,0,0,0,0,,
259,client_resolve,client_worker,1466,3397,813350037706307,813350037836620,130313,130313,0,0,0,0,0,0,,
259,client_register,client_worker,1466,3397,813350037836620,813350037907557,70937,70937,0,0,0,0,0,0,,
259,client_encode,client_worker,1466,3397,813350037907557,813350037970943,63386,63386,0,0,0,0,0,0,,
260,server_admission,receive_thread,3421,3473,813350039061672,813350039153182,91510,91510,0,0,0,0,0,0,,
260,server_queue,target_worker,3421,3468,813350039153182,813350039253026,99844,34427,29479,35938,0,0,0,1,813350039189120,29479
260,server_queue,source_binder,3421,3473,813350039153182,813350039253026,99844,80365,0,19479,0,0,0,0,,
260,client_resume,target_worker,1466,3397,813350039354536,813350039540318,185782,71302,29740,84740,0,0,0,1,813350039439276,29740
260,client_resume,source_callback,1466,3362,813350039354536,813350039540318,185782,126198,0,59584,0,0,0,0,,
260,client_resolve,client_worker,1466,3397,813350038711984,813350038827922,115938,115938,0,0,0,0,0,0,,
260,client_register,client_worker,1466,3397,813350038827922,813350038923234,95312,95312,0,0,0,0,0,0,,
260,client_encode,client_worker,1466,3397,813350038923234,813350038984953,61719,61719,0,0,0,0,0,0,,
261,server_admission,receive_thread,3421,3473,813350039952922,813350040043182,90260,90260,0,0,0,0,0,0,,
261,server_queue,target_worker,3421,3468,813350040043182,813350040136203,93021,33542,26614,32865,0,0,0,1,813350040076047,26614
261,server_queue,source_binder,3421,3473,813350040043182,813350040136203,93021,92657,0,364,0,0,0,0,,
261,client_resume,target_worker,1466,3397,813350040232401,813350040408807,176406,50573,29479,96354,0,0,0,1,813350040328755,29479
261,client_resume,source_callback,1466,3362,813350040232401,813350040408807,176406,141354,0,35052,0,0,0,0,,
261,client_resolve,client_worker,1466,3397,813350039627193,813350039736828,109635,109635,0,0,0,0,0,0,,
261,client_register,client_worker,1466,3397,813350039736828,813350039811359,74531,74531,0,0,0,0,0,0,,
261,client_encode,client_worker,1466,3397,813350039811359,813350039877661,66302,66302,0,0,0,0,0,0,,
262,server_admission,receive_thread,3421,3473,813350040856984,813350040944120,87136,87136,0,0,0,0,0,0,,
262,server_queue,target_worker,3421,3468,813350040944120,813350041040318,96198,35157,29739,31302,0,0,0,1,813350040975422,29739
262,server_queue,source_binder,3421,3473,813350040944120,813350041040318,96198,76979,0,19219,0,0,0,0,,
262,client_resume,target_worker,1466,3397,813350041134484,813350041296307,161823,45104,26458,90261,0,0,0,1,813350041224745,26458
262,client_resume,source_callback,1466,3362,813350041134484,813350041296307,161823,130365,0,31458,0,0,0,0,,
262,client_resolve,client_worker,1466,3397,813350040522505,813350040641672,119167,119167,0,0,0,0,0,0,,
262,client_register,client_worker,1466,3397,813350040641672,813350040722974,81302,81302,0,0,0,0,0,0,,
262,client_encode,client_worker,1466,3397,813350040722974,813350040778443,55469,55469,0,0,0,0,0,0,,
263,server_admission,receive_thread,3421,3473,813350041738286,813350041840266,101980,101980,0,0,0,0,0,0,,
263,server_queue,target_worker,3421,3468,813350041840266,813350041937245,96979,34271,27969,34739,0,0,0,1,813350041875005,27969
263,server_queue,source_binder,3421,3473,813350041840266,813350041937245,96979,79323,0,17656,0,0,0,0,,
263,client_resume,target_worker,1466,3397,813350042044797,813350042218599,173802,48281,33698,91823,0,0,0,1,813350042136620,33698
263,client_resume,source_callback,1466,3362,813350042044797,813350042218599,173802,148802,0,25000,0,0,0,0,,
263,client_resolve,client_worker,1466,3397,813350041400109,813350041509224,109115,109115,0,0,0,0,0,0,,
263,client_register,client_worker,1466,3397,813350041509224,813350041599589,90365,90365,0,0,0,0,0,0,,
263,client_encode,client_worker,1466,3397,813350041599589,813350041659641,60052,60052,0,0,0,0,0,0,,
264,server_admission,receive_thread,3421,3473,813350042673026,813350042758651,85625,85625,0,0,0,0,0,0,,
264,server_queue,target_worker,3421,3468,813350042758651,813350042848078,89427,33594,25260,30573,0,0,0,1,813350042789224,25260
264,server_queue,source_binder,3421,3473,813350042758651,813350042848078,89427,72552,0,16875,0,0,0,0,,
264,client_resume,target_worker,1466,3397,813350042940943,813350043114016,173073,65521,29011,78541,0,0,0,1,813350043019484,29011
264,client_resume,source_callback,1466,3362,813350042940943,813350043114016,173073,147083,0,25990,0,0,0,0,,
264,client_resolve,client_worker,1466,3397,813350042306255,813350042447766,141511,141511,0,0,0,0,0,0,,
264,client_register,client_worker,1466,3397,813350042447766,813350042531255,83489,83489,0,0,0,0,0,0,,
264,client_encode,client_worker,1466,3397,813350042531255,813350042591880,60625,60625,0,0,0,0,0,0,,
265,server_admission,receive_thread,3421,3473,813350043889432,813350044000214,110782,110782,0,0,0,0,0,0,,
265,server_queue,target_worker,3421,3468,813350044000214,813350044119745,119531,50469,31042,38020,0,0,0,1,813350044038234,31042
265,server_queue,source_binder,3421,3473,813350044000214,813350044119745,119531,91406,0,28125,0,0,0,0,,
265,client_resume,target_worker,1466,3397,813350044215214,813350044553339,338125,94844,51771,191510,0,0,0,1,813350044406724,22396
265,client_resume,source_callback,1466,3362,813350044215214,813350044553339,338125,197760,38646,101719,0,0,0,0,,
265,client_resolve,client_worker,1466,3397,813350043226724,813350043494849,268125,243906,24219,0,0,0,0,0,,
265,client_register,client_worker,1466,3397,813350043494849,813350043580318,85469,85469,0,0,0,0,0,0,,
265,client_encode,client_worker,1466,3397,813350043580318,813350043766984,186666,129270,57396,0,0,0,0,0,,
266,server_admission,receive_thread,3421,3473,813350045230057,813350045350578,120521,120521,0,0,0,0,0,0,,
266,server_queue,target_worker,3421,3468,813350045350578,813350045455057,104479,27760,31979,44740,0,0,0,1,813350045395318,31979
266,server_queue,source_binder,3421,3473,813350045350578,813350045455057,104479,96458,0,8021,0,0,0,0,,
266,client_resume,target_worker,1466,3397,813350045560839,813350045719484,158645,37083,24635,96927,0,0,0,1,813350045657766,24635
266,client_resume,source_callback,1466,3362,813350045560839,813350045719484,158645,142135,0,16510,0,0,0,0,,
266,client_resolve,client_worker,1466,3397,813350044646203,813350044981411,335208,247083,88125,0,0,0,0,0,,
266,client_register,client_worker,1466,3397,813350044981411,813350045046151,64740,64740,0,0,0,0,0,0,,
266,client_encode,client_worker,1466,3397,813350045046151,813350045117089,70938,70938,0,0,0,0,0,0,,
267,server_admission,receive_thread,3421,3473,813350046154641,813350046248807,94166,94166,0,0,0,0,0,0,,
267,server_queue,target_worker,3421,3468,813350046248807,813350046341047,92240,23490,26146,42604,0,0,0,1,813350046291411,26146
267,server_queue,source_binder,3421,3473,813350046248807,813350046341047,92240,90052,0,2188,0,0,0,0,,
267,client_resume,target_worker,1466,3397,813350046433547,813350046611724,178177,46719,26406,105052,0,0,0,1,813350046538599,26406
267,client_resume,source_callback,1466,3362,813350046433547,813350046611724,178177,178177,0,0,0,0,0,0,,
267,client_resolve,client_worker,1466,3397,813350045818495,813350045935266,116771,116771,0,0,0,0,0,0,,
267,client_register,client_worker,1466,3397,813350045935266,813350046002089,66823,66823,0,0,0,0,0,0,,
267,client_encode,client_worker,1466,3397,813350046002089,813350046059589,57500,57500,0,0,0,0,0,0,,
268,server_admission,receive_thread,3421,3473,813350047068339,813350047162453,94114,94114,0,0,0,0,0,0,,
268,server_queue,target_worker,3421,3468,813350047162453,813350047278651,116198,23125,58854,34219,0,0,0,1,813350047196672,58854
268,server_queue,source_binder,3421,3473,813350047162453,813350047278651,116198,112292,0,3906,0,0,0,0,,
268,client_resume,target_worker,1466,3397,813350047385109,813350047572453,187344,32187,53282,101875,0,0,0,1,813350047486984,53282
268,client_resume,source_callback,1466,3362,813350047385109,813350047572453,187344,174948,0,12396,0,0,0,0,,
268,client_resolve,client_worker,1466,3397,813350046698234,813350046824328,126094,126094,0,0,0,0,0,0,,
268,client_register,client_worker,1466,3397,813350046824328,813350046910943,86615,86615,0,0,0,0,0,0,,
268,client_encode,client_worker,1466,3397,813350046910943,813350046959797,48854,48854,0,0,0,0,0,0,,
269,server_admission,receive_thread,3421,3473,813350048121359,813350048232453,111094,111094,0,0,0,0,0,0,,
269,server_queue,target_worker,3421,3468,813350048232453,813350048326255,93802,27239,24636,41927,0,0,0,1,813350048274380,24636
269,server_queue,source_binder,3421,3473,813350048232453,813350048326255,93802,86927,0,6875,0,0,0,0,,
269,client_resume,target_worker,1466,3397,813350048450734,813350048634901,184167,46042,24739,113386,0,0,0,1,813350048564120,24739
269,client_resume,source_callback,1466,3362,813350048450734,813350048634901,184167,158750,0,25417,0,0,0,0,,
269,client_resolve,client_worker,1466,3397,813350047672609,813350047778859,106250,106250,0,0,0,0,0,0,,
269,client_register,client_worker,1466,3397,813350047778859,813350047962089,183230,107449,75781,0,0,0,0,0,,
269,client_encode,client_worker,1466,3397,813350047962089,813350048021516,59427,59427,0,0,0,0,0,0,,
270,server_admission,receive_thread,3421,3473,813350049022141,813350049129068,106927,106927,0,0,0,0,0,0,,
270,server_queue,target_worker,3421,3468,813350049129068,813350049242141,113073,44375,32396,36302,0,0,0,1,813350049165370,32396
270,server_queue,source_binder,3421,3473,813350049129068,813350049242141,113073,113073,0,0,0,0,0,0,,
270,client_resume,target_worker,1466,3397,813350049515578,813350049687557,171979,53646,40416,77917,0,0,0,1,813350049593495,40416
270,client_resume,source_callback,1466,3362,813350049515578,813350049687557,171979,130261,41718,0,0,0,0,0,,
270,client_resolve,client_worker,1466,3397,813350048713547,813350048818339,104792,104792,0,0,0,0,0,0,,
270,client_register,client_worker,1466,3397,813350048818339,813350048888286,69947,69947,0,0,0,0,0,0,,
270,client_encode,client_worker,1466,3397,813350048888286,813350048938391,50105,50105,0,0,0,0,0,0,,
271,server_admission,receive_thread,3421,3473,813350050260214,813350050361932,101718,101718,0,0,0,0,0,0,,
271,server_queue,target_worker,3421,3468,813350050361932,813350050538078,176146,88750,52760,34636,0,0,0,1,813350050396568,52760
271,server_queue,source_binder,3421,3473,813350050361932,813350050538078,176146,87396,0,88750,0,0,0,0,,
271,client_resume,target_worker,1466,3397,813350050818391,813350051282245,463854,87917,285052,90885,0,0,0,1,813350050909276,56563
271,client_resume,source_callback,1466,3362,813350050818391,813350051282245,463854,147448,0,316406,0,0,0,0,,
271,client_resolve,client_worker,1466,3397,813350049779745,813350049917974,138229,138229,0,0,0,0,0,0,,
271,client_register,client_worker,1466,3397,813350049917974,813350050003286,85312,85312,0,0,0,0,0,0,,
271,client_encode,client_worker,1466,3397,813350050003286,813350050058964,55678,55678,0,0,0,0,0,0,,
272,server_admission,receive_thread,3421,3473,813350054382036,813350054662974,280938,210104,70834,0,0,0,0,0,,
272,server_queue,target_worker,3421,3468,813350054662974,813350054810057,147083,44635,41146,61302,0,0,0,1,813350054724276,41146
272,server_queue,source_binder,3421,3473,813350054662974,813350054810057,147083,102448,0,44635,0,0,0,0,,
272,client_resume,target_worker,1466,3397,813350055054849,813350055265578,210729,56198,51823,102708,0,0,0,1,813350055157557,51823
272,client_resume,source_callback,1466,3362,813350055054849,813350055265578,210729,161302,0,49427,0,0,0,0,,
272,client_resolve,client_worker,1466,3397,813350051366568,813350051634276,267708,165521,102187,0,0,0,0,0,,
272,client_register,client_worker,1466,3397,813350051634276,813350051698026,63750,63750,0,0,0,0,0,0,,
272,client_encode,client_worker,1466,3397,813350051698026,813350051762193,64167,64167,0,0,0,0,0,0,,
273,server_admission,receive_thread,3421,3473,813350056421047,813350056671464,250417,189479,60938,0,0,0,0,0,,
273,server_queue,target_worker,3421,3468,813350056671464,813350057188443,516979,70520,327709,118750,0,0,0,1,813350056790214,137656
273,server_queue,source_binder,3421,3473,813350056671464,813350057188443,516979,120416,396563,0,0,0,0,0,,
273,client_resume,target_worker,1466,3397,813350057359276,813350059032609,1673333,82031,1484375,106927,0,0,0,1,813350057466203,1484375
273,client_resume,source_callback,1466,3362,813350057359276,813350059032609,1673333,222240,159895,1291198,0,0,0,0,,
273,client_resolve,client_worker,1466,3397,813350055353807,813350055494589,140782,140782,0,0,0,0,0,0,,
273,client_register,client_worker,1466,3397,813350055494589,813350055563807,69218,69218,0,0,0,0,0,0,,
273,client_encode,client_worker,1466,3397,813350055563807,813350055628078,64271,64271,0,0,0,0,0,0,,
274,server_admission,receive_thread,3421,3473,813350059688495,813350059846047,157552,157552,0,0,0,0,0,0,,
274,server_queue,target_worker,3421,3468,813350059846047,813350059966047,120000,48177,24427,47396,0,0,0,1,813350059893443,24427
274,server_queue,source_binder,3421,3473,813350059846047,813350059966047,120000,101823,0,18177,0,0,0,0,,
274,client_resume,target_worker,1466,3397,813350060276724,813350060492818,216094,58802,27188,130104,0,0,0,1,813350060406828,27188
274,client_resume,source_callback,1466,3362,813350060276724,813350060492818,216094,179687,0,36407,0,0,0,0,,
274,client_resolve,client_worker,1466,3397,813350059139849,813350059297297,157448,157448,0,0,0,0,0,0,,
274,client_register,client_worker,1466,3397,813350059297297,813350059378859,81562,81562,0,0,0,0,0,0,,
274,client_encode,client_worker,1466,3397,813350059378859,813350059440474,61615,61615,0,0,0,0,0,0,,
275,server_admission,receive_thread,3421,3473,813350061116255,813350061239380,123125,123125,0,0,0,0,0,0,,
275,server_queue,target_worker,3421,3468,813350061239380,813350061691828,452448,83073,330729,38646,0,0,0,1,813350061278026,229271
275,server_queue,source_binder,3421,3473,813350061239380,813350061691828,452448,89167,0,363281,0,0,0,0,,
275,client_resume,target_worker,1466,3397,813350061819745,813350062061620,241875,53021,70260,118594,0,0,0,1,813350061938339,70260
275,client_resume,source_callback,1466,3362,813350061819745,813350062061620,241875,188854,0,53021,0,0,0,0,,
275,client_resolve,client_worker,1466,3397,813350060611776,813350060756255,144479,144479,0,0,0,0,0,0,,
275,client_register,client_worker,1466,3397,813350060756255,813350060865630,109375,109375,0,0,0,0,0,0,,
275,client_encode,client_worker,1466,3397,813350060865630,813350060915734,50104,50104,0,0,0,0,0,0,,
276,server_admission,receive_thread,3421,3473,813350062747036,813350062872505,125469,125469,0,0,0,0,0,0,,
276,server_queue,target_worker,3421,3468,813350062872505,813350062987089,114584,45313,31250,38021,0,0,0,1,813350062910526,31250
276,server_queue,source_binder,3421,3473,813350062872505,813350062987089,114584,88750,0,25834,0,0,0,0,,
276,client_resume,target_worker,1466,3397,813350063111932,813350063371307,259375,64063,89843,105469,0,0,0,1,813350063217401,30781
276,client_resume,source_callback,1466,3362,813350063111932,813350063371307,259375,150000,0,109375,0,0,0,0,,
276,client_resolve,client_worker,1466,3397,813350062155839,813350062496932,341093,208072,133021,0,0,0,0,0,,
276,client_register,client_worker,1466,3397,813350062496932,813350062571099,74167,74167,0,0,0,0,0,0,,
276,client_encode,client_worker,1466,3397,813350062571099,813350062646932,75833,75833,0,0,0,0,0,0,,
277,server_admission,receive_thread,3421,3473,813350063963443,813350064074484,111041,111041,0,0,0,0,0,0,,
277,server_queue,target_worker,3421,3468,813350064074484,813350064297245,222761,34948,85625,102188,0,0,0,1,813350064176672,85625
277,server_queue,source_binder,3421,3473,813350064074484,813350064297245,222761,149636,0,73125,0,0,0,0,,
277,client_resume,target_worker,1466,3397,813350064425682,813350064601359,175677,50677,25833,99167,0,0,0,1,813350064524849,25833
277,client_resume,source_callback,1466,3362,813350064425682,813350064601359,175677,149532,0,26145,0,0,0,0,,
277,client_resolve,client_worker,1466,3397,813350063466464,813350063593339,126875,126875,0,0,0,0,0,0,,
277,client_register,client_worker,1466,3397,813350063593339,813350063664797,71458,71458,0,0,0,0,0,0,,
277,client_encode,client_worker,1466,3397,813350063664797,813350063710474,45677,45677,0,0,0,0,0,0,,
278,server_admission,receive_thread,3421,3473,813350065088599,813350065194901,106302,106302,0,0,0,0,0,0,,
278,server_queue,target_worker,3421,3468,813350065194901,813350065315422,120521,41823,41354,37344,0,0,0,1,813350065232245,41354
278,server_queue,source_binder,3421,3473,813350065194901,813350065315422,120521,101406,0,19115,0,0,0,0,,
278,client_resume,target_worker,1466,3397,813350065432141,813350065627714,195573,67396,30313,97864,0,0,0,1,813350065530005,30313
278,client_resume,source_callback,1466,3362,813350065432141,813350065627714,195573,150468,0,45105,0,0,0,0,,
278,client_resolve,client_worker,1466,3397,813350064714953,813350064832349,117396,117396,0,0,0,0,0,0,,
278,client_register,client_worker,1466,3397,813350064832349,813350064920630,88281,88281,0,0,0,0,0,0,,
278,client_encode,client_worker,1466,3397,813350064920630,813350064972766,52136,52136,0,0,0,0,0,0,,
279,server_admission,receive_thread,3421,3473,813350066111464,813350066217922,106458,106458,0,0,0,0,0,0,,
279,server_queue,target_worker,3421,3468,813350066217922,813350066403911,185989,71509,77918,36562,0,0,0,1,813350066254484,37032
279,server_queue,source_binder,3421,3473,813350066217922,813350066403911,185989,154375,0,31614,0,0,0,0,,
279,client_resume,target_worker,1466,3397,813350066525161,813350066726724,201563,56198,43854,101511,0,0,0,1,813350066626672,43854
279,client_resume,source_callback,1466,3362,813350066525161,813350066726724,201563,171823,0,29740,0,0,0,0,,
279,client_resolve,client_worker,1466,3397,813350065715995,813350065874484,158489,158489,0,0,0,0,0,0,,
279,client_register,client_worker,1466,3397,813350065874484,813350065950526,76042,76042,0,0,0,0,0,0,,
279,client_encode,client_worker,1466,3397,813350065950526,813350066010161,59635,59635,0,0,0,0,0,0,,
280,server_admission,receive_thread,3421,3473,813350067194901,813350067299016,104115,104115,0,0,0,0,0,0,,
280,server_queue,target_worker,3421,3468,813350067299016,813350067447036,148020,42864,57083,48073,0,0,0,1,813350067347089,57083
280,server_queue,source_binder,3421,3473,813350067299016,813350067447036,148020,148020,0,0,0,0,0,0,,
280,client_resume,target_worker,1466,3397,813350067567297,813350067804641,237344,66355,52916,118073,0,0,0,1,813350067685370,52916
280,client_resume,source_callback,1466,3362,813350067567297,813350067804641,237344,205573,0,31771,0,0,0,0,,
280,client_resolve,client_worker,1466,3397,813350066839276,813350066970109,130833,130833,0,0,0,0,0,0,,
280,client_register,client_worker,1466,3397,813350066970109,813350067057089,86980,86980,0,0,0,0,0,0,,
280,client_encode,client_worker,1466,3397,813350067057089,813350067108182,51093,51093,0,0,0,0,0,0,,
281,server_admission,receive_thread,3421,3473,813350068276984,813350068379224,102240,102240,0,0,0,0,0,0,,
281,server_queue,target_worker,3421,3468,813350068379224,813350068488755,109531,42760,29844,36927,0,0,0,1,813350068416151,29844
281,server_queue,source_binder,3421,3473,813350068379224,813350068488755,109531,86406,0,23125,0,0,0,0,,
281,client_resume,target_worker,1466,3397,813350068609484,813350068801255,191771,47760,41823,102188,0,0,0,1,813350068711672,41823
281,client_resume,source_callback,1466,3362,813350068609484,813350068801255,191771,168490,0,23281,0,0,0,0,,
281,client_resolve,client_worker,1466,3397,813350067905526,813350068030318,124792,124792,0,0,0,0,0,0,,
281,client_register,client_worker,1466,3397,813350068030318,813350068135422,105104,105104,0,0,0,0,0,0,,
281,client_encode,client_worker,1466,3397,813350068135422,813350068188651,53229,53229,0,0,0,0,0,0,,
282,server_admission,receive_thread,3421,3473,813350069203286,813350069296568,93282,93282,0,0,0,0,0,0,,
282,server_queue,target_worker,3421,3468,813350069296568,813350069392089,95521,36459,26250,32812,0,0,0,1,813350069329380,26250
282,server_queue,source_binder,3421,3473,813350069296568,813350069392089,95521,77500,0,18021,0,0,0,0,,
282,client_resume,target_worker,1466,3397,813350069493443,813350069677349,183906,49375,43177,91354,0,0,0,1,813350069584797,43177
282,client_resume,source_callback,1466,3362,813350069493443,813350069677349,183906,138125,0,45781,0,0,0,0,,
282,client_resolve,client_worker,1466,3397,813350068877870,813350068999016,121146,121146,0,0,0,0,0,0,,
282,client_register,client_worker,1466,3397,813350068999016,813350069077609,78593,78593,0,0,0,0,0,0,,
282,client_encode,client_worker,1466,3397,813350069077609,813350069119276,41667,41667,0,0,0,0,0,0,,
283,server_admission,receive_thread,3421,3473,813350070084745,813350070186828,102083,102083,0,0,0,0,0,0,,
283,server_queue,target_worker,3421,3468,813350070186828,813350070288234,101406,36666,27917,36823,0,0,0,1,813350070223651,27917
283,server_queue,source_binder,3421,3473,813350070186828,813350070288234,101406,82917,0,18489,0,0,0,0,,
283,client_resume,target_worker,1466,3397,813350070387714,813350070578911,191197,71145,26667,93385,0,0,0,1,813350070481099,26667
283,client_resume,source_callback,1466,3362,813350070387714,813350070578911,191197,157395,0,33802,0,0,0,0,,
283,client_resolve,client_worker,1466,3397,813350069764380,813350069887609,123229,123229,0,0,0,0,0,0,,
283,client_register,client_worker,1466,3397,813350069887609,813350069951255,63646,63646,0,0,0,0,0,0,,
283,client_encode,client_worker,1466,3397,813350069951255,813350069994693,43438,43438,0,0,0,0,0,0,,
284,server_admission,receive_thread,3421,3473,813350070990786,813350071091151,100365,100365,0,0,0,0,0,0,,
284,server_queue,target_worker,3421,3468,813350071091151,813350071198703,107552,42344,28437,36771,0,0,0,1,813350071127922,28437
284,server_queue,source_binder,3421,3473,813350071091151,813350071198703,107552,101198,0,6354,0,0,0,0,,
284,client_resume,target_worker,1466,3397,813350071323078,813350071509589,186511,53646,19219,113646,0,0,0,1,813350071436724,19219
284,client_resume,source_callback,1466,3362,813350071323078,813350071509589,186511,156667,0,29844,0,0,0,0,,
284,client_resolve,client_worker,1466,3397,813350070654589,813350070782870,128281,128281,0,0,0,0,0,0,,
284,client_register,client_worker,1466,3397,813350070782870,813350070843964,61094,61094,0,0,0,0,0,0,,
284,client_encode,client_worker,1466,3397,813350070843964,813350070895891,51927,51927,0,0,0,0,0,0,,
285,server_admission,receive_thread,3421,3473,813350071949536,813350072062089,112553,112553,0,0,0,0,0,0,,
285,server_queue,target_worker,3421,3468,813350072062089,813350072357349,295260,44115,22187,228958,0,0,0,1,813350072291047,22187
285,server_queue,source_binder,3421,3473,813350072062089,813350072357349,295260,126875,147395,20990,0,0,0,0,,
285,client_resume,target_worker,1466,3397,813350072464745,813350072807141,342396,66719,30729,244948,0,0,0,1,813350072709693,30729
285,client_resume,source_callback,1466,3362,813350072464745,813350072807141,342396,184375,116875,41146,0,0,0,0,,
285,client_resolve,client_worker,1466,3397,813350071593859,813350071736255,142396,142396,0,0,0,0,0,0,,
285,client_register,client_worker,1466,3397,813350071736255,813350071811047,74792,74792,0,0,0,0,0,0,,
285,client_encode,client_worker,1466,3397,813350071811047,813350071857557,46510,46510,0,0,0,0,0,0,,
286,server_admission,receive_thread,3421,3473,813350073400682,813350073503547,102865,102865,0,0,0,0,0,0,,
286,server_queue,target_worker,3421,3468,813350073503547,813350073621568,118021,44011,38593,35417,0,0,0,1,813350073538964,38593
286,server_queue,source_binder,3421,3473,813350073503547,813350073621568,118021,118021,0,0,0,0,0,0,,
286,client_resume,target_worker,1466,3397,813350073772349,813350073995891,223542,63282,74479,85781,0,0,0,1,813350073858130,74479
286,client_resume,source_callback,1466,3362,813350073772349,813350073995891,223542,125156,98386,0,0,0,0,0,,
286,client_resolve,client_worker,1466,3397,813350072887609,813350073008130,120521,120521,0,0,0,0,0,0,,
286,client_register,client_worker,1466,3397,813350073008130,813350073087974,79844,79844,0,0,0,0,0,0,,
286,client_encode,client_worker,1466,3397,813350073087974,813350073282870,194896,115730,79166,0,0,0,0,0,,
287,server_admission,receive_thread,3421,3473,813350074498964,813350074608547,109583,109583,0,0,0,0,0,0,,
287,server_queue,target_worker,3421,3468,813350074608547,813350074734849,126302,45208,39427,41667,0,0,0,1,813350074650214,39427
287,server_queue,source_binder,3421,3473,813350074608547,813350074734849,126302,101771,0,24531,0,0,0,0,,
287,client_resume,target_worker,1466,3397,813350074895630,813350075087609,191979,50416,38073,103490,0,0,0,1,813350074999120,38073
287,client_resume,source_callback,1466,3362,813350074895630,813350075087609,191979,150625,0,41354,0,0,0,0,,
287,client_resolve,client_worker,1466,3397,813350074084068,813350074238495,154427,154427,0,0,0,0,0,0,,
287,client_register,client_worker,1466,3397,813350074238495,813350074310526,72031,72031,0,0,0,0,0,0,,
287,client_encode,client_worker,1466,3397,813350074310526,813350074377245,66719,66719,0,0,0,0,0,0,,
288,server_admission,receive_thread,3421,3473,813350075534849,813350075647401,112552,112552,0,0,0,0,0,0,,
288,server_queue,target_worker,3421,3468,813350075647401,813350075782818,135417,43229,51667,40521,0,0,0,1,813350075687922,51667
288,server_queue,source_binder,3421,3473,813350075647401,813350075782818,135417,112448,0,22969,0,0,0,0,,
288,client_resume,target_worker,1466,3397,813350075925318,813350076131307,205989,51979,66771,87239,0,0,0,1,813350076012557,66771
288,client_resume,source_callback,1466,3362,813350075925318,813350076131307,205989,158281,47708,0,0,0,0,0,,
288,client_resolve,client_worker,1466,3397,813350075169380,813350075279224,109844,109844,0,0,0,0,0,0,,
288,client_register,client_worker,1466,3397,813350075279224,813350075332557,53333,53333,0,0,0,0,0,0,,
288,client_encode,client_worker,1466,3397,813350075332557,813350075383651,51094,51094,0,0,0,0,0,0,,
289,server_admission,receive_thread,3421,3473,813350076760578,813350076891203,130625,130625,0,0,0,0,0,0,,
289,server_queue,target_worker,3421,3468,813350076891203,813350077062505,171302,41771,87812,41719,0,0,0,1,813350076932922,87812
289,server_queue,source_binder,3421,3473,813350076891203,813350077062505,171302,129531,0,41771,0,0,0,0,,
289,client_resume,target_worker,1466,3397,813350077392505,813350077619380,226875,56302,72604,97969,0,0,0,1,813350077490474,72604
289,client_resume,source_callback,1466,3362,813350077392505,813350077619380,226875,210781,0,16094,0,0,0,0,,
289,client_resolve,client_worker,1466,3397,813350076191255,813350076517141,325886,184531,140521,834,0,0,0,0,,
289,client_register,client_worker,1466,3397,813350076517141,813350076596359,79218,79218,0,0,0,0,0,0,,
289,client_encode,client_worker,1466,3397,813350076596359,813350076645266,48907,48907,0,0,0,0,0,0,,
290,server_admission,receive_thread,3421,3473,813350078262870,813350078373026,110156,110156,0,0,0,0,0,0,,
290,server_queue,target_worker,3421,3468,813350078373026,813350078491672,118646,48229,32344,38073,0,0,0,1,813350078411099,32344
290,server_queue,source_binder,3421,3473,813350078373026,813350078491672,118646,92396,0,26250,0,0,0,0,,
290,client_resume,target_worker,1466,3397,813350078612922,813350078789536,176614,58281,26354,91979,0,0,0,1,813350078704901,26354
290,client_resume,source_callback,1466,3362,813350078612922,813350078789536,176614,133646,0,42968,0,0,0,0,,
290,client_resolve,client_worker,1466,3397,813350077705005,813350077847141,142136,142136,0,0,0,0,0,0,,
290,client_register,client_worker,1466,3397,813350077847141,813350077906932,59791,59791,0,0,0,0,0,0,,
290,client_encode,client_worker,1466,3397,813350077906932,813350077960266,53334,53334,0,0,0,0,0,0,,
291,server_admission,receive_thread,3421,3473,813350079252297,813350079350214,97917,97917,0,0,0,0,0,0,,
291,server_queue,target_worker,3421,3468,813350079350214,813350079466203,115989,46979,33125,35885,0,0,0,1,813350079386099,33125
291,server_queue,source_binder,3421,3473,813350079350214,813350079466203,115989,85000,0,30989,0,0,0,0,,
291,client_resume,target_worker,1466,3397,813350079601099,813350079782818,181719,58073,31927,91719,0,0,0,1,813350079692818,31927
291,client_resume,source_callback,1466,3362,813350079601099,813350079782818,181719,163125,0,18594,0,0,0,0,,
291,client_resolve,client_worker,1466,3397,813350078880161,813350079007818,127657,127657,0,0,0,0,0,0,,
291,client_register,client_worker,1466,3397,813350079007818,813350079085682,77864,77864,0,0,0,0,0,0,,
291,client_encode,client_worker,1466,3397,813350079085682,813350079144016,58334,58334,0,0,0,0,0,0,,
292,server_admission,receive_thread,3421,3473,813350080300161,813350080402974,102813,102813,0,0,0,0,0,0,,
292,server_queue,target_worker,3421,3468,813350080402974,813350080516672,113698,29583,44844,39271,0,0,0,1,813350080442245,44844
292,server_queue,source_binder,3421,3473,813350080402974,813350080516672,113698,88802,0,24896,0,0,0,0,,
292,client_resume,target_worker,1466,3397,813350080621516,813350080788391,166875,49323,26615,90937,0,0,0,1,813350080712453,26615
292,client_resume,source_callback,1466,3362,813350080621516,813350080788391,166875,137448,0,29427,0,0,0,0,,
292,client_resolve,client_worker,1466,3397,813350079882714,813350080009120,126406,126406,0,0,0,0,0,0,,
292,client_register,client_worker,1466,3397,813350080009120,813350080069536,60416,60416,0,0,0,0,0,0,,
292,client_encode,client_worker,1466,3397,813350080069536,813350080158651,89115,89115,0,0,0,0,0,0,,
293,server_admission,receive_thread,3421,3473,813350081232870,813350081333130,100260,100260,0,0,0,0,0,0,,
293,server_queue,target_worker,3421,3468,813350081333130,813350081439536,106406,27343,29375,49688,0,0,0,1,813350081382818,29375
293,server_queue,source_binder,3421,3473,813350081333130,813350081439536,106406,98750,0,7656,0,0,0,0,,
293,client_resume,target_worker,1466,3397,813350081543078,813350081702193,159115,46146,23021,89948,0,0,0,1,813350081633026,23021
293,client_resume,source_callback,1466,3362,813350081543078,813350081702193,159115,134688,0,24427,0,0,0,0,,
293,client_resolve,client_worker,1466,3397,813350080882297,813350081003703,121406,121406,0,0,0,0,0,0,,
293,client_register,client_worker,1466,3397,813350081003703,813350081063026,59323,59323,0,0,0,0,0,0,,
293,client_encode,client_worker,1466,3397,813350081063026,813350081125109,62083,62083,0,0,0,0,0,0,,
294,server_admission,receive_thread,3421,3473,813350082131307,813350082232141,100834,100834,0,0,0,0,0,0,,
294,server_queue,target_worker,3421,3468,813350082232141,813350082325578,93437,28802,27500,37135,0,0,0,1,813350082269276,27500
294,server_queue,source_binder,3421,3473,813350082232141,813350082325578,93437,83177,0,10260,0,0,0,0,,
294,client_resume,target_worker,1466,3397,813350082443391,813350082600161,156770,45156,23541,88073,0,0,0,1,813350082531464,23541
294,client_resume,source_callback,1466,3362,813350082443391,813350082600161,156770,129323,0,27447,0,0,0,0,,
294,client_resolve,client_worker,1466,3397,813350081792557,813350081916568,124011,124011,0,0,0,0,0,0,,
294,client_register,client_worker,1466,3397,813350081916568,813350081978130,61562,61562,0,0,0,0,0,0,,
294,client_encode,client_worker,1466,3397,813350081978130,813350082029693,51563,51563,0,0,0,0,0,0,,
295,server_admission,receive_thread,3421,3473,813350083046151,813350083146828,100677,100677,0,0,0,0,0,0,,
295,server_queue,target_worker,3421,3468,813350083146828,813350083242766,95938,26980,29739,39219,0,0,0,1,813350083186047,29739
295,server_queue,source_binder,3421,3473,813350083146828,813350083242766,95938,87604,0,8334,0,0,0,0,,
295,client_resume,target_worker,1466,3397,813350083348651,813350083510839,162188,42657,28854,90677,0,0,0,1,813350083439328,28854
295,client_resume,source_callback,1466,3362,813350083348651,813350083510839,162188,135156,0,27032,0,0,0,0,,
295,client_resolve,client_worker,1466,3397,813350082689536,813350082816516,126980,126980,0,0,0,0,0,0,,
295,client_register,client_worker,1466,3397,813350082816516,813350082874328,57812,57812,0,0,0,0,0,0,,
295,client_encode,client_worker,1466,3397,813350082874328,813350082943495,69167,69167,0,0,0,0,0,0,,
296,server_admission,receive_thread,3421,3473,813350083915526,813350084020214,104688,104688,0,0,0,0,0,0,,
296,server_queue,target_worker,3421,3468,813350084020214,813350084139953,119739,53958,28021,37760,0,0,0,1,813350084057974,28021
296,server_queue,source_binder,3421,3473,813350084020214,813350084139953,119739,114583,0,5156,0,0,0,0,,
296,client_resume,target_worker,1466,3397,813350084249380,813350084448599,199219,65677,49167,84375,0,0,0,1,813350084333755,49167
296,client_resume,source_callback,1466,3362,813350084249380,813350084448599,199219,133542,0,65677,0,0,0,0,,
296,client_resolve,client_worker,1466,3397,813350083602974,813350083722089,119115,119115,0,0,0,0,0,0,,
296,client_register,client_worker,1466,3397,813350083722089,813350083778391,56302,56302,0,0,0,0,0,0,,
296,client_encode,client_worker,1466,3397,813350083778391,813350083825526,47135,47135,0,0,0,0,0,0,,
297,server_admission,receive_thread,3421,3473,813350084967401,813350085384016,416615,218959,197656,0,0,0,0,0,,
297,server_queue,target_worker,3421,3468,813350085384016,813350085504797,120781,42656,29532,48593,0,0,0,1,813350085432609,29532
297,server_queue,source_binder,3421,3473,813350085384016,813350085504797,120781,99895,0,20886,0,0,0,0,,
297,client_resume,target_worker,1466,3397,813350085614120,813350085779797,165677,44011,39270,82396,0,0,0,1,813350085696516,39270
297,client_resume,source_callback,1466,3362,813350085614120,813350085779797,165677,139948,0,25729,0,0,0,0,,
297,client_resolve,client_worker,1466,3397,813350084527870,813350084643911,116041,116041,0,0,0,0,0,0,,
297,client_register,client_worker,1466,3397,813350084643911,813350084706203,62292,62292,0,0,0,0,0,0,,
297,client_encode,client_worker,1466,3397,813350084706203,813350084772401,66198,66198,0,0,0,0,0,0,,
298,server_admission,receive_thread,3421,3473,813350086173495,813350086290734,117239,117239,0,0,0,0,0,0,,
298,server_queue,target_worker,3421,3468,813350086290734,813350086426203,135469,48073,50104,37292,0,0,0,1,813350086328026,50104
298,server_queue,source_binder,3421,3473,813350086290734,813350086426203,135469,135469,0,0,0,0,0,0,,
298,client_resume,target_worker,1466,3397,813350086532661,813350086702974,170313,54427,42136,73750,0,0,0,1,813350086606411,42136
298,client_resume,source_callback,1466,3362,813350086532661,813350086702974,170313,153803,0,16510,0,0,0,0,,
298,client_resolve,client_worker,1466,3397,813350085849849,813350085978911,129062,129062,0,0,0,0,0,0,,
298,client_register,client_worker,1466,3397,813350085978911,813350086029328,50417,50417,0,0,0,0,0,0,,
298,client_encode,client_worker,1466,3397,813350086029328,813350086078547,49219,49219,0,0,0,0,0,0,,
299,server_admission,receive_thread,3421,3473,813350087122661,813350087222661,100000,100000,0,0,0,0,0,0,,
299,server_queue,target_worker,3421,3468,813350087222661,813350087340943,118282,45104,35365,37813,0,0,0,1,813350087260474,35365
299,server_queue,source_binder,3421,3473,813350087222661,813350087340943,118282,91823,0,26459,0,0,0,0,,
299,client_resume,target_worker,1466,3397,813350087480682,813350087653547,172865,51458,39219,82188,0,0,0,1,813350087562870,39219
299,client_resume,source_callback,1466,3362,813350087480682,813350087653547,172865,147396,0,25469,0,0,0,0,,
299,client_resolve,client_worker,1466,3397,813350086784016,813350086904953,120937,120937,0,0,0,0,0,0,,
299,client_register,client_worker,1466,3397,813350086904953,813350086958651,53698,53698,0,0,0,0,0,0,,
299,client_encode,client_worker,1466,3397,813350086958651,813350087009745,51094,51094,0,0,0,0,0,0,,
300,server_admission,receive_thread,3421,3473,813350088111411,813350088222036,110625,110625,0,0,0,0,0,0,,
300,server_queue,target_worker,3421,3468,813350088222036,813350088327297,105261,32552,30417,42292,0,0,0,1,813350088264328,30417
300,server_queue,source_binder,3421,3473,813350088222036,813350088327297,105261,93125,0,12136,0,0,0,0,,
300,client_resume,target_worker,1466,3397,813350088436880,813350088594224,157344,43073,23958,90313,0,0,0,1,813350088527193,23958
300,client_resume,source_callback,1466,3362,813350088436880,813350088594224,157344,135261,0,22083,0,0,0,0,,
300,client_resolve,client_worker,1466,3397,813350087748547,813350087877141,128594,128594,0,0,0,0,0,0,,
300,client_register,client_worker,1466,3397,813350087877141,813350087933182,56041,56041,0,0,0,0,0,0,,
300,client_encode,client_worker,1466,3397,813350087933182,813350087983964,50782,50782,0,0,0,0,0,0,,
301,server_admission,receive_thread,3421,3473,813350088990578,813350089093755,103177,103177,0,0,0,0,0,0,,
301,server_queue,target_worker,3421,3468,813350089093755,813350089193286,99531,27656,31354,40521,0,0,0,1,813350089134276,31354
301,server_queue,source_binder,3421,3473,813350089093755,813350089193286,99531,89167,0,10364,0,0,0,0,,
301,client_resume,target_worker,1466,3397,813350089305891,813350089453807,147916,42500,23073,82343,0,0,0,1,813350089388234,23073
301,client_resume,source_callback,1466,3362,813350089305891,813350089453807,147916,124218,0,23698,0,0,0,0,,
301,client_resolve,client_worker,1466,3397,813350088678234,813350088792245,114011,114011,0,0,0,0,0,0,,
301,client_register,client_worker,1466,3397,813350088792245,813350088847453,55208,55208,0,0,0,0,0,0,,
301,client_encode,client_worker,1466,3397,813350088847453,813350088902036,54583,54583,0,0,0,0,0,0,,
302,server_admission,receive_thread,3421,3473,813350089858026,813350089969380,111354,111354,0,0,0,0,0,0,,
302,server_queue,target_worker,3421,3468,813350089969380,813350090061880,92500,24896,28698,38906,0,0,0,1,813350090008286,28698
302,server_queue,source_binder,3421,3473,813350089969380,813350090061880,92500,87552,0,4948,0,0,0,0,,
302,client_resume,target_worker,1466,3397,813350090165109,813350090310786,145677,43541,22292,79844,0,0,0,1,813350090244953,22292
302,client_resume,source_callback,1466,3362,813350090165109,813350090310786,145677,121511,0,24166,0,0,0,0,,
302,client_resolve,client_worker,1466,3397,813350089548339,813350089660943,112604,112604,0,0,0,0,0,0,,
302,client_register,client_worker,1466,3397,813350089660943,813350089722089,61146,61146,0,0,0,0,0,0,,
302,client_encode,client_worker,1466,3397,813350089722089,813350089778807,56718,56718,0,0,0,0,0,0,,
303,server_admission,receive_thread,3421,3473,813350090686099,813350090788599,102500,102500,0,0,0,0,0,0,,
303,server_queue,target_worker,3421,3468,813350090788599,813350090879953,91354,23854,29688,37812,0,0,0,1,813350090826411,29688
303,server_queue,source_binder,3421,3473,813350090788599,813350090879953,91354,86042,0,5312,0,0,0,0,,
303,client_resume,target_worker,1466,3397,813350090983234,813350091128443,145209,42552,22188,80469,0,0,0,1,813350091063703,22188
303,client_resume,source_callback,1466,3362,813350090983234,813350091128443,145209,121563,0,23646,0,0,0,0,,
303,client_resolve,client_worker,1466,3397,813350090394120,813350090505057,110937,110937,0,0,0,0,0,0,,
303,client_register,client_worker,1466,3397,813350090505057,813350090558651,53594,53594,0,0,0,0,0,0,,
303,client_encode,client_worker,1466,3397,813350090558651,813350090606984,48333,48333,0,0,0,0,0,0,,
304,server_admission,receive_thread,3421,3473,813350091567870,813350091670943,103073,103073,0,0,0,0,0,0,,
304,server_queue,target_worker,3421,3468,813350091670943,813350091762714,91771,23855,29323,38593,0,0,0,1,813350091709536,29323
304,server_queue,source_binder,3421,3473,813350091670943,813350091762714,91771,86771,0,5000,0,0,0,0,,
304,client_resume,target_worker,1466,3397,813350091873859,813350092009120,135261,40209,20937,74115,0,0,0,1,813350091947974,20937
304,client_resume,source_callback,1466,3362,813350091873859,813350092009120,135261,116146,0,19115,0,0,0,0,,
304,client_resolve,client_worker,1466,3397,813350091210734,813350091335005,124271,124271,0,0,0,0,0,0,,
304,client_register,client_worker,1466,3397,813350091335005,813350091388443,53438,53438,0,0,0,0,0,0,,
304,client_encode,client_worker,1466,3397,813350091388443,813350091438547,50104,50104,0,0,0,0,0,0,,
305,server_admission,receive_thread,3421,3473,813350092463286,813350092559797,96511,96511,0,0,0,0,0,0,,
305,server_queue,target_worker,3421,3468,813350092559797,813350092653911,94114,33541,26094,34479,0,0,0,1,813350092594276,26094
305,server_queue,source_binder,3421,3473,813350092559797,813350092653911,94114,83594,0,10520,0,0,0,0,,
305,client_resume,target_worker,1466,3397,813350092759588,813350092905422,145834,43125,22761,79948,0,0,0,1,813350092839536,22761
305,client_resume,source_callback,1466,3362,813350092759588,813350092905422,145834,123178,0,22656,0,0,0,0,,
305,client_resolve,client_worker,1466,3397,813350092122349,813350092231099,108750,108750,0,0,0,0,0,0,,
305,client_register,client_worker,1466,3397,813350092231099,813350092290318,59219,59219,0,0,0,0,0,0,,
305,client_encode,client_worker,1466,3397,813350092290318,813350092343547,53229,53229,0,0,0,0,0,0,,
306,server_admission,receive_thread,3421,3473,813350093312713,813350093414432,101719,101719,0,0,0,0,0,0,,
306,server_queue,target_worker,3421,3468,813350093414432,813350093534953,120521,27135,29063,64323,0,0,0,1,813350093478755,29063
306,server_queue,source_binder,3421,3473,813350093414432,813350093534953,120521,112396,0,8125,0,0,0,0,,
306,client_resume,target_worker,1466,3397,813350093637818,813350093787557,149739,45521,23437,80781,0,0,0,1,813350093718599,23437
306,client_resume,source_callback,1466,3362,813350093637818,813350093787557,149739,121875,0,27864,0,0,0,0,,
306,client_resolve,client_worker,1466,3397,813350092991099,813350093116203,125104,125104,0,0,0,0,0,0,,
306,client_register,client_worker,1466,3397,813350093116203,813350093179276,63073,63073,0,0,0,0,0,0,,
306,client_encode,client_worker,1466,3397,813350093179276,813350093228703,49427,49427,0,0,0,0,0,0,,
307,server_admission,receive_thread,3421,3473,813350094163182,813350094266672,103490,103490,0,0,0,0,0,0,,
307,server_queue,target_worker,3421,3468,813350094266672,813350094362245,95573,26511,30885,38177,0,0,0,1,813350094304849,30885
307,server_queue,source_binder,3421,3473,813350094266672,813350094362245,95573,88385,0,7188,0,0,0,0,,
307,client_resume,target_worker,1466,3397,813350094467401,813350094615213,147812,41822,23594,82396,0,0,0,1,813350094549797,23594
307,client_resume,source_callback,1466,3362,813350094467401,813350094615213,147812,122656,0,25156,0,0,0,0,,
307,client_resolve,client_worker,1466,3397,813350093871255,813350093980682,109427,109427,0,0,0,0,0,0,,
307,client_register,client_worker,1466,3397,813350093980682,813350094029641,48959,48959,0,0,0,0,0,0,,
307,client_encode,client_worker,1466,3397,813350094029641,813350094078547,48906,48906,0,0,0,0,0,0,,
308,server_admission,receive_thread,3421,3473,813350095003130,813350095105578,102448,102448,0,0,0,0,0,0,,
308,server_queue,target_worker,3421,3468,813350095105578,813350095200005,94427,26406,30156,37865,0,0,0,1,813350095143443,30156
308,server_queue,source_binder,3421,3473,813350095105578,813350095200005,94427,87500,0,6927,0,0,0,0,,
308,client_resume,target_worker,1466,3397,813350095324588,813350095470943,146355,42813,21302,82240,0,0,0,1,813350095406828,21302
308,client_resume,source_callback,1466,3362,813350095324588,813350095470943,146355,123907,0,22448,0,0,0,0,,
308,client_resolve,client_worker,1466,3397,813350094694328,813350094802557,108229,108229,0,0,0,0,0,0,,
308,client_register,client_worker,1466,3397,813350094802557,813350094866932,64375,64375,0,0,0,0,0,0,,
308,client_encode,client_worker,1466,3397,813350094866932,813350094916984,50052,50052,0,0,0,0,0,0,,
309,server_admission,receive_thread,3421,3473,813350095845005,813350095948443,103438,103438,0,0,0,0,0,0,,
309,server_queue,target_worker,3421,3468,813350095948443,813350096047193,98750,29115,30677,38958,0,0,0,1,813350095987401,30677
309,server_queue,source_binder,3421,3473,813350095948443,813350096047193,98750,91770,0,6980,0,0,0,0,,
309,client_resume,target_worker,1466,3397,813350096166880,813350096315005,148125,42187,23230,82708,0,0,0,1,813350096249588,23230
309,client_resume,source_callback,1466,3362,813350096166880,813350096315005,148125,124011,0,24114,0,0,0,0,,
309,client_resolve,client_worker,1466,3397,813350095552401,813350095661724,109323,109323,0,0,0,0,0,0,,
309,client_register,client_worker,1466,3397,813350095661724,813350095715057,53333,53333,0,0,0,0,0,0,,
309,client_encode,client_worker,1466,3397,813350095715057,813350095762818,47761,47761,0,0,0,0,0,0,,
310,server_admission,receive_thread,3421,3473,813350096706255,813350096812922,106667,106667,0,0,0,0,0,0,,
310,server_queue,target_worker,3421,3468,813350096812922,813350096946463,133541,46197,47240,40104,0,0,0,1,813350096853026,47240
310,server_queue,source_binder,3421,3473,813350096812922,813350096946463,133541,111927,0,21614,0,0,0,0,,
310,client_resume,target_worker,1466,3397,813350097087661,813350097245213,157552,47552,24531,85469,0,0,0,1,813350097173130,24531
310,client_resume,source_callback,1466,3362,813350097087661,813350097245213,157552,149688,0,7864,0,0,0,0,,
310,client_resolve,client_worker,1466,3397,813350096396359,813350096504068,107709,107709,0,0,0,0,0,0,,
310,client_register,client_worker,1466,3397,813350096504068,813350096562453,58385,58385,0,0,0,0,0,0,,
310,client_encode,client_worker,1466,3397,813350096562453,813350096613599,51146,51146,0,0,0,0,0,0,,
311,server_admission,receive_thread,3421,3473,813350097689484,813350097821672,132188,132188,0,0,0,0,0,0,,
311,server_queue,target_worker,3421,3468,813350097821672,813350097940109,118437,33489,34427,50521,0,0,0,1,813350097872193,34427
311,server_queue,source_binder,3421,3473,813350097821672,813350097940109,118437,108021,0,10416,0,0,0,0,,
311,client_resume,target_worker,1466,3397,813350098057818,813350098211776,153958,43281,26667,84010,0,0,0,1,813350098141828,26667
311,client_resume,source_callback,1466,3362,813350098057818,813350098211776,153958,128698,0,25260,0,0,0,0,,
311,client_resolve,client_worker,1466,3397,813350097331203,813350097452766,121563,121563,0,0,0,0,0,0,,
311,client_register,client_worker,1466,3397,813350097452766,813350097508599,55833,55833,0,0,0,0,0,0,,
311,client_encode,client_worker,1466,3397,813350097508599,813350097570005,61406,61406,0,0,0,0,0,0,,
312,server_admission,receive_thread,3421,3473,813350098581255,813350098676255,95000,95000,0,0,0,0,0,0,,
312,server_queue,target_worker,3421,3468,813350098676255,813350098798391,122136,51823,34792,35521,0,0,0,1,813350098711776,34792
312,server_queue,source_binder,3421,3473,813350098676255,813350098798391,122136,90052,0,32084,0,0,0,0,,
312,client_resume,target_worker,1466,3397,813350098939172,813350099107193,168021,38125,24844,105052,0,0,0,1,813350099044224,24844
312,client_resume,source_callback,1466,3362,813350098939172,813350099107193,168021,150937,0,17084,0,0,0,0,,
312,client_resolve,client_worker,1466,3397,813350098286151,813350098386307,100156,100156,0,0,0,0,0,0,,
312,client_register,client_worker,1466,3397,813350098386307,813350098435213,48906,48906,0,0,0,0,0,0,,
312,client_encode,client_worker,1466,3397,813350098435213,813350098487766,52553,52553,0,0,0,0,0,0,,
313,server_admission,receive_thread,3421,3473,813350099532245,813350099643234,110989,110989,0,0,0,0,0,0,,
313,server_queue,target_worker,3421,3468,813350099643234,813350099761776,118542,39323,34219,45000,0,0,0,1,813350099688234,34219
313,server_queue,source_binder,3421,3473,813350099643234,813350099761776,118542,97969,0,20573,0,0,0,0,,
313,client_resume,target_worker,1466,3397,813350099893182,813350100087818,194636,69323,35938,89375,0,0,0,1,813350099982557,35938
313,client_resume,source_callback,1466,3362,813350099893182,813350100087818,194636,134479,0,60157,0,0,0,0,,
313,client_resolve,client_worker,1466,3397,813350099194224,813350099302245,108021,108021,0,0,0,0,0,0,,
313,client_register,client_worker,1466,3397,813350099302245,813350099356620,54375,54375,0,0,0,0,0,0,,
313,client_encode,client_worker,1466,3397,813350099356620,813350099408078,51458,51458,0,0,0,0,0,0,,
314,server_admission,receive_thread,3421,3473,813350100599693,813350100711099,111406,111406,0,0,0,0,0,0,,
314,server_queue,target_worker,3421,3468,813350100711099,813350100821151,110052,37031,33073,39948,0,0,0,1,813350100751047,33073
314,server_queue,source_binder,3421,3473,813350100711099,813350100821151,110052,95885,0,14167,0,0,0,0,,
314,client_resume,target_worker,1466,3397,813350100923703,813350101129484,205781,48281,89583,67917,0,0,0,1,813350100991620,89583
314,client_resume,source_callback,1466,3362,813350100923703,813350101129484,205781,188438,0,17343,0,0,0,0,,
314,client_resolve,client_worker,1466,3397,813350100243807,813350100357245,113438,113438,0,0,0,0,0,0,,
314,client_register,client_worker,1466,3397,813350100357245,813350100413547,56302,56302,0,0,0,0,0,0,,
314,client_encode,client_worker,1466,3397,813350100413547,813350100496359,82812,82812,0,0,0,0,0,0,,
315,server_admission,receive_thread,3421,3473,813350101539432,813350101653547,114115,114115,0,0,0,0,0,0,,
315,server_queue,target_worker,3421,3468,813350101653547,813350101772245,118698,43854,35365,39479,0,0,0,1,813350101693026,35365
315,server_queue,source_binder,3421,3473,813350101653547,813350101772245,118698,91614,0,27084,0,0,0,0,,
315,client_resume,target_worker,1466,3397,813350101907453,813350102059588,152135,45520,26511,80104,0,0,0,1,813350101987557,26511
315,client_resume,source_callback,1466,3362,813350101907453,813350102059588,152135,129010,0,23125,0,0,0,0,,
315,client_resolve,client_worker,1466,3397,813350101204953,813350101313130,108177,108177,0,0,0,0,0,0,,
315,client_register,client_worker,1466,3397,813350101313130,813350101362609,49479,49479,0,0,0,0,0,0,,
315,client_encode,client_worker,1466,3397,813350101362609,813350101411984,49375,49375,0,0,0,0,0,0,,
316,server_admission,receive_thread,3421,3473,813350102459172,813350102564797,105625,105625,0,0,0,0,0,0,,
316,server_queue,target_worker,3421,3468,813350102564797,813350102680526,115729,42135,35261,38333,0,0,0,1,813350102603130,35261
316,server_queue,source_binder,3421,3473,813350102564797,813350102680526,115729,90521,0,25208,0,0,0,0,,
316,client_resume,target_worker,1466,3397,813350102790057,813350102919224,129167,43229,24323,61615,0,0,0,1,813350102851672,24323
316,client_resume,source_callback,1466,3362,813350102790057,813350102919224,129167,102136,0,27031,0,0,0,0,,
316,client_resolve,client_worker,1466,3397,813350102143078,813350102253495,110417,110417,0,0,0,0,0,0,,
316,client_register,client_worker,1466,3397,813350102253495,813350102300422,46927,46927,0,0,0,0,0,0,,
316,client_encode,client_worker,1466,3397,813350102300422,813350102360943,60521,60521,0,0,0,0,0,0,,
317,server_admission,receive_thread,3421,3473,813350103308963,813350103427922,118959,118959,0,0,0,0,0,0,,
317,server_queue,target_worker,3421,3468,813350103427922,813350103544120,116198,42761,32031,41406,0,0,0,1,813350103469328,32031
317,server_queue,source_binder,3421,3473,813350103427922,813350103544120,116198,90416,0,25782,0,0,0,0,,
317,client_resume,target_worker,1466,3397,813350103653599,813350103784224,130625,44792,24479,61354,0,0,0,1,813350103714953,24479
317,client_resume,source_callback,1466,3362,813350103653599,813350103784224,130625,102239,0,28386,0,0,0,0,,
317,client_resolve,client_worker,1466,3397,813350102998338,813350103106047,107709,107709,0,0,0,0,0,0,,
317,client_register,client_worker,1466,3397,813350103106047,813350103153182,47135,47135,0,0,0,0,0,0,,
317,client_encode,client_worker,1466,3397,813350103153182,813350103211568,58386,58386,0,0,0,0,0,0,,
318,server_admission,receive_thread,3421,3473,813350104195213,813350104301359,106146,106146,0,0,0,0,0,0,,
318,server_queue,target_worker,3421,3468,813350104301359,813350104415578,114219,39792,35625,38802,0,0,0,1,813350104340161,35625
318,server_queue,source_binder,3421,3473,813350104301359,813350104415578,114219,91198,0,23021,0,0,0,0,,
318,client_resume,target_worker,1466,3397,813350104522974,813350104656047,133073,46198,24427,62448,0,0,0,1,813350104585422,24427
318,client_resume,source_callback,1466,3362,813350104522974,813350104656047,133073,102187,0,30886,0,0,0,0,,
318,client_resolve,client_worker,1466,3397,813350103863911,813350103971203,107292,107292,0,0,0,0,0,0,,
318,client_register,client_worker,1466,3397,813350103971203,813350104017141,45938,45938,0,0,0,0,0,0,,
318,client_encode,client_worker,1466,3397,813350104017141,813350104073547,56406,56406,0,0,0,0,0,0,,
319,server_admission,receive_thread,3421,3473,813350105043182,813350105141307,98125,98125,0,0,0,0,0,0,,
319,server_queue,target_worker,3421,3468,813350105141307,813350105263078,121771,40885,34532,46354,0,0,0,1,813350105187661,34532
319,server_queue,source_binder,3421,3473,813350105141307,813350105263078,121771,95886,0,25885,0,0,0,0,,
319,client_resume,target_worker,1466,3397,813350105383807,813350105551151,167344,42396,44479,80469,0,0,0,1,813350105464276,44479
319,client_resume,source_callback,1466,3362,813350105383807,813350105551151,167344,149531,0,17813,0,0,0,0,,
319,client_resolve,client_worker,1466,3397,813350104735161,813350104844432,109271,109271,0,0,0,0,0,0,,
319,client_register,client_worker,1466,3397,813350104844432,813350104890786,46354,46354,0,0,0,0,0,0,,
319,client_encode,client_worker,1466,3397,813350104890786,813350104947401,56615,56615,0,0,0,0,0,0,,
320,server_admission,receive_thread,3421,3473,813350105931411,813350106039172,107761,107761,0,0,0,0,0,0,,
320,server_queue,target_worker,3421,3468,813350106039172,813350106152609,113437,41146,35104,37187,0,0,0,1,813350106076359,35104
320,server_queue,source_binder,3421,3473,813350106039172,813350106152609,113437,88021,0,25416,0,0,0,0,,
320,client_resume,target_worker,1466,3397,813350106278026,813350106410161,132135,45208,24219,62708,0,0,0,1,813350106340734,24219
320,client_resume,source_callback,1466,3362,813350106278026,813350106410161,132135,105052,0,27083,0,0,0,0,,
320,client_resolve,client_worker,1466,3397,813350105628130,813350105733755,105625,105625,0,0,0,0,0,0,,
320,client_register,client_worker,1466,3397,813350105733755,813350105780005,46250,46250,0,0,0,0,0,0,,
320,client_encode,client_worker,1466,3397,813350105780005,813350105839432,59427,59427,0,0,0,0,0,0,,
321,server_admission,receive_thread,3421,3473,813350106806984,813350106907609,100625,100625,0,0,0,0,0,0,,
321,server_queue,target_worker,3421,3468,813350106907609,813350107023078,115469,40260,37188,38021,0,0,0,1,813350106945630,37188
321,server_queue,source_binder,3421,3473,813350106907609,813350107023078,115469,91667,0,23802,0,0,0,0,,
321,client_resume,target_worker,1466,3397,813350107135005,813350107261099,126094,40261,22760,63073,0,0,0,1,813350107198078,22760
321,client_resume,source_callback,1466,3362,813350107135005,813350107261099,126094,105469,0,20625,0,0,0,0,,
321,client_resolve,client_worker,1466,3397,813350106511672,813350106617453,105781,105781,0,0,0,0,0,0,,
321,client_register,client_worker,1466,3397,813350106617453,813350106663078,45625,45625,0,0,0,0,0,0,,
321,client_encode,client_worker,1466,3397,813350106663078,813350106713443,50365,50365,0,0,0,0,0,0,,
322,server_admission,receive_thread,3421,3473,813350107701099,813350107805838,104739,104739,0,0,0,0,0,0,,
322,server_queue,target_worker,3421,3468,813350107805838,813350107953182,147344,37708,72240,37396,0,0,0,1,813350107843234,72240
322,server_queue,source_binder,3421,3473,813350107805838,813350107953182,147344,124688,0,22656,0,0,0,0,,
322,client_resume,target_worker,1466,3397,813350108058495,813350108228026,169531,44427,22083,103021,0,0,0,1,813350108161516,22083
322,client_resume,source_callback,1466,3362,813350108058495,813350108228026,169531,143229,0,26302,0,0,0,0,,
322,client_resolve,client_worker,1466,3397,813350107336047,813350107503286,167239,167239,0,0,0,0,0,0,,
322,client_register,client_worker,1466,3397,813350107503286,813350107552349,49063,49063,0,0,0,0,0,0,,
322,client_encode,client_worker,1466,3397,813350107552349,813350107604953,52604,52604,0,0,0,0,0,0,,
323,server_admission,receive_thread,3421,3473,813350108717870,813350108832557,114687,114687,0,0,0,0,0,0,,
323,server_queue,target_worker,3421,3468,813350108832557,813350108952141,119584,40730,36145,42709,0,0,0,1,813350108875266,36145
323,server_queue,source_binder,3421,3473,813350108832557,813350108952141,119584,102604,0,16980,0,0,0,0,,
323,client_resume,target_worker,1466,3397,813350109315786,813350109485891,170105,46042,38281,85782,0,0,0,1,813350109401568,38281
323,client_resume,source_callback,1466,3362,813350109315786,813350109485891,170105,142917,0,27188,0,0,0,0,,
323,client_resolve,client_worker,1466,3397,813350108302870,813350108465109,162239,162239,0,0,0,0,0,0,,
323,client_register,client_worker,1466,3397,813350108465109,813350108550995,85886,85886,0,0,0,0,0,0,,
323,client_encode,client_worker,1466,3397,813350108550995,813350108602505,51510,51510,0,0,0,0,0,0,,
324,server_admission,receive_thread,3421,3473,813350109848026,813350109973443,125417,125417,0,0,0,0,0,0,,
324,server_queue,target_worker,3421,3468,813350109973443,813350110089120,115677,38073,36719,40885,0,0,0,1,813350110014328,36719
324,server_queue,source_binder,3421,3473,813350109973443,813350110089120,115677,96458,0,19219,0,0,0,0,,
324,client_resume,target_worker,1466,3397,813350110209797,813350110366463,156666,52812,31458,72396,0,0,0,1,813350110282193,31458
324,client_resume,source_callback,1466,3362,813350110209797,813350110366463,156666,140364,0,16302,0,0,0,0,,
324,client_resolve,client_worker,1466,3397,813350109559380,813350109668078,108698,108698,0,0,0,0,0,0,,
324,client_register,client_worker,1466,3397,813350109668078,813350109718963,50885,50885,0,0,0,0,0,0,,
324,client_encode,client_worker,1466,3397,813350109718963,813350109768130,49167,49167,0,0,0,0,0,0,,
325,server_admission,receive_thread,3421,3473,813350110817713,813350110921932,104219,104219,0,0,0,0,0,0,,
325,server_queue,target_worker,3421,3468,813350110921932,813350111018338,96406,26562,30208,39636,0,0,0,1,813350110961568,30208
325,server_queue,source_binder,3421,3473,813350110921932,813350111018338,96406,91667,0,4739,0,0,0,0,,
325,client_resume,target_worker,1466,3397,813350111136776,813350111283391,146615,40000,26563,80052,0,0,0,1,813350111216828,26563
325,client_resume,source_callback,1466,3362,813350111136776,813350111283391,146615,125000,0,21615,0,0,0,0,,
325,client_resolve,client_worker,1466,3397,813350110457193,813350110583078,125885,125885,0,0,0,0,0,0,,
325,client_register,client_worker,1466,3397,813350110583078,813350110636984,53906,53906,0,0,0,0,0,0,,
325,client_encode,client_worker,1466,3397,813350110636984,813350110690266,53282,53282,0,0,0,0,0,0,,
326,server_admission,receive_thread,3421,3473,813350111650422,813350111756984,106562,106562,0,0,0,0,0,0,,
326,server_queue,target_worker,3421,3468,813350111756984,813350111858026,101042,29688,31250,40104,0,0,0,1,813350111797088,31250
326,server_queue,source_binder,3421,3473,813350111756984,813350111858026,101042,92188,0,8854,0,0,0,0,,
326,client_resume,target_worker,1466,3397,813350111964120,813350112123338,159218,63020,24219,71979,0,0,0,1,813350112036099,24219
326,client_resume,source_callback,1466,3362,813350111964120,813350112123338,159218,114323,0,44895,0,0,0,0,,
326,client_resolve,client_worker,1466,3397,813350111359745,813350111461984,102239,102239,0,0,0,0,0,0,,
326,client_register,client_worker,1466,3397,813350111461984,813350111507766,45782,45782,0,0,0,0,0,0,,
326,client_encode,client_worker,1466,3397,813350111507766,813350111553338,45572,45572,0,0,0,0,0,0,,
327,server_admission,receive_thread,3421,3473,813350112506359,813350112608547,102188,102188,0,0,0,0,0,0,,
327,server_queue,target_worker,3421,3468,813350112608547,813350112700370,91823,26771,27708,37344,0,0,0,1,813350112645891,27708
327,server_queue,source_binder,3421,3473,813350112608547,813350112700370,91823,87344,0,4479,0,0,0,0,,
327,client_resume,target_worker,1466,3397,813350112806255,813350112940526,134271,38385,24167,71719,0,0,0,1,813350112877974,24167
327,client_resume,source_callback,1466,3362,813350112806255,813350112940526,134271,114583,0,19688,0,0,0,0,,
327,client_resolve,client_worker,1466,3397,813350112196463,813350112292401,95938,95938,0,0,0,0,0,0,,
327,client_register,client_worker,1466,3397,813350112292401,813350112354432,62031,62031,0,0,0,0,0,0,,
327,client_encode,client_worker,1466,3397,813350112354432,813350112407401,52969,52969,0,0,0,0,0,0,,
328,server_admission,receive_thread,3421,3473,813350113299120,813350113421620,122500,122500,0,0,0,0,0,0,,
328,server_queue,target_worker,3421,3468,813350113421620,813350113514016,92396,25521,28177,38698,0,0,0,1,813350113460318,28177
328,server_queue,source_binder,3421,3473,813350113421620,813350113514016,92396,86771,0,5625,0,0,0,0,,
328,client_resume,target_worker,1466,3397,813350113617088,813350113749224,132136,35156,24896,72084,0,0,0,1,813350113689172,24896
328,client_resume,source_callback,1466,3362,813350113617088,813350113749224,132136,114636,0,17500,0,0,0,0,,
328,client_resolve,client_worker,1466,3397,813350113014849,813350113112818,97969,97969,0,0,0,0,0,0,,
328,client_register,client_worker,1466,3397,813350113112818,813350113157557,44739,44739,0,0,0,0,0,0,,
328,client_encode,client_worker,1466,3397,813350113157557,813350113203026,45469,45469,0,0,0,0,0,0,,
329,server_admission,receive_thread,3421,3473,813350114123391,813350114229536,106145,106145,0,0,0,0,0,0,,
329,server_queue,target_worker,3421,3468,813350114229536,813350114326463,96927,27187,31354,38386,0,0,0,1,813350114267922,31354
329,server_queue,source_binder,3421,3473,813350114229536,813350114326463,96927,87084,0,9843,0,0,0,0,,
329,client_resume,target_worker,1466,3397,813350114440057,813350114571307,131250,37552,23281,70417,0,0,0,1,813350114510474,23281
329,client_resume,source_callback,1466,3362,813350114440057,813350114571307,131250,110729,0,20521,0,0,0,0,,
329,client_resolve,client_worker,1466,3397,813350113823807,813350113922193,98386,98386,0,0,0,0,0,0,,
329,client_register,client_worker,1466,3397,813350113922193,813350113979276,57083,57083,0,0,0,0,0,0,,
329,client_encode,client_worker,1466,3397,813350113979276,813350114024797,45521,45521,0,0,0,0,0,0,,
330,server_admission,receive_thread,3421,3473,813350114936724,813350115050161,113437,113437,0,0,0,0,0,0,,
330,server_queue,target_worker,3421,3468,813350115050161,813350115149068,98907,27448,27969,43490,0,0,0,1,813350115093651,27969
330,server_queue,source_binder,3421,3473,813350115050161,813350115149068,98907,91980,0,6927,0,0,0,0,,
330,client_resume,target_worker,1466,3397,813350115264328,813350115444953,180625,42031,68334,70260,0,0,0,1,813350115334588,68334
330,client_resume,source_callback,1466,3362,813350115264328,813350115444953,180625,134896,0,45729,0,0,0,0,,
330,client_resolve,client_worker,1466,3397,813350114642557,813350114738703,96146,96146,0,0,0,0,0,0,,
330,client_register,client_worker,1466,3397,813350114738703,813350114782453,43750,43750,0,0,0,0,0,0,,
330,client_encode,client_worker,1466,3397,813350114782453,813350114836307,53854,53854,0,0,0,0,0,0,,
331,server_admission,receive_thread,3421,3473,813350115842713,813350115946776,104063,104063,0,0,0,0,0,0,,
331,server_queue,target_worker,3421,3468,813350115946776,813350116043234,96458,26771,30468,39219,0,0,0,1,813350115985995,30468
331,server_queue,source_binder,3421,3473,813350115946776,813350116043234,96458,88229,0,8229,0,0,0,0,,
331,client_resume,target_worker,1466,3397,813350116150057,813350116372505,222448,87292,64270,70886,0,0,0,1,813350116220943,64270
331,client_resume,source_callback,1466,3362,813350116150057,813350116372505,222448,135313,0,87135,0,0,0,0,,
331,client_resolve,client_worker,1466,3397,813350115519328,813350115622141,102813,102813,0,0,0,0,0,0,,
331,client_register,client_worker,1466,3397,813350115622141,813350115671932,49791,49791,0,0,0,0,0,0,,
331,client_encode,client_worker,1466,3397,813350115671932,813350115740318,68386,68386,0,0,0,0,0,0,,
332,server_admission,receive_thread,3421,3473,813350116746568,813350116854536,107968,107968,0,0,0,0,0,0,,
332,server_queue,target_worker,3421,3468,813350116854536,813350116977193,122657,38386,35416,48855,0,0,0,1,813350116903391,35416
332,server_queue,source_binder,3421,3473,813350116854536,813350116977193,122657,104948,0,17709,0,0,0,0,,
332,client_resume,target_worker,1466,3397,813350117074953,813350117211255,136302,43281,27344,65677,0,0,0,1,813350117140630,27344
332,client_resume,source_callback,1466,3362,813350117074953,813350117211255,136302,136302,0,0,0,0,0,0,,
332,client_resolve,client_worker,1466,3397,813350116452661,813350116554693,102032,102032,0,0,0,0,0,0,,
332,client_register,client_worker,1466,3397,813350116554693,813350116601255,46562,46562,0,0,0,0,0,0,,
332,client_encode,client_worker,1466,3397,813350116601255,813350116652505,51250,51250,0,0,0,0,0,0,,
333,server_admission,receive_thread,3421,3473,813350117599901,813350117706672,106771,106771,0,0,0,0,0,0,,
333,server_queue,target_worker,3421,3468,813350117706672,813350117800786,94114,28385,29740,35989,0,0,0,1,813350117742661,29740
333,server_queue,source_binder,3421,3473,813350117706672,813350117800786,94114,84948,0,9166,0,0,0,0,,
333,client_resume,target_worker,1466,3397,813350117903911,813350118032870,128959,36354,24115,68490,0,0,0,1,813350117972401,24115
333,client_resume,source_callback,1466,3362,813350117903911,813350118032870,128959,108855,0,20104,0,0,0,0,,
333,client_resolve,client_worker,1466,3397,813350117282349,813350117381099,98750,98750,0,0,0,0,0,0,,
333,client_register,client_worker,1466,3397,813350117381099,813350117424172,43073,43073,0,0,0,0,0,0,,
333,client_encode,client_worker,1466,3397,813350117424172,813350117493963,69791,69791,0,0,0,0,0,0,,
334,server_admission,receive_thread,3421,3473,813350118397505,813350118510057,112552,112552,0,0,0,0,0,0,,
334,server_queue,target_worker,3421,3468,813350118510057,813350118599693,89636,27136,25312,37188,0,0,0,1,813350118547245,25312
334,server_queue,source_binder,3421,3473,813350118510057,813350118599693,89636,82448,0,7188,0,0,0,0,,
334,client_resume,target_worker,1466,3397,813350118701776,813350118831776,130000,36563,23541,69896,0,0,0,1,813350118771672,23541
334,client_resume,source_callback,1466,3362,813350118701776,813350118831776,130000,110833,0,19167,0,0,0,0,,
334,client_resolve,client_worker,1466,3397,813350118103130,813350118199693,96563,96563,0,0,0,0,0,0,,
334,client_register,client_worker,1466,3397,813350118199693,813350118247193,47500,47500,0,0,0,0,0,0,,
334,client_encode,client_worker,1466,3397,813350118247193,813350118297766,50573,50573,0,0,0,0,0,0,,
335,server_admission,receive_thread,3421,3473,813350119201620,813350119305682,104062,104062,0,0,0,0,0,0,,
335,server_queue,target_worker,3421,3468,813350119305682,813350119397713,92031,26614,28906,36511,0,0,0,1,813350119342193,28906
335,server_queue,source_binder,3421,3473,813350119305682,813350119397713,92031,84531,0,7500,0,0,0,0,,
335,client_resume,target_worker,1466,3397,813350119499068,813350119629536,130468,38125,23958,68385,0,0,0,1,813350119567453,23958
335,client_resume,source_callback,1466,3362,813350119499068,813350119629536,130468,109114,0,21354,0,0,0,0,,
335,client_resolve,client_worker,1466,3397,813350118901776,813350118997557,95781,95781,0,0,0,0,0,0,,
335,client_register,client_worker,1466,3397,813350118997557,813350119039849,42292,42292,0,0,0,0,0,0,,
335,client_encode,client_worker,1466,3397,813350119039849,813350119104641,64792,64792,0,0,0,0,0,0,,
336,server_admission,receive_thread,3421,3473,813350119975838,813350120080213,104375,104375,0,0,0,0,0,0,,
336,server_queue,target_worker,3421,3468,813350120080213,813350120267193,186980,28750,76459,81771,0,0,0,1,813350120161984,76459
336,server_queue,source_binder,3421,3473,813350120080213,813350120267193,186980,165105,0,21875,0,0,0,0,,
336,client_resume,target_worker,1466,3397,813350120380266,813350120512401,132135,37135,22292,72708,0,0,0,1,813350120452974,22292
336,client_resume,source_callback,1466,3362,813350120380266,813350120512401,132135,112708,0,19427,0,0,0,0,,
336,client_resolve,client_worker,1466,3397,813350119700370,813350119796047,95677,95677,0,0,0,0,0,0,,
336,client_register,client_worker,1466,3397,813350119796047,813350119840161,44114,44114,0,0,0,0,0,0,,
336,client_encode,client_worker,1466,3397,813350119840161,813350119884328,44167,44167,0,0,0,0,0,0,,
337,server_admission,receive_thread,3421,3473,813350120860474,813350120974328,113854,113854,0,0,0,0,0,0,,
337,server_queue,target_worker,3421,3468,813350120974328,813350121071203,96875,26979,30261,39635,0,0,0,1,813350121013963,30261
337,server_queue,source_binder,3421,3473,813350120974328,813350121071203,96875,91771,0,5104,0,0,0,0,,
337,client_resume,target_worker,1466,3397,813350121172193,813350121324380,152187,44739,39844,67604,0,0,0,1,813350121239797,39844
337,client_resume,source_callback,1466,3362,813350121172193,813350121324380,152187,152187,0,0,0,0,0,0,,
337,client_resolve,client_worker,1466,3397,813350120583182,813350120674745,91563,91563,0,0,0,0,0,0,,
337,client_register,client_worker,1466,3397,813350120674745,813350120717297,42552,42552,0,0,0,0,0,0,,
337,client_encode,client_worker,1466,3397,813350120717297,813350120759536,42239,42239,0,0,0,0,0,0,,
338,server_admission,receive_thread,3421,3473,813350121672088,813350121770266,98178,98178,0,0,0,0,0,0,,
338,server_queue,target_worker,3421,3468,813350121770266,813350121872661,102395,38333,29427,34635,0,0,0,1,813350121804901,29427
338,server_queue,source_binder,3421,3473,813350121770266,813350121872661,102395,80885,0,21510,0,0,0,0,,
338,client_resume,target_worker,1466,3397,813350121983026,813350122146568,163542,51615,30208,81719,0,0,0,1,813350122064745,30208
338,client_resume,source_callback,1466,3362,813350121983026,813350122146568,163542,154115,0,9427,0,0,0,0,,
338,client_resolve,client_worker,1466,3397,813350121392193,813350121492505,100312,100312,0,0,0,0,0,0,,
338,client_register,client_worker,1466,3397,813350121492505,813350121537453,44948,44948,0,0,0,0,0,0,,
338,client_encode,client_worker,1466,3397,813350121537453,813350121581880,44427,44427,0,0,0,0,0,0,,
339,server_admission,receive_thread,3421,3473,813350122561255,813350122668651,107396,107396,0,0,0,0,0,0,,
339,server_queue,target_worker,3421,3468,813350122668651,813350122765734,97083,27552,28489,41042,0,0,0,1,813350122709693,28489
339,server_queue,source_binder,3421,3473,813350122668651,813350122765734,97083,89531,0,7552,0,0,0,0,,
339,client_resume,target_worker,1466,3397,813350122865786,813350123002349,136563,38125,26302,72136,0,0,0,1,813350122937922,26302
339,client_resume,source_callback,1466,3362,813350122865786,813350123002349,136563,116407,0,20156,0,0,0,0,,
339,client_resolve,client_worker,1466,3397,813350122228495,813350122333130,104635,104635,0,0,0,0,0,0,,
339,client_register,client_worker,1466,3397,813350122333130,813350122380005,46875,46875,0,0,0,0,0,0,,
339,client_encode,client_worker,1466,3397,813350122380005,813350122436516,56511,56511,0,0,0,0,0,0,,
340,server_admission,receive_thread,3421,3473,813350123484849,813350123587088,102239,102239,0,0,0,0,0,0,,
340,server_queue,target_worker,3421,3468,813350123587088,813350123684641,97553,30782,28593,38178,0,0,0,1,813350123625266,28593
340,server_queue,source_binder,3421,3473,813350123587088,813350123684641,97553,82292,0,15261,0,0,0,0,,
340,client_resume,target_worker,1466,3397,813350123783963,813350123914068,130105,35625,27188,67292,0,0,0,1,813350123851255,27188
340,client_resume,source_callback,1466,3362,813350123783963,813350123914068,130105,112240,0,17865,0,0,0,0,,
340,client_resolve,client_worker,1466,3397,813350123095005,813350123205422,110417,110417,0,0,0,0,0,0,,
340,client_register,client_worker,1466,3397,813350123205422,813350123258755,53333,53333,0,0,0,0,0,0,,
340,client_encode,client_worker,1466,3397,813350123258755,813350123310786,52031,52031,0,0,0,0,0,0,,
341,server_admission,receive_thread,3421,3473,813350124362974,813350124498599,135625,135625,0,0,0,0,0,0,,
341,server_queue,target_worker,3421,3468,813350124498599,813350124597141,98542,28386,27917,42239,0,0,0,1,813350124540838,27917
341,server_queue,source_binder,3421,3473,813350124498599,813350124597141,98542,89531,0,9011,0,0,0,0,,
341,client_resume,target_worker,1466,3397,813350124711984,813350124842453,130469,35729,24948,69792,0,0,0,1,813350124781776,24948
341,client_resume,source_callback,1466,3362,813350124711984,813350124842453,130469,110573,0,19896,0,0,0,0,,
341,client_resolve,client_worker,1466,3397,813350123986359,813350124085943,99584,99584,0,0,0,0,0,0,,
341,client_register,client_worker,1466,3397,813350124085943,813350124175109,89166,89166,0,0,0,0,0,0,,
341,client_encode,client_worker,1466,3397,813350124175109,813350124227505,52396,52396,0,0,0,0,0,0,,
342,server_admission,receive_thread,3421,3473,813350125216672,813350125322557,105885,105885,0,0,0,0,0,0,,
342,server_queue,target_worker,3421,3468,813350125322557,813350125417245,94688,27657,30416,36615,0,0,0,1,813350125359172,30416
342,server_queue,source_binder,3421,3473,813350125322557,813350125417245,94688,88490,0,6198,0,0,0,0,,
342,client_resume,target_worker,1466,3397,813350125519536,813350125649588,130052,36093,24844,69115,0,0,0,1,813350125588651,24844
342,client_resume,source_callback,1466,3362,813350125519536,813350125649588,130052,109532,0,20520,0,0,0,0,,
342,client_resolve,client_worker,1466,3397,813350124926620,813350125023599,96979,96979,0,0,0,0,0,0,,
342,client_register,client_worker,1466,3397,813350125023599,813350125066776,43177,43177,0,0,0,0,0,0,,
342,client_encode,client_worker,1466,3397,813350125066776,813350125119797,53021,53021,0,0,0,0,0,0,,
343,server_admission,receive_thread,3421,3473,813350126017505,813350126122088,104583,104583,0,0,0,0,0,0,,
343,server_queue,target_worker,3421,3468,813350126122088,813350126220578,98490,30000,28333,40157,0,0,0,1,813350126162245,28333
343,server_queue,source_binder,3421,3473,813350126122088,813350126220578,98490,89375,0,9115,0,0,0,0,,
343,client_resume,target_worker,1466,3397,813350126324849,813350126456828,131979,35104,25208,71667,0,0,0,1,813350126396516,25208
343,client_resume,source_callback,1466,3362,813350126324849,813350126456828,131979,115156,0,16823,0,0,0,0,,
343,client_resolve,client_worker,1466,3397,813350125722661,813350125823026,100365,100365,0,0,0,0,0,0,,
343,client_register,client_worker,1466,3397,813350125823026,813350125869745,46719,46719,0,0,0,0,0,0,,
343,client_encode,client_worker,1466,3397,813350125869745,813350125920474,50729,50729,0,0,0,0,0,0,,
344,server_admission,receive_thread,3421,3473,813350126829849,813350126935734,105885,105885,0,0,0,0,0,0,,
344,server_queue,target_worker,3421,3468,813350126935734,813350127029068,93334,28594,27344,37396,0,0,0,1,813350126973130,27344
344,server_queue,source_binder,3421,3473,813350126935734,813350127029068,93334,86615,0,6719,0,0,0,0,,
344,client_resume,target_worker,1466,3397,813350127131151,813350127264745,133594,37032,25000,71562,0,0,0,1,813350127202713,25000
344,client_resume,source_callback,1466,3362,813350127131151,813350127264745,133594,111927,0,21667,0,0,0,0,,
344,client_resolve,client_worker,1466,3397,813350126529745,813350126638078,108333,108333,0,0,0,0,0,0,,
344,client_register,client_worker,1466,3397,813350126638078,813350126681932,43854,43854,0,0,0,0,0,0,,
344,client_encode,client_worker,1466,3397,813350126681932,813350126735734,53802,53802,0,0,0,0,0,0,,
345,server_admission,receive_thread,3421,3473,813350127636724,813350127741255,104531,104531,0,0,0,0,0,0,,
345,server_queue,target_worker,3421,3468,813350127741255,813350127974380,233125,27239,28750,177136,0,0,0,1,813350127918391,28750
345,server_queue,source_binder,3421,3473,813350127741255,813350127974380,233125,224636,0,8489,0,0,0,0,,
345,client_resume,target_worker,1466,3397,813350128083026,813350128230526,147500,35365,22916,89219,0,0,0,1,813350128172245,22916
345,client_resume,source_callback,1466,3362,813350128083026,813350128230526,147500,127760,0,19740,0,0,0,0,,
345,client_resolve,client_worker,1466,3397,813350127335943,813350127434953,99010,99010,0,0,0,0,0,0,,
345,client_register,client_worker,1466,3397,813350127434953,813350127483859,48906,48906,0,0,0,0,0,0,,
345,client_encode,client_worker,1466,3397,813350127483859,813350127536984,53125,53125,0,0,0,0,0,0,,
346,server_admission,receive_thread,3421,3473,813350128589693,813350128699016,109323,109323,0,0,0,0,0,0,,
346,server_queue,target_worker,3421,3468,813350128699016,813350128796099,97083,28542,30781,37760,0,0,0,1,813350128736776,30781
346,server_queue,source_binder,3421,3473,813350128699016,813350128796099,97083,86041,0,11042,0,0,0,0,,
346,client_resume,target_worker,1466,3397,813350128924953,813350129053391,128438,34271,23959,70208,0,0,0,1,813350128995161,23959
346,client_resume,source_callback,1466,3362,813350128924953,813350129053391,128438,110729,0,17709,0,0,0,0,,
346,client_resolve,client_worker,1466,3397,813350128304536,813350128399328,94792,94792,0,0,0,0,0,0,,
346,client_register,client_worker,1466,3397,813350128399328,813350128452193,52865,52865,0,0,0,0,0,0,,
346,client_encode,client_worker,1466,3397,813350128452193,813350128497557,45364,45364,0,0,0,0,0,0,,
347,server_admission,receive_thread,3421,3473,813350129401672,813350129505161,103489,103489,0,0,0,0,0,0,,
347,server_queue,target_worker,3421,3468,813350129505161,813350129600474,95313,28386,29843,37084,0,0,0,1,813350129542245,29843
347,server_queue,source_binder,3421,3473,813350129505161,813350129600474,95313,85261,0,10052,0,0,0,0,,
347,client_resume,target_worker,1466,3397,813350129702661,813350129832870,130209,35104,24740,70365,0,0,0,1,813350129773026,24740
347,client_resume,source_callback,1466,3362,813350129702661,813350129832870,130209,111719,0,18490,0,0,0,0,,
347,client_resolve,client_worker,1466,3397,813350129122401,813350129214484,92083,92083,0,0,0,0,0,0,,
347,client_register,client_worker,1466,3397,813350129214484,813350129257245,42761,42761,0,0,0,0,0,0,,
347,client_encode,client_worker,1466,3397,813350129257245,813350129306151,48906,48906,0,0,0,0,0,0,,
348,server_admission,receive_thread,3421,3473,813350130210318,813350130319432,109114,109114,0,0,0,0,0,0,,
348,server_queue,target_worker,3421,3468,813350130319432,813350130416516,97084,26928,28697,41459,0,0,0,1,813350130360891,28697
348,server_queue,source_binder,3421,3473,813350130319432,813350130416516,97084,90313,0,6771,0,0,0,0,,
348,client_resume,target_worker,1466,3397,813350130518443,813350130649120,130677,35938,24687,70052,0,0,0,1,813350130588495,24687
348,client_resume,source_callback,1466,3362,813350130518443,813350130649120,130677,111302,0,19375,0,0,0,0,,
348,client_resolve,client_worker,1466,3397,813350129905891,813350130001516,95625,95625,0,0,0,0,0,0,,
348,client_register,client_worker,1466,3397,813350130001516,813350130057818,56302,56302,0,0,0,0,0,0,,
348,client_encode,client_worker,1466,3397,813350130057818,813350130105838,48020,48020,0,0,0,0,0,0,,
349,server_admission,receive_thread,3421,3473,813350131018234,813350131122974,104740,104740,0,0,0,0,0,0,,
349,server_queue,target_worker,3421,3468,813350131122974,813350131214745,91771,25469,29635,36667,0,0,0,1,813350131159641,29635
349,server_queue,source_binder,3421,3473,813350131122974,813350131214745,91771,85677,0,6094,0,0,0,0,,
349,client_resume,target_worker,1466,3397,813350131320526,813350131510474,189948,46094,71719,72135,0,0,0,1,813350131392661,71719
349,client_resume,source_callback,1466,3362,813350131320526,813350131510474,189948,143854,0,46094,0,0,0,0,,
349,client_resolve,client_worker,1466,3397,813350130722349,813350130818026,95677,95677,0,0,0,0,0,0,,
349,client_register,client_worker,1466,3397,813350130818026,813350130867401,49375,49375,0,0,0,0,0,0,,
349,client_encode,client_worker,1466,3397,813350130867401,813350130918286,50885,50885,0,0,0,0,0,0,,
350,server_admission,receive_thread,3421,3473,813350131895578,813350132039588,144010,144010,0,0,0,0,0,0,,
350,server_queue,target_worker,3421,3468,813350132039588,813350132162349,122761,37500,32708,52553,0,0,0,1,813350132092141,32708
350,server_queue,source_binder,3421,3473,813350132039588,813350132162349,122761,122761,0,0,0,0,0,0,,
350,client_resume,target_worker,1466,3397,813350132255891,813350132430318,174427,60730,44114,69583,0,0,0,1,813350132325474,44114
350,client_resume,source_callback,1466,3362,813350132255891,813350132430318,174427,114166,0,60261,0,0,0,0,,
350,client_resolve,client_worker,1466,3397,813350131587609,813350131696047,108438,108438,0,0,0,0,0,0,,
350,client_register,client_worker,1466,3397,813350131696047,813350131742713,46666,46666,0,0,0,0,0,0,,
350,client_encode,client_worker,1466,3397,813350131742713,813350131795161,52448,52448,0,0,0,0,0,0,,
351,server_admission,receive_thread,3421,3473,813350132819641,813350132937193,117552,117552,0,0,0,0,0,0,,
351,server_queue,target_worker,3421,3468,813350132937193,813350133048703,111510,35156,32292,44062,0,0,0,1,813350132981255,32292
351,server_queue,source_binder,3421,3473,813350132937193,813350133048703,111510,100468,0,11042,0,0,0,0,,
351,client_resume,target_worker,1466,3397,813350133167818,813350133308078,140260,35521,25000,79739,0,0,0,1,813350133247557,25000
351,client_resume,source_callback,1466,3362,813350133167818,813350133308078,140260,122187,0,18073,0,0,0,0,,
351,client_resolve,client_worker,1466,3397,813350132516828,813350132617818,100990,100990,0,0,0,0,0,0,,
351,client_register,client_worker,1466,3397,813350132617818,813350132660630,42812,42812,0,0,0,0,0,0,,
351,client_encode,client_worker,1466,3397,813350132660630,813350132711516,50886,50886,0,0,0,0,0,0,,
352,server_admission,receive_thread,3421,3473,813350133698026,813350133794432,96406,96406,0,0,0,0,0,0,,
352,server_queue,target_worker,3421,3468,813350133794432,813350133925005,130573,42917,52500,35156,0,0,0,1,813350133829588,52500
352,server_queue,source_binder,3421,3473,813350133794432,813350133925005,130573,115677,0,14896,0,0,0,0,,
352,client_resume,target_worker,1466,3397,813350134043286,813350134210578,167292,44792,52604,69896,0,0,0,1,813350134113182,52604
352,client_resume,source_callback,1466,3362,813350134043286,813350134210578,167292,146823,0,20469,0,0,0,0,,
352,client_resolve,client_worker,1466,3397,813350133377974,813350133502870,124896,124896,0,0,0,0,0,0,,
352,client_register,client_worker,1466,3397,813350133502870,813350133545161,42291,42291,0,0,0,0,0,0,,
352,client_encode,client_worker,1466,3397,813350133545161,813350133599588,54427,54427,0,0,0,0,0,0,,
353,server_admission,receive_thread,3421,3473,813350134597505,813350134702974,105469,105469,0,0,0,0,0,0,,
353,server_queue,target_worker,3421,3468,813350134702974,813350134805578,102604,27448,36094,39062,0,0,0,1,813350134742036,36094
353,server_queue,source_binder,3421,3473,813350134702974,813350134805578,102604,95364,0,7240,0,0,0,0,,
353,client_resume,target_worker,1466,3397,813350134912818,813350135045578,132760,36615,25260,70885,0,0,0,1,813350134983703,25260
353,client_resume,source_callback,1466,3362,813350134912818,813350135045578,132760,117343,0,15417,0,0,0,0,,
353,client_resolve,client_worker,1466,3397,813350134288963,813350134411672,122709,122709,0,0,0,0,0,0,,
353,client_register,client_worker,1466,3397,813350134411672,813350134457036,45364,45364,0,0,0,0,0,0,,
353,client_encode,client_worker,1466,3397,813350134457036,813350134504016,46980,46980,0,0,0,0,0,0,,
354,server_admission,receive_thread,3421,3473,813350135429224,813350135551255,122031,122031,0,0,0,0,0,0,,
354,server_queue,target_worker,3421,3468,813350135551255,813350135655630,104375,28177,35312,40886,0,0,0,1,813350135592141,35312
354,server_queue,source_binder,3421,3473,813350135551255,813350135655630,104375,98594,0,5781,0,0,0,0,,
354,client_resume,target_worker,1466,3397,813350135763182,813350135892036,128854,36354,23854,68646,0,0,0,1,813350135831828,23854
354,client_resume,source_callback,1466,3362,813350135763182,813350135892036,128854,109844,0,19010,0,0,0,0,,
354,client_resolve,client_worker,1466,3397,813350135120474,813350135227818,107344,107344,0,0,0,0,0,0,,
354,client_register,client_worker,1466,3397,813350135227818,813350135273391,45573,45573,0,0,0,0,0,0,,
354,client_encode,client_worker,1466,3397,813350135273391,813350135334745,61354,61354,0,0,0,0,0,0,,
355,server_admission,receive_thread,3421,3473,813350136311411,813350136417505,106094,106094,0,0,0,0,0,0,,
355,server_queue,target_worker,3421,3468,813350136417505,813350136516776,99271,25208,35677,38386,0,0,0,1,813350136455891,35677
355,server_queue,source_binder,3421,3473,813350136417505,813350136516776,99271,93281,0,5990,0,0,0,0,,
355,client_resume,target_worker,1466,3397,813350136627818,813350136764276,136458,39531,24479,72448,0,0,0,1,813350136700266,24479
355,client_resume,source_callback,1466,3362,813350136627818,813350136764276,136458,115885,0,20573,0,0,0,0,,
355,client_resolve,client_worker,1466,3397,813350135965995,813350136075109,109114,109114,0,0,0,0,0,0,,
355,client_register,client_worker,1466,3397,813350136075109,813350136163391,88282,88282,0,0,0,0,0,0,,
355,client_encode,client_worker,1466,3397,813350136163391,813350136220422,57031,57031,0,0,0,0,0,0,,
356,server_admission,receive_thread,3421,3473,813350137147766,813350137253599,105833,105833,0,0,0,0,0,0,,
356,server_queue,target_worker,3421,3468,813350137253599,813350137350995,97396,26719,32500,38177,0,0,0,1,813350137291776,32500
356,server_queue,source_binder,3421,3473,813350137253599,813350137350995,97396,90885,0,6511,0,0,0,0,,
356,client_resume,target_worker,1466,3397,813350137460370,813350137593859,133489,39791,23594,70104,0,0,0,1,813350137530474,23594
356,client_resume,source_callback,1466,3362,813350137460370,813350137593859,133489,116146,0,17343,0,0,0,0,,
356,client_resolve,client_worker,1466,3397,813350136841151,813350136945213,104062,104062,0,0,0,0,0,0,,
356,client_register,client_worker,1466,3397,813350136945213,813350136993078,47865,47865,0,0,0,0,0,0,,
356,client_encode,client_worker,1466,3397,813350136993078,813350137057974,64896,64896,0,0,0,0,0,0,,
357,server_admission,receive_thread,3421,3473,813350137974016,813350138079536,105520,105520,0,0,0,0,0,0,,
357,server_queue,target_worker,3421,3468,813350138079536,813350138180630,101094,29219,32448,39427,0,0,0,1,813350138118963,32448
357,server_queue,source_binder,3421,3473,813350138079536,813350138180630,101094,93646,0,7448,0,0,0,0,,
357,client_resume,target_worker,1466,3397,813350138304641,813350138434901,130260,38490,23645,68125,0,0,0,1,813350138372766,23645
357,client_resume,source_callback,1466,3362,813350138304641,813350138434901,130260,109895,0,20365,0,0,0,0,,
357,client_resolve,client_worker,1466,3397,813350137667088,813350137765891,98803,98803,0,0,0,0,0,0,,
357,client_register,client_worker,1466,3397,813350137765891,813350137826203,60312,60312,0,0,0,0,0,0,,
357,client_encode,client_worker,1466,3397,813350137826203,813350137883026,56823,56823,0,0,0,0,0,0,,
358,server_admission,receive_thread,3421,3473,813350138802088,813350138907401,105313,105313,0,0,0,0,0,0,,
358,server_queue,target_worker,3421,3468,813350138907401,813350139030786,123385,27708,32500,63177,0,0,0,1,813350138970578,32500
358,server_queue,source_binder,3421,3473,813350138907401,813350139030786,123385,119375,0,4010,0,0,0,0,,
358,client_resume,target_worker,1466,3397,813350139141828,813350139272870,131042,36250,24636,70156,0,0,0,1,813350139211984,24636
358,client_resume,source_callback,1466,3362,813350139141828,813350139272870,131042,115521,0,15521,0,0,0,0,,
358,client_resolve,client_worker,1466,3397,813350138507193,813350138607036,99843,99843,0,0,0,0,0,0,,
358,client_register,client_worker,1466,3397,813350138607036,813350138650578,43542,43542,0,0,0,0,0,0,,
358,client_encode,client_worker,1466,3397,813350138650578,813350138710578,60000,60000,0,0,0,0,0,0,,
359,server_admission,receive_thread,3421,3473,813350139709120,813350139817401,108281,108281,0,0,0,0,0,0,,
359,server_queue,target_worker,3421,3468,813350139817401,813350139918182,100781,27760,36250,36771,0,0,0,1,813350139854172,36250
359,server_queue,source_binder,3421,3473,813350139817401,813350139918182,100781,95156,0,5625,0,0,0,0,,
359,client_resume,target_worker,1466,3397,813350140028234,813350140192609,164375,38177,20312,105886,0,0,0,1,813350140134120,20312
359,client_resume,source_callback,1466,3362,813350140028234,813350140192609,164375,144688,0,19687,0,0,0,0,,
359,client_resolve,client_worker,1466,3397,813350139358495,813350139504693,146198,146198,0,0,0,0,0,0,,
359,client_register,client_worker,1466,3397,813350139504693,813350139563443,58750,58750,0,0,0,0,0,0,,
359,client_encode,client_worker,1466,3397,813350139563443,813350139621151,57708,57708,0,0,0,0,0,0,,
360,server_admission,receive_thread,3421,3473,813350140547818,813350140688286,140468,140468,0,0,0,0,0,0,,
360,server_queue,target_worker,3421,3468,813350140688286,813350140795422,107136,33438,35208,38490,0,0,0,1,813350140726776,35208
360,server_queue,source_binder,3421,3473,813350140688286,813350140795422,107136,101511,0,5625,0,0,0,0,,
360,client_resume,target_worker,1466,3397,813350140914380,813350141052453,138073,39115,26770,72188,0,0,0,1,813350140986568,26770
360,client_resume,source_callback,1466,3362,813350140914380,813350141052453,138073,120313,0,17760,0,0,0,0,,
360,client_resolve,client_worker,1466,3397,813350140263599,813350140361516,97917,97917,0,0,0,0,0,0,,
360,client_register,client_worker,1466,3397,813350140361516,813350140405266,43750,43750,0,0,0,0,0,0,,
360,client_encode,client_worker,1466,3397,813350140405266,813350140455578,50312,50312,0,0,0,0,0,0,,
361,server_admission,receive_thread,3421,3473,813350141507036,813350141636880,129844,129844,0,0,0,0,0,0,,
361,server_queue,target_worker,3421,3468,813350141636880,813350141757661,120781,34323,37708,48750,0,0,0,1,813350141685630,37708
361,server_queue,source_binder,3421,3473,813350141636880,813350141757661,120781,120052,0,729,0,0,0,0,,
361,client_resume,target_worker,1466,3397,813350141874224,813350142051099,176875,49115,46146,81614,0,0,0,1,813350141955838,46146
361,client_resume,source_callback,1466,3362,813350141874224,813350142051099,176875,147917,0,28958,0,0,0,0,,
361,client_resolve,client_worker,1466,3397,813350141171568,813350141285005,113437,113437,0,0,0,0,0,0,,
361,client_register,client_worker,1466,3397,813350141285005,813350141330057,45052,45052,0,0,0,0,0,0,,
361,client_encode,client_worker,1466,3397,813350141330057,813350141393755,63698,63698,0,0,0,0,0,0,,
362,server_admission,receive_thread,3421,3473,813350142461203,813350142594380,133177,133177,0,0,0,0,0,0,,
362,server_queue,target_worker,3421,3468,813350142594380,813350142715838,121458,40729,34010,46719,0,0,0,1,813350142641099,34010
362,server_queue,source_binder,3421,3473,813350142594380,813350142715838,121458,108854,0,12604,0,0,0,0,,
362,client_resume,target_worker,1466,3397,813350142859588,813350143008755,149167,40052,28177,80938,0,0,0,1,813350142940526,28177
362,client_resume,source_callback,1466,3362,813350142859588,813350143008755,149167,129167,0,20000,0,0,0,0,,
362,client_resolve,client_worker,1466,3397,813350142128182,813350142242453,114271,114271,0,0,0,0,0,0,,
362,client_register,client_worker,1466,3397,813350142242453,813350142292713,50260,50260,0,0,0,0,0,0,,
362,client_encode,client_worker,1466,3397,813350142292713,813350142355213,62500,62500,0,0,0,0,0,0,,
363,server_admission,receive_thread,3421,3473,813350143421568,813350143553859,132291,132291,0,0,0,0,0,0,,
363,server_queue,target_worker,3421,3468,813350143553859,813350143671203,117344,37865,35156,44323,0,0,0,1,813350143598182,35156
363,server_queue,source_binder,3421,3473,813350143553859,813350143671203,117344,104948,0,12396,0,0,0,0,,
363,client_resume,target_worker,1466,3397,813350143796880,813350143938338,141458,39479,26406,75573,0,0,0,1,813350143872453,26406
363,client_resume,source_callback,1466,3362,813350143796880,813350143938338,141458,123177,0,18281,0,0,0,0,,
363,client_resolve,client_worker,1466,3397,813350143087401,813350143194276,106875,106875,0,0,0,0,0,0,,
363,client_register,client_worker,1466,3397,813350143194276,813350143239953,45677,45677,0,0,0,0,0,0,,
363,client_encode,client_worker,1466,3397,813350143239953,813350143311568,71615,71615,0,0,0,0,0,0,,
364,server_admission,receive_thread,3421,3473,813350144391724,813350144507297,115573,115573,0,0,0,0,0,0,,
364,server_queue,target_worker,3421,3468,813350144507297,813350144617505,110208,35677,30781,43750,0,0,0,1,813350144551047,30781
364,server_queue,source_binder,3421,3473,813350144507297,813350144617505,110208,99323,0,10885,0,0,0,0,,
364,client_resume,target_worker,1466,3397,813350144732870,813350144881151,148281,38750,25729,83802,0,0,0,1,813350144816672,25729
364,client_resume,source_callback,1466,3362,813350144732870,813350144881151,148281,130104,0,18177,0,0,0,0,,
364,client_resolve,client_worker,1466,3397,813350144013755,813350144149068,135313,135313,0,0,0,0,0,0,,
364,client_register,client_worker,1466,3397,813350144149068,813350144199120,50052,50052,0,0,0,0,0,0,,
364,client_encode,client_worker,1466,3397,813350144199120,813350144261151,62031,62031,0,0,0,0,0,0,,
365,server_admission,receive_thread,3421,3473,813350145282297,813350145392088,109791,109791,0,0,0,0,0,0,,
365,server_queue,target_worker,3421,3468,813350145392088,813350145500213,108125,35208,33073,39844,0,0,0,1,813350145431932,33073
365,server_queue,source_binder,3421,3473,813350145392088,813350145500213,108125,97240,0,10885,0,0,0,0,,
365,client_resume,target_worker,1466,3397,813350145617088,813350145755995,138907,40157,24583,74167,0,0,0,1,813350145691255,24583
365,client_resume,source_callback,1466,3362,813350145617088,813350145755995,138907,119584,0,19323,0,0,0,0,,
365,client_resolve,client_worker,1466,3397,813350144953911,813350145064120,110209,110209,0,0,0,0,0,0,,
365,client_register,client_worker,1466,3397,813350145064120,813350145114797,50677,50677,0,0,0,0,0,0,,
365,client_encode,client_worker,1466,3397,813350145114797,813350145181828,67031,67031,0,0,0,0,0,0,,
366,server_admission,receive_thread,3421,3473,813350146147297,813350146258130,110833,110833,0,0,0,0,0,0,,
366,server_queue,target_worker,3421,3468,813350146258130,813350146365734,107604,34062,33021,40521,0,0,0,1,813350146298651,33021
366,server_queue,source_binder,3421,3473,813350146258130,813350146365734,107604,97188,0,10416,0,0,0,0,,
366,client_resume,target_worker,1466,3397,813350146481203,813350146620943,139740,40625,24740,74375,0,0,0,1,813350146555578,24740
366,client_resume,source_callback,1466,3362,813350146481203,813350146620943,139740,118958,0,20782,0,0,0,0,,
366,client_resolve,client_worker,1466,3397,813350145832505,813350145935213,102708,102708,0,0,0,0,0,0,,
366,client_register,client_worker,1466,3397,813350145935213,813350145986984,51771,51771,0,0,0,0,0,0,,
366,client_encode,client_worker,1466,3397,813350145986984,813350146045995,59011,59011,0,0,0,0,0,0,,
367,server_admission,receive_thread,3421,3473,813350146998130,813350147121359,123229,123229,0,0,0,0,0,0,,
367,server_queue,target_worker,3421,3468,813350147121359,813350147232661,111302,35000,35260,41042,0,0,0,1,813350147162401,35260
367,server_queue,source_binder,3421,3473,813350147121359,813350147232661,111302,102709,0,8593,0,0,0,0,,
367,client_resume,target_worker,1466,3397,813350147380891,813350147531099,150208,40313,35156,74739,0,0,0,1,813350147455630,35156
367,client_resume,source_callback,1466,3362,813350147380891,813350147531099,150208,126875,0,23333,0,0,0,0,,
367,client_resolve,client_worker,1466,3397,813350146692609,813350146793443,100834,100834,0,0,0,0,0,0,,
367,client_register,client_worker,1466,3397,813350146793443,813350146838234,44791,44791,0,0,0,0,0,0,,
367,client_encode,client_worker,1466,3397,813350146838234,813350146888651,50417,50417,0,0,0,0,0,0,,
368,server_admission,receive_thread,3421,3473,813350147907141,813350148032453,125312,125312,0,0,0,0,0,0,,
368,server_queue,target_worker,3421,3468,813350148032453,813350148144484,112031,36406,34271,41354,0,0,0,1,813350148073807,34271
368,server_queue,source_binder,3421,3473,813350148032453,813350148144484,112031,112031,0,0,0,0,0,0,,
368,client_resume,target_worker,1466,3397,813350148256932,813350148390266,133334,29115,29323,74896,0,0,0,1,813350148331828,29323
368,client_resume,source_callback,1466,3362,813350148256932,813350148390266,133334,120886,0,12448,0,0,0,0,,
368,client_resolve,client_worker,1466,3397,813350147603963,813350147704849,100886,100886,0,0,0,0,0,0,,
368,client_register,client_worker,1466,3397,813350147704849,813350147749068,44219,44219,0,0,0,0,0,0,,
368,client_encode,client_worker,1466,3397,813350147749068,813350147799068,50000,50000,0,0,0,0,0,0,,
369,server_admission,receive_thread,3421,3473,813350148759849,813350148875005,115156,115156,0,0,0,0,0,0,,
369,server_queue,target_worker,3421,3468,813350148875005,813350148990318,115313,35938,34792,44583,0,0,0,1,813350148919588,34792
369,server_queue,source_binder,3421,3473,813350148875005,813350148990318,115313,105156,0,10157,0,0,0,0,,
369,client_resume,target_worker,1466,3397,813350149100266,813350149229849,129583,31042,27760,70781,0,0,0,1,813350149171047,27760
369,client_resume,source_callback,1466,3362,813350149100266,813350149229849,129583,116302,0,13281,0,0,0,0,,
369,client_resolve,client_worker,1466,3397,813350148468391,813350148568338,99947,99947,0,0,0,0,0,0,,
369,client_register,client_worker,1466,3397,813350148568338,813350148613234,44896,44896,0,0,0,0,0,0,,
369,client_encode,client_worker,1466,3397,813350148613234,813350148664432,51198,51198,0,0,0,0,0,0,,
370,server_admission,receive_thread,3421,3473,813350149618026,813350149718807,100781,100781,0,0,0,0,0,0,,
370,server_queue,target_worker,3421,3468,813350149718807,813350149824641,105834,36198,31355,38281,0,0,0,1,813350149757088,31355
370,server_queue,source_binder,3421,3473,813350149718807,813350149824641,105834,92396,0,13438,0,0,0,0,,
370,client_resume,target_worker,1466,3397,813350149933599,813350150067557,133958,35312,28021,70625,0,0,0,1,813350150004224,28021
370,client_resume,source_callback,1466,3362,813350149933599,813350150067557,133958,113698,0,20260,0,0,0,0,,
370,client_resolve,client_worker,1466,3397,813350149317036,813350149417349,100313,100313,0,0,0,0,0,0,,
370,client_register,client_worker,1466,3397,813350149417349,813350149461672,44323,44323,0,0,0,0,0,0,,
370,client_encode,client_worker,1466,3397,813350149461672,813350149521932,60260,60260,0,0,0,0,0,0,,
371,server_admission,receive_thread,3421,3473,813350150431672,813350150538234,106562,106562,0,0,0,0,0,0,,
371,server_queue,target_worker,3421,3468,813350150538234,813350150655786,117552,35260,32292,50000,0,0,0,1,813350150588234,32292
371,server_queue,source_binder,3421,3473,813350150538234,813350150655786,117552,104167,0,13385,0,0,0,0,,
371,client_resume,target_worker,1466,3397,813350150764068,813350150890995,126927,30782,27239,68906,0,0,0,1,813350150832974,27239
371,client_resume,source_callback,1466,3362,813350150764068,813350150890995,126927,110833,0,16094,0,0,0,0,,
371,client_resolve,client_worker,1466,3397,813350150142297,813350150249588,107291,107291,0,0,0,0,0,0,,
371,client_register,client_worker,1466,3397,813350150249588,813350150297453,47865,47865,0,0,0,0,0,0,,
371,client_encode,client_worker,1466,3397,813350150297453,813350150355370,57917,57917,0,0,0,0,0,0,,
372,server_admission,receive_thread,3421,3473,813350151266568,813350151370891,104323,104323,0,0,0,0,0,0,,
372,server_queue,target_worker,3421,3468,813350151370891,813350151476047,105156,34375,31927,38854,0,0,0,1,813350151409745,31927
372,server_queue,source_binder,3421,3473,813350151370891,813350151476047,105156,89895,0,15261,0,0,0,0,,
372,client_resume,target_worker,1466,3397,813350151597557,813350151730891,133334,33490,29427,70417,0,0,0,1,813350151667974,29427
372,client_resume,source_callback,1466,3362,813350151597557,813350151730891,133334,111250,0,22084,0,0,0,0,,
372,client_resolve,client_worker,1466,3397,813350150971620,813350151084693,113073,113073,0,0,0,0,0,0,,
372,client_register,client_worker,1466,3397,813350151084693,813350151130370,45677,45677,0,0,0,0,0,0,,
372,client_encode,client_worker,1466,3397,813350151130370,813350151190109,59739,59739,0,0,0,0,0,0,,
373,server_admission,receive_thread,3421,3473,813350152117922,813350152224797,106875,106875,0,0,0,0,0,0,,
373,server_queue,target_worker,3421,3468,813350152224797,813350152330891,106094,35990,32188,37916,0,0,0,1,813350152262713,32188
373,server_queue,source_binder,3421,3473,813350152224797,813350152330891,106094,90052,0,16042,0,0,0,0,,
373,client_resume,target_worker,1466,3397,813350152440578,813350152569536,128958,31562,27344,70052,0,0,0,1,813350152510630,27344
373,client_resume,source_callback,1466,3362,813350152440578,813350152569536,128958,112760,0,16198,0,0,0,0,,
373,client_resolve,client_worker,1466,3397,813350151802297,813350151909693,107396,107396,0,0,0,0,0,0,,
373,client_register,client_worker,1466,3397,813350151909693,813350151954432,44739,44739,0,0,0,0,0,0,,
373,client_encode,client_worker,1466,3397,813350151954432,813350152015891,61459,61459,0,0,0,0,0,0,,
374,server_admission,receive_thread,3421,3473,813350152950474,813350153054484,104010,104010,0,0,0,0,0,0,,
374,server_queue,target_worker,3421,3468,813350153054484,813350153163443,108959,35261,32552,41146,0,0,0,1,813350153095630,32552
374,server_queue,source_binder,3421,3473,813350153054484,813350153163443,108959,94532,0,14427,0,0,0,0,,
374,client_resume,target_worker,1466,3397,813350153270891,813350153405734,134843,34010,29583,71250,0,0,0,1,813350153342141,29583
374,client_resume,source_callback,1466,3362,813350153270891,813350153405734,134843,116145,0,18698,0,0,0,0,,
374,client_resolve,client_worker,1466,3397,813350152644641,813350152763286,118645,118645,0,0,0,0,0,0,,
374,client_register,client_worker,1466,3397,813350152763286,813350152809953,46667,46667,0,0,0,0,0,0,,
374,client_encode,client_worker,1466,3397,813350152809953,813350152870057,60104,60104,0,0,0,0,0,0,,
375,server_admission,receive_thread,3421,3473,813350153761099,813350153865213,104114,104114,0,0,0,0,0,0,,
375,server_queue,target_worker,3421,3468,813350153865213,813350153972870,107657,36823,29479,41355,0,0,0,1,813350153906568,29479
375,server_queue,source_binder,3421,3473,813350153865213,813350153972870,107657,91823,0,15834,0,0,0,0,,
375,client_resume,target_worker,1466,3397,813350154079484,813350154209328,129844,32344,27448,70052,0,0,0,1,813350154149536,27448
375,client_resume,source_callback,1466,3362,813350154079484,813350154209328,129844,114063,0,15781,0,0,0,0,,
375,client_resolve,client_worker,1466,3397,813350153479328,813350153579224,99896,99896,0,0,0,0,0,0,,
375,client_register,client_worker,1466,3397,813350153579224,813350153626776,47552,47552,0,0,0,0,0,0,,
375,client_encode,client_worker,1466,3397,813350153626776,813350153681151,54375,54375,0,0,0,0,0,0,,
376,server_admission,receive_thread,3421,3473,813350154587036,813350154713807,126771,126771,0,0,0,0,0,0,,
376,server_queue,target_worker,3421,3468,813350154713807,813350154821932,108125,33802,31510,42813,0,0,0,1,813350154756620,31510
376,server_queue,source_binder,3421,3473,813350154713807,813350154821932,108125,95573,0,12552,0,0,0,0,,
376,client_resume,target_worker,1466,3397,813350154927557,813350155068078,140521,31250,29531,79740,0,0,0,1,813350155007297,29531
376,client_resume,source_callback,1466,3362,813350154927557,813350155068078,140521,124375,0,16146,0,0,0,0,,
376,client_resolve,client_worker,1466,3397,813350154280213,813350154386880,106667,106667,0,0,0,0,0,0,,
376,client_register,client_worker,1466,3397,813350154386880,813350154445005,58125,58125,0,0,0,0,0,0,,
376,client_encode,client_worker,1466,3397,813350154445005,813350154504276,59271,59271,0,0,0,0,0,0,,
377,server_admission,receive_thread,3421,3473,813350155476932,813350155624380,147448,147448,0,0,0,0,0,0,,
377,server_queue,target_worker,3421,3468,813350155624380,813350155755526,131146,45208,37552,48386,0,0,0,1,813350155672766,37552
377,server_queue,source_binder,3421,3473,813350155624380,813350155755526,131146,112813,0,18333,0,0,0,0,,
377,client_resume,target_worker,1466,3397,813350155888963,813350156054745,165782,41146,33229,91407,0,0,0,1,813350155980370,33229
377,client_resume,source_callback,1466,3362,813350155888963,813350156054745,165782,147448,0,18334,0,0,0,0,,
377,client_resolve,client_worker,1466,3397,813350155140891,813350155248338,107447,107447,0,0,0,0,0,0,,
377,client_register,client_worker,1466,3397,813350155248338,813350155294797,46459,46459,0,0,0,0,0,0,,
377,client_encode,client_worker,1466,3397,813350155294797,813350155352974,58177,58177,0,0,0,0,0,0,,
378,server_admission,receive_thread,3421,3473,813350156561047,813350156688547,127500,127500,0,0,0,0,0,0,,
378,server_queue,target_worker,3421,3468,813350156688547,813350156858599,170052,58750,67188,44114,0,0,0,1,813350156732661,67188
378,server_queue,source_binder,3421,3473,813350156688547,813350156858599,170052,141094,0,28958,0,0,0,0,,
378,client_resume,target_worker,1466,3397,813350157016151,813350157189588,173437,56458,33333,83646,0,0,0,1,813350157099797,33333
378,client_resume,source_callback,1466,3362,813350157016151,813350157189588,173437,173437,0,0,0,0,0,0,,
378,client_resolve,client_worker,1466,3397,813350156178391,813350156314588,136197,136197,0,0,0,0,0,0,,
378,client_register,client_worker,1466,3397,813350156314588,813350156392557,77969,77969,0,0,0,0,0,0,,
378,client_encode,client_worker,1466,3397,813350156392557,813350156464849,72292,72292,0,0,0,0,0,0,,
379,server_admission,receive_thread,3421,3473,813350157856724,813350157994901,138177,138177,0,0,0,0,0,0,,
379,server_queue,target_worker,3421,3468,813350157994901,813350158140786,145885,39739,50886,55260,0,0,0,1,813350158050161,50886
379,server_queue,source_binder,3421,3473,813350157994901,813350158140786,145885,128125,0,17760,0,0,0,0,,
379,client_resume,target_worker,1466,3397,813350158268651,813350158452453,183802,43021,35781,105000,0,0,0,1,813350158373651,35781
379,client_resume,source_callback,1466,3362,813350158268651,813350158452453,183802,158750,0,25052,0,0,0,0,,
379,client_resolve,client_worker,1466,3397,813350157299953,813350157577141,277188,236772,40416,0,0,0,0,0,,
379,client_register,client_worker,1466,3397,813350157577141,813350157640734,63593,63593,0,0,0,0,0,0,,
379,client_encode,client_worker,1466,3397,813350157640734,813350157709641,68907,68907,0,0,0,0,0,0,,
380,server_admission,receive_thread,3421,3473,813350158942818,813350159087974,145156,145156,0,0,0,0,0,0,,
380,server_queue,target_worker,3421,3468,813350159087974,813350159253182,165208,39948,74479,50781,0,0,0,1,813350159138755,74479
380,server_queue,source_binder,3421,3473,813350159087974,813350159253182,165208,127239,0,37969,0,0,0,0,,
380,client_resume,target_worker,1466,3397,813350159381776,813350159551932,170156,42135,32917,95104,0,0,0,1,813350159476880,32917
380,client_resume,source_callback,1466,3362,813350159381776,813350159551932,170156,145781,0,24375,0,0,0,0,,
380,client_resolve,client_worker,1466,3397,813350158553963,813350158701672,147709,147709,0,0,0,0,0,0,,
380,client_register,client_worker,1466,3397,813350158701672,813350158782193,80521,80521,0,0,0,0,0,0,,
380,client_encode,client_worker,1466,3397,813350158782193,813350158849745,67552,67552,0,0,0,0,0,0,,
381,server_admission,receive_thread,3421,3473,813350160009536,813350160191099,181563,181563,0,0,0,0,0,0,,
381,server_queue,target_worker,3421,3468,813350160191099,813350160327818,136719,42344,37083,57292,0,0,0,1,813350160248391,37083
381,server_queue,source_binder,3421,3473,813350160191099,813350160327818,136719,115521,0,21198,0,0,0,0,,
381,client_resume,target_worker,1466,3397,813350160454484,813350160623755,169271,43021,34323,91927,0,0,0,1,813350160546411,34323
381,client_resume,source_callback,1466,3362,813350160454484,813350160623755,169271,145990,0,23281,0,0,0,0,,
381,client_resolve,client_worker,1466,3397,813350159654380,813350159788443,134063,134063,0,0,0,0,0,0,,
381,client_register,client_worker,1466,3397,813350159788443,813350159850943,62500,62500,0,0,0,0,0,0,,
381,client_encode,client_worker,1466,3397,813350159850943,813350159914380,63437,63437,0,0,0,0,0,0,,
382,server_admission,receive_thread,3421,3473,813350161129953,813350161267297,137344,137344,0,0,0,0,0,0,,
382,server_queue,target_worker,3421,3468,813350161267297,813350161391359,124062,38385,36875,48802,0,0,0,1,813350161316099,36875
382,server_queue,source_binder,3421,3473,813350161267297,813350161391359,124062,104531,0,19531,0,0,0,0,,
382,client_resume,target_worker,1466,3397,813350161516151,813350161687245,171094,43698,36042,91354,0,0,0,1,813350161607505,36042
382,client_resume,source_callback,1466,3362,813350161516151,813350161687245,171094,147083,0,24011,0,0,0,0,,
382,client_resolve,client_worker,1466,3397,813350160723338,813350160877766,154428,154428,0,0,0,0,0,0,,
382,client_register,client_worker,1466,3397,813350160877766,813350160939588,61822,61822,0,0,0,0,0,0,,
382,client_encode,client_worker,1466,3397,813350160939588,813350161024953,85365,85365,0,0,0,0,0,0,,
383,server_admission,receive_thread,3421,3473,813350162153130,813350162286307,133177,133177,0,0,0,0,0,0,,
383,server_queue,target_worker,3421,3468,813350162286307,813350162414797,128490,38073,37917,52500,0,0,0,1,813350162338807,37917
383,server_queue,source_binder,3421,3473,813350162286307,813350162414797,128490,114011,0,14479,0,0,0,0,,
383,client_resume,target_worker,1466,3397,813350162551463,813350162723130,171667,44531,35208,91928,0,0,0,1,813350162643391,35208
383,client_resume,source_callback,1466,3362,813350162551463,813350162723130,171667,146042,0,25625,0,0,0,0,,
383,client_resolve,client_worker,1466,3397,813350161785526,813350161918807,133281,133281,0,0,0,0,0,0,,
383,client_register,client_worker,1466,3397,813350161918807,813350161980057,61250,61250,0,0,0,0,0,0,,
383,client_encode,client_worker,1466,3397,813350161980057,813350162053495,73438,73438,0,0,0,0,0,0,,
384,server_admission,receive_thread,3421,3473,813350163179484,813350163314276,134792,134792,0,0,0,0,0,0,,
384,server_queue,target_worker,3421,3468,813350163314276,813350163497505,183229,36875,85000,61354,0,0,0,1,813350163375630,85000
384,server_queue,source_binder,3421,3473,813350163314276,813350163497505,183229,183229,0,0,0,0,0,0,,
384,client_resume,target_worker,1466,3397,813350163660161,813350163870213,210052,49895,43177,116980,0,0,0,1,813350163777141,43177
384,client_resume,source_callback,1466,3362,813350163660161,813350163870213,210052,185365,0,24687,0,0,0,0,,
384,client_resolve,client_worker,1466,3397,813350162817766,813350162947349,129583,129583,0,0,0,0,0,0,,
384,client_register,client_worker,1466,3397,813350162947349,813350163007922,60573,60573,0,0,0,0,0,0,,
384,client_encode,client_worker,1466,3397,813350163007922,813350163090057,82135,82135,0,0,0,0,0,0,,
385,server_admission,receive_thread,3421,3473,813350164443286,813350164604276,160990,160990,0,0,0,0,0,0,,
385,server_queue,target_worker,3421,3468,813350164604276,813350164747505,143229,38281,41302,63646,0,0,0,1,813350164667922,41302
385,server_queue,source_binder,3421,3473,813350164604276,813350164747505,143229,127812,0,15417,0,0,0,0,,
385,client_resume,target_worker,1466,3397,813350164886932,813350165076203,189271,44323,36146,108802,0,0,0,1,813350164995734,36146
385,client_resume,source_callback,1466,3362,813350164886932,813350165076203,189271,167344,0,21927,0,0,0,0,,
385,client_resolve,client_worker,1466,3397,813350163977245,813350164185526,208281,208281,0,0,0,0,0,0,,
385,client_register,client_worker,1466,3397,813350164185526,813350164269849,84323,84323,0,0,0,0,0,0,,
385,client_encode,client_worker,1466,3397,813350164269849,813350164340682,70833,70833,0,0,0,0,0,0,,
386,server_admission,receive_thread,3421,3473,813350165596099,813350165745995,149896,149896,0,0,0,0,0,0,,
386,server_queue,target_worker,3421,3468,813350165745995,813350165882974,136979,39323,44583,53073,0,0,0,1,813350165799068,44583
386,server_queue,source_binder,3421,3473,813350165745995,813350165882974,136979,118958,0,18021,0,0,0,0,,
386,client_resume,target_worker,1466,3397,813350166023130,813350166212141,189011,48178,37916,102917,0,0,0,1,813350166126047,37916
386,client_resume,source_callback,1466,3362,813350166023130,813350166212141,189011,163594,0,25417,0,0,0,0,,
386,client_resolve,client_worker,1466,3397,813350165179849,813350165326620,146771,146771,0,0,0,0,0,0,,
386,client_register,client_worker,1466,3397,813350165326620,813350165391463,64843,64843,0,0,0,0,0,0,,
386,client_encode,client_worker,1466,3397,813350165391463,813350165485213,93750,93750,0,0,0,0,0,0,,
387,server_admission,receive_thread,3421,3473,813350166711932,813350166879172,167240,167240,0,0,0,0,0,0,,
387,server_queue,target_worker,3421,3468,813350166879172,813350167025370,146198,44115,41979,60104,0,0,0,1,813350166939276,41979
387,server_queue,source_binder,3421,3473,813350166879172,813350167025370,146198,140885,0,5313,0,0,0,0,,
387,client_resume,target_worker,1466,3397,813350167172453,813350167371203,198750,51771,36666,110313,0,0,0,1,813350167282766,36666
387,client_resume,source_callback,1466,3362,813350167172453,813350167371203,198750,172969,0,25781,0,0,0,0,,
387,client_resolve,client_worker,1466,3397,813350166306047,813350166447818,141771,141771,0,0,0,0,0,0,,
387,client_register,client_worker,1466,3397,813350166447818,813350166511203,63385,63385,0,0,0,0,0,0,,
387,client_encode,client_worker,1466,3397,813350166511203,813350166582036,70833,70833,0,0,0,0,0,0,,
388,server_admission,receive_thread,3421,3473,813350167884380,813350168041255,156875,156875,0,0,0,0,0,0,,
388,server_queue,target_worker,3421,3468,813350168041255,813350168211620,170365,40157,34010,96198,0,0,0,1,813350168137453,34010
388,server_queue,source_binder,3421,3473,813350168041255,813350168211620,170365,156042,0,14323,0,0,0,0,,
388,client_resume,target_worker,1466,3397,813350168374536,813350168564484,189948,46979,37500,105469,0,0,0,1,813350168480005,37500
388,client_resume,source_callback,1466,3362,813350168374536,813350168564484,189948,163438,0,26510,0,0,0,0,,
388,client_resolve,client_worker,1466,3397,813350167470109,813350167611828,141719,141719,0,0,0,0,0,0,,
388,client_register,client_worker,1466,3397,813350167611828,813350167676151,64323,64323,0,0,0,0,0,0,,
388,client_encode,client_worker,1466,3397,813350167676151,813350167752870,76719,76719,0,0,0,0,0,0,,
389,server_admission,receive_thread,3421,3473,813350168955370,813350169077922,122552,122552,0,0,0,0,0,0,,
389,server_queue,target_worker,3421,3468,813350169077922,813350169185630,107708,30000,36302,41406,0,0,0,1,813350169119328,36302
389,server_queue,source_binder,3421,3473,813350169077922,813350169185630,107708,100104,0,7604,0,0,0,0,,
389,client_resume,target_worker,1466,3397,813350169294380,813350169453599,159219,34479,29115,95625,0,0,0,1,813350169390005,29115
389,client_resume,source_callback,1466,3362,813350169294380,813350169453599,159219,147292,0,11927,0,0,0,0,,
389,client_resolve,client_worker,1466,3397,813350168654484,813350168762818,108334,108334,0,0,0,0,0,0,,
389,client_register,client_worker,1466,3397,813350168762818,813350168808443,45625,45625,0,0,0,0,0,0,,
389,client_encode,client_worker,1466,3397,813350168808443,813350168870213,61770,61770,0,0,0,0,0,0,,
390,server_admission,receive_thread,3421,3473,813350169847870,813350169962349,114479,114479,0,0,0,0,0,0,,
390,server_queue,target_worker,3421,3468,813350169962349,813350170076568,114219,30157,35625,48437,0,0,0,1,813350170010786,35625
390,server_queue,source_binder,3421,3473,813350169962349,813350170076568,114219,105885,0,8334,0,0,0,0,,
390,client_resume,target_worker,1466,3397,813350170185578,813350170326099,140521,33386,29531,77604,0,0,0,1,813350170263182,29531
390,client_resume,source_callback,1466,3362,813350170185578,813350170326099,140521,125677,0,14844,0,0,0,0,,
390,client_resolve,client_worker,1466,3397,813350169526880,813350169640943,114063,114063,0,0,0,0,0,0,,
390,client_register,client_worker,1466,3397,813350169640943,813350169689536,48593,48593,0,0,0,0,0,0,,
390,client_encode,client_worker,1466,3397,813350169689536,813350169757713,68177,68177,0,0,0,0,0,0,,
391,server_admission,receive_thread,3421,3473,813350170728547,813350170844797,116250,116250,0,0,0,0,0,0,,
391,server_queue,target_worker,3421,3468,813350170844797,813350170955422,110625,31354,37032,42239,0,0,0,1,813350170887036,37032
391,server_queue,source_binder,3421,3473,813350170844797,813350170955422,110625,102083,0,8542,0,0,0,0,,
391,client_resume,target_worker,1466,3397,813350171066463,813350171209328,142865,32917,31510,78438,0,0,0,1,813350171144901,31510
391,client_resume,source_callback,1466,3362,813350171066463,813350171209328,142865,130990,0,11875,0,0,0,0,,
391,client_resolve,client_worker,1466,3397,813350170414745,813350170530995,116250,116250,0,0,0,0,0,0,,
391,client_register,client_worker,1466,3397,813350170530995,813350170579016,48021,48021,0,0,0,0,0,0,,
391,client_encode,client_worker,1466,3397,813350170579016,813350170639432,60416,60416,0,0,0,0,0,0,,
392,server_admission,receive_thread,3421,3473,813350171632609,813350171762974,130365,130365,0,0,0,0,0,0,,
392,server_queue,target_worker,3421,3468,813350171762974,813350171888755,125781,36146,42760,46875,0,0,0,1,813350171809849,42760
392,server_queue,source_binder,3421,3473,813350171762974,813350171888755,125781,111250,0,14531,0,0,0,0,,
392,client_resume,target_worker,1466,3397,813350172014849,813350172234380,219531,38750,34219,146562,0,0,0,1,813350172161411,34219
392,client_resume,source_callback,1466,3362,813350172014849,813350172234380,219531,200312,0,19219,0,0,0,0,,
392,client_resolve,client_worker,1466,3397,813350171287661,813350171408026,120365,120365,0,0,0,0,0,0,,
392,client_register,client_worker,1466,3397,813350171408026,813350171459953,51927,51927,0,0,0,0,0,0,,
392,client_encode,client_worker,1466,3397,813350171459953,813350171528651,68698,68698,0,0,0,0,0,0,,
393,server_admission,receive_thread,3421,3473,813350172670057,813350172813234,143177,143177,0,0,0,0,0,0,,
393,server_queue,target_worker,3421,3468,813350172813234,813350172939120,125886,40209,35364,50313,0,0,0,1,813350172863547,35364
393,server_queue,source_binder,3421,3473,813350172813234,813350172939120,125886,105729,0,20157,0,0,0,0,,
393,client_resume,target_worker,1466,3397,813350173064224,813350173226724,162500,39115,34062,89323,0,0,0,1,813350173153547,34062
393,client_resume,source_callback,1466,3362,813350173064224,813350173226724,162500,141146,0,21354,0,0,0,0,,
393,client_resolve,client_worker,1466,3397,813350172323807,813350172463286,139479,139479,0,0,0,0,0,0,,
393,client_register,client_worker,1466,3397,813350172463286,813350172517661,54375,54375,0,0,0,0,0,0,,
393,client_encode,client_worker,1466,3397,813350172517661,813350172583755,66094,66094,0,0,0,0,0,0,,
394,server_admission,receive_thread,3421,3473,813350173630682,813350173761307,130625,130625,0,0,0,0,0,0,,
394,server_queue,target_worker,3421,3468,813350173761307,813350173886984,125677,38281,38021,49375,0,0,0,1,813350173810682,38021
394,server_queue,source_binder,3421,3473,813350173761307,813350173886984,125677,107292,0,18385,0,0,0,0,,
394,client_resume,target_worker,1466,3397,813350174005995,813350174160995,155000,37396,32136,85468,0,0,0,1,813350174091463,32136
394,client_resume,source_callback,1466,3362,813350174005995,813350174160995,155000,137708,0,17292,0,0,0,0,,
394,client_resolve,client_worker,1466,3397,813350173306880,813350173428755,121875,121875,0,0,0,0,0,0,,
394,client_register,client_worker,1466,3397,813350173428755,813350173483130,54375,54375,0,0,0,0,0,0,,
394,client_encode,client_worker,1466,3397,813350173483130,813350173543651,60521,60521,0,0,0,0,0,0,,
395,server_admission,receive_thread,3421,3473,813350174581203,813350174705057,123854,123854,0,0,0,0,0,0,,
395,server_queue,target_worker,3421,3468,813350174705057,813350174816151,111094,31510,34532,45052,0,0,0,1,813350174750109,34532
395,server_queue,source_binder,3421,3473,813350174705057,813350174816151,111094,98854,0,12240,0,0,0,0,,
395,client_resume,target_worker,1466,3397,813350174930370,813350175086516,156146,35209,32344,88593,0,0,0,1,813350175018963,32344
395,client_resume,source_callback,1466,3362,813350174930370,813350175086516,156146,138698,0,17448,0,0,0,0,,
395,client_resolve,client_worker,1466,3397,813350174243807,813350174373443,129636,129636,0,0,0,0,0,0,,
395,client_register,client_worker,1466,3397,813350174373443,813350174427766,54323,54323,0,0,0,0,0,0,,
395,client_encode,client_worker,1466,3397,813350174427766,813350174489693,61927,61927,0,0,0,0,0,0,,
396,server_admission,receive_thread,3421,3473,813350175486672,813350175606828,120156,120156,0,0,0,0,0,0,,
396,server_queue,target_worker,3421,3468,813350175606828,813350175720891,114063,32969,37031,44063,0,0,0,1,813350175650891,37031
396,server_queue,source_binder,3421,3473,813350175606828,813350175720891,114063,100833,0,13230,0,0,0,0,,
396,client_resume,target_worker,1466,3397,813350175830995,813350176046151,215156,54063,79427,81666,0,0,0,1,813350175912661,79427
396,client_resume,source_callback,1466,3362,813350175830995,813350176046151,215156,183593,0,31563,0,0,0,0,,
396,client_resolve,client_worker,1466,3397,813350175168599,813350175287870,119271,119271,0,0,0,0,0,0,,
396,client_register,client_worker,1466,3397,813350175287870,813350175341411,53541,53541,0,0,0,0,0,0,,
396,client_encode,client_worker,1466,3397,813350175341411,813350175397349,55938,55938,0,0,0,0,0,0,,
397,server_admission,receive_thread,3421,3473,813350176591620,813350176721672,130052,130052,0,0,0,0,0,0,,
397,server_queue,target_worker,3421,3468,813350176721672,813350176865370,143698,36511,41198,65989,0,0,0,1,813350176787661,41198
397,server_queue,source_binder,3421,3473,813350176721672,813350176865370,143698,137656,0,6042,0,0,0,0,,
397,client_resume,target_worker,1466,3397,813350176997193,813350177152922,155729,34479,30834,90416,0,0,0,1,813350177087609,30834
397,client_resume,source_callback,1466,3362,813350176997193,813350177152922,155729,144218,0,11511,0,0,0,0,,
397,client_resolve,client_worker,1466,3397,813350176173286,813350176305370,132084,132084,0,0,0,0,0,0,,
397,client_register,client_worker,1466,3397,813350176305370,813350176387818,82448,82448,0,0,0,0,0,0,,
397,client_encode,client_worker,1466,3397,813350176387818,813350176455786,67968,67968,0,0,0,0,0,0,,
398,server_admission,receive_thread,3421,3473,813350177579536,813350177703755,124219,124219,0,0,0,0,0,0,,
398,server_queue,target_worker,3421,3468,813350177703755,813350177821724,117969,35886,36406,45677,0,0,0,1,813350177749432,36406
398,server_queue,source_binder,3421,3473,813350177703755,813350177821724,117969,99740,0,18229,0,0,0,0,,
398,client_resume,target_worker,1466,3397,813350177941099,813350178091307,150208,37552,30364,82292,0,0,0,1,813350178023391,30364
398,client_resume,source_callback,1466,3362,813350177941099,813350178091307,150208,131667,0,18541,0,0,0,0,,
398,client_resolve,client_worker,1466,3397,813350177232245,813350177357974,125729,125729,0,0,0,0,0,0,,
398,client_register,client_worker,1466,3397,813350177357974,813350177414693,56719,56719,0,0,0,0,0,0,,
398,client_encode,client_worker,1466,3397,813350177414693,813350177477141,62448,62448,0,0,0,0,0,0,,
399,server_admission,receive_thread,3421,3473,813350178525943,813350178648234,122291,122291,0,0,0,0,0,0,,
399,server_queue,target_worker,3421,3468,813350178648234,813350178766776,118542,34375,36875,47292,0,0,0,1,813350178695526,36875
399,server_queue,source_binder,3421,3473,813350178648234,813350178766776,118542,102552,0,15990,0,0,0,0,,
399,client_resume,target_worker,1466,3397,813350178876047,813350179032453,156406,40312,32709,83385,0,0,0,1,813350178959432,32709
399,client_resume,source_callback,1466,3362,813350178876047,813350179032453,156406,133594,0,22812,0,0,0,0,,
399,client_resolve,client_worker,1466,3397,813350178184120,813350178298703,114583,114583,0,0,0,0,0,0,,
399,client_register,client_worker,1466,3397,813350178298703,813350178368026,69323,69323,0,0,0,0,0,0,,
399,client_encode,client_worker,1466,3397,813350178368026,813350178434224,66198,66198,0,0,0,0,0,0,,
400,server_admission,receive_thread,3421,3473,813350179501151,813350179671151,170000,170000,0,0,0,0,0,0,,
400,server_queue,target_worker,3421,3468,813350179671151,813350179824224,153073,49167,46094,57812,0,0,0,1,813350179728963,46094
400,server_queue,source_binder,3421,3473,813350179671151,813350179824224,153073,127656,0,25417,0,0,0,0,,
400,client_resume,target_worker,1466,3397,813350179956724,813350180151307,194583,48281,38385,107917,0,0,0,1,813350180064641,38385
400,client_resume,source_callback,1466,3362,813350179956724,813350180151307,194583,194583,0,0,0,0,0,0,,
400,client_resolve,client_worker,1466,3397,813350179116359,813350179239901,123542,123542,0,0,0,0,0,0,,
400,client_register,client_worker,1466,3397,813350179239901,813350179292193,52292,52292,0,0,0,0,0,0,,
400,client_encode,client_worker,1466,3397,813350179292193,813350179356880,64687,64687,0,0,0,0,0,0,,
401,server_admission,receive_thread,3421,3473,813350180690630,813350180849276,158646,158646,0,0,0,0,0,0,,
401,server_queue,target_worker,3421,3468,813350180849276,813350180999328,150052,49583,42188,58281,0,0,0,1,813350180907557,42188
401,server_queue,source_binder,3421,3473,813350180849276,813350180999328,150052,127083,0,22969,0,0,0,0,,
401,client_resume,target_worker,1466,3397,813350181134797,813350181329641,194844,45834,37448,111562,0,0,0,1,813350181246359,37448
401,client_resume,source_callback,1466,3362,813350181134797,813350181329641,194844,171406,0,23438,0,0,0,0,,
401,client_resolve,client_worker,1466,3397,813350180252818,813350180407870,155052,155052,0,0,0,0,0,0,,
401,client_register,client_worker,1466,3397,813350180407870,813350180483338,75468,75468,0,0,0,0,0,0,,
401,client_encode,client_worker,1466,3397,813350180483338,813350180576880,93542,93542,0,0,0,0,0,0,,
402,server_admission,receive_thread,3421,3473,813350181819328,813350182013963,194635,194635,0,0,0,0,0,0,,
402,server_queue,target_worker,3421,3468,813350182013963,813350182159588,145625,43489,43073,59063,0,0,0,1,813350182073026,43073
402,server_queue,source_binder,3421,3473,813350182013963,813350182159588,145625,127657,0,17968,0,0,0,0,,
402,client_resume,target_worker,1466,3397,813350182300109,813350182508078,207969,47396,38489,122084,0,0,0,1,813350182422193,38489
402,client_resume,source_callback,1466,3362,813350182300109,813350182508078,207969,182500,0,25469,0,0,0,0,,
402,client_resolve,client_worker,1466,3397,813350181433182,813350181577088,143906,143906,0,0,0,0,0,0,,
402,client_register,client_worker,1466,3397,813350181577088,813350181648026,70938,70938,0,0,0,0,0,0,,
402,client_encode,client_worker,1466,3397,813350181648026,813350181712609,64583,64583,0,0,0,0,0,0,,
403,server_admission,receive_thread,3421,3473,813350183033495,813350183192557,159062,159062,0,0,0,0,0,0,,
403,server_queue,target_worker,3421,3468,813350183192557,813350183330943,138386,38959,43281,56146,0,0,0,1,813350183248703,43281
403,server_queue,source_binder,3421,3473,813350183192557,813350183330943,138386,125417,0,12969,0,0,0,0,,
403,client_resume,target_worker,1466,3397,813350183465682,813350183654276,188594,45417,39114,104063,0,0,0,1,813350183569745,39114
403,client_resume,source_callback,1466,3362,813350183465682,813350183654276,188594,167344,0,21250,0,0,0,0,,
403,client_resolve,client_worker,1466,3397,813350182617870,813350182767141,149271,149271,0,0,0,0,0,0,,
403,client_register,client_worker,1466,3397,813350182767141,813350182836463,69322,69322,0,0,0,0,0,0,,
403,client_encode,client_worker,1466,3397,813350182836463,813350182922141,85678,85678,0,0,0,0,0,0,,
404,server_admission,receive_thread,3421,3473,813350184206411,813350184365943,159532,159532,0,0,0,0,0,0,,
404,server_queue,target_worker,3421,3468,813350184365943,813350184522609,156666,50312,45938,60416,0,0,0,1,813350184426359,45938
404,server_queue,source_binder,3421,3473,813350184365943,813350184522609,156666,129531,0,27135,0,0,0,0,,
404,client_resume,target_worker,1466,3397,813350184683078,813350184872870,189792,46823,37604,105365,0,0,0,1,813350184788443,37604
404,client_resume,source_callback,1466,3362,813350184683078,813350184872870,189792,164844,0,24948,0,0,0,0,,
404,client_resolve,client_worker,1466,3397,813350183758911,813350183913391,154480,154480,0,0,0,0,0,0,,
404,client_register,client_worker,1466,3397,813350183913391,813350183988807,75416,75416,0,0,0,0,0,0,,
404,client_encode,client_worker,1466,3397,813350183988807,813350184063338,74531,74531,0,0,0,0,0,0,,
405,server_admission,receive_thread,3421,3473,813350185419953,813350185575422,155469,155469,0,0,0,0,0,0,,
405,server_queue,target_worker,3421,3468,813350185575422,813350185725266,149844,48125,46303,55416,0,0,0,1,813350185630838,46303
405,server_queue,source_binder,3421,3473,813350185575422,813350185725266,149844,124687,0,25157,0,0,0,0,,
405,client_resume,target_worker,1466,3397,813350185865005,813350186053078,188073,43854,37969,106250,0,0,0,1,813350185971255,37969
405,client_resume,source_callback,1466,3362,813350185865005,813350186053078,188073,167292,0,20781,0,0,0,0,,
405,client_resolve,client_worker,1466,3397,813350184977922,813350185131307,153385,153385,0,0,0,0,0,0,,
405,client_register,client_worker,1466,3397,813350185131307,813350185209380,78073,78073,0,0,0,0,0,0,,
405,client_encode,client_worker,1466,3397,813350185209380,813350185305266,95886,95886,0,0,0,0,0,0,,
406,server_admission,receive_thread,3421,3473,813350186569016,813350186739068,170052,170052,0,0,0,0,0,0,,
406,server_queue,target_worker,3421,3468,813350186739068,813350186885682,146614,50156,40469,55989,0,0,0,1,813350186795057,40469
406,server_queue,source_binder,3421,3473,813350186739068,813350186885682,146614,123073,0,23541,0,0,0,0,,
406,client_resume,target_worker,1466,3397,813350187006203,813350187375995,369792,75104,103959,190729,0,0,0,1,813350187196932,103959
406,client_resume,source_callback,1466,3362,813350187006203,813350187375995,369792,304479,41823,23490,0,0,0,0,,
406,client_resolve,client_worker,1466,3397,813350186158286,813350186317766,159480,159480,0,0,0,0,0,0,,
406,client_register,client_worker,1466,3397,813350186317766,813350186390943,73177,73177,0,0,0,0,0,0,,
406,client_encode,client_worker,1466,3397,813350186390943,813350186465161,74218,74218,0,0,0,0,0,0,,
407,server_admission,receive_thread,3421,3473,813350187954641,813350188183443,228802,228802,0,0,0,0,0,0,,
407,server_queue,target_worker,3421,3468,813350188183443,813350188354068,170625,58386,41094,71145,0,0,0,1,813350188254588,41094
407,server_queue,source_binder,3421,3473,813350188183443,813350188354068,170625,148385,0,22240,0,0,0,0,,
407,client_resume,target_worker,1466,3397,813350188506672,813350188762193,255521,60313,73750,121458,0,0,0,1,813350188628130,73750
407,client_resume,source_callback,1466,3362,813350188506672,813350188762193,255521,195208,0,60313,0,0,0,0,,
407,client_resolve,client_worker,1466,3397,813350187465786,813350187628130,162344,162344,0,0,0,0,0,0,,
407,client_register,client_worker,1466,3397,813350187628130,813350187726516,98386,98386,0,0,0,0,0,0,,
407,client_encode,client_worker,1466,3397,813350187726516,813350187801932,75416,75416,0,0,0,0,0,0,,
408,server_admission,receive_thread,3421,3473,813350189260370,813350189400213,139843,139843,0,0,0,0,0,0,,
408,server_queue,target_worker,3421,3468,813350189400213,813350189536411,136198,48333,35104,52761,0,0,0,1,813350189452974,35104
408,server_queue,source_binder,3421,3473,813350189400213,813350189536411,136198,112240,0,23958,0,0,0,0,,
408,client_resume,target_worker,1466,3397,813350189737713,813350189988078,250365,76562,59219,114584,0,0,0,1,813350189852297,59219
408,client_resume,source_callback,1466,3362,813350189737713,813350189988078,250365,179688,0,70677,0,0,0,0,,
408,client_resolve,client_worker,1466,3397,813350188851880,813350189000005,148125,148125,0,0,0,0,0,0,,
408,client_register,client_worker,1466,3397,813350189000005,813350189068078,68073,68073,0,0,0,0,0,0,,
408,client_encode,client_worker,1466,3397,813350189068078,813350189140370,72292,72292,0,0,0,0,0,0,,
409,server_admission,receive_thread,3421,3473,813350190550786,813350190711932,161146,161146,0,0,0,0,0,0,,
409,server_queue,target_worker,3421,3468,813350190711932,813350190875891,163959,62292,46875,54792,0,0,0,1,813350190766724,46875
409,server_queue,source_binder,3421,3473,813350190711932,813350190875891,163959,127396,0,36563,0,0,0,0,,
409,client_resume,target_worker,1466,3397,813350191050266,813350191290370,240104,69948,74896,95260,0,0,0,1,813350191145526,74896
409,client_resume,source_callback,1466,3362,813350191050266,813350191290370,240104,171197,0,68907,0,0,0,0,,
409,client_resolve,client_worker,1466,3397,813350190117245,813350190276880,159635,159635,0,0,0,0,0,0,,
409,client_register,client_worker,1466,3397,813350190276880,813350190347818,70938,70938,0,0,0,0,0,0,,
409,client_encode,client_worker,1466,3397,813350190347818,813350190435630,87812,87812,0,0,0,0,0,0,,
410,server_admission,receive_thread,3421,3473,813350191825474,813350191962713,137239,137239,0,0,0,0,0,0,,
410,server_queue,target_worker,3421,3468,813350191962713,813350192169380,206667,81979,42656,82032,0,0,0,1,813350192044745,42656
410,server_queue,source_binder,3421,3473,813350191962713,813350192169380,206667,171667,0,35000,0,0,0,0,,
410,client_resume,target_worker,1466,3397,813350192313286,813350192524328,211042,52812,61094,97136,0,0,0,1,813350192410422,61094
410,client_resume,source_callback,1466,3362,813350192313286,813350192524328,211042,158230,0,52812,0,0,0,0,,
410,client_resolve,client_worker,1466,3397,813350191410891,813350191565526,154635,154635,0,0,0,0,0,0,,
410,client_register,client_worker,1466,3397,813350191565526,813350191632245,66719,66719,0,0,0,0,0,0,,
410,client_encode,client_worker,1466,3397,813350191632245,813350191712818,80573,80573,0,0,0,0,0,0,,
411,server_admission,receive_thread,3421,3473,813350193021516,813350193159484,137968,137968,0,0,0,0,0,0,,
411,server_queue,target_worker,3421,3468,813350193159484,813350193290630,131146,48229,34948,47969,0,0,0,1,813350193207453,34948
411,server_queue,source_binder,3421,3473,813350193159484,813350193290630,131146,107917,0,23229,0,0,0,0,,
411,client_resume,target_worker,1466,3397,813350193468182,813350193689172,220990,67240,47552,106198,0,0,0,1,813350193574380,47552
411,client_resume,source_callback,1466,3362,813350193468182,813350193689172,220990,165156,0,55834,0,0,0,0,,
411,client_resolve,client_worker,1466,3397,813350192622661,813350192781672,159011,159011,0,0,0,0,0,0,,
411,client_register,client_worker,1466,3397,813350192781672,813350192849276,67604,67604,0,0,0,0,0,0,,
411,client_encode,client_worker,1466,3397,813350192849276,813350192923182,73906,73906,0,0,0,0,0,0,,
412,server_admission,receive_thread,3421,3473,813350194256307,813350194392818,136511,136511,0,0,0,0,0,0,,
412,server_queue,target_worker,3421,3468,813350194392818,813350194542870,150052,56667,42812,50573,0,0,0,1,813350194443391,42812
412,server_queue,source_binder,3421,3473,813350194392818,813350194542870,150052,120833,0,29219,0,0,0,0,,
412,client_resume,target_worker,1466,3397,813350194692349,813350194907557,215208,55000,63489,96719,0,0,0,1,813350194789068,63489
412,client_resume,source_callback,1466,3362,813350194692349,813350194907557,215208,160208,0,55000,0,0,0,0,,
412,client_resolve,client_worker,1466,3397,813350193825370,813350193993599,168229,168229,0,0,0,0,0,0,,
412,client_register,client_worker,1466,3397,813350193993599,813350194060630,67031,67031,0,0,0,0,0,0,,
412,client_encode,client_worker,1466,3397,813350194060630,813350194139536,78906,78906,0,0,0,0,0,0,,
413,server_admission,receive_thread,3421,3473,813350195456359,813350195614901,158542,158542,0,0,0,0,0,0,,
413,server_queue,target_worker,3421,3468,813350195614901,813350195771307,156406,57552,42812,56042,0,0,0,1,813350195670943,42812
413,server_queue,source_binder,3421,3473,813350195614901,813350195771307,156406,127969,0,28437,0,0,0,0,,
413,client_resume,target_worker,1466,3397,813350195929328,813350196201516,272188,94740,64531,112917,0,0,0,1,813350196042245,64531
413,client_resume,source_callback,1466,3362,813350195929328,813350196201516,272188,177448,0,94740,0,0,0,0,,
413,client_resolve,client_worker,1466,3397,813350194997297,813350195138755,141458,141458,0,0,0,0,0,0,,
413,client_register,client_worker,1466,3397,813350195138755,813350195204953,66198,66198,0,0,0,0,0,0,,
413,client_encode,client_worker,1466,3397,813350195204953,813350195282974,78021,78021,0,0,0,0,0,0,,
414,server_admission,receive_thread,3421,3473,813350196720838,813350196866151,145313,145313,0,0,0,0,0,0,,
414,server_queue,target_worker,3421,3468,813350196866151,813350197012036,145885,53229,38906,53750,0,0,0,1,813350196919901,38906
414,server_queue,source_binder,3421,3473,813350196866151,813350197012036,145885,117187,0,28698,0,0,0,0,,
414,client_resume,target_worker,1466,3397,813350197172245,813350197397557,225312,67604,49479,108229,0,0,0,1,813350197280474,49479
414,client_resume,source_callback,1466,3362,813350197172245,813350197397557,225312,165364,0,59948,0,0,0,0,,
414,client_resolve,client_worker,1466,3397,813350196293078,813350196467141,174063,174063,0,0,0,0,0,0,,
414,client_register,client_worker,1466,3397,813350196467141,813350196540005,72864,72864,0,0,0,0,0,0,,
414,client_encode,client_worker,1466,3397,813350196540005,813350196614901,74896,74896,0,0,0,0,0,0,,
415,server_admission,receive_thread,3421,3473,813350197913651,813350198074484,160833,160833,0,0,0,0,0,0,,
415,server_queue,target_worker,3421,3468,813350198074484,813350198227818,153334,59844,41563,51927,0,0,0,1,813350198126411,41563
415,server_queue,source_binder,3421,3473,813350198074484,813350198227818,153334,111302,0,42032,0,0,0,0,,
415,client_resume,target_worker,1466,3397,813350198385786,813350198639328,253542,72500,63750,117292,0,0,0,1,813350198503078,63750
415,client_resume,source_callback,1466,3362,813350198385786,813350198639328,253542,185625,0,67917,0,0,0,0,,
415,client_resolve,client_worker,1466,3397,813350197508286,813350197659745,151459,151459,0,0,0,0,0,0,,
415,client_register,client_worker,1466,3397,813350197659745,813350197727453,67708,67708,0,0,0,0,0,0,,
415,client_encode,client_worker,1466,3397,813350197727453,813350197797818,70365,70365,0,0,0,0,0,0,,
416,server_admission,receive_thread,3421,3473,813350199211568,813350199354536,142968,142968,0,0,0,0,0,0,,
416,server_queue,target_worker,3421,3468,813350199354536,813350199513078,158542,60104,45469,52969,0,0,0,1,813350199407505,45469
416,server_queue,source_binder,3421,3473,813350199354536,813350199513078,158542,121407,0,37135,0,0,0,0,,
416,client_resume,target_worker,1466,3397,813350199668130,813350199908651,240521,74271,63854,102396,0,0,0,1,813350199770526,63854
416,client_resume,source_callback,1466,3362,813350199668130,813350199908651,240521,164740,0,75781,0,0,0,0,,
416,client_resolve,client_worker,1466,3397,813350198751411,813350198903547,152136,152136,0,0,0,0,0,0,,
416,client_register,client_worker,1466,3397,813350198903547,813350199001307,97760,97760,0,0,0,0,0,0,,
416,client_encode,client_worker,1466,3397,813350199001307,813350199090318,89011,89011,0,0,0,0,0,0,,
417,server_admission,receive_thread,3421,3473,813350200517922,813350200659849,141927,141927,0,0,0,0,0,0,,
417,server_queue,target_worker,3421,3468,813350200659849,813350200817713,157864,61875,45520,50469,0,0,0,1,813350200710318,45520
417,server_queue,source_binder,3421,3473,813350200659849,813350200817713,157864,157864,0,0,0,0,0,0,,
417,client_resume,target_worker,1466,3397,813350200952974,813350201155057,202083,51875,62916,87292,0,0,0,1,813350201040266,62916
417,client_resume,source_callback,1466,3362,813350200952974,813350201155057,202083,150208,0,51875,0,0,0,0,,
417,client_resolve,client_worker,1466,3397,813350200024745,813350200230786,206041,206041,0,0,0,0,0,0,,
417,client_register,client_worker,1466,3397,813350200230786,813350200305526,74740,74740,0,0,0,0,0,0,,
417,client_encode,client_worker,1466,3397,813350200305526,813350200395370,89844,89844,0,0,0,0,0,0,,
418,server_admission,receive_thread,3421,3473,813350201663755,813350201791255,127500,127500,0,0,0,0,0,0,,
418,server_queue,target_worker,3421,3468,813350201791255,813350201922141,130886,46719,34636,49531,0,0,0,1,813350201840786,34636
418,server_queue,source_binder,3421,3473,813350201791255,813350201922141,130886,107656,0,23230,0,0,0,0,,
418,client_resume,target_worker,1466,3397,813350202062922,813350202266463,203541,62500,47135,93906,0,0,0,1,813350202156828,47135
418,client_resume,source_callback,1466,3362,813350202062922,813350202266463,203541,148594,0,54947,0,0,0,0,,
418,client_resolve,client_worker,1466,3397,813350201244797,813350201385630,140833,140833,0,0,0,0,0,0,,
418,client_register,client_worker,1466,3397,813350201385630,813350201483443,97813,97813,0,0,0,0,0,0,,
418,client_encode,client_worker,1466,3397,813350201483443,813350201560370,76927,76927,0,0,0,0,0,0,,
419,server_admission,receive_thread,3421,3473,813350202763234,813350202908391,145157,145157,0,0,0,0,0,0,,
419,server_queue,target_worker,3421,3468,813350202908391,813350203038911,130520,53437,32292,44791,0,0,0,1,813350202953182,32292
419,server_queue,source_binder,3421,3473,813350202908391,813350203038911,130520,98958,0,31562,0,0,0,0,,
419,client_resume,target_worker,1466,3397,813350203352141,813350203544380,192239,57500,37969,96770,0,0,0,1,813350203448911,37969
419,client_resume,source_callback,1466,3362,813350203352141,813350203544380,192239,156979,0,35260,0,0,0,0,,
419,client_resolve,client_worker,1466,3397,813350202369641,813350202516568,146927,146927,0,0,0,0,0,0,,
419,client_register,client_worker,1466,3397,813350202516568,813350202584901,68333,68333,0,0,0,0,0,0,,
419,client_encode,client_worker,1466,3397,813350202584901,813350202661880,76979,76979,0,0,0,0,0,0,,
420,server_admission,receive_thread,3421,3473,813350204051516,813350204232505,180989,180989,0,0,0,0,0,0,,
420,server_queue,target_worker,3421,3468,813350204232505,813350204364120,131615,49271,36458,45886,0,0,0,1,813350204278391,36458
420,server_queue,source_binder,3421,3473,813350204232505,813350204364120,131615,106250,0,25365,0,0,0,0,,
420,client_resume,target_worker,1466,3397,813350204501620,813350204698963,197343,57031,52812,87500,0,0,0,1,813350204589120,52812
420,client_resume,source_callback,1466,3362,813350204501620,813350204698963,197343,149427,0,47916,0,0,0,0,,
420,client_resolve,client_worker,1466,3397,813350203638443,813350203774120,135677,135677,0,0,0,0,0,0,,
420,client_register,client_worker,1466,3397,813350203774120,813350203834120,60000,60000,0,0,0,0,0,0,,
420,client_encode,client_worker,1466,3397,813350203834120,813350203935630,101510,101510,0,0,0,0,0,0,,
421,server_admission,receive_thread,3421,3473,813350205169276,813350205287922,118646,118646,0,0,0,0,0,0,,
421,server_queue,target_worker,3421,3468,813350205287922,813350205421880,133958,49948,35677,48333,0,0,0,1,813350205336255,35677
421,server_queue,source_binder,3421,3473,813350205287922,813350205421880,133958,102031,0,31927,0,0,0,0,,
421,client_resume,target_worker,1466,3397,813350205542870,813350205730422,187552,44427,53386,89739,0,0,0,1,813350205632609,53386
421,client_resume,source_callback,1466,3362,813350205542870,813350205730422,187552,143125,0,44427,0,0,0,0,,
421,client_resolve,client_worker,1466,3397,813350204797974,813350204934016,136042,136042,0,0,0,0,0,0,,
421,client_register,client_worker,1466,3397,813350204934016,813350204997505,63489,63489,0,0,0,0,0,0,,
421,client_encode,client_worker,1466,3397,813350204997505,813350205072297,74792,74792,0,0,0,0,0,0,,
422,server_admission,receive_thread,3421,3473,813350206172922,813350206294484,121562,121562,0,0,0,0,0,0,,
422,server_queue,target_worker,3421,3468,813350206294484,813350206410891,116407,44271,31146,40990,0,0,0,1,813350206335474,31146
422,server_queue,source_binder,3421,3473,813350206294484,813350206410891,116407,91771,0,24636,0,0,0,0,,
422,client_resume,target_worker,1466,3397,813350206539068,813350206726776,187708,47656,49219,90833,0,0,0,1,813350206629901,49219
422,client_resume,source_callback,1466,3362,813350206539068,813350206726776,187708,140052,0,47656,0,0,0,0,,
422,client_resolve,client_worker,1466,3397,813350205811672,813350205934641,122969,122969,0,0,0,0,0,0,,
422,client_register,client_worker,1466,3397,813350205934641,813350206000786,66145,66145,0,0,0,0,0,0,,
422,client_encode,client_worker,1466,3397,813350206000786,813350206081463,80677,80677,0,0,0,0,0,0,,
423,server_admission,receive_thread,3421,3473,813350207144745,813350207263755,119010,119010,0,0,0,0,0,0,,
423,server_queue,target_worker,3421,3468,813350207263755,813350207382974,119219,43281,32396,43542,0,0,0,1,813350207307297,32396
423,server_queue,source_binder,3421,3473,813350207263755,813350207382974,119219,97917,0,21302,0,0,0,0,,
423,client_resume,target_worker,1466,3397,813350207503963,813350207701411,197448,62448,46145,88855,0,0,0,1,813350207592818,46145
423,client_resume,source_callback,1466,3362,813350207503963,813350207701411,197448,141459,0,55989,0,0,0,0,,
423,client_resolve,client_worker,1466,3397,813350206807870,813350206929745,121875,121875,0,0,0,0,0,0,,
423,client_register,client_worker,1466,3397,813350206929745,813350206991151,61406,61406,0,0,0,0,0,0,,
423,client_encode,client_worker,1466,3397,813350206991151,813350207052818,61667,61667,0,0,0,0,0,0,,
424,server_admission,receive_thread,3421,3473,813350208254849,813350208394224,139375,139375,0,0,0,0,0,0,,
424,server_queue,target_worker,3421,3468,813350208394224,813350208527766,133542,50313,41510,41719,0,0,0,1,813350208435943,41510
424,server_queue,source_binder,3421,3473,813350208394224,813350208527766,133542,100729,0,32813,0,0,0,0,,
424,client_resume,target_worker,1466,3397,813350208663911,813350208873599,209688,60625,56771,92292,0,0,0,1,813350208756203,56771
424,client_resume,source_callback,1466,3362,813350208663911,813350208873599,209688,152084,0,57604,0,0,0,0,,
424,client_resolve,client_worker,1466,3397,813350207802245,813350207948599,146354,146354,0,0,0,0,0,0,,
424,client_register,client_worker,1466,3397,813350207948599,813350208012609,64010,64010,0,0,0,0,0,0,,
424,client_encode,client_worker,1466,3397,813350208012609,813350208140370,127761,127761,0,0,0,0,0,0,,
425,server_admission,receive_thread,3421,3473,813350209364432,813350209488443,124011,124011,0,0,0,0,0,0,,
425,server_queue,target_worker,3421,3468,813350209488443,813350209626359,137916,52396,40000,45520,0,0,0,1,813350209533963,40000
425,server_queue,source_binder,3421,3473,813350209488443,813350209626359,137916,108802,0,29114,0,0,0,0,,
425,client_resume,target_worker,1466,3397,813350209770526,813350209982974,212448,60313,64010,88125,0,0,0,1,813350209858651,64010
425,client_resume,source_callback,1466,3362,813350209770526,813350209982974,212448,150156,0,62292,0,0,0,0,,
425,client_resolve,client_worker,1466,3397,813350208972609,813350209108078,135469,135469,0,0,0,0,0,0,,
425,client_register,client_worker,1466,3397,813350209108078,813350209164901,56823,56823,0,0,0,0,0,0,,
425,client_encode,client_worker,1466,3397,813350209164901,813350209251099,86198,86198,0,0,0,0,0,0,,
426,server_admission,receive_thread,3421,3473,813350210481411,813350210607505,126094,126094,0,0,0,0,0,0,,
426,server_queue,target_worker,3421,3468,813350210607505,813350210745005,137500,51667,38333,47500,0,0,0,1,813350210655005,38333
426,server_queue,source_binder,3421,3473,813350210607505,813350210745005,137500,104948,0,32552,0,0,0,0,,
426,client_resume,target_worker,1466,3397,813350210875838,813350211073911,198073,51562,57448,89063,0,0,0,1,813350210964901,57448
426,client_resume,source_callback,1466,3362,813350210875838,813350211073911,198073,146511,0,51562,0,0,0,0,,
426,client_resolve,client_worker,1466,3397,813350210083443,813350210218130,134687,134687,0,0,0,0,0,0,,
426,client_register,client_worker,1466,3397,813350210218130,813350210277766,59636,59636,0,0,0,0,0,0,,
426,client_encode,client_worker,1466,3397,813350210277766,813350210370370,92604,92604,0,0,0,0,0,0,,
427,server_admission,receive_thread,3421,3473,813350211592349,813350211729068,136719,136719,0,0,0,0,0,0,,
427,server_queue,target_worker,3421,3468,813350211729068,813350211862870,133802,47604,39011,47187,0,0,0,1,813350211776255,39011
427,server_queue,source_binder,3421,3473,813350211729068,813350211862870,133802,108750,0,25052,0,0,0,0,,
427,client_resume,target_worker,1466,3397,813350212004953,813350212278703,273750,64531,58959,150260,0,0,0,1,813350212155213,58959
427,client_resume,source_callback,1466,3362,813350212004953,813350212278703,273750,206458,0,67292,0,0,0,0,,
427,client_resolve,client_worker,1466,3397,813350211170370,813350211304901,134531,134531,0,0,0,0,0,0,,
427,client_register,client_worker,1466,3397,813350211304901,813350211372922,68021,68021,0,0,0,0,0,0,,
427,client_encode,client_worker,1466,3397,813350211372922,813350211441672,68750,68750,0,0,0,0,0,0,,
428,server_admission,receive_thread,3421,3473,813350212830318,813350212988495,158177,158177,0,0,0,0,0,0,,
428,server_queue,target_worker,3421,3468,813350212988495,813350213131568,143073,52344,42813,47916,0,0,0,1,813350213036411,42813
428,server_queue,source_binder,3421,3473,813350212988495,813350213131568,143073,114531,0,28542,0,0,0,0,,
428,client_resume,target_worker,1466,3397,813350213263391,813350213493911,230520,63854,64948,101718,0,0,0,1,813350213365109,64948
428,client_resume,source_callback,1466,3362,813350213263391,813350213493911,230520,164166,0,66354,0,0,0,0,,
428,client_resolve,client_worker,1466,3397,813350212384068,813350212533547,149479,149479,0,0,0,0,0,0,,
428,client_register,client_worker,1466,3397,813350212533547,813350212604953,71406,71406,0,0,0,0,0,0,,
428,client_encode,client_worker,1466,3397,813350212604953,813350212689432,84479,84479,0,0,0,0,0,0,,
429,server_admission,receive_thread,3421,3473,813350213992870,813350214132036,139166,139166,0,0,0,0,0,0,,
429,server_queue,target_worker,3421,3468,813350214132036,813350214273651,141615,54063,39010,48542,0,0,0,1,813350214180578,39010
429,server_queue,source_binder,3421,3473,813350214132036,813350214273651,141615,109271,0,32344,0,0,0,0,,
429,client_resume,target_worker,1466,3397,813350214410057,813350214615422,205365,49896,61823,93646,0,0,0,1,813350214503703,61823
429,client_resume,source_callback,1466,3362,813350214410057,813350214615422,205365,155469,0,49896,0,0,0,0,,
429,client_resolve,client_worker,1466,3397,813350213596203,813350213735474,139271,139271,0,0,0,0,0,0,,
429,client_register,client_worker,1466,3397,813350213735474,813350213797349,61875,61875,0,0,0,0,0,0,,
429,client_encode,client_worker,1466,3397,813350213797349,813350213883026,85677,85677,0,0,0,0,0,0,,
430,server_admission,receive_thread,3421,3473,813350215104068,813350215230786,126718,126718,0,0,0,0,0,0,,
430,server_queue,target_worker,3421,3468,813350215230786,813350215364276,133490,48750,38958,45782,0,0,0,1,813350215276568,38958
430,server_queue,source_binder,3421,3473,813350215230786,813350215364276,133490,107709,0,25781,0,0,0,0,,
430,client_resume,target_worker,1466,3397,813350215544693,813350215759276,214583,66146,46302,102135,0,0,0,1,813350215646828,46302
430,client_resume,source_callback,1466,3362,813350215544693,813350215759276,214583,156041,0,58542,0,0,0,0,,
430,client_resolve,client_worker,1466,3397,813350214719380,813350214861776,142396,142396,0,0,0,0,0,0,,
430,client_register,client_worker,1466,3397,813350214861776,813350214924953,63177,63177,0,0,0,0,0,0,,
430,client_encode,client_worker,1466,3397,813350214924953,813350214998547,73594,73594,0,0,0,0,0,0,,
431,server_admission,receive_thread,3421,3473,813350216325109,813350216450734,125625,125625,0,0,0,0,0,0,,
431,server_queue,target_worker,3421,3468,813350216450734,813350216593495,142761,53594,41979,47188,0,0,0,1,813350216497922,41979
431,server_queue,source_binder,3421,3473,813350216450734,813350216593495,142761,110834,0,31927,0,0,0,0,,
431,client_resume,target_worker,1466,3397,813350216739380,813350216937088,197708,51041,54219,92448,0,0,0,1,813350216831828,54219
431,client_resume,source_callback,1466,3362,813350216739380,813350216937088,197708,146667,0,51041,0,0,0,0,,
431,client_resolve,client_worker,1466,3397,813350215881359,813350216026776,145417,145417,0,0,0,0,0,0,,
431,client_register,client_worker,1466,3397,813350216026776,813350216089276,62500,62500,0,0,0,0,0,0,,
431,client_encode,client_worker,1466,3397,813350216089276,813350216214588,125312,125312,0,0,0,0,0,0,,
432,server_admission,receive_thread,3421,3473,813350217417453,813350217565474,148021,148021,0,0,0,0,0,0,,
432,server_queue,target_worker,3421,3468,813350217565474,813350217702974,137500,47448,39635,50417,0,0,0,1,813350217615891,39635
432,server_queue,source_binder,3421,3473,813350217565474,813350217702974,137500,109844,0,27656,0,0,0,0,,
432,client_resume,target_worker,1466,3397,813350217845370,813350218050891,205521,63230,46510,95781,0,0,0,1,813350217941151,46510
432,client_resume,source_callback,1466,3362,813350217845370,813350218050891,205521,148541,0,56980,0,0,0,0,,
432,client_resolve,client_worker,1466,3397,813350217031516,813350217170786,139270,139270,0,0,0,0,0,0,,
432,client_register,client_worker,1466,3397,813350217170786,813350217238963,68177,68177,0,0,0,0,0,0,,
432,client_encode,client_worker,1466,3397,813350217238963,813350217313703,74740,74740,0,0,0,0,0,0,,
433,server_admission,receive_thread,3421,3473,813350218634745,813350218770266,135521,135521,0,0,0,0,0,0,,
433,server_queue,target_worker,3421,3468,813350218770266,813350218914172,143906,52656,43178,48072,0,0,0,1,813350218818338,43178
433,server_queue,source_binder,3421,3473,813350218770266,813350218914172,143906,108177,0,35729,0,0,0,0,,
433,client_resume,target_worker,1466,3397,813350219047818,813350219277245,229427,63125,69948,96354,0,0,0,1,813350219144172,69948
433,client_resume,source_callback,1466,3362,813350219047818,813350219277245,229427,163020,0,66407,0,0,0,0,,
433,client_resolve,client_worker,1466,3397,813350218156672,813350218327453,170781,170781,0,0,0,0,0,0,,
433,client_register,client_worker,1466,3397,813350218327453,813350218389484,62031,62031,0,0,0,0,0,0,,
433,client_encode,client_worker,1466,3397,813350218389484,813350218464849,75365,75365,0,0,0,0,0,0,,
434,server_admission,receive_thread,3421,3473,813350219847297,813350219967036,119739,119739,0,0,0,0,0,0,,
434,server_queue,target_worker,3421,3468,813350219967036,813350220184016,216980,132553,39895,44532,0,0,0,1,813350220011568,39895
434,server_queue,source_binder,3421,3473,813350219967036,813350220184016,216980,104636,0,112344,0,0,0,0,,
434,client_resume,target_worker,1466,3397,813350220308859,813350220532401,223542,82344,55573,85625,0,0,0,1,813350220394484,55573
434,client_resume,source_callback,1466,3362,813350220308859,813350220532401,223542,141198,0,82344,0,0,0,0,,
434,client_resolve,client_worker,1466,3397,813350219380474,813350219593807,213333,213333,0,0,0,0,0,0,,
434,client_register,client_worker,1466,3397,813350219593807,813350219660786,66979,66979,0,0,0,0,0,0,,
434,client_encode,client_worker,1466,3397,813350219660786,813350219738599,77813,77813,0,0,0,0,0,0,,
435,server_admission,receive_thread,3421,3473,813350220973703,813350221090109,116406,116406,0,0,0,0,0,0,,
435,server_queue,target_worker,3421,3468,813350221090109,813350221228234,138125,53750,40156,44219,0,0,0,1,813350221134328,40156
435,server_queue,source_binder,3421,3473,813350221090109,813350221228234,138125,103646,0,34479,0,0,0,0,,
435,client_resume,target_worker,1466,3397,813350221373338,813350221587297,213959,64479,59427,90053,0,0,0,1,813350221463391,59427
435,client_resume,source_callback,1466,3362,813350221373338,813350221587297,213959,148073,0,65886,0,0,0,0,,
435,client_resolve,client_worker,1466,3397,813350220618391,813350220749536,131145,131145,0,0,0,0,0,0,,
435,client_register,client_worker,1466,3397,813350220749536,813350220807297,57761,57761,0,0,0,0,0,0,,
435,client_encode,client_worker,1466,3397,813350220807297,813350220880109,72812,72812,0,0,0,0,0,0,,
436,server_admission,receive_thread,3421,3473,813350222089484,813350222227193,137709,137709,0,0,0,0,0,0,,
436,server_queue,target_worker,3421,3468,813350222227193,813350222355838,128645,46510,37344,44791,0,0,0,1,813350222271984,37344
436,server_queue,source_binder,3421,3473,813350222227193,813350222355838,128645,99270,0,29375,0,0,0,0,,
436,client_resume,target_worker,1466,3397,813350222476880,813350222676724,199844,58125,57500,84219,0,0,0,1,813350222561099,57500
436,client_resume,source_callback,1466,3362,813350222476880,813350222676724,199844,143021,0,56823,0,0,0,0,,
436,client_resolve,client_worker,1466,3397,813350221698599,813350221836151,137552,137552,0,0,0,0,0,0,,
436,client_register,client_worker,1466,3397,813350221836151,813350221901932,65781,65781,0,0,0,0,0,0,,
436,client_encode,client_worker,1466,3397,813350221901932,813350221981099,79167,79167,0,0,0,0,0,0,,
437,server_admission,receive_thread,3421,3473,813350223189120,813350223323078,133958,133958,0,0,0,0,0,0,,
437,server_queue,target_worker,3421,3468,813350223323078,813350223455786,132708,49166,40365,43177,0,0,0,1,813350223366255,40365
437,server_queue,source_binder,3421,3473,813350223323078,813350223455786,132708,104740,0,27968,0,0,0,0,,
437,client_resume,target_worker,1466,3397,813350223587609,813350223780578,192969,44844,60104,88021,0,0,0,1,813350223675630,60104
437,client_resume,source_callback,1466,3362,813350223587609,813350223780578,192969,148125,0,44844,0,0,0,0,,
437,client_resolve,client_worker,1466,3397,813350222772349,813350222902088,129739,129739,0,0,0,0,0,0,,
437,client_register,client_worker,1466,3397,813350222902088,813350223006047,103959,103959,0,0,0,0,0,0,,
437,client_encode,client_worker,1466,3397,813350223006047,813350223076203,70156,70156,0,0,0,0,0,0,,
438,server_admission,receive_thread,3421,3473,813350224286828,813350224413755,126927,126927,0,0,0,0,0,0,,
438,server_queue,target_worker,3421,3468,813350224413755,813350224541463,127708,45000,37031,45677,0,0,0,1,813350224459432,37031
438,server_queue,source_binder,3421,3473,813350224413755,813350224541463,127708,104740,0,22968,0,0,0,0,,
438,client_resume,target_worker,1466,3397,813350224677557,813350224877818,200261,62344,44583,93334,0,0,0,1,813350224770891,44583
438,client_resume,source_callback,1466,3362,813350224677557,813350224877818,200261,148854,0,51407,0,0,0,0,,
438,client_resolve,client_worker,1466,3397,813350223865005,813350223994432,129427,129427,0,0,0,0,0,0,,
438,client_register,client_worker,1466,3397,813350223994432,813350224054901,60469,60469,0,0,0,0,0,0,,
438,client_encode,client_worker,1466,3397,813350224054901,813350224180995,126094,126094,0,0,0,0,0,0,,
439,server_admission,receive_thread,3421,3473,813350225387245,813350225503755,116510,116510,0,0,0,0,0,0,,
439,server_queue,target_worker,3421,3468,813350225503755,813350225637557,133802,48698,41041,44063,0,0,0,1,813350225547818,41041
439,server_queue,source_binder,3421,3473,813350225503755,813350225637557,133802,100521,0,33281,0,0,0,0,,
439,client_resume,target_worker,1466,3397,813350225766203,813350225957870,191667,49271,56042,86354,0,0,0,1,813350225852557,56042
439,client_resume,source_callback,1466,3362,813350225766203,813350225957870,191667,142396,0,49271,0,0,0,0,,
439,client_resolve,client_worker,1466,3397,813350224980943,813350225117974,137031,137031,0,0,0,0,0,0,,
439,client_register,client_worker,1466,3397,813350225117974,813350225195422,77448,77448,0,0,0,0,0,0,,
439,client_encode,client_worker,1466,3397,813350225195422,813350225270943,75521,75521,0,0,0,0,0,0,,
440,server_admission,receive_thread,3421,3473,813350226402245,813350226521151,118906,118906,0,0,0,0,0,0,,
440,server_queue,target_worker,3421,3468,813350226521151,813350226646307,125156,45208,35104,44844,0,0,0,1,813350226565995,35104
440,server_queue,source_binder,3421,3473,813350226521151,813350226646307,125156,100937,0,24219,0,0,0,0,,
440,client_resume,target_worker,1466,3397,813350226793338,813350227017713,224375,58750,53541,112084,0,0,0,1,813350226905422,53541
440,client_resume,source_callback,1466,3362,813350226793338,813350227017713,224375,179584,0,44791,0,0,0,0,,
440,client_resolve,client_worker,1466,3397,813350226043495,813350226177297,133802,133802,0,0,0,0,0,0,,
440,client_register,client_worker,1466,3397,813350226177297,813350226240318,63021,63021,0,0,0,0,0,0,,
440,client_encode,client_worker,1466,3397,813350226240318,813350226311255,70937,70937,0,0,0,0,0,0,,
441,server_admission,receive_thread,3421,3473,813350227525474,813350227638703,113229,113229,0,0,0,0,0,0,,
441,server_queue,target_worker,3421,3468,813350227638703,813350227755474,116771,44636,31093,41042,0,0,0,1,813350227679745,31093
441,server_queue,source_binder,3421,3473,813350227638703,813350227755474,116771,90990,0,25781,0,0,0,0,,
441,client_resume,target_worker,1466,3397,813350227895474,813350228147713,252239,104843,67188,80208,0,0,0,1,813350227975682,67188
441,client_resume,source_callback,1466,3362,813350227895474,813350228147713,252239,147396,0,104843,0,0,0,0,,
441,client_resolve,client_worker,1466,3397,813350227169953,813350227281724,111771,111771,0,0,0,0,0,0,,
441,client_register,client_worker,1466,3397,813350227281724,813350227335318,53594,53594,0,0,0,0,0,0,,
441,client_encode,client_worker,1466,3397,813350227335318,813350227418182,82864,82864,0,0,0,0,0,0,,
442,server_admission,receive_thread,3421,3473,813350228573911,813350228684068,110157,110157,0,0,0,0,0,0,,
442,server_queue,target_worker,3421,3468,813350228684068,813350228794745,110677,39740,32656,38281,0,0,0,1,813350228722349,32656
442,server_queue,source_binder,3421,3473,813350228684068,813350228794745,110677,92031,0,18646,0,0,0,0,,
442,client_resume,target_worker,1466,3397,813350228917557,813350229108078,190521,57187,44896,88438,0,0,0,1,813350229005995,44896
442,client_resume,source_callback,1466,3362,813350228917557,813350229108078,190521,138281,0,52240,0,0,0,0,,
442,client_resolve,client_worker,1466,3397,813350228233547,813350228369120,135573,135573,0,0,0,0,0,0,,
442,client_register,client_worker,1466,3397,813350228369120,813350228420370,51250,51250,0,0,0,0,0,0,,
442,client_encode,client_worker,1466,3397,813350228420370,813350228478807,58437,58437,0,0,0,0,0,0,,
443,server_admission,receive_thread,3421,3473,813350229586880,813350229699328,112448,112448,0,0,0,0,0,0,,
443,server_queue,target_worker,3421,3468,813350229699328,813350229824016,124688,46146,38177,40365,0,0,0,1,813350229739693,38177
443,server_queue,source_binder,3421,3473,813350229699328,813350229824016,124688,98281,0,26407,0,0,0,0,,
443,client_resume,target_worker,1466,3397,813350229942297,813350230132974,190677,56615,55416,78646,0,0,0,1,813350230020943,55416
443,client_resume,source_callback,1466,3362,813350229942297,813350230132974,190677,133698,0,56979,0,0,0,0,,
443,client_resolve,client_worker,1466,3397,813350229205318,813350229335838,130520,130520,0,0,0,0,0,0,,
443,client_register,client_worker,1466,3397,813350229335838,813350229388547,52709,52709,0,0,0,0,0,0,,
443,client_encode,client_worker,1466,3397,813350229388547,813350229477193,88646,88646,0,0,0,0,0,0,,
444,server_admission,receive_thread,3421,3473,813350230579745,813350230684276,104531,104531,0,0,0,0,0,0,,
444,server_queue,target_worker,3421,3468,813350230684276,813350230803547,119271,43490,37031,38750,0,0,0,1,813350230723026,37031
444,server_queue,source_binder,3421,3473,813350230684276,813350230803547,119271,93906,0,25365,0,0,0,0,,
444,client_resume,target_worker,1466,3397,813350231136359,813350231375057,238698,56094,76718,105886,0,0,0,1,813350231242245,76718
444,client_resume,source_callback,1466,3362,813350231136359,813350231375057,238698,182604,0,56094,0,0,0,0,,
444,client_resolve,client_worker,1466,3397,813350230223495,813350230348911,125416,125416,0,0,0,0,0,0,,
444,client_register,client_worker,1466,3397,813350230348911,813350230406724,57813,57813,0,0,0,0,0,0,,
444,client_encode,client_worker,1466,3397,813350230406724,813350230479693,72969,72969,0,0,0,0,0,0,,
445,server_admission,receive_thread,3421,3473,813350231815943,813350231971776,155833,155833,0,0,0,0,0,0,,
445,server_queue,target_worker,3421,3468,813350231971776,813350232138338,166562,83489,38646,44427,0,0,0,1,813350232016203,38646
445,server_queue,source_binder,3421,3473,813350231971776,813350232138338,166562,103073,0,63489,0,0,0,0,,
445,client_resume,target_worker,1466,3397,813350232272245,813350232452297,180052,47240,54896,77916,0,0,0,1,813350232350161,54896
445,client_resume,source_callback,1466,3362,813350232272245,813350232452297,180052,132812,0,47240,0,0,0,0,,
445,client_resolve,client_worker,1466,3397,813350231451672,813350231571255,119583,119583,0,0,0,0,0,0,,
445,client_register,client_worker,1466,3397,813350231571255,813350231621880,50625,50625,0,0,0,0,0,0,,
445,client_encode,client_worker,1466,3397,813350231621880,813350231714588,92708,92708,0,0,0,0,0,0,,
446,server_admission,receive_thread,3421,3473,813350232882557,813350232994328,111771,111771,0,0,0,0,0,0,,
446,server_queue,target_worker,3421,3468,813350232994328,813350233116359,122031,43177,36666,42188,0,0,0,1,813350233036516,36666
446,server_queue,source_binder,3421,3473,813350232994328,813350233116359,122031,103229,0,18802,0,0,0,0,,
446,client_resume,target_worker,1466,3397,813350233247349,813350233430630,183281,54167,42083,87031,0,0,0,1,813350233334380,42083
446,client_resume,source_callback,1466,3362,813350233247349,813350233430630,183281,139167,0,44114,0,0,0,0,,
446,client_resolve,client_worker,1466,3397,813350232531880,813350232658703,126823,126823,0,0,0,0,0,0,,
446,client_register,client_worker,1466,3397,813350232658703,813350232712349,53646,53646,0,0,0,0,0,0,,
446,client_encode,client_worker,1466,3397,813350232712349,813350232783599,71250,71250,0,0,0,0,0,0,,
447,server_admission,receive_thread,3421,3473,813350233900995,813350234009901,108906,108906,0,0,0,0,0,0,,
447,server_queue,target_worker,3421,3468,813350234009901,813350234132766,122865,45678,38072,39115,0,0,0,1,813350234049016,38072
447,server_queue,source_binder,3421,3473,813350234009901,813350234132766,122865,94167,0,28698,0,0,0,0,,
447,client_resume,target_worker,1466,3397,813350234254901,813350234452661,197760,55937,58177,83646,0,0,0,1,813350234338547,58177
447,client_resume,source_callback,1466,3362,813350234254901,813350234452661,197760,139740,0,58020,0,0,0,0,,
447,client_resolve,client_worker,1466,3397,813350233525578,813350233653026,127448,127448,0,0,0,0,0,0,,
447,client_register,client_worker,1466,3397,813350233653026,813350233704693,51667,51667,0,0,0,0,0,0,,
447,client_encode,client_worker,1466,3397,813350233704693,813350233784276,79583,79583,0,0,0,0,0,0,,
448,server_admission,receive_thread,3421,3473,813350234880838,813350235045838,165000,165000,0,0,0,0,0,0,,
448,server_queue,target_worker,3421,3468,813350235045838,813350235170161,124323,51979,28281,44063,0,0,0,1,813350235089901,28281
448,server_queue,source_binder,3421,3473,813350235045838,813350235170161,124323,96719,0,27604,0,0,0,0,,
448,client_resume,target_worker,1466,3397,813350235607557,813350235876463,268906,76666,66875,125365,0,0,0,1,813350235732922,66875
448,client_resume,source_callback,1466,3362,813350235607557,813350235876463,268906,224011,0,44895,0,0,0,0,,
448,client_resolve,client_worker,1466,3397,813350234543078,813350234665526,122448,122448,0,0,0,0,0,0,,
448,client_register,client_worker,1466,3397,813350234665526,813350234717609,52083,52083,0,0,0,0,0,0,,
448,client_encode,client_worker,1466,3397,813350234717609,813350234782245,64636,64636,0,0,0,0,0,0,,
449,server_admission,receive_thread,3421,3473,813350236555943,813350236675995,120052,120052,0,0,0,0,0,0,,
449,server_queue,target_worker,3421,3468,813350236675995,813350236799432,123437,49219,30104,44114,0,0,0,1,813350236720109,30104
449,server_queue,source_binder,3421,3473,813350236675995,813350236799432,123437,99896,0,23541,0,0,0,0,,
449,client_resume,target_worker,1466,3397,813350236954276,813350237209380,255104,70781,82865,101458,0,0,0,1,813350237055734,82865
449,client_resume,source_callback,1466,3362,813350236954276,813350237209380,255104,192552,0,62552,0,0,0,0,,
449,client_resolve,client_worker,1466,3397,813350235990578,813350236195995,205417,205417,0,0,0,0,0,0,,
449,client_register,client_worker,1466,3397,813350236195995,813350236348703,152708,152708,0,0,0,0,0,0,,
449,client_encode,client_worker,1466,3397,813350236348703,813350236430474,81771,81771,0,0,0,0,0,0,,
450,server_admission,receive_thread,3421,3473,813350237749953,813350237891151,141198,141198,0,0,0,0,0,0,,
450,server_queue,target_worker,3421,3468,813350237891151,813350238028391,137240,49584,42448,45208,0,0,0,1,813350237936359,42448
450,server_queue,source_binder,3421,3473,813350237891151,813350238028391,137240,102604,0,34636,0,0,0,0,,
450,client_resume,target_worker,1466,3397,813350238173026,813350238398338,225312,63854,71718,89740,0,0,0,1,813350238262766,71718
450,client_resume,source_callback,1466,3362,813350238173026,813350238398338,225312,160990,0,64322,0,0,0,0,,
450,client_resolve,client_worker,1466,3397,813350237330786,813350237484588,153802,153802,0,0,0,0,0,0,,
450,client_register,client_worker,1466,3397,813350237484588,813350237549068,64480,64480,0,0,0,0,0,0,,
450,client_encode,client_worker,1466,3397,813350237549068,813350237626932,77864,77864,0,0,0,0,0,0,,
451,server_admission,receive_thread,3421,3473,813350238841724,813350238954016,112292,112292,0,0,0,0,0,0,,
451,server_queue,target_worker,3421,3468,813350238954016,813350239078755,124739,47500,36823,40416,0,0,0,1,813350238994432,36823
451,server_queue,source_binder,3421,3473,813350238954016,813350239078755,124739,95468,0,29271,0,0,0,0,,
451,client_resume,target_worker,1466,3397,813350239237505,813350239444172,206667,58698,65156,82813,0,0,0,1,813350239320318,65156
451,client_resume,source_callback,1466,3362,813350239237505,813350239444172,206667,142500,0,64167,0,0,0,0,,
451,client_resolve,client_worker,1466,3397,813350238490630,813350238618859,128229,128229,0,0,0,0,0,0,,
451,client_register,client_worker,1466,3397,813350238618859,813350238673599,54740,54740,0,0,0,0,0,0,,
451,client_encode,client_worker,1466,3397,813350238673599,813350238739693,66094,66094,0,0,0,0,0,0,,
452,server_admission,receive_thread,3421,3473,813350239898755,813350240003547,104792,104792,0,0,0,0,0,0,,
452,server_queue,target_worker,3421,3468,813350240003547,813350240146203,142656,71823,33594,37239,0,0,0,1,813350240040786,33594
452,server_queue,source_binder,3421,3473,813350240003547,813350240146203,142656,91354,0,51302,0,0,0,0,,
452,client_resume,target_worker,1466,3397,813350240263391,813350240428859,165468,42604,44062,78802,0,0,0,1,813350240342193,44062
452,client_resume,source_callback,1466,3362,813350240263391,813350240428859,165468,122864,0,42604,0,0,0,0,,
452,client_resolve,client_worker,1466,3397,813350239535943,813350239678391,142448,142448,0,0,0,0,0,0,,
452,client_register,client_worker,1466,3397,813350239678391,813350239732349,53958,53958,0,0,0,0,0,0,,
452,client_encode,client_worker,1466,3397,813350239732349,813350239799016,66667,66667,0,0,0,0,0,0,,
453,server_admission,receive_thread,3421,3473,813350240834016,813350240960943,126927,126927,0,0,0,0,0,0,,
453,server_queue,target_worker,3421,3468,813350240960943,813350241073286,112343,41198,29895,41250,0,0,0,1,813350241002193,29895
453,server_queue,source_binder,3421,3473,813350240960943,813350241073286,112343,90208,0,22135,0,0,0,0,,
453,client_resume,target_worker,1466,3397,813350241190943,813350241397818,206875,55469,60625,90781,0,0,0,1,813350241281724,60625
453,client_resume,source_callback,1466,3362,813350241190943,813350241397818,206875,159427,0,47448,0,0,0,0,,
453,client_resolve,client_worker,1466,3397,813350240512401,813350240634380,121979,121979,0,0,0,0,0,0,,
453,client_register,client_worker,1466,3397,813350240634380,813350240687922,53542,53542,0,0,0,0,0,0,,
453,client_encode,client_worker,1466,3397,813350240687922,813350240750213,62291,62291,0,0,0,0,0,0,,
454,server_admission,receive_thread,3421,3473,813350241839380,813350241945786,106406,106406,0,0,0,0,0,0,,
454,server_queue,target_worker,3421,3468,813350241945786,813350242058026,112240,40677,32031,39532,0,0,0,1,813350241985318,32031
454,server_queue,source_binder,3421,3473,813350241945786,813350242058026,112240,87188,0,25052,0,0,0,0,,
454,client_resume,target_worker,1466,3397,813350242167870,813350242325266,157396,38230,49791,69375,0,0,0,1,813350242237245,49791
454,client_resume,source_callback,1466,3362,813350242167870,813350242325266,157396,119166,0,38230,0,0,0,0,,
454,client_resolve,client_worker,1466,3397,813350241486568,813350241635630,149062,149062,0,0,0,0,0,0,,
454,client_register,client_worker,1466,3397,813350241635630,813350241690213,54583,54583,0,0,0,0,0,0,,
454,client_encode,client_worker,1466,3397,813350241690213,813350241747974,57761,57761,0,0,0,0,0,0,,
455,server_admission,receive_thread,3421,3473,813350242689641,813350242786672,97031,97031,0,0,0,0,0,0,,
455,server_queue,target_worker,3421,3468,813350242786672,813350242887974,101302,36875,30156,34271,0,0,0,1,813350242820943,30156
455,server_queue,source_binder,3421,3473,813350242786672,813350242887974,101302,80312,0,20990,0,0,0,0,,
455,client_resume,target_worker,1466,3397,813350243000161,813350243162297,162136,49844,34010,78282,0,0,0,1,813350243078443,34010
455,client_resume,source_callback,1466,3362,813350243000161,813350243162297,162136,122136,0,40000,0,0,0,0,,
455,client_resolve,client_worker,1466,3397,813350242388651,813350242495422,106771,106771,0,0,0,0,0,0,,
455,client_register,client_worker,1466,3397,813350242495422,813350242541047,45625,45625,0,0,0,0,0,0,,
455,client_encode,client_worker,1466,3397,813350242541047,813350242604432,63385,63385,0,0,0,0,0,0,,
456,server_admission,receive_thread,3421,3473,813350243583182,813350243684797,101615,101615,0,0,0,0,0,0,,
456,server_queue,target_worker,3421,3468,813350243684797,813350243801568,116771,44427,35469,36875,0,0,0,1,813350243721672,35469
456,server_queue,source_binder,3421,3473,813350243684797,813350243801568,116771,87916,0,28855,0,0,0,0,,
456,client_resume,target_worker,1466,3397,813350243947349,813350244264328,316979,182396,56510,78073,0,0,0,1,813350244025422,56510
456,client_resume,source_callback,1466,3362,813350243947349,813350244264328,316979,134323,0,182656,0,0,0,0,,
456,client_resolve,client_worker,1466,3397,813350243244276,813350243359693,115417,115417,0,0,0,0,0,0,,
456,client_register,client_worker,1466,3397,813350243359693,813350243424432,64739,64739,0,0,0,0,0,0,,
456,client_encode,client_worker,1466,3397,813350243424432,813350243489797,65365,65365,0,0,0,0,0,0,,
457,server_admission,receive_thread,3421,3473,813350244684016,813350244848234,164218,164218,0,0,0,0,0,0,,
457,server_queue,target_worker,3421,3468,813350244848234,813350244967349,119115,50313,26875,41927,0,0,0,1,813350244890161,26875
457,server_queue,source_binder,3421,3473,813350244848234,813350244967349,119115,91042,0,28073,0,0,0,0,,
457,client_resume,target_worker,1466,3397,813350245333703,813350245551047,217344,54844,46302,116198,0,0,0,1,813350245449901,46302
457,client_resume,source_callback,1466,3362,813350245333703,813350245551047,217344,190938,0,26406,0,0,0,0,,
457,client_resolve,client_worker,1466,3397,813350244355943,813350244467818,111875,111875,0,0,0,0,0,0,,
457,client_register,client_worker,1466,3397,813350244467818,813350244517036,49218,49218,0,0,0,0,0,0,,
457,client_encode,client_worker,1466,3397,813350244517036,813350244579536,62500,62500,0,0,0,0,0,0,,
458,server_admission,receive_thread,3421,3473,813350245982974,813350246100734,117760,117760,0,0,0,0,0,0,,
458,server_queue,target_worker,3421,3468,813350246100734,813350246209276,108542,40677,30469,37396,0,0,0,1,813350246138130,30469
458,server_queue,source_binder,3421,3473,813350246100734,813350246209276,108542,91146,0,17396,0,0,0,0,,
458,client_resume,target_worker,1466,3397,813350246349380,813350246552557,203177,66302,45885,90990,0,0,0,1,813350246440370,45885
458,client_resume,source_callback,1466,3362,813350246349380,813350246552557,203177,141094,0,62083,0,0,0,0,,
458,client_resolve,client_worker,1466,3397,813350245635630,813350245754276,118646,118646,0,0,0,0,0,0,,
458,client_register,client_worker,1466,3397,813350245754276,813350245822505,68229,68229,0,0,0,0,0,0,,
458,client_encode,client_worker,1466,3397,813350245822505,813350245891203,68698,68698,0,0,0,0,0,0,,
459,server_admission,receive_thread,3421,3473,813350247002870,813350247106516,103646,103646,0,0,0,0,0,0,,
459,server_queue,target_worker,3421,3468,813350247106516,813350247226620,120104,44427,36302,39375,0,0,0,1,813350247145891,36302
459,server_queue,source_binder,3421,3473,813350247106516,813350247226620,120104,91197,0,28907,0,0,0,0,,
459,client_resume,target_worker,1466,3397,813350247347661,813350247521724,174063,43021,52500,78542,0,0,0,1,813350247426203,52500
459,client_resume,source_callback,1466,3362,813350247347661,813350247521724,174063,131042,0,43021,0,0,0,0,,
459,client_resolve,client_worker,1466,3397,813350246647401,813350246776203,128802,128802,0,0,0,0,0,0,,
459,client_register,client_worker,1466,3397,813350246776203,813350246835786,59583,59583,0,0,0,0,0,0,,
459,client_encode,client_worker,1466,3397,813350246835786,813350246903911,68125,68125,0,0,0,0,0,0,,
460,server_admission,receive_thread,3421,3473,813350247934849,813350248042661,107812,107812,0,0,0,0,0,0,,
460,server_queue,target_worker,3421,3468,813350248042661,813350248164120,121459,41146,38073,42240,0,0,0,1,813350248084901,38073
460,server_queue,source_binder,3421,3473,813350248042661,813350248164120,121459,121459,0,0,0,0,0,0,,
460,client_resume,target_worker,1466,3397,813350248287036,813350248484120,197084,55521,54323,87240,0,0,0,1,813350248374276,54323
460,client_resume,source_callback,1466,3362,813350248287036,813350248484120,197084,154271,0,42813,0,0,0,0,,
460,client_resolve,client_worker,1466,3397,813350247600995,813350247714380,113385,113385,0,0,0,0,0,0,,
460,client_register,client_worker,1466,3397,813350247714380,813350247766099,51719,51719,0,0,0,0,0,0,,
460,client_encode,client_worker,1466,3397,813350247766099,813350247841776,75677,75677,0,0,0,0,0,0,,
461,server_admission,receive_thread,3421,3473,813350248924224,813350249031724,107500,107500,0,0,0,0,0,0,,
461,server_queue,target_worker,3421,3468,813350249031724,813350249161724,130000,49948,40573,39479,0,0,0,1,813350249071203,40573
461,server_queue,source_binder,3421,3473,813350249031724,813350249161724,130000,96823,0,33177,0,0,0,0,,
461,client_resume,target_worker,1466,3397,813350249305109,813350249477766,172657,39219,53386,80052,0,0,0,1,813350249385161,53386
461,client_resume,source_callback,1466,3362,813350249305109,813350249477766,172657,133438,0,39219,0,0,0,0,,
461,client_resolve,client_worker,1466,3397,813350248571724,813350248695630,123906,123906,0,0,0,0,0,0,,
461,client_register,client_worker,1466,3397,813350248695630,813350248746047,50417,50417,0,0,0,0,0,0,,
461,client_encode,client_worker,1466,3397,813350248746047,813350248817557,71510,71510,0,0,0,0,0,0,,
462,server_admission,receive_thread,3421,3473,813350249914484,813350250019901,105417,105417,0,0,0,0,0,0,,
462,server_queue,target_worker,3421,3468,813350250019901,813350250129693,109792,38907,32291,38594,0,0,0,1,813350250058495,32291
462,server_queue,source_binder,3421,3473,813350250019901,813350250129693,109792,92344,0,17448,0,0,0,0,,
462,client_resume,target_worker,1466,3397,813350250259953,813350250436620,176667,43698,48021,84948,0,0,0,1,813350250344901,48021
462,client_resume,source_callback,1466,3362,813350250259953,813350250436620,176667,132969,0,43698,0,0,0,0,,
462,client_resolve,client_worker,1466,3397,813350249563234,813350249683234,120000,120000,0,0,0,0,0,0,,
462,client_register,client_worker,1466,3397,813350249683234,813350249733182,49948,49948,0,0,0,0,0,0,,
462,client_encode,client_worker,1466,3397,813350249733182,813350249813547,80365,80365,0,0,0,0,0,0,,
463,server_admission,receive_thread,3421,3473,813350250840474,813350250979536,139062,139062,0,0,0,0,0,0,,
463,server_queue,target_worker,3421,3468,813350250979536,813350251090995,111459,36354,33438,41667,0,0,0,1,813350251021203,33438
463,server_queue,source_binder,3421,3473,813350250979536,813350251090995,111459,97500,0,13959,0,0,0,0,,
463,client_resume,target_worker,1466,3397,813350251211516,813350251394797,183281,47396,54896,80989,0,0,0,1,813350251292505,54896
463,client_resume,source_callback,1466,3362,813350251211516,813350251394797,183281,135885,0,47396,0,0,0,0,,
463,client_resolve,client_worker,1466,3397,813350250516307,813350250632766,116459,116459,0,0,0,0,0,0,,
463,client_register,client_worker,1466,3397,813350250632766,813350250684224,51458,51458,0,0,0,0,0,0,,
463,client_encode,client_worker,1466,3397,813350250684224,813350250750370,66146,66146,0,0,0,0,0,0,,
464,server_admission,receive_thread,3421,3473,813350251874797,813350251981359,106562,106562,0,0,0,0,0,0,,
464,server_queue,target_worker,3421,3468,813350251981359,813350252130838,149479,75260,35260,38959,0,0,0,1,813350252020318,35260
464,server_queue,source_binder,3421,3473,813350251981359,813350252130838,149479,94792,0,54687,0,0,0,0,,
464,client_resume,target_worker,1466,3397,813350252259276,813350252467661,208385,55885,62083,90417,0,0,0,1,813350252349693,62083
464,client_resume,source_callback,1466,3362,813350252259276,813350252467661,208385,173594,0,34791,0,0,0,0,,
464,client_resolve,client_worker,1466,3397,813350251472088,813350251634380,162292,162292,0,0,0,0,0,0,,
464,client_register,client_worker,1466,3397,813350251634380,813350251686568,52188,52188,0,0,0,0,0,0,,
464,client_encode,client_worker,1466,3397,813350251686568,813350251777974,91406,91406,0,0,0,0,0,0,,
465,server_admission,receive_thread,3421,3473,813350252898338,813350252990682,92344,92344,0,0,0,0,0,0,,
465,server_queue,target_worker,3421,3468,813350252990682,813350253109432,118750,43646,37239,37865,0,0,0,1,813350253028547,37239
465,server_queue,source_binder,3421,3473,813350252990682,813350253109432,118750,91042,0,27708,0,0,0,0,,
465,client_resume,target_worker,1466,3397,813350253236828,813350253405526,168698,50156,44271,74271,0,0,0,1,813350253311099,44271
465,client_resume,source_callback,1466,3362,813350253236828,813350253405526,168698,127500,0,41198,0,0,0,0,,
465,client_resolve,client_worker,1466,3397,813350252592349,813350252695161,102812,102812,0,0,0,0,0,0,,
465,client_register,client_worker,1466,3397,813350252695161,813350252739901,44740,44740,0,0,0,0,0,0,,
465,client_encode,client_worker,1466,3397,813350252739901,813350252811516,71615,71615,0,0,0,0,0,0,,
466,server_admission,receive_thread,3421,3473,813350253822401,813350253923443,101042,101042,0,0,0,0,0,0,,
466,server_queue,target_worker,3421,3468,813350253923443,813350254045161,121718,42864,38542,40312,0,0,0,1,813350253963755,38542
466,server_queue,source_binder,3421,3473,813350253923443,813350254045161,121718,90208,0,31510,0,0,0,0,,
466,client_resume,target_worker,1466,3397,813350254181203,813350254365578,184375,52969,43750,87656,0,0,0,1,813350254268859,43750
466,client_resume,source_callback,1466,3362,813350254181203,813350254365578,184375,140000,0,44375,0,0,0,0,,
466,client_resolve,client_worker,1466,3397,813350253489901,813350253604380,114479,114479,0,0,0,0,0,0,,
466,client_register,client_worker,1466,3397,813350253604380,813350253650057,45677,45677,0,0,0,0,0,0,,
466,client_encode,client_worker,1466,3397,813350253650057,813350253714328,64271,64271,0,0,0,0,0,0,,
467,server_admission,receive_thread,3421,3473,813350254758234,813350254872193,113959,113959,0,0,0,0,0,0,,
467,server_queue,target_worker,3421,3468,813350254872193,813350254984745,112552,41302,34219,37031,0,0,0,1,813350254909224,34219
467,server_queue,source_binder,3421,3473,813350254872193,813350254984745,112552,88020,0,24532,0,0,0,0,,
467,client_resume,target_worker,1466,3397,813350255102036,813350255286568,184532,54011,54896,75625,0,0,0,1,813350255177661,54896
467,client_resume,source_callback,1466,3362,813350255102036,813350255286568,184532,128438,0,56094,0,0,0,0,,
467,client_resolve,client_worker,1466,3397,813350254450578,813350254562453,111875,111875,0,0,0,0,0,0,,
467,client_register,client_worker,1466,3397,813350254562453,813350254608391,45938,45938,0,0,0,0,0,0,,
467,client_encode,client_worker,1466,3397,813350254608391,813350254663703,55312,55312,0,0,0,0,0,0,,
468,server_admission,receive_thread,3421,3473,813350255693078,813350255787713,94635,94635,0,0,0,0,0,0,,
468,server_queue,target_worker,3421,3468,813350255787713,813350255901984,114271,40989,35677,37605,0,0,0,1,813350255825318,35677
468,server_queue,source_binder,3421,3473,813350255787713,813350255901984,114271,93125,0,21146,0,0,0,0,,
468,client_resume,target_worker,1466,3397,813350256018286,813350256205943,187657,41407,47760,98490,0,0,0,1,813350256116776,47760
468,client_resume,source_callback,1466,3362,813350256018286,813350256205943,187657,146250,0,41407,0,0,0,0,,
468,client_resolve,client_worker,1466,3397,813350255367713,813350255479797,112084,112084,0,0,0,0,0,0,,
468,client_register,client_worker,1466,3397,813350255479797,813350255532766,52969,52969,0,0,0,0,0,0,,
468,client_encode,client_worker,1466,3397,813350255532766,813350255595995,63229,63229,0,0,0,0,0,0,,
469,server_admission,receive_thread,3421,3473,813350256616620,813350256719536,102916,102916,0,0,0,0,0,0,,
469,server_queue,target_worker,3421,3468,813350256719536,813350256825318,105782,32605,33281,39896,0,0,0,1,813350256759432,33281
469,server_queue,source_binder,3421,3473,813350256719536,813350256825318,105782,92188,0,13594,0,0,0,0,,
469,client_resume,target_worker,1466,3397,813350256939068,813350257094901,155833,44948,36042,74843,0,0,0,1,813350257013911,36042
469,client_resume,source_callback,1466,3362,813350256939068,813350257094901,155833,123437,0,32396,0,0,0,0,,
469,client_resolve,client_worker,1466,3397,813350256297297,813350256408807,111510,111510,0,0,0,0,0,0,,
469,client_register,client_worker,1466,3397,813350256408807,813350256461880,53073,53073,0,0,0,0,0,0,,
469,client_encode,client_worker,1466,3397,813350256461880,813350256522713,60833,60833,0,0,0,0,0,0,,
470,server_admission,receive_thread,3421,3473,813350257485786,813350257636047,150261,150261,0,0,0,0,0,0,,
470,server_queue,target_worker,3421,3468,813350257636047,813350257744224,108177,43229,29532,35416,0,0,0,1,813350257671463,29532
470,server_queue,source_binder,3421,3473,813350257636047,813350257744224,108177,80416,0,27761,0,0,0,0,,
470,client_resume,target_worker,1466,3397,813350257876463,813350258058234,181771,46614,54688,80469,0,0,0,1,813350257956932,54688
470,client_resume,source_callback,1466,3362,813350257876463,813350258058234,181771,146719,0,35052,0,0,0,0,,
470,client_resolve,client_worker,1466,3397,813350257170370,813350257282818,112448,112448,0,0,0,0,0,0,,
470,client_register,client_worker,1466,3397,813350257282818,813350257331984,49166,49166,0,0,0,0,0,0,,
470,client_encode,client_worker,1466,3397,813350257331984,813350257392922,60938,60938,0,0,0,0,0,0,,
471,server_admission,receive_thread,3421,3473,813350258476932,813350258578391,101459,101459,0,0,0,0,0,0,,
471,server_queue,target_worker,3421,3468,813350258578391,813350258698495,120104,41511,31354,47239,0,0,0,1,813350258625630,31354
471,server_queue,source_binder,3421,3473,813350258578391,813350258698495,120104,93802,0,26302,0,0,0,0,,
471,client_resume,target_worker,1466,3397,813350258820161,813350258996828,176667,50417,53906,72344,0,0,0,1,813350258892505,53906
471,client_resume,source_callback,1466,3362,813350258820161,813350258996828,176667,124740,0,51927,0,0,0,0,,
471,client_resolve,client_worker,1466,3397,813350258160005,813350258271099,111094,111094,0,0,0,0,0,0,,
471,client_register,client_worker,1466,3397,813350258271099,813350258323443,52344,52344,0,0,0,0,0,0,,
471,client_encode,client_worker,1466,3397,813350258323443,813350258385526,62083,62083,0,0,0,0,0,0,,
472,server_admission,receive_thread,3421,3473,813350259420005,813350259567036,147031,147031,0,0,0,0,0,0,,
472,server_queue,target_worker,3421,3468,813350259567036,813350259665213,98177,38593,23177,36407,0,0,0,1,813350259603443,23177
472,server_queue,source_binder,3421,3473,813350259567036,813350259665213,98177,79740,0,18437,0,0,0,0,,
472,client_resume,target_worker,1466,3397,813350259977609,813350260229484,251875,49062,112969,89844,0,0,0,1,813350260067453,112969
472,client_resume,source_callback,1466,3362,813350259977609,813350260229484,251875,202813,0,49062,0,0,0,0,,
472,client_resolve,client_worker,1466,3397,813350259077088,813350259181359,104271,104271,0,0,0,0,0,0,,
472,client_register,client_worker,1466,3397,813350259181359,813350259227349,45990,45990,0,0,0,0,0,0,,
472,client_encode,client_worker,1466,3397,813350259227349,813350259282193,54844,54844,0,0,0,0,0,0,,
473,server_admission,receive_thread,3421,3473,813350260639224,813350260763130,123906,123906,0,0,0,0,0,0,,
473,server_queue,target_worker,3421,3468,813350260763130,813350260875109,111979,40573,34687,36719,0,0,0,1,813350260799849,34687
473,server_queue,source_binder,3421,3473,813350260763130,813350260875109,111979,87865,0,24114,0,0,0,0,,
473,client_resume,target_worker,1466,3397,813350261020370,813350261180370,160000,48438,36354,75208,0,0,0,1,813350261095578,36354
473,client_resume,source_callback,1466,3362,813350261020370,813350261180370,160000,132031,0,27969,0,0,0,0,,
473,client_resolve,client_worker,1466,3397,813350260300995,813350260427453,126458,126458,0,0,0,0,0,0,,
473,client_register,client_worker,1466,3397,813350260427453,813350260475995,48542,48542,0,0,0,0,0,0,,
473,client_encode,client_worker,1466,3397,813350260475995,813350260533703,57708,57708,0,0,0,0,0,0,,
474,server_admission,receive_thread,3421,3473,813350261578859,813350261678026,99167,99167,0,0,0,0,0,0,,
474,server_queue,target_worker,3421,3468,813350261678026,813350261787088,109062,38958,34375,35729,0,0,0,1,813350261713755,34375
474,server_queue,source_binder,3421,3473,813350261678026,813350261787088,109062,84740,0,24322,0,0,0,0,,
474,client_resume,target_worker,1466,3397,813350261899693,813350262070578,170885,51667,48020,71198,0,0,0,1,813350261970891,48020
474,client_resume,source_callback,1466,3362,813350261899693,813350262070578,170885,119375,0,51510,0,0,0,0,,
474,client_resolve,client_worker,1466,3397,813350261261568,813350261375161,113593,113593,0,0,0,0,0,0,,
474,client_register,client_worker,1466,3397,813350261375161,813350261422974,47813,47813,0,0,0,0,0,0,,
474,client_encode,client_worker,1466,3397,813350261422974,813350261485266,62292,62292,0,0,0,0,0,0,,
475,server_admission,receive_thread,3421,3473,813350262482297,813350262576620,94323,94323,0,0,0,0,0,0,,
475,server_queue,target_worker,3421,3468,813350262576620,813350262683547,106927,38125,32396,36406,0,0,0,1,813350262613026,32396
475,server_queue,source_binder,3421,3473,813350262576620,813350262683547,106927,88437,0,18490,0,0,0,0,,
475,client_resume,target_worker,1466,3397,813350262796099,813350262968651,172552,52760,49740,70052,0,0,0,1,813350262866151,49740
475,client_resume,source_callback,1466,3362,813350262796099,813350262968651,172552,118073,0,54479,0,0,0,0,,
475,client_resolve,client_worker,1466,3397,813350262150838,813350262256828,105990,105990,0,0,0,0,0,0,,
475,client_register,client_worker,1466,3397,813350262256828,813350262317922,61094,61094,0,0,0,0,0,0,,
475,client_encode,client_worker,1466,3397,813350262317922,813350262379641,61719,61719,0,0,0,0,0,0,,
476,server_admission,receive_thread,3421,3473,813350263359901,813350263473078,113177,113177,0,0,0,0,0,0,,
476,server_queue,target_worker,3421,3468,813350263473078,813350263588859,115781,41979,33385,40417,0,0,0,1,813350263513495,33385
476,server_queue,source_binder,3421,3473,813350263473078,813350263588859,115781,89375,0,26406,0,0,0,0,,
476,client_resume,target_worker,1466,3397,813350263702141,813350263863286,161145,42343,48802,70000,0,0,0,1,813350263772141,48802
476,client_resume,source_callback,1466,3362,813350263702141,813350263863286,161145,118802,0,42343,0,0,0,0,,
476,client_resolve,client_worker,1466,3397,813350263048391,813350263156047,107656,107656,0,0,0,0,0,0,,
476,client_register,client_worker,1466,3397,813350263156047,813350263202870,46823,46823,0,0,0,0,0,0,,
476,client_encode,client_worker,1466,3397,813350263202870,813350263265057,62187,62187,0,0,0,0,0,0,,
477,server_admission,receive_thread,3421,3473,813350264335891,813350264432766,96875,96875,0,0,0,0,0,0,,
477,server_queue,target_worker,3421,3468,813350264432766,813350264537036,104270,36666,33438,34166,0,0,0,1,813350264466932,33438
477,server_queue,source_binder,3421,3473,813350264432766,813350264537036,104270,87187,0,17083,0,0,0,0,,
477,client_resume,target_worker,1466,3397,813350264675578,813350264835786,160208,45729,34062,80417,0,0,0,1,813350264755995,34062
477,client_resume,source_callback,1466,3362,813350264675578,813350264835786,160208,134896,0,25312,0,0,0,0,,
477,client_resolve,client_worker,1466,3397,813350263940578,813350264058599,118021,118021,0,0,0,0,0,0,,
477,client_register,client_worker,1466,3397,813350264058599,813350264172661,114062,114062,0,0,0,0,0,0,,
477,client_encode,client_worker,1466,3397,813350264172661,813350264240266,67605,67605,0,0,0,0,0,0,,
478,server_admission,receive_thread,3421,3473,813350265240161,813350265337193,97032,97032,0,0,0,0,0,0,,
478,server_queue,target_worker,3421,3468,813350265337193,813350265445630,108437,39375,33854,35208,0,0,0,1,813350265372401,33854
478,server_queue,source_binder,3421,3473,813350265337193,813350265445630,108437,85312,0,23125,0,0,0,0,,
478,client_resume,target_worker,1466,3397,813350265567974,813350265728338,160364,38697,52240,69427,0,0,0,1,813350265637401,52240
478,client_resume,source_callback,1466,3362,813350265567974,813350265728338,160364,121667,0,38697,0,0,0,0,,
478,client_resolve,client_worker,1466,3397,813350264917036,813350265031203,114167,114167,0,0,0,0,0,0,,
478,client_register,client_worker,1466,3397,813350265031203,813350265078026,46823,46823,0,0,0,0,0,0,,
478,client_encode,client_worker,1466,3397,813350265078026,813350265145370,67344,67344,0,0,0,0,0,0,,
479,server_admission,receive_thread,3421,3473,813350266151463,813350266250682,99219,99219,0,0,0,0,0,0,,
479,server_queue,target_worker,3421,3468,813350266250682,813350266352713,102031,34166,31250,36615,0,0,0,1,813350266287297,31250
479,server_queue,source_binder,3421,3473,813350266250682,813350266352713,102031,89011,0,13020,0,0,0,0,,
479,client_resume,target_worker,1466,3397,813350266471047,813350266656984,185937,49479,48021,88437,0,0,0,1,813350266559484,48021
479,client_resume,source_callback,1466,3362,813350266471047,813350266656984,185937,148333,0,37604,0,0,0,0,,
479,client_resolve,client_worker,1466,3397,813350265805213,813350265915995,110782,110782,0,0,0,0,0,0,,
479,client_register,client_worker,1466,3397,813350265915995,813350265995995,80000,80000,0,0,0,0,0,0,,
479,client_encode,client_worker,1466,3397,813350265995995,813350266057453,61458,61458,0,0,0,0,0,0,,
480,server_admission,receive_thread,3421,3473,813350267055578,813350267186047,130469,130469,0,0,0,0,0,0,,
480,server_queue,target_worker,3421,3468,813350267186047,813350267304328,118281,43021,35416,39844,0,0,0,1,813350267225891,35416
480,server_queue,source_binder,3421,3473,813350267186047,813350267304328,118281,92708,0,25573,0,0,0,0,,
480,client_resume,target_worker,1466,3397,813350267453963,813350267627505,173542,43229,56406,73907,0,0,0,1,813350267527870,56406
480,client_resume,source_callback,1466,3362,813350267453963,813350267627505,173542,130313,0,43229,0,0,0,0,,
480,client_resolve,client_worker,1466,3397,813350266740734,813350266853859,113125,113125,0,0,0,0,0,0,,
480,client_register,client_worker,1466,3397,813350266853859,813350266900057,46198,46198,0,0,0,0,0,0,,
480,client_encode,client_worker,1466,3397,813350266900057,813350266960370,60313,60313,0,0,0,0,0,0,,
481,server_admission,receive_thread,3421,3473,813350268043963,813350268238182,194219,194219,0,0,0,0,0,0,,
481,server_queue,target_worker,3421,3468,813350268238182,813350268337974,99792,34583,25521,39688,0,0,0,1,813350268277870,25521
481,server_queue,source_binder,3421,3473,813350268238182,813350268337974,99792,83802,0,15990,0,0,0,0,,
481,client_resume,target_worker,1466,3397,813350268454276,813350268629693,175417,43698,50313,81406,0,0,0,1,813350268535682,50313
481,client_resume,source_callback,1466,3362,813350268454276,813350268629693,175417,131719,0,43698,0,0,0,0,,
481,client_resolve,client_worker,1466,3397,813350267706828,813350267825682,118854,118854,0,0,0,0,0,0,,
481,client_register,client_worker,1466,3397,813350267825682,813350267875734,50052,50052,0,0,0,0,0,0,,
481,client_encode,client_worker,1466,3397,813350267875734,813350267954536,78802,78802,0,0,0,0,0,0,,
482,server_admission,receive_thread,3421,3473,813350269019328,813350269122818,103490,103490,0,0,0,0,0,0,,
482,server_queue,target_worker,3421,3468,813350269122818,813350269224068,101250,34480,31979,34791,0,0,0,1,813350269157609,31979
482,server_queue,source_binder,3421,3473,813350269122818,813350269224068,101250,88489,0,12761,0,0,0,0,,
482,client_resume,target_worker,1466,3397,813350269357453,813350269518599,161146,46563,37500,77083,0,0,0,1,813350269434536,37500
482,client_resume,source_callback,1466,3362,813350269357453,813350269518599,161146,126979,0,34167,0,0,0,0,,
482,client_resolve,client_worker,1466,3397,813350268701620,813350268810370,108750,108750,0,0,0,0,0,0,,
482,client_register,client_worker,1466,3397,813350268810370,813350268858703,48333,48333,0,0,0,0,0,0,,
482,client_encode,client_worker,1466,3397,813350268858703,813350268924588,65885,65885,0,0,0,0,0,0,,
483,server_admission,receive_thread,3421,3473,813350269922349,813350270016568,94219,94219,0,0,0,0,0,0,,
483,server_queue,target_worker,3421,3468,813350270016568,813350270126307,109739,39739,35052,34948,0,0,0,1,813350270051516,35052
483,server_queue,source_binder,3421,3473,813350270016568,813350270126307,109739,85989,0,23750,0,0,0,0,,
483,client_resume,target_worker,1466,3397,813350270235526,813350270404641,169115,49688,48802,70625,0,0,0,1,813350270306151,48802
483,client_resume,source_callback,1466,3362,813350270235526,813350270404641,169115,121562,0,47553,0,0,0,0,,
483,client_resolve,client_worker,1466,3397,813350269596620,813350269702609,105989,105989,0,0,0,0,0,0,,
483,client_register,client_worker,1466,3397,813350269702609,813350269747974,45365,45365,0,0,0,0,0,0,,
483,client_encode,client_worker,1466,3397,813350269747974,813350269824536,76562,76562,0,0,0,0,0,0,,
484,server_admission,receive_thread,3421,3473,813350270811516,813350270911099,99583,99583,0,0,0,0,0,0,,
484,server_queue,target_worker,3421,3468,813350270911099,813350271039901,128802,39635,36823,52344,0,0,0,1,813350270963443,36823
484,server_queue,source_binder,3421,3473,813350270911099,813350271039901,128802,105052,0,23750,0,0,0,0,,
484,client_resume,target_worker,1466,3397,813350271162870,813350271336984,174114,50208,52552,71354,0,0,0,1,813350271234224,52552
484,client_resume,source_callback,1466,3362,813350271162870,813350271336984,174114,123333,0,50781,0,0,0,0,,
484,client_resolve,client_worker,1466,3397,813350270484901,813350270592870,107969,107969,0,0,0,0,0,0,,
484,client_register,client_worker,1466,3397,813350270592870,813350270639849,46979,46979,0,0,0,0,0,0,,
484,client_encode,client_worker,1466,3397,813350270639849,813350270705578,65729,65729,0,0,0,0,0,0,,
485,server_admission,receive_thread,3421,3473,813350271747297,813350271848911,101614,101614,0,0,0,0,0,0,,
485,server_queue,target_worker,3421,3468,813350271848911,813350271961099,112188,40208,35313,36667,0,0,0,1,813350271885578,35313
485,server_queue,source_binder,3421,3473,813350271848911,813350271961099,112188,87344,0,24844,0,0,0,0,,
485,client_resume,target_worker,1466,3397,813350272080682,813350272272870,192188,37604,53438,101146,0,0,0,1,813350272181828,53438
485,client_resume,source_callback,1466,3362,813350272080682,813350272272870,192188,154584,0,37604,0,0,0,0,,
485,client_resolve,client_worker,1466,3397,813350271412609,813350271522974,110365,110365,0,0,0,0,0,0,,
485,client_register,client_worker,1466,3397,813350271522974,813350271572557,49583,49583,0,0,0,0,0,0,,
485,client_encode,client_worker,1466,3397,813350271572557,813350271649693,77136,77136,0,0,0,0,0,0,,
486,server_admission,receive_thread,3421,3473,813350272664849,813350272763026,98177,98177,0,0,0,0,0,0,,
486,server_queue,target_worker,3421,3468,813350272763026,813350272863547,100521,34011,32031,34479,0,0,0,1,813350272797505,32031
486,server_queue,source_binder,3421,3473,813350272763026,813350272863547,100521,88125,0,12396,0,0,0,0,,
486,client_resume,target_worker,1466,3397,813350272985578,813350273144484,158906,48281,35677,74948,0,0,0,1,813350273060526,35677
486,client_resume,source_callback,1466,3362,813350272985578,813350273144484,158906,122292,0,36614,0,0,0,0,,
486,client_resolve,client_worker,1466,3397,813350272342453,813350272457141,114688,114688,0,0,0,0,0,0,,
486,client_register,client_worker,1466,3397,813350272457141,813350272510526,53385,53385,0,0,0,0,0,0,,
486,client_encode,client_worker,1466,3397,813350272510526,813350272572661,62135,62135,0,0,0,0,0,0,,
487,server_admission,receive_thread,3421,3473,813350273564016,813350273676828,112812,112812,0,0,0,0,0,0,,
487,server_queue,target_worker,3421,3468,813350273676828,813350273792661,115833,40677,37187,37969,0,0,0,1,813350273714797,37187
487,server_queue,source_binder,3421,3473,813350273676828,813350273792661,115833,88802,0,27031,0,0,0,0,,
487,client_resume,target_worker,1466,3397,813350273921620,813350274091255,169635,47292,54843,67500,0,0,0,1,813350273989120,54843
487,client_resume,source_callback,1466,3362,813350273921620,813350274091255,169635,121771,0,47864,0,0,0,0,,
487,client_resolve,client_worker,1466,3397,813350273230318,813350273343234,112916,112916,0,0,0,0,0,0,,
487,client_register,client_worker,1466,3397,813350273343234,813350273390109,46875,46875,0,0,0,0,0,0,,
487,client_encode,client_worker,1466,3397,813350273390109,813350273445109,55000,55000,0,0,0,0,0,0,,
488,server_admission,receive_thread,3421,3473,813350274466984,813350274561724,94740,94740,0,0,0,0,0,0,,
488,server_queue,target_worker,3421,3468,813350274561724,813350274665474,103750,40208,29323,34219,0,0,0,1,813350274595943,29323
488,server_queue,source_binder,3421,3473,813350274561724,813350274665474,103750,82292,0,21458,0,0,0,0,,
488,client_resume,target_worker,1466,3397,813350274777036,813350274945526,168490,43229,53854,71407,0,0,0,1,813350274848443,53854
488,client_resume,source_callback,1466,3362,813350274777036,813350274945526,168490,125261,0,43229,0,0,0,0,,
488,client_resolve,client_worker,1466,3397,813350274171359,813350274273807,102448,102448,0,0,0,0,0,0,,
488,client_register,client_worker,1466,3397,813350274273807,813350274318651,44844,44844,0,0,0,0,0,0,,
488,client_encode,client_worker,1466,3397,813350274318651,813350274377036,58385,58385,0,0,0,0,0,0,,
489,server_admission,receive_thread,3421,3473,813350275349432,813350275467974,118542,118542,0,0,0,0,0,0,,
489,server_queue,target_worker,3421,3468,813350275467974,813350275579172,111198,37396,34010,39792,0,0,0,1,813350275507766,34010
489,server_queue,source_binder,3421,3473,813350275467974,813350275579172,111198,93437,0,17761,0,0,0,0,,
489,client_resume,target_worker,1466,3397,813350275707818,813350275892609,184791,48802,53125,82864,0,0,0,1,813350275790682,53125
489,client_resume,source_callback,1466,3362,813350275707818,813350275892609,184791,161041,0,23750,0,0,0,0,,
489,client_resolve,client_worker,1466,3397,813350275018703,813350275136411,117708,117708,0,0,0,0,0,0,,
489,client_register,client_worker,1466,3397,813350275136411,813350275189068,52657,52657,0,0,0,0,0,0,,
489,client_encode,client_worker,1466,3397,813350275189068,813350275255838,66770,66770,0,0,0,0,0,0,,
490,server_admission,receive_thread,3421,3473,813350276369953,813350276469172,99219,99219,0,0,0,0,0,0,,
490,server_queue,target_worker,3421,3468,813350276469172,813350276579120,109948,39063,35104,35781,0,0,0,1,813350276504953,35104
490,server_queue,source_binder,3421,3473,813350276469172,813350276579120,109948,86771,0,23177,0,0,0,0,,
490,client_resume,target_worker,1466,3397,813350276699901,813350276861463,161562,47031,41406,73125,0,0,0,1,813350276773026,41406
490,client_resume,source_callback,1466,3362,813350276699901,813350276861463,161562,119896,0,41666,0,0,0,0,,
490,client_resolve,client_worker,1466,3397,813350275989536,813350276158599,169063,169063,0,0,0,0,0,0,,
490,client_register,client_worker,1466,3397,813350276158599,813350276208234,49635,49635,0,0,0,0,0,0,,
490,client_encode,client_worker,1466,3397,813350276208234,813350276271463,63229,63229,0,0,0,0,0,0,,
491,server_admission,receive_thread,3421,3473,813350277263391,813350277359588,96197,96197,0,0,0,0,0,0,,
491,server_queue,target_worker,3421,3468,813350277359588,813350277470838,111250,40260,35729,35261,0,0,0,1,813350277394849,35729
491,server_queue,source_binder,3421,3473,813350277359588,813350277470838,111250,88855,0,22395,0,0,0,0,,
491,client_resume,target_worker,1466,3397,813350277587661,813350277748130,160469,42344,48750,69375,0,0,0,1,813350277657036,48750
491,client_resume,source_callback,1466,3362,813350277587661,813350277748130,160469,118125,0,42344,0,0,0,0,,
491,client_resolve,client_worker,1466,3397,813350276940213,813350277051463,111250,111250,0,0,0,0,0,0,,
491,client_register,client_worker,1466,3397,813350277051463,813350277097922,46459,46459,0,0,0,0,0,0,,
491,client_encode,client_worker,1466,3397,813350277097922,813350277161411,63489,63489,0,0,0,0,0,0,,
492,server_admission,receive_thread,3421,3473,813350278146047,813350278238234,92187,92187,0,0,0,0,0,0,,
492,server_queue,target_worker,3421,3468,813350278238234,813350278339745,101511,33854,33230,34427,0,0,0,1,813350278272661,33230
492,server_queue,source_binder,3421,3473,813350278238234,813350278339745,101511,86927,0,14584,0,0,0,0,,
492,client_resume,target_worker,1466,3397,813350278457609,813350278646672,189063,50521,48333,90209,0,0,0,1,813350278547818,48333
492,client_resume,source_callback,1466,3362,813350278457609,813350278646672,189063,139584,0,49479,0,0,0,0,,
492,client_resolve,client_worker,1466,3397,813350277822088,813350277948703,126615,126615,0,0,0,0,0,0,,
492,client_register,client_worker,1466,3397,813350277948703,813350278000474,51771,51771,0,0,0,0,0,0,,
492,client_encode,client_worker,1466,3397,813350278000474,813350278058703,58229,58229,0,0,0,0,0,0,,
493,server_admission,receive_thread,3421,3473,813350279042297,813350279158286,115989,115989,0,0,0,0,0,0,,
493,server_queue,target_worker,3421,3468,813350279158286,813350279274588,116302,40520,36250,39532,0,0,0,1,813350279197818,36250
493,server_queue,source_binder,3421,3473,813350279158286,813350279274588,116302,94584,0,21718,0,0,0,0,,
493,client_resume,target_worker,1466,3397,813350279391516,813350279560786,169270,50989,45834,72447,0,0,0,1,813350279463963,45834
493,client_resume,source_callback,1466,3362,813350279391516,813350279560786,169270,120989,0,48281,0,0,0,0,,
493,client_resolve,client_worker,1466,3397,813350278723338,813350278834328,110990,110990,0,0,0,0,0,0,,
493,client_register,client_worker,1466,3397,813350278834328,813350278881463,47135,47135,0,0,0,0,0,0,,
493,client_encode,client_worker,1466,3397,813350278881463,813350278945057,63594,63594,0,0,0,0,0,0,,
494,server_admission,receive_thread,3421,3473,813350279956411,813350280058182,101771,101771,0,0,0,0,0,0,,
494,server_queue,target_worker,3421,3468,813350280058182,813350280197453,139271,41354,27865,70052,0,0,0,1,813350280128234,27865
494,server_queue,source_binder,3421,3473,813350280058182,813350280197453,139271,119063,0,20208,0,0,0,0,,
494,client_resume,target_worker,1466,3397,813350280313443,813350280487609,174166,50312,51875,71979,0,0,0,1,813350280385422,51875
494,client_resume,source_callback,1466,3362,813350280313443,813350280487609,174166,121823,0,52343,0,0,0,0,,
494,client_resolve,client_worker,1466,3397,813350279639120,813350279756776,117656,117656,0,0,0,0,0,0,,
494,client_register,client_worker,1466,3397,813350279756776,813350279806099,49323,49323,0,0,0,0,0,0,,
494,client_encode,client_worker,1466,3397,813350279806099,813350279863338,57239,57239,0,0,0,0,0,0,,
495,server_admission,receive_thread,3421,3473,813350280877870,813350280975995,98125,98125,0,0,0,0,0,0,,
495,server_queue,target_worker,3421,3468,813350280975995,813350281084536,108541,41198,33177,34166,0,0,0,1,813350281010161,33177
495,server_queue,source_binder,3421,3473,813350280975995,813350281084536,108541,84687,0,23854,0,0,0,0,,
495,client_resume,target_worker,1466,3397,813350281201151,813350281359172,158021,39063,48541,70417,0,0,0,1,813350281271568,48541
495,client_resume,source_callback,1466,3362,813350281201151,813350281359172,158021,118958,0,39063,0,0,0,0,,
495,client_resolve,client_worker,1466,3397,813350280564693,813350280676568,111875,111875,0,0,0,0,0,0,,
495,client_register,client_worker,1466,3397,813350280676568,813350280723495,46927,46927,0,0,0,0,0,0,,
495,client_encode,client_worker,1466,3397,813350280723495,813350280783755,60260,60260,0,0,0,0,0,0,,
496,server_admission,receive_thread,3421,3473,813350281764432,813350281860682,96250,96250,0,0,0,0,0,0,,
496,server_queue,target_worker,3421,3468,813350281860682,813350281963078,102396,34740,31666,35990,0,0,0,1,813350281896672,31666
496,server_queue,source_binder,3421,3473,813350281860682,813350281963078,102396,89115,0,13281,0,0,0,0,,
496,client_resume,target_worker,1466,3397,813350282082818,813350282244068,161250,49584,35521,76145,0,0,0,1,813350282158963,35521
496,client_resume,source_callback,1466,3362,813350282082818,813350282244068,161250,122604,0,38646,0,0,0,0,,
496,client_resolve,client_worker,1466,3397,813350281430266,813350281543286,113020,113020,0,0,0,0,0,0,,
496,client_register,client_worker,1466,3397,813350281543286,813350281619224,75938,75938,0,0,0,0,0,0,,
496,client_encode,client_worker,1466,3397,813350281619224,813350281674328,55104,55104,0,0,0,0,0,0,,
497,server_admission,receive_thread,3421,3473,813350282645057,813350282748286,103229,103229,0,0,0,0,0,0,,
497,server_queue,target_worker,3421,3468,813350282748286,813350282896776,148490,43333,37032,68125,0,0,0,1,813350282816411,37032
497,server_queue,source_binder,3421,3473,813350282748286,813350282896776,148490,121667,0,26823,0,0,0,0,,
497,client_resume,target_worker,1466,3397,813350283014328,813350283174588,160260,47291,40417,72552,0,0,0,1,813350283086880,40417
497,client_resume,source_callback,1466,3362,813350283014328,813350283174588,160260,121823,0,38437,0,0,0,0,,
497,client_resolve,client_worker,1466,3397,813350282327557,813350282438807,111250,111250,0,0,0,0,0,0,,
497,client_register,client_worker,1466,3397,813350282438807,813350282484172,45365,45365,0,0,0,0,0,0,,
497,client_encode,client_worker,1466,3397,813350282484172,813350282552036,67864,67864,0,0,0,0,0,0,,
498,server_admission,receive_thread,3421,3473,813350283590422,813350283686411,95989,95989,0,0,0,0,0,0,,
498,server_queue,target_worker,3421,3468,813350283686411,813350283796203,109792,39583,34636,35573,0,0,0,1,813350283721984,34636
498,server_queue,source_binder,3421,3473,813350283686411,813350283796203,109792,87552,0,22240,0,0,0,0,,
498,client_resume,target_worker,1466,3397,813350283930838,813350284158182,227344,103698,47187,76459,0,0,0,1,813350284007297,47187
498,client_resume,source_callback,1466,3362,813350283930838,813350284158182,227344,128490,0,98854,0,0,0,0,,
498,client_resolve,client_worker,1466,3397,813350283253026,813350283361984,108958,108958,0,0,0,0,0,0,,
498,client_register,client_worker,1466,3397,813350283361984,813350283421151,59167,59167,0,0,0,0,0,0,,
498,client_encode,client_worker,1466,3397,813350283421151,813350283484849,63698,63698,0,0,0,0,0,0,,
499,server_admission,receive_thread,3421,3473,813350284606880,813350284698495,91615,91615,0,0,0,0,0,0,,
499,server_queue,target_worker,3421,3468,813350284698495,813350284808026,109531,37760,34844,36927,0,0,0,1,813350284735422,34844
499,server_queue,source_binder,3421,3473,813350284698495,813350284808026,109531,89323,0,20208,0,0,0,0,,
499,client_resume,target_worker,1466,3397,813350284945526,813350285124432,178906,46666,57292,74948,0,0,0,1,813350285020474,57292
499,client_resume,source_callback,1466,3362,813350284945526,813350285124432,178906,132240,0,46666,0,0,0,0,,
499,client_resolve,client_worker,1466,3397,813350284278130,813350284397609,119479,119479,0,0,0,0,0,0,,
499,client_register,client_worker,1466,3397,813350284397609,813350284445578,47969,47969,0,0,0,0,0,0,,
499,client_encode,client_worker,1466,3397,813350284445578,813350284518234,72656,72656,0,0,0,0,0,0,,
500,server_admission,receive_thread,3421,3473,813350285520838,813350285617349,96511,96511,0,0,0,0,0,0,,
500,server_queue,target_worker,3421,3468,813350285617349,813350285722766,105417,35834,32760,36823,0,0,0,1,813350285654172,32760
500,server_queue,source_binder,3421,3473,813350285617349,813350285722766,105417,88229,0,17188,0,0,0,0,,
500,client_resume,target_worker,1466,3397,813350285850109,813350286009120,159011,48698,33750,76563,0,0,0,1,813350285926672,33750
500,client_resume,source_callback,1466,3362,813350285850109,813350286009120,159011,131927,0,27084,0,0,0,0,,
500,client_resolve,client_worker,1466,3397,813350285200422,813350285311620,111198,111198,0,0,0,0,0,0,,
500,client_register,client_worker,1466,3397,813350285311620,813350285360109,48489,48489,0,0,0,0,0,0,,
500,client_encode,client_worker,1466,3397,813350285360109,813350285432297,72188,72188,0,0,0,0,0,0,,
501,server_admission,receive_thread,3421,3473,813350286414328,813350286507557,93229,93229,0,0,0,0,0,0,,
501,server_queue,target_worker,3421,3468,813350286507557,813350286619901,112344,42188,36562,33594,0,0,0,1,813350286541151,36562
501,server_queue,source_binder,3421,3473,813350286507557,813350286619901,112344,91511,0,20833,0,0,0,0,,
501,client_resume,target_worker,1466,3397,813350286737193,813350286904120,166927,48959,49218,68750,0,0,0,1,813350286805943,49218
501,client_resume,source_callback,1466,3362,813350286737193,813350286904120,166927,119270,0,47657,0,0,0,0,,
501,client_resolve,client_worker,1466,3397,813350286091151,813350286207922,116771,116771,0,0,0,0,0,0,,
501,client_register,client_worker,1466,3397,813350286207922,813350286260318,52396,52396,0,0,0,0,0,0,,
501,client_encode,client_worker,1466,3397,813350286260318,813350286323078,62760,62760,0,0,0,0,0,0,,
502,server_admission,receive_thread,3421,3473,813350287278755,813350287386828,108073,108073,0,0,0,0,0,0,,
502,server_queue,target_worker,3421,3468,813350287386828,813350287490422,103594,39636,29531,34427,0,0,0,1,813350287421255,29531
502,server_queue,source_binder,3421,3473,813350287386828,813350287490422,103594,81563,0,22031,0,0,0,0,,
502,client_resume,target_worker,1466,3397,813350287618026,813350287795526,177500,44010,45730,87760,0,0,0,1,813350287705786,45730
502,client_resume,source_callback,1466,3362,813350287618026,813350287795526,177500,161667,0,15833,0,0,0,0,,
502,client_resolve,client_worker,1466,3397,813350286983963,813350287086776,102813,102813,0,0,0,0,0,0,,
502,client_register,client_worker,1466,3397,813350287086776,813350287132193,45417,45417,0,0,0,0,0,0,,
502,client_encode,client_worker,1466,3397,813350287132193,813350287195786,63593,63593,0,0,0,0,0,0,,
503,server_admission,receive_thread,3421,3473,813350288223078,813350288323234,100156,100156,0,0,0,0,0,0,,
503,server_queue,target_worker,3421,3468,813350288323234,813350288436307,113073,39114,36459,37500,0,0,0,1,813350288360734,36459
503,server_queue,source_binder,3421,3473,813350288323234,813350288436307,113073,89896,0,23177,0,0,0,0,,
503,client_resume,target_worker,1466,3397,813350288565161,813350288735682,170521,49062,54115,67344,0,0,0,1,813350288632505,54115
503,client_resume,source_callback,1466,3362,813350288565161,813350288735682,170521,122032,0,48489,0,0,0,0,,
503,client_resolve,client_worker,1466,3397,813350287875526,813350287981359,105833,105833,0,0,0,0,0,0,,
503,client_register,client_worker,1466,3397,813350287981359,813350288025786,44427,44427,0,0,0,0,0,0,,
503,client_encode,client_worker,1466,3397,813350288025786,813350288121047,95261,95261,0,0,0,0,0,0,,
504,server_admission,receive_thread,3421,3473,813350289146776,813350289262505,115729,115729,0,0,0,0,0,0,,
504,server_queue,target_worker,3421,3468,813350289262505,813350289371672,109167,40729,32917,35521,0,0,0,1,813350289298026,32917
504,server_queue,source_binder,3421,3473,813350289262505,813350289371672,109167,84636,0,24531,0,0,0,0,,
504,client_resume,target_worker,1466,3397,813350289487349,813350289659693,172344,47761,46614,77969,0,0,0,1,813350289565318,46614
504,client_resume,source_callback,1466,3362,813350289487349,813350289659693,172344,124896,0,47448,0,0,0,0,,
504,client_resolve,client_worker,1466,3397,813350288812557,813350288921776,109219,109219,0,0,0,0,0,0,,
504,client_register,client_worker,1466,3397,813350288921776,813350288973443,51667,51667,0,0,0,0,0,0,,
504,client_encode,client_worker,1466,3397,813350288973443,813350289054328,80885,80885,0,0,0,0,0,0,,
505,server_admission,receive_thread,3421,3473,813350290040786,813350290138547,97761,97761,0,0,0,0,0,0,,
505,server_queue,target_worker,3421,3468,813350290138547,813350290246828,108281,41146,33333,33802,0,0,0,1,813350290172349,33333
505,server_queue,source_binder,3421,3473,813350290138547,813350290246828,108281,85573,0,22708,0,0,0,0,,
505,client_resume,target_worker,1466,3397,813350290366099,813350290535213,169114,47552,53281,68281,0,0,0,1,813350290434380,53281
505,client_resume,source_callback,1466,3362,813350290366099,813350290535213,169114,121562,0,47552,0,0,0,0,,
505,client_resolve,client_worker,1466,3397,813350289739588,813350289846672,107084,107084,0,0,0,0,0,0,,
505,client_register,client_worker,1466,3397,813350289846672,813350289893547,46875,46875,0,0,0,0,0,0,,
505,client_encode,client_worker,1466,3397,813350289893547,813350289946099,52552,52552,0,0,0,0,0,0,,
506,server_admission,receive_thread,3421,3473,813350290976828,813350291088703,111875,111875,0,0,0,0,0,0,,
506,server_queue,target_worker,3421,3468,813350291088703,813350291196099,107396,34792,33125,39479,0,0,0,1,813350291128182,33125
506,server_queue,source_binder,3421,3473,813350291088703,813350291196099,107396,94583,0,12813,0,0,0,0,,
506,client_resume,target_worker,1466,3397,813350291320474,813350291495213,174739,46458,50677,77604,0,0,0,1,813350291398078,50677
506,client_resume,source_callback,1466,3362,813350291320474,813350291495213,174739,153021,0,21718,0,0,0,0,,
506,client_resolve,client_worker,1466,3397,813350290618703,813350290746203,127500,127500,0,0,0,0,0,0,,
506,client_register,client_worker,1466,3397,813350290746203,813350290800005,53802,53802,0,0,0,0,0,0,,
506,client_encode,client_worker,1466,3397,813350290800005,813350290856568,56563,56563,0,0,0,0,0,0,,
507,server_admission,receive_thread,3421,3473,813350291899432,813350292002141,102709,102709,0,0,0,0,0,0,,
507,server_queue,target_worker,3421,3468,813350292002141,813350292151307,149166,78489,36198,34479,0,0,0,1,813350292036620,36198
507,server_queue,source_binder,3421,3473,813350292002141,813350292151307,149166,89791,0,59375,0,0,0,0,,
507,client_resume,target_worker,1466,3397,813350292297088,813350292466203,169115,51562,47396,70157,0,0,0,1,813350292367245,47396
507,client_resume,source_callback,1466,3362,813350292297088,813350292466203,169115,119167,0,49948,0,0,0,0,,
507,client_resolve,client_worker,1466,3397,813350291574380,813350291689797,115417,115417,0,0,0,0,0,0,,
507,client_register,client_worker,1466,3397,813350291689797,813350291736880,47083,47083,0,0,0,0,0,0,,
507,client_encode,client_worker,1466,3397,813350291736880,813350291800838,63958,63958,0,0,0,0,0,0,,
508,server_admission,receive_thread,3421,3473,813350292852349,813350292951047,98698,98698,0,0,0,0,0,0,,
508,server_queue,target_worker,3421,3468,813350292951047,813350293062088,111041,39375,36718,34948,0,0,0,1,813350292985995,36718
508,server_queue,source_binder,3421,3473,813350292951047,813350293062088,111041,89479,0,21562,0,0,0,0,,
508,client_resume,target_worker,1466,3397,813350293197713,813350293360838,163125,43177,49687,70261,0,0,0,1,813350293267974,49687
508,client_resume,source_callback,1466,3362,813350293197713,813350293360838,163125,119948,0,43177,0,0,0,0,,
508,client_resolve,client_worker,1466,3397,813350292543651,813350292647922,104271,104271,0,0,0,0,0,0,,
508,client_register,client_worker,1466,3397,813350292647922,813350292692349,44427,44427,0,0,0,0,0,0,,
508,client_encode,client_worker,1466,3397,813350292692349,813350292754276,61927,61927,0,0,0,0,0,0,,
509,server_admission,receive_thread,3421,3473,813350293777349,813350293876880,99531,99531,0,0,0,0,0,0,,
509,server_queue,target_worker,3421,3468,813350293876880,813350293981255,104375,35833,31927,36615,0,0,0,1,813350293913495,31927
509,server_queue,source_binder,3421,3473,813350293876880,813350293981255,104375,89115,0,15260,0,0,0,0,,
509,client_resume,target_worker,1466,3397,813350294100161,813350294260682,160521,47708,35625,77188,0,0,0,1,813350294177349,35625
509,client_resume,source_callback,1466,3362,813350294100161,813350294260682,160521,124480,0,36041,0,0,0,0,,
509,client_resolve,client_worker,1466,3397,813350293448547,813350293572297,123750,123750,0,0,0,0,0,0,,
509,client_register,client_worker,1466,3397,813350293572297,813350293626151,53854,53854,0,0,0,0,0,0,,
509,client_encode,client_worker,1466,3397,813350293626151,813350293689068,62917,62917,0,0,0,0,0,0,,
510,server_admission,receive_thread,3421,3473,813350294653911,813350294751516,97605,97605,0,0,0,0,0,0,,
510,server_queue,target_worker,3421,3468,813350294751516,813350294879797,128281,41406,35261,51614,0,0,0,1,813350294803130,35261
510,server_queue,source_binder,3421,3473,813350294751516,813350294879797,128281,102708,0,25573,0,0,0,0,,
510,client_resume,target_worker,1466,3397,813350294997193,813350295150161,152968,38177,47656,67135,0,0,0,1,813350295064328,47656
510,client_resume,source_callback,1466,3362,813350294997193,813350295150161,152968,114791,0,38177,0,0,0,0,,
510,client_resolve,client_worker,1466,3397,813350294340161,813350294452453,112292,112292,0,0,0,0,0,0,,
510,client_register,client_worker,1466,3397,813350294452453,813350294501255,48802,48802,0,0,0,0,0,0,,
510,client_encode,client_worker,1466,3397,813350294501255,813350294560474,59219,59219,0,0,0,0,0,0,,
511,server_admission,receive_thread,3421,3473,813350295539276,813350295640891,101615,101615,0,0,0,0,0,0,,
511,server_queue,target_worker,3421,3468,813350295640891,813350295740995,100104,36511,28906,34687,0,0,0,1,813350295675578,28906
511,server_queue,source_binder,3421,3473,813350295640891,813350295740995,100104,85052,0,15052,0,0,0,0,,
511,client_resume,target_worker,1466,3397,813350295862922,813350296024797,161875,40261,46354,75260,0,0,0,1,813350295938182,46354
511,client_resume,source_callback,1466,3362,813350295862922,813350296024797,161875,121614,0,40261,0,0,0,0,,
511,client_resolve,client_worker,1466,3397,813350295221932,813350295348391,126459,126459,0,0,0,0,0,0,,
511,client_register,client_worker,1466,3397,813350295348391,813350295396359,47968,47968,0,0,0,0,0,0,,
511,client_encode,client_worker,1466,3397,813350295396359,813350295449849,53490,53490,0,0,0,0,0,0,,
512,server_admission,receive_thread,3421,3473,813350296454797,813350296554224,99427,99427,0,0,0,0,0,0,,
512,server_queue,target_worker,3421,3468,813350296554224,813350296657297,103073,35625,31146,36302,0,0,0,1,813350296590526,31146
512,server_queue,source_binder,3421,3473,813350296554224,813350296657297,103073,90833,0,12240,0,0,0,0,,
512,client_resume,target_worker,1466,3397,813350296775266,813350296941516,166250,50521,37657,78072,0,0,0,1,813350296853338,37657
512,client_resume,source_callback,1466,3362,813350296775266,813350296941516,166250,125208,0,41042,0,0,0,0,,
512,client_resolve,client_worker,1466,3397,813350296134901,813350296250838,115937,115937,0,0,0,0,0,0,,
512,client_register,client_worker,1466,3397,813350296250838,813350296298807,47969,47969,0,0,0,0,0,0,,
512,client_encode,client_worker,1466,3397,813350296298807,813350296362557,63750,63750,0,0,0,0,0,0,,
513,server_admission,receive_thread,3421,3473,813350297374849,813350297479536,104687,104687,0,0,0,0,0,0,,
513,server_queue,target_worker,3421,3468,813350297479536,813350297595838,116302,40520,37032,38750,0,0,0,1,813350297518286,37032
513,server_queue,source_binder,3421,3473,813350297479536,813350297595838,116302,92709,0,23593,0,0,0,0,,
513,client_resume,target_worker,1466,3397,813350297742193,813350297918703,176510,51250,55781,69479,0,0,0,1,813350297811672,55781
513,client_resume,source_callback,1466,3362,813350297742193,813350297918703,176510,123385,0,53125,0,0,0,0,,
513,client_resolve,client_worker,1466,3397,813350297023182,813350297162036,138854,138854,0,0,0,0,0,0,,
513,client_register,client_worker,1466,3397,813350297162036,813350297219432,57396,57396,0,0,0,0,0,0,,
513,client_encode,client_worker,1466,3397,813350297219432,813350297276151,56719,56719,0,0,0,0,0,0,,
514,server_admission,receive_thread,3421,3473,813350298314693,813350298412245,97552,97552,0,0,0,0,0,0,,
514,server_queue,target_worker,3421,3468,813350298412245,813350298522713,110468,40625,35416,34427,0,0,0,1,813350298446672,35416
514,server_queue,source_binder,3421,3473,813350298412245,813350298522713,110468,87135,0,23333,0,0,0,0,,
514,client_resume,target_worker,1466,3397,813350298642661,813350298800422,157761,39792,50573,67396,0,0,0,1,813350298710057,50573
514,client_resume,source_callback,1466,3362,813350298642661,813350298800422,157761,117969,0,39792,0,0,0,0,,
514,client_resolve,client_worker,1466,3397,813350297997088,813350298105630,108542,108542,0,0,0,0,0,0,,
514,client_register,client_worker,1466,3397,813350298105630,813350298154693,49063,49063,0,0,0,0,0,0,,
514,client_encode,client_worker,1466,3397,813350298154693,813350298219016,64323,64323,0,0,0,0,0,0,,
515,server_admission,receive_thread,3421,3473,813350299196828,813350299367870,171042,171042,0,0,0,0,0,0,,
515,server_queue,target_worker,3421,3468,813350299367870,813350299510526,142656,48229,58177,36250,0,0,0,1,813350299404120,58177
515,server_queue,source_binder,3421,3473,813350299367870,813350299510526,142656,127448,0,15208,0,0,0,0,,
515,client_resume,target_worker,1466,3397,813350299859068,813350300158963,299895,112395,86355,101145,0,0,0,1,813350299960213,86355
515,client_resume,source_callback,1466,3362,813350299859068,813350300158963,299895,187500,0,112395,0,0,0,0,,
515,client_resolve,client_worker,1466,3397,813350298879068,813350298995318,116250,116250,0,0,0,0,0,0,,
515,client_register,client_worker,1466,3397,813350298995318,813350299056984,61666,61666,0,0,0,0,0,0,,
515,client_encode,client_worker,1466,3397,813350299056984,813350299110057,53073,53073,0,0,0,0,0,0,,
516,server_admission,receive_thread,3421,3473,813350300560526,813350300656203,95677,95677,0,0,0,0,0,0,,
516,server_queue,target_worker,3421,3468,813350300656203,813350300788859,132656,42343,58125,32188,0,0,0,1,813350300688391,58125
516,server_queue,source_binder,3421,3473,813350300656203,813350300788859,132656,90313,0,42343,0,0,0,0,,
516,client_resume,target_worker,1466,3397,813350301004693,813350301201099,196406,46302,71719,78385,0,0,0,1,813350301083078,71719
516,client_resume,source_callback,1466,3362,813350301004693,813350301201099,196406,150104,0,46302,0,0,0,0,,
516,client_resolve,client_worker,1466,3397,813350300243755,813350300356672,112917,112917,0,0,0,0,0,0,,
516,client_register,client_worker,1466,3397,813350300356672,813350300410005,53333,53333,0,0,0,0,0,0,,
516,client_encode,client_worker,1466,3397,813350300410005,813350300465838,55833,55833,0,0,0,0,0,0,,
517,server_admission,receive_thread,3421,3473,813350301543963,813350301647193,103230,103230,0,0,0,0,0,0,,
517,server_queue,target_worker,3421,3468,813350301647193,813350301769120,121927,45625,37344,38958,0,0,0,1,813350301686151,37344
517,server_queue,source_binder,3421,3473,813350301647193,813350301769120,121927,94062,0,27865,0,0,0,0,,
517,client_resume,target_worker,1466,3397,813350301927609,813350302101828,174219,43490,34739,95990,0,0,0,1,813350302023599,34739
517,client_resume,source_callback,1466,3362,813350301927609,813350302101828,174219,155313,0,18906,0,0,0,0,,
517,client_resolve,client_worker,1466,3397,813350301269641,813350301336984,67343,67343,0,0,0,0,0,0,,
517,client_register,client_worker,1466,3397,813350301336984,813350301396776,59792,59792,0,0,0,0,0,0,,
517,client_encode,client_worker,1466,3397,813350301396776,813350301452297,55521,55521,0,0,0,0,0,0,,
518,server_admission,receive_thread,3421,3473,813350302494432,813350302626672,132240,132240,0,0,0,0,0,0,,
518,server_queue,target_worker,3421,3468,813350302626672,813350302751880,125208,38958,38386,47864,0,0,0,1,813350302674536,38386
518,server_queue,source_binder,3421,3473,813350302626672,813350302751880,125208,113229,0,11979,0,0,0,0,,
518,client_resume,target_worker,1466,3397,813350302879953,813350303044276,164323,38906,50417,75000,0,0,0,1,813350302954953,50417
518,client_resume,source_callback,1466,3362,813350302879953,813350303044276,164323,125417,0,38906,0,0,0,0,,
518,client_resolve,client_worker,1466,3397,813350302171307,813350302276984,105677,105677,0,0,0,0,0,0,,
518,client_register,client_worker,1466,3397,813350302276984,813350302324693,47709,47709,0,0,0,0,0,0,,
518,client_encode,client_worker,1466,3397,813350302324693,813350302382401,57708,57708,0,0,0,0,0,0,,
519,server_admission,receive_thread,3421,3473,813350303441672,813350303580422,138750,138750,0,0,0,0,0,0,,
519,server_queue,target_worker,3421,3468,813350303580422,813350303706880,126458,45833,38021,42604,0,0,0,1,813350303623026,38021
519,server_queue,source_binder,3421,3473,813350303580422,813350303706880,126458,103594,0,22864,0,0,0,0,,
519,client_resume,target_worker,1466,3397,813350303848807,813350303995161,146354,43020,25469,77865,0,0,0,1,813350303926672,25469
519,client_resume,source_callback,1466,3362,813350303848807,813350303995161,146354,124115,0,22239,0,0,0,0,,
519,client_resolve,client_worker,1466,3397,813350303116984,813350303219901,102917,102917,0,0,0,0,0,0,,
519,client_register,client_worker,1466,3397,813350303219901,813350303270474,50573,50573,0,0,0,0,0,0,,
519,client_encode,client_worker,1466,3397,813350303270474,813350303337661,67187,67187,0,0,0,0,0,0,,
520,server_admission,receive_thread,3421,3473,813350304456672,813350304579849,123177,123177,0,0,0,0,0,0,,
520,server_queue,target_worker,3421,3468,813350304579849,813350304697870,118021,30729,40105,47187,0,0,0,1,813350304627036,40105
520,server_queue,source_binder,3421,3473,813350304579849,813350304697870,118021,115885,0,2136,0,0,0,0,,
520,client_resume,target_worker,1466,3397,813350304832870,813350304973130,140260,37969,26041,76250,0,0,0,1,813350304909120,26041
520,client_resume,source_callback,1466,3362,813350304832870,813350304973130,140260,129375,0,10885,0,0,0,0,,
520,client_resolve,client_worker,1466,3397,813350304075891,813350304221463,145572,145572,0,0,0,0,0,0,,
520,client_register,client_worker,1466,3397,813350304221463,813350304275213,53750,53750,0,0,0,0,0,0,,
520,client_encode,client_worker,1466,3397,813350304275213,813350304338234,63021,63021,0,0,0,0,0,0,,
521,server_admission,receive_thread,3421,3473,813350305379849,813350305512557,132708,132708,0,0,0,0,0,0,,
521,server_queue,target_worker,3421,3468,813350305512557,813350305623286,110729,31250,35208,44271,0,0,0,1,813350305556828,35208
521,server_queue,source_binder,3421,3473,813350305512557,813350305623286,110729,104948,0,5781,0,0,0,0,,
521,client_resume,target_worker,1466,3397,813350305747036,813350305885109,138073,36927,26146,75000,0,0,0,1,813350305822036,26146
521,client_resume,source_callback,1466,3362,813350305747036,813350305885109,138073,126094,0,11979,0,0,0,0,,
521,client_resolve,client_worker,1466,3397,813350305045734,813350305152401,106667,106667,0,0,0,0,0,0,,
521,client_register,client_worker,1466,3397,813350305152401,813350305199797,47396,47396,0,0,0,0,0,0,,
521,client_encode,client_worker,1466,3397,813350305199797,813350305277193,77396,77396,0,0,0,0,0,0,,
522,server_admission,receive_thread,3421,3473,813350306244380,813350306359901,115521,115521,0,0,0,0,0,0,,
522,server_queue,target_worker,3421,3468,813350306359901,813350306468651,108750,30990,34843,42917,0,0,0,1,813350306402818,34843
522,server_queue,source_binder,3421,3473,813350306359901,813350306468651,108750,100937,0,7813,0,0,0,0,,
522,client_resume,target_worker,1466,3397,813350306589588,813350306725786,136198,34948,26718,74532,0,0,0,1,813350306664120,26718
522,client_resume,source_callback,1466,3362,813350306589588,813350306725786,136198,125782,0,10416,0,0,0,0,,
522,client_resolve,client_worker,1466,3397,813350305956516,813350306057713,101197,101197,0,0,0,0,0,0,,
522,client_register,client_worker,1466,3397,813350306057713,813350306103703,45990,45990,0,0,0,0,0,0,,
522,client_encode,client_worker,1466,3397,813350306103703,813350306151516,47813,47813,0,0,0,0,0,0,,
523,server_admission,receive_thread,3421,3473,813350307106672,813350307215318,108646,108646,0,0,0,0,0,0,,
523,server_queue,target_worker,3421,3468,813350307215318,813350307348130,132812,28281,35521,69010,0,0,0,1,813350307284328,35521
523,server_queue,source_binder,3421,3473,813350307215318,813350307348130,132812,130260,0,2552,0,0,0,0,,
523,client_resume,target_worker,1466,3397,813350307514328,813350307653026,138698,37292,26718,74688,0,0,0,1,813350307589016,26718
523,client_resume,source_callback,1466,3362,813350307514328,813350307653026,138698,126250,0,12448,0,0,0,0,,
523,client_resolve,client_worker,1466,3397,813350306797245,813350306900786,103541,103541,0,0,0,0,0,0,,
523,client_register,client_worker,1466,3397,813350306900786,813350306947349,46563,46563,0,0,0,0,0,0,,
523,client_encode,client_worker,1466,3397,813350306947349,813350307010318,62969,62969,0,0,0,0,0,0,,
524,server_admission,receive_thread,3421,3473,813350308033755,813350308201672,167917,167917,0,0,0,0,0,0,,
524,server_queue,target_worker,3421,3468,813350308201672,813350308303130,101458,27031,29948,44479,0,0,0,1,813350308246151,29948
524,server_queue,source_binder,3421,3473,813350308201672,813350308303130,101458,101146,0,312,0,0,0,0,,
524,client_resume,target_worker,1466,3397,813350308436724,813350308574016,137292,36615,26146,74531,0,0,0,1,813350308511255,26146
524,client_resume,source_callback,1466,3362,813350308436724,813350308574016,137292,124323,0,12969,0,0,0,0,,
524,client_resolve,client_worker,1466,3397,813350307727557,813350307831516,103959,103959,0,0,0,0,0,0,,
524,client_register,client_worker,1466,3397,813350307831516,813350307879901,48385,48385,0,0,0,0,0,0,,
524,client_encode,client_worker,1466,3397,813350307879901,813350307936099,56198,56198,0,0,0,0,0,0,,
525,server_admission,receive_thread,3421,3473,813350308964797,813350309078078,113281,113281,0,0,0,0,0,0,,
525,server_queue,target_worker,3421,3468,813350309078078,813350309178495,100417,27084,33802,39531,0,0,0,1,813350309117609,33802
525,server_queue,source_binder,3421,3473,813350309078078,813350309178495,100417,96146,0,4271,0,0,0,0,,
525,client_resume,target_worker,1466,3397,813350309298443,813350309430682,132239,34635,24584,73020,0,0,0,1,813350309371463,24584
525,client_resume,source_callback,1466,3362,813350309298443,813350309430682,132239,120520,0,11719,0,0,0,0,,
525,client_resolve,client_worker,1466,3397,813350308646620,813350308750318,103698,103698,0,0,0,0,0,0,,
525,client_register,client_worker,1466,3397,813350308750318,813350308801516,51198,51198,0,0,0,0,0,0,,
525,client_encode,client_worker,1466,3397,813350308801516,813350308856724,55208,55208,0,0,0,0,0,0,,
526,server_admission,receive_thread,3421,3473,813350309787088,813350309897766,110678,110678,0,0,0,0,0,0,,
526,server_queue,target_worker,3421,3468,813350309897766,813350309997401,99635,30104,31302,38229,0,0,0,1,813350309935995,31302
526,server_queue,source_binder,3421,3473,813350309897766,813350309997401,99635,93906,0,5729,0,0,0,0,,
526,client_resume,target_worker,1466,3397,813350310117713,813350310246828,129115,33906,24271,70938,0,0,0,1,813350310188651,24271
526,client_resume,source_callback,1466,3362,813350310117713,813350310246828,129115,119167,0,9948,0,0,0,0,,
526,client_resolve,client_worker,1466,3397,813350309502766,813350309606359,103593,103593,0,0,0,0,0,0,,
526,client_register,client_worker,1466,3397,813350309606359,813350309651828,45469,45469,0,0,0,0,0,0,,
526,client_encode,client_worker,1466,3397,813350309651828,813350309699016,47188,47188,0,0,0,0,0,0,,
527,server_admission,receive_thread,3421,3473,813350310623443,813350310733599,110156,110156,0,0,0,0,0,0,,
527,server_queue,target_worker,3421,3468,813350310733599,813350310835161,101562,30208,31875,39479,0,0,0,1,813350310773078,31875
527,server_queue,source_binder,3421,3473,813350310733599,813350310835161,101562,96510,0,5052,0,0,0,0,,
527,client_resume,target_worker,1466,3397,813350310962297,813350311099015,136718,35729,25677,75312,0,0,0,1,813350311037609,25677
527,client_resume,source_callback,1466,3362,813350310962297,813350311099015,136718,126093,0,10625,0,0,0,0,,
527,client_resolve,client_worker,1466,3397,813350310316516,813350310421307,104791,104791,0,0,0,0,0,0,,
527,client_register,client_worker,1466,3397,813350310421307,813350310469484,48177,48177,0,0,0,0,0,0,,
527,client_encode,client_worker,1466,3397,813350310469484,813350310529120,59636,59636,0,0,0,0,0,0,,
528,server_admission,receive_thread,3421,3473,813350311498234,813350311626411,128177,128177,0,0,0,0,0,0,,
528,server_queue,target_worker,3421,3468,813350311626411,813350311731099,104688,28021,35729,40938,0,0,0,1,813350311667349,35729
528,server_queue,source_binder,3421,3473,813350311626411,813350311731099,104688,101719,0,2969,0,0,0,0,,
528,client_resume,target_worker,1466,3397,813350311854745,813350311989693,134948,35886,26198,72864,0,0,0,1,813350311927609,26198
528,client_resume,source_callback,1466,3362,813350311854745,813350311989693,134948,125468,0,9480,0,0,0,0,,
528,client_resolve,client_worker,1466,3397,813350311184693,813350311291151,106458,106458,0,0,0,0,0,0,,
528,client_register,client_worker,1466,3397,813350311291151,813350311336776,45625,45625,0,0,0,0,0,0,,
528,client_encode,client_worker,1466,3397,813350311336776,813350311392713,55937,55937,0,0,0,0,0,0,,
529,server_admission,receive_thread,3421,3473,813350312415943,813350312526880,110937,110937,0,0,0,0,0,0,,
529,server_queue,target_worker,3421,3468,813350312526880,813350312632974,106094,27552,36667,41875,0,0,0,1,813350312568755,36667
529,server_queue,source_binder,3421,3473,813350312526880,813350312632974,106094,103281,0,2813,0,0,0,0,,
529,client_resume,target_worker,1466,3397,813350312778651,813350312915422,136771,33073,26615,77083,0,0,0,1,813350312855734,26615
529,client_resume,source_callback,1466,3362,813350312778651,813350312915422,136771,130104,0,6667,0,0,0,0,,
529,client_resolve,client_worker,1466,3397,813350312065057,813350312207765,142708,142708,0,0,0,0,0,0,,
529,client_register,client_worker,1466,3397,813350312207765,813350312253547,45782,45782,0,0,0,0,0,0,,
529,client_encode,client_worker,1466,3397,813350312253547,813350312311776,58229,58229,0,0,0,0,0,0,,
530,server_admission,receive_thread,3421,3473,813350313329901,813350313440995,111094,111094,0,0,0,0,0,0,,
530,server_queue,target_worker,3421,3468,813350313440995,813350313544380,103385,26875,35000,41510,0,0,0,1,813350313482505,35000
530,server_queue,source_binder,3421,3473,813350313440995,813350313544380,103385,102500,0,885,0,0,0,0,,
530,client_resume,target_worker,1466,3397,813350313667140,813350313813755,146615,38333,28125,80157,0,0,0,1,813350313747297,28125
530,client_resume,source_callback,1466,3362,813350313667140,813350313813755,146615,135990,0,10625,0,0,0,0,,
530,client_resolve,client_worker,1466,3397,813350313005578,813350313120422,114844,114844,0,0,0,0,0,0,,
530,client_register,client_worker,1466,3397,813350313120422,813350313169224,48802,48802,0,0,0,0,0,0,,
530,client_encode,client_worker,1466,3397,813350313169224,813350313228703,59479,59479,0,0,0,0,0,0,,
531,server_admission,receive_thread,3421,3473,813350314207870,813350314320786,112916,112916,0,0,0,0,0,0,,
531,server_queue,target_worker,3421,3468,813350314320786,813350314422922,102136,25834,36354,39948,0,0,0,1,813350314360734,36354
531,server_queue,source_binder,3421,3473,813350314320786,813350314422922,102136,101875,0,261,0,0,0,0,,
531,client_resume,target_worker,1466,3397,813350314540995,813350314675734,134739,36666,25625,72448,0,0,0,1,813350314613443,25625
531,client_resume,source_callback,1466,3362,813350314540995,813350314675734,134739,123593,0,11146,0,0,0,0,,
531,client_resolve,client_worker,1466,3397,813350313888911,813350313995786,106875,106875,0,0,0,0,0,0,,
531,client_register,client_worker,1466,3397,813350313995786,813350314041203,45417,45417,0,0,0,0,0,0,,
531,client_encode,client_worker,1466,3397,813350314041203,813350314105057,63854,63854,0,0,0,0,0,0,,
532,server_admission,receive_thread,3421,3473,813350315073443,813350315267505,194062,194062,0,0,0,0,0,0,,
532,server_queue,target_worker,3421,3468,813350315267505,813350315395161,127656,44479,40364,42813,0,0,0,1,813350315310318,40364
532,server_queue,source_binder,3421,3473,813350315267505,813350315395161,127656,110781,0,16875,0,0,0,0,,
532,client_resume,target_worker,1466,3397,813350315525578,813350315709224,183646,49479,63646,70521,0,0,0,1,813350315596099,63646
532,client_resume,source_callback,1466,3362,813350315525578,813350315709224,183646,134219,0,49427,0,0,0,0,,
532,client_resolve,client_worker,1466,3397,813350314747193,813350314864640,117447,117447,0,0,0,0,0,0,,
532,client_register,client_worker,1466,3397,813350314864640,813350314912401,47761,47761,0,0,0,0,0,0,,
532,client_encode,client_worker,1466,3397,813350314912401,813350314970005,57604,57604,0,0,0,0,0,0,,
533,server_admission,receive_thread,3421,3473,813350316142765,813350316334380,191615,191615,0,0,0,0,0,0,,
533,server_queue,target_worker,3421,3468,813350316334380,813350316465838,131458,42395,36928,52135,0,0,0,1,813350316386515,36928
533,server_queue,source_binder,3421,3473,813350316334380,813350316465838,131458,112135,0,19323,0,0,0,0,,
533,client_resume,target_worker,1466,3397,813350316598495,813350316768651,170156,41511,57447,71198,0,0,0,1,813350316669693,57447
533,client_resume,source_callback,1466,3362,813350316598495,813350316768651,170156,128645,0,41511,0,0,0,0,,
533,client_resolve,client_worker,1466,3397,813350315788390,813350315897609,109219,109219,0,0,0,0,0,0,,
533,client_register,client_worker,1466,3397,813350315897609,813350315942974,45365,45365,0,0,0,0,0,0,,
533,client_encode,client_worker,1466,3397,813350315942974,813350315999953,56979,56979,0,0,0,0,0,0,,
534,server_admission,receive_thread,3421,3473,813350317211828,813350317322140,110312,110312,0,0,0,0,0,0,,
534,server_queue,target_worker,3421,3468,813350317322140,813350317434901,112761,38021,33385,41355,0,0,0,1,813350317363495,33385
534,server_queue,source_binder,3421,3473,813350317322140,813350317434901,112761,100938,0,11823,0,0,0,0,,
534,client_resume,target_worker,1466,3397,813350317597922,813350317767818,169896,45521,47657,76718,0,0,0,1,813350317674640,47657
534,client_resume,source_callback,1466,3362,813350317597922,813350317767818,169896,124375,0,45521,0,0,0,0,,
534,client_resolve,client_worker,1466,3397,813350316851932,813350316978755,126823,126823,0,0,0,0,0,0,,
534,client_register,client_worker,1466,3397,813350316978755,813350317047505,68750,68750,0,0,0,0,0,0,,
534,client_encode,client_worker,1466,3397,813350317047505,813350317110995,63490,63490,0,0,0,0,0,0,,
535,server_admission,receive_thread,3421,3473,813350318166047,813350318271099,105052,105052,0,0,0,0,0,0,,
535,server_queue,target_worker,3421,3468,813350318271099,813350318380943,109844,34323,36094,39427,0,0,0,1,813350318310526,36094
535,server_queue,source_binder,3421,3473,813350318271099,813350318380943,109844,96562,0,13282,0,0,0,0,,
535,client_resume,target_worker,1466,3397,813350318515474,813350318670630,155156,45937,34375,74844,0,0,0,1,813350318590318,34375
535,client_resume,source_callback,1466,3362,813350318515474,813350318670630,155156,121094,0,34062,0,0,0,0,,
535,client_resolve,client_worker,1466,3397,813350317845890,813350317959953,114063,114063,0,0,0,0,0,0,,
535,client_register,client_worker,1466,3397,813350317959953,813350318011880,51927,51927,0,0,0,0,0,0,,
535,client_encode,client_worker,1466,3397,813350318011880,813350318076307,64427,64427,0,0,0,0,0,0,,
536,server_admission,receive_thread,3421,3473,813350319177870,813350319277193,99323,99323,0,0,0,0,0,0,,
536,server_queue,target_worker,3421,3468,813350319277193,813350319412505,135312,44635,39063,51614,0,0,0,1,813350319328807,39063
536,server_queue,source_binder,3421,3473,813350319277193,813350319412505,135312,110312,0,25000,0,0,0,0,,
536,client_resume,target_worker,1466,3397,813350319542453,813350319719120,176667,48802,49219,78646,0,0,0,1,813350319621099,49219
536,client_resume,source_callback,1466,3362,813350319542453,813350319719120,176667,132604,0,44063,0,0,0,0,,
536,client_resolve,client_worker,1466,3397,813350318748911,813350318948390,199479,131198,68281,0,0,0,0,0,,
536,client_register,client_worker,1466,3397,813350318948390,813350319018859,70469,70469,0,0,0,0,0,0,,
536,client_encode,client_worker,1466,3397,813350319018859,813350319084588,65729,65729,0,0,0,0,0,0,,
537,server_admission,receive_thread,3421,3473,813350320130682,813350320238078,107396,107396,0,0,0,0,0,0,,
537,server_queue,target_worker,3421,3468,813350320238078,813350320354640,116562,42447,36198,37917,0,0,0,1,813350320275995,36198
537,server_queue,source_binder,3421,3473,813350320238078,813350320354640,116562,92396,0,24166,0,0,0,0,,
537,client_resume,target_worker,1466,3397,813350320476307,813350320650943,174636,48230,52864,73542,0,0,0,1,813350320549849,52864
537,client_resume,source_callback,1466,3362,813350320476307,813350320650943,174636,128386,0,46250,0,0,0,0,,
537,client_resolve,client_worker,1466,3397,813350319801151,813350319913026,111875,111875,0,0,0,0,0,0,,
537,client_register,client_worker,1466,3397,813350319913026,813350319959849,46823,46823,0,0,0,0,0,0,,
537,client_encode,client_worker,1466,3397,813350319959849,813350320016828,56979,56979,0,0,0,0,0,0,,
538,server_admission,receive_thread,3421,3473,813350321079328,813350321202245,122917,122917,0,0,0,0,0,0,,
538,server_queue,target_worker,3421,3468,813350321202245,813350321326463,124218,41302,41406,41510,0,0,0,1,813350321243755,41406
538,server_queue,source_binder,3421,3473,813350321202245,813350321326463,124218,101198,0,23020,0,0,0,0,,
538,client_resume,target_worker,1466,3397,813350321445630,813350321614380,168750,43073,51302,74375,0,0,0,1,813350321520005,51302
538,client_resume,source_callback,1466,3362,813350321445630,813350321614380,168750,125677,0,43073,0,0,0,0,,
538,client_resolve,client_worker,1466,3397,813350320733495,813350320840682,107187,107187,0,0,0,0,0,0,,
538,client_register,client_worker,1466,3397,813350320840682,813350320926724,86042,86042,0,0,0,0,0,0,,
538,client_encode,client_worker,1466,3397,813350320926724,813350320980890,54166,54166,0,0,0,0,0,0,,
539,server_admission,receive_thread,3421,3473,813350322036880,813350322143859,106979,106979,0,0,0,0,0,0,,
539,server_queue,target_worker,3421,3468,813350322143859,813350322253390,109531,37291,34271,37969,0,0,0,1,813350322181828,34271
539,server_queue,source_binder,3421,3473,813350322143859,813350322253390,109531,98177,0,11354,0,0,0,0,,
539,client_resume,target_worker,1466,3397,813350322380109,813350322561620,181511,50261,49687,81563,0,0,0,1,813350322461672,49687
539,client_resume,source_callback,1466,3362,813350322380109,813350322561620,181511,131511,0,50000,0,0,0,0,,
539,client_resolve,client_worker,1466,3397,813350321698234,813350321816099,117865,117865,0,0,0,0,0,0,,
539,client_register,client_worker,1466,3397,813350321816099,813350321870213,54114,54114,0,0,0,0,0,0,,
539,client_encode,client_worker,1466,3397,813350321870213,813350321935943,65730,65730,0,0,0,0,0,0,,
540,server_admission,receive_thread,3421,3473,813350322995213,813350323099328,104115,104115,0,0,0,0,0,0,,
540,server_queue,target_worker,3421,3468,813350323099328,813350323221984,122656,43854,39531,39271,0,0,0,1,813350323138599,39531
540,server_queue,source_binder,3421,3473,813350323099328,813350323221984,122656,97448,0,25208,0,0,0,0,,
540,client_resume,target_worker,1466,3397,813350323349745,813350323529745,180000,39584,66510,73906,0,0,0,1,813350323423651,66510
540,client_resume,source_callback,1466,3362,813350323349745,813350323529745,180000,140416,0,39584,0,0,0,0,,
540,client_resolve,client_worker,1466,3397,813350322646307,813350322763182,116875,116875,0,0,0,0,0,0,,
540,client_register,client_worker,1466,3397,813350322763182,813350322811099,47917,47917,0,0,0,0,0,0,,
540,client_encode,client_worker,1466,3397,813350322811099,813350322892557,81458,81458,0,0,0,0,0,0,,
541,server_admission,receive_thread,3421,3473,813350323949536,813350324072193,122657,122657,0,0,0,0,0,0,,
541,server_queue,target_worker,3421,3468,813350324072193,813350324250890,178697,37552,29948,111197,0,0,0,1,813350324183390,29948
541,server_queue,source_binder,3421,3473,813350324072193,813350324250890,178697,178697,0,0,0,0,0,0,,
541,client_resume,target_worker,1466,3397,813350324375005,813350324571515,196510,52864,67240,76406,0,0,0,1,813350324451411,67240
541,client_resume,source_callback,1466,3362,813350324375005,813350324571515,196510,144375,0,52135,0,0,0,0,,
541,client_resolve,client_worker,1466,3397,813350323603495,813350323718963,115468,115468,0,0,0,0,0,0,,
541,client_register,client_worker,1466,3397,813350323718963,813350323768078,49115,49115,0,0,0,0,0,0,,
541,client_encode,client_worker,1466,3397,813350323768078,813350323854536,86458,86458,0,0,0,0,0,0,,
542,server_admission,receive_thread,3421,3473,813350325013547,813350325115943,102396,102396,0,0,0,0,0,0,,
542,server_queue,target_worker,3421,3468,813350325115943,813350325235057,119114,42135,39219,37760,0,0,0,1,813350325153703,39219
542,server_queue,source_binder,3421,3473,813350325115943,813350325235057,119114,95000,0,24114,0,0,0,0,,
542,client_resume,target_worker,1466,3397,813350325350474,813350325520474,170000,42917,52969,74114,0,0,0,1,813350325424588,52969
542,client_resume,source_callback,1466,3362,813350325350474,813350325520474,170000,127083,0,42917,0,0,0,0,,
542,client_resolve,client_worker,1466,3397,813350324656776,813350324773963,117187,117187,0,0,0,0,0,0,,
542,client_register,client_worker,1466,3397,813350324773963,813350324821203,47240,47240,0,0,0,0,0,0,,
542,client_encode,client_worker,1466,3397,813350324821203,813350324906672,85469,85469,0,0,0,0,0,0,,
543,server_admission,receive_thread,3421,3473,813350325936515,813350326045890,109375,109375,0,0,0,0,0,0,,
543,server_queue,target_worker,3421,3468,813350326045890,813350326159120,113230,40417,34688,38125,0,0,0,1,813350326084015,34688
543,server_queue,source_binder,3421,3473,813350326045890,813350326159120,113230,96407,0,16823,0,0,0,0,,
543,client_resume,target_worker,1466,3397,813350326282661,813350326480370,197709,46511,57135,94063,0,0,0,1,813350326376724,57135
543,client_resume,source_callback,1466,3362,813350326282661,813350326480370,197709,160313,0,37396,0,0,0,0,,
543,client_resolve,client_worker,1466,3397,813350325598599,813350325721047,122448,122448,0,0,0,0,0,0,,
543,client_register,client_worker,1466,3397,813350325721047,813350325772401,51354,51354,0,0,0,0,0,0,,
543,client_encode,client_worker,1466,3397,813350325772401,813350325839432,67031,67031,0,0,0,0,0,0,,
544,server_admission,receive_thread,3421,3473,813350326901984,813350327004432,102448,102448,0,0,0,0,0,0,,
544,server_queue,target_worker,3421,3468,813350327004432,813350327126880,122448,43698,38906,39844,0,0,0,1,813350327044276,38906
544,server_queue,source_binder,3421,3473,813350327004432,813350327126880,122448,96250,0,26198,0,0,0,0,,
544,client_resume,target_worker,1466,3397,813350327252193,813350327432088,179895,49114,49896,80885,0,0,0,1,813350327333078,49896
544,client_resume,source_callback,1466,3362,813350327252193,813350327432088,179895,134062,0,45833,0,0,0,0,,
544,client_resolve,client_worker,1466,3397,813350326564953,813350326680943,115990,115990,0,0,0,0,0,0,,
544,client_register,client_worker,1466,3397,813350326680943,813350326728234,47291,47291,0,0,0,0,0,0,,
544,client_encode,client_worker,1466,3397,813350326728234,813350326798026,69792,69792,0,0,0,0,0,0,,
545,server_admission,receive_thread,3421,3473,813350327828599,813350327944120,115521,115521,0,0,0,0,0,0,,
545,server_queue,target_worker,3421,3468,813350327944120,813350328060370,116250,41094,36667,38489,0,0,0,1,813350327982609,36667
545,server_queue,source_binder,3421,3473,813350327944120,813350328060370,116250,93177,0,23073,0,0,0,0,,
545,client_resume,target_worker,1466,3397,813350328225995,813350328390995,165000,44063,47656,73281,0,0,0,1,813350328299276,47656
545,client_resume,source_callback,1466,3362,813350328225995,813350328390995,165000,121614,0,43386,0,0,0,0,,
545,client_resolve,client_worker,1466,3397,813350327509953,813350327627922,117969,117969,0,0,0,0,0,0,,
545,client_register,client_worker,1466,3397,813350327627922,813350327676307,48385,48385,0,0,0,0,0,0,,
545,client_encode,client_worker,1466,3397,813350327676307,813350327734745,58438,58438,0,0,0,0,0,0,,
546,server_admission,receive_thread,3421,3473,813350328782661,813350328885578,102917,102917,0,0,0,0,0,0,,
546,server_queue,target_worker,3421,3468,813350328885578,813350328998599,113021,43594,33542,35885,0,0,0,1,813350328921463,33542
546,server_queue,source_binder,3421,3473,813350328885578,813350328998599,113021,88542,0,24479,0,0,0,0,,
546,client_resume,target_worker,1466,3397,813350329125005,813350329292349,167344,41615,51823,73906,0,0,0,1,813350329198911,51823
546,client_resume,source_callback,1466,3362,813350329125005,813350329292349,167344,125729,0,41615,0,0,0,0,,
546,client_resolve,client_worker,1466,3397,813350328465057,813350328564484,99427,99427,0,0,0,0,0,0,,
546,client_register,client_worker,1466,3397,813350328564484,813350328608703,44219,44219,0,0,0,0,0,0,,
546,client_encode,client_worker,1466,3397,813350328608703,813350328669120,60417,60417,0,0,0,0,0,0,,
547,server_admission,receive_thread,3421,3473,813350329702140,813350329805734,103594,103594,0,0,0,0,0,0,,
547,server_queue,target_worker,3421,3468,813350329805734,813350329911463,105729,34479,32135,39115,0,0,0,1,813350329844849,32135
547,server_queue,source_binder,3421,3473,813350329805734,813350329911463,105729,93281,0,12448,0,0,0,0,,
547,client_resume,target_worker,1466,3397,813350330197088,813350330426620,229532,49271,82084,98177,0,0,0,1,813350330295265,82084
547,client_resume,source_callback,1466,3362,813350330197088,813350330426620,229532,180261,0,49271,0,0,0,0,,
547,client_resolve,client_worker,1466,3397,813350329373651,813350329489068,115417,115417,0,0,0,0,0,0,,
547,client_register,client_worker,1466,3397,813350329489068,813350329538755,49687,49687,0,0,0,0,0,0,,
547,client_encode,client_worker,1466,3397,813350329538755,813350329604172,65417,65417,0,0,0,0,0,0,,
548,server_admission,receive_thread,3421,3473,813350330841880,813350330940213,98333,98333,0,0,0,0,0,0,,
548,server_queue,target_worker,3421,3468,813350330940213,813350331060265,120052,40677,47239,32136,0,0,0,1,813350330972349,47239
548,server_queue,source_binder,3421,3473,813350330940213,813350331060265,120052,82969,0,37083,0,0,0,0,,
548,client_resume,target_worker,1466,3397,813350331211255,813350331390213,178958,43281,56823,78854,0,0,0,1,813350331290109,56823
548,client_resume,source_callback,1466,3362,813350331211255,813350331390213,178958,156250,0,22708,0,0,0,0,,
548,client_resolve,client_worker,1466,3397,813350330496568,813350330632557,135989,135989,0,0,0,0,0,0,,
548,client_register,client_worker,1466,3397,813350330632557,813350330683234,50677,50677,0,0,0,0,0,0,,
548,client_encode,client_worker,1466,3397,813350330683234,813350330750005,66771,66771,0,0,0,0,0,0,,
549,server_admission,receive_thread,3421,3473,813350331802505,813350331908234,105729,105729,0,0,0,0,0,0,,
549,server_queue,target_worker,3421,3468,813350331908234,813350332052870,144636,40261,35781,68594,0,0,0,1,813350331976828,35781
549,server_queue,source_binder,3421,3473,813350331908234,813350332052870,144636,125573,0,19063,0,0,0,0,,
549,client_resume,target_worker,1466,3397,813350332235109,813350332417193,182084,42136,60729,79219,0,0,0,1,813350332314328,60729
549,client_resume,source_callback,1466,3362,813350332235109,813350332417193,182084,139948,0,42136,0,0,0,0,,
549,client_resolve,client_worker,1466,3397,813350331475213,813350331595474,120261,120261,0,0,0,0,0,0,,
549,client_register,client_worker,1466,3397,813350331595474,813350331643130,47656,47656,0,0,0,0,0,0,,
549,client_encode,client_worker,1466,3397,813350331643130,813350331708026,64896,64896,0,0,0,0,0,0,,
550,server_admission,receive_thread,3421,3473,813350332817661,813350332927713,110052,110052,0,0,0,0,0,0,,
550,server_queue,target_worker,3421,3468,813350332927713,813350333038807,111094,36719,33698,40677,0,0,0,1,813350332968390,33698
550,server_queue,source_binder,3421,3473,813350332927713,813350333038807,111094,94375,0,16719,0,0,0,0,,
550,client_resume,target_worker,1466,3397,813350333174849,813350333355682,180833,45469,55312,80052,0,0,0,1,813350333254901,55312
550,client_resume,source_callback,1466,3362,813350333174849,813350333355682,180833,145729,0,35104,0,0,0,0,,
550,client_resolve,client_worker,1466,3397,813350332495057,813350332609640,114583,114583,0,0,0,0,0,0,,
550,client_register,client_worker,1466,3397,813350332609640,813350332658443,48803,48803,0,0,0,0,0,0,,
550,client_encode,client_worker,1466,3397,813350332658443,813350332724068,65625,65625,0,0,0,0,0,0,,
551,server_admission,receive_thread,3421,3473,813350333766463,813350333868286,101823,101823,0,0,0,0,0,0,,
551,server_queue,target_worker,3421,3468,813350333868286,813350333988599,120313,41094,38802,40417,0,0,0,1,813350333908703,38802
551,server_queue,source_binder,3421,3473,813350333868286,813350333988599,120313,98750,0,21563,0,0,0,0,,
551,client_resume,target_worker,1466,3397,813350334110786,813350334279797,169011,45469,49063,74479,0,0,0,1,813350334185265,49063
551,client_resume,source_callback,1466,3362,813350334110786,813350334279797,169011,126927,0,42084,0,0,0,0,,
551,client_resolve,client_worker,1466,3397,813350333438390,813350333567297,128907,128907,0,0,0,0,0,0,,
551,client_register,client_worker,1466,3397,813350333567297,813350333613390,46093,46093,0,0,0,0,0,0,,
551,client_encode,client_worker,1466,3397,813350333613390,813350333669432,56042,56042,0,0,0,0,0,0,,
552,server_admission,receive_thread,3421,3473,813350334658911,813350334763286,104375,104375,0,0,0,0,0,0,,
552,server_queue,target_worker,3421,3468,813350334763286,813350334880943,117657,40834,35833,40990,0,0,0,1,813350334804276,35833
552,server_queue,source_binder,3421,3473,813350334763286,813350334880943,117657,97188,0,20469,0,0,0,0,,
552,client_resume,target_worker,1466,3397,813350335000109,813350335173026,172917,47500,51667,73750,0,0,0,1,813350335073859,51667
552,client_resume,source_callback,1466,3362,813350335000109,813350335173026,172917,125573,0,47344,0,0,0,0,,
552,client_resolve,client_worker,1466,3397,813350334359953,813350334463495,103542,103542,0,0,0,0,0,0,,
552,client_register,client_worker,1466,3397,813350334463495,813350334507505,44010,44010,0,0,0,0,0,0,,
552,client_encode,client_worker,1466,3397,813350334507505,813350334564797,57292,57292,0,0,0,0,0,0,,
553,server_admission,receive_thread,3421,3473,813350335575943,813350335679693,103750,103750,0,0,0,0,0,0,,
553,server_queue,target_worker,3421,3468,813350335679693,813350335792922,113229,38177,35573,39479,0,0,0,1,813350335719172,35573
553,server_queue,source_binder,3421,3473,813350335679693,813350335792922,113229,91093,0,22136,0,0,0,0,,
553,client_resume,target_worker,1466,3397,813350336079745,813350336298599,218854,39323,56563,122968,0,0,0,1,813350336202713,56563
553,client_resume,source_callback,1466,3362,813350336079745,813350336298599,218854,179531,0,39323,0,0,0,0,,
553,client_resolve,client_worker,1466,3397,813350335250526,813350335372922,122396,122396,0,0,0,0,0,0,,
553,client_register,client_worker,1466,3397,813350335372922,813350335423599,50677,50677,0,0,0,0,0,0,,
553,client_encode,client_worker,1466,3397,813350335423599,813350335484120,60521,60521,0,0,0,0,0,0,,
554,server_admission,receive_thread,3421,3473,813350336696099,813350336811672,115573,115573,0,0,0,0,0,0,,
554,server_queue,target_worker,3421,3468,813350336811672,813350336923286,111614,40625,34948,36041,0,0,0,1,813350336847713,34948
554,server_queue,source_binder,3421,3473,813350336811672,813350336923286,111614,87396,0,24218,0,0,0,0,,
554,client_resume,target_worker,1466,3397,813350337069849,813350337258026,188177,44115,51354,92708,0,0,0,1,813350337162557,51354
554,client_resume,source_callback,1466,3362,813350337069849,813350337258026,188177,166041,0,22136,0,0,0,0,,
554,client_resolve,client_worker,1466,3397,813350336370474,813350336495734,125260,125260,0,0,0,0,0,0,,
554,client_register,client_worker,1466,3397,813350336495734,813350336541672,45938,45938,0,0,0,0,0,0,,
554,client_encode,client_worker,1466,3397,813350336541672,813350336598495,56823,56823,0,0,0,0,0,0,,
555,server_admission,receive_thread,3421,3473,813350337683338,813350337799224,115886,115886,0,0,0,0,0,0,,
555,server_queue,target_worker,3421,3468,813350337799224,813350337912713,113489,41823,34218,37448,0,0,0,1,813350337836672,34218
555,server_queue,source_binder,3421,3473,813350337799224,813350337912713,113489,89114,0,24375,0,0,0,0,,
555,client_resume,target_worker,1466,3397,813350338059745,813350338240213,180468,49010,59635,71823,0,0,0,1,813350338131568,59635
555,client_resume,source_callback,1466,3362,813350338059745,813350338240213,180468,127083,0,53385,0,0,0,0,,
555,client_resolve,client_worker,1466,3397,813350337337193,813350337444745,107552,107552,0,0,0,0,0,0,,
555,client_register,client_worker,1466,3397,813350337444745,813350337533026,88281,88281,0,0,0,0,0,0,,
555,client_encode,client_worker,1466,3397,813350337533026,813350337591515,58489,58489,0,0,0,0,0,0,,
556,server_admission,receive_thread,3421,3473,813350338635786,813350338744588,108802,108802,0,0,0,0,0,0,,
556,server_queue,target_worker,3421,3468,813350338744588,813350338863390,118802,41302,36927,40573,0,0,0,1,813350338785161,36927
556,server_queue,source_binder,3421,3473,813350338744588,813350338863390,118802,94740,0,24062,0,0,0,0,,
556,client_resume,target_worker,1466,3397,813350338978443,813350339209797,231354,48073,34167,149114,0,0,0,1,813350339127557,34167
556,client_resume,source_callback,1466,3362,813350338978443,813350339209797,231354,167656,28594,35104,0,0,0,0,,
556,client_resolve,client_worker,1466,3397,813350338320057,813350338430995,110938,110938,0,0,0,0,0,0,,
556,client_register,client_worker,1466,3397,813350338430995,813350338477245,46250,46250,0,0,0,0,0,0,,
556,client_encode,client_worker,1466,3397,813350338477245,813350338543755,66510,66510,0,0,0,0,0,0,,
557,server_admission,receive_thread,3421,3473,813350339609745,813350339714068,104323,104323,0,0,0,0,0,0,,
557,server_queue,target_worker,3421,3468,813350339714068,813350339834797,120729,43073,38542,39114,0,0,0,1,813350339753182,38542
557,server_queue,source_binder,3421,3473,813350339714068,813350339834797,120729,94270,0,26459,0,0,0,0,,
557,client_resume,target_worker,1466,3397,813350339961932,813350340166672,204740,80157,52187,72396,0,0,0,1,813350340034328,52187
557,client_resume,source_callback,1466,3362,813350339961932,813350340166672,204740,125886,0,78854,0,0,0,0,,
557,client_resolve,client_worker,1466,3397,813350339290161,813350339400578,110417,110417,0,0,0,0,0,0,,
557,client_register,client_worker,1466,3397,813350339400578,813350339462297,61719,61719,0,0,0,0,0,0,,
557,client_encode,client_worker,1466,3397,813350339462297,813350339516463,54166,54166,0,0,0,0,0,0,,
558,server_admission,receive_thread,3421,3473,813350340522453,813350340638807,116354,116354,0,0,0,0,0,0,,
558,server_queue,target_worker,3421,3468,813350340638807,813350340755005,116198,39115,36666,40417,0,0,0,1,813350340679224,36666
558,server_queue,source_binder,3421,3473,813350340638807,813350340755005,116198,94375,0,21823,0,0,0,0,,
558,client_resume,target_worker,1466,3397,813350340873338,813350341041568,168230,45886,52708,69636,0,0,0,1,813350340942974,52708
558,client_resume,source_callback,1466,3362,813350340873338,813350341041568,168230,124115,0,44115,0,0,0,0,,
558,client_resolve,client_worker,1466,3397,813350340241099,813350340350005,108906,108906,0,0,0,0,0,0,,
558,client_register,client_worker,1466,3397,813350340350005,813350340394068,44063,44063,0,0,0,0,0,0,,
558,client_encode,client_worker,1466,3397,813350340394068,813350340440890,46822,46822,0,0,0,0,0,0,,
559,server_admission,receive_thread,3421,3473,813350341427193,813350341525005,97812,97812,0,0,0,0,0,0,,
559,server_queue,target_worker,3421,3468,813350341525005,813350341636307,111302,39062,31771,40469,0,0,0,1,813350341565474,31771
559,server_queue,source_binder,3421,3473,813350341525005,813350341636307,111302,91146,0,20156,0,0,0,0,,
559,client_resume,target_worker,1466,3397,813350341737140,813350341898703,161563,43802,48281,69480,0,0,0,1,813350341806620,48281
559,client_resume,source_callback,1466,3362,813350341737140,813350341898703,161563,117761,0,43802,0,0,0,0,,
559,client_resolve,client_worker,1466,3397,813350341116880,813350341220734,103854,103854,0,0,0,0,0,0,,
559,client_register,client_worker,1466,3397,813350341220734,813350341265995,45261,45261,0,0,0,0,0,0,,
559,client_encode,client_worker,1466,3397,813350341265995,813350341334120,68125,68125,0,0,0,0,0,0,,
560,server_admission,receive_thread,3421,3473,813350342328234,813350342428443,100209,100209,0,0,0,0,0,0,,
560,server_queue,target_worker,3421,3468,813350342428443,813350342532661,104218,35937,31146,37135,0,0,0,1,813350342465578,31146
560,server_queue,source_binder,3421,3473,813350342428443,813350342532661,104218,88854,0,15364,0,0,0,0,,
560,client_resume,target_worker,1466,3397,813350342658651,813350342818755,160104,39792,44375,75937,0,0,0,1,813350342734588,44375
560,client_resume,source_callback,1466,3362,813350342658651,813350342818755,160104,120312,0,39792,0,0,0,0,,
560,client_resolve,client_worker,1466,3397,813350341978963,813350342107870,128907,128907,0,0,0,0,0,0,,
560,client_register,client_worker,1466,3397,813350342107870,813350342162609,54739,54739,0,0,0,0,0,0,,
560,client_encode,client_worker,1466,3397,813350342162609,813350342225786,63177,63177,0,0,0,0,0,0,,
561,server_admission,receive_thread,3421,3473,813350343196828,813350343298338,101510,101510,0,0,0,0,0,0,,
561,server_queue,target_worker,3421,3468,813350343298338,813350343403130,104792,35573,28698,40521,0,0,0,1,813350343338859,28698
561,server_queue,source_binder,3421,3473,813350343298338,813350343403130,104792,88125,0,16667,0,0,0,0,,
561,client_resume,target_worker,1466,3397,813350343518547,813350343685474,166927,42448,49115,75364,0,0,0,1,813350343593911,49115
561,client_resume,source_callback,1466,3362,813350343518547,813350343685474,166927,124479,0,42448,0,0,0,0,,
561,client_resolve,client_worker,1466,3397,813350342890109,813350343000161,110052,110052,0,0,0,0,0,0,,
561,client_register,client_worker,1466,3397,813350343000161,813350343048547,48386,48386,0,0,0,0,0,0,,
561,client_encode,client_worker,1466,3397,813350343048547,813350343115526,66979,66979,0,0,0,0,0,0,,
562,server_admission,receive_thread,3421,3473,813350344060265,813350344208338,148073,148073,0,0,0,0,0,0,,
562,server_queue,target_worker,3421,3468,813350344208338,813350344332661,124323,35156,32135,57032,0,0,0,1,813350344265370,32135
562,server_queue,source_binder,3421,3473,813350344208338,813350344332661,124323,112448,0,11875,0,0,0,0,,
562,client_resume,target_worker,1466,3397,813350344448859,813350344610422,161563,43646,40156,77761,0,0,0,1,813350344526620,40156
562,client_resume,source_callback,1466,3362,813350344448859,813350344610422,161563,136823,0,24740,0,0,0,0,,
562,client_resolve,client_worker,1466,3397,813350343762036,813350343870474,108438,108438,0,0,0,0,0,0,,
562,client_register,client_worker,1466,3397,813350343870474,813350343919588,49114,49114,0,0,0,0,0,0,,
562,client_encode,client_worker,1466,3397,813350343919588,813350343975838,56250,56250,0,0,0,0,0,0,,
563,server_admission,receive_thread,3421,3473,813350345039380,813350345139432,100052,100052,0,0,0,0,0,0,,
563,server_queue,target_worker,3421,3468,813350345139432,813350345250838,111406,42031,33177,36198,0,0,0,1,813350345175630,33177
563,server_queue,source_binder,3421,3473,813350345139432,813350345250838,111406,87396,0,24010,0,0,0,0,,
563,client_resume,target_worker,1466,3397,813350345357557,813350345519797,162240,35000,55209,72031,0,0,0,1,813350345429588,55209
563,client_resume,source_callback,1466,3362,813350345357557,813350345519797,162240,127240,0,35000,0,0,0,0,,
563,client_resolve,client_worker,1466,3397,813350344693911,813350344808026,114115,114115,0,0,0,0,0,0,,
563,client_register,client_worker,1466,3397,813350344808026,813350344855734,47708,47708,0,0,0,0,0,0,,
563,client_encode,client_worker,1466,3397,813350344855734,813350344938599,82865,82865,0,0,0,0,0,0,,
564,server_admission,receive_thread,3421,3473,813350345890838,813350345995265,104427,104427,0,0,0,0,0,0,,
564,server_queue,target_worker,3421,3468,813350345995265,813350346102557,107292,37656,30469,39167,0,0,0,1,813350346034432,30469
564,server_queue,source_binder,3421,3473,813350345995265,813350346102557,107292,90209,0,17083,0,0,0,0,,
564,client_resume,target_worker,1466,3397,813350346218599,813350346379901,161302,50521,39844,70937,0,0,0,1,813350346289536,39844
564,client_resume,source_callback,1466,3362,813350346218599,813350346379901,161302,117864,0,43438,0,0,0,0,,
564,client_resolve,client_worker,1466,3397,813350345587557,813350345700265,112708,112708,0,0,0,0,0,0,,
564,client_register,client_worker,1466,3397,813350345700265,813350345749276,49011,49011,0,0,0,0,0,0,,
564,client_encode,client_worker,1466,3397,813350345749276,813350345806672,57396,57396,0,0,0,0,0,0,,
565,server_admission,receive_thread,3421,3473,813350346807088,813350346905786,98698,98698,0,0,0,0,0,0,,
565,server_queue,target_worker,3421,3468,813350346905786,813350347019484,113698,39375,35729,38594,0,0,0,1,813350346944380,35729
565,server_queue,source_binder,3421,3473,813350346905786,813350347019484,113698,90521,0,23177,0,0,0,0,,
565,client_resume,target_worker,1466,3397,813350347142036,813350347303703,161667,46406,41615,73646,0,0,0,1,813350347215682,41615
565,client_resume,source_callback,1466,3362,813350347142036,813350347303703,161667,124479,0,37188,0,0,0,0,,
565,client_resolve,client_worker,1466,3397,813350346463651,813350346603182,139531,139531,0,0,0,0,0,0,,
565,client_register,client_worker,1466,3397,813350346603182,813350346647765,44583,44583,0,0,0,0,0,0,,
565,client_encode,client_worker,1466,3397,813350346647765,813350346703390,55625,55625,0,0,0,0,0,0,,
566,server_admission,receive_thread,3421,3473,813350347721828,813350347825057,103229,103229,0,0,0,0,0,0,,
566,server_queue,target_worker,3421,3468,813350347825057,813350347935318,110261,41198,33230,35833,0,0,0,1,813350347860890,33230
566,server_queue,source_binder,3421,3473,813350347825057,813350347935318,110261,86302,0,23959,0,0,0,0,,
566,client_resume,target_worker,1466,3397,813350348067765,813350348271047,203282,42448,46667,114167,0,0,0,1,813350348181932,46667
566,client_resume,source_callback,1466,3362,813350348067765,813350348271047,203282,191198,0,12084,0,0,0,0,,
566,client_resolve,client_worker,1466,3397,813350347386359,813350347501099,114740,114740,0,0,0,0,0,0,,
566,client_register,client_worker,1466,3397,813350347501099,813350347550474,49375,49375,0,0,0,0,0,0,,
566,client_encode,client_worker,1466,3397,813350347550474,813350347620630,70156,70156,0,0,0,0,0,0,,
567,server_admission,receive_thread,3421,3473,813350348652505,813350348783078,130573,130573,0,0,0,0,0,0,,
567,server_queue,target_worker,3421,3468,813350348783078,813350348898755,115677,42187,33178,40312,0,0,0,1,813350348823390,33178
567,server_queue,source_binder,3421,3473,813350348783078,813350348898755,115677,91979,0,23698,0,0,0,0,,
567,client_resume,target_worker,1466,3397,813350349006724,813350349169276,162552,48438,42031,72083,0,0,0,1,813350349078807,42031
567,client_resume,source_callback,1466,3362,813350349006724,813350349169276,162552,118750,0,43802,0,0,0,0,,
567,client_resolve,client_worker,1466,3397,813350348350109,813350348452193,102084,102084,0,0,0,0,0,0,,
567,client_register,client_worker,1466,3397,813350348452193,813350348501099,48906,48906,0,0,0,0,0,0,,
567,client_encode,client_worker,1466,3397,813350348501099,813350348560526,59427,59427,0,0,0,0,0,0,,
568,server_admission,receive_thread,3421,3473,813350349533911,813350349629536,95625,95625,0,0,0,0,0,0,,
568,server_queue,target_worker,3421,3468,813350349629536,813350349736307,106771,40573,29896,36302,0,0,0,1,813350349665838,29896
568,server_queue,source_binder,3421,3473,813350349629536,813350349736307,106771,84115,0,22656,0,0,0,0,,
568,client_resume,target_worker,1466,3397,813350349840370,813350350004901,164531,47188,44479,72864,0,0,0,1,813350349913234,44479
568,client_resume,source_callback,1466,3362,813350349840370,813350350004901,164531,117552,0,46979,0,0,0,0,,
568,client_resolve,client_worker,1466,3397,813350349259068,813350349360370,101302,101302,0,0,0,0,0,0,,
568,client_register,client_worker,1466,3397,813350349360370,813350349403286,42916,42916,0,0,0,0,0,0,,
568,client_encode,client_worker,1466,3397,813350349403286,813350349454380,51094,51094,0,0,0,0,0,0,,
569,server_admission,receive_thread,3421,3473,813350350366359,813350350462401,96042,96042,0,0,0,0,0,0,,
569,server_queue,target_worker,3421,3468,813350350462401,813350350574693,112292,47553,28125,36614,0,0,0,1,813350350499015,28125
569,server_queue,source_binder,3421,3473,813350350462401,813350350574693,112292,112292,0,0,0,0,0,0,,
569,client_resume,target_worker,1466,3397,813350350704328,813350350868495,164167,45886,49427,68854,0,0,0,1,813350350773182,49427
569,client_resume,source_callback,1466,3362,813350350704328,813350350868495,164167,116042,0,48125,0,0,0,0,,
569,client_resolve,client_worker,1466,3397,813350350079068,813350350180161,101093,101093,0,0,0,0,0,0,,
569,client_register,client_worker,1466,3397,813350350180161,813350350224588,44427,44427,0,0,0,0,0,0,,
569,client_encode,client_worker,1466,3397,813350350224588,813350350286724,62136,62136,0,0,0,0,0,0,,
570,server_admission,receive_thread,3421,3473,813350351255057,813350351354536,99479,99479,0,0,0,0,0,0,,
570,server_queue,target_worker,3421,3468,813350351354536,813350351504745,150209,42552,65573,42084,0,0,0,1,813350351396620,65573
570,server_queue,source_binder,3421,3473,813350351354536,813350351504745,150209,116042,0,34167,0,0,0,0,,
570,client_resume,target_worker,1466,3397,813350351628911,813350351808130,179219,53958,57448,67813,0,0,0,1,813350351696724,57448
570,client_resume,source_callback,1466,3362,813350351628911,813350351808130,179219,121823,0,57396,0,0,0,0,,
570,client_resolve,client_worker,1466,3397,813350350944849,813350351058599,113750,113750,0,0,0,0,0,0,,
570,client_register,client_worker,1466,3397,813350351058599,813350351103338,44739,44739,0,0,0,0,0,0,,
570,client_encode,client_worker,1466,3397,813350351103338,813350351161463,58125,58125,0,0,0,0,0,0,,
571,server_admission,receive_thread,3421,3473,813350352206828,813350352324640,117812,117812,0,0,0,0,0,0,,
571,server_queue,target_worker,3421,3468,813350352324640,813350352435786,111146,41198,32291,37657,0,0,0,1,813350352362297,32291
571,server_queue,source_binder,3421,3473,813350352324640,813350352435786,111146,88073,0,23073,0,0,0,0,,
571,client_resume,target_worker,1466,3397,813350352564120,813350352717088,152968,41302,45416,66250,0,0,0,1,813350352630370,45416
571,client_resume,source_callback,1466,3362,813350352564120,813350352717088,152968,111666,0,41302,0,0,0,0,,
571,client_resolve,client_worker,1466,3397,813350351880890,813350351985838,104948,104948,0,0,0,0,0,0,,
571,client_register,client_worker,1466,3397,813350351985838,813350352029693,43855,43855,0,0,0,0,0,0,,
571,client_encode,client_worker,1466,3397,813350352029693,813350352087193,57500,57500,0,0,0,0,0,0,,
572,server_admission,receive_thread,3421,3473,813350353178703,813350353299276,120573,120573,0,0,0,0,0,0,,
572,server_queue,target_worker,3421,3468,813350353299276,813350353410109,110833,36250,32760,41823,0,0,0,1,813350353341099,32760
572,server_queue,source_binder,3421,3473,813350353299276,813350353410109,110833,96146,0,14687,0,0,0,0,,
572,client_resume,target_worker,1466,3397,813350353528859,813350353690786,161927,47135,38021,76771,0,0,0,1,813350353605630,38021
572,client_resume,source_callback,1466,3362,813350353528859,813350353690786,161927,127656,0,34271,0,0,0,0,,
572,client_resolve,client_worker,1466,3397,813350352799901,813350352949536,149635,149635,0,0,0,0,0,0,,
572,client_register,client_worker,1466,3397,813350352949536,813350353001984,52448,52448,0,0,0,0,0,0,,
572,client_encode,client_worker,1466,3397,813350353001984,813350353078390,76406,76406,0,0,0,0,0,0,,
573,server_admission,receive_thread,3421,3473,813350354083755,813350354182974,99219,99219,0,0,0,0,0,0,,
573,server_queue,target_worker,3421,3468,813350354182974,813350354296099,113125,40886,33958,38281,0,0,0,1,813350354221255,33958
573,server_queue,source_binder,3421,3473,813350354182974,813350354296099,113125,91719,0,21406,0,0,0,0,,
573,client_resume,target_worker,1466,3397,813350354404068,813350354569484,165416,45521,50104,69791,0,0,0,1,813350354473859,50104
573,client_resume,source_callback,1466,3362,813350354404068,813350354569484,165416,117916,0,47500,0,0,0,0,,
573,client_resolve,client_worker,1466,3397,813350353771151,813350353881828,110677,110677,0,0,0,0,0,0,,
573,client_register,client_worker,1466,3397,813350353881828,813350353929745,47917,47917,0,0,0,0,0,0,,
573,client_encode,client_worker,1466,3397,813350353929745,813350353994797,65052,65052,0,0,0,0,0,0,,
574,server_admission,receive_thread,3421,3473,813350354961828,813350355074745,112917,112917,0,0,0,0,0,0,,
574,server_queue,target_worker,3421,3468,813350355074745,813350355183390,108645,39270,32500,36875,0,0,0,1,813350355111620,32500
574,server_queue,source_binder,3421,3473,813350355074745,813350355183390,108645,89323,0,19322,0,0,0,0,,
574,client_resume,target_worker,1466,3397,813350355294901,813350355466568,171667,47136,53802,70729,0,0,0,1,813350355365630,53802
574,client_resume,source_callback,1466,3362,813350355294901,813350355466568,171667,132239,0,39428,0,0,0,0,,
574,client_resolve,client_worker,1466,3397,813350354645995,813350354744693,98698,98698,0,0,0,0,0,0,,
574,client_register,client_worker,1466,3397,813350354744693,813350354820161,75468,75468,0,0,0,0,0,0,,
574,client_encode,client_worker,1466,3397,813350354820161,813350354872505,52344,52344,0,0,0,0,0,0,,
575,server_admission,receive_thread,3421,3473,813350355846568,813350355949484,102916,102916,0,0,0,0,0,0,,
575,server_queue,target_worker,3421,3468,813350355949484,813350356074536,125052,41562,31719,51771,0,0,0,1,813350356001255,31719
575,server_queue,source_binder,3421,3473,813350355949484,813350356074536,125052,104844,0,20208,0,0,0,0,,
575,client_resume,target_worker,1466,3397,813350356275995,813350356439328,163333,39531,56250,67552,0,0,0,1,813350356343547,56250
575,client_resume,source_callback,1466,3362,813350356275995,813350356439328,163333,123802,0,39531,0,0,0,0,,
575,client_resolve,client_worker,1466,3397,813350355543911,813350355649276,105365,105365,0,0,0,0,0,0,,
575,client_register,client_worker,1466,3397,813350355649276,813350355694745,45469,45469,0,0,0,0,0,0,,
575,client_encode,client_worker,1466,3397,813350355694745,813350355753963,59218,59218,0,0,0,0,0,0,,
576,server_admission,receive_thread,3421,3473,813350356850734,813350356954901,104167,104167,0,0,0,0,0,0,,
576,server_queue,target_worker,3421,3468,813350356954901,813350357057870,102969,35469,28646,38854,0,0,0,1,813350356993755,28646
576,server_queue,source_binder,3421,3473,813350356954901,813350357057870,102969,87344,0,15625,0,0,0,0,,
576,client_resume,target_worker,1466,3397,813350357197922,813350357350057,152135,44062,35782,72291,0,0,0,1,813350357270213,35782
576,client_resume,source_callback,1466,3362,813350357197922,813350357350057,152135,117864,0,34271,0,0,0,0,,
576,client_resolve,client_worker,1466,3397,813350356533495,813350356639797,106302,106302,0,0,0,0,0,0,,
576,client_register,client_worker,1466,3397,813350356639797,813350356706099,66302,66302,0,0,0,0,0,0,,
576,client_encode,client_worker,1466,3397,813350356706099,813350356765682,59583,59583,0,0,0,0,0,0,,
577,server_admission,receive_thread,3421,3473,813350357714015,813350357811880,97865,97865,0,0,0,0,0,0,,
577,server_queue,target_worker,3421,3468,813350357811880,813350357923859,111979,41927,31302,38750,0,0,0,1,813350357850630,31302
577,server_queue,source_binder,3421,3473,813350357811880,813350357923859,111979,88646,0,23333,0,0,0,0,,
577,client_resume,target_worker,1466,3397,813350358027609,813350358178755,151146,35156,46198,69792,0,0,0,1,813350358097401,46198
577,client_resume,source_callback,1466,3362,813350358027609,813350358178755,151146,115990,0,35156,0,0,0,0,,
577,client_resolve,client_worker,1466,3397,813350357424380,813350357529224,104844,104844,0,0,0,0,0,0,,
577,client_register,client_worker,1466,3397,813350357529224,813350357573703,44479,44479,0,0,0,0,0,0,,
577,client_encode,client_worker,1466,3397,813350357573703,813350357625630,51927,51927,0,0,0,0,0,0,,
578,server_admission,receive_thread,3421,3473,813350358547036,813350358645630,98594,98594,0,0,0,0,0,0,,
578,server_queue,target_worker,3421,3468,813350358645630,813350358744328,98698,36406,26042,36250,0,0,0,1,813350358681880,26042
578,server_queue,source_binder,3421,3473,813350358645630,813350358744328,98698,82500,0,16198,0,0,0,0,,
578,client_resume,target_worker,1466,3397,813350358848599,813350358997505,148906,44010,33073,71823,0,0,0,1,813350358920422,33073
578,client_resume,source_callback,1466,3362,813350358848599,813350358997505,148906,112864,0,36042,0,0,0,0,,
578,client_resolve,client_worker,1466,3397,813350358244328,813350358348026,103698,103698,0,0,0,0,0,0,,
578,client_register,client_worker,1466,3397,813350358348026,813350358397036,49010,49010,0,0,0,0,0,0,,
578,client_encode,client_worker,1466,3397,813350358397036,813350358468703,71667,71667,0,0,0,0,0,0,,
579,server_admission,receive_thread,3421,3473,813350359375734,813350359479432,103698,103698,0,0,0,0,0,0,,
579,server_queue,target_worker,3421,3468,813350359479432,813350359612245,132813,61198,31094,40521,0,0,0,1,813350359519953,31094
579,server_queue,source_binder,3421,3473,813350359479432,813350359612245,132813,122396,0,10417,0,0,0,0,,
579,client_resume,target_worker,1466,3397,813350359717765,813350359881672,163907,46198,52396,65313,0,0,0,1,813350359783078,52396
579,client_resume,source_callback,1466,3362,813350359717765,813350359881672,163907,116303,0,47604,0,0,0,0,,
579,client_resolve,client_worker,1466,3397,813350359074953,813350359181255,106302,106302,0,0,0,0,0,0,,
579,client_register,client_worker,1466,3397,813350359181255,813350359225370,44115,44115,0,0,0,0,0,0,,
579,client_encode,client_worker,1466,3397,813350359225370,813350359284172,58802,58802,0,0,0,0,0,0,,
580,server_admission,receive_thread,3421,3473,813350360300578,813350360412870,112292,112292,0,0,0,0,0,0,,
580,server_queue,target_worker,3421,3468,813350360412870,813350360522922,110052,40625,31094,38333,0,0,0,1,813350360451203,31094
580,server_queue,source_binder,3421,3473,813350360412870,813350360522922,110052,96718,0,13334,0,0,0,0,,
580,client_resume,target_worker,1466,3397,813350360628338,813350360778547,150209,36667,48698,64844,0,0,0,1,813350360693182,48698
580,client_resume,source_callback,1466,3362,813350360628338,813350360778547,150209,113542,0,36667,0,0,0,0,,
580,client_resolve,client_worker,1466,3397,813350359955995,813350360052193,96198,96198,0,0,0,0,0,0,,
580,client_register,client_worker,1466,3397,813350360052193,813350360134068,81875,81875,0,0,0,0,0,0,,
580,client_encode,client_worker,1466,3397,813350360134068,813350360210526,76458,76458,0,0,0,0,0,0,,
581,server_admission,receive_thread,3421,3473,813350361148234,813350361268026,119792,119792,0,0,0,0,0,0,,
581,server_queue,target_worker,3421,3468,813350361268026,813350361392401,124375,50833,32657,40885,0,0,0,1,813350361308911,32657
581,server_queue,source_binder,3421,3473,813350361268026,813350361392401,124375,124375,0,0,0,0,0,0,,
581,client_resume,target_worker,1466,3397,813350361522401,813350361704901,182500,40833,46719,94948,0,0,0,1,813350361617349,46719
581,client_resume,source_callback,1466,3362,813350361522401,813350361704901,182500,141667,0,40833,0,0,0,0,,
581,client_resolve,client_worker,1466,3397,813350360846672,813350360945630,98958,98958,0,0,0,0,0,0,,
581,client_register,client_worker,1466,3397,813350360945630,813350360992088,46458,46458,0,0,0,0,0,0,,
581,client_encode,client_worker,1466,3397,813350360992088,813350361047818,55730,55730,0,0,0,0,0,0,,
582,server_admission,receive_thread,3421,3453,813350362129120,813350362286099,156979,156979,0,0,0,0,0,0,,
582,server_queue,target_worker,3421,3468,813350362286099,813350362438547,152448,42761,65156,44531,0,0,0,1,813350362330630,65156
582,server_queue,source_binder,3421,3453,813350362286099,813350362438547,152448,136875,0,15573,0,0,0,0,,
582,client_resume,target_worker,1466,3397,813350362577349,813350362749849,172500,45781,43490,83229,0,0,0,1,813350362660578,43490
582,client_resume,source_callback,1466,3362,813350362577349,813350362749849,172500,146771,0,25729,0,0,0,0,,
582,client_resolve,client_worker,1466,3397,813350361780318,813350361884745,104427,104427,0,0,0,0,0,0,,
582,client_register,client_worker,1466,3397,813350361884745,813350361936672,51927,51927,0,0,0,0,0,0,,
582,client_encode,client_worker,1466,3397,813350361936672,813350362000109,63437,63437,0,0,0,0,0,0,,
583,server_admission,receive_thread,3421,3453,813350363140578,813350363241984,101406,101406,0,0,0,0,0,0,,
583,server_queue,target_worker,3421,3468,813350363241984,813350363360422,118438,41354,34896,42188,0,0,0,1,813350363284172,34896
583,server_queue,source_binder,3421,3453,813350363241984,813350363360422,118438,95729,0,22709,0,0,0,0,,
583,client_resume,target_worker,1466,3397,813350363520318,813350363680786,160468,41510,51302,67656,0,0,0,1,813350363587974,51302
583,client_resume,source_callback,1466,3362,813350363520318,813350363680786,160468,118958,0,41510,0,0,0,0,,
583,client_resolve,client_worker,1466,3397,813350362828234,813350362936776,108542,108542,0,0,0,0,0,0,,
583,client_register,client_worker,1466,3397,813350362936776,813350362983286,46510,46510,0,0,0,0,0,0,,
583,client_encode,client_worker,1466,3397,813350362983286,813350363046047,62761,62761,0,0,0,0,0,0,,
584,server_admission,receive_thread,3421,3453,813350364088078,813350364324849,236771,236771,0,0,0,0,0,0,,
584,server_queue,target_worker,3421,3468,813350364324849,813350364432609,107760,34687,30365,42708,0,0,0,1,813350364367557,30365
584,server_queue,source_binder,3421,3453,813350364324849,813350364432609,107760,93958,0,13802,0,0,0,0,,
584,client_resume,target_worker,1466,3397,813350364538390,813350364697297,158907,45729,41823,71355,0,0,0,1,813350364609745,41823
584,client_resume,source_callback,1466,3362,813350364538390,813350364697297,158907,119063,0,39844,0,0,0,0,,
584,client_resolve,client_worker,1466,3397,813350363758911,813350363874380,115469,115469,0,0,0,0,0,0,,
584,client_register,client_worker,1466,3397,813350363874380,813350363924276,49896,49896,0,0,0,0,0,0,,
584,client_encode,client_worker,1466,3397,813350363924276,813350363982453,58177,58177,0,0,0,0,0,0,,
585,server_admission,receive_thread,3421,3453,813350365059849,813350365163182,103333,103333,0,0,0,0,0,0,,
585,server_queue,target_worker,3421,3468,813350365163182,813350365277036,113854,40521,33802,39531,0,0,0,1,813350365202713,33802
585,server_queue,source_binder,3421,3453,813350365163182,813350365277036,113854,87292,0,26562,0,0,0,0,,
585,client_resume,target_worker,1466,3397,813350365383859,813350365531776,147917,44219,37864,65834,0,0,0,1,813350365449693,37864
585,client_resume,source_callback,1466,3362,813350365383859,813350365531776,147917,112344,0,35573,0,0,0,0,,
585,client_resolve,client_worker,1466,3397,813350364774849,813350364882140,107291,107291,0,0,0,0,0,0,,
585,client_register,client_worker,1466,3397,813350364882140,813350364927713,45573,45573,0,0,0,0,0,0,,
585,client_encode,client_worker,1466,3397,813350364927713,813350364976099,48386,48386,0,0,0,0,0,0,,
586,server_admission,receive_thread,3421,3453,813350365880161,813350365981828,101667,101667,0,0,0,0,0,0,,
586,server_queue,target_worker,3421,3468,813350365981828,813350366093963,112135,41510,34479,36146,0,0,0,1,813350366017974,34479
586,server_queue,source_binder,3421,3453,813350365981828,813350366093963,112135,85417,0,26718,0,0,0,0,,
586,client_resume,target_worker,1466,3397,813350366205578,813350366354380,148802,39062,44740,65000,0,0,0,1,813350366270578,44740
586,client_resume,source_callback,1466,3362,813350366205578,813350366354380,148802,109740,0,39062,0,0,0,0,,
586,client_resolve,client_worker,1466,3397,813350365610682,813350365713286,102604,102604,0,0,0,0,0,0,,
586,client_register,client_worker,1466,3397,813350365713286,813350365757505,44219,44219,0,0,0,0,0,0,,
586,client_encode,client_worker,1466,3397,813350365757505,813350365804745,47240,47240,0,0,0,0,0,0,,
587,server_admission,receive_thread,3421,3453,813350366748078,813350366848390,100312,100312,0,0,0,0,0,0,,
587,server_queue,target_worker,3421,3468,813350366848390,813350366987974,139584,69011,32448,38125,0,0,0,1,813350366886515,32448
587,server_queue,source_binder,3421,3453,813350366848390,813350366987974,139584,91875,0,47709,0,0,0,0,,
587,client_resume,target_worker,1466,3397,813350367092401,813350367261307,168906,35573,61198,72135,0,0,0,1,813350367164536,61198
587,client_resume,source_callback,1466,3362,813350367092401,813350367261307,168906,133333,0,35573,0,0,0,0,,
587,client_resolve,client_worker,1466,3397,813350366438443,813350366549536,111093,111093,0,0,0,0,0,0,,
587,client_register,client_worker,1466,3397,813350366549536,813350366598390,48854,48854,0,0,0,0,0,0,,
587,client_encode,client_worker,1466,3397,813350366598390,813350366657609,59219,59219,0,0,0,0,0,0,,
588,server_admission,receive_thread,3421,3453,813350367634484,813350367783703,149219,149219,0,0,0,0,0,0,,
588,server_queue,target_worker,3421,3468,813350367783703,813350367918755,135052,42240,45833,46979,0,0,0,1,813350367830682,45833
588,server_queue,source_binder,3421,3453,813350367783703,813350367918755,135052,118958,0,16094,0,0,0,0,,
588,client_resume,target_worker,1466,3397,813350368047974,813350368220057,172083,44271,23125,104687,0,0,0,1,813350368152661,23125
588,client_resume,source_callback,1466,3362,813350368047974,813350368220057,172083,149271,0,22812,0,0,0,0,,
588,client_resolve,client_worker,1466,3397,813350367329120,813350367426307,97187,97187,0,0,0,0,0,0,,
588,client_register,client_worker,1466,3397,813350367426307,813350367472036,45729,45729,0,0,0,0,0,0,,
588,client_encode,client_worker,1466,3397,813350367472036,813350367527557,55521,55521,0,0,0,0,0,0,,
589,server_admission,receive_thread,3421,3453,813350368649953,813350368773911,123958,123958,0,0,0,0,0,0,,
589,server_queue,target_worker,3421,3468,813350368773911,813350368897974,124063,48490,33958,41615,0,0,0,1,813350368815526,33958
589,server_queue,source_binder,3421,3453,813350368773911,813350368897974,124063,101511,0,22552,0,0,0,0,,
589,client_resume,target_worker,1466,3397,813350369052453,813350369228443,175990,50261,46250,79479,0,0,0,1,813350369131932,46250
589,client_resume,source_callback,1466,3362,813350369052453,813350369228443,175990,131094,0,44896,0,0,0,0,,
589,client_resolve,client_worker,1466,3397,813350368311620,813350368427088,115468,115468,0,0,0,0,0,0,,
589,client_register,client_worker,1466,3397,813350368427088,813350368473182,46094,46094,0,0,0,0,0,0,,
589,client_encode,client_worker,1466,3397,813350368473182,813350368540422,67240,67240,0,0,0,0,0,0,,
590,server_admission,receive_thread,3421,3453,813350369626776,813350369727609,100833,100833,0,0,0,0,0,0,,
590,server_queue,target_worker,3421,3468,813350369727609,813350369841463,113854,43489,32604,37761,0,0,0,1,813350369765370,32604
590,server_queue,source_binder,3421,3453,813350369727609,813350369841463,113854,89219,0,24635,0,0,0,0,,
590,client_resume,target_worker,1466,3397,813350369962974,813350370138807,175833,48698,53125,74010,0,0,0,1,813350370036984,53125
590,client_resume,source_callback,1466,3362,813350369962974,813350370138807,175833,125521,0,50312,0,0,0,0,,
590,client_resolve,client_worker,1466,3397,813350369312505,813350369423286,110781,110781,0,0,0,0,0,0,,
590,client_register,client_worker,1466,3397,813350369423286,813350369475995,52709,52709,0,0,0,0,0,0,,
590,client_encode,client_worker,1466,3397,813350369475995,813350369537349,61354,61354,0,0,0,0,0,0,,
591,server_admission,receive_thread,3421,3453,813350370525109,813350370625995,100886,100886,0,0,0,0,0,0,,
591,server_queue,target_worker,3421,3468,813350370625995,813350370736568,110573,40573,32032,37968,0,0,0,1,813350370663963,32032
591,server_queue,source_binder,3421,3453,813350370625995,813350370736568,110573,90729,0,19844,0,0,0,0,,
591,client_resume,target_worker,1466,3397,813350370860578,813350371032401,171823,48646,49948,73229,0,0,0,1,813350370933807,49948
591,client_resume,source_callback,1466,3362,813350370860578,813350371032401,171823,120625,0,51198,0,0,0,0,,
591,client_resolve,client_worker,1466,3397,813350370215943,813350370334536,118593,118593,0,0,0,0,0,0,,
591,client_register,client_worker,1466,3397,813350370334536,813350370380109,45573,45573,0,0,0,0,0,0,,
591,client_encode,client_worker,1466,3397,813350370380109,813350370433078,52969,52969,0,0,0,0,0,0,,
592,server_admission,receive_thread,3421,3453,813350371478078,813350371581203,103125,103125,0,0,0,0,0,0,,
592,server_queue,target_worker,3421,3468,813350371581203,813350371711099,129896,41459,34322,54115,0,0,0,1,813350371635318,34322
592,server_queue,source_binder,3421,3453,813350371581203,813350371711099,129896,110052,0,19844,0,0,0,0,,
592,client_resume,target_worker,1466,3397,813350371852505,813350372043859,191354,51250,66198,73906,0,0,0,1,813350371926411,66198
592,client_resume,source_callback,1466,3362,813350371852505,813350372043859,191354,135052,0,56302,0,0,0,0,,
592,client_resolve,client_worker,1466,3397,813350371111828,813350371221359,109531,109531,0,0,0,0,0,0,,
592,client_register,client_worker,1466,3397,813350371221359,813350371269068,47709,47709,0,0,0,0,0,0,,
592,client_encode,client_worker,1466,3397,813350371269068,813350371330005,60937,60937,0,0,0,0,0,0,,
593,server_admission,receive_thread,3421,3453,813350372583443,813350372692505,109062,109062,0,0,0,0,0,0,,
593,server_queue,target_worker,3421,3468,813350372692505,813350372812713,120208,42656,34427,43125,0,0,0,1,813350372735630,34427
593,server_queue,source_binder,3421,3453,813350372692505,813350372812713,120208,99115,0,21093,0,0,0,0,,
593,client_resume,target_worker,1466,3397,813350372941932,813350373135995,194063,55313,63437,75313,0,0,0,1,813350373017245,63437
593,client_resume,source_callback,1466,3362,813350372941932,813350373135995,194063,132240,0,61823,0,0,0,0,,
593,client_resolve,client_worker,1466,3397,813350372241099,813350372358651,117552,117552,0,0,0,0,0,0,,
593,client_register,client_worker,1466,3397,813350372358651,813350372418911,60260,60260,0,0,0,0,0,0,,
593,client_encode,client_worker,1466,3397,813350372418911,813350372480838,61927,61927,0,0,0,0,0,0,,
594,server_admission,receive_thread,3421,3453,813350373544745,813350373650161,105416,105416,0,0,0,0,0,0,,
594,server_queue,target_worker,3421,3468,813350373650161,813350373769953,119792,41875,37240,40677,0,0,0,1,813350373690838,37240
594,server_queue,source_binder,3421,3453,813350373650161,813350373769953,119792,96354,0,23438,0,0,0,0,,
594,client_resume,target_worker,1466,3397,813350373898807,813350374083182,184375,50104,40260,94011,0,0,0,1,813350373992818,40260
594,client_resume,source_callback,1466,3362,813350373898807,813350374083182,184375,149636,0,34739,0,0,0,0,,
594,client_resolve,client_worker,1466,3397,813350373218547,813350373333078,114531,114531,0,0,0,0,0,0,,
594,client_register,client_worker,1466,3397,813350373333078,813350373379797,46719,46719,0,0,0,0,0,0,,
594,client_encode,client_worker,1466,3397,813350373379797,813350373443703,63906,63906,0,0,0,0,0,0,,
595,server_admission,receive_thread,3421,3453,813350374502297,813350374604484,102187,102187,0,0,0,0,0,0,,
595,server_queue,target_worker,3421,3468,813350374604484,813350374721359,116875,43906,34635,38334,0,0,0,1,813350374642818,34635
595,server_queue,source_binder,3421,3453,813350374604484,813350374721359,116875,93959,0,22916,0,0,0,0,,
595,client_resume,target_worker,1466,3397,813350374851880,813350375080370,228490,102969,55469,70052,0,0,0,1,813350374921932,55469
595,client_resume,source_callback,1466,3362,813350374851880,813350375080370,228490,123750,0,104740,0,0,0,0,,
595,client_resolve,client_worker,1466,3397,813350374166307,813350374278130,111823,111823,0,0,0,0,0,0,,
595,client_register,client_worker,1466,3397,813350374278130,813350374337036,58906,58906,0,0,0,0,0,0,,
595,client_encode,client_worker,1466,3397,813350374337036,813350374396307,59271,59271,0,0,0,0,0,0,,
596,server_admission,receive_thread,3421,3453,813350375458703,813350375560422,101719,101719,0,0,0,0,0,0,,
596,server_queue,target_worker,3421,3468,813350375560422,813350375676307,115885,42239,34948,38698,0,0,0,1,813350375599120,34948
596,server_queue,source_binder,3421,3453,813350375560422,813350375676307,115885,96927,0,18958,0,0,0,0,,
596,client_resume,target_worker,1466,3397,813350375814536,813350375986255,171719,51146,44791,75782,0,0,0,1,813350375890318,44791
596,client_resume,source_callback,1466,3362,813350375814536,813350375986255,171719,129323,0,42396,0,0,0,0,,
596,client_resolve,client_worker,1466,3397,813350375152870,813350375245838,92968,92968,0,0,0,0,0,0,,
596,client_register,client_worker,1466,3397,813350375245838,813350375321672,75834,75834,0,0,0,0,0,0,,
596,client_encode,client_worker,1466,3397,813350375321672,813350375370995,49323,49323,0,0,0,0,0,0,,
597,server_admission,receive_thread,3421,3453,813350376435578,813350376551828,116250,116250,0,0,0,0,0,0,,
597,server_queue,target_worker,3421,3468,813350376551828,813350376660630,108802,40677,30365,37760,0,0,0,1,813350376589588,30365
597,server_queue,source_binder,3421,3453,813350376551828,813350376660630,108802,85052,0,23750,0,0,0,0,,
597,client_resume,target_worker,1466,3397,813350376812245,813350376967297,155052,40417,46146,68489,0,0,0,1,813350376880734,46146
597,client_resume,source_callback,1466,3362,813350376812245,813350376967297,155052,114635,0,40417,0,0,0,0,,
597,client_resolve,client_worker,1466,3397,813350376070422,813350376216672,146250,146250,0,0,0,0,0,0,,
597,client_register,client_worker,1466,3397,813350376216672,813350376295786,79114,79114,0,0,0,0,0,0,,
597,client_encode,client_worker,1466,3397,813350376295786,813350376349693,53907,53907,0,0,0,0,0,0,,
598,server_admission,receive_thread,3421,3453,813350377325005,813350377427765,102760,102760,0,0,0,0,0,0,,
598,server_queue,target_worker,3421,3468,813350377427765,813350377535734,107969,36198,31198,40573,0,0,0,1,813350377468338,31198
598,server_queue,source_binder,3421,3453,813350377427765,813350377535734,107969,94428,0,13541,0,0,0,0,,
598,client_resume,target_worker,1466,3397,813350377658130,813350377813859,155729,33229,44427,78073,0,0,0,1,813350377736203,44427
598,client_resume,source_callback,1466,3362,813350377658130,813350377813859,155729,122500,0,33229,0,0,0,0,,
598,client_resolve,client_worker,1466,3397,813350377038547,813350377140422,101875,101875,0,0,0,0,0,0,,
598,client_register,client_worker,1466,3397,813350377140422,813350377189328,48906,48906,0,0,0,0,0,0,,
598,client_encode,client_worker,1466,3397,813350377189328,813350377242036,52708,52708,0,0,0,0,0,0,,
599,server_admission,receive_thread,3421,3453,813350378197088,813350378302297,105209,105209,0,0,0,0,0,0,,
599,server_queue,target_worker,3421,3468,813350378302297,813350378426255,123958,43385,40730,39843,0,0,0,1,813350378342140,40730
599,server_queue,source_binder,3421,3453,813350378302297,813350378426255,123958,102239,0,21719,0,0,0,0,,
599,client_resume,target_worker,1466,3397,813350378746880,813350378928338,181458,44948,40052,96458,0,0,0,1,813350378843338,40052
599,client_resume,source_callback,1466,3362,813350378746880,813350378928338,181458,161198,0,20260,0,0,0,0,,
599,client_resolve,client_worker,1466,3397,813350377879536,813350377977609,98073,98073,0,0,0,0,0,0,,
599,client_register,client_worker,1466,3397,813350377977609,813350378021776,44167,44167,0,0,0,0,0,0,,
599,client_encode,client_worker,1466,3397,813350378021776,813350378087609,65833,65833,0,0,0,0,0,0,,
600,server_admission,receive_thread,3421,3453,813350379353443,813350379458963,105520,105520,0,0,0,0,0,0,,
600,server_queue,target_worker,3421,3468,813350379458963,813350379579432,120469,41198,33802,45469,0,0,0,1,813350379504432,33802
600,server_queue,source_binder,3421,3453,813350379458963,813350379579432,120469,109011,0,11458,0,0,0,0,,
600,client_resume,target_worker,1466,3397,813350379718911,813350379905057,186146,51667,44791,89688,0,0,0,1,813350379808599,44791
600,client_resume,source_callback,1466,3362,813350379718911,813350379905057,186146,154584,0,31562,0,0,0,0,,
600,client_resolve,client_worker,1466,3397,813350379012401,813350379131880,119479,119479,0,0,0,0,0,0,,
600,client_register,client_worker,1466,3397,813350379131880,813350379178547,46667,46667,0,0,0,0,0,0,,
600,client_encode,client_worker,1466,3397,813350379178547,813350379248963,70416,70416,0,0,0,0,0,0,,
601,server_admission,receive_thread,3421,3453,813350380425630,813350380553390,127760,127760,0,0,0,0,0,0,,
601,server_queue,target_worker,3421,3468,813350380553390,813350380665318,111928,35573,33386,42969,0,0,0,1,813350380596359,33386
601,server_queue,source_binder,3421,3453,813350380553390,813350380665318,111928,101771,0,10157,0,0,0,0,,
601,client_resume,target_worker,1466,3397,813350380782088,813350380954797,172709,41667,56771,74271,0,0,0,1,813350380856359,56771
601,client_resume,source_callback,1466,3362,813350380782088,813350380954797,172709,142084,0,30625,0,0,0,0,,
601,client_resolve,client_worker,1466,3397,813350379994745,813350380192193,197448,197448,0,0,0,0,0,0,,
601,client_register,client_worker,1466,3397,813350380192193,813350380247505,55312,55312,0,0,0,0,0,0,,
601,client_encode,client_worker,1466,3397,813350380247505,813350380315630,68125,68125,0,0,0,0,0,0,,
602,server_admission,receive_thread,3421,3453,813350381331984,813350381443338,111354,111354,0,0,0,0,0,0,,
602,server_queue,target_worker,3421,3468,813350381443338,813350381554068,110730,35521,36354,38855,0,0,0,1,813350381482193,36354
602,server_queue,source_binder,3421,3453,813350381443338,813350381554068,110730,96563,0,14167,0,0,0,0,,
602,client_resume,target_worker,1466,3397,813350381695786,813350381859224,163438,40469,48802,74167,0,0,0,1,813350381769953,48802
602,client_resume,source_callback,1466,3362,813350381695786,813350381859224,163438,132917,0,30521,0,0,0,0,,
602,client_resolve,client_worker,1466,3397,813350381028443,813350381128234,99791,99791,0,0,0,0,0,0,,
602,client_register,client_worker,1466,3397,813350381128234,813350381170422,42188,42188,0,0,0,0,0,0,,
602,client_encode,client_worker,1466,3397,813350381170422,813350381232297,61875,61875,0,0,0,0,0,0,,
603,server_admission,receive_thread,3421,3453,813350382248286,813350382353651,105365,105365,0,0,0,0,0,0,,
603,server_queue,target_worker,3421,3468,813350382353651,813350382462088,108437,35937,35104,37396,0,0,0,1,813350382391047,35104
603,server_queue,source_binder,3421,3453,813350382353651,813350382462088,108437,93385,0,15052,0,0,0,0,,
603,client_resume,target_worker,1466,3397,813350382594953,813350382762557,167604,37292,57552,72760,0,0,0,1,813350382667713,57552
603,client_resume,source_callback,1466,3362,813350382594953,813350382762557,167604,130312,0,37292,0,0,0,0,,
603,client_resolve,client_worker,1466,3397,813350381933911,813350382034484,100573,100573,0,0,0,0,0,0,,
603,client_register,client_worker,1466,3397,813350382034484,813350382077088,42604,42604,0,0,0,0,0,0,,
603,client_encode,client_worker,1466,3397,813350382077088,813350382144380,67292,67292,0,0,0,0,0,0,,
604,server_admission,receive_thread,3421,3453,813350383163651,813350383280682,117031,117031,0,0,0,0,0,0,,
604,server_queue,target_worker,3421,3468,813350383280682,813350383406620,125938,40313,41771,43854,0,0,0,1,813350383324536,41771
604,server_queue,source_binder,3421,3453,813350383280682,813350383406620,125938,109844,0,16094,0,0,0,0,,
604,client_resume,target_worker,1466,3397,813350383549380,813350383722349,172969,43594,49115,80260,0,0,0,1,813350383629640,49115
604,client_resume,source_callback,1466,3362,813350383549380,813350383722349,172969,154271,0,18698,0,0,0,0,,
604,client_resolve,client_worker,1466,3397,813350382838286,813350382947297,109011,109011,0,0,0,0,0,0,,
604,client_register,client_worker,1466,3397,813350382947297,813350382997140,49843,49843,0,0,0,0,0,0,,
604,client_encode,client_worker,1466,3397,813350382997140,813350383057974,60834,60834,0,0,0,0,0,0,,
605,server_admission,receive_thread,3421,3453,813350384131203,813350384235422,104219,104219,0,0,0,0,0,0,,
605,server_queue,target_worker,3421,3468,813350384235422,813350384366620,131198,37188,32448,61562,0,0,0,1,813350384296984,32448
605,server_queue,source_binder,3421,3453,813350384235422,813350384366620,131198,114843,0,16355,0,0,0,0,,
605,client_resume,target_worker,1466,3397,813350384490318,813350384663443,173125,39428,60520,73177,0,0,0,1,813350384563495,60520
605,client_resume,source_callback,1466,3362,813350384490318,813350384663443,173125,133697,0,39428,0,0,0,0,,
605,client_resolve,client_worker,1466,3397,813350383795578,813350383896776,101198,101198,0,0,0,0,0,0,,
605,client_register,client_worker,1466,3397,813350383896776,813350383940578,43802,43802,0,0,0,0,0,0,,
605,client_encode,client_worker,1466,3397,813350383940578,813350383991307,50729,50729,0,0,0,0,0,0,,
606,server_admission,receive_thread,3421,3453,813350385030422,813350385159588,129166,129166,0,0,0,0,0,0,,
606,server_queue,target_worker,3421,3468,813350385159588,813350385285526,125938,38021,42448,45469,0,0,0,1,813350385205057,42448
606,server_queue,source_binder,3421,3453,813350385159588,813350385285526,125938,103438,0,22500,0,0,0,0,,
606,client_resume,target_worker,1466,3397,813350385424953,813350385598390,173437,42343,52032,79062,0,0,0,1,813350385504015,52032
606,client_resume,source_callback,1466,3362,813350385424953,813350385598390,173437,135469,0,37968,0,0,0,0,,
606,client_resolve,client_worker,1466,3397,813350384733078,813350384831255,98177,98177,0,0,0,0,0,0,,
606,client_register,client_worker,1466,3397,813350384831255,813350384875161,43906,43906,0,0,0,0,0,0,,
606,client_encode,client_worker,1466,3397,813350384875161,813350384927974,52813,52813,0,0,0,0,0,0,,
607,server_admission,receive_thread,3421,3453,813350385983547,813350386091099,107552,107552,0,0,0,0,0,0,,
607,server_queue,target_worker,3421,3468,813350386091099,813350386201203,110104,36875,34792,38437,0,0,0,1,813350386129536,34792
607,server_queue,source_binder,3421,3453,813350386091099,813350386201203,110104,94114,0,15990,0,0,0,0,,
607,client_resume,target_worker,1466,3397,813350386341463,813350386511620,170157,41198,51615,77344,0,0,0,1,813350386418807,51615
607,client_resume,source_callback,1466,3362,813350386341463,813350386511620,170157,132917,0,37240,0,0,0,0,,
607,client_resolve,client_worker,1466,3397,813350385673495,813350385772193,98698,98698,0,0,0,0,0,0,,
607,client_register,client_worker,1466,3397,813350385772193,813350385815005,42812,42812,0,0,0,0,0,0,,
607,client_encode,client_worker,1466,3397,813350385815005,813350385876359,61354,61354,0,0,0,0,0,0,,
608,server_admission,receive_thread,3421,3453,813350386902453,813350387011359,108906,108906,0,0,0,0,0,0,,
608,server_queue,target_worker,3421,3468,813350387011359,813350387120005,108646,35052,35833,37761,0,0,0,1,813350387049120,35833
608,server_queue,source_binder,3421,3453,813350387011359,813350387120005,108646,92865,0,15781,0,0,0,0,,
608,client_resume,target_worker,1466,3397,813350387249953,813350387484901,234948,48386,112552,74010,0,0,0,1,813350387323963,112552
608,client_resume,source_callback,1466,3362,813350387249953,813350387484901,234948,186562,0,48386,0,0,0,0,,
608,client_resolve,client_worker,1466,3397,813350386594745,813350386695578,100833,100833,0,0,0,0,0,0,,
608,client_register,client_worker,1466,3397,813350386695578,813350386739588,44010,44010,0,0,0,0,0,0,,
608,client_encode,client_worker,1466,3397,813350386739588,813350386802922,63334,63334,0,0,0,0,0,0,,
609,server_admission,receive_thread,3421,3453,813350387890213,813350388000682,110469,110469,0,0,0,0,0,0,,
609,server_queue,target_worker,3421,3468,813350388000682,813350388152870,152188,72969,39219,40000,0,0,0,1,813350388040682,39219
609,server_queue,source_binder,3421,3453,813350388000682,813350388152870,152188,101615,0,50573,0,0,0,0,,
609,client_resume,target_worker,1466,3397,813350388365370,813350388570109,204739,50208,74531,80000,0,0,0,1,813350388445370,74531
609,client_resume,source_callback,1466,3362,813350388365370,813350388570109,204739,154531,0,50208,0,0,0,0,,
609,client_resolve,client_worker,1466,3397,813350387555578,813350387668755,113177,113177,0,0,0,0,0,0,,
609,client_register,client_worker,1466,3397,813350387668755,813350387719849,51094,51094,0,0,0,0,0,0,,
609,client_encode,client_worker,1466,3397,813350387719849,813350387780161,60312,60312,0,0,0,0,0,0,,
610,server_admission,receive_thread,3421,3453,813350388992713,813350389114484,121771,121771,0,0,0,0,0,0,,
610,server_queue,target_worker,3421,3468,813350389114484,813350389229432,114948,36719,39479,38750,0,0,0,1,813350389153234,39479
610,server_queue,source_binder,3421,3453,813350389114484,813350389229432,114948,98334,0,16614,0,0,0,0,,
610,client_resume,target_worker,1466,3397,813350389366411,813350389532661,166250,42552,42969,80729,0,0,0,1,813350389447140,42969
610,client_resume,source_callback,1466,3362,813350389366411,813350389532661,166250,145521,0,20729,0,0,0,0,,
610,client_resolve,client_worker,1466,3397,813350388672818,813350388795161,122343,122343,0,0,0,0,0,0,,
610,client_register,client_worker,1466,3397,813350388795161,813350388838495,43334,43334,0,0,0,0,0,0,,
610,client_encode,client_worker,1466,3397,813350388838495,813350388888338,49843,49843,0,0,0,0,0,0,,
611,server_admission,receive_thread,3421,3453,813350389916359,813350390024432,108073,108073,0,0,0,0,0,0,,
611,server_queue,target_worker,3421,3468,813350390024432,813350390135370,110938,36459,37187,37292,0,0,0,1,813350390061724,37187
611,server_queue,source_binder,3421,3453,813350390024432,813350390135370,110938,93646,0,17292,0,0,0,0,,
611,client_resume,target_worker,1466,3397,813350390270943,813350390443911,172968,38177,60416,74375,0,0,0,1,813350390345318,60416
611,client_resume,source_callback,1466,3362,813350390270943,813350390443911,172968,134791,0,38177,0,0,0,0,,
611,client_resolve,client_worker,1466,3397,813350389609328,813350389712349,103021,103021,0,0,0,0,0,0,,
611,client_register,client_worker,1466,3397,813350389712349,813350389755161,42812,42812,0,0,0,0,0,0,,
611,client_encode,client_worker,1466,3397,813350389755161,813350389810265,55104,55104,0,0,0,0,0,0,,
612,server_admission,receive_thread,3421,3453,813350390837557,813350390952922,115365,115365,0,0,0,0,0,0,,
612,server_queue,target_worker,3421,3468,813350390952922,813350391074172,121250,40990,39271,40989,0,0,0,1,813350390993911,39271
612,server_queue,source_binder,3421,3453,813350390952922,813350391074172,121250,100937,0,20313,0,0,0,0,,
612,client_resume,target_worker,1466,3397,813350391219901,813350391408130,188229,37187,68803,82239,0,0,0,1,813350391302140,68803
612,client_resume,source_callback,1466,3362,813350391219901,813350391408130,188229,151042,0,37187,0,0,0,0,,
612,client_resolve,client_worker,1466,3397,813350390517088,813350390633390,116302,116302,0,0,0,0,0,0,,
612,client_register,client_worker,1466,3397,813350390633390,813350390679745,46355,46355,0,0,0,0,0,0,,
612,client_encode,client_worker,1466,3397,813350390679745,813350390732818,53073,53073,0,0,0,0,0,0,,
613,server_admission,receive_thread,3421,3453,813350391782505,813350391891724,109219,109219,0,0,0,0,0,0,,
613,server_queue,target_worker,3421,3468,813350391891724,813350392010578,118854,39010,38959,40885,0,0,0,1,813350391932609,38959
613,server_queue,source_binder,3421,3453,813350391891724,813350392010578,118854,98385,0,20469,0,0,0,0,,
613,client_resume,target_worker,1466,3397,813350392182765,813350392365057,182292,44635,60104,77553,0,0,0,1,813350392260318,60104
613,client_resume,source_callback,1466,3362,813350392182765,813350392365057,182292,153646,0,28646,0,0,0,0,,
613,client_resolve,client_worker,1466,3397,813350391484120,813350391584588,100468,100468,0,0,0,0,0,0,,
613,client_register,client_worker,1466,3397,813350391584588,813350391628443,43855,43855,0,0,0,0,0,0,,
613,client_encode,client_worker,1466,3397,813350391628443,813350391680161,51718,51718,0,0,0,0,0,0,,
614,server_admission,receive_thread,3421,3453,813350392753963,813350392872974,119011,119011,0,0,0,0,0,0,,
614,server_queue,target_worker,3421,3468,813350392872974,813350392985057,112083,36979,37031,38073,0,0,0,1,813350392911047,37031
614,server_queue,source_binder,3421,3453,813350392872974,813350392985057,112083,95677,0,16406,0,0,0,0,,
614,client_resume,target_worker,1466,3397,813350393122036,813350393296932,174896,38333,60677,75886,0,0,0,1,813350393197922,60677
614,client_resume,source_callback,1466,3362,813350393122036,813350393296932,174896,136563,0,38333,0,0,0,0,,
614,client_resolve,client_worker,1466,3397,813350392438026,813350392535474,97448,97448,0,0,0,0,0,0,,
614,client_register,client_worker,1466,3397,813350392535474,813350392605213,69739,69739,0,0,0,0,0,0,,
614,client_encode,client_worker,1466,3397,813350392605213,813350392652401,47188,47188,0,0,0,0,0,0,,
615,server_admission,receive_thread,3421,3453,813350393681568,813350393796568,115000,115000,0,0,0,0,0,0,,
615,server_queue,target_worker,3421,3468,813350393796568,813350393919432,122864,39896,41979,40989,0,0,0,1,813350393837557,41979
615,server_queue,source_binder,3421,3453,813350393796568,813350393919432,122864,103697,0,19167,0,0,0,0,,
615,client_resume,target_worker,1466,3397,813350394060161,813350394241515,181354,45156,55573,80625,0,0,0,1,813350394140786,55573
615,client_resume,source_callback,1466,3362,813350394060161,813350394241515,181354,143802,0,37552,0,0,0,0,,
615,client_resolve,client_worker,1466,3397,813350393365943,813350393474953,109010,109010,0,0,0,0,0,0,,
615,client_register,client_worker,1466,3397,813350393474953,813350393520890,45937,45937,0,0,0,0,0,0,,
615,client_encode,client_worker,1466,3397,813350393520890,813350393574380,53490,53490,0,0,0,0,0,0,,
616,server_admission,receive_thread,3421,3453,813350394720682,813350394828130,107448,107448,0,0,0,0,0,0,,
616,server_queue,target_worker,3421,3468,813350394828130,813350394946515,118385,40364,41823,36198,0,0,0,1,813350394864328,41823
616,server_queue,source_binder,3421,3453,813350394828130,813350394946515,118385,100156,0,18229,0,0,0,0,,
616,client_resume,target_worker,1466,3397,813350395075890,813350395254328,178438,45938,55260,77240,0,0,0,1,813350395153130,55260
616,client_resume,source_callback,1466,3362,813350395075890,813350395254328,178438,145313,0,33125,0,0,0,0,,
616,client_resolve,client_worker,1466,3397,813350394316724,813350394442713,125989,125989,0,0,0,0,0,0,,
616,client_register,client_worker,1466,3397,813350394442713,813350394497140,54427,54427,0,0,0,0,0,0,,
616,client_encode,client_worker,1466,3397,813350394497140,813350394541099,43959,43959,0,0,0,0,0,0,,
617,server_admission,receive_thread,3421,3453,813350395707713,813350395810161,102448,102448,0,0,0,0,0,0,,
617,server_queue,target_worker,3421,3468,813350395810161,813350395922401,112240,37136,36041,39063,0,0,0,1,813350395849224,36041
617,server_queue,source_binder,3421,3453,813350395810161,813350395922401,112240,96615,0,15625,0,0,0,0,,
617,client_resume,target_worker,1466,3397,813350396052088,813350396266932,214844,42656,57969,114219,0,0,0,1,813350396166307,57969
617,client_resume,source_callback,1466,3362,813350396052088,813350396266932,214844,194011,0,20833,0,0,0,0,,
617,client_resolve,client_worker,1466,3397,813350395335370,813350395496255,160885,160885,0,0,0,0,0,0,,
617,client_register,client_worker,1466,3397,813350395496255,813350395546307,50052,50052,0,0,0,0,0,0,,
617,client_encode,client_worker,1466,3397,813350395546307,813350395606047,59740,59740,0,0,0,0,0,0,,
618,server_admission,receive_thread,3421,3453,813350396759693,813350396878495,118802,118802,0,0,0,0,0,0,,
618,server_queue,target_worker,3421,3468,813350396878495,813350397011984,133489,38333,41094,54062,0,0,0,1,813350396932557,41094
618,server_queue,source_binder,3421,3453,813350396878495,813350397011984,133489,116875,0,16614,0,0,0,0,,
618,client_resume,target_worker,1466,3397,813350397177557,813350397369172,191615,38334,72083,81198,0,0,0,1,813350397258755,72083
618,client_resume,source_callback,1466,3362,813350397177557,813350397369172,191615,153281,0,38334,0,0,0,0,,
618,client_resolve,client_worker,1466,3397,813350396339745,813350396464172,124427,124427,0,0,0,0,0,0,,
618,client_register,client_worker,1466,3397,813350396464172,813350396505578,41406,41406,0,0,0,0,0,0,,
618,client_encode,client_worker,1466,3397,813350396505578,813350396571620,66042,66042,0,0,0,0,0,0,,
619,server_admission,receive_thread,3421,3453,813350397736255,813350397846828,110573,110573,0,0,0,0,0,0,,
619,server_queue,target_worker,3421,3468,813350397846828,813350397965734,118906,39583,38750,40573,0,0,0,1,813350397887401,38750
619,server_queue,source_binder,3421,3453,813350397846828,813350397965734,118906,99062,0,19844,0,0,0,0,,
619,client_resume,target_worker,1466,3397,813350398105057,813350398282818,177761,41198,61511,75052,0,0,0,1,813350398180109,61511
619,client_resume,source_callback,1466,3362,813350398105057,813350398282818,177761,136563,0,41198,0,0,0,0,,
619,client_resolve,client_worker,1466,3397,813350397442349,813350397543078,100729,100729,0,0,0,0,0,0,,
619,client_register,client_worker,1466,3397,813350397543078,813350397586463,43385,43385,0,0,0,0,0,0,,
619,client_encode,client_worker,1466,3397,813350397586463,813350397637713,51250,51250,0,0,0,0,0,0,,
620,server_admission,receive_thread,3421,3453,813350398769693,813350398893078,123385,123385,0,0,0,0,0,0,,
620,server_queue,target_worker,3421,3468,813350398893078,813350399011099,118021,37292,40156,40573,0,0,0,1,813350398933651,40156
620,server_queue,source_binder,3421,3453,813350398893078,813350399011099,118021,103437,0,14584,0,0,0,0,,
620,client_resume,target_worker,1466,3397,813350399133807,813350399309588,175781,44062,46771,84948,0,0,0,1,813350399218755,46771
620,client_resume,source_callback,1466,3362,813350399133807,813350399309588,175781,148438,0,27343,0,0,0,0,,
620,client_resolve,client_worker,1466,3397,813350398401776,813350398494953,93177,93177,0,0,0,0,0,0,,
620,client_register,client_worker,1466,3397,813350398494953,813350398539745,44792,44792,0,0,0,0,0,0,,
620,client_encode,client_worker,1466,3397,813350398539745,813350398602765,63020,63020,0,0,0,0,0,0,,
621,server_admission,receive_thread,3421,3453,813350399688807,813350399795682,106875,106875,0,0,0,0,0,0,,
621,server_queue,target_worker,3421,3468,813350399795682,813350399904224,108542,37500,33334,37708,0,0,0,1,813350399833390,33334
621,server_queue,source_binder,3421,3453,813350399795682,813350399904224,108542,90052,0,18490,0,0,0,0,,
621,client_resume,target_worker,1466,3397,813350400038599,813350400233338,194739,43645,19792,131302,0,0,0,1,813350400169901,19792
621,client_resume,source_callback,1466,3362,813350400038599,813350400233338,194739,175937,0,18802,0,0,0,0,,
621,client_resolve,client_worker,1466,3397,813350399384797,813350399481463,96666,96666,0,0,0,0,0,0,,
621,client_register,client_worker,1466,3397,813350399481463,813350399526099,44636,44636,0,0,0,0,0,0,,
621,client_encode,client_worker,1466,3397,813350399526099,813350399581932,55833,55833,0,0,0,0,0,0,,
622,server_admission,receive_thread,3421,3453,813350400619745,813350400726203,106458,106458,0,0,0,0,0,0,,
622,server_queue,target_worker,3421,3468,813350400726203,813350400832193,105990,36407,32552,37031,0,0,0,1,813350400763234,32552
622,server_queue,source_binder,3421,3453,813350400726203,813350400832193,105990,93125,0,12865,0,0,0,0,,
622,client_resume,target_worker,1466,3397,813350400960318,813350401128599,168281,40313,55885,72083,0,0,0,1,813350401032401,55885
622,client_resume,source_callback,1466,3362,813350400960318,813350401128599,168281,127968,0,40313,0,0,0,0,,
622,client_resolve,client_worker,1466,3397,813350400307036,813350400400265,93229,93229,0,0,0,0,0,0,,
622,client_register,client_worker,1466,3397,813350400400265,813350400444484,44219,44219,0,0,0,0,0,0,,
622,client_encode,client_worker,1466,3397,813350400444484,813350400515057,70573,70573,0,0,0,0,0,0,,
623,server_admission,receive_thread,3421,3453,813350401505578,813350401646359,140781,140781,0,0,0,0,0,0,,
623,server_queue,target_worker,3421,3468,813350401646359,813350401763026,116667,36719,40364,39584,0,0,0,1,813350401685943,40364
623,server_queue,source_binder,3421,3453,813350401646359,813350401763026,116667,99063,0,17604,0,0,0,0,,
623,client_resume,target_worker,1466,3397,813350401915682,813350402118443,202761,35417,46094,121250,0,0,0,1,813350402036932,46094
623,client_resume,source_callback,1466,3362,813350401915682,813350402118443,202761,167344,0,35417,0,0,0,0,,
623,client_resolve,client_worker,1466,3397,813350401198755,813350401308338,109583,109583,0,0,0,0,0,0,,
623,client_register,client_worker,1466,3397,813350401308338,813350401352349,44011,44011,0,0,0,0,0,0,,
623,client_encode,client_worker,1466,3397,813350401352349,813350401404536,52187,52187,0,0,0,0,0,0,,
624,server_admission,receive_thread,3421,3453,813350402562661,813350402668443,105782,105782,0,0,0,0,0,0,,
624,server_queue,target_worker,3421,3468,813350402668443,813350402780786,112343,38802,37448,36093,0,0,0,1,813350402704536,37448
624,server_queue,source_binder,3421,3453,813350402668443,813350402780786,112343,93958,0,18385,0,0,0,0,,
624,client_resume,target_worker,1466,3397,813350402910943,813350403086255,175312,38073,62656,74583,0,0,0,1,813350402985526,62656
624,client_resume,source_callback,1466,3362,813350402910943,813350403086255,175312,137239,0,38073,0,0,0,0,,
624,client_resolve,client_worker,1466,3397,813350402184588,813350402280161,95573,95573,0,0,0,0,0,0,,
624,client_register,client_worker,1466,3397,813350402280161,813350402325943,45782,45782,0,0,0,0,0,0,,
624,client_encode,client_worker,1466,3397,813350402325943,813350402374745,48802,48802,0,0,0,0,0,0,,
625,server_admission,receive_thread,3421,3453,813350403504015,813350403615213,111198,111198,0,0,0,0,0,0,,
625,server_queue,target_worker,3421,3468,813350403615213,813350403731672,116459,39167,39375,37917,0,0,0,1,813350403653130,39375
625,server_queue,source_binder,3421,3453,813350403615213,813350403731672,116459,98855,0,17604,0,0,0,0,,
625,client_resume,target_worker,1466,3397,813350403874172,813350404047453,173281,37031,57552,78698,0,0,0,1,813350403952870,57552
625,client_resume,source_callback,1466,3362,813350403874172,813350404047453,173281,136250,0,37031,0,0,0,0,,
625,client_resolve,client_worker,1466,3397,813350403154224,813350403252870,98646,98646,0,0,0,0,0,0,,
625,client_register,client_worker,1466,3397,813350403252870,813350403300995,48125,48125,0,0,0,0,0,0,,
625,client_encode,client_worker,1466,3397,813350403300995,813350403360734,59739,59739,0,0,0,0,0,0,,
626,server_admission,receive_thread,3421,3453,813350404594120,813350404717245,123125,123125,0,0,0,0,0,0,,
626,server_queue,target_worker,3421,3468,813350404717245,813350404836828,119583,37448,42865,39270,0,0,0,1,813350404756515,42865
626,server_queue,source_binder,3421,3453,813350404717245,813350404836828,119583,109218,0,10365,0,0,0,0,,
626,client_resume,target_worker,1466,3397,813350404971099,813350405183599,212500,46667,75260,90573,0,0,0,1,813350405061672,75260
626,client_resume,source_callback,1466,3362,813350404971099,813350405183599,212500,165833,0,46667,0,0,0,0,,
626,client_resolve,client_worker,1466,3397,813350404176880,813350404324380,147500,147500,0,0,0,0,0,0,,
626,client_register,client_worker,1466,3397,813350404324380,813350404368703,44323,44323,0,0,0,0,0,0,,
626,client_encode,client_worker,1466,3397,813350404368703,813350404462505,93802,93802,0,0,0,0,0,0,,
627,server_admission,receive_thread,3421,3453,813350405602401,813350405723182,120781,120781,0,0,0,0,0,0,,
627,server_queue,target_worker,3421,3468,813350405723182,813350405847974,124792,45365,38385,41042,0,0,0,1,813350405764224,38385
627,server_queue,source_binder,3421,3453,813350405723182,813350405847974,124792,98073,0,26719,0,0,0,0,,
627,client_resume,target_worker,1466,3397,813350405990630,813350406165161,174531,39375,57448,77708,0,0,0,1,813350406068338,57448
627,client_resume,source_callback,1466,3362,813350405990630,813350406165161,174531,135156,0,39375,0,0,0,0,,
627,client_resolve,client_worker,1466,3397,813350405270161,813350405383859,113698,113698,0,0,0,0,0,0,,
627,client_register,client_worker,1466,3397,813350405383859,813350405432401,48542,48542,0,0,0,0,0,0,,
627,client_encode,client_worker,1466,3397,813350405432401,813350405491724,59323,59323,0,0,0,0,0,0,,
628,server_admission,receive_thread,3421,3453,813350406531307,813350406642245,110938,110938,0,0,0,0,0,0,,
628,server_queue,target_worker,3421,3468,813350406642245,813350406758443,116198,38282,39896,38020,0,0,0,1,813350406680265,39896
628,server_queue,source_binder,3421,3453,813350406642245,813350406758443,116198,94479,0,21719,0,0,0,0,,
628,client_resume,target_worker,1466,3397,813350406891568,813350407057453,165885,42708,47917,75260,0,0,0,1,813350406966828,47917
628,client_resume,source_callback,1466,3362,813350406891568,813350407057453,165885,142239,0,23646,0,0,0,0,,
628,client_resolve,client_worker,1466,3397,813350406234693,813350406333078,98385,98385,0,0,0,0,0,0,,
628,client_register,client_worker,1466,3397,813350406333078,813350406380786,47708,47708,0,0,0,0,0,0,,
628,client_encode,client_worker,1466,3397,813350406380786,813350406432245,51459,51459,0,0,0,0,0,0,,
629,server_admission,receive_thread,3421,3453,813350407582453,813350407684745,102292,102292,0,0,0,0,0,0,,
629,server_queue,target_worker,3421,3468,813350407684745,813350407785995,101250,36250,31459,33541,0,0,0,1,813350407718286,31459
629,server_queue,source_binder,3421,3453,813350407684745,813350407785995,101250,83229,0,18021,0,0,0,0,,
629,client_resume,target_worker,1466,3397,813350407900370,813350408066255,165885,39062,59271,67552,0,0,0,1,813350407967922,59271
629,client_resume,source_callback,1466,3362,813350407900370,813350408066255,165885,126823,0,39062,0,0,0,0,,
629,client_resolve,client_worker,1466,3397,813350407125578,813350407402245,276667,276667,0,0,0,0,0,0,,
629,client_register,client_worker,1466,3397,813350407402245,813350407445213,42968,42968,0,0,0,0,0,0,,
629,client_encode,client_worker,1466,3397,813350407445213,813350407491411,46198,46198,0,0,0,0,0,0,,
630,server_admission,receive_thread,3421,3453,813350408489015,813350408595682,106667,106667,0,0,0,0,0,0,,
630,server_queue,target_worker,3421,3468,813350408595682,813350408710943,115261,41094,36042,38125,0,0,0,1,813350408633807,36042
630,server_queue,source_binder,3421,3453,813350408595682,813350408710943,115261,92396,0,22865,0,0,0,0,,
630,client_resume,target_worker,1466,3397,813350408839536,813350409014849,175313,36615,61146,77552,0,0,0,1,813350408917088,61146
630,client_resume,source_callback,1466,3362,813350408839536,813350409014849,175313,138698,0,36615,0,0,0,0,,
630,client_resolve,client_worker,1466,3397,813350408203390,813350408301515,98125,98125,0,0,0,0,0,0,,
630,client_register,client_worker,1466,3397,813350408301515,813350408348130,46615,46615,0,0,0,0,0,0,,
630,client_encode,client_worker,1466,3397,813350408348130,813350408401047,52917,52917,0,0,0,0,0,0,,
631,server_admission,receive_thread,3421,3453,813350409390422,813350409497765,107343,107343,0,0,0,0,0,0,,
631,server_queue,target_worker,3421,3468,813350409497765,813350409634015,136250,40885,43646,51719,0,0,0,1,813350409549484,43646
631,server_queue,source_binder,3421,3453,813350409497765,813350409634015,136250,114063,0,22187,0,0,0,0,,
631,client_resume,target_worker,1466,3397,813350409772609,813350409932193,159584,42657,36198,80729,0,0,0,1,813350409853338,36198
631,client_resume,source_callback,1466,3362,813350409772609,813350409932193,159584,144271,0,15313,0,0,0,0,,
631,client_resolve,client_worker,1466,3397,813350409082140,813350409195318,113178,113178,0,0,0,0,0,0,,
631,client_register,client_worker,1466,3397,813350409195318,813350409245213,49895,49895,0,0,0,0,0,0,,
631,client_encode,client_worker,1466,3397,813350409245213,813350409298182,52969,52969,0,0,0,0,0,0,,
632,server_admission,receive_thread,3421,3453,813350410306620,813350410414224,107604,107604,0,0,0,0,0,0,,
632,server_queue,target_worker,3421,3468,813350410414224,813350410527036,112812,39323,36614,36875,0,0,0,1,813350410451099,36614
632,server_queue,source_binder,3421,3453,813350410414224,813350410527036,112812,94948,0,17864,0,0,0,0,,
632,client_resume,target_worker,1466,3397,813350410655682,813350410821932,166250,41406,43542,81302,0,0,0,1,813350410736984,43542
632,client_resume,source_callback,1466,3362,813350410655682,813350410821932,166250,149948,0,16302,0,0,0,0,,
632,client_resolve,client_worker,1466,3397,813350410006984,813350410106463,99479,99479,0,0,0,0,0,0,,
632,client_register,client_worker,1466,3397,813350410106463,813350410149432,42969,42969,0,0,0,0,0,0,,
632,client_encode,client_worker,1466,3397,813350410149432,813350410203755,54323,54323,0,0,0,0,0,0,,
633,server_admission,receive_thread,3421,3453,813350411202557,813350411309536,106979,106979,0,0,0,0,0,0,,
633,server_queue,target_worker,3421,3468,813350411309536,813350411460943,151407,39740,74010,37657,0,0,0,1,813350411347193,74010
633,server_queue,source_binder,3421,3453,813350411309536,813350411460943,151407,151407,0,0,0,0,0,0,,
633,client_resume,target_worker,1466,3397,813350411581724,813350411733651,151927,40625,36511,74791,0,0,0,1,813350411656515,36511
633,client_resume,source_callback,1466,3362,813350411581724,813350411733651,151927,125729,0,26198,0,0,0,0,,
633,client_resolve,client_worker,1466,3397,813350410897870,813350410995734,97864,97864,0,0,0,0,0,0,,
633,client_register,client_worker,1466,3397,813350410995734,813350411051255,55521,55521,0,0,0,0,0,0,,
633,client_encode,client_worker,1466,3397,813350411051255,813350411101255,50000,50000,0,0,0,0,0,0,,
634,server_admission,receive_thread,3421,3453,813350412133390,813350412299015,165625,165625,0,0,0,0,0,0,,
634,server_queue,target_worker,3421,3468,813350412299015,813350412449797,150782,36563,74687,39532,0,0,0,1,813350412338547,74687
634,server_queue,source_binder,3421,3453,813350412299015,813350412449797,150782,132396,0,18386,0,0,0,0,,
634,client_resume,target_worker,1466,3397,813350412575734,813350412733182,157448,41719,43698,72031,0,0,0,1,813350412647765,43698
634,client_resume,source_callback,1466,3362,813350412575734,813350412733182,157448,129375,0,28073,0,0,0,0,,
634,client_resolve,client_worker,1466,3397,813350411806984,813350411908338,101354,101354,0,0,0,0,0,0,,
634,client_register,client_worker,1466,3397,813350411908338,813350411951620,43282,43282,0,0,0,0,0,0,,
634,client_encode,client_worker,1466,3397,813350411951620,813350412003911,52291,52291,0,0,0,0,0,0,,
635,server_admission,receive_thread,3421,3453,813350413111932,813350413219849,107917,107917,0,0,0,0,0,0,,
635,server_queue,target_worker,3421,3468,813350413219849,813350413331880,112031,37552,37604,36875,0,0,0,1,813350413256724,37604
635,server_queue,source_binder,3421,3453,813350413219849,813350413331880,112031,96250,0,15781,0,0,0,0,,
635,client_resume,target_worker,1466,3397,813350413462557,813350413637713,175156,44166,61146,69844,0,0,0,1,813350413532401,61146
635,client_resume,source_callback,1466,3362,813350413462557,813350413637713,175156,130990,0,44166,0,0,0,0,,
635,client_resolve,client_worker,1466,3397,813350412808911,813350412905161,96250,96250,0,0,0,0,0,0,,
635,client_register,client_worker,1466,3397,813350412905161,813350412962974,57813,57813,0,0,0,0,0,0,,
635,client_encode,client_worker,1466,3397,813350412962974,813350413017088,54114,54114,0,0,0,0,0,0,,
636,server_admission,receive_thread,3421,3453,813350414044901,813350414189172,144271,144271,0,0,0,0,0,0,,
636,server_queue,target_worker,3421,3468,813350414189172,813350414314120,124948,35677,41250,48021,0,0,0,1,813350414237193,41250
636,server_queue,source_binder,3421,3453,813350414189172,813350414314120,124948,116718,0,8230,0,0,0,0,,
636,client_resume,target_worker,1466,3397,813350414430318,813350414582818,152500,44063,35990,72447,0,0,0,1,813350414502765,35990
636,client_resume,source_callback,1466,3362,813350414430318,813350414582818,152500,118333,0,34167,0,0,0,0,,
636,client_resolve,client_worker,1466,3397,813350413717140,813350413824745,107605,107605,0,0,0,0,0,0,,
636,client_register,client_worker,1466,3397,813350413824745,813350413871151,46406,46406,0,0,0,0,0,0,,
636,client_encode,client_worker,1466,3397,813350413871151,813350413934797,63646,63646,0,0,0,0,0,0,,
637,server_admission,receive_thread,3421,3453,813350414980890,813350415082193,101303,101303,0,0,0,0,0,0,,
637,server_queue,target_worker,3421,3468,813350415082193,813350415197193,115000,36459,36979,41562,0,0,0,1,813350415123755,36979
637,server_queue,source_binder,3421,3453,813350415082193,813350415197193,115000,93489,0,21511,0,0,0,0,,
637,client_resume,target_worker,1466,3397,813350415312088,813350415471255,159167,47969,40677,70521,0,0,0,1,813350415382609,40677
637,client_resume,source_callback,1466,3362,813350415312088,813350415471255,159167,116980,0,42187,0,0,0,0,,
637,client_resolve,client_worker,1466,3397,813350414662297,813350414768755,106458,106458,0,0,0,0,0,0,,
637,client_register,client_worker,1466,3397,813350414768755,813350414813755,45000,45000,0,0,0,0,0,0,,
637,client_encode,client_worker,1466,3397,813350414813755,813350414890838,77083,77083,0,0,0,0,0,0,,
638,server_admission,receive_thread,3421,3453,813350415834380,813350415937036,102656,102656,0,0,0,0,0,0,,
638,server_queue,target_worker,3421,3468,813350415937036,813350416050161,113125,38698,36510,37917,0,0,0,1,813350415974953,36510
638,server_queue,source_binder,3421,3453,813350415937036,813350416050161,113125,91979,0,21146,0,0,0,0,,
638,client_resume,target_worker,1466,3397,813350416181463,813350416342765,161302,46093,49063,66146,0,0,0,1,813350416247609,49063
638,client_resume,source_callback,1466,3362,813350416181463,813350416342765,161302,113646,0,47656,0,0,0,0,,
638,client_resolve,client_worker,1466,3397,813350415550161,813350415649693,99532,99532,0,0,0,0,0,0,,
638,client_register,client_worker,1466,3397,813350415649693,813350415692036,42343,42343,0,0,0,0,0,0,,
638,client_encode,client_worker,1466,3397,813350415692036,813350415745109,53073,53073,0,0,0,0,0,0,,
639,server_admission,receive_thread,3421,3453,813350416716620,813350416810370,93750,93750,0,0,0,0,0,0,,
639,server_queue,target_worker,3421,3468,813350416810370,813350416909953,99583,36354,29636,33593,0,0,0,1,813350416843963,29636
639,server_queue,source_binder,3421,3453,813350416810370,813350416909953,99583,80885,0,18698,0,0,0,0,,
639,client_resume,target_worker,1466,3397,813350417038443,813350417183286,144843,39114,42657,63072,0,0,0,1,813350417101515,42657
639,client_resume,source_callback,1466,3362,813350417038443,813350417183286,144843,105729,0,39114,0,0,0,0,,
639,client_resolve,client_worker,1466,3397,813350416416307,813350416511203,94896,94896,0,0,0,0,0,0,,
639,client_register,client_worker,1466,3397,813350416511203,813350416555422,44219,44219,0,0,0,0,0,0,,
639,client_encode,client_worker,1466,3397,813350416555422,813350416631880,76458,76458,0,0,0,0,0,0,,
640,server_admission,receive_thread,3421,3453,813350417549797,813350417683286,133489,133489,0,0,0,0,0,0,,
640,server_queue,target_worker,3421,3468,813350417683286,813350417788859,105573,34166,30990,40417,0,0,0,1,813350417723703,30990
640,server_queue,source_binder,3421,3453,813350417683286,813350417788859,105573,91459,0,14114,0,0,0,0,,
640,client_resume,target_worker,1466,3397,813350417901776,813350418053026,151250,46458,34792,70000,0,0,0,1,813350417971776,34792
640,client_resume,source_callback,1466,3362,813350417901776,813350418053026,151250,115156,0,36094,0,0,0,0,,
640,client_resolve,client_worker,1466,3397,813350417252297,813350417354745,102448,102448,0,0,0,0,0,0,,
640,client_register,client_worker,1466,3397,813350417354745,813350417406880,52135,52135,0,0,0,0,0,0,,
640,client_encode,client_worker,1466,3397,813350417406880,813350417465838,58958,58958,0,0,0,0,0,0,,
641,server_admission,receive_thread,3421,3453,813350418444276,813350418544901,100625,100625,0,0,0,0,0,0,,
641,server_queue,target_worker,3421,3468,813350418544901,813350418654901,110000,38229,34636,37135,0,0,0,1,813350418582036,34636
641,server_queue,source_binder,3421,3453,813350418544901,813350418654901,110000,90312,0,19688,0,0,0,0,,
641,client_resume,target_worker,1466,3397,813350418762609,813350418934901,172292,49792,52396,70104,0,0,0,1,813350418832713,52396
641,client_resume,source_callback,1466,3362,813350418762609,813350418934901,172292,120000,0,52292,0,0,0,0,,
641,client_resolve,client_worker,1466,3397,813350418132557,813350418237193,104636,104636,0,0,0,0,0,0,,
641,client_register,client_worker,1466,3397,813350418237193,813350418280578,43385,43385,0,0,0,0,0,0,,
641,client_encode,client_worker,1466,3397,813350418280578,813350418351568,70990,70990,0,0,0,0,0,0,,
642,server_admission,receive_thread,3421,3453,813350419319224,813350419418078,98854,98854,0,0,0,0,0,0,,
642,server_queue,target_worker,3421,3468,813350419418078,813350419527140,109062,40677,31510,36875,0,0,0,1,813350419454953,31510
642,server_queue,source_binder,3421,3453,813350419418078,813350419527140,109062,91667,0,17395,0,0,0,0,,
642,client_resume,target_worker,1466,3397,813350419640578,813350419797401,156823,45938,40000,70885,0,0,0,1,813350419711463,40000
642,client_resume,source_callback,1466,3362,813350419640578,813350419797401,156823,121771,0,35052,0,0,0,0,,
642,client_resolve,client_worker,1466,3397,813350419015161,813350419119745,104584,104584,0,0,0,0,0,0,,
642,client_register,client_worker,1466,3397,813350419119745,813350419161828,42083,42083,0,0,0,0,0,0,,
642,client_encode,client_worker,1466,3397,813350419161828,813350419225109,63281,63281,0,0,0,0,0,0,,
643,server_admission,receive_thread,3421,3453,813350420300005,813350420400526,100521,100521,0,0,0,0,0,0,,
643,server_queue,target_worker,3421,3468,813350420400526,813350420513078,112552,41354,34792,36406,0,0,0,1,813350420436932,34792
643,server_queue,source_binder,3421,3453,813350420400526,813350420513078,112552,95260,0,17292,0,0,0,0,,
643,client_resume,target_worker,1466,3397,813350420628703,813350420802922,174219,48959,54843,70417,0,0,0,1,813350420699120,54843
643,client_resume,source_callback,1466,3362,813350420628703,813350420802922,174219,122187,0,52032,0,0,0,0,,
643,client_resolve,client_worker,1466,3397,813350419874588,813350419972765,98177,98177,0,0,0,0,0,0,,
643,client_register,client_worker,1466,3397,813350419972765,813350420015422,42657,42657,0,0,0,0,0,0,,
643,client_encode,client_worker,1466,3397,813350420015422,813350420067349,51927,51927,0,0,0,0,0,0,,
644,server_admission,receive_thread,3421,3453,813350421191984,813350421297036,105052,105052,0,0,0,0,0,0,,
644,server_queue,target_worker,3421,3468,813350421297036,813350421420161,123125,39531,33750,49844,0,0,0,1,813350421346880,33750
644,server_queue,source_binder,3421,3453,813350421297036,813350421420161,123125,103646,0,19479,0,0,0,0,,
644,client_resume,target_worker,1466,3397,813350421550786,813350421705161,154375,38906,48177,67292,0,0,0,1,813350421618078,48177
644,client_resume,source_callback,1466,3362,813350421550786,813350421705161,154375,115469,0,38906,0,0,0,0,,
644,client_resolve,client_worker,1466,3397,813350420881411,813350420989172,107761,107761,0,0,0,0,0,0,,
644,client_register,client_worker,1466,3397,813350420989172,813350421032088,42916,42916,0,0,0,0,0,0,,
644,client_encode,client_worker,1466,3397,813350421032088,813350421096359,64271,64271,0,0,0,0,0,0,,
645,server_admission,receive_thread,3421,3453,813350422077453,813350422174536,97083,97083,0,0,0,0,0,0,,
645,server_queue,target_worker,3421,3468,813350422174536,813350422280682,106146,36458,32656,37032,0,0,0,1,813350422211568,32656
645,server_queue,source_binder,3421,3453,813350422174536,813350422280682,106146,92552,0,13594,0,0,0,0,,
645,client_resume,target_worker,1466,3397,813350422398703,813350422573599,174896,47084,40364,87448,0,0,0,1,813350422486151,40364
645,client_resume,source_callback,1466,3362,813350422398703,813350422573599,174896,142187,0,32709,0,0,0,0,,
645,client_resolve,client_worker,1466,3397,813350421777453,813350421888963,111510,111510,0,0,0,0,0,0,,
645,client_register,client_worker,1466,3397,813350421888963,813350421936672,47709,47709,0,0,0,0,0,0,,
645,client_encode,client_worker,1466,3397,813350421936672,813350421991984,55312,55312,0,0,0,0,0,0,,
646,server_admission,receive_thread,3421,3453,813350422986099,813350423082140,96041,96041,0,0,0,0,0,0,,
646,server_queue,target_worker,3421,3468,813350423082140,813350423192922,110782,41094,33281,36407,0,0,0,1,813350423118547,33281
646,server_queue,source_binder,3421,3453,813350423082140,813350423192922,110782,90417,0,20365,0,0,0,0,,
646,client_resume,target_worker,1466,3397,813350423303026,813350423459068,156042,37969,50625,67448,0,0,0,1,813350423370474,50625
646,client_resume,source_callback,1466,3362,813350423303026,813350423459068,156042,118073,0,37969,0,0,0,0,,
646,client_resolve,client_worker,1466,3397,813350422666828,813350422777193,110365,110365,0,0,0,0,0,0,,
646,client_register,client_worker,1466,3397,813350422777193,813350422820943,43750,43750,0,0,0,0,0,0,,
646,client_encode,client_worker,1466,3397,813350422820943,813350422885265,64322,64322,0,0,0,0,0,0,,
647,server_admission,receive_thread,3421,3453,813350423818390,813350423922036,103646,103646,0,0,0,0,0,0,,
647,server_queue,target_worker,3421,3468,813350423922036,813350424023130,101094,34896,30469,35729,0,0,0,1,813350423957765,30469
647,server_queue,source_binder,3421,3453,813350423922036,813350424023130,101094,90000,0,11094,0,0,0,0,,
647,client_resume,target_worker,1466,3397,813350424170890,813350424320943,150053,36355,42239,71459,0,0,0,1,813350424242349,42239
647,client_resume,source_callback,1466,3362,813350424170890,813350424320943,150053,113698,0,36355,0,0,0,0,,
647,client_resolve,client_worker,1466,3397,813350423529432,813350423628703,99271,99271,0,0,0,0,0,0,,
647,client_register,client_worker,1466,3397,813350423628703,813350423674380,45677,45677,0,0,0,0,0,0,,
647,client_encode,client_worker,1466,3397,813350423674380,813350423734120,59740,59740,0,0,0,0,0,0,,
648,server_admission,receive_thread,3421,3453,813350424751672,813350424866724,115052,115052,0,0,0,0,0,0,,
648,server_queue,target_worker,3421,3468,813350424866724,813350424980734,114010,37812,34584,41614,0,0,0,1,813350424908338,34584
648,server_queue,source_binder,3421,3453,813350424866724,813350424980734,114010,101562,0,12448,0,0,0,0,,
648,client_resume,target_worker,1466,3397,813350425107870,813350425294172,186302,53334,53333,79635,0,0,0,1,813350425187505,53333
648,client_resume,source_callback,1466,3362,813350425107870,813350425294172,186302,129791,0,56511,0,0,0,0,,
648,client_resolve,client_worker,1466,3397,813350424420370,813350424534224,113854,113854,0,0,0,0,0,0,,
648,client_register,client_worker,1466,3397,813350424534224,813350424586515,52291,52291,0,0,0,0,0,0,,
648,client_encode,client_worker,1466,3397,813350424586515,813350424658130,71615,71615,0,0,0,0,0,0,,
649,server_admission,receive_thread,3421,3453,813350425721359,813350425839380,118021,118021,0,0,0,0,0,0,,
649,server_queue,target_worker,3421,3468,813350425839380,813350425963078,123698,44115,37916,41667,0,0,0,1,813350425881047,37916
649,server_queue,source_binder,3421,3453,813350425839380,813350425963078,123698,99583,0,24115,0,0,0,0,,
649,client_resume,target_worker,1466,3397,813350426103443,813350426293390,189947,53697,60625,75625,0,0,0,1,813350426179068,60625
649,client_resume,source_callback,1466,3362,813350426103443,813350426293390,189947,132239,0,57708,0,0,0,0,,
649,client_resolve,client_worker,1466,3397,813350425380838,813350425500161,119323,119323,0,0,0,0,0,0,,
649,client_register,client_worker,1466,3397,813350425500161,813350425551203,51042,51042,0,0,0,0,0,0,,
649,client_encode,client_worker,1466,3397,813350425551203,813350425615786,64583,64583,0,0,0,0,0,0,,
650,server_admission,receive_thread,3421,3453,813350426726515,813350426835734,109219,109219,0,0,0,0,0,0,,
650,server_queue,target_worker,3421,3468,813350426835734,813350426958338,122604,42864,38646,41094,0,0,0,1,813350426876828,38646
650,server_queue,source_binder,3421,3453,813350426835734,813350426958338,122604,99896,0,22708,0,0,0,0,,
650,client_resume,target_worker,1466,3397,813350427088182,813350427267245,179063,55105,50937,73021,0,0,0,1,813350427161203,50937
650,client_resume,source_callback,1466,3362,813350427088182,813350427267245,179063,125313,0,53750,0,0,0,0,,
650,client_resolve,client_worker,1466,3397,813350426379432,813350426510422,130990,130990,0,0,0,0,0,0,,
650,client_register,client_worker,1466,3397,813350426510422,813350426558755,48333,48333,0,0,0,0,0,0,,
650,client_encode,client_worker,1466,3397,813350426558755,813350426620265,61510,61510,0,0,0,0,0,0,,
651,server_admission,receive_thread,3421,3453,813350427732870,813350427830890,98020,98020,0,0,0,0,0,0,,
651,server_queue,target_worker,3421,3468,813350427830890,813350427941568,110678,39532,35833,35313,0,0,0,1,813350427866203,35833
651,server_queue,source_binder,3421,3453,813350427830890,813350427941568,110678,86094,0,24584,0,0,0,0,,
651,client_resume,target_worker,1466,3397,813350428058443,813350428348547,290104,47084,112552,130468,0,0,0,1,813350428188911,112552
651,client_resume,source_callback,1466,3362,813350428058443,813350428348547,290104,243020,0,47084,0,0,0,0,,
651,client_resolve,client_worker,1466,3397,813350427352505,813350427524745,172240,172240,0,0,0,0,0,0,,
651,client_register,client_worker,1466,3397,813350427524745,813350427574693,49948,49948,0,0,0,0,0,0,,
651,client_encode,client_worker,1466,3397,813350427574693,813350427637245,62552,62552,0,0,0,0,0,0,,
652,server_admission,receive_thread,3421,3453,813350428747453,813350428849380,101927,101927,0,0,0,0,0,0,,
652,server_queue,target_worker,3421,3468,813350428849380,813350428955161,105781,35885,33594,36302,0,0,0,1,813350428885682,33594
652,server_queue,source_binder,3421,3453,813350428849380,813350428955161,105781,89583,0,16198,0,0,0,0,,
652,client_resume,target_worker,1466,3397,813350429073390,813350429231568,158178,46146,35782,76250,0,0,0,1,813350429149640,35782
652,client_resume,source_callback,1466,3362,813350429073390,813350429231568,158178,131146,0,27032,0,0,0,0,,
652,client_resolve,client_worker,1466,3397,813350428427297,813350428543495,116198,116198,0,0,0,0,0,0,,
652,client_register,client_worker,1466,3397,813350428543495,813350428605995,62500,62500,0,0,0,0,0,0,,
652,client_encode,client_worker,1466,3397,813350428605995,813350428663755,57760,57760,0,0,0,0,0,0,,
653,server_admission,receive_thread,3421,3453,813350429635786,813350429745109,109323,109323,0,0,0,0,0,0,,
653,server_queue,target_worker,3421,3468,813350429745109,813350429856776,111667,39479,36927,35261,0,0,0,1,813350429780370,36927
653,server_queue,source_binder,3421,3453,813350429745109,813350429856776,111667,85417,0,26250,0,0,0,0,,
653,client_resume,target_worker,1466,3397,813350429972765,813350430141672,168907,47292,51198,70417,0,0,0,1,813350430043182,51198
653,client_resume,source_callback,1466,3362,813350429972765,813350430141672,168907,119428,0,49479,0,0,0,0,,
653,client_resolve,client_worker,1466,3397,813350429315838,813350429427818,111980,111980,0,0,0,0,0,0,,
653,client_register,client_worker,1466,3397,813350429427818,813350429473078,45260,45260,0,0,0,0,0,0,,
653,client_encode,client_worker,1466,3397,813350429473078,813350429540057,66979,66979,0,0,0,0,0,0,,
654,server_admission,receive_thread,3421,3453,813350430535005,813350430630422,95417,95417,0,0,0,0,0,0,,
654,server_queue,target_worker,3421,3468,813350430630422,813350430736724,106302,39063,32083,35156,0,0,0,1,813350430665578,32083
654,server_queue,source_binder,3421,3453,813350430630422,813350430736724,106302,87968,0,18334,0,0,0,0,,
654,client_resume,target_worker,1466,3397,813350430862870,813350431037974,175104,48959,57135,69010,0,0,0,1,813350430931880,57135
654,client_resume,source_callback,1466,3362,813350430862870,813350431037974,175104,124791,0,50313,0,0,0,0,,
654,client_resolve,client_worker,1466,3397,813350430221099,813350430324797,103698,103698,0,0,0,0,0,0,,
654,client_register,client_worker,1466,3397,813350430324797,813350430381411,56614,56614,0,0,0,0,0,0,,
654,client_encode,client_worker,1466,3397,813350430381411,813350430442036,60625,60625,0,0,0,0,0,0,,
655,server_admission,receive_thread,3421,3453,813350431409901,813350431510786,100885,100885,0,0,0,0,0,0,,
655,server_queue,target_worker,3421,3468,813350431510786,813350431623443,112657,40000,35938,36719,0,0,0,1,813350431547505,35938
655,server_queue,source_binder,3421,3453,813350431510786,813350431623443,112657,89115,0,23542,0,0,0,0,,
655,client_resume,target_worker,1466,3397,813350431738286,813350431906411,168125,48698,52187,67240,0,0,0,1,813350431805526,52187
655,client_resume,source_callback,1466,3362,813350431738286,813350431906411,168125,116615,0,51510,0,0,0,0,,
655,client_resolve,client_worker,1466,3397,813350431117193,813350431221724,104531,104531,0,0,0,0,0,0,,
655,client_register,client_worker,1466,3397,813350431221724,813350431263911,42187,42187,0,0,0,0,0,0,,
655,client_encode,client_worker,1466,3397,813350431263911,813350431318338,54427,54427,0,0,0,0,0,0,,
656,server_admission,receive_thread,3421,3453,813350432330370,813350432429120,98750,98750,0,0,0,0,0,0,,
656,server_queue,target_worker,3421,3468,813350432429120,813350432536880,107760,38333,34219,35208,0,0,0,1,813350432464328,34219
656,server_queue,source_binder,3421,3453,813350432429120,813350432536880,107760,85208,0,22552,0,0,0,0,,
656,client_resume,target_worker,1466,3397,813350432651776,813350432819588,167812,45989,52500,69323,0,0,0,1,813350432721099,52500
656,client_resume,source_callback,1466,3362,813350432651776,813350432819588,167812,121302,0,46510,0,0,0,0,,
656,client_resolve,client_worker,1466,3397,813350431986203,813350432085995,99792,99792,0,0,0,0,0,0,,
656,client_register,client_worker,1466,3397,813350432085995,813350432183390,97395,97395,0,0,0,0,0,0,,
656,client_encode,client_worker,1466,3397,813350432183390,813350432242245,58855,58855,0,0,0,0,0,0,,
657,server_admission,receive_thread,3421,3453,813350433184797,813350433296932,112135,112135,0,0,0,0,0,0,,
657,server_queue,target_worker,3421,3468,813350433296932,813350433426255,129323,38802,34635,55886,0,0,0,1,813350433352818,34635
657,server_queue,source_binder,3421,3453,813350433296932,813350433426255,129323,107761,0,21562,0,0,0,0,,
657,client_resume,target_worker,1466,3397,813350433535057,813350433697870,162813,44948,48907,68958,0,0,0,1,813350433604015,48907
657,client_resume,source_callback,1466,3362,813350433535057,813350433697870,162813,116302,0,46511,0,0,0,0,,
657,client_resolve,client_worker,1466,3397,813350432896203,813350432998547,102344,102344,0,0,0,0,0,0,,
657,client_register,client_worker,1466,3397,813350432998547,813350433041880,43333,43333,0,0,0,0,0,0,,
657,client_encode,client_worker,1466,3397,813350433041880,813350433096255,54375,54375,0,0,0,0,0,0,,
658,server_admission,receive_thread,3421,3453,813350434070943,813350434172922,101979,101979,0,0,0,0,0,0,,
658,server_queue,target_worker,3421,3468,813350434172922,813350434278963,106041,37395,30886,37760,0,0,0,1,813350434210682,30886
658,server_queue,source_binder,3421,3453,813350434172922,813350434278963,106041,86771,0,19270,0,0,0,0,,
658,client_resume,target_worker,1466,3397,813350434389640,813350434554484,164844,46614,44271,73959,0,0,0,1,813350434463599,44271
658,client_resume,source_callback,1466,3362,813350434389640,813350434554484,164844,121146,0,43698,0,0,0,0,,
658,client_resolve,client_worker,1466,3397,813350433775890,813350433873547,97657,97657,0,0,0,0,0,0,,
658,client_register,client_worker,1466,3397,813350433873547,813350433917245,43698,43698,0,0,0,0,0,0,,
658,client_encode,client_worker,1466,3397,813350433917245,813350433985682,68437,68437,0,0,0,0,0,0,,
659,server_admission,receive_thread,3421,3453,813350434911307,813350435008443,97136,97136,0,0,0,0,0,0,,
659,server_queue,target_worker,3421,3468,813350435008443,813350435120213,111770,38854,35677,37239,0,0,0,1,813350435045682,35677
659,server_queue,source_binder,3421,3453,813350435008443,813350435120213,111770,87031,0,24739,0,0,0,0,,
659,client_resume,target_worker,1466,3397,813350435239380,813350435398130,158750,41719,51093,65938,0,0,0,1,813350435305318,51093
659,client_resume,source_callback,1466,3362,813350435239380,813350435398130,158750,117031,0,41719,0,0,0,0,,
659,client_resolve,client_worker,1466,3397,813350434633755,813350434734536,100781,100781,0,0,0,0,0,0,,
659,client_register,client_worker,1466,3397,813350434734536,813350434776255,41719,41719,0,0,0,0,0,0,,
659,client_encode,client_worker,1466,3397,813350434776255,813350434827036,50781,50781,0,0,0,0,0,0,,
660,server_admission,receive_thread,3421,3453,813350435867609,813350435976672,109063,109063,0,0,0,0,0,0,,
660,server_queue,target_worker,3421,3468,813350435976672,813350436136880,160208,84375,36875,38958,0,0,0,1,813350436015630,36875
660,server_queue,source_binder,3421,3453,813350435976672,813350436136880,160208,98437,0,61771,0,0,0,0,,
660,client_resume,target_worker,1466,3397,813350436341099,813350436528599,187500,51459,58906,77135,0,0,0,1,813350436418234,58906
660,client_resume,source_callback,1466,3362,813350436341099,813350436528599,187500,158125,0,29375,0,0,0,0,,
660,client_resolve,client_worker,1466,3397,813350435473807,813350435635265,161458,161458,0,0,0,0,0,0,,
660,client_register,client_worker,1466,3397,813350435635265,813350435691307,56042,56042,0,0,0,0,0,0,,
660,client_encode,client_worker,1466,3397,813350435691307,813350435770109,78802,78802,0,0,0,0,0,0,,
661,server_admission,receive_thread,3421,3453,813350436953963,813350437051984,98021,98021,0,0,0,0,0,0,,
661,server_queue,target_worker,3421,3468,813350437051984,813350437162349,110365,38125,34167,38073,0,0,0,1,813350437090057,34167
661,server_queue,source_binder,3421,3453,813350437051984,813350437162349,110365,87709,0,22656,0,0,0,0,,
661,client_resume,target_worker,1466,3397,813350437431515,813350437615682,184167,46510,38802,98855,0,0,0,1,813350437530370,38802
661,client_resume,source_callback,1466,3362,813350437431515,813350437615682,184167,160782,0,23385,0,0,0,0,,
661,client_resolve,client_worker,1466,3397,813350436609120,813350436719745,110625,110625,0,0,0,0,0,0,,
661,client_register,client_worker,1466,3397,813350436719745,813350436811099,91354,91354,0,0,0,0,0,0,,
661,client_encode,client_worker,1466,3397,813350436811099,813350436865786,54687,54687,0,0,0,0,0,0,,
662,server_admission,receive_thread,3421,3453,813350438011932,813350438126776,114844,114844,0,0,0,0,0,0,,
662,server_queue,target_worker,3421,3468,813350438126776,813350438228703,101927,36250,29010,36667,0,0,0,1,813350438163443,29010
662,server_queue,source_binder,3421,3453,813350438126776,813350438228703,101927,89323,0,12604,0,0,0,0,,
662,client_resume,target_worker,1466,3397,813350438355995,813350438517818,161823,48282,39375,74166,0,0,0,1,813350438430161,39375
662,client_resume,source_callback,1466,3362,813350438355995,813350438517818,161823,121406,0,40417,0,0,0,0,,
662,client_resolve,client_worker,1466,3397,813350437693703,813350437809328,115625,115625,0,0,0,0,0,0,,
662,client_register,client_worker,1466,3397,813350437809328,813350437857245,47917,47917,0,0,0,0,0,0,,
662,client_encode,client_worker,1466,3397,813350437857245,813350437923703,66458,66458,0,0,0,0,0,0,,
663,server_admission,receive_thread,3421,3453,813350438918651,813350439014797,96146,96146,0,0,0,0,0,0,,
663,server_queue,target_worker,3421,3468,813350439014797,813350439123390,108593,38281,36094,34218,0,0,0,1,813350439049015,36094
663,server_queue,source_binder,3421,3453,813350439014797,813350439123390,108593,90000,0,18593,0,0,0,0,,
663,client_resume,target_worker,1466,3397,813350439244901,813350439418651,173750,49688,52968,71094,0,0,0,1,813350439315995,52968
663,client_resume,source_callback,1466,3362,813350439244901,813350439418651,173750,123489,0,50261,0,0,0,0,,
663,client_resolve,client_worker,1466,3397,813350438595422,813350438707297,111875,111875,0,0,0,0,0,0,,
663,client_register,client_worker,1466,3397,813350438707297,813350438757245,49948,49948,0,0,0,0,0,0,,
663,client_encode,client_worker,1466,3397,813350438757245,813350438820265,63020,63020,0,0,0,0,0,0,,
664,server_admission,receive_thread,3421,3453,813350439803443,813350439902765,99322,99322,0,0,0,0,0,0,,
664,server_queue,target_worker,3421,3468,813350439902765,813350440017088,114323,39062,36615,38646,0,0,0,1,813350439941411,36615
664,server_queue,source_binder,3421,3453,813350439902765,813350440017088,114323,92032,0,22291,0,0,0,0,,
664,client_resume,target_worker,1466,3397,813350440179849,813350440357557,177708,45729,62917,69062,0,0,0,1,813350440248911,62917
664,client_resume,source_callback,1466,3362,813350440179849,813350440357557,177708,114531,0,63177,0,0,0,0,,
664,client_resolve,client_worker,1466,3397,813350439497349,813350439598182,100833,100833,0,0,0,0,0,0,,
664,client_register,client_worker,1466,3397,813350439598182,813350439640838,42656,42656,0,0,0,0,0,0,,
664,client_encode,client_worker,1466,3397,813350439640838,813350439694901,54063,54063,0,0,0,0,0,0,,
665,server_admission,receive_thread,3421,3453,813350440732349,813350440833755,101406,101406,0,0,0,0,0,0,,
665,server_queue,target_worker,3421,3468,813350440833755,813350440946255,112500,40052,35573,36875,0,0,0,1,813350440870630,35573
665,server_queue,source_binder,3421,3453,813350440833755,813350440946255,112500,88802,0,23698,0,0,0,0,,
665,client_resume,target_worker,1466,3397,813350441079849,813350441222297,142448,32396,44063,65989,0,0,0,1,813350441145838,44063
665,client_resume,source_callback,1466,3362,813350441079849,813350441222297,142448,110052,0,32396,0,0,0,0,,
665,client_resolve,client_worker,1466,3397,813350440433963,813350440537036,103073,103073,0,0,0,0,0,0,,
665,client_register,client_worker,1466,3397,813350440537036,813350440578130,41094,41094,0,0,0,0,0,0,,
665,client_encode,client_worker,1466,3397,813350440578130,813350440642765,64635,64635,0,0,0,0,0,0,,
666,server_admission,receive_thread,3421,3453,813350441596307,813350441719953,123646,123646,0,0,0,0,0,0,,
666,server_queue,target_worker,3421,3468,813350441719953,813350441859745,139792,53230,43072,43490,0,0,0,1,813350441763443,43072
666,server_queue,source_binder,3421,3453,813350441719953,813350441859745,139792,105208,0,34584,0,0,0,0,,
666,client_resume,target_worker,1466,3397,813350442015838,813350442174224,158386,46823,39115,72448,0,0,0,1,813350442088286,39115
666,client_resume,source_callback,1466,3362,813350442015838,813350442174224,158386,135573,0,22813,0,0,0,0,,
666,client_resolve,client_worker,1466,3397,813350441291620,813350441397193,105573,105573,0,0,0,0,0,0,,
666,client_register,client_worker,1466,3397,813350441397193,813350441442974,45781,45781,0,0,0,0,0,0,,
666,client_encode,client_worker,1466,3397,813350441442974,813350441495161,52187,52187,0,0,0,0,0,0,,
667,server_admission,receive_thread,3421,3453,813350442607870,813350442721047,113177,113177,0,0,0,0,0,0,,
667,server_queue,target_worker,3421,3468,813350442721047,813350442840005,118958,26875,47500,44583,0,0,0,1,813350442765630,47500
667,server_queue,source_binder,3421,3453,813350442721047,813350442840005,118958,118021,0,937,0,0,0,0,,
667,client_resume,target_worker,1466,3397,813350442973078,813350443113599,140521,37448,28125,74948,0,0,0,1,813350443048026,28125
667,client_resume,source_callback,1466,3362,813350442973078,813350443113599,140521,126510,0,14011,0,0,0,0,,
667,client_resolve,client_worker,1466,3397,813350442269015,813350442381932,112917,112917,0,0,0,0,0,0,,
667,client_register,client_worker,1466,3397,813350442381932,813350442425057,43125,43125,0,0,0,0,0,0,,
667,client_encode,client_worker,1466,3397,813350442425057,813350442491047,65990,65990,0,0,0,0,0,0,,
668,server_admission,receive_thread,3421,3453,813350443548234,813350443702453,154219,154219,0,0,0,0,0,0,,
668,server_queue,target_worker,3421,3468,813350443702453,813350443841568,139115,37396,49323,52396,0,0,0,1,813350443754849,49323
668,server_queue,source_binder,3421,3453,813350443702453,813350443841568,139115,129740,0,9375,0,0,0,0,,
668,client_resume,target_worker,1466,3397,813350443994640,813350444166672,172032,47552,33594,90886,0,0,0,1,813350444085526,33594
668,client_resume,source_callback,1466,3362,813350443994640,813350444166672,172032,172032,0,0,0,0,0,0,,
668,client_resolve,client_worker,1466,3397,813350443186411,813350443286307,99896,99896,0,0,0,0,0,0,,
668,client_register,client_worker,1466,3397,813350443286307,813350443328182,41875,41875,0,0,0,0,0,0,,
668,client_encode,client_worker,1466,3397,813350443328182,813350443387088,58906,58906,0,0,0,0,0,0,,
669,server_admission,receive_thread,3421,3453,813350444637297,813350444777765,140468,140468,0,0,0,0,0,0,,
669,server_queue,target_worker,3421,3468,813350444777765,813350444910995,133230,41042,41563,50625,0,0,0,1,813350444828390,41563
669,server_queue,source_binder,3421,3453,813350444777765,813350444910995,133230,120469,0,12761,0,0,0,0,,
669,client_resume,target_worker,1466,3397,813350445067140,813350445240943,173803,46667,34427,92709,0,0,0,1,813350445159849,34427
669,client_resume,source_callback,1466,3362,813350445067140,813350445240943,173803,157709,0,16094,0,0,0,0,,
669,client_resolve,client_worker,1466,3397,813350444253026,813350444393390,140364,140364,0,0,0,0,0,0,,
669,client_register,client_worker,1466,3397,813350444393390,813350444459588,66198,66198,0,0,0,0,0,0,,
669,client_encode,client_worker,1466,3397,813350444459588,813350444528599,69011,69011,0,0,0,0,0,0,,
670,server_admission,receive_thread,3421,3453,813350445715422,813350445857140,141718,141718,0,0,0,0,0,0,,
670,server_queue,target_worker,3421,3468,813350445857140,813350445998130,140990,35625,41771,63594,0,0,0,1,813350445920734,41771
670,server_queue,source_binder,3421,3453,813350445857140,813350445998130,140990,131146,0,9844,0,0,0,0,,
670,client_resume,target_worker,1466,3397,813350446153807,813350446324849,171042,48386,32031,90625,0,0,0,1,813350446244432,32031
670,client_resume,source_callback,1466,3362,813350446153807,813350446324849,171042,154271,0,16771,0,0,0,0,,
670,client_resolve,client_worker,1466,3397,813350445333963,813350445464745,130782,130782,0,0,0,0,0,0,,
670,client_register,client_worker,1466,3397,813350445464745,813350445521099,56354,56354,0,0,0,0,0,0,,
670,client_encode,client_worker,1466,3397,813350445521099,813350445592088,70989,70989,0,0,0,0,0,0,,
671,server_admission,receive_thread,3421,3453,813350446806984,813350446951463,144479,144479,0,0,0,0,0,0,,
671,server_queue,target_worker,3421,3468,813350446951463,813350447081776,130313,33698,45052,51563,0,0,0,1,813350447003026,45052
671,server_queue,source_binder,3421,3453,813350446951463,813350447081776,130313,124375,0,5938,0,0,0,0,,
671,client_resume,target_worker,1466,3397,813350447225265,813350447407557,182292,48281,33073,100938,0,0,0,1,813350447326203,33073
671,client_resume,source_callback,1466,3362,813350447225265,813350447407557,182292,168021,0,14271,0,0,0,0,,
671,client_resolve,client_worker,1466,3397,813350446415526,813350446553703,138177,138177,0,0,0,0,0,0,,
671,client_register,client_worker,1466,3397,813350446553703,813350446610786,57083,57083,0,0,0,0,0,0,,
671,client_encode,client_worker,1466,3397,813350446610786,813350446683651,72865,72865,0,0,0,0,0,0,,
672,server_admission,receive_thread,3421,3453,813350447892140,813350448030995,138855,138855,0,0,0,0,0,0,,
672,server_queue,target_worker,3421,3468,813350448030995,813350448157453,126458,32292,44739,49427,0,0,0,1,813350448080422,44739
672,server_queue,source_binder,3421,3453,813350448030995,813350448157453,126458,126458,0,0,0,0,0,0,,
672,client_resume,target_worker,1466,3397,813350448299380,813350448468963,169583,46770,32084,90729,0,0,0,1,813350448390109,32084
672,client_resume,source_callback,1466,3362,813350448299380,813350448468963,169583,150677,0,18906,0,0,0,0,,
672,client_resolve,client_worker,1466,3397,813350447498703,813350447624953,126250,126250,0,0,0,0,0,0,,
672,client_register,client_worker,1466,3397,813350447624953,813350447689588,64635,64635,0,0,0,0,0,0,,
672,client_encode,client_worker,1466,3397,813350447689588,813350447767453,77865,77865,0,0,0,0,0,0,,
673,server_admission,receive_thread,3421,3453,813350448963443,813350449106724,143281,143281,0,0,0,0,0,0,,
673,server_queue,target_worker,3421,3468,813350449106724,813350449233599,126875,36198,41250,49427,0,0,0,1,813350449156151,41250
673,server_queue,source_binder,3421,3453,813350449106724,813350449233599,126875,119166,0,7709,0,0,0,0,,
673,client_resume,target_worker,1466,3397,813350449375630,813350449545422,169792,46719,32396,90677,0,0,0,1,813350449466307,32396
673,client_resume,source_callback,1466,3362,813350449375630,813350449545422,169792,152083,0,17709,0,0,0,0,,
673,client_resolve,client_worker,1466,3397,813350448560734,813350448685630,124896,124896,0,0,0,0,0,0,,
673,client_register,client_worker,1466,3397,813350448685630,813350448769640,84010,84010,0,0,0,0,0,0,,
673,client_encode,client_worker,1466,3397,813350448769640,813350448837349,67709,67709,0,0,0,0,0,0,,
674,server_admission,receive_thread,3421,3453,813350450009015,813350450166463,157448,157448,0,0,0,0,0,0,,
674,server_queue,target_worker,3421,3468,813350450166463,813350450288755,122292,32448,38958,50886,0,0,0,1,813350450217349,38958
674,server_queue,source_binder,3421,3453,813350450166463,813350450288755,122292,121250,0,1042,0,0,0,0,,
674,client_resume,target_worker,1466,3397,813350450433755,813350450603130,169375,48281,32448,88646,0,0,0,1,813350450522401,32448
674,client_resume,source_callback,1466,3362,813350450433755,813350450603130,169375,152031,0,17344,0,0,0,0,,
674,client_resolve,client_worker,1466,3397,813350449634745,813350449757922,123177,123177,0,0,0,0,0,0,,
674,client_register,client_worker,1466,3397,813350449757922,813350449815734,57812,57812,0,0,0,0,0,0,,
674,client_encode,client_worker,1466,3397,813350449815734,813350449892609,76875,76875,0,0,0,0,0,0,,
675,server_admission,receive_thread,3421,3453,813350451075838,813350451248703,172865,172865,0,0,0,0,0,0,,
675,server_queue,target_worker,3421,3468,813350451248703,813350451382245,133542,34219,44271,55052,0,0,0,1,813350451303755,44271
675,server_queue,source_binder,3421,3453,813350451248703,813350451382245,133542,130833,0,2709,0,0,0,0,,
675,client_resume,target_worker,1466,3397,813350451578755,813350451793859,215104,59687,39688,115729,0,0,0,1,813350451694484,39688
675,client_resume,source_callback,1466,3362,813350451578755,813350451793859,215104,192500,0,22604,0,0,0,0,,
675,client_resolve,client_worker,1466,3397,813350450690734,813350450817245,126511,126511,0,0,0,0,0,0,,
675,client_register,client_worker,1466,3397,813350450817245,813350450894380,77135,77135,0,0,0,0,0,0,,
675,client_encode,client_worker,1466,3397,813350450894380,813350450955682,61302,61302,0,0,0,0,0,0,,
676,server_admission,receive_thread,3421,3453,813350452454380,813350452644380,190000,190000,0,0,0,0,0,0,,
676,server_queue,target_worker,3421,3468,813350452644380,813350452812974,168594,47344,54219,67031,0,0,0,1,813350452711411,54219
676,server_queue,source_binder,3421,3453,813350452644380,813350452812974,168594,155573,0,13021,0,0,0,0,,
676,client_resume,target_worker,1466,3397,813350452997505,813350453220370,222865,60261,39531,123073,0,0,0,1,813350453120578,39531
676,client_resume,source_callback,1466,3362,813350452997505,813350453220370,222865,199688,0,23177,0,0,0,0,,
676,client_resolve,client_worker,1466,3397,813350451907557,813350452067245,159688,159688,0,0,0,0,0,0,,
676,client_register,client_worker,1466,3397,813350452067245,813350452203443,136198,136198,0,0,0,0,0,0,,
676,client_encode,client_worker,1466,3397,813350452203443,813350452293599,90156,90156,0,0,0,0,0,0,,
677,server_admission,receive_thread,3421,3453,813350453830786,813350454013495,182709,182709,0,0,0,0,0,0,,
677,server_queue,target_worker,3421,3468,813350454013495,813350454173547,160052,42917,54271,62864,0,0,0,1,813350454076359,54271
677,server_queue,source_binder,3421,3453,813350454013495,813350454173547,160052,150260,0,9792,0,0,0,0,,
677,client_resume,target_worker,1466,3397,813350454362922,813350454578807,215885,59948,40052,115885,0,0,0,1,813350454478807,40052
677,client_resume,source_callback,1466,3362,813350454362922,813350454578807,215885,196302,0,19583,0,0,0,0,,
677,client_resolve,client_worker,1466,3397,813350453337818,813350453500734,162916,162916,0,0,0,0,0,0,,
677,client_register,client_worker,1466,3397,813350453500734,813350453575630,74896,74896,0,0,0,0,0,0,,
677,client_encode,client_worker,1466,3397,813350453575630,813350453682505,106875,106875,0,0,0,0,0,0,,
678,server_admission,receive_thread,3421,3453,813350455161359,813350455352609,191250,191250,0,0,0,0,0,0,,
678,server_queue,target_worker,3421,3468,813350455352609,813350455518443,165834,41823,54011,70000,0,0,0,1,813350455422609,54011
678,server_queue,source_binder,3421,3453,813350455352609,813350455518443,165834,157031,0,8803,0,0,0,0,,
678,client_resume,target_worker,1466,3397,813350455708443,813350455934484,226041,62396,40468,123177,0,0,0,1,813350455831620,40468
678,client_resume,source_callback,1466,3362,813350455708443,813350455934484,226041,201927,0,24114,0,0,0,0,,
678,client_resolve,client_worker,1466,3397,813350454697609,813350454859120,161511,161511,0,0,0,0,0,0,,
678,client_register,client_worker,1466,3397,813350454859120,813350454934484,75364,75364,0,0,0,0,0,0,,
678,client_encode,client_worker,1466,3397,813350454934484,813350455015838,81354,81354,0,0,0,0,0,0,,
679,server_admission,receive_thread,3421,3453,813350456642557,813350456842661,200104,200104,0,0,0,0,0,0,,
679,server_queue,target_worker,3421,3468,813350456842661,813350457011515,168854,48802,54323,65729,0,0,0,1,813350456908390,54323
679,server_queue,source_binder,3421,3453,813350456842661,813350457011515,168854,153438,0,15416,0,0,0,0,,
679,client_resume,target_worker,1466,3397,813350457193703,813350457412818,219115,59740,40521,118854,0,0,0,1,813350457312557,40521
679,client_resume,source_callback,1466,3362,813350457193703,813350457412818,219115,194167,0,24948,0,0,0,0,,
679,client_resolve,client_worker,1466,3397,813350456057818,813350456290630,232812,232812,0,0,0,0,0,0,,
679,client_register,client_worker,1466,3397,813350456290630,813350456370526,79896,79896,0,0,0,0,0,0,,
679,client_encode,client_worker,1466,3397,813350456370526,813350456485005,114479,114479,0,0,0,0,0,0,,
680,server_admission,receive_thread,3421,3453,813350457993599,813350458176932,183333,183333,0,0,0,0,0,0,,
680,server_queue,target_worker,3421,3468,813350458176932,813350458335682,158750,43542,52500,62708,0,0,0,1,813350458239640,52500
680,server_queue,source_binder,3421,3453,813350458176932,813350458335682,158750,148958,0,9792,0,0,0,0,,
680,client_resume,target_worker,1466,3397,813350458515682,813350458806307,290625,60156,108229,122240,0,0,0,1,813350458637922,108229
680,client_resume,source_callback,1466,3362,813350458515682,813350458806307,290625,230469,0,60156,0,0,0,0,,
680,client_resolve,client_worker,1466,3397,813350457530109,813350457690578,160469,160469,0,0,0,0,0,0,,
680,client_register,client_worker,1466,3397,813350457690578,813350457767765,77187,77187,0,0,0,0,0,0,,
680,client_encode,client_worker,1466,3397,813350457767765,813350457847140,79375,79375,0,0,0,0,0,0,,
681,server_admission,receive_thread,3421,3453,813350459359224,813350459530995,171771,171771,0,0,0,0,0,0,,
681,server_queue,target_worker,3421,3468,813350459530995,813350459711932,180937,50989,59636,70312,0,0,0,1,813350459601307,59636
681,server_queue,source_binder,3421,3453,813350459530995,813350459711932,180937,169427,0,11510,0,0,0,0,,
681,client_resume,target_worker,1466,3397,813350459890474,813350460186255,295781,113281,55521,126979,0,0,0,1,813350460017453,55521
681,client_resume,source_callback,1466,3362,813350459890474,813350460186255,295781,271146,0,24635,0,0,0,0,,
681,client_resolve,client_worker,1466,3397,813350458901984,813350459044224,142240,142240,0,0,0,0,0,0,,
681,client_register,client_worker,1466,3397,813350459044224,813350459103703,59479,59479,0,0,0,0,0,0,,
681,client_encode,client_worker,1466,3397,813350459103703,813350459213286,109583,109583,0,0,0,0,0,0,,
682,server_admission,receive_thread,3421,3453,813350460828547,813350461000786,172239,172239,0,0,0,0,0,0,,
682,server_queue,target_worker,3421,3468,813350461000786,813350461242297,241511,62240,33437,145834,0,0,0,1,813350461146620,33437
682,server_queue,source_binder,3421,3453,813350461000786,813350461242297,241511,211563,0,29948,0,0,0,0,,
682,client_resume,target_worker,1466,3397,813350461432661,813350461676463,243802,66198,64166,113438,0,0,0,1,813350461546099,64166
682,client_resume,source_callback,1466,3362,813350461432661,813350461676463,243802,190521,0,53281,0,0,0,0,,
682,client_resolve,client_worker,1466,3397,813350460365630,813350460522036,156406,156406,0,0,0,0,0,0,,
682,client_register,client_worker,1466,3397,813350460522036,813350460591411,69375,69375,0,0,0,0,0,0,,
682,client_encode,client_worker,1466,3397,813350460591411,813350460674068,82657,82657,0,0,0,0,0,0,,
683,server_admission,receive_thread,3421,3453,813350462294745,813350462472922,178177,178177,0,0,0,0,0,0,,
683,server_queue,target_worker,3421,3468,813350462472922,813350462682349,209427,68594,57031,83802,0,0,0,1,813350462556724,57031
683,server_queue,source_binder,3421,3453,813350462472922,813350462682349,209427,179062,0,30365,0,0,0,0,,
683,client_resume,target_worker,1466,3397,813350462876620,813350463126307,249687,71771,69166,108750,0,0,0,1,813350462985370,69166
683,client_resume,source_callback,1466,3362,813350462876620,813350463126307,249687,185104,0,64583,0,0,0,0,,
683,client_resolve,client_worker,1466,3397,813350461786255,813350461965109,178854,178854,0,0,0,0,0,0,,
683,client_register,client_worker,1466,3397,813350461965109,813350462032505,67396,67396,0,0,0,0,0,0,,
683,client_encode,client_worker,1466,3397,813350462032505,813350462121099,88594,88594,0,0,0,0,0,0,,
684,server_admission,receive_thread,3421,3453,813350463703078,813350463866515,163437,163437,0,0,0,0,0,0,,
684,server_queue,target_worker,3421,3468,813350463866515,813350464032713,166198,59062,49011,58125,0,0,0,1,813350463924640,49011
684,server_queue,source_binder,3421,3453,813350463866515,813350464032713,166198,138907,0,27291,0,0,0,0,,
684,client_resume,target_worker,1466,3397,813350464242818,813350464509797,266979,73073,78386,115520,0,0,0,1,813350464358338,78386
684,client_resume,source_callback,1466,3362,813350464242818,813350464509797,266979,189843,0,77136,0,0,0,0,,
684,client_resolve,client_worker,1466,3397,813350463246463,813350463407088,160625,160625,0,0,0,0,0,0,,
684,client_register,client_worker,1466,3397,813350463407088,813350463473547,66459,66459,0,0,0,0,0,0,,
684,client_encode,client_worker,1466,3397,813350463473547,813350463563338,89791,89791,0,0,0,0,0,0,,
685,server_admission,receive_thread,3421,3453,813350465050109,813350465212297,162188,162188,0,0,0,0,0,0,,
685,server_queue,target_worker,3421,3468,813350465212297,813350465378182,165885,63073,48073,54739,0,0,0,1,813350465267036,48073
685,server_queue,source_binder,3421,3453,813350465212297,813350465378182,165885,133437,0,32448,0,0,0,0,,
685,client_resume,target_worker,1466,3397,813350465540943,813350465781463,240520,65156,73542,101822,0,0,0,1,813350465642765,73542
685,client_resume,source_callback,1466,3362,813350465540943,813350465781463,240520,175364,0,65156,0,0,0,0,,
685,client_resolve,client_worker,1466,3397,813350464620995,813350464771880,150885,150885,0,0,0,0,0,0,,
685,client_register,client_worker,1466,3397,813350464771880,813350464839640,67760,67760,0,0,0,0,0,0,,
685,client_encode,client_worker,1466,3397,813350464839640,813350464921411,81771,81771,0,0,0,0,0,0,,
686,server_admission,receive_thread,3421,3453,813350466349640,813350466515213,165573,165573,0,0,0,0,0,0,,
686,server_queue,target_worker,3421,3468,813350466515213,813350466673495,158282,57344,45781,55157,0,0,0,1,813350466570370,45781
686,server_queue,source_binder,3421,3453,813350466515213,813350466673495,158282,133646,0,24636,0,0,0,0,,
686,client_resume,target_worker,1466,3397,813350466867974,813350467114328,246354,61615,70833,113906,0,0,0,1,813350466981880,70833
686,client_resume,source_callback,1466,3362,813350466867974,813350467114328,246354,184739,0,61615,0,0,0,0,,
686,client_resolve,client_worker,1466,3397,813350465903547,813350466064588,161041,161041,0,0,0,0,0,0,,
686,client_register,client_worker,1466,3397,813350466064588,813350466137036,72448,72448,0,0,0,0,0,0,,
686,client_encode,client_worker,1466,3397,813350466137036,813350466219693,82657,82657,0,0,0,0,0,0,,
687,server_admission,receive_thread,3421,3453,813350467651515,813350467807557,156042,156042,0,0,0,0,0,0,,
687,server_queue,target_worker,3421,3468,813350467807557,813350467969068,161511,58282,46146,57083,0,0,0,1,813350467864640,46146
687,server_queue,source_binder,3421,3453,813350467807557,813350467969068,161511,133646,0,27865,0,0,0,0,,
687,client_resume,target_worker,1466,3397,813350468171515,813350468409849,238334,53334,64583,120417,0,0,0,1,813350468291932,64583
687,client_resume,source_callback,1466,3362,813350468171515,813350468409849,238334,185000,0,53334,0,0,0,0,,
687,client_resolve,client_worker,1466,3397,813350467224640,813350467378911,154271,154271,0,0,0,0,0,0,,
687,client_register,client_worker,1466,3397,813350467378911,813350467448599,69688,69688,0,0,0,0,0,0,,
687,client_encode,client_worker,1466,3397,813350467448599,813350467522297,73698,73698,0,0,0,0,0,0,,
688,server_admission,receive_thread,3421,3453,813350468959380,813350469129901,170521,170521,0,0,0,0,0,0,,
688,server_queue,target_worker,3421,3468,813350469129901,813350469291620,161719,55782,46979,58958,0,0,0,1,813350469188859,46979
688,server_queue,source_binder,3421,3453,813350469129901,813350469291620,161719,138385,0,23334,0,0,0,0,,
688,client_resume,target_worker,1466,3397,813350469455474,813350469707245,251771,73698,65417,112656,0,0,0,1,813350469568130,65417
688,client_resume,source_callback,1466,3362,813350469455474,813350469707245,251771,181302,0,70469,0,0,0,0,,
688,client_resolve,client_worker,1466,3397,813350468523182,813350468673390,150208,150208,0,0,0,0,0,0,,
688,client_register,client_worker,1466,3397,813350468673390,813350468745005,71615,71615,0,0,0,0,0,0,,
688,client_encode,client_worker,1466,3397,813350468745005,813350468835161,90156,90156,0,0,0,0,0,0,,
689,server_admission,receive_thread,3421,3453,813350470307349,813350470465578,158229,158229,0,0,0,0,0,0,,
689,server_queue,target_worker,3421,3468,813350470465578,813350470632297,166719,62032,48802,55885,0,0,0,1,813350470521463,48802
689,server_queue,source_binder,3421,3453,813350470465578,813350470632297,166719,128802,0,37917,0,0,0,0,,
689,client_resume,target_worker,1466,3397,813350470802193,813350471059797,257604,73594,82552,101458,0,0,0,1,813350470903651,82552
689,client_resume,source_callback,1466,3362,813350470802193,813350471059797,257604,179843,0,77761,0,0,0,0,,
689,client_resolve,client_worker,1466,3397,813350469830265,813350469996359,166094,166094,0,0,0,0,0,0,,
689,client_register,client_worker,1466,3397,813350469996359,813350470073755,77396,77396,0,0,0,0,0,0,,
689,client_encode,client_worker,1466,3397,813350470073755,813350470170682,96927,96927,0,0,0,0,0,0,,
690,server_admission,receive_thread,3421,3453,813350471654172,813350471810526,156354,156354,0,0,0,0,0,0,,
690,server_queue,target_worker,3421,3468,813350471810526,813350471974640,164114,63645,46719,53750,0,0,0,1,813350471864276,46719
690,server_queue,source_binder,3421,3453,813350471810526,813350471974640,164114,128542,0,35572,0,0,0,0,,
690,client_resume,target_worker,1466,3397,813350472165213,813350472401984,236771,60260,73073,103438,0,0,0,1,813350472268651,73073
690,client_resume,source_callback,1466,3362,813350472165213,813350472401984,236771,176511,0,60260,0,0,0,0,,
690,client_resolve,client_worker,1466,3397,813350471178130,813350471373859,195729,195729,0,0,0,0,0,0,,
690,client_register,client_worker,1466,3397,813350471373859,813350471445943,72084,72084,0,0,0,0,0,0,,
690,client_encode,client_worker,1466,3397,813350471445943,813350471529901,83958,83958,0,0,0,0,0,0,,
691,server_admission,receive_thread,3421,3453,813350472964849,813350473142349,177500,177500,0,0,0,0,0,0,,
691,server_queue,target_worker,3421,3468,813350473142349,813350473306463,164114,58437,46094,59583,0,0,0,1,813350473201932,46094
691,server_queue,source_binder,3421,3453,813350473142349,813350473306463,164114,133073,0,31041,0,0,0,0,,
691,client_resume,target_worker,1466,3397,813350473506151,813350473753234,247083,70677,63229,113177,0,0,0,1,813350473619328,63229
691,client_resume,source_callback,1466,3362,813350473506151,813350473753234,247083,187969,0,59114,0,0,0,0,,
691,client_resolve,client_worker,1466,3397,813350472509432,813350472676776,167344,167344,0,0,0,0,0,0,,
691,client_register,client_worker,1466,3397,813350472676776,813350472752140,75364,75364,0,0,0,0,0,0,,
691,client_encode,client_worker,1466,3397,813350472752140,813350472837245,85105,85105,0,0,0,0,0,0,,
692,server_admission,receive_thread,3421,3453,813350474341984,813350474535838,193854,193854,0,0,0,0,0,0,,
692,server_queue,target_worker,3421,3468,813350474535838,813350474696099,160261,57240,48125,54896,0,0,0,1,813350474590734,48125
692,server_queue,source_binder,3421,3453,813350474535838,813350474696099,160261,134063,0,26198,0,0,0,0,,
692,client_resume,target_worker,1466,3397,813350474862036,813350475092245,230209,54844,70208,105157,0,0,0,1,813350474967193,70208
692,client_resume,source_callback,1466,3362,813350474862036,813350475092245,230209,175365,0,54844,0,0,0,0,,
692,client_resolve,client_worker,1466,3397,813350473867922,813350474028599,160677,160677,0,0,0,0,0,0,,
692,client_register,client_worker,1466,3397,813350474028599,813350474116047,87448,87448,0,0,0,0,0,0,,
692,client_encode,client_worker,1466,3397,813350474116047,813350474204953,88906,88906,0,0,0,0,0,0,,
693,server_admission,receive_thread,3421,3453,813350475646620,813350475816776,170156,170156,0,0,0,0,0,0,,
693,server_queue,target_worker,3421,3468,813350475816776,813350475988234,171458,65677,48177,57604,0,0,0,1,813350475874380,48177
693,server_queue,source_binder,3421,3453,813350475816776,813350475988234,171458,139114,0,32344,0,0,0,0,,
693,client_resume,target_worker,1466,3397,813350476197765,813350476447922,250157,60938,70625,118594,0,0,0,1,813350476316359,70625
693,client_resume,source_callback,1466,3362,813350476197765,813350476447922,250157,189219,0,60938,0,0,0,0,,
693,client_resolve,client_worker,1466,3397,813350475200422,813350475356307,155885,155885,0,0,0,0,0,0,,
693,client_register,client_worker,1466,3397,813350475356307,813350475428807,72500,72500,0,0,0,0,0,0,,
693,client_encode,client_worker,1466,3397,813350475428807,813350475513130,84323,84323,0,0,0,0,0,0,,
694,server_admission,receive_thread,3421,3453,813350477092140,813350477253911,161771,161771,0,0,0,0,0,0,,
694,server_queue,target_worker,3421,3468,813350477253911,813350477420370,166459,59844,51458,55157,0,0,0,1,813350477309068,51458
694,server_queue,source_binder,3421,3453,813350477253911,813350477420370,166459,140834,0,25625,0,0,0,0,,
694,client_resume,target_worker,1466,3397,813350477604640,813350477861151,256511,78073,59323,119115,0,0,0,1,813350477723755,59323
694,client_resume,source_callback,1466,3362,813350477604640,813350477861151,256511,192605,0,63906,0,0,0,0,,
694,client_resolve,client_worker,1466,3397,813350476557609,813350476710474,152865,152865,0,0,0,0,0,0,,
694,client_register,client_worker,1466,3397,813350476710474,813350476869015,158541,158541,0,0,0,0,0,0,,
694,client_encode,client_worker,1466,3397,813350476869015,813350476961568,92553,92553,0,0,0,0,0,0,,
695,server_admission,receive_thread,3421,3453,813350478485265,813350478648807,163542,163542,0,0,0,0,0,0,,
695,server_queue,target_worker,3421,3468,813350478648807,813350478831568,182761,67761,51562,63438,0,0,0,1,813350478712245,51562
695,server_queue,source_binder,3421,3453,813350478648807,813350478831568,182761,143854,0,38907,0,0,0,0,,
695,client_resume,target_worker,1466,3397,813350479008390,813350479259120,250730,63386,78333,109011,0,0,0,1,813350479117401,78333
695,client_resume,source_callback,1466,3362,813350479008390,813350479259120,250730,187344,0,63386,0,0,0,0,,
695,client_resolve,client_worker,1466,3397,813350477984015,813350478162193,178178,178178,0,0,0,0,0,0,,
695,client_register,client_worker,1466,3397,813350478162193,813350478246203,84010,84010,0,0,0,0,0,0,,
695,client_encode,client_worker,1466,3397,813350478246203,813350478340526,94323,94323,0,0,0,0,0,0,,
696,server_admission,receive_thread,3421,3453,813350479898703,813350480063911,165208,165208,0,0,0,0,0,0,,
696,server_queue,target_worker,3421,3468,813350480063911,813350480287297,223386,69740,50781,102865,0,0,0,1,813350480166776,50781
696,server_queue,source_binder,3421,3453,813350480063911,813350480287297,223386,182813,0,40573,0,0,0,0,,
696,client_resume,target_worker,1466,3397,813350480547036,813350480877505,330469,74115,96250,160104,0,0,0,1,813350480707140,96250
696,client_resume,source_callback,1466,3362,813350480547036,813350480877505,330469,272604,0,57865,0,0,0,0,,
696,client_resolve,client_worker,1466,3397,813350479373703,813350479591828,218125,218125,0,0,0,0,0,0,,
696,client_register,client_worker,1466,3397,813350479591828,813350479672818,80990,80990,0,0,0,0,0,0,,
696,client_encode,client_worker,1466,3397,813350479672818,813350479774068,101250,101250,0,0,0,0,0,0,,
697,server_admission,receive_thread,3421,3453,813350481473390,813350481657818,184428,184428,0,0,0,0,0,0,,
697,server_queue,target_worker,3421,3468,813350481657818,813350481838495,180677,68073,55521,57083,0,0,0,1,813350481714901,55521
697,server_queue,source_binder,3421,3453,813350481657818,813350481838495,180677,137552,0,43125,0,0,0,0,,
697,client_resume,target_worker,1466,3397,813350482032401,813350482310838,278437,70312,90729,117396,0,0,0,1,813350482149797,90729
697,client_resume,source_callback,1466,3362,813350482032401,813350482310838,278437,216406,0,62031,0,0,0,0,,
697,client_resolve,client_worker,1466,3397,813350481006359,813350481173807,167448,167448,0,0,0,0,0,0,,
697,client_register,client_worker,1466,3397,813350481173807,813350481250005,76198,76198,0,0,0,0,0,0,,
697,client_encode,client_worker,1466,3397,813350481250005,813350481336359,86354,86354,0,0,0,0,0,0,,
698,server_admission,receive_thread,3421,3453,813350482894172,813350483048338,154166,154166,0,0,0,0,0,0,,
698,server_queue,target_worker,3421,3468,813350483048338,813350483209849,161511,62865,46875,51771,0,0,0,1,813350483100109,46875
698,server_queue,source_binder,3421,3453,813350483048338,813350483209849,161511,128073,0,33438,0,0,0,0,,
698,client_resume,target_worker,1466,3397,813350483443599,813350483682557,238958,67396,61146,110416,0,0,0,1,813350483554015,61146
698,client_resume,source_callback,1466,3362,813350483443599,813350483682557,238958,202812,0,36146,0,0,0,0,,
698,client_resolve,client_worker,1466,3397,813350482426463,813350482579172,152709,152709,0,0,0,0,0,0,,
698,client_register,client_worker,1466,3397,813350482579172,813350482646463,67291,67291,0,0,0,0,0,0,,
698,client_encode,client_worker,1466,3397,813350482646463,813350482759693,113230,113230,0,0,0,0,0,0,,
699,server_admission,receive_thread,3421,3453,813350484373078,813350484526620,153542,153542,0,0,0,0,0,0,,
699,server_queue,target_worker,3421,3468,813350484526620,813350484698963,172343,64375,47916,60052,0,0,0,1,813350484586672,47916
699,server_queue,source_binder,3421,3453,813350484526620,813350484698963,172343,132864,0,39479,0,0,0,0,,
699,client_resume,target_worker,1466,3397,813350484860786,813350485105422,244636,63073,75781,105782,0,0,0,1,813350484966568,75781
699,client_resume,source_callback,1466,3362,813350484860786,813350485105422,244636,181563,0,63073,0,0,0,0,,
699,client_resolve,client_worker,1466,3397,813350483800161,813350483951672,151511,151511,0,0,0,0,0,0,,
699,client_register,client_worker,1466,3397,813350483951672,813350484021880,70208,70208,0,0,0,0,0,0,,
699,client_encode,client_worker,1466,3397,813350484021880,813350484181099,159219,159219,0,0,0,0,0,0,,
700,server_admission,receive_thread,3421,3453,813350485775995,813350485931151,155156,155156,0,0,0,0,0,0,,
700,server_queue,target_worker,3421,3468,813350485931151,813350486088599,157448,59948,46198,51302,0,0,0,1,813350485982453,46198
700,server_queue,source_binder,3421,3453,813350485931151,813350486088599,157448,123125,0,34323,0,0,0,0,,
700,client_resume,target_worker,1466,3397,813350486265734,813350486512922,247188,70938,62656,113594,0,0,0,1,813350486379328,62656
700,client_resume,source_callback,1466,3362,813350486265734,813350486512922,247188,180781,0,66407,0,0,0,0,,
700,client_resolve,client_worker,1466,3397,813350485269068,813350485471724,202656,202656,0,0,0,0,0,0,,
700,client_register,client_worker,1466,3397,813350485471724,813350485546984,75260,75260,0,0,0,0,0,0,,
700,client_encode,client_worker,1466,3397,813350485546984,813350485634015,87031,87031,0,0,0,0,0,0,,
701,server_admission,receive_thread,3421,3453,813350487056776,813350487219015,162239,162239,0,0,0,0,0,0,,
701,server_queue,target_worker,3421,3468,813350487219015,813350487376099,157084,60469,45990,50625,0,0,0,1,813350487269640,45990
701,server_queue,source_binder,3421,3453,813350487219015,813350487376099,157084,118178,0,38906,0,0,0,0,,
701,client_resume,target_worker,1466,3397,813350487582453,813350487800995,218542,47448,68021,103073,0,0,0,1,813350487685526,68021
701,client_resume,source_callback,1466,3362,813350487582453,813350487800995,218542,171094,0,47448,0,0,0,0,,
701,client_resolve,client_worker,1466,3397,813350486628495,813350486783495,155000,155000,0,0,0,0,0,0,,
701,client_register,client_worker,1466,3397,813350486783495,813350486851411,67916,67916,0,0,0,0,0,0,,
701,client_encode,client_worker,1466,3397,813350486851411,813350486927193,75782,75782,0,0,0,0,0,0,,
702,server_admission,receive_thread,3421,3453,813350488392140,813350488544484,152344,152344,0,0,0,0,0,0,,
702,server_queue,target_worker,3421,3468,813350488544484,813350488699120,154636,59011,44739,50886,0,0,0,1,813350488595370,44739
702,server_queue,source_binder,3421,3453,813350488544484,813350488699120,154636,126250,0,28386,0,0,0,0,,
702,client_resume,target_worker,1466,3397,813350488873130,813350489107453,234323,66771,50729,116823,0,0,0,1,813350488989953,50729
702,client_resume,source_callback,1466,3362,813350488873130,813350489107453,234323,181510,0,52813,0,0,0,0,,
702,client_resolve,client_worker,1466,3397,813350487900474,813350488047922,147448,147448,0,0,0,0,0,0,,
702,client_register,client_worker,1466,3397,813350488047922,813350488171047,123125,123125,0,0,0,0,0,0,,
702,client_encode,client_worker,1466,3397,813350488171047,813350488255630,84583,84583,0,0,0,0,0,0,,
703,server_admission,receive_thread,3421,3453,813350489652713,813350489804068,151355,151355,0,0,0,0,0,0,,
703,server_queue,target_worker,3421,3468,813350489804068,813350489967193,163125,62032,50833,50260,0,0,0,1,813350489854328,50833
703,server_queue,source_binder,3421,3453,813350489804068,813350489967193,163125,125052,0,38073,0,0,0,0,,
703,client_resume,target_worker,1466,3397,813350490126568,813350490384849,258281,67188,85677,105416,0,0,0,1,813350490231984,85677
703,client_resume,source_callback,1466,3362,813350490126568,813350490384849,258281,187812,0,70469,0,0,0,0,,
703,client_resolve,client_worker,1466,3397,813350489221984,813350489376932,154948,154948,0,0,0,0,0,0,,
703,client_register,client_worker,1466,3397,813350489376932,813350489446307,69375,69375,0,0,0,0,0,0,,
703,client_encode,client_worker,1466,3397,813350489446307,813350489521255,74948,74948,0,0,0,0,0,0,,
704,server_admission,receive_thread,3421,3453,813350490919484,813350491072453,152969,152969,0,0,0,0,0,0,,
704,server_queue,target_worker,3421,3468,813350491072453,813350491239588,167135,61875,50000,55260,0,0,0,1,813350491127713,50000
704,server_queue,source_binder,3421,3453,813350491072453,813350491239588,167135,129219,0,37916,0,0,0,0,,
704,client_resume,target_worker,1466,3397,813350491462661,813350491667765,205104,57291,51823,95990,0,0,0,1,813350491558651,51823
704,client_resume,source_callback,1466,3362,813350491462661,813350491667765,205104,164948,0,40156,0,0,0,0,,
704,client_resolve,client_worker,1466,3397,813350490500005,813350490650005,150000,150000,0,0,0,0,0,0,,
704,client_register,client_worker,1466,3397,813350490650005,813350490718807,68802,68802,0,0,0,0,0,0,,
704,client_encode,client_worker,1466,3397,813350490718807,813350490794380,75573,75573,0,0,0,0,0,0,,
705,server_admission,receive_thread,3421,3453,813350492270213,813350492418390,148177,148177,0,0,0,0,0,0,,
705,server_queue,target_worker,3421,3468,813350492418390,813350492561568,143178,54740,40729,47709,0,0,0,1,813350492466099,40729
705,server_queue,source_binder,3421,3453,813350492418390,813350492561568,143178,112032,0,31146,0,0,0,0,,
705,client_resume,target_worker,1466,3397,813350492708130,813350492938495,230365,66667,73073,90625,0,0,0,1,813350492798755,73073
705,client_resume,source_callback,1466,3362,813350492708130,813350492938495,230365,160000,0,70365,0,0,0,0,,
705,client_resolve,client_worker,1466,3397,813350491781515,813350491920734,139219,139219,0,0,0,0,0,0,,
705,client_register,client_worker,1466,3397,813350491920734,813350491984432,63698,63698,0,0,0,0,0,0,,
705,client_encode,client_worker,1466,3397,813350491984432,813350492058390,73958,73958,0,0,0,0,0,0,,
706,server_admission,receive_thread,3421,3453,813350493439224,813350493630630,191406,191406,0,0,0,0,0,0,,
706,server_queue,target_worker,3421,3468,813350493630630,813350493766724,136094,52969,33490,49635,0,0,0,1,813350493680265,33490
706,server_queue,source_binder,3421,3453,813350493630630,813350493766724,136094,115573,0,20521,0,0,0,0,,
706,client_resume,target_worker,1466,3397,813350493940422,813350494150526,210104,45990,67448,96666,0,0,0,1,813350494037088,67448
706,client_resume,source_callback,1466,3362,813350493940422,813350494150526,210104,164114,0,45990,0,0,0,0,,
706,client_resolve,client_worker,1466,3397,813350493041672,813350493169953,128281,128281,0,0,0,0,0,0,,
706,client_register,client_worker,1466,3397,813350493169953,813350493236984,67031,67031,0,0,0,0,0,0,,
706,client_encode,client_worker,1466,3397,813350493236984,813350493317401,80417,80417,0,0,0,0,0,0,,
707,server_admission,receive_thread,3421,3453,813350494677870,813350494816620,138750,138750,0,0,0,0,0,0,,
707,server_queue,target_worker,3421,3468,813350494816620,813350494952453,135833,47656,42292,45885,0,0,0,1,813350494862505,42292
707,server_queue,source_binder,3421,3453,813350494816620,813350494952453,135833,115364,0,20469,0,0,0,0,,
707,client_resume,target_worker,1466,3397,813350495133859,813350495405630,271771,53229,74063,144479,0,0,0,1,813350495278338,74063
707,client_resume,source_callback,1466,3362,813350495133859,813350495405630,271771,218542,0,53229,0,0,0,0,,
707,client_resolve,client_worker,1466,3397,813350494267245,813350494409015,141770,141770,0,0,0,0,0,0,,
707,client_register,client_worker,1466,3397,813350494409015,813350494470318,61303,61303,0,0,0,0,0,0,,
707,client_encode,client_worker,1466,3397,813350494470318,813350494556047,85729,85729,0,0,0,0,0,0,,
708,server_admission,receive_thread,3421,3453,813350495897713,813350496052453,154740,154740,0,0,0,0,0,0,,
708,server_queue,target_worker,3421,3468,813350496052453,813350496233807,181354,51198,36354,93802,0,0,0,1,813350496146255,36354
708,server_queue,source_binder,3421,3453,813350496052453,813350496233807,181354,155625,0,25729,0,0,0,0,,
708,client_resume,target_worker,1466,3397,813350496396359,813350496618443,222084,66511,60417,95156,0,0,0,1,813350496491515,60417
708,client_resume,source_callback,1466,3362,813350496396359,813350496618443,222084,157031,0,65053,0,0,0,0,,
708,client_resolve,client_worker,1466,3397,813350495496203,813350495616307,120104,120104,0,0,0,0,0,0,,
708,client_register,client_worker,1466,3397,813350495616307,813350495721776,105469,105469,0,0,0,0,0,0,,
708,client_encode,client_worker,1466,3397,813350495721776,813350495787922,66146,66146,0,0,0,0,0,0,,
709,server_admission,receive_thread,3421,3453,813350497131620,813350497267922,136302,136302,0,0,0,0,0,0,,
709,server_queue,target_worker,3421,3468,813350497267922,813350497411463,143541,51718,45938,45885,0,0,0,1,813350497313807,45938
709,server_queue,source_binder,3421,3453,813350497267922,813350497411463,143541,114114,0,29427,0,0,0,0,,
709,client_resume,target_worker,1466,3397,813350497565890,813350497798234,232344,67031,63073,102240,0,0,0,1,813350497668130,63073
709,client_resume,source_callback,1466,3362,813350497565890,813350497798234,232344,167084,0,65260,0,0,0,0,,
709,client_resolve,client_worker,1466,3397,813350496725786,813350496885578,159792,159792,0,0,0,0,0,0,,
709,client_register,client_worker,1466,3397,813350496885578,813350496946099,60521,60521,0,0,0,0,0,0,,
709,client_encode,client_worker,1466,3397,813350496946099,813350497015005,68906,68906,0,0,0,0,0,0,,
710,server_admission,receive_thread,3421,3453,813350498292557,813350498461828,169271,169271,0,0,0,0,0,0,,
710,server_queue,target_worker,3421,3468,813350498461828,813350498609484,147656,52916,45678,49062,0,0,0,1,813350498510890,45678
710,server_queue,source_binder,3421,3453,813350498461828,813350498609484,147656,120729,0,26927,0,0,0,0,,
710,client_resume,target_worker,1466,3397,813350498758807,813350498983443,224636,62813,70990,90833,0,0,0,1,813350498849640,70990
710,client_resume,source_callback,1466,3362,813350498758807,813350498983443,224636,158281,0,66355,0,0,0,0,,
710,client_resolve,client_worker,1466,3397,813350497900943,813350498034120,133177,133177,0,0,0,0,0,0,,
710,client_register,client_worker,1466,3397,813350498034120,813350498092297,58177,58177,0,0,0,0,0,0,,
710,client_encode,client_worker,1466,3397,813350498092297,813350498169536,77239,77239,0,0,0,0,0,0,,
711,server_admission,receive_thread,3421,3453,813350499520005,813350499712870,192865,192865,0,0,0,0,0,0,,
711,server_queue,target_worker,3421,3468,813350499712870,813350499838026,125156,45781,36563,42812,0,0,0,1,813350499755682,36563
711,server_queue,source_binder,3421,3453,813350499712870,813350499838026,125156,100364,0,24792,0,0,0,0,,
711,client_resume,target_worker,1466,3397,813350500037974,813350500325630,287656,52500,56771,178385,0,0,0,1,813350500216359,56771
711,client_resume,source_callback,1466,3362,813350500037974,813350500325630,287656,241250,0,46406,0,0,0,0,,
711,client_resolve,client_worker,1466,3397,813350499081776,813350499226932,145156,145156,0,0,0,0,0,0,,
711,client_register,client_worker,1466,3397,813350499226932,813350499289588,62656,62656,0,0,0,0,0,0,,
711,client_encode,client_worker,1466,3397,813350499289588,813350499359797,70209,70209,0,0,0,0,0,0,,
712,server_admission,receive_thread,3421,3453,813350500773859,813350500887870,114011,114011,0,0,0,0,0,0,,
712,server_queue,target_worker,3421,3468,813350500887870,813350501013130,125260,45104,40521,39635,0,0,0,1,813350500927505,40521
712,server_queue,source_binder,3421,3453,813350500887870,813350501013130,125260,99270,0,25990,0,0,0,0,,
712,client_resume,target_worker,1466,3397,813350501163286,813350501341203,177917,45313,58906,73698,0,0,0,1,813350501236984,58906
712,client_resume,source_callback,1466,3362,813350501163286,813350501341203,177917,132604,0,45313,0,0,0,0,,
712,client_resolve,client_worker,1466,3397,813350500429224,813350500548599,119375,119375,0,0,0,0,0,0,,
712,client_register,client_worker,1466,3397,813350500548599,813350500597557,48958,48958,0,0,0,0,0,0,,
712,client_encode,client_worker,1466,3397,813350500597557,813350500666776,69219,69219,0,0,0,0,0,0,,
713,server_admission,receive_thread,3421,3453,813350501781568,813350501884901,103333,103333,0,0,0,0,0,0,,
713,server_queue,target_worker,3421,3468,813350501884901,813350502003338,118437,41562,41563,35312,0,0,0,1,813350501920213,41563
713,server_queue,source_binder,3421,3453,813350501884901,813350502003338,118437,101354,0,17083,0,0,0,0,,
713,client_resume,target_worker,1466,3397,813350502160943,813350502354068,193125,54115,54740,84270,0,0,0,1,813350502245213,54740
713,client_resume,source_callback,1466,3362,813350502160943,813350502354068,193125,145000,0,48125,0,0,0,0,,
713,client_resolve,client_worker,1466,3397,813350501421463,813350501533443,111980,111980,0,0,0,0,0,0,,
713,client_register,client_worker,1466,3397,813350501533443,813350501633026,99583,99583,0,0,0,0,0,0,,
713,client_encode,client_worker,1466,3397,813350501633026,813350501694849,61823,61823,0,0,0,0,0,0,,
714,server_admission,receive_thread,3421,3453,813350502774276,813350502899536,125260,125260,0,0,0,0,0,0,,
714,server_queue,target_worker,3421,3468,813350502899536,813350503024849,125313,44479,39584,41250,0,0,0,1,813350502940786,39584
714,server_queue,source_binder,3421,3453,813350502899536,813350503024849,125313,99323,0,25990,0,0,0,0,,
714,client_resume,target_worker,1466,3397,813350503152140,813350503329328,177188,49844,47969,79375,0,0,0,1,813350503231515,47969
714,client_resume,source_callback,1466,3362,813350503152140,813350503329328,177188,130053,0,47135,0,0,0,0,,
714,client_resolve,client_worker,1466,3397,813350502440161,813350502553234,113073,113073,0,0,0,0,0,0,,
714,client_register,client_worker,1466,3397,813350502553234,813350502606620,53386,53386,0,0,0,0,0,0,,
714,client_encode,client_worker,1466,3397,813350502606620,813350502679693,73073,73073,0,0,0,0,0,0,,
715,server_admission,receive_thread,3421,3453,813350503780422,813350503890005,109583,109583,0,0,0,0,0,0,,
715,server_queue,target_worker,3421,3468,813350503890005,813350503998390,108385,40364,31198,36823,0,0,0,1,813350503926828,31198
715,server_queue,source_binder,3421,3453,813350503890005,813350503998390,108385,87083,0,21302,0,0,0,0,,
715,client_resume,target_worker,1466,3397,813350504177922,813350504359693,181771,47136,56146,78489,0,0,0,1,813350504256411,56146
715,client_resume,source_callback,1466,3362,813350504177922,813350504359693,181771,129843,0,51928,0,0,0,0,,
715,client_resolve,client_worker,1466,3397,813350503446984,813350503545786,98802,98802,0,0,0,0,0,0,,
715,client_register,client_worker,1466,3397,813350503545786,813350503632245,86459,86459,0,0,0,0,0,0,,
715,client_encode,client_worker,1466,3397,813350503632245,813350503686151,53906,53906,0,0,0,0,0,0,,
716,server_admission,receive_thread,3421,3453,813350504766047,813350504894693,128646,128646,0,0,0,0,0,0,,
716,server_queue,target_worker,3421,3468,813350504894693,813350505025422,130729,38750,44167,47812,0,0,0,1,813350504942505,44167
716,server_queue,source_binder,3421,3453,813350504894693,813350505025422,130729,115625,0,15104,0,0,0,0,,
716,client_resume,target_worker,1466,3397,813350505164172,813350505364432,200260,78906,40313,81041,0,0,0,1,813350505245213,40313
716,client_resume,source_callback,1466,3362,813350505164172,813350505364432,200260,132343,0,67917,0,0,0,0,,
716,client_resolve,client_worker,1466,3397,813350504436359,813350504541776,105417,105417,0,0,0,0,0,0,,
716,client_register,client_worker,1466,3397,813350504541776,813350504586515,44739,44739,0,0,0,0,0,0,,
716,client_encode,client_worker,1466,3397,813350504586515,813350504649068,62553,62553,0,0,0,0,0,0,,
717,server_admission,receive_thread,3421,3453,813350505785265,813350505906411,121146,121146,0,0,0,0,0,0,,
717,server_queue,target_worker,3421,3468,813350505906411,813350506026932,120521,40677,37865,41979,0,0,0,1,813350505948390,37865
717,server_queue,source_binder,3421,3453,813350505906411,813350506026932,120521,104323,0,16198,0,0,0,0,,
717,client_resume,target_worker,1466,3397,813350506182453,813350506372870,190417,49427,58803,82187,0,0,0,1,813350506264640,58803
717,client_resume,source_callback,1466,3362,813350506182453,813350506372870,190417,146302,0,44115,0,0,0,0,,
717,client_resolve,client_worker,1466,3397,813350505437245,813350505535943,98698,98698,0,0,0,0,0,0,,
717,client_register,client_worker,1466,3397,813350505535943,813350505590318,54375,54375,0,0,0,0,0,0,,
717,client_encode,client_worker,1466,3397,813350505590318,813350505671203,80885,80885,0,0,0,0,0,0,,
718,server_admission,receive_thread,3421,3453,813350506790995,813350506915526,124531,124531,0,0,0,0,0,0,,
718,server_queue,target_worker,3421,3468,813350506915526,813350507033599,118073,39219,38958,39896,0,0,0,1,813350506955422,38958
718,server_queue,source_binder,3421,3453,813350506915526,813350507033599,118073,118073,0,0,0,0,0,0,,
718,client_resume,target_worker,1466,3397,813350507176724,813350507404432,227708,47969,79895,99844,0,0,0,1,813350507276568,79895
718,client_resume,source_callback,1466,3362,813350507176724,813350507404432,227708,179739,0,47969,0,0,0,0,,
718,client_resolve,client_worker,1466,3397,813350506452974,813350506559068,106094,106094,0,0,0,0,0,0,,
718,client_register,client_worker,1466,3397,813350506559068,813350506606463,47395,47395,0,0,0,0,0,0,,
718,client_encode,client_worker,1466,3397,813350506606463,813350506672765,66302,66302,0,0,0,0,0,0,,
719,server_admission,receive_thread,3421,3453,813350507834276,813350507952140,117864,117864,0,0,0,0,0,0,,
719,server_queue,target_worker,3421,3468,813350507952140,813350508141307,189167,98542,44010,46615,0,0,0,1,813350507998755,44010
719,server_queue,source_binder,3421,3453,813350507952140,813350508141307,189167,110261,0,78906,0,0,0,0,,
719,client_resume,target_worker,1466,3397,813350508320370,813350508498495,178125,52969,38646,86510,0,0,0,1,813350508406880,38646
719,client_resume,source_callback,1466,3362,813350508320370,813350508498495,178125,149166,0,28959,0,0,0,0,,
719,client_resolve,client_worker,1466,3397,813350507486724,813350507599953,113229,113229,0,0,0,0,0,0,,
719,client_register,client_worker,1466,3397,813350507599953,813350507651515,51562,51562,0,0,0,0,0,0,,
719,client_encode,client_worker,1466,3397,813350507651515,813350507718078,66563,66563,0,0,0,0,0,0,,
720,server_admission,receive_thread,3421,3453,813350508967661,813350509082870,115209,115209,0,0,0,0,0,0,,
720,server_queue,target_worker,3421,3468,813350509082870,813350509202088,119218,39635,38958,40625,0,0,0,1,813350509123495,38958
720,server_queue,source_binder,3421,3453,813350509082870,813350509202088,119218,101823,0,17395,0,0,0,0,,
720,client_resume,target_worker,1466,3397,813350509350005,813350509529380,179375,39531,62656,77188,0,0,0,1,813350509427193,62656
720,client_resume,source_callback,1466,3362,813350509350005,813350509529380,179375,139844,0,39531,0,0,0,0,,
720,client_resolve,client_worker,1466,3397,813350508584172,813350508725995,141823,141823,0,0,0,0,0,0,,
720,client_register,client_worker,1466,3397,813350508725995,813350508777297,51302,51302,0,0,0,0,0,0,,
720,client_encode,client_worker,1466,3397,813350508777297,813350508842557,65260,65260,0,0,0,0,0,0,,
721,server_admission,receive_thread,3421,3453,813350509929693,813350510066255,136562,136562,0,0,0,0,0,0,,
721,server_queue,target_worker,3421,3468,813350510066255,813350510186672,120417,34427,39480,46510,0,0,0,1,813350510112765,39480
721,server_queue,source_binder,3421,3453,813350510066255,813350510186672,120417,120417,0,0,0,0,0,0,,
721,client_resume,target_worker,1466,3397,813350510386203,813350510612713,226510,40729,61927,123854,0,0,0,1,813350510510057,61927
721,client_resume,source_callback,1466,3362,813350510386203,813350510612713,226510,185781,0,40729,0,0,0,0,,
721,client_resolve,client_worker,1466,3397,813350509603443,813350509704953,101510,101510,0,0,0,0,0,0,,
721,client_register,client_worker,1466,3397,813350509704953,813350509749536,44583,44583,0,0,0,0,0,0,,
721,client_encode,client_worker,1466,3397,813350509749536,813350509815109,65573,65573,0,0,0,0,0,0,,
722,server_admission,receive_thread,3421,3453,813350511013286,813350511130213,116927,116927,0,0,0,0,0,0,,
722,server_queue,target_worker,3421,3468,813350511130213,813350511258755,128542,44010,43125,41407,0,0,0,1,813350511171620,43125
722,server_queue,source_binder,3421,3453,813350511130213,813350511258755,128542,107084,0,21458,0,0,0,0,,
722,client_resume,target_worker,1466,3397,813350511466255,813350511720213,253958,46614,95000,112344,0,0,0,1,813350511578599,95000
722,client_resume,source_callback,1466,3362,813350511466255,813350511720213,253958,207344,0,46614,0,0,0,0,,
722,client_resolve,client_worker,1466,3397,813350510689328,813350510807870,118542,118542,0,0,0,0,0,0,,
722,client_register,client_worker,1466,3397,813350510807870,813350510860318,52448,52448,0,0,0,0,0,0,,
722,client_encode,client_worker,1466,3397,813350510860318,813350510923443,63125,63125,0,0,0,0,0,0,,
723,server_admission,receive_thread,3421,3453,813350512191828,813350512323547,131719,131719,0,0,0,0,0,0,,
723,server_queue,target_worker,3421,3468,813350512323547,813350512448963,125416,42708,42917,39791,0,0,0,1,813350512363338,42917
723,server_queue,source_binder,3421,3453,813350512323547,813350512448963,125416,103489,0,21927,0,0,0,0,,
723,client_resume,target_worker,1466,3397,813350512634380,813350512894380,260000,41510,120313,98177,0,0,0,1,813350512732557,120313
723,client_resume,source_callback,1466,3362,813350512634380,813350512894380,260000,218490,0,41510,0,0,0,0,,
723,client_resolve,client_worker,1466,3397,813350511807140,813350511922193,115053,115053,0,0,0,0,0,0,,
723,client_register,client_worker,1466,3397,813350511922193,813350511975995,53802,53802,0,0,0,0,0,0,,
723,client_encode,client_worker,1466,3397,813350511975995,813350512040890,64895,64895,0,0,0,0,0,0,,
724,server_admission,receive_thread,3421,3453,813350513281463,813350513380943,99480,99480,0,0,0,0,0,0,,
724,server_queue,target_worker,3421,3468,813350513380943,813350513495265,114322,39062,40417,34843,0,0,0,1,813350513415786,40417
724,server_queue,source_binder,3421,3453,813350513380943,813350513495265,114322,93541,0,20781,0,0,0,0,,
724,client_resume,target_worker,1466,3397,813350513650995,813350513872088,221093,39895,90625,90573,0,0,0,1,813350513741568,90625
724,client_resume,source_callback,1466,3362,813350513650995,813350513872088,221093,181198,0,39895,0,0,0,0,,
724,client_resolve,client_worker,1466,3397,813350512967974,813350513080005,112031,112031,0,0,0,0,0,0,,
724,client_register,client_worker,1466,3397,813350513080005,813350513125161,45156,45156,0,0,0,0,0,0,,
724,client_encode,client_worker,1466,3397,813350513125161,813350513179849,54688,54688,0,0,0,0,0,0,,
725,server_admission,receive_thread,3421,3453,813350514252661,813350514372297,119636,119636,0,0,0,0,0,0,,
725,server_queue,target_worker,3421,3468,813350514372297,813350514487401,115104,38906,40730,35468,0,0,0,1,813350514407765,40730
725,server_queue,source_binder,3421,3453,813350514372297,813350514487401,115104,91927,0,23177,0,0,0,0,,
725,client_resume,target_worker,1466,3397,813350514642765,813350514851099,208334,43229,76511,88594,0,0,0,1,813350514731359,76511
725,client_resume,source_callback,1466,3362,813350514642765,813350514851099,208334,165105,0,43229,0,0,0,0,,
725,client_resolve,client_worker,1466,3397,813350513942140,813350514049797,107657,107657,0,0,0,0,0,0,,
725,client_register,client_worker,1466,3397,813350514049797,813350514098911,49114,49114,0,0,0,0,0,0,,
725,client_encode,client_worker,1466,3397,813350514098911,813350514156359,57448,57448,0,0,0,0,0,0,,
726,server_admission,receive_thread,3421,3453,813350515255161,813350515354693,99532,99532,0,0,0,0,0,0,,
726,server_queue,target_worker,3421,3468,813350515354693,813350515510057,155364,40885,82448,32031,0,0,0,1,813350515386724,82448
726,server_queue,source_binder,3421,3453,813350515354693,813350515510057,155364,155364,0,0,0,0,0,0,,
726,client_resume,target_worker,1466,3397,813350515811307,813350516014120,202813,41198,69740,91875,0,0,0,1,813350515903182,69740
726,client_resume,source_callback,1466,3362,813350515811307,813350516014120,202813,161615,0,41198,0,0,0,0,,
726,client_resolve,client_worker,1466,3397,813350514939953,813350515051359,111406,111406,0,0,0,0,0,0,,
726,client_register,client_worker,1466,3397,813350515051359,813350515096776,45417,45417,0,0,0,0,0,0,,
726,client_encode,client_worker,1466,3397,813350515096776,813350515162245,65469,65469,0,0,0,0,0,0,,
727,server_admission,receive_thread,3421,3453,813350516529953,813350516652088,122135,122135,0,0,0,0,0,0,,
727,server_queue,target_worker,3421,3468,813350516652088,813350516763807,111719,38594,37916,35209,0,0,0,1,813350516687297,37916
727,server_queue,source_binder,3421,3453,813350516652088,813350516763807,111719,92605,0,19114,0,0,0,0,,
727,client_resume,target_worker,1466,3397,813350516905682,813350517093390,187708,43645,55261,88802,0,0,0,1,813350516994484,55261
727,client_resume,source_callback,1466,3362,813350516905682,813350517093390,187708,162188,0,25520,0,0,0,0,,
727,client_resolve,client_worker,1466,3397,813350516128599,813350516297922,169323,132135,37188,0,0,0,0,0,,
727,client_register,client_worker,1466,3397,813350516297922,813350516346568,48646,48646,0,0,0,0,0,0,,
727,client_encode,client_worker,1466,3397,813350516346568,813350516428390,81822,81822,0,0,0,0,0,0,,
728,server_admission,receive_thread,3421,3453,813350517500057,813350517600682,100625,100625,0,0,0,0,0,0,,
728,server_queue,target_worker,3421,3468,813350517600682,813350517710109,109427,38541,34844,36042,0,0,0,1,813350517636724,34844
728,server_queue,source_binder,3421,3453,813350517600682,813350517710109,109427,89063,0,20364,0,0,0,0,,
728,client_resume,target_worker,1466,3397,813350517846984,813350518021411,174427,44843,56355,73229,0,0,0,1,813350517920213,56355
728,client_resume,source_callback,1466,3362,813350517846984,813350518021411,174427,127344,0,47083,0,0,0,0,,
728,client_resolve,client_worker,1466,3397,813350517170213,813350517293495,123282,123282,0,0,0,0,0,0,,
728,client_register,client_worker,1466,3397,813350517293495,813350517334849,41354,41354,0,0,0,0,0,0,,
728,client_encode,client_worker,1466,3397,813350517334849,813350517400578,65729,65729,0,0,0,0,0,0,,
729,server_admission,receive_thread,3421,3453,813350518406203,813350518502036,95833,95833,0,0,0,0,0,0,,
729,server_queue,target_worker,3421,3468,813350518502036,813350518610213,108177,37656,35208,35313,0,0,0,1,813350518537349,35208
729,server_queue,source_binder,3421,3453,813350518502036,813350518610213,108177,86354,0,21823,0,0,0,0,,
729,client_resume,target_worker,1466,3397,813350518726828,813350518920630,193802,74844,50625,68333,0,0,0,1,813350518795161,50625
729,client_resume,source_callback,1466,3362,813350518726828,813350518920630,193802,118958,0,74844,0,0,0,0,,
729,client_resolve,client_worker,1466,3397,813350518096515,813350518199953,103438,103438,0,0,0,0,0,0,,
729,client_register,client_worker,1466,3397,813350518199953,813350518247088,47135,47135,0,0,0,0,0,0,,
729,client_encode,client_worker,1466,3397,813350518247088,813350518310630,63542,63542,0,0,0,0,0,0,,
730,server_admission,receive_thread,3421,3453,813350519351620,813350519444068,92448,92448,0,0,0,0,0,0,,
730,server_queue,target_worker,3421,3468,813350519444068,813350519549849,105781,40365,34583,30833,0,0,0,1,813350519474901,34583
730,server_queue,source_binder,3421,3453,813350519444068,813350519549849,105781,78750,0,27031,0,0,0,0,,
730,client_resume,target_worker,1466,3397,813350519671880,813350519830630,158750,43594,39583,75573,0,0,0,1,813350519747453,39583
730,client_resume,source_callback,1466,3362,813350519671880,813350519830630,158750,127344,0,31406,0,0,0,0,,
730,client_resolve,client_worker,1466,3397,813350518988338,813350519154953,166615,125261,41354,0,0,0,0,0,,
730,client_register,client_worker,1466,3397,813350519154953,813350519205318,50365,50365,0,0,0,0,0,0,,
730,client_encode,client_worker,1466,3397,813350519205318,813350519262557,57239,57239,0,0,0,0,0,0,,
731,server_admission,receive_thread,3421,3453,813350520260943,813350520369745,108802,108802,0,0,0,0,0,0,,
731,server_queue,target_worker,3421,3468,813350520369745,813350520477453,107708,38021,35052,34635,0,0,0,1,813350520404380,35052
731,server_queue,source_binder,3421,3453,813350520369745,813350520477453,107708,86145,0,21563,0,0,0,0,,
731,client_resume,target_worker,1466,3397,813350520588651,813350520757870,169219,43177,56771,69271,0,0,0,1,813350520657922,56771
731,client_resume,source_callback,1466,3362,813350520588651,813350520757870,169219,124687,0,44532,0,0,0,0,,
731,client_resolve,client_worker,1466,3397,813350519907557,813350520011099,103542,103542,0,0,0,0,0,0,,
731,client_register,client_worker,1466,3397,813350520011099,813350520053963,42864,42864,0,0,0,0,0,0,,
731,client_encode,client_worker,1466,3397,813350520053963,813350520154068,100105,100105,0,0,0,0,0,0,,
732,server_admission,receive_thread,3421,3453,813350521165161,813350521263547,98386,98386,0,0,0,0,0,0,,
732,server_queue,target_worker,3421,3468,813350521263547,813350521369797,106250,36615,35000,34635,0,0,0,1,813350521298182,35000
732,server_queue,source_binder,3421,3453,813350521263547,813350521369797,106250,85260,0,20990,0,0,0,0,,
732,client_resume,target_worker,1466,3397,813350521480057,813350521637349,157292,41250,47604,68438,0,0,0,1,813350521548495,47604
732,client_resume,source_callback,1466,3362,813350521480057,813350521637349,157292,115990,0,41302,0,0,0,0,,
732,client_resolve,client_worker,1466,3397,813350520832661,813350520934953,102292,102292,0,0,0,0,0,0,,
732,client_register,client_worker,1466,3397,813350520934953,813350521013755,78802,78802,0,0,0,0,0,0,,
732,client_encode,client_worker,1466,3397,813350521013755,813350521069640,55885,55885,0,0,0,0,0,0,,
733,server_admission,receive_thread,3421,3453,813350522019797,813350522115578,95781,95781,0,0,0,0,0,0,,
733,server_queue,target_worker,3421,3468,813350522115578,813350522220057,104479,36719,34635,33125,0,0,0,1,813350522148703,34635
733,server_queue,source_binder,3421,3453,813350522115578,813350522220057,104479,81198,0,23281,0,0,0,0,,
733,client_resume,target_worker,1466,3397,813350522351724,813350522502661,150937,35573,51250,64114,0,0,0,1,813350522415838,51250
733,client_resume,source_callback,1466,3362,813350522351724,813350522502661,150937,115364,0,35573,0,0,0,0,,
733,client_resolve,client_worker,1466,3397,813350521714745,813350521818338,103593,103593,0,0,0,0,0,0,,
733,client_register,client_worker,1466,3397,813350521818338,813350521866984,48646,48646,0,0,0,0,0,0,,
733,client_encode,client_worker,1466,3397,813350521866984,813350521932505,65521,65521,0,0,0,0,0,0,,
734,server_admission,receive_thread,3421,3453,813350522905109,813350523001359,96250,96250,0,0,0,0,0,0,,
734,server_queue,target_worker,3421,3468,813350523001359,813350523106620,105261,34219,35625,35417,0,0,0,1,813350523036776,35625
734,server_queue,source_binder,3421,3453,813350523001359,813350523106620,105261,89219,0,16042,0,0,0,0,,
734,client_resume,target_worker,1466,3397,813350523222401,813350523382609,160208,36562,49011,74635,0,0,0,1,813350523297036,49011
734,client_resume,source_callback,1466,3362,813350523222401,813350523382609,160208,123646,0,36562,0,0,0,0,,
734,client_resolve,client_worker,1466,3397,813350522578130,813350522684276,106146,106146,0,0,0,0,0,0,,
734,client_register,client_worker,1466,3397,813350522684276,813350522748911,64635,64635,0,0,0,0,0,0,,
734,client_encode,client_worker,1466,3397,813350522748911,813350522806828,57917,57917,0,0,0,0,0,0,,
735,server_admission,receive_thread,3421,3453,813350523834120,813350523935005,100885,100885,0,0,0,0,0,0,,
735,server_queue,target_worker,3421,3468,813350523935005,813350524043495,108490,35990,37031,35469,0,0,0,1,813350523970474,37031
735,server_queue,source_binder,3421,3453,813350523935005,813350524043495,108490,93698,0,14792,0,0,0,0,,
735,client_resume,target_worker,1466,3397,813350524202453,813350524379172,176719,36771,51615,88333,0,0,0,1,813350524290786,51615
735,client_resume,source_callback,1466,3362,813350524202453,813350524379172,176719,139948,0,36771,0,0,0,0,,
735,client_resolve,client_worker,1466,3397,813350523452818,813350523621307,168489,168489,0,0,0,0,0,0,,
735,client_register,client_worker,1466,3397,813350523621307,813350523677193,55886,55886,0,0,0,0,0,0,,
735,client_encode,client_worker,1466,3397,813350523677193,813350523744015,66822,66822,0,0,0,0,0,0,,
736,server_admission,receive_thread,3421,3453,813350524783234,813350524895057,111823,111823,0,0,0,0,0,0,,
736,server_queue,target_worker,3421,3468,813350524895057,813350525017609,122552,43698,43750,35104,0,0,0,1,813350524930161,43750
736,server_queue,source_binder,3421,3453,813350524895057,813350525017609,122552,97188,0,25364,0,0,0,0,,
736,client_resume,target_worker,1466,3397,813350525200734,813350525412036,211302,44323,82708,84271,0,0,0,1,813350525285005,82708
736,client_resume,source_callback,1466,3362,813350525200734,813350525412036,211302,166979,0,44323,0,0,0,0,,
736,client_resolve,client_worker,1466,3397,813350524450630,813350524578234,127604,127604,0,0,0,0,0,0,,
736,client_register,client_worker,1466,3397,813350524578234,813350524626203,47969,47969,0,0,0,0,0,0,,
736,client_encode,client_worker,1466,3397,813350524626203,813350524690786,64583,64583,0,0,0,0,0,0,,
737,server_admission,receive_thread,3421,3453,813350525783026,813350525879432,96406,96406,0,0,0,0,0,0,,
737,server_queue,target_worker,3421,3468,813350525879432,813350525976828,97396,34583,28282,34531,0,0,0,1,813350525913963,28282
737,server_queue,source_binder,3421,3453,813350525879432,813350525976828,97396,83698,0,13698,0,0,0,0,,
737,client_resume,target_worker,1466,3397,813350526096203,813350526252713,156510,44531,38073,73906,0,0,0,1,813350526170109,38073
737,client_resume,source_callback,1466,3362,813350526096203,813350526252713,156510,117448,0,39062,0,0,0,0,,
737,client_resolve,client_worker,1466,3397,813350525478859,813350525586463,107604,107604,0,0,0,0,0,0,,
737,client_register,client_worker,1466,3397,813350525586463,813350525631515,45052,45052,0,0,0,0,0,0,,
737,client_encode,client_worker,1466,3397,813350525631515,813350525693963,62448,62448,0,0,0,0,0,0,,
738,server_admission,receive_thread,3421,3453,813350526622609,813350526719380,96771,96771,0,0,0,0,0,0,,
738,server_queue,target_worker,3421,3468,813350526719380,813350526820370,100990,37969,30208,32813,0,0,0,1,813350526752193,30208
738,server_queue,source_binder,3421,3453,813350526719380,813350526820370,100990,88906,0,12084,0,0,0,0,,
738,client_resume,target_worker,1466,3397,813350526946255,813350527111359,165104,42239,52917,69948,0,0,0,1,813350527016203,52917
738,client_resume,source_callback,1466,3362,813350526946255,813350527111359,165104,121406,0,43698,0,0,0,0,,
738,client_resolve,client_worker,1466,3397,813350526324432,813350526430005,105573,105573,0,0,0,0,0,0,,
738,client_register,client_worker,1466,3397,813350526430005,813350526471411,41406,41406,0,0,0,0,0,0,,
738,client_encode,client_worker,1466,3397,813350526471411,813350526531255,59844,59844,0,0,0,0,0,0,,
739,server_admission,receive_thread,3421,3453,813350527480474,813350527574328,93854,93854,0,0,0,0,0,0,,
739,server_queue,target_worker,3421,3468,813350527574328,813350527677140,102812,37864,33021,31927,0,0,0,1,813350527606255,33021
739,server_queue,source_binder,3421,3453,813350527574328,813350527677140,102812,81771,0,21041,0,0,0,0,,
739,client_resume,target_worker,1466,3397,813350527783651,813350527929588,145937,33750,44270,67917,0,0,0,1,813350527851568,44270
739,client_resume,source_callback,1466,3362,813350527783651,813350527929588,145937,112187,0,33750,0,0,0,0,,
739,client_resolve,client_worker,1466,3397,813350527183963,813350527286099,102136,102136,0,0,0,0,0,0,,
739,client_register,client_worker,1466,3397,813350527286099,813350527333182,47083,47083,0,0,0,0,0,0,,
739,client_encode,client_worker,1466,3397,813350527333182,813350527393338,60156,60156,0,0,0,0,0,0,,
740,server_admission,receive_thread,3421,3453,813350528355474,813350528479849,124375,124375,0,0,0,0,0,0,,
740,server_queue,target_worker,3421,3468,813350528479849,813350528590005,110156,36875,34375,38906,0,0,0,1,813350528518755,34375
740,server_queue,source_binder,3421,3453,813350528479849,813350528590005,110156,94427,0,15729,0,0,0,0,,
740,client_resume,target_worker,1466,3397,813350528727713,813350528891568,163855,47657,39062,77136,0,0,0,1,813350528804849,39062
740,client_resume,source_callback,1466,3362,813350528727713,813350528891568,163855,121667,0,42188,0,0,0,0,,
740,client_resolve,client_worker,1466,3397,813350527996411,813350528128390,131979,131979,0,0,0,0,0,0,,
740,client_register,client_worker,1466,3397,813350528128390,813350528182193,53803,53803,0,0,0,0,0,0,,
740,client_encode,client_worker,1466,3397,813350528182193,813350528259380,77187,77187,0,0,0,0,0,0,,
741,server_admission,receive_thread,3421,3453,813350529302088,813350529421567,119479,119479,0,0,0,0,0,0,,
741,server_queue,target_worker,3421,3468,813350529421567,813350529543130,121563,41250,37708,42605,0,0,0,1,813350529464172,37708
741,server_queue,source_binder,3421,3453,813350529421567,813350529543130,121563,106875,0,14688,0,0,0,0,,
741,client_resume,target_worker,1466,3397,813350529658078,813350529829640,171562,45156,53281,73125,0,0,0,1,813350529731203,53281
741,client_resume,source_callback,1466,3362,813350529658078,813350529829640,171562,124844,0,46718,0,0,0,0,,
741,client_resolve,client_worker,1466,3397,813350528970422,813350529085057,114635,114635,0,0,0,0,0,0,,
741,client_register,client_worker,1466,3397,813350529085057,813350529131047,45990,45990,0,0,0,0,0,0,,
741,client_encode,client_worker,1466,3397,813350529131047,813350529192088,61041,61041,0,0,0,0,0,0,,
742,server_admission,receive_thread,3421,3453,813350530223807,813350530343442,119635,119635,0,0,0,0,0,0,,
742,server_queue,target_worker,3421,3468,813350530343442,813350530453599,110157,41979,30886,37292,0,0,0,1,813350530380734,30886
742,server_queue,source_binder,3421,3453,813350530343442,813350530453599,110157,84167,0,25990,0,0,0,0,,
742,client_resume,target_worker,1466,3397,813350530574745,813350530734797,160052,34532,50260,75260,0,0,0,1,813350530650005,50260
742,client_resume,source_callback,1466,3362,813350530574745,813350530734797,160052,125520,0,34532,0,0,0,0,,
742,client_resolve,client_worker,1466,3397,813350529905630,813350530008286,102656,102656,0,0,0,0,0,0,,
742,client_register,client_worker,1466,3397,813350530008286,813350530058078,49792,49792,0,0,0,0,0,0,,
742,client_encode,client_worker,1466,3397,813350530058078,813350530119692,61614,61614,0,0,0,0,0,0,,
743,server_admission,receive_thread,3421,3453,813350531122140,813350531227817,105677,105677,0,0,0,0,0,0,,
743,server_queue,target_worker,3421,3468,813350531227817,813350531335838,108021,36354,35208,36459,0,0,0,1,813350531264276,35208
743,server_queue,source_binder,3421,3453,813350531227817,813350531335838,108021,90365,0,17656,0,0,0,0,,
743,client_resume,target_worker,1466,3397,813350531549380,813350531727765,178385,48645,48803,80937,0,0,0,1,813350531630317,48803
743,client_resume,source_callback,1466,3362,813350531549380,813350531727765,178385,134271,0,44114,0,0,0,0,,
743,client_resolve,client_worker,1466,3397,813350530808755,813350530914015,105260,105260,0,0,0,0,0,0,,
743,client_register,client_worker,1466,3397,813350530914015,813350530961411,47396,47396,0,0,0,0,0,0,,
743,client_encode,client_worker,1466,3397,813350530961411,813350531026047,64636,64636,0,0,0,0,0,0,,
744,server_admission,receive_thread,3421,3453,813350532210786,813350532317036,106250,106250,0,0,0,0,0,0,,
744,server_queue,target_worker,3421,3468,813350532317036,813350532476984,159948,48125,38437,73386,0,0,0,1,813350532390422,38437
744,server_queue,source_binder,3421,3453,813350532317036,813350532476984,159948,139323,0,20625,0,0,0,0,,
744,client_resume,target_worker,1466,3397,813350532602870,813350532794588,191718,49635,62031,80052,0,0,0,1,813350532682922,62031
744,client_resume,source_callback,1466,3362,813350532602870,813350532794588,191718,139687,0,52031,0,0,0,0,,
744,client_resolve,client_worker,1466,3397,813350531810995,813350531935838,124843,124843,0,0,0,0,0,0,,
744,client_register,client_worker,1466,3397,813350531935838,813350531988963,53125,53125,0,0,0,0,0,0,,
744,client_encode,client_worker,1466,3397,813350531988963,813350532058026,69063,69063,0,0,0,0,0,0,,
745,server_admission,receive_thread,3421,3453,813350533244797,813350533356515,111718,111718,0,0,0,0,0,0,,
745,server_queue,target_worker,3421,3468,813350533356515,813350533479901,123386,41511,43333,38542,0,0,0,1,813350533395057,43333
745,server_queue,source_binder,3421,3453,813350533356515,813350533479901,123386,105313,0,18073,0,0,0,0,,
745,client_resume,target_worker,1466,3397,813350533610630,813350533775161,164531,39323,51510,73698,0,0,0,1,813350533684328,51510
745,client_resume,source_callback,1466,3362,813350533610630,813350533775161,164531,125208,0,39323,0,0,0,0,,
745,client_resolve,client_worker,1466,3397,813350532893599,813350533007401,113802,113802,0,0,0,0,0,0,,
745,client_register,client_worker,1466,3397,813350533007401,813350533061776,54375,54375,0,0,0,0,0,0,,
745,client_encode,client_worker,1466,3397,813350533061776,813350533136984,75208,75208,0,0,0,0,0,0,,
746,server_admission,receive_thread,3421,3453,813350534182088,813350534295734,113646,113646,0,0,0,0,0,0,,
746,server_queue,target_worker,3421,3468,813350534295734,813350534406724,110990,38334,35000,37656,0,0,0,1,813350534333390,35000
746,server_queue,source_binder,3421,3453,813350534295734,813350534406724,110990,94375,0,16615,0,0,0,0,,
746,client_resume,target_worker,1466,3397,813350534542817,813350534718182,175365,46667,41354,87344,0,0,0,1,813350534630161,41354
746,client_resume,source_callback,1466,3362,813350534542817,813350534718182,175365,140469,0,34896,0,0,0,0,,
746,client_resolve,client_worker,1466,3397,813350533850578,813350533961047,110469,110469,0,0,0,0,0,0,,
746,client_register,client_worker,1466,3397,813350533961047,813350534016463,55416,55416,0,0,0,0,0,0,,
746,client_encode,client_worker,1466,3397,813350534016463,813350534083859,67396,67396,0,0,0,0,0,0,,
747,server_admission,receive_thread,3421,3453,813350535179224,813350535291151,111927,111927,0,0,0,0,0,0,,
747,server_queue,target_worker,3421,3468,813350535291151,813350535408495,117344,41667,39011,36666,0,0,0,1,813350535327817,39011
747,server_queue,source_binder,3421,3453,813350535291151,813350535408495,117344,95260,0,22084,0,0,0,0,,
747,client_resume,target_worker,1466,3397,813350535541255,813350535720838,179583,40573,57395,81615,0,0,0,1,813350535622870,57395
747,client_resume,source_callback,1466,3362,813350535541255,813350535720838,179583,139010,0,40573,0,0,0,0,,
747,client_resolve,client_worker,1466,3397,813350534819276,813350534938599,119323,119323,0,0,0,0,0,0,,
747,client_register,client_worker,1466,3397,813350534938599,813350534989640,51041,51041,0,0,0,0,0,0,,
747,client_encode,client_worker,1466,3397,813350534989640,813350535066776,77136,77136,0,0,0,0,0,0,,
748,server_admission,receive_thread,3421,3453,813350536123755,813350536238182,114427,114427,0,0,0,0,0,0,,
748,server_queue,target_worker,3421,3468,813350536238182,813350536348911,110729,36146,36145,38438,0,0,0,1,813350536276620,36145
748,server_queue,source_binder,3421,3453,813350536238182,813350536348911,110729,95313,0,15416,0,0,0,0,,
748,client_resume,target_worker,1466,3397,813350536480005,813350536703442,223437,46197,69532,107708,0,0,0,1,813350536587713,69532
748,client_resume,source_callback,1466,3362,813350536480005,813350536703442,223437,188385,0,35052,0,0,0,0,,
748,client_resolve,client_worker,1466,3397,813350535796463,813350535902453,105990,105990,0,0,0,0,0,0,,
748,client_register,client_worker,1466,3397,813350535902453,813350535950942,48489,48489,0,0,0,0,0,0,,
748,client_encode,client_worker,1466,3397,813350535950942,813350536012870,61928,61928,0,0,0,0,0,0,,
749,server_admission,receive_thread,3421,3453,813350537208234,813350537371255,163021,163021,0,0,0,0,0,0,,
749,server_queue,target_worker,3421,3468,813350537371255,813350537476463,105208,41718,30313,33177,0,0,0,1,813350537404432,30313
749,server_queue,source_binder,3421,3453,813350537371255,813350537476463,105208,79115,0,26093,0,0,0,0,,
749,client_resume,target_worker,1466,3397,813350537644432,813350537812765,168333,46250,41198,80885,0,0,0,1,813350537725317,41198
749,client_resume,source_callback,1466,3362,813350537644432,813350537812765,168333,138542,0,29791,0,0,0,0,,
749,client_resolve,client_worker,1466,3397,813350536793026,813350536941672,148646,148646,0,0,0,0,0,0,,
749,client_register,client_worker,1466,3397,813350536941672,813350536992297,50625,50625,0,0,0,0,0,0,,
749,client_encode,client_worker,1466,3397,813350536992297,813350537114120,121823,121823,0,0,0,0,0,0,,
750,server_admission,receive_thread,3421,3453,813350538210317,813350538314432,104115,104115,0,0,0,0,0,0,,
750,server_queue,target_worker,3421,3468,813350538314432,813350538427453,113021,44479,34532,34010,0,0,0,1,813350538348442,34532
750,server_queue,source_binder,3421,3453,813350538314432,813350538427453,113021,87708,0,25313,0,0,0,0,,
750,client_resume,target_worker,1466,3397,813350538558026,813350538721203,163177,34011,50364,78802,0,0,0,1,813350538636828,50364
750,client_resume,source_callback,1466,3362,813350538558026,813350538721203,163177,129166,0,34011,0,0,0,0,,
750,client_resolve,client_worker,1466,3397,813350537893547,813350538003755,110208,110208,0,0,0,0,0,0,,
750,client_register,client_worker,1466,3397,813350538003755,813350538051099,47344,47344,0,0,0,0,0,0,,
750,client_encode,client_worker,1466,3397,813350538051099,813350538113234,62135,62135,0,0,0,0,0,0,,
751,server_admission,receive_thread,3421,3453,813350539124276,813350539235109,110833,110833,0,0,0,0,0,0,,
751,server_queue,target_worker,3421,3468,813350539235109,813350539347453,112344,39011,32864,40469,0,0,0,1,813350539275578,32864
751,server_queue,source_binder,3421,3453,813350539235109,813350539347453,112344,93073,0,19271,0,0,0,0,,
751,client_resume,target_worker,1466,3397,813350539515942,813350539704328,188386,47344,55260,85782,0,0,0,1,813350539601724,55260
751,client_resume,source_callback,1466,3362,813350539515942,813350539704328,188386,159636,0,28750,0,0,0,0,,
751,client_resolve,client_worker,1466,3397,813350538793703,813350538906672,112969,112969,0,0,0,0,0,0,,
751,client_register,client_worker,1466,3397,813350538906672,813350538969015,62343,62343,0,0,0,0,0,0,,
751,client_encode,client_worker,1466,3397,813350538969015,813350539030890,61875,61875,0,0,0,0,0,0,,
752,server_admission,receive_thread,3421,3453,813350540086672,813350540224172,137500,137500,0,0,0,0,0,0,,
752,server_queue,target_worker,3421,3468,813350540224172,813350540323599,99427,36407,31666,31354,0,0,0,1,813350540255526,31666
752,server_queue,source_binder,3421,3453,813350540224172,813350540323599,99427,81927,0,17500,0,0,0,0,,
752,client_resume,target_worker,1466,3397,813350540430370,813350540578286,147916,30156,49844,67916,0,0,0,1,813350540498286,49844
752,client_resume,source_callback,1466,3362,813350540430370,813350540578286,147916,117760,0,30156,0,0,0,0,,
752,client_resolve,client_worker,1466,3397,813350539779692,813350539886099,106407,106407,0,0,0,0,0,0,,
752,client_register,client_worker,1466,3397,813350539886099,813350539928078,41979,41979,0,0,0,0,0,0,,
752,client_encode,client_worker,1466,3397,813350539928078,813350539991880,63802,63802,0,0,0,0,0,0,,
753,server_admission,receive_thread,3421,3453,813350540944536,813350541062661,118125,118125,0,0,0,0,0,0,,
753,server_queue,target_worker,3421,3468,813350541062661,813350541166776,104115,34948,32031,37136,0,0,0,1,813350541099797,32031
753,server_queue,source_binder,3421,3453,813350541062661,813350541166776,104115,89479,0,14636,0,0,0,0,,
753,client_resume,target_worker,1466,3397,813350541287609,813350541447870,160261,45938,41354,72969,0,0,0,1,813350541360578,41354
753,client_resume,source_callback,1466,3362,813350541287609,813350541447870,160261,120573,0,39688,0,0,0,0,,
753,client_resolve,client_worker,1466,3397,813350540641099,813350540735995,94896,94896,0,0,0,0,0,0,,
753,client_register,client_worker,1466,3397,813350540735995,813350540792557,56562,56562,0,0,0,0,0,0,,
753,client_encode,client_worker,1466,3397,813350540792557,813350540850161,57604,57604,0,0,0,0,0,0,,
754,server_admission,receive_thread,3421,3453,813350541837140,813350541936151,99011,99011,0,0,0,0,0,0,,
754,server_queue,target_worker,3421,3468,813350541936151,813350542043599,107448,39636,34583,33229,0,0,0,1,813350541969380,34583
754,server_queue,source_binder,3421,3453,813350541936151,813350542043599,107448,82708,0,24740,0,0,0,0,,
754,client_resume,target_worker,1466,3397,813350542174172,813350542329224,155052,30886,50729,73437,0,0,0,1,813350542247609,50729
754,client_resume,source_callback,1466,3362,813350542174172,813350542329224,155052,124166,0,30886,0,0,0,0,,
754,client_resolve,client_worker,1466,3397,813350541525838,813350541630109,104271,104271,0,0,0,0,0,0,,
754,client_register,client_worker,1466,3397,813350541630109,813350541674067,43958,43958,0,0,0,0,0,0,,
754,client_encode,client_worker,1466,3397,813350541674067,813350541738286,64219,64219,0,0,0,0,0,0,,
755,server_admission,receive_thread,3421,3453,813350542692401,813350542788911,96510,96510,0,0,0,0,0,0,,
755,server_queue,target_worker,3421,3468,813350542788911,813350542885057,96146,33802,30729,31615,0,0,0,1,813350542820526,30729
755,server_queue,source_binder,3421,3453,813350542788911,813350542885057,96146,82031,0,14115,0,0,0,0,,
755,client_resume,target_worker,1466,3397,813350542997297,813350543149067,151770,41510,37187,73073,0,0,0,1,813350543070370,37187
755,client_resume,source_callback,1466,3362,813350542997297,813350543149067,151770,119583,0,32187,0,0,0,0,,
755,client_resolve,client_worker,1466,3397,813350542389328,813350542496411,107083,107083,0,0,0,0,0,0,,
755,client_register,client_worker,1466,3397,813350542496411,813350542540786,44375,44375,0,0,0,0,0,0,,
755,client_encode,client_worker,1466,3397,813350542540786,813350542607401,66615,66615,0,0,0,0,0,0,,
756,server_admission,receive_thread,3421,3453,813350543515995,813350543609224,93229,93229,0,0,0,0,0,0,,
756,server_queue,target_worker,3421,3468,813350543609224,813350543714536,105312,39791,31198,34323,0,0,0,1,813350543643547,31198
756,server_queue,source_binder,3421,3453,813350543609224,813350543714536,105312,83698,0,21614,0,0,0,0,,
756,client_resume,target_worker,1466,3397,813350543820995,813350543985890,164895,42187,51302,71406,0,0,0,1,813350543892401,51302
756,client_resume,source_callback,1466,3362,813350543820995,813350543985890,164895,119375,0,45520,0,0,0,0,,
756,client_resolve,client_worker,1466,3397,813350543223442,813350543322401,98959,98959,0,0,0,0,0,0,,
756,client_register,client_worker,1466,3397,813350543322401,813350543370526,48125,48125,0,0,0,0,0,0,,
756,client_encode,client_worker,1466,3397,813350543370526,813350543430682,60156,60156,0,0,0,0,0,0,,
757,server_admission,receive_thread,3421,3453,813350544469015,813350544561463,92448,92448,0,0,0,0,0,0,,
757,server_queue,target_worker,3421,3468,813350544561463,813350544674328,112865,37552,30417,44896,0,0,0,1,813350544606359,30417
757,server_queue,source_binder,3421,3453,813350544561463,813350544674328,112865,90157,0,22708,0,0,0,0,,
757,client_resume,target_worker,1466,3397,813350544786359,813350544945213,158854,42864,45261,70729,0,0,0,1,813350544857088,45261
757,client_resume,source_callback,1466,3362,813350544786359,813350544945213,158854,116615,0,42239,0,0,0,0,,
757,client_resolve,client_worker,1466,3397,813350544056880,813350544221359,164479,164479,0,0,0,0,0,0,,
757,client_register,client_worker,1466,3397,813350544221359,813350544266724,45365,45365,0,0,0,0,0,0,,
757,client_encode,client_worker,1466,3397,813350544266724,813350544354484,87760,87760,0,0,0,0,0,0,,
758,server_admission,receive_thread,3421,3453,813350545313755,813350545410317,96562,96562,0,0,0,0,0,0,,
758,server_queue,target_worker,3421,3468,813350545410317,813350545503911,93594,36094,26979,30521,0,0,0,1,813350545440838,26979
758,server_queue,source_binder,3421,3453,813350545410317,813350545503911,93594,75678,0,17916,0,0,0,0,,
758,client_resume,target_worker,1466,3397,813350545613651,813350545771203,157552,45781,46563,65208,0,0,0,1,813350545678859,46563
758,client_resume,source_callback,1466,3362,813350545613651,813350545771203,157552,109844,0,47708,0,0,0,0,,
758,client_resolve,client_worker,1466,3397,813350545018495,813350545115630,97135,97135,0,0,0,0,0,0,,
758,client_register,client_worker,1466,3397,813350545115630,813350545158599,42969,42969,0,0,0,0,0,0,,
758,client_encode,client_worker,1466,3397,813350545158599,813350545220265,61666,61666,0,0,0,0,0,0,,
759,server_admission,receive_thread,3421,3453,813350546152713,813350546269849,117136,117136,0,0,0,0,0,0,,
759,server_queue,target_worker,3421,3468,813350546269849,813350546378234,108385,39739,33073,35573,0,0,0,1,813350546305422,33073
759,server_queue,source_binder,3421,3453,813350546269849,813350546378234,108385,86979,0,21406,0,0,0,0,,
759,client_resume,target_worker,1466,3397,813350546511047,813350546666776,155729,31302,53386,71041,0,0,0,1,813350546582088,53386
759,client_resume,source_callback,1466,3362,813350546511047,813350546666776,155729,124427,0,31302,0,0,0,0,,
759,client_resolve,client_worker,1466,3397,813350545847036,813350545948078,101042,101042,0,0,0,0,0,0,,
759,client_register,client_worker,1466,3397,813350545948078,813350545991099,43021,43021,0,0,0,0,0,0,,
759,client_encode,client_worker,1466,3397,813350545991099,813350546058599,67500,67500,0,0,0,0,0,0,,
760,server_admission,receive_thread,3421,3453,813350547045161,813350547144849,99688,99688,0,0,0,0,0,0,,
760,server_queue,target_worker,3421,3468,813350547144849,813350547245526,100677,34271,33854,32552,0,0,0,1,813350547177401,33854
760,server_queue,source_binder,3421,3453,813350547144849,813350547245526,100677,84010,0,16667,0,0,0,0,,
760,client_resume,target_worker,1466,3397,813350547375005,813350547549380,174375,33177,52344,88854,0,0,0,1,813350547463859,52344
760,client_resume,source_callback,1466,3362,813350547375005,813350547549380,174375,141198,0,33177,0,0,0,0,,
760,client_resolve,client_worker,1466,3397,813350546737192,813350546848442,111250,111250,0,0,0,0,0,0,,
760,client_register,client_worker,1466,3397,813350546848442,813350546891359,42917,42917,0,0,0,0,0,0,,
760,client_encode,client_worker,1466,3397,813350546891359,813350546953182,61823,61823,0,0,0,0,0,0,,
761,server_admission,receive_thread,3421,3453,813350547961151,813350548069640,108489,108489,0,0,0,0,0,0,,
761,server_queue,target_worker,3421,3468,813350548069640,813350548252974,183334,38698,23021,121615,0,0,0,1,813350548191255,23021
761,server_queue,source_binder,3421,3453,813350548069640,813350548252974,183334,183334,0,0,0,0,0,0,,
761,client_resume,target_worker,1466,3397,813350548365838,813350548539797,173959,46250,43490,84219,0,0,0,1,813350548450057,43490
761,client_resume,source_callback,1466,3362,813350548365838,813350548539797,173959,134844,0,39115,0,0,0,0,,
761,client_resolve,client_worker,1466,3397,813350547619276,813350547732036,112760,112760,0,0,0,0,0,0,,
761,client_register,client_worker,1466,3397,813350547732036,813350547781724,49688,49688,0,0,0,0,0,0,,
761,client_encode,client_worker,1466,3397,813350547781724,813350547859067,77343,77343,0,0,0,0,0,0,,
762,server_admission,receive_thread,3421,3453,813350548960317,813350549095317,135000,135000,0,0,0,0,0,0,,
762,server_queue,target_worker,3421,3468,813350549095317,813350549255995,160678,37344,23594,99740,0,0,0,1,813350549195057,23594
762,server_queue,source_binder,3421,3453,813350549095317,813350549255995,160678,138386,0,22292,0,0,0,0,,
762,client_resume,target_worker,1466,3397,813350549493703,813350549667140,173437,45208,48333,79896,0,0,0,1,813350549573599,48333
762,client_resume,source_callback,1466,3362,813350549493703,813350549667140,173437,152864,0,20573,0,0,0,0,,
762,client_resolve,client_worker,1466,3397,813350548624328,813350548738651,114323,114323,0,0,0,0,0,0,,
762,client_register,client_worker,1466,3397,813350548738651,813350548784797,46146,46146,0,0,0,0,0,0,,
762,client_encode,client_worker,1466,3397,813350548784797,813350548849432,64635,64635,0,0,0,0,0,0,,
763,server_admission,receive_thread,3421,3453,813350550049588,813350550148703,99115,99115,0,0,0,0,0,0,,
763,server_queue,target_worker,3421,3468,813350550148703,813350550257401,108698,37084,35833,35781,0,0,0,1,813350550184484,35833
763,server_queue,source_binder,3421,3453,813350550148703,813350550257401,108698,85573,0,23125,0,0,0,0,,
763,client_resume,target_worker,1466,3397,813350550375265,813350550522713,147448,28906,49635,68907,0,0,0,1,813350550444172,49635
763,client_resume,source_callback,1466,3362,813350550375265,813350550522713,147448,118542,0,28906,0,0,0,0,,
763,client_resolve,client_worker,1466,3397,813350549746776,813350549845370,98594,98594,0,0,0,0,0,0,,
763,client_register,client_worker,1466,3397,813350549845370,813350549888495,43125,43125,0,0,0,0,0,0,,
763,client_encode,client_worker,1466,3397,813350549888495,813350549946567,58072,58072,0,0,0,0,0,0,,
764,server_admission,receive_thread,3421,3453,813350550887453,813350550981828,94375,94375,0,0,0,0,0,0,,
764,server_queue,target_worker,3421,3468,813350550981828,813350551081776,99948,33802,33073,33073,0,0,0,1,813350551014901,33073
764,server_queue,source_binder,3421,3453,813350550981828,813350551081776,99948,84948,0,15000,0,0,0,0,,
764,client_resume,target_worker,1466,3397,813350551234484,813350551387297,152813,39167,36146,77500,0,0,0,1,813350551311984,36146
764,client_resume,source_callback,1466,3362,813350551234484,813350551387297,152813,131354,0,21459,0,0,0,0,,
764,client_resolve,client_worker,1466,3397,813350550589120,813350550692557,103437,103437,0,0,0,0,0,0,,
764,client_register,client_worker,1466,3397,813350550692557,813350550734276,41719,41719,0,0,0,0,0,0,,
764,client_encode,client_worker,1466,3397,813350550734276,813350550795630,61354,61354,0,0,0,0,0,0,,
765,server_admission,receive_thread,3421,3453,813350551803182,813350551895109,91927,91927,0,0,0,0,0,0,,
765,server_queue,target_worker,3421,3468,813350551895109,813350552006515,111406,38385,35104,37917,0,0,0,1,813350551933026,35104
765,server_queue,source_binder,3421,3453,813350551895109,813350552006515,111406,86354,0,25052,0,0,0,0,,
765,client_resume,target_worker,1466,3397,813350552137765,813350552280161,142396,28594,44895,68907,0,0,0,1,813350552206672,44895
765,client_resume,source_callback,1466,3362,813350552137765,813350552280161,142396,113802,0,28594,0,0,0,0,,
765,client_resolve,client_worker,1466,3397,813350551460005,813350551565005,105000,105000,0,0,0,0,0,0,,
765,client_register,client_worker,1466,3397,813350551565005,813350551605786,40781,40781,0,0,0,0,0,0,,
765,client_encode,client_worker,1466,3397,813350551605786,813350551663495,57709,57709,0,0,0,0,0,0,,
766,server_admission,receive_thread,3421,3453,813350552654588,813350552758547,103959,103959,0,0,0,0,0,0,,
766,server_queue,target_worker,3421,3468,813350552758547,813350552852922,94375,32032,28333,34010,0,0,0,1,813350552792557,28333
766,server_queue,source_binder,3421,3453,813350552758547,813350552852922,94375,79166,0,15209,0,0,0,0,,
766,client_resume,target_worker,1466,3397,813350552955317,813350553107922,152605,43907,40364,68334,0,0,0,1,813350553023651,40364
766,client_resume,source_callback,1466,3362,813350552955317,813350553107922,152605,110573,0,42032,0,0,0,0,,
766,client_resolve,client_worker,1466,3397,813350552368286,813350552467922,99636,99636,0,0,0,0,0,0,,
766,client_register,client_worker,1466,3397,813350552467922,813350552516411,48489,48489,0,0,0,0,0,0,,
766,client_encode,client_worker,1466,3397,813350552516411,813350552574745,58334,58334,0,0,0,0,0,0,,
767,server_admission,receive_thread,3421,3453,813350553479640,813350553608911,129271,129271,0,0,0,0,0,0,,
767,server_queue,target_worker,3421,3468,813350553608911,813350553710838,101927,36718,29584,35625,0,0,0,1,813350553644536,29584
767,server_queue,source_binder,3421,3453,813350553608911,813350553710838,101927,78281,0,23646,0,0,0,0,,
767,client_resume,target_worker,1466,3397,813350553872088,813350554043338,171250,40104,58750,72396,0,0,0,1,813350553944484,58750
767,client_resume,source_callback,1466,3362,813350553872088,813350554043338,171250,134271,0,36979,0,0,0,0,,
767,client_resolve,client_worker,1466,3397,813350553185838,813350553288390,102552,102552,0,0,0,0,0,0,,
767,client_register,client_worker,1466,3397,813350553288390,813350553335526,47136,47136,0,0,0,0,0,0,,
767,client_encode,client_worker,1466,3397,813350553335526,813350553395422,59896,59896,0,0,0,0,0,0,,
768,server_admission,receive_thread,3421,3453,813350554417661,813350554507297,89636,89636,0,0,0,0,0,0,,
768,server_queue,target_worker,3421,3468,813350554507297,813350554609224,101927,35990,34114,31823,0,0,0,1,813350554539120,34114
768,server_queue,source_binder,3421,3453,813350554507297,813350554609224,101927,80573,0,21354,0,0,0,0,,
768,client_resume,target_worker,1466,3397,813350554716724,813350554899640,182916,69479,47291,66146,0,0,0,1,813350554782870,47291
768,client_resume,source_callback,1466,3362,813350554716724,813350554899640,182916,113437,0,69479,0,0,0,0,,
768,client_resolve,client_worker,1466,3397,813350554111776,813350554223390,111614,111614,0,0,0,0,0,0,,
768,client_register,client_worker,1466,3397,813350554223390,813350554264588,41198,41198,0,0,0,0,0,0,,
768,client_encode,client_worker,1466,3397,813350554264588,813350554323911,59323,59323,0,0,0,0,0,0,,
769,server_admission,receive_thread,3421,3453,813350555251880,813350555340422,88542,88542,0,0,0,0,0,0,,
769,server_queue,target_worker,3421,3468,813350555340422,813350555476515,136093,41927,65208,28958,0,0,0,1,813350555369380,65208
769,server_queue,source_binder,3421,3453,813350555340422,813350555476515,136093,136093,0,0,0,0,0,0,,
769,client_resume,target_worker,1466,3397,813350555606776,813350555759484,152708,40312,38230,74166,0,0,0,1,813350555680942,38230
769,client_resume,source_callback,1466,3362,813350555606776,813350555759484,152708,117916,0,34792,0,0,0,0,,
769,client_resolve,client_worker,1466,3397,813350554967557,813350555065578,98021,98021,0,0,0,0,0,0,,
769,client_register,client_worker,1466,3397,813350555065578,813350555110213,44635,44635,0,0,0,0,0,0,,
769,client_encode,client_worker,1466,3397,813350555110213,813350555172817,62604,62604,0,0,0,0,0,0,,
770,server_admission,receive_thread,3421,3453,813350556204328,813350556301203,96875,96875,0,0,0,0,0,0,,
770,server_queue,target_worker,3421,3468,813350556301203,813350556420109,118906,36823,34219,47864,0,0,0,1,813350556349067,34219
770,server_queue,source_binder,3421,3453,813350556301203,813350556420109,118906,99844,0,19062,0,0,0,0,,
770,client_resume,target_worker,1466,3397,813350556602974,813350556750838,147864,38125,41093,68646,0,0,0,1,813350556671620,41093
770,client_resume,source_callback,1466,3362,813350556602974,813350556750838,147864,116510,0,31354,0,0,0,0,,
770,client_resolve,client_worker,1466,3397,813350555832870,813350555941411,108541,108541,0,0,0,0,0,0,,
770,client_register,client_worker,1466,3397,813350555941411,813350555984797,43386,43386,0,0,0,0,0,0,,
770,client_encode,client_worker,1466,3397,813350555984797,813350556040890,56093,56093,0,0,0,0,0,0,,
771,server_admission,receive_thread,3421,3453,813350557093963,813350557188338,94375,94375,0,0,0,0,0,0,,
771,server_queue,target_worker,3421,3468,813350557188338,813350557285370,97032,34896,29636,32500,0,0,0,1,813350557220838,29636
771,server_queue,source_binder,3421,3453,813350557188338,813350557285370,97032,79167,0,17865,0,0,0,0,,
771,client_resume,target_worker,1466,3397,813350557387401,813350557528755,141354,31406,45000,64948,0,0,0,1,813350557452349,45000
771,client_resume,source_callback,1466,3362,813350557387401,813350557528755,141354,109948,0,31406,0,0,0,0,,
771,client_resolve,client_worker,1466,3397,813350556821203,813350556912401,91198,91198,0,0,0,0,0,0,,
771,client_register,client_worker,1466,3397,813350556912401,813350556952453,40052,40052,0,0,0,0,0,0,,
771,client_encode,client_worker,1466,3397,813350556952453,813350557009692,57239,57239,0,0,0,0,0,0,,
772,server_admission,receive_thread,3421,3453,813350557878859,813350557980838,101979,101979,0,0,0,0,0,0,,
772,server_queue,target_worker,3421,3468,813350557980838,813350558076099,95261,33021,30104,32136,0,0,0,1,813350558012974,30104
772,server_queue,source_binder,3421,3453,813350557980838,813350558076099,95261,81354,0,13907,0,0,0,0,,
772,client_resume,target_worker,1466,3397,813350558196099,813350558352557,156458,42760,40417,73281,0,0,0,1,813350558269380,40417
772,client_resume,source_callback,1466,3362,813350558196099,813350558352557,156458,122968,0,33490,0,0,0,0,,
772,client_resolve,client_worker,1466,3397,813350557591672,813350557680578,88906,88906,0,0,0,0,0,0,,
772,client_register,client_worker,1466,3397,813350557680578,813350557733755,53177,53177,0,0,0,0,0,0,,
772,client_encode,client_worker,1466,3397,813350557733755,813350557791932,58177,58177,0,0,0,0,0,0,,
773,server_admission,receive_thread,3421,3453,813350558735838,813350558829849,94011,94011,0,0,0,0,0,0,,
773,server_queue,target_worker,3421,3468,813350558829849,813350558939015,109166,38281,36250,34635,0,0,0,1,813350558864484,36250
773,server_queue,source_binder,3421,3453,813350558829849,813350558939015,109166,87968,0,21198,0,0,0,0,,
773,client_resume,target_worker,1466,3397,813350559061620,813350559230890,169270,41979,48802,78489,0,0,0,1,813350559140109,48802
773,client_resume,source_callback,1466,3362,813350559061620,813350559230890,169270,129218,0,40052,0,0,0,0,,
773,client_resolve,client_worker,1466,3397,813350558428755,813350558536359,107604,107604,0,0,0,0,0,0,,
773,client_register,client_worker,1466,3397,813350558536359,813350558577036,40677,40677,0,0,0,0,0,0,,
773,client_encode,client_worker,1466,3397,813350558577036,813350558639849,62813,62813,0,0,0,0,0,0,,
774,server_admission,receive_thread,3421,3453,813350559619172,813350559715265,96093,96093,0,0,0,0,0,0,,
774,server_queue,target_worker,3421,3468,813350559715265,813350559820265,105000,37916,33073,34011,0,0,0,1,813350559749276,33073
774,server_queue,source_binder,3421,3453,813350559715265,813350559820265,105000,93594,0,11406,0,0,0,0,,
774,client_resume,target_worker,1466,3397,813350559939328,813350560122401,183073,65156,49167,68750,0,0,0,1,813350560008078,49167
774,client_resume,source_callback,1466,3362,813350559939328,813350560122401,183073,117917,0,65156,0,0,0,0,,
774,client_resolve,client_worker,1466,3397,813350559308026,813350559404849,96823,96823,0,0,0,0,0,0,,
774,client_register,client_worker,1466,3397,813350559404849,813350559475890,71041,71041,0,0,0,0,0,0,,
774,client_encode,client_worker,1466,3397,813350559475890,813350559528859,52969,52969,0,0,0,0,0,0,,
775,server_admission,receive_thread,3421,3453,813350560494172,813350560602036,107864,107864,0,0,0,0,0,0,,
775,server_queue,target_worker,3421,3468,813350560602036,813350560700838,98802,32500,33281,33021,0,0,0,1,813350560635057,33281
775,server_queue,source_binder,3421,3453,813350560602036,813350560700838,98802,89323,0,9479,0,0,0,0,,
775,client_resume,target_worker,1466,3397,813350560835682,813350560989797,154115,32032,46354,75729,0,0,0,1,813350560911411,46354
775,client_resume,source_callback,1466,3362,813350560835682,813350560989797,154115,122083,0,32032,0,0,0,0,,
775,client_resolve,client_worker,1466,3397,813350560197036,813350560297088,100052,100052,0,0,0,0,0,0,,
775,client_register,client_worker,1466,3397,813350560297088,813350560340786,43698,43698,0,0,0,0,0,0,,
775,client_encode,client_worker,1466,3397,813350560340786,813350560403495,62709,62709,0,0,0,0,0,0,,
776,server_admission,receive_thread,3421,3453,813350561361776,813350561475161,113385,113385,0,0,0,0,0,0,,
776,server_queue,target_worker,3421,3468,813350561475161,813350561573442,98281,31979,31198,35104,0,0,0,1,813350561510265,31198
776,server_queue,source_binder,3421,3453,813350561475161,813350561573442,98281,85834,0,12447,0,0,0,0,,
776,client_resume,target_worker,1466,3397,813350561696984,813350561870161,173177,42656,55833,74688,0,0,0,1,813350561771672,55833
776,client_resume,source_callback,1466,3362,813350561696984,813350561870161,173177,139531,0,33646,0,0,0,0,,
776,client_resolve,client_worker,1466,3397,813350561052349,813350561152088,99739,99739,0,0,0,0,0,0,,
776,client_register,client_worker,1466,3397,813350561152088,813350561194536,42448,42448,0,0,0,0,0,0,,
776,client_encode,client_worker,1466,3397,813350561194536,813350561269953,75417,75417,0,0,0,0,0,0,,
777,server_admission,receive_thread,3421,3453,813350562260734,813350562356359,95625,95625,0,0,0,0,0,0,,
777,server_queue,target_worker,3421,3468,813350562356359,813350562465734,109375,37812,37240,34323,0,0,0,1,813350562390682,37240
777,server_queue,source_binder,3421,3453,813350562356359,813350562465734,109375,86667,0,22708,0,0,0,0,,
777,client_resume,target_worker,1466,3397,813350562585474,813350562750161,164687,43437,47240,74010,0,0,0,1,813350562659484,47240
777,client_resume,source_callback,1466,3362,813350562585474,813350562750161,164687,122552,0,42135,0,0,0,0,,
777,client_resolve,client_worker,1466,3397,813350561948182,813350562057505,109323,109323,0,0,0,0,0,0,,
777,client_register,client_worker,1466,3397,813350562057505,813350562103026,45521,45521,0,0,0,0,0,0,,
777,client_encode,client_worker,1466,3397,813350562103026,813350562163547,60521,60521,0,0,0,0,0,0,,
778,server_admission,receive_thread,3421,3453,813350563130161,813350563221411,91250,91250,0,0,0,0,0,0,,
778,server_queue,target_worker,3421,3468,813350563221411,813350563327817,106406,37447,35990,32969,0,0,0,1,813350563254380,35990
778,server_queue,source_binder,3421,3453,813350563221411,813350563327817,106406,88125,0,18281,0,0,0,0,,
778,client_resume,target_worker,1466,3397,813350563481724,813350563639276,157552,31979,52605,72968,0,0,0,1,813350563554692,52605
778,client_resume,source_callback,1466,3362,813350563481724,813350563639276,157552,125573,0,31979,0,0,0,0,,
778,client_resolve,client_worker,1466,3397,813350562826724,813350562923338,96614,96614,0,0,0,0,0,0,,
778,client_register,client_worker,1466,3397,813350562923338,813350562964328,40990,40990,0,0,0,0,0,0,,
778,client_encode,client_worker,1466,3397,813350562964328,813350563030942,66614,66614,0,0,0,0,0,0,,
779,server_admission,receive_thread,3421,3453,813350564001620,813350564195005,193385,193385,0,0,0,0,0,0,,
779,server_queue,target_worker,3421,3468,813350564195005,813350564405474,210469,37292,66562,106615,0,0,0,1,813350564301620,66562
779,server_queue,source_binder,3421,3453,813350564195005,813350564405474,210469,199375,0,11094,0,0,0,0,,
779,client_resume,target_worker,1466,3397,813350564534067,813350564708338,174271,48437,40729,85105,0,0,0,1,813350564619172,40729
779,client_resume,source_callback,1466,3362,813350564534067,813350564708338,174271,138021,0,36250,0,0,0,0,,
779,client_resolve,client_worker,1466,3397,813350563710682,813350563813963,103281,103281,0,0,0,0,0,0,,
779,client_register,client_worker,1466,3397,813350563813963,813350563856099,42136,42136,0,0,0,0,0,0,,
779,client_encode,client_worker,1466,3397,813350563856099,813350563908755,52656,52656,0,0,0,0,0,0,,
780,server_admission,receive_thread,3421,3453,813350565135734,813350565247349,111615,111615,0,0,0,0,0,0,,
780,server_queue,target_worker,3421,3468,813350565247349,813350565361724,114375,40886,37864,35625,0,0,0,1,813350565282974,37864
780,server_queue,source_binder,3421,3453,813350565247349,813350565361724,114375,91458,0,22917,0,0,0,0,,
780,client_resume,target_worker,1466,3397,813350565502870,813350565691880,189010,49531,62709,76770,0,0,0,1,813350565579640,62709
780,client_resume,source_callback,1466,3362,813350565502870,813350565691880,189010,137812,0,51198,0,0,0,0,,
780,client_resolve,client_worker,1466,3397,813350564789953,813350564901620,111667,111667,0,0,0,0,0,0,,
780,client_register,client_worker,1466,3397,813350564901620,813350564951047,49427,49427,0,0,0,0,0,0,,
780,client_encode,client_worker,1466,3397,813350564951047,813350565029276,78229,78229,0,0,0,0,0,0,,
781,server_admission,receive_thread,3421,3453,813350566078442,813350566178078,99636,99636,0,0,0,0,0,0,,
781,server_queue,target_worker,3421,3468,813350566178078,813350566288130,110052,39792,35364,34896,0,0,0,1,813350566212974,35364
781,server_queue,source_binder,3421,3453,813350566178078,813350566288130,110052,89271,0,20781,0,0,0,0,,
781,client_resume,target_worker,1466,3397,813350566412088,813350566576463,164375,33906,54271,76198,0,0,0,1,813350566488286,54271
781,client_resume,source_callback,1466,3362,813350566412088,813350566576463,164375,130469,0,33906,0,0,0,0,,
781,client_resolve,client_worker,1466,3397,813350565774276,813350565878286,104010,104010,0,0,0,0,0,0,,
781,client_register,client_worker,1466,3397,813350565878286,813350565923390,45104,45104,0,0,0,0,0,0,,
781,client_encode,client_worker,1466,3397,813350565923390,813350565981880,58490,58490,0,0,0,0,0,0,,
782,server_admission,receive_thread,3421,3453,813350566981307,813350567085474,104167,104167,0,0,0,0,0,0,,
782,server_queue,target_worker,3421,3468,813350567085474,813350567194276,108802,35990,36875,35937,0,0,0,1,813350567121411,36875
782,server_queue,source_binder,3421,3453,813350567085474,813350567194276,108802,93802,0,15000,0,0,0,0,,
782,client_resume,target_worker,1466,3397,813350567324588,813350567511307,186719,45469,62135,79115,0,0,0,1,813350567403703,62135
782,client_resume,source_callback,1466,3362,813350567324588,813350567511307,186719,165417,0,21302,0,0,0,0,,
782,client_resolve,client_worker,1466,3397,813350566644901,813350566748495,103594,103594,0,0,0,0,0,0,,
782,client_register,client_worker,1466,3397,813350566748495,813350566794901,46406,46406,0,0,0,0,0,0,,
782,client_encode,client_worker,1466,3397,813350566794901,813350566860161,65260,65260,0,0,0,0,0,0,,
783,server_admission,receive_thread,3421,3453,813350567903442,813350567995578,92136,92136,0,0,0,0,0,0,,
783,server_queue,target_worker,3421,3468,813350567995578,813350568137349,141771,59792,33906,48073,0,0,0,1,813350568043651,33906
783,server_queue,source_binder,3421,3453,813350567995578,813350568137349,141771,100364,0,41407,0,0,0,0,,
783,client_resume,target_worker,1466,3397,813350568253755,813350568457140,203385,41041,90677,71667,0,0,0,1,813350568325422,90677
783,client_resume,source_callback,1466,3362,813350568253755,813350568457140,203385,162760,0,40625,0,0,0,0,,
783,client_resolve,client_worker,1466,3397,813350567586724,813350567692245,105521,105521,0,0,0,0,0,0,,
783,client_register,client_worker,1466,3397,813350567692245,813350567738286,46041,46041,0,0,0,0,0,0,,
783,client_encode,client_worker,1466,3397,813350567738286,813350567802088,63802,63802,0,0,0,0,0,0,,
784,server_admission,receive_thread,3421,3453,813350568826932,813350568921099,94167,94167,0,0,0,0,0,0,,
784,server_queue,target_worker,3421,3468,813350568921099,813350569027192,106093,37135,35677,33281,0,0,0,1,813350568954380,35677
784,server_queue,source_binder,3421,3453,813350568921099,813350569027192,106093,83646,0,22447,0,0,0,0,,
784,client_resume,target_worker,1466,3397,813350569143182,813350569293703,150521,33490,49896,67135,0,0,0,1,813350569210317,49896
784,client_resume,source_callback,1466,3362,813350569143182,813350569293703,150521,117031,0,33490,0,0,0,0,,
784,client_resolve,client_worker,1466,3397,813350568531307,813350568630370,99063,99063,0,0,0,0,0,0,,
784,client_register,client_worker,1466,3397,813350568630370,813350568670890,40520,40520,0,0,0,0,0,0,,
784,client_encode,client_worker,1466,3397,813350568670890,813350568727817,56927,56927,0,0,0,0,0,0,,
785,server_admission,receive_thread,3421,3453,813350569667453,813350569760109,92656,92656,0,0,0,0,0,0,,
785,server_queue,target_worker,3421,3468,813350569760109,813350569854640,94531,32500,30520,31511,0,0,0,1,813350569791620,30520
785,server_queue,source_binder,3421,3453,813350569760109,813350569854640,94531,81927,0,12604,0,0,0,0,,
785,client_resume,target_worker,1466,3397,813350569999536,813350570148442,148906,40937,37240,70729,0,0,0,1,813350570070265,37240
785,client_resume,source_callback,1466,3362,813350569999536,813350570148442,148906,116302,0,32604,0,0,0,0,,
785,client_resolve,client_worker,1466,3397,813350569371359,813350569468859,97500,97500,0,0,0,0,0,0,,
785,client_register,client_worker,1466,3397,813350569468859,813350569510890,42031,42031,0,0,0,0,0,0,,
785,client_encode,client_worker,1466,3397,813350569510890,813350569567505,56615,56615,0,0,0,0,0,0,,
786,server_admission,receive_thread,3421,3453,813350570524849,813350570619692,94843,94843,0,0,0,0,0,0,,
786,server_queue,target_worker,3421,3468,813350570619692,813350570718234,98542,35312,31146,32084,0,0,0,1,813350570651776,31146
786,server_queue,source_binder,3421,3453,813350570619692,813350570718234,98542,81875,0,16667,0,0,0,0,,
786,client_resume,target_worker,1466,3397,813350570830995,813350570995370,164375,42709,40000,81666,0,0,0,1,813350570912661,40000
786,client_resume,source_callback,1466,3362,813350570830995,813350570995370,164375,129322,0,35053,0,0,0,0,,
786,client_resolve,client_worker,1466,3397,813350570222088,813350570326880,104792,104792,0,0,0,0,0,0,,
786,client_register,client_worker,1466,3397,813350570326880,813350570368182,41302,41302,0,0,0,0,0,0,,
786,client_encode,client_worker,1466,3397,813350570368182,813350570425630,57448,57448,0,0,0,0,0,0,,
787,server_admission,receive_thread,3421,3453,813350571408703,813350571507349,98646,98646,0,0,0,0,0,0,,
787,server_queue,target_worker,3421,3468,813350571507349,813350571610838,103489,34791,33073,35625,0,0,0,1,813350571542974,33073
787,server_queue,source_binder,3421,3453,813350571507349,813350571610838,103489,85000,0,18489,0,0,0,0,,
787,client_resume,target_worker,1466,3397,813350571724797,813350571876672,151875,41042,43073,67760,0,0,0,1,813350571792557,43073
787,client_resume,source_callback,1466,3362,813350571724797,813350571876672,151875,116041,0,35834,0,0,0,0,,
787,client_resolve,client_worker,1466,3397,813350571067140,813350571178338,111198,111198,0,0,0,0,0,0,,
787,client_register,client_worker,1466,3397,813350571178338,813350571219692,41354,41354,0,0,0,0,0,0,,
787,client_encode,client_worker,1466,3397,813350571219692,813350571284067,64375,64375,0,0,0,0,0,0,,
788,server_admission,receive_thread,3421,3453,813350572363911,813350572469797,105886,105886,0,0,0,0,0,0,,
788,server_queue,target_worker,3421,3468,813350572469797,813350572575265,105468,39062,34115,32291,0,0,0,1,813350572502088,34115
788,server_queue,source_binder,3421,3453,813350572469797,813350572575265,105468,101145,0,4323,0,0,0,0,,
788,client_resume,target_worker,1466,3397,813350572680109,813350572838963,158854,41510,49375,67969,0,0,0,1,813350572748078,49375
788,client_resume,source_callback,1466,3362,813350572680109,813350572838963,158854,115886,0,42968,0,0,0,0,,
788,client_resolve,client_worker,1466,3397,813350571949015,813350572055995,106980,106980,0,0,0,0,0,0,,
788,client_register,client_worker,1466,3397,813350572055995,813350572180838,124843,124843,0,0,0,0,0,0,,
788,client_encode,client_worker,1466,3397,813350572180838,813350572277349,96511,96511,0,0,0,0,0,0,,
789,server_admission,receive_thread,3421,3453,813350573203859,813350573294536,90677,90677,0,0,0,0,0,0,,
789,server_queue,target_worker,3421,3468,813350573294536,813350573390890,96354,37187,29063,30104,0,0,0,1,813350573324640,29063
789,server_queue,source_binder,3421,3453,813350573294536,813350573390890,96354,75261,0,21093,0,0,0,0,,
789,client_resume,target_worker,1466,3397,813350573508026,813350573781620,273594,77709,125677,70208,0,0,0,1,813350573578234,125677
789,client_resume,source_callback,1466,3362,813350573508026,813350573781620,273594,195885,0,77709,0,0,0,0,,
789,client_resolve,client_worker,1466,3397,813350572908703,813350573017088,108385,108385,0,0,0,0,0,0,,
789,client_register,client_worker,1466,3397,813350573017088,813350573063651,46563,46563,0,0,0,0,0,0,,
789,client_encode,client_worker,1466,3397,813350573063651,813350573116776,53125,53125,0,0,0,0,0,0,,
790,server_admission,receive_thread,3421,3453,813350574197349,813350574320161,122812,122812,0,0,0,0,0,0,,
790,server_queue,target_worker,3421,3468,813350574320161,813350574434640,114479,33645,38594,42240,0,0,0,1,813350574362401,38594
790,server_queue,source_binder,3421,3453,813350574320161,813350574434640,114479,111771,0,2708,0,0,0,0,,
790,client_resume,target_worker,1466,3397,813350574566984,813350574731411,164427,43125,44583,76719,0,0,0,1,813350574643703,44583
790,client_resume,source_callback,1466,3362,813350574566984,813350574731411,164427,126406,0,38021,0,0,0,0,,
790,client_resolve,client_worker,1466,3397,813350573885422,813350573994849,109427,109427,0,0,0,0,0,0,,
790,client_register,client_worker,1466,3397,813350573994849,813350574042140,47291,47291,0,0,0,0,0,0,,
790,client_encode,client_worker,1466,3397,813350574042140,813350574102922,60782,60782,0,0,0,0,0,0,,
791,server_admission,receive_thread,3421,3453,813350575152088,813350575258495,106407,106407,0,0,0,0,0,0,,
791,server_queue,target_worker,3421,3468,813350575258495,813350575371567,113072,38854,36666,37552,0,0,0,1,813350575296047,36666
791,server_queue,source_binder,3421,3453,813350575258495,813350575371567,113072,91666,0,21406,0,0,0,0,,
791,client_resume,target_worker,1466,3397,813350575496099,813350575669328,173229,45886,53489,73854,0,0,0,1,813350575569953,53489
791,client_resume,source_callback,1466,3362,813350575496099,813350575669328,173229,126927,0,46302,0,0,0,0,,
791,client_resolve,client_worker,1466,3397,813350574809745,813350574916672,106927,106927,0,0,0,0,0,0,,
791,client_register,client_worker,1466,3397,813350574916672,813350574993547,76875,76875,0,0,0,0,0,0,,
791,client_encode,client_worker,1466,3397,813350574993547,813350575052140,58593,58593,0,0,0,0,0,0,,
792,server_admission,receive_thread,3421,3453,813350576056151,813350576206047,149896,149896,0,0,0,0,0,0,,
792,server_queue,target_worker,3421,3468,813350576206047,813350576319328,113281,41719,33229,38333,0,0,0,1,813350576244380,33229
792,server_queue,source_binder,3421,3453,813350576206047,813350576319328,113281,91979,0,21302,0,0,0,0,,
792,client_resume,target_worker,1466,3397,813350576436620,813350576590630,154010,34792,49218,70000,0,0,0,1,813350576506620,49218
792,client_resume,source_callback,1466,3362,813350576436620,813350576590630,154010,119218,0,34792,0,0,0,0,,
792,client_resolve,client_worker,1466,3397,813350575746099,813350575850526,104427,104427,0,0,0,0,0,0,,
792,client_register,client_worker,1466,3397,813350575850526,813350575895057,44531,44531,0,0,0,0,0,0,,
792,client_encode,client_worker,1466,3397,813350575895057,813350575956776,61719,61719,0,0,0,0,0,0,,
793,server_admission,receive_thread,3421,3453,813350576972765,813350577093755,120990,120990,0,0,0,0,0,0,,
793,server_queue,target_worker,3421,3468,813350577093755,813350577200838,107083,33177,33229,40677,0,0,0,1,813350577134432,33229
793,server_queue,source_binder,3421,3453,813350577093755,813350577200838,107083,96562,0,10521,0,0,0,0,,
793,client_resume,target_worker,1466,3397,813350577322088,813350577482349,160261,34427,48907,76927,0,0,0,1,813350577399015,48907
793,client_resume,source_callback,1466,3362,813350577322088,813350577482349,160261,125834,0,34427,0,0,0,0,,
793,client_resolve,client_worker,1466,3397,813350576660786,813350576761463,100677,100677,0,0,0,0,0,0,,
793,client_register,client_worker,1466,3397,813350576761463,813350576819692,58229,58229,0,0,0,0,0,0,,
793,client_encode,client_worker,1466,3397,813350576819692,813350576882713,63021,63021,0,0,0,0,0,0,,
794,server_admission,receive_thread,3421,3453,813350577847036,813350577949953,102917,102917,0,0,0,0,0,0,,
794,server_queue,target_worker,3421,3468,813350577949953,813350578055422,105469,33125,35573,36771,0,0,0,1,813350577986724,35573
794,server_queue,source_binder,3421,3453,813350577949953,813350578055422,105469,92344,0,13125,0,0,0,0,,
794,client_resume,target_worker,1466,3397,813350578178286,813350578344640,166354,43854,46250,76250,0,0,0,1,813350578254536,46250
794,client_resume,source_callback,1466,3362,813350578178286,813350578344640,166354,146511,0,19843,0,0,0,0,,
794,client_resolve,client_worker,1466,3397,813350577547297,813350577643755,96458,96458,0,0,0,0,0,0,,
794,client_register,client_worker,1466,3397,813350577643755,813350577686411,42656,42656,0,0,0,0,0,0,,
794,client_encode,client_worker,1466,3397,813350577686411,813350577754328,67917,67917,0,0,0,0,0,0,,
795,server_admission,receive_thread,3421,3453,813350578736047,813350578832401,96354,96354,0,0,0,0,0,0,,
795,server_queue,target_worker,3421,3468,813350578832401,813350578945057,112656,38385,40573,33698,0,0,0,1,813350578866099,40573
795,server_queue,source_binder,3421,3453,813350578832401,813350578945057,112656,89375,0,23281,0,0,0,0,,
795,client_resume,target_worker,1466,3397,813350579069015,813350579218963,149948,31823,48385,69740,0,0,0,1,813350579138755,48385
795,client_resume,source_callback,1466,3362,813350579069015,813350579218963,149948,118125,0,31823,0,0,0,0,,
795,client_resolve,client_worker,1466,3397,813350578420526,813350578524120,103594,103594,0,0,0,0,0,0,,
795,client_register,client_worker,1466,3397,813350578524120,813350578564588,40468,40468,0,0,0,0,0,0,,
795,client_encode,client_worker,1466,3397,813350578564588,813350578635578,70990,70990,0,0,0,0,0,0,,
796,server_admission,receive_thread,3421,3453,813350579669849,813350579774276,104427,104427,0,0,0,0,0,0,,
796,server_queue,target_worker,3421,3468,813350579774276,813350579916776,142500,36771,36354,69375,0,0,0,1,813350579843651,36354
796,server_queue,source_binder,3421,3453,813350579774276,813350579916776,142500,130416,0,12084,0,0,0,0,,
796,client_resume,target_worker,1466,3397,813350580045213,813350580293599,248386,46771,63229,138386,0,0,0,1,813350580183599,63229
796,client_resume,source_callback,1466,3362,813350580045213,813350580293599,248386,244271,0,4115,0,0,0,0,,
796,client_resolve,client_worker,1466,3397,813350579286932,813350579455265,168333,168333,0,0,0,0,0,0,,
796,client_register,client_worker,1466,3397,813350579455265,813350579507192,51927,51927,0,0,0,0,0,0,,
796,client_encode,client_worker,1466,3397,813350579507192,813350579576203,69011,69011,0,0,0,0,0,0,,
797,server_admission,receive_thread,3421,3453,813350580700682,813350580802765,102083,102083,0,0,0,0,0,0,,
797,server_queue,target_worker,3421,3468,813350580802765,813350580916828,114063,37448,40000,36615,0,0,0,1,813350580839380,40000
797,server_queue,source_binder,3421,3453,813350580802765,813350580916828,114063,93334,0,20729,0,0,0,0,,
797,client_resume,target_worker,1466,3397,813350581043234,813350581205526,162292,42552,44792,74948,0,0,0,1,813350581118182,44792
797,client_resume,source_callback,1466,3362,813350581043234,813350581205526,162292,127344,0,34948,0,0,0,0,,
797,client_resolve,client_worker,1466,3397,813350580364015,813350580466203,102188,102188,0,0,0,0,0,0,,
797,client_register,client_worker,1466,3397,813350580466203,813350580507817,41614,41614,0,0,0,0,0,0,,
797,client_encode,client_worker,1466,3397,813350580507817,813350580594536,86719,86719,0,0,0,0,0,0,,
798,server_admission,receive_thread,3421,3453,813350581587088,813350581683547,96459,96459,0,0,0,0,0,0,,
798,server_queue,target_worker,3421,3468,813350581683547,813350581792192,108645,35312,36823,36510,0,0,0,1,813350581720057,36823
798,server_queue,source_binder,3421,3453,813350581683547,813350581792192,108645,91145,0,17500,0,0,0,0,,
798,client_resume,target_worker,1466,3397,813350581910890,813350582071203,160313,43490,46666,70157,0,0,0,1,813350581981047,46666
798,client_resume,source_callback,1466,3362,813350581910890,813350582071203,160313,120469,0,39844,0,0,0,0,,
798,client_resolve,client_worker,1466,3397,813350581283495,813350581385109,101614,101614,0,0,0,0,0,0,,
798,client_register,client_worker,1466,3397,813350581385109,813350581427192,42083,42083,0,0,0,0,0,0,,
798,client_encode,client_worker,1466,3397,813350581427192,813350581488807,61615,61615,0,0,0,0,0,0,,
799,server_admission,receive_thread,3421,3453,813350582484015,813350582580942,96927,96927,0,0,0,0,0,0,,
799,server_queue,target_worker,3421,3468,813350582580942,813350582690995,110053,37240,37969,34844,0,0,0,1,813350582615786,37969
799,server_queue,source_binder,3421,3453,813350582580942,813350582690995,110053,89948,0,20105,0,0,0,0,,
799,client_resume,target_worker,1466,3397,813350582808442,813350582989120,180678,37448,55313,87917,0,0,0,1,813350582896359,55313
799,client_resume,source_callback,1466,3362,813350582808442,813350582989120,180678,143230,0,37448,0,0,0,0,,
799,client_resolve,client_worker,1466,3397,813350582146672,813350582246463,99791,99791,0,0,0,0,0,0,,
799,client_register,client_worker,1466,3397,813350582246463,813350582294484,48021,48021,0,0,0,0,0,0,,
799,client_encode,client_worker,1466,3397,813350582294484,813350582382817,88333,88333,0,0,0,0,0,0,,
800,server_admission,receive_thread,3421,3453,813350583376359,813350583473703,97344,97344,0,0,0,0,0,0,,
800,server_queue,target_worker,3421,3468,813350583473703,813350583575422,101719,31094,35781,34844,0,0,0,1,813350583508547,35781
800,server_queue,source_binder,3421,3453,813350583473703,813350583575422,101719,90260,0,11459,0,0,0,0,,
800,client_resume,target_worker,1466,3397,813350583697088,813350583909172,212084,76459,59739,75886,0,0,0,1,813350583772974,59739
800,client_resume,source_callback,1466,3362,813350583697088,813350583909172,212084,146250,0,65834,0,0,0,0,,
800,client_resolve,client_worker,1466,3397,813350583063026,813350583173859,110833,110833,0,0,0,0,0,0,,
800,client_register,client_worker,1466,3397,813350583173859,813350583219797,45938,45938,0,0,0,0,0,0,,
800,client_encode,client_worker,1466,3397,813350583219797,813350583282349,62552,62552,0,0,0,0,0,0,,
801,server_admission,receive_thread,3421,3453,813350584320734,813350584428286,107552,107552,0,0,0,0,0,0,,
801,server_queue,target_worker,3421,3468,813350584428286,813350584538495,110209,36875,36563,36771,0,0,0,1,813350584465057,36563
801,server_queue,source_binder,3421,3453,813350584428286,813350584538495,110209,90313,0,19896,0,0,0,0,,
801,client_resume,target_worker,1466,3397,813350584687453,813350584864849,177396,46823,56094,74479,0,0,0,1,813350584761932,56094
801,client_resume,source_callback,1466,3362,813350584687453,813350584864849,177396,126979,0,50417,0,0,0,0,,
801,client_resolve,client_worker,1466,3397,813350583977609,813350584076567,98958,98958,0,0,0,0,0,0,,
801,client_register,client_worker,1466,3397,813350584076567,813350584156463,79896,79896,0,0,0,0,0,0,,
801,client_encode,client_worker,1466,3397,813350584156463,813350584213442,56979,56979,0,0,0,0,0,0,,
802,server_admission,receive_thread,3421,3453,813350585231099,813350585325526,94427,94427,0,0,0,0,0,0,,
802,server_queue,target_worker,3421,3468,813350585325526,813350585430109,104583,36719,34635,33229,0,0,0,1,813350585358755,34635
802,server_queue,source_binder,3421,3453,813350585325526,813350585430109,104583,89583,0,15000,0,0,0,0,,
802,client_resume,target_worker,1466,3397,813350585557140,813350585728703,171563,45521,54583,71459,0,0,0,1,813350585628599,54583
802,client_resume,source_callback,1466,3362,813350585557140,813350585728703,171563,122813,0,48750,0,0,0,0,,
802,client_resolve,client_worker,1466,3397,813350584940578,813350585038963,98385,98385,0,0,0,0,0,0,,
802,client_register,client_worker,1466,3397,813350585038963,813350585079172,40209,40209,0,0,0,0,0,0,,
802,client_encode,client_worker,1466,3397,813350585079172,813350585132453,53281,53281,0,0,0,0,0,0,,
803,server_admission,receive_thread,3421,3453,813350586107922,813350586202245,94323,94323,0,0,0,0,0,0,,
803,server_queue,target_worker,3421,3468,813350586202245,813350586307245,105000,37865,33646,33489,0,0,0,1,813350586235734,33646
803,server_queue,source_binder,3421,3453,813350586202245,813350586307245,105000,85885,0,19115,0,0,0,0,,
803,client_resume,target_worker,1466,3397,813350586432765,813350586602505,169740,47917,51510,70313,0,0,0,1,813350586503078,51510
803,client_resume,source_callback,1466,3362,813350586432765,813350586602505,169740,119011,0,50729,0,0,0,0,,
803,client_resolve,client_worker,1466,3397,813350585805838,813350585905578,99740,99740,0,0,0,0,0,0,,
803,client_register,client_worker,1466,3397,813350585905578,813350585947140,41562,41562,0,0,0,0,0,0,,
803,client_encode,client_worker,1466,3397,813350585947140,813350586009692,62552,62552,0,0,0,0,0,0,,
804,server_admission,receive_thread,3421,3453,813350586999380,813350587100890,101510,101510,0,0,0,0,0,0,,
804,server_queue,target_worker,3421,3468,813350587100890,813350587206620,105730,35261,36042,34427,0,0,0,1,813350587135317,36042
804,server_queue,source_binder,3421,3453,813350587100890,813350587206620,105730,87448,0,18282,0,0,0,0,,
804,client_resume,target_worker,1466,3397,813350587328130,813350587506411,178281,35000,73698,69583,0,0,0,1,813350587397713,73698
804,client_resume,source_callback,1466,3362,813350587328130,813350587506411,178281,143281,0,35000,0,0,0,0,,
804,client_resolve,client_worker,1466,3397,813350586688911,813350586789640,100729,100729,0,0,0,0,0,0,,
804,client_register,client_worker,1466,3397,813350586789640,813350586836099,46459,46459,0,0,0,0,0,0,,
804,client_encode,client_worker,1466,3397,813350586836099,813350586899276,63177,63177,0,0,0,0,0,0,,
805,server_admission,receive_thread,3421,3453,813350587888963,813350588002557,113594,113594,0,0,0,0,0,0,,
805,server_queue,target_worker,3421,3468,813350588002557,813350588138755,136198,33906,21250,81042,0,0,0,1,813350588083599,21250
805,server_queue,source_binder,3421,3453,813350588002557,813350588138755,136198,136198,0,0,0,0,0,0,,
805,client_resume,target_worker,1466,3397,813350588413599,813350588569849,156250,41615,31198,83437,0,0,0,1,813350588497036,31198
805,client_resume,source_callback,1466,3362,813350588413599,813350588569849,156250,141354,0,14896,0,0,0,0,,
805,client_resolve,client_worker,1466,3397,813350587580370,813350587688755,108385,108385,0,0,0,0,0,0,,
805,client_register,client_worker,1466,3397,813350587688755,813350587736724,47969,47969,0,0,0,0,0,0,,
805,client_encode,client_worker,1466,3397,813350587736724,813350587797817,61093,61093,0,0,0,0,0,0,,
806,server_admission,receive_thread,3421,3453,813350588949484,813350589047297,97813,97813,0,0,0,0,0,0,,
806,server_queue,target_worker,3421,3468,813350589047297,813350589144484,97187,33646,29427,34114,0,0,0,1,813350589081411,29427
806,server_queue,source_binder,3421,3453,813350589047297,813350589144484,97187,86718,0,10469,0,0,0,0,,
806,client_resume,target_worker,1466,3397,813350589301359,813350589457557,156198,42031,37136,77031,0,0,0,1,813350589378390,37136
806,client_resume,source_callback,1466,3362,813350589301359,813350589457557,156198,124583,0,31615,0,0,0,0,,
806,client_resolve,client_worker,1466,3397,813350588650734,813350588754849,104115,104115,0,0,0,0,0,0,,
806,client_register,client_worker,1466,3397,813350588754849,813350588796776,41927,41927,0,0,0,0,0,0,,
806,client_encode,client_worker,1466,3397,813350588796776,813350588860682,63906,63906,0,0,0,0,0,0,,
807,server_admission,receive_thread,3421,3453,813350589833755,813350589926828,93073,93073,0,0,0,0,0,0,,
807,server_queue,target_worker,3421,3468,813350589926828,813350590032453,105625,34896,35469,35260,0,0,0,1,813350589962088,35469
807,server_queue,source_binder,3421,3453,813350589926828,813350590032453,105625,87760,0,17865,0,0,0,0,,
807,client_resume,target_worker,1466,3397,813350590147817,813350590316099,168282,44532,54583,69167,0,0,0,1,813350590216984,54583
807,client_resume,source_callback,1466,3362,813350590147817,813350590316099,168282,121355,0,46927,0,0,0,0,,
807,client_resolve,client_worker,1466,3397,813350589533911,813350589638182,104271,104271,0,0,0,0,0,0,,
807,client_register,client_worker,1466,3397,813350589638182,813350589679484,41302,41302,0,0,0,0,0,0,,
807,client_encode,client_worker,1466,3397,813350589679484,813350589735526,56042,56042,0,0,0,0,0,0,,
808,server_admission,receive_thread,3421,3453,813350590720161,813350590814536,94375,94375,0,0,0,0,0,0,,
808,server_queue,target_worker,3421,3468,813350590814536,813350590920109,105573,35885,36511,33177,0,0,0,1,813350590847713,36511
808,server_queue,source_binder,3421,3453,813350590814536,813350590920109,105573,86302,0,19271,0,0,0,0,,
808,client_resume,target_worker,1466,3397,813350591036515,813350591201984,165469,42083,52084,71302,0,0,0,1,813350591107817,52084
808,client_resume,source_callback,1466,3362,813350591036515,813350591201984,165469,122969,0,42500,0,0,0,0,,
808,client_resolve,client_worker,1466,3397,813350590387609,813350590513078,125469,125469,0,0,0,0,0,0,,
808,client_register,client_worker,1466,3397,813350590513078,813350590554745,41667,41667,0,0,0,0,0,0,,
808,client_encode,client_worker,1466,3397,813350590554745,813350590616203,61458,61458,0,0,0,0,0,0,,
809,server_admission,receive_thread,3421,3453,813350591570734,813350591663078,92344,92344,0,0,0,0,0,0,,
809,server_queue,target_worker,3421,3468,813350591663078,813350591783703,120625,34740,35000,50885,0,0,0,1,813350591713963,35000
809,server_queue,source_binder,3421,3453,813350591663078,813350591783703,120625,103646,0,16979,0,0,0,0,,
809,client_resume,target_worker,1466,3397,813350591896411,813350592061515,165104,41458,52604,71042,0,0,0,1,813350591967453,52604
809,client_resume,source_callback,1466,3362,813350591896411,813350592061515,165104,123073,0,42031,0,0,0,0,,
809,client_resolve,client_worker,1466,3397,813350591275838,813350591373651,97813,97813,0,0,0,0,0,0,,
809,client_register,client_worker,1466,3397,813350591373651,813350591416203,42552,42552,0,0,0,0,0,0,,
809,client_encode,client_worker,1466,3397,813350591416203,813350591478859,62656,62656,0,0,0,0,0,0,,
810,server_admission,receive_thread,3421,3453,813350592476724,813350592581359,104635,104635,0,0,0,0,0,0,,
810,server_queue,target_worker,3421,3468,813350592581359,813350592684953,103594,36250,33073,34271,0,0,0,1,813350592615630,33073
810,server_queue,source_binder,3421,3453,813350592581359,813350592684953,103594,86458,0,17136,0,0,0,0,,
810,client_resume,target_worker,1466,3397,813350592800005,813350592955578,155573,34479,51407,69687,0,0,0,1,813350592869692,51407
810,client_resume,source_callback,1466,3362,813350592800005,813350592955578,155573,121094,0,34479,0,0,0,0,,
810,client_resolve,client_worker,1466,3397,813350592172036,813350592268911,96875,96875,0,0,0,0,0,0,,
810,client_register,client_worker,1466,3397,813350592268911,813350592323703,54792,54792,0,0,0,0,0,0,,
810,client_encode,client_worker,1466,3397,813350592323703,813350592379067,55364,55364,0,0,0,0,0,0,,
811,server_admission,receive_thread,3421,3453,813350593306463,813350593401203,94740,94740,0,0,0,0,0,0,,
811,server_queue,target_worker,3421,3468,813350593401203,813350593494640,93437,31093,27761,34583,0,0,0,1,813350593435786,27761
811,server_queue,source_binder,3421,3453,813350593401203,813350593494640,93437,80260,0,13177,0,0,0,0,,
811,client_resume,target_worker,1466,3397,813350593619328,813350593763911,144583,40052,33385,71146,0,0,0,1,813350593690474,33385
811,client_resume,source_callback,1466,3362,813350593619328,813350593763911,144583,115521,0,29062,0,0,0,0,,
811,client_resolve,client_worker,1466,3397,813350593023911,813350593122453,98542,98542,0,0,0,0,0,0,,
811,client_register,client_worker,1466,3397,813350593122453,813350593163755,41302,41302,0,0,0,0,0,0,,
811,client_encode,client_worker,1466,3397,813350593163755,813350593218182,54427,54427,0,0,0,0,0,0,,
812,server_admission,receive_thread,3421,3453,813350594129015,813350594218807,89792,89792,0,0,0,0,0,0,,
812,server_queue,target_worker,3421,3468,813350594218807,813350594314380,95573,36042,29427,30104,0,0,0,1,813350594248911,29427
812,server_queue,source_binder,3421,3453,813350594218807,813350594314380,95573,75573,0,20000,0,0,0,0,,
812,client_resume,target_worker,1466,3397,813350594420161,813350594576880,156719,40365,42083,74271,0,0,0,1,813350594494432,42083
812,client_resume,source_callback,1466,3362,813350594420161,813350594576880,156719,120677,0,36042,0,0,0,0,,
812,client_resolve,client_worker,1466,3397,813350593837036,813350593937453,100417,100417,0,0,0,0,0,0,,
812,client_register,client_worker,1466,3397,813350593937453,813350593994276,56823,56823,0,0,0,0,0,0,,
812,client_encode,client_worker,1466,3397,813350593994276,813350594044588,50312,50312,0,0,0,0,0,0,,
813,server_admission,receive_thread,3421,3453,813350594925578,813350595014276,88698,88698,0,0,0,0,0,0,,
813,server_queue,target_worker,3421,3468,813350595014276,813350595110474,96198,35209,30729,30260,0,0,0,1,813350595044536,30729
813,server_queue,source_binder,3421,3453,813350595014276,813350595110474,96198,80312,0,15886,0,0,0,0,,
813,client_resume,target_worker,1466,3397,813350595224953,813350595394692,169739,43281,57448,69010,0,0,0,1,813350595293963,57448
813,client_resume,source_callback,1466,3362,813350595224953,813350595394692,169739,124792,0,44947,0,0,0,0,,
813,client_resolve,client_worker,1466,3397,813350594643390,813350594739015,95625,95625,0,0,0,0,0,0,,
813,client_register,client_worker,1466,3397,813350594739015,813350594780370,41355,41355,0,0,0,0,0,0,,
813,client_encode,client_worker,1466,3397,813350594780370,813350594836776,56406,56406,0,0,0,0,0,0,,
814,server_admission,receive_thread,3421,3453,813350595830630,813350595949120,118490,118490,0,0,0,0,0,0,,
814,server_queue,target_worker,3421,3468,813350595949120,813350596052557,103437,34375,34583,34479,0,0,0,1,813350595983599,34583
814,server_queue,source_binder,3421,3453,813350595949120,813350596052557,103437,88177,0,15260,0,0,0,0,,
814,client_resume,target_worker,1466,3397,813350596215682,813350596371672,155990,35313,52656,68021,0,0,0,1,813350596283703,52656
814,client_resume,source_callback,1466,3362,813350596215682,813350596371672,155990,120677,0,35313,0,0,0,0,,
814,client_resolve,client_worker,1466,3397,813350595468026,813350595614692,146666,146666,0,0,0,0,0,0,,
814,client_register,client_worker,1466,3397,813350595614692,813350595675370,60678,60678,0,0,0,0,0,0,,
814,client_encode,client_worker,1466,3397,813350595675370,813350595736359,60989,60989,0,0,0,0,0,0,,
815,server_admission,receive_thread,3421,3453,813350596796411,813350596887557,91146,91146,0,0,0,0,0,0,,
815,server_queue,target_worker,3421,3468,813350596887557,813350597008703,121146,30677,16302,74167,0,0,0,1,813350596961724,16302
815,server_queue,source_binder,3421,3453,813350596887557,813350597008703,121146,111302,0,9844,0,0,0,0,,
815,client_resume,target_worker,1466,3397,813350597282453,813350597484797,202344,35417,77135,89792,0,0,0,1,813350597372245,77135
815,client_resume,source_callback,1466,3362,813350597282453,813350597484797,202344,166927,0,35417,0,0,0,0,,
815,client_resolve,client_worker,1466,3397,813350596443859,813350596554120,110261,110261,0,0,0,0,0,0,,
815,client_register,client_worker,1466,3397,813350596554120,813350596597297,43177,43177,0,0,0,0,0,0,,
815,client_encode,client_worker,1466,3397,813350596597297,813350596659015,61718,61718,0,0,0,0,0,0,,
816,server_admission,receive_thread,3421,3453,813350597864745,813350597952557,87812,87812,0,0,0,0,0,0,,
816,server_queue,target_worker,3421,3468,813350597952557,813350598055109,102552,33333,30469,38750,0,0,0,1,813350597991307,30469
816,server_queue,source_binder,3421,3453,813350597952557,813350598055109,102552,88385,0,14167,0,0,0,0,,
816,client_resume,target_worker,1466,3397,813350598234380,813350598392557,158177,39740,36458,81979,0,0,0,1,813350598316359,36458
816,client_resume,source_callback,1466,3362,813350598234380,813350598392557,158177,140417,0,17760,0,0,0,0,,
816,client_resolve,client_worker,1466,3397,813350597551828,813350597648963,97135,97135,0,0,0,0,0,0,,
816,client_register,client_worker,1466,3397,813350597648963,813350597690526,41563,41563,0,0,0,0,0,0,,
816,client_encode,client_worker,1466,3397,813350597690526,813350597770890,80364,80364,0,0,0,0,0,0,,
817,server_admission,receive_thread,3421,3453,813350598768182,813350598861828,93646,93646,0,0,0,0,0,0,,
817,server_queue,target_worker,3421,3468,813350598861828,813350598966932,105104,34948,34739,35417,0,0,0,1,813350598897245,34739
817,server_queue,source_binder,3421,3453,813350598861828,813350598966932,105104,86771,0,18333,0,0,0,0,,
817,client_resume,target_worker,1466,3397,813350599081776,813350599281984,200208,74896,55208,70104,0,0,0,1,813350599151880,55208
817,client_resume,source_callback,1466,3362,813350599081776,813350599281984,200208,122760,0,77448,0,0,0,0,,
817,client_resolve,client_worker,1466,3397,813350598467974,813350598571359,103385,103385,0,0,0,0,0,0,,
817,client_register,client_worker,1466,3397,813350598571359,813350598613495,42136,42136,0,0,0,0,0,0,,
817,client_encode,client_worker,1466,3397,813350598613495,813350598674172,60677,60677,0,0,0,0,0,0,,
818,server_admission,receive_thread,3421,3453,813350599635995,813350599739276,103281,103281,0,0,0,0,0,0,,
818,server_queue,target_worker,3421,3468,813350599739276,813350599842713,103437,36718,33803,32916,0,0,0,1,813350599772192,33803
818,server_queue,source_binder,3421,3453,813350599739276,813350599842713,103437,81146,0,22291,0,0,0,0,,
818,client_resume,target_worker,1466,3397,813350599967817,813350600166880,199063,69115,51562,78386,0,0,0,1,813350600046203,51562
818,client_resume,source_callback,1466,3362,813350599967817,813350600166880,199063,135886,0,63177,0,0,0,0,,
818,client_resolve,client_worker,1466,3397,813350599349588,813350599438547,88959,88959,0,0,0,0,0,0,,
818,client_register,client_worker,1466,3397,813350599438547,813350599479901,41354,41354,0,0,0,0,0,0,,
818,client_encode,client_worker,1466,3397,813350599479901,813350599552765,72864,72864,0,0,0,0,0,0,,
819,server_admission,receive_thread,3421,3453,813350600515109,813350600601151,86042,86042,0,0,0,0,0,0,,
819,server_queue,target_worker,3421,3468,813350600601151,813350600703338,102187,37187,33334,31666,0,0,0,1,813350600632817,33334
819,server_queue,source_binder,3421,3453,813350600601151,813350600703338,102187,79114,0,23073,0,0,0,0,,
819,client_resume,target_worker,1466,3397,813350600815161,813350600974380,159219,41615,48541,69063,0,0,0,1,813350600884224,48541
819,client_resume,source_callback,1466,3362,813350600815161,813350600974380,159219,118177,0,41042,0,0,0,0,,
819,client_resolve,client_worker,1466,3397,813350600241307,813350600336828,95521,95521,0,0,0,0,0,0,,
819,client_register,client_worker,1466,3397,813350600336828,813350600377505,40677,40677,0,0,0,0,0,0,,
819,client_encode,client_worker,1466,3397,813350600377505,813350600427661,50156,50156,0,0,0,0,0,0,,
820,server_admission,receive_thread,3421,3453,813350601325838,813350601410422,84584,84584,0,0,0,0,0,0,,
820,server_queue,target_worker,3421,3468,813350601410422,813350601509484,99062,35104,31510,32448,0,0,0,1,813350601442870,31510
820,server_queue,source_binder,3421,3453,813350601410422,813350601509484,99062,81354,0,17708,0,0,0,0,,
820,client_resume,target_worker,1466,3397,813350601615474,813350601778755,163281,40938,52708,69635,0,0,0,1,813350601685109,52708
820,client_resume,source_callback,1466,3362,813350601615474,813350601778755,163281,119687,0,43594,0,0,0,0,,
820,client_resolve,client_worker,1466,3397,813350601045578,813350601139015,93437,93437,0,0,0,0,0,0,,
820,client_register,client_worker,1466,3397,813350601139015,813350601181255,42240,42240,0,0,0,0,0,0,,
820,client_encode,client_worker,1466,3397,813350601181255,813350601240161,58906,58906,0,0,0,0,0,0,,
821,server_admission,receive_thread,3421,3453,813350602128078,813350602215526,87448,87448,0,0,0,0,0,0,,
821,server_queue,target_worker,3421,3468,813350602215526,813350602317349,101823,36615,32917,32291,0,0,0,1,813350602247817,32917
821,server_queue,source_binder,3421,3453,813350602215526,813350602317349,101823,82448,0,19375,0,0,0,0,,
821,client_resume,target_worker,1466,3397,813350602424797,813350602588286,163489,41094,53697,68698,0,0,0,1,813350602493495,53697
821,client_resume,source_callback,1466,3362,813350602424797,813350602588286,163489,120260,0,43229,0,0,0,0,,
821,client_resolve,client_worker,1466,3397,813350601848911,813350601941672,92761,92761,0,0,0,0,0,0,,
821,client_register,client_worker,1466,3397,813350601941672,813350601988442,46770,46770,0,0,0,0,0,0,,
821,client_encode,client_worker,1466,3397,813350601988442,813350602045734,57292,57292,0,0,0,0,0,0,,
822,server_admission,receive_thread,3421,3453,813350602964692,813350603052140,87448,87448,0,0,0,0,0,0,,
822,server_queue,target_worker,3421,3468,813350603052140,813350603158495,106355,33855,30104,42396,0,0,0,1,813350603094536,30104
822,server_queue,source_binder,3421,3453,813350603052140,813350603158495,106355,86407,0,19948,0,0,0,0,,
822,client_resume,target_worker,1466,3397,813350603281880,813350603463651,181771,38334,75729,67708,0,0,0,1,813350603349588,75729
822,client_resume,source_callback,1466,3362,813350603281880,813350603463651,181771,161354,0,20417,0,0,0,0,,
822,client_resolve,client_worker,1466,3397,813350602661828,813350602760734,98906,98906,0,0,0,0,0,0,,
822,client_register,client_worker,1466,3397,813350602760734,813350602804797,44063,44063,0,0,0,0,0,0,,
822,client_encode,client_worker,1466,3397,813350602804797,813350602861099,56302,56302,0,0,0,0,0,0,,
823,server_admission,receive_thread,3421,3453,813350603811151,813350603900630,89479,89479,0,0,0,0,0,0,,
823,server_queue,target_worker,3421,3468,813350603900630,813350603999588,98958,33854,30729,34375,0,0,0,1,813350603935005,30729
823,server_queue,source_binder,3421,3453,813350603900630,813350603999588,98958,81771,0,17187,0,0,0,0,,
823,client_resume,target_worker,1466,3397,813350604135578,813350604330578,195000,37240,26302,131458,0,0,0,1,813350604267036,26302
823,client_resume,source_callback,1466,3362,813350604135578,813350604330578,195000,178073,0,16927,0,0,0,0,,
823,client_resolve,client_worker,1466,3397,813350603533130,813350603632192,99062,99062,0,0,0,0,0,0,,
823,client_register,client_worker,1466,3397,813350603632192,813350603676620,44428,44428,0,0,0,0,0,0,,
823,client_encode,client_worker,1466,3397,813350603676620,813350603732609,55989,55989,0,0,0,0,0,0,,
824,server_admission,receive_thread,3421,3453,813350604650890,813350604741307,90417,90417,0,0,0,0,0,0,,
824,server_queue,target_worker,3421,3468,813350604741307,813350604843807,102500,33333,35990,33177,0,0,0,1,813350604774484,35990
824,server_queue,source_binder,3421,3453,813350604741307,813350604843807,102500,84583,0,17917,0,0,0,0,,
824,client_resume,target_worker,1466,3397,813350604952453,813350605104849,152396,39167,36823,76406,0,0,0,1,813350605028859,36823
824,client_resume,source_callback,1466,3362,813350604952453,813350605104849,152396,120729,0,31667,0,0,0,0,,
824,client_resolve,client_worker,1466,3397,813350604398286,813350604485161,86875,86875,0,0,0,0,0,0,,
824,client_register,client_worker,1466,3397,813350604485161,813350604524797,39636,39636,0,0,0,0,0,0,,
824,client_encode,client_worker,1466,3397,813350604524797,813350604571880,47083,47083,0,0,0,0,0,0,,
825,server_admission,receive_thread,3421,3453,813350605458182,813350605547297,89115,89115,0,0,0,0,0,0,,
825,server_queue,target_worker,3421,3468,813350605547297,813350605642870,95573,34011,30469,31093,0,0,0,1,813350605578390,30469
825,server_queue,source_binder,3421,3453,813350605547297,813350605642870,95573,75989,0,19584,0,0,0,0,,
825,client_resume,target_worker,1466,3397,813350605748390,813350605900942,152552,41718,47500,63334,0,0,0,1,813350605811724,47500
825,client_resume,source_callback,1466,3362,813350605748390,813350605900942,152552,108386,0,44166,0,0,0,0,,
825,client_resolve,client_worker,1466,3397,813350605187609,813350605277297,89688,89688,0,0,0,0,0,0,,
825,client_register,client_worker,1466,3397,813350605277297,813350605316567,39270,39270,0,0,0,0,0,0,,
825,client_encode,client_worker,1466,3397,813350605316567,813350605375838,59271,59271,0,0,0,0,0,0,,
826,server_admission,receive_thread,3421,3453,813350606267036,813350606354120,87084,87084,0,0,0,0,0,0,,
826,server_queue,target_worker,3421,3468,813350606354120,813350606455109,100989,34583,33177,33229,0,0,0,1,813350606387349,33177
826,server_queue,source_binder,3421,3453,813350606354120,813350606455109,100989,83020,0,17969,0,0,0,0,,
826,client_resume,target_worker,1466,3397,813350606566099,813350606758911,192812,41041,85990,65781,0,0,0,1,813350606631880,85990
826,client_resume,source_callback,1466,3362,813350606566099,813350606758911,192812,127760,0,65052,0,0,0,0,,
826,client_resolve,client_worker,1466,3397,813350605971203,813350606068807,97604,97604,0,0,0,0,0,0,,
826,client_register,client_worker,1466,3397,813350606068807,813350606116567,47760,47760,0,0,0,0,0,0,,
826,client_encode,client_worker,1466,3397,813350606116567,813350606176307,59740,59740,0,0,0,0,0,0,,
827,server_admission,receive_thread,3421,3453,813350607204172,813350607368390,164218,164218,0,0,0,0,0,0,,
827,server_queue,target_worker,3421,3468,813350607368390,813350607447245,78855,78855,0,0,0,0,0,0,,
827,server_queue,source_binder,3421,3453,813350607368390,813350607447245,78855,78855,0,0,0,0,0,0,,
827,client_resume,target_worker,1466,3397,813350607584120,813350607821567,237447,33281,109635,94531,0,0,0,1,813350607678651,109635
827,client_resume,source_callback,1466,3362,813350607584120,813350607821567,237447,167812,0,69635,0,0,0,0,,
827,client_resolve,client_worker,1466,3397,813350606824067,813350606925890,101823,101823,0,0,0,0,0,0,,
827,client_register,client_worker,1466,3397,813350606925890,813350606965630,39740,39740,0,0,0,0,0,0,,
827,client_encode,client_worker,1466,3397,813350606965630,813350607015265,49635,49635,0,0,0,0,0,0,,
828,server_admission,receive_thread,3421,3453,813350608195109,813350608291307,96198,96198,0,0,0,0,0,0,,
828,server_queue,target_worker,3421,3470,813350608291307,813350608392245,100938,39219,29844,31875,0,0,0,1,813350608323182,29844
828,server_queue,source_binder,3421,3453,813350608291307,813350608392245,100938,83073,0,17865,0,0,0,0,,
828,client_resume,target_worker,1466,3397,813350608587817,813350608753911,166094,36979,52708,76407,0,0,0,1,813350608664224,52708
828,client_resume,source_callback,1466,3362,813350608587817,813350608753911,166094,129115,0,36979,0,0,0,0,,
828,client_resolve,client_worker,1466,3397,813350607887245,813350607976880,89635,89635,0,0,0,0,0,0,,
828,client_register,client_worker,1466,3397,813350607976880,813350608019172,42292,42292,0,0,0,0,0,0,,
828,client_encode,client_worker,1466,3397,813350608019172,813350608070526,51354,51354,0,0,0,0,0,0,,
829,server_admission,receive_thread,3421,3453,813350609126932,813350609251567,124635,124635,0,0,0,0,0,0,,
829,server_queue,target_worker,3421,3470,813350609251567,813350609372297,120730,41667,37135,41928,0,0,0,1,813350609293495,37135
829,server_queue,source_binder,3421,3453,813350609251567,813350609372297,120730,101928,0,18802,0,0,0,0,,
829,client_resume,target_worker,1466,3397,813350609488963,813350609628234,139271,38750,27812,72709,0,0,0,1,813350609561672,27812
829,client_resume,source_callback,1466,3362,813350609488963,813350609628234,139271,122552,0,16719,0,0,0,0,,
829,client_resolve,client_worker,1466,3397,813350608821567,813350608930578,109011,109011,0,0,0,0,0,0,,
829,client_register,client_worker,1466,3397,813350608930578,813350608976047,45469,45469,0,0,0,0,0,0,,
829,client_encode,client_worker,1466,3397,813350608976047,813350609030734,54687,54687,0,0,0,0,0,0,,
830,server_admission,receive_thread,3421,3453,813350610020422,813350610147817,127395,127395,0,0,0,0,0,0,,
830,server_queue,target_worker,3421,3470,813350610147817,813350610262401,114584,28125,41459,45000,0,0,0,1,813350610192817,41459
830,server_queue,source_binder,3421,3453,813350610147817,813350610262401,114584,114584,0,0,0,0,0,0,,
830,client_resume,target_worker,1466,3397,813350610378911,813350610514172,135261,33282,27083,74896,0,0,0,1,813350610453807,27083
830,client_resume,source_callback,1466,3362,813350610378911,813350610514172,135261,126667,0,8594,0,0,0,0,,
830,client_resolve,client_worker,1466,3397,813350609700578,813350609803234,102656,102656,0,0,0,0,0,0,,
830,client_register,client_worker,1466,3397,813350609803234,813350609845786,42552,42552,0,0,0,0,0,0,,
830,client_encode,client_worker,1466,3397,813350609845786,813350609901151,55365,55365,0,0,0,0,0,0,,
831,server_admission,receive_thread,3421,3453,813350610898703,813350611046828,148125,148125,0,0,0,0,0,0,,
831,server_queue,target_worker,3421,3470,813350611046828,813350611150890,104062,24895,37084,42083,0,0,0,1,813350611088911,37084
831,server_queue,source_binder,3421,3453,813350611046828,813350611150890,104062,104062,0,0,0,0,0,0,,
831,client_resume,target_worker,1466,3397,813350611262609,813350611457505,194896,35833,85730,73333,0,0,0,1,813350611335942,85730
831,client_resume,source_callback,1466,3362,813350611262609,813350611457505,194896,159063,0,35833,0,0,0,0,,
831,client_resolve,client_worker,1466,3397,813350610584536,813350610681672,97136,97136,0,0,0,0,0,0,,
831,client_register,client_worker,1466,3397,813350610681672,813350610741099,59427,59427,0,0,0,0,0,0,,
831,client_encode,client_worker,1466,3397,813350610741099,813350610795370,54271,54271,0,0,0,0,0,0,,
832,server_admission,receive_thread,3421,3453,813350611858859,813350611955057,96198,96198,0,0,0,0,0,0,,
832,server_queue,target_worker,3421,3470,813350611955057,813350612067817,112760,42916,37604,32240,0,0,0,1,813350611987297,37604
832,server_queue,source_binder,3421,3453,813350611955057,813350612067817,112760,89896,0,22864,0,0,0,0,,
832,client_resume,target_worker,1466,3397,813350612298651,813350612457453,158802,33229,51354,74219,0,0,0,1,813350612372870,51354
832,client_resume,source_callback,1466,3362,813350612298651,813350612457453,158802,125573,0,33229,0,0,0,0,,
832,client_resolve,client_worker,1466,3397,813350611528286,813350611627765,99479,99479,0,0,0,0,0,0,,
832,client_register,client_worker,1466,3397,813350611627765,813350611707505,79740,79740,0,0,0,0,0,0,,
832,client_encode,client_worker,1466,3397,813350611707505,813350611759015,51510,51510,0,0,0,0,0,0,,
833,server_admission,receive_thread,3421,3453,813350612844901,813350612939901,95000,95000,0,0,0,0,0,0,,
833,server_queue,target_worker,3421,3470,813350612939901,813350613042245,102344,34896,33021,34427,0,0,0,1,813350612974328,33021
833,server_queue,source_binder,3421,3453,813350612939901,813350613042245,102344,89271,0,13073,0,0,0,0,,
833,client_resume,target_worker,1466,3397,813350613180317,813350613342817,162500,46614,38594,77292,0,0,0,1,813350613257609,38594
833,client_resume,source_callback,1466,3362,813350613180317,813350613342817,162500,124271,0,38229,0,0,0,0,,
833,client_resolve,client_worker,1466,3397,813350612531776,813350612629432,97656,97656,0,0,0,0,0,0,,
833,client_register,client_worker,1466,3397,813350612629432,813350612702088,72656,72656,0,0,0,0,0,0,,
833,client_encode,client_worker,1466,3397,813350612702088,813350612754067,51979,51979,0,0,0,0,0,0,,
834,server_admission,receive_thread,3421,3453,813350613728495,813350613822349,93854,93854,0,0,0,0,0,0,,
834,server_queue,target_worker,3421,3470,813350613822349,813350613929067,106718,39166,35886,31666,0,0,0,1,813350613854015,35886
834,server_queue,source_binder,3421,3453,813350613822349,813350613929067,106718,83333,0,23385,0,0,0,0,,
834,client_resume,target_worker,1466,3397,813350614056724,813350614226099,169375,43594,53073,72708,0,0,0,1,813350614129432,53073
834,client_resume,source_callback,1466,3362,813350614056724,813350614226099,169375,123646,0,45729,0,0,0,0,,
834,client_resolve,client_worker,1466,3397,813350613419640,813350613524849,105209,105209,0,0,0,0,0,0,,
834,client_register,client_worker,1466,3397,813350613524849,813350613565838,40989,40989,0,0,0,0,0,0,,
834,client_encode,client_worker,1466,3397,813350613565838,813350613625942,60104,60104,0,0,0,0,0,0,,
835,server_admission,receive_thread,3421,3453,813350614616880,813350614708078,91198,91198,0,0,0,0,0,0,,
835,server_queue,target_worker,3421,3470,813350614708078,813350614828130,120052,38177,34844,47031,0,0,0,1,813350614755109,34844
835,server_queue,source_binder,3421,3453,813350614708078,813350614828130,120052,101146,0,18906,0,0,0,0,,
835,client_resume,target_worker,1466,3397,813350614946776,813350615099692,152916,32447,49063,71406,0,0,0,1,813350615018182,49063
835,client_resume,source_callback,1466,3362,813350614946776,813350615099692,152916,120469,0,32447,0,0,0,0,,
835,client_resolve,client_worker,1466,3397,813350614301255,813350614406099,104844,104844,0,0,0,0,0,0,,
835,client_register,client_worker,1466,3397,813350614406099,813350614447974,41875,41875,0,0,0,0,0,0,,
835,client_encode,client_worker,1466,3397,813350614447974,813350614518338,70364,70364,0,0,0,0,0,0,,
836,server_admission,receive_thread,3421,3453,813350615472140,813350615560317,88177,88177,0,0,0,0,0,0,,
836,server_queue,target_worker,3421,3470,813350615560317,813350615659172,98855,34375,31615,32865,0,0,0,1,813350615593182,31615
836,server_queue,source_binder,3421,3453,813350615560317,813350615659172,98855,88125,0,10730,0,0,0,0,,
836,client_resume,target_worker,1466,3397,813350615782349,813350615952245,169896,38750,53750,77396,0,0,0,1,813350615859745,53750
836,client_resume,source_callback,1466,3362,813350615782349,813350615952245,169896,149271,0,20625,0,0,0,0,,
836,client_resolve,client_worker,1466,3397,813350615166359,813350615275942,109583,109583,0,0,0,0,0,0,,
836,client_register,client_worker,1466,3397,813350615275942,813350615318911,42969,42969,0,0,0,0,0,0,,
836,client_encode,client_worker,1466,3397,813350615318911,813350615382297,63386,63386,0,0,0,0,0,0,,
837,server_admission,receive_thread,3421,3453,813350616417661,813350616507609,89948,89948,0,0,0,0,0,0,,
837,server_queue,target_worker,3421,3470,813350616507609,813350616618338,110729,39531,38437,32761,0,0,0,1,813350616540370,38437
837,server_queue,source_binder,3421,3453,813350616507609,813350616618338,110729,86875,0,23854,0,0,0,0,,
837,client_resume,target_worker,1466,3397,813350616735161,813350616941411,206250,34219,59375,112656,0,0,0,1,813350616847817,59375
837,client_resume,source_callback,1466,3362,813350616735161,813350616941411,206250,172031,0,34219,0,0,0,0,,
837,client_resolve,client_worker,1466,3397,813350616029849,813350616197505,167656,147916,19740,0,0,0,0,0,,
837,client_register,client_worker,1466,3397,813350616197505,813350616242817,45312,45312,0,0,0,0,0,0,,
837,client_encode,client_worker,1466,3397,813350616242817,813350616314692,71875,71875,0,0,0,0,0,0,,
838,server_admission,receive_thread,3421,3453,813350617290682,813350617373651,82969,82969,0,0,0,0,0,0,,
838,server_queue,target_worker,3421,3470,813350617373651,813350617511776,138125,42917,28854,66354,0,0,0,1,813350617440005,28854
838,server_queue,source_binder,3421,3453,813350617373651,813350617511776,138125,110729,0,27396,0,0,0,0,,
838,client_resume,target_worker,1466,3397,813350617831776,813350618002401,170625,40104,36667,93854,0,0,0,1,813350617925630,36667
838,client_resume,source_callback,1466,3362,813350617831776,813350618002401,170625,153489,0,17136,0,0,0,0,,
838,client_resolve,client_worker,1466,3397,813350617009745,813350617106724,96979,96979,0,0,0,0,0,0,,
838,client_register,client_worker,1466,3397,813350617106724,813350617150161,43437,43437,0,0,0,0,0,0,,
838,client_encode,client_worker,1466,3397,813350617150161,813350617202192,52031,52031,0,0,0,0,0,0,,
839,server_admission,receive_thread,3421,3453,813350618389484,813350618479276,89792,89792,0,0,0,0,0,0,,
839,server_queue,target_worker,3421,3470,813350618479276,813350618581411,102135,37031,33021,32083,0,0,0,1,813350618511359,33021
839,server_queue,source_binder,3421,3453,813350618479276,813350618581411,102135,87135,0,15000,0,0,0,0,,
839,client_resume,target_worker,1466,3397,813350618719120,813350618908495,189375,43386,61667,84322,0,0,0,1,813350618803442,61667
839,client_resume,source_callback,1466,3362,813350618719120,813350618908495,189375,160937,0,28438,0,0,0,0,,
839,client_resolve,client_worker,1466,3397,813350618077453,813350618182922,105469,105469,0,0,0,0,0,0,,
839,client_register,client_worker,1466,3397,813350618182922,813350618222922,40000,40000,0,0,0,0,0,0,,
839,client_encode,client_worker,1466,3397,813350618222922,813350618289432,66510,66510,0,0,0,0,0,0,,
840,server_admission,receive_thread,3421,3453,813350619325578,813350619430317,104739,104739,0,0,0,0,0,0,,
840,server_queue,target_worker,3421,3470,813350619430317,813350619526672,96355,38125,30469,27761,0,0,0,1,813350619458078,30469
840,server_queue,source_binder,3421,3453,813350619430317,813350619526672,96355,79115,0,17240,0,0,0,0,,
840,client_resume,target_worker,1466,3397,813350619665265,813350619817661,152396,40677,37500,74219,0,0,0,1,813350619739484,37500
840,client_resume,source_callback,1466,3362,813350619665265,813350619817661,152396,128907,0,23489,0,0,0,0,,
840,client_resolve,client_worker,1466,3397,813350618988651,813350619094692,106041,106041,0,0,0,0,0,0,,
840,client_register,client_worker,1466,3397,813350619094692,813350619180422,85730,85730,0,0,0,0,0,0,,
840,client_encode,client_worker,1466,3397,813350619180422,813350619237557,57135,57135,0,0,0,0,0,0,,
841,server_admission,receive_thread,3421,3453,813350620303442,813350620395161,91719,91719,0,0,0,0,0,0,,
841,server_queue,target_worker,3421,3470,813350620395161,813350620500057,104896,37500,34219,33177,0,0,0,1,813350620428338,34219
841,server_queue,source_binder,3421,3453,813350620395161,813350620500057,104896,84740,0,20156,0,0,0,0,,
841,client_resume,target_worker,1466,3397,813350620614536,813350620783859,169323,41302,58229,69792,0,0,0,1,813350620684328,58229
841,client_resume,source_callback,1466,3362,813350620614536,813350620783859,169323,126406,0,42917,0,0,0,0,,
841,client_resolve,client_worker,1466,3397,813350619894901,813350619997036,102135,102135,0,0,0,0,0,0,,
841,client_register,client_worker,1466,3397,813350619997036,813350620039380,42344,42344,0,0,0,0,0,0,,
841,client_encode,client_worker,1466,3397,813350620039380,813350620154224,114844,114844,0,0,0,0,0,0,,
842,server_admission,receive_thread,3421,3453,813350621153807,813350621244588,90781,90781,0,0,0,0,0,0,,
842,server_queue,target_worker,3421,3470,813350621244588,813350621350317,105729,37968,37344,30417,0,0,0,1,813350621275005,37344
842,server_queue,source_binder,3421,3453,813350621244588,813350621350317,105729,82188,0,23541,0,0,0,0,,
842,client_resume,target_worker,1466,3397,813350621471255,813350621628755,157500,36667,53177,67656,0,0,0,1,813350621538911,53177
842,client_resume,source_callback,1466,3362,813350621471255,813350621628755,157500,120833,0,36667,0,0,0,0,,
842,client_resolve,client_worker,1466,3397,813350620859640,813350620961047,101407,101407,0,0,0,0,0,0,,
842,client_register,client_worker,1466,3397,813350620961047,813350621003338,42291,42291,0,0,0,0,0,0,,
842,client_encode,client_worker,1466,3397,813350621003338,813350621061828,58490,58490,0,0,0,0,0,0,,
843,server_admission,receive_thread,3421,3453,813350622002349,813350622095786,93437,93437,0,0,0,0,0,0,,
843,server_queue,target_worker,3421,3470,813350622095786,813350622194953,99167,33386,32656,33125,0,0,0,1,813350622128911,32656
843,server_queue,source_binder,3421,3453,813350622095786,813350622194953,99167,83959,0,15208,0,0,0,0,,
843,client_resume,target_worker,1466,3397,813350622330786,813350622486932,156146,39219,43125,73802,0,0,0,1,813350622404588,43125
843,client_resume,source_callback,1466,3362,813350622330786,813350622486932,156146,122500,0,33646,0,0,0,0,,
843,client_resolve,client_worker,1466,3397,813350621700995,813350621803078,102083,102083,0,0,0,0,0,0,,
843,client_register,client_worker,1466,3397,813350621803078,813350621853078,50000,50000,0,0,0,0,0,0,,
843,client_encode,client_worker,1466,3397,813350621853078,813350621910317,57239,57239,0,0,0,0,0,0,,
844,server_admission,receive_thread,3421,3453,813350622886463,813350623011359,124896,124896,0,0,0,0,0,0,,
844,server_queue,target_worker,3421,3470,813350623011359,813350623140786,129427,38594,19791,71042,0,0,0,1,813350623082401,19791
844,server_queue,source_binder,3421,3453,813350623011359,813350623140786,129427,105417,0,24010,0,0,0,0,,
844,client_resume,target_worker,1466,3397,813350623289328,813350623450890,161562,38073,51822,71667,0,0,0,1,813350623360995,51822
844,client_resume,source_callback,1466,3362,813350623289328,813350623450890,161562,137239,0,24323,0,0,0,0,,
844,client_resolve,client_worker,1466,3397,813350622576255,813350622688338,112083,112083,0,0,0,0,0,0,,
844,client_register,client_worker,1466,3397,813350622688338,813350622732661,44323,44323,0,0,0,0,0,0,,
844,client_encode,client_worker,1466,3397,813350622732661,813350622793859,61198,61198,0,0,0,0,0,0,,
845,server_admission,receive_thread,3421,3453,813350623822713,813350623919640,96927,96927,0,0,0,0,0,0,,
845,server_queue,target_worker,3421,3470,813350623919640,813350624029745,110105,36459,38646,35000,0,0,0,1,813350623954640,38646
845,server_queue,source_binder,3421,3453,813350623919640,813350624029745,110105,91094,0,19011,0,0,0,0,,
845,client_resume,target_worker,1466,3397,813350624176515,813350624324172,147657,31094,49011,67552,0,0,0,1,813350624244067,49011
845,client_resume,source_callback,1466,3362,813350624176515,813350624324172,147657,116563,0,31094,0,0,0,0,,
845,client_resolve,client_worker,1466,3397,813350623523703,813350623616724,93021,93021,0,0,0,0,0,0,,
845,client_register,client_worker,1466,3397,813350623616724,813350623657401,40677,40677,0,0,0,0,0,0,,
845,client_encode,client_worker,1466,3397,813350623657401,813350623720057,62656,62656,0,0,0,0,0,0,,
846,server_admission,receive_thread,3421,3453,813350624704120,813350624798442,94322,94322,0,0,0,0,0,0,,
846,server_queue,target_worker,3421,3470,813350624798442,813350624901724,103282,34219,35313,33750,0,0,0,1,813350624832192,35313
846,server_queue,source_binder,3421,3453,813350624798442,813350624901724,103282,88646,0,14636,0,0,0,0,,
846,client_resume,target_worker,1466,3397,813350625019120,813350625171724,152604,38334,35885,78385,0,0,0,1,813350625097505,35885
846,client_resume,source_callback,1466,3362,813350625019120,813350625171724,152604,126614,0,25990,0,0,0,0,,
846,client_resolve,client_worker,1466,3397,813350624391880,813350624515786,123906,123906,0,0,0,0,0,0,,
846,client_register,client_worker,1466,3397,813350624515786,813350624559120,43334,43334,0,0,0,0,0,0,,
846,client_encode,client_worker,1466,3397,813350624559120,813350624615317,56197,56197,0,0,0,0,0,0,,
847,server_admission,receive_thread,3421,3453,813350625554380,813350625647453,93073,93073,0,0,0,0,0,0,,
847,server_queue,target_worker,3421,3470,813350625647453,813350625748130,100677,37552,32031,31094,0,0,0,1,813350625678547,32031
847,server_queue,source_binder,3421,3453,813350625647453,813350625748130,100677,86250,0,14427,0,0,0,0,,
847,client_resume,target_worker,1466,3397,813350625859432,813350626011515,152083,34375,50520,67188,0,0,0,1,813350625926620,50520
847,client_resume,source_callback,1466,3362,813350625859432,813350626011515,152083,117708,0,34375,0,0,0,0,,
847,client_resolve,client_worker,1466,3397,813350625250578,813350625357192,106614,106614,0,0,0,0,0,0,,
847,client_register,client_worker,1466,3397,813350625357192,813350625397349,40157,40157,0,0,0,0,0,0,,
847,client_encode,client_worker,1466,3397,813350625397349,813350625459745,62396,62396,0,0,0,0,0,0,,
848,server_admission,receive_thread,3421,3453,813350626390057,813350626480161,90104,90104,0,0,0,0,0,0,,
848,server_queue,target_worker,3421,3470,813350626480161,813350626614276,134115,33594,34583,65938,0,0,0,1,813350626546099,34583
848,server_queue,source_binder,3421,3453,813350626480161,813350626614276,134115,122604,0,11511,0,0,0,0,,
848,client_resume,target_worker,1466,3397,813350626762297,813350626916724,154427,38282,37343,78802,0,0,0,1,813350626841099,37343
848,client_resume,source_callback,1466,3362,813350626762297,813350626916724,154427,126562,0,27865,0,0,0,0,,
848,client_resolve,client_worker,1466,3397,813350626083859,813350626195317,111458,111458,0,0,0,0,0,0,,
848,client_register,client_worker,1466,3397,813350626195317,813350626242922,47605,47605,0,0,0,0,0,0,,
848,client_encode,client_worker,1466,3397,813350626242922,813350626297453,54531,54531,0,0,0,0,0,0,,
849,server_admission,receive_thread,3421,3453,813350627290005,813350627379432,89427,89427,0,0,0,0,0,0,,
849,server_queue,target_worker,3421,3470,813350627379432,813350627514484,135052,36927,63802,34323,0,0,0,1,813350627413755,63802
849,server_queue,source_binder,3421,3453,813350627379432,813350627514484,135052,135052,0,0,0,0,0,0,,
849,client_resume,target_worker,1466,3397,813350627626411,813350627789745,163334,40938,52604,69792,0,0,0,1,813350627696203,52604
849,client_resume,source_callback,1466,3362,813350627626411,813350627789745,163334,126198,0,37136,0,0,0,0,,
849,client_resolve,client_worker,1466,3397,813350626996724,813350627101359,104635,104635,0,0,0,0,0,0,,
849,client_register,client_worker,1466,3397,813350627101359,813350627142088,40729,40729,0,0,0,0,0,0,,
849,client_encode,client_worker,1466,3397,813350627142088,813350627195422,53334,53334,0,0,0,0,0,0,,
850,server_admission,receive_thread,3421,3453,813350628332036,813350628421724,89688,89688,0,0,0,0,0,0,,
850,server_queue,target_worker,3421,3470,813350628421724,813350628523755,102031,36250,34583,31198,0,0,0,1,813350628452922,34583
850,server_queue,source_binder,3421,3453,813350628421724,813350628523755,102031,86562,0,15469,0,0,0,0,,
850,client_resume,target_worker,1466,3397,813350628636047,813350628815838,179791,39271,52343,88177,0,0,0,1,813350628724224,52343
850,client_resume,source_callback,1466,3362,813350628636047,813350628815838,179791,140520,0,39271,0,0,0,0,,
850,client_resolve,client_worker,1466,3397,813350627865057,813350627965890,100833,100833,0,0,0,0,0,0,,
850,client_register,client_worker,1466,3397,813350627965890,813350628043390,77500,77500,0,0,0,0,0,0,,
850,client_encode,client_worker,1466,3397,813350628043390,813350628156880,113490,113490,0,0,0,0,0,0,,
851,server_admission,receive_thread,3421,3453,813350629216515,813350629304640,88125,88125,0,0,0,0,0,0,,
851,server_queue,target_worker,3421,3470,813350629304640,813350629410370,105730,37865,38229,29636,0,0,0,1,813350629334276,38229
851,server_queue,source_binder,3421,3453,813350629304640,813350629410370,105730,87240,0,18490,0,0,0,0,,
851,client_resume,target_worker,1466,3397,813350629567817,813350629748338,180521,39896,59635,80990,0,0,0,1,813350629648807,59635
851,client_resume,source_callback,1466,3362,813350629567817,813350629748338,180521,161928,0,18593,0,0,0,0,,
851,client_resolve,client_worker,1466,3397,813350628886203,813350629030265,144062,144062,0,0,0,0,0,0,,
851,client_register,client_worker,1466,3397,813350629030265,813350629073911,43646,43646,0,0,0,0,0,0,,
851,client_encode,client_worker,1466,3397,813350629073911,813350629129172,55261,55261,0,0,0,0,0,0,,
852,server_admission,receive_thread,3421,3453,813350630147453,813350630282609,135156,135156,0,0,0,0,0,0,,
852,server_queue,target_worker,3421,3470,813350630282609,813350630373651,91042,35677,26563,28802,0,0,0,1,813350630311411,26563
852,server_queue,source_binder,3421,3453,813350630282609,813350630373651,91042,70000,0,21042,0,0,0,0,,
852,client_resume,target_worker,1466,3397,813350630526151,813350630699484,173333,38177,59896,75260,0,0,0,1,813350630601411,59896
852,client_resume,source_callback,1466,3362,813350630526151,813350630699484,173333,139739,0,33594,0,0,0,0,,
852,client_resolve,client_worker,1466,3397,813350629825786,813350629929015,103229,103229,0,0,0,0,0,0,,
852,client_register,client_worker,1466,3397,813350629929015,813350629984120,55105,55105,0,0,0,0,0,0,,
852,client_encode,client_worker,1466,3397,813350629984120,813350630043963,59843,59843,0,0,0,0,0,0,,
853,server_admission,receive_thread,3421,3453,813350631095786,813350631198390,102604,102604,0,0,0,0,0,0,,
853,server_queue,target_worker,3421,3470,813350631198390,813350631298651,100261,38802,34844,26615,0,0,0,1,813350631225005,34844
853,server_queue,source_binder,3421,3453,813350631198390,813350631298651,100261,84271,0,15990,0,0,0,0,,
853,client_resume,target_worker,1466,3397,813350631428859,813350631605890,177031,43854,59583,73594,0,0,0,1,813350631502453,59583
853,client_resume,source_callback,1466,3362,813350631428859,813350631605890,177031,130729,0,46302,0,0,0,0,,
853,client_resolve,client_worker,1466,3397,813350630769849,813350630902713,132864,132864,0,0,0,0,0,0,,
853,client_register,client_worker,1466,3397,813350630902713,813350630941099,38386,38386,0,0,0,0,0,0,,
853,client_encode,client_worker,1466,3397,813350630941099,813350630996203,55104,55104,0,0,0,0,0,0,,
854,server_admission,receive_thread,3421,3453,813350631994745,813350632087713,92968,92968,0,0,0,0,0,0,,
854,server_queue,target_worker,3421,3470,813350632087713,813350632250161,162448,37656,35260,89532,0,0,0,1,813350632177245,35260
854,server_queue,source_binder,3421,3453,813350632087713,813350632250161,162448,143542,0,18906,0,0,0,0,,
854,client_resume,target_worker,1466,3397,813350632365317,813350632539536,174219,43021,57708,73490,0,0,0,1,813350632438807,57708
854,client_resume,source_callback,1466,3362,813350632365317,813350632539536,174219,128907,0,45312,0,0,0,0,,
854,client_resolve,client_worker,1466,3397,813350631680942,813350631783651,102709,102709,0,0,0,0,0,0,,
854,client_register,client_worker,1466,3397,813350631783651,813350631829588,45937,45937,0,0,0,0,0,0,,
854,client_encode,client_worker,1466,3397,813350631829588,813350631899849,70261,70261,0,0,0,0,0,0,,
855,server_admission,receive_thread,3421,3453,813350632926463,813350633056672,130209,130209,0,0,0,0,0,0,,
855,server_queue,target_worker,3421,3470,813350633056672,813350633155370,98698,42136,29167,27395,0,0,0,1,813350633084067,29167
855,server_queue,source_binder,3421,3453,813350633056672,813350633155370,98698,74010,0,24688,0,0,0,0,,
855,client_resume,target_worker,1466,3397,813350633353755,813350633531099,177344,43282,44583,89479,0,0,0,1,813350633443234,44583
855,client_resume,source_callback,1466,3362,813350633353755,813350633531099,177344,159479,0,17865,0,0,0,0,,
855,client_resolve,client_worker,1466,3397,813350632660317,813350632740213,79896,79896,0,0,0,0,0,0,,
855,client_register,client_worker,1466,3397,813350632740213,813350632780526,40313,40313,0,0,0,0,0,0,,
855,client_encode,client_worker,1466,3397,813350632780526,813350632835995,55469,55469,0,0,0,0,0,0,,
856,server_admission,receive_thread,3421,3453,813350633950422,813350634037974,87552,87552,0,0,0,0,0,0,,
856,server_queue,target_worker,3421,3470,813350634037974,813350634146151,108177,39584,35364,33229,0,0,0,1,813350634071203,35364
856,server_queue,source_binder,3421,3453,813350634037974,813350634146151,108177,89479,0,18698,0,0,0,0,,
856,client_resume,target_worker,1466,3397,813350634266307,813350634434745,168438,41928,55260,71250,0,0,0,1,813350634337557,55260
856,client_resume,source_callback,1466,3362,813350634266307,813350634434745,168438,124323,0,44115,0,0,0,0,,
856,client_resolve,client_worker,1466,3397,813350633615161,813350633723859,108698,108698,0,0,0,0,0,0,,
856,client_register,client_worker,1466,3397,813350633723859,813350633773963,50104,50104,0,0,0,0,0,0,,
856,client_encode,client_worker,1466,3397,813350633773963,813350633850630,76667,76667,0,0,0,0,0,0,,
857,server_admission,receive_thread,3421,3453,813350634797713,813350634902870,105157,105157,0,0,0,0,0,0,,
857,server_queue,target_worker,3421,3470,813350634902870,813350635009640,106770,38437,36719,31614,0,0,0,1,813350634934484,36719
857,server_queue,source_binder,3421,3453,813350634902870,813350635009640,106770,83333,0,23437,0,0,0,0,,
857,client_resume,target_worker,1466,3397,813350635123703,813350635289536,165833,40364,55834,69635,0,0,0,1,813350635193338,55834
857,client_resume,source_callback,1466,3362,813350635123703,813350635289536,165833,123229,0,42604,0,0,0,0,,
857,client_resolve,client_worker,1466,3397,813350634511984,813350634612036,100052,100052,0,0,0,0,0,0,,
857,client_register,client_worker,1466,3397,813350634612036,813350634653078,41042,41042,0,0,0,0,0,0,,
857,client_encode,client_worker,1466,3397,813350634653078,813350634705630,52552,52552,0,0,0,0,0,0,,
858,server_admission,receive_thread,3421,3453,813350635748390,813350635838963,90573,90573,0,0,0,0,0,0,,
858,server_queue,target_worker,3421,3470,813350635838963,813350635946099,107136,38907,38750,29479,0,0,0,1,813350635868442,38750
858,server_queue,source_binder,3421,3453,813350635838963,813350635946099,107136,86615,0,20521,0,0,0,0,,
858,client_resume,target_worker,1466,3397,813350636058286,813350636275578,217292,38229,52084,126979,0,0,0,1,813350636185265,52084
858,client_resume,source_callback,1466,3362,813350636058286,813350636275578,217292,217292,0,0,0,0,0,0,,
858,client_resolve,client_worker,1466,3397,813350635368442,813350635520682,152240,152240,0,0,0,0,0,0,,
858,client_register,client_worker,1466,3397,813350635520682,813350635567401,46719,46719,0,0,0,0,0,0,,
858,client_encode,client_worker,1466,3397,813350635567401,813350635650578,83177,83177,0,0,0,0,0,0,,
859,server_admission,receive_thread,3421,3453,813350636643026,813350636736567,93541,93541,0,0,0,0,0,0,,
859,server_queue,target_worker,3421,3470,813350636736567,813350636839172,102605,36459,37187,28959,0,0,0,1,813350636765526,37187
859,server_queue,source_binder,3421,3453,813350636736567,813350636839172,102605,82136,0,20469,0,0,0,0,,
859,client_resume,target_worker,1466,3397,813350636969484,813350637125526,156042,38438,48958,68646,0,0,0,1,813350637038130,48958
859,client_resume,source_callback,1466,3362,813350636969484,813350637125526,156042,120000,0,36042,0,0,0,0,,
859,client_resolve,client_worker,1466,3397,813350636349172,813350636446255,97083,97083,0,0,0,0,0,0,,
859,client_register,client_worker,1466,3397,813350636446255,813350636486724,40469,40469,0,0,0,0,0,0,,
859,client_encode,client_worker,1466,3397,813350636486724,813350636542765,56041,56041,0,0,0,0,0,0,,
860,server_admission,receive_thread,3421,3453,813350637509484,813350637639640,130156,130156,0,0,0,0,0,0,,
860,server_queue,target_worker,3421,3470,813350637639640,813350637730890,91250,35364,25677,30209,0,0,0,1,813350637669849,25677
860,server_queue,source_binder,3421,3453,813350637639640,813350637730890,91250,69844,0,21406,0,0,0,0,,
860,client_resume,target_worker,1466,3397,813350637912297,813350638046099,133802,37188,30833,65781,0,0,0,1,813350637978078,30833
860,client_resume,source_callback,1466,3362,813350637912297,813350638046099,133802,115468,0,18334,0,0,0,0,,
860,client_resolve,client_worker,1466,3397,813350637202453,813350637300682,98229,98229,0,0,0,0,0,0,,
860,client_register,client_worker,1466,3397,813350637300682,813350637342088,41406,41406,0,0,0,0,0,0,,
860,client_encode,client_worker,1466,3397,813350637342088,813350637397974,55886,55886,0,0,0,0,0,0,,
861,server_admission,receive_thread,3421,3453,813350638427192,813350638560161,132969,132969,0,0,0,0,0,0,,
861,server_queue,target_worker,3421,3470,813350638560161,813350638694588,134427,37552,43646,53229,0,0,0,1,813350638613390,43646
861,server_queue,source_binder,3421,3453,813350638560161,813350638694588,134427,122604,0,11823,0,0,0,0,,
861,client_resume,target_worker,1466,3397,813350638807817,813350638974172,166355,40209,57864,68282,0,0,0,1,813350638876099,57864
861,client_resume,source_callback,1466,3362,813350638807817,813350638974172,166355,124375,0,41980,0,0,0,0,,
861,client_resolve,client_worker,1466,3397,813350638118911,813350638216724,97813,97813,0,0,0,0,0,0,,
861,client_register,client_worker,1466,3397,813350638216724,813350638258286,41562,41562,0,0,0,0,0,0,,
861,client_encode,client_worker,1466,3397,813350638258286,813350638322088,63802,63802,0,0,0,0,0,0,,
862,server_admission,receive_thread,3421,3453,813350639337140,813350639469172,132032,132032,0,0,0,0,0,0,,
862,server_queue,target_worker,3421,3470,813350639469172,813350639567140,97968,35833,30312,31823,0,0,0,1,813350639500995,30312
862,server_queue,source_binder,3421,3453,813350639469172,813350639567140,97968,79791,0,18177,0,0,0,0,,
862,client_resume,target_worker,1466,3397,813350639710838,813350639856880,146042,33333,44844,67865,0,0,0,1,813350639778703,44844
862,client_resume,source_callback,1466,3362,813350639710838,813350639856880,146042,131459,0,14583,0,0,0,0,,
862,client_resolve,client_worker,1466,3397,813350639048182,813350639145370,97188,97188,0,0,0,0,0,0,,
862,client_register,client_worker,1466,3397,813350639145370,813350639185942,40572,40572,0,0,0,0,0,0,,
862,client_encode,client_worker,1466,3397,813350639185942,813350639243130,57188,57188,0,0,0,0,0,0,,
863,server_admission,receive_thread,3421,3453,813350640273182,813350640372088,98906,98906,0,0,0,0,0,0,,
863,server_queue,target_worker,3421,3470,813350640372088,813350640475057,102969,36771,35469,30729,0,0,0,1,813350640402817,35469
863,server_queue,source_binder,3421,3453,813350640372088,813350640475057,102969,83802,0,19167,0,0,0,0,,
863,client_resume,target_worker,1466,3397,813350640588859,813350640755370,166511,40417,43958,82136,0,0,0,1,813350640670995,43958
863,client_resume,source_callback,1466,3362,813350640588859,813350640755370,166511,136615,0,29896,0,0,0,0,,
863,client_resolve,client_worker,1466,3397,813350639935838,813350640033338,97500,97500,0,0,0,0,0,0,,
863,client_register,client_worker,1466,3397,813350640033338,813350640072922,39584,39584,0,0,0,0,0,0,,
863,client_encode,client_worker,1466,3397,813350640072922,813350640169849,96927,96927,0,0,0,0,0,0,,
864,server_admission,receive_thread,3421,3453,813350641142245,813350641229484,87239,87239,0,0,0,0,0,0,,
864,server_queue,target_worker,3421,3470,813350641229484,813350641361567,132083,36927,20364,74792,0,0,0,1,813350641304276,20364
864,server_queue,source_binder,3421,3453,813350641229484,813350641361567,132083,110156,0,21927,0,0,0,0,,
864,client_resume,target_worker,1466,3397,813350641603859,813350641754432,150573,38646,37135,74792,0,0,0,1,813350641678651,37135
864,client_resume,source_callback,1466,3362,813350641603859,813350641754432,150573,133646,0,16927,0,0,0,0,,
864,client_resolve,client_worker,1466,3397,813350640836099,813350640938703,102604,102604,0,0,0,0,0,0,,
864,client_register,client_worker,1466,3397,813350640938703,813350640985474,46771,46771,0,0,0,0,0,0,,
864,client_encode,client_worker,1466,3397,813350640985474,813350641050005,64531,64531,0,0,0,0,0,0,,
865,server_admission,receive_thread,3421,3453,813350642126099,813350642214953,88854,88854,0,0,0,0,0,0,,
865,server_queue,target_worker,3421,3470,813350642214953,813350642328911,113958,37604,40521,35833,0,0,0,1,813350642250786,40521
865,server_queue,source_binder,3421,3453,813350642214953,813350642328911,113958,92187,0,21771,0,0,0,0,,
865,client_resume,target_worker,1466,3397,813350642446307,813350642634953,188646,68958,54219,65469,0,0,0,1,813350642511776,54219
865,client_resume,source_callback,1466,3362,813350642446307,813350642634953,188646,119688,0,68958,0,0,0,0,,
865,client_resolve,client_worker,1466,3397,813350641842765,813350641941567,98802,98802,0,0,0,0,0,0,,
865,client_register,client_worker,1466,3397,813350641941567,813350641982088,40521,40521,0,0,0,0,0,0,,
865,client_encode,client_worker,1466,3397,813350641982088,813350642035109,53021,53021,0,0,0,0,0,0,,
866,server_admission,receive_thread,3421,3453,813350642990734,813350643103807,113073,113073,0,0,0,0,0,0,,
866,server_queue,target_worker,3421,3470,813350643103807,813350643210786,106979,39271,36979,30729,0,0,0,1,813350643134536,36979
866,server_queue,source_binder,3421,3453,813350643103807,813350643210786,106979,88125,0,18854,0,0,0,0,,
866,client_resume,target_worker,1466,3397,813350643335317,813350643497140,161823,32291,55521,74011,0,0,0,1,813350643409328,55521
866,client_resume,source_callback,1466,3362,813350643335317,813350643497140,161823,129532,0,32291,0,0,0,0,,
866,client_resolve,client_worker,1466,3397,813350642700838,813350642803130,102292,102292,0,0,0,0,0,0,,
866,client_register,client_worker,1466,3397,813350642803130,813350642849692,46562,46562,0,0,0,0,0,0,,
866,client_encode,client_worker,1466,3397,813350642849692,813350642904067,54375,54375,0,0,0,0,0,0,,
867,server_admission,receive_thread,3421,3453,813350643882609,813350643972140,89531,89531,0,0,0,0,0,0,,
867,server_queue,target_worker,3421,3470,813350643972140,813350644070422,98282,35052,33282,29948,0,0,0,1,813350644002088,33282
867,server_queue,source_binder,3421,3453,813350643972140,813350644070422,98282,82396,0,15886,0,0,0,0,,
867,client_resume,target_worker,1466,3397,813350644258130,813350644430630,172500,39948,55469,77083,0,0,0,1,813350644335213,55469
867,client_resume,source_callback,1466,3362,813350644258130,813350644430630,172500,131927,0,40573,0,0,0,0,,
867,client_resolve,client_worker,1466,3397,813350643568442,813350643690995,122553,122553,0,0,0,0,0,0,,
867,client_register,client_worker,1466,3397,813350643690995,813350643732505,41510,41510,0,0,0,0,0,0,,
867,client_encode,client_worker,1466,3397,813350643732505,813350643789901,57396,57396,0,0,0,0,0,0,,
868,server_admission,receive_thread,3421,3453,813350644816932,813350644904328,87396,87396,0,0,0,0,0,0,,
868,server_queue,target_worker,3421,3470,813350644904328,813350645002505,98177,35365,34166,28646,0,0,0,1,813350644932974,34166
868,server_queue,source_binder,3421,3453,813350644904328,813350645002505,98177,81354,0,16823,0,0,0,0,,
868,client_resume,target_worker,1466,3397,813350645115161,813350645269745,154584,32969,52292,69323,0,0,0,1,813350645184484,52292
868,client_resume,source_callback,1466,3362,813350645115161,813350645269745,154584,121615,0,32969,0,0,0,0,,
868,client_resolve,client_worker,1466,3397,813350644510370,813350644615370,105000,105000,0,0,0,0,0,0,,
868,client_register,client_worker,1466,3397,813350644615370,813350644656984,41614,41614,0,0,0,0,0,0,,
868,client_encode,client_worker,1466,3397,813350644656984,813350644716411,59427,59427,0,0,0,0,0,0,,
869,server_admission,receive_thread,3421,3453,813350645655526,813350645745213,89687,89687,0,0,0,0,0,0,,
869,server_queue,target_worker,3421,3470,813350645745213,813350645842713,97500,33646,33281,30573,0,0,0,1,813350645775786,33281
869,server_queue,source_binder,3421,3453,813350645745213,813350645842713,97500,85834,0,11666,0,0,0,0,,
869,client_resume,target_worker,1466,3397,813350645989224,813350646150422,161198,39896,40573,80729,0,0,0,1,813350646069953,40573
869,client_resume,source_callback,1466,3362,813350645989224,813350646150422,161198,132500,0,28698,0,0,0,0,,
869,client_resolve,client_worker,1466,3397,813350645337088,813350645440057,102969,102969,0,0,0,0,0,0,,
869,client_register,client_worker,1466,3397,813350645440057,813350645498911,58854,58854,0,0,0,0,0,0,,
869,client_encode,client_worker,1466,3397,813350645498911,813350645562036,63125,63125,0,0,0,0,0,0,,
870,server_admission,receive_thread,3421,3453,813350646518026,813350646620630,102604,102604,0,0,0,0,0,0,,
870,server_queue,target_worker,3421,3470,813350646620630,813350646729380,108750,38281,35365,35104,0,0,0,1,813350646655734,35365
870,server_queue,source_binder,3421,3453,813350646620630,813350646729380,108750,88385,0,20365,0,0,0,0,,
870,client_resume,target_worker,1466,3397,813350646842088,813350646999849,157761,30157,54218,73386,0,0,0,1,813350646915474,54218
870,client_resume,source_callback,1466,3362,813350646842088,813350646999849,157761,127604,0,30157,0,0,0,0,,
870,client_resolve,client_worker,1466,3397,813350646228963,813350646331672,102709,102709,0,0,0,0,0,0,,
870,client_register,client_worker,1466,3397,813350646331672,813350646371151,39479,39479,0,0,0,0,0,0,,
870,client_encode,client_worker,1466,3397,813350646371151,813350646424432,53281,53281,0,0,0,0,0,0,,
871,server_admission,receive_thread,3421,3453,813350647361880,813350647454745,92865,92865,0,0,0,0,0,0,,
871,server_queue,target_worker,3421,3470,813350647454745,813350647553807,99062,34687,33698,30677,0,0,0,1,813350647485422,33698
871,server_queue,source_binder,3421,3453,813350647454745,813350647553807,99062,82552,0,16510,0,0,0,0,,
871,client_resume,target_worker,1466,3397,813350647667349,813350647818859,151510,37917,39270,74323,0,0,0,1,813350647741672,39270
871,client_resume,source_callback,1466,3362,813350647667349,813350647818859,151510,124062,0,27448,0,0,0,0,,
871,client_resolve,client_worker,1466,3397,813350647061359,813350647163182,101823,101823,0,0,0,0,0,0,,
871,client_register,client_worker,1466,3397,813350647163182,813350647218442,55260,55260,0,0,0,0,0,0,,
871,client_encode,client_worker,1466,3397,813350647218442,813350647277088,58646,58646,0,0,0,0,0,0,,
872,server_admission,receive_thread,3421,3453,813350648227192,813350648315474,88282,88282,0,0,0,0,0,0,,
872,server_queue,target_worker,3421,3470,813350648315474,813350648418963,103489,38073,34062,31354,0,0,0,1,813350648346828,34062
872,server_queue,source_binder,3421,3453,813350648315474,813350648418963,103489,81510,0,21979,0,0,0,0,,
872,client_resume,target_worker,1466,3397,813350648531463,813350648694067,162604,40520,49532,72552,0,0,0,1,813350648604015,49532
872,client_resume,source_callback,1466,3362,813350648531463,813350648694067,162604,121354,0,41250,0,0,0,0,,
872,client_resolve,client_worker,1466,3397,813350647892505,813350647995317,102812,102812,0,0,0,0,0,0,,
872,client_register,client_worker,1466,3397,813350647995317,813350648038807,43490,43490,0,0,0,0,0,0,,
872,client_encode,client_worker,1466,3397,813350648038807,813350648133130,94323,94323,0,0,0,0,0,0,,
873,server_admission,receive_thread,3421,3453,813350649070265,813350649161047,90782,90782,0,0,0,0,0,0,,
873,server_queue,target_worker,3421,3470,813350649161047,813350649264224,103177,36875,35886,30416,0,0,0,1,813350649191463,35886
873,server_queue,source_binder,3421,3453,813350649161047,813350649264224,103177,81354,0,21823,0,0,0,0,,
873,client_resume,target_worker,1466,3397,813350649375890,813350649543547,167657,38907,56875,71875,0,0,0,1,813350649447765,56875
873,client_resume,source_callback,1466,3362,813350649375890,813350649543547,167657,126980,0,40677,0,0,0,0,,
873,client_resolve,client_worker,1466,3397,813350648768911,813350648866776,97865,97865,0,0,0,0,0,0,,
873,client_register,client_worker,1466,3397,813350648866776,813350648923390,56614,56614,0,0,0,0,0,0,,
873,client_encode,client_worker,1466,3397,813350648923390,813350648980370,56980,56980,0,0,0,0,0,0,,
874,server_admission,receive_thread,3421,3453,813350649902349,813350649988130,85781,85781,0,0,0,0,0,0,,
874,server_queue,target_worker,3421,3470,813350649988130,813350650096567,108437,35416,32448,40573,0,0,0,1,813350650028703,32448
874,server_queue,source_binder,3421,3453,813350649988130,813350650096567,108437,90104,0,18333,0,0,0,0,,
874,client_resume,target_worker,1466,3397,813350650217453,813350650373234,155781,36406,52500,66875,0,0,0,1,813350650284328,52500
874,client_resume,source_callback,1466,3362,813350650217453,813350650373234,155781,117812,0,37969,0,0,0,0,,
874,client_resolve,client_worker,1466,3397,813350649618026,813350649713078,95052,95052,0,0,0,0,0,0,,
874,client_register,client_worker,1466,3397,813350649713078,813350649755578,42500,42500,0,0,0,0,0,0,,
874,client_encode,client_worker,1466,3397,813350649755578,813350649811047,55469,55469,0,0,0,0,0,0,,
875,server_admission,receive_thread,3421,3453,813350650740213,813350650828026,87813,87813,0,0,0,0,0,0,,
875,server_queue,target_worker,3421,3470,813350650828026,813350650927609,99583,38281,31771,29531,0,0,0,1,813350650857557,31771
875,server_queue,source_binder,3421,3453,813350650828026,813350650927609,99583,79948,0,19635,0,0,0,0,,
875,client_resume,target_worker,1466,3397,813350651039536,813350651202453,162917,38854,46250,77813,0,0,0,1,813350651117349,46250
875,client_resume,source_callback,1466,3362,813350651039536,813350651202453,162917,124323,0,38594,0,0,0,0,,
875,client_resolve,client_worker,1466,3397,813350650444120,813350650536411,92291,92291,0,0,0,0,0,0,,
875,client_register,client_worker,1466,3397,813350650536411,813350650575578,39167,39167,0,0,0,0,0,0,,
875,client_encode,client_worker,1466,3397,813350650575578,813350650652036,76458,76458,0,0,0,0,0,0,,
876,server_admission,receive_thread,3421,3453,813350651582557,813350651668859,86302,86302,0,0,0,0,0,0,,
876,server_queue,target_worker,3421,3470,813350651668859,813350651766620,97761,36928,31718,29115,0,0,0,1,813350651697974,31718
876,server_queue,source_binder,3421,3453,813350651668859,813350651766620,97761,77136,0,20625,0,0,0,0,,
876,client_resume,target_worker,1466,3397,813350651868651,813350652013026,144375,32031,46511,65833,0,0,0,1,813350651934484,46511
876,client_resume,source_callback,1466,3362,813350651868651,813350652013026,144375,112344,0,32031,0,0,0,0,,
876,client_resolve,client_worker,1466,3397,813350651279432,813350651370786,91354,91354,0,0,0,0,0,0,,
876,client_register,client_worker,1466,3397,813350651370786,813350651411828,41042,41042,0,0,0,0,0,0,,
876,client_encode,client_worker,1466,3397,813350651411828,813350651469432,57604,57604,0,0,0,0,0,0,,
877,server_admission,receive_thread,3421,3453,813350652394276,813350652481567,87291,87291,0,0,0,0,0,0,,
877,server_queue,target_worker,3421,3470,813350652481567,813350652573755,92188,31615,30416,30157,0,0,0,1,813350652511724,30416
877,server_queue,source_binder,3421,3453,813350652481567,813350652573755,92188,79428,0,12760,0,0,0,0,,
877,client_resume,target_worker,1466,3397,813350652677922,813350652819015,141093,35989,35209,69895,0,0,0,1,813350652747817,35209
877,client_resume,source_callback,1466,3362,813350652677922,813350652819015,141093,115156,0,25937,0,0,0,0,,
877,client_resolve,client_worker,1466,3397,813350652075474,813350652208390,132916,132916,0,0,0,0,0,0,,
877,client_register,client_worker,1466,3397,813350652208390,813350652252401,44011,44011,0,0,0,0,0,0,,
877,client_encode,client_worker,1466,3397,813350652252401,813350652314953,62552,62552,0,0,0,0,0,0,,
878,server_admission,receive_thread,3421,3453,813350653194536,813350653299536,105000,105000,0,0,0,0,0,0,,
878,server_queue,target_worker,3421,3470,813350653299536,813350653404745,105209,39011,33489,32709,0,0,0,1,813350653332245,33489
878,server_queue,source_binder,3421,3453,813350653299536,813350653404745,105209,83802,0,21407,0,0,0,0,,
878,client_resume,target_worker,1466,3397,813350653518807,813350653668442,149635,33020,50521,66094,0,0,0,1,813350653584901,50521
878,client_resume,source_callback,1466,3362,813350653518807,813350653668442,149635,116615,0,33020,0,0,0,0,,
878,client_resolve,client_worker,1466,3397,813350652896099,813350653000109,104010,104010,0,0,0,0,0,0,,
878,client_register,client_worker,1466,3397,813350653000109,813350653043182,43073,43073,0,0,0,0,0,0,,
878,client_encode,client_worker,1466,3397,813350653043182,813350653102609,59427,59427,0,0,0,0,0,0,,
879,server_admission,receive_thread,3421,3453,813350654041567,813350654144432,102865,102865,0,0,0,0,0,0,,
879,server_queue,target_worker,3421,3470,813350654144432,813350654240630,96198,33438,31822,30938,0,0,0,1,813350654175370,31822
879,server_queue,source_binder,3421,3453,813350654144432,813350654240630,96198,81250,0,14948,0,0,0,0,,
879,client_resume,target_worker,1466,3397,813350654357245,813350654509588,152343,38333,42292,71718,0,0,0,1,813350654428963,42292
879,client_resume,source_callback,1466,3362,813350654357245,813350654509588,152343,122812,0,29531,0,0,0,0,,
879,client_resolve,client_worker,1466,3397,813350653735265,813350653839484,104219,104219,0,0,0,0,0,0,,
879,client_register,client_worker,1466,3397,813350653839484,813350653883078,43594,43594,0,0,0,0,0,0,,
879,client_encode,client_worker,1466,3397,813350653883078,813350653952297,69219,69219,0,0,0,0,0,0,,
880,server_admission,receive_thread,3421,3453,813350654883130,813350654972870,89740,89740,0,0,0,0,0,0,,
880,server_queue,target_worker,3421,3470,813350654972870,813350655075422,102552,35469,35261,31822,0,0,0,1,813350655004692,35261
880,server_queue,source_binder,3421,3453,813350654972870,813350655075422,102552,82916,0,19636,0,0,0,0,,
880,client_resume,target_worker,1466,3397,813350655204484,813350655374276,169792,41563,55833,72396,0,0,0,1,813350655276880,55833
880,client_resume,source_callback,1466,3362,813350655204484,813350655374276,169792,127292,0,42500,0,0,0,0,,
880,client_resolve,client_worker,1466,3397,813350654587453,813350654688286,100833,100833,0,0,0,0,0,0,,
880,client_register,client_worker,1466,3397,813350654688286,813350654729067,40781,40781,0,0,0,0,0,0,,
880,client_encode,client_worker,1466,3397,813350654729067,813350654787765,58698,58698,0,0,0,0,0,0,,
881,server_admission,receive_thread,3421,3453,813350655755838,813350655850422,94584,94584,0,0,0,0,0,0,,
881,server_queue,target_worker,3421,3470,813350655850422,813350655956099,105677,37344,35521,32812,0,0,0,1,813350655883234,35521
881,server_queue,source_binder,3421,3453,813350655850422,813350655956099,105677,85729,0,19948,0,0,0,0,,
881,client_resume,target_worker,1466,3397,813350656070578,813350656263078,192500,40156,52292,100052,0,0,0,1,813350656170630,52292
881,client_resume,source_callback,1466,3362,813350656070578,813350656263078,192500,150469,0,42031,0,0,0,0,,
881,client_resolve,client_worker,1466,3397,813350655450734,813350655548547,97813,97813,0,0,0,0,0,0,,
881,client_register,client_worker,1466,3397,813350655548547,813350655589120,40573,40573,0,0,0,0,0,0,,
881,client_encode,client_worker,1466,3397,813350655589120,813350655644015,54895,54895,0,0,0,0,0,0,,
882,server_admission,receive_thread,3421,3453,813350656651620,813350656740526,88906,88906,0,0,0,0,0,0,,
882,server_queue,target_worker,3421,3470,813350656740526,813350656844849,104323,35573,36459,32291,0,0,0,1,813350656772817,36459
882,server_queue,source_binder,3421,3453,813350656740526,813350656844849,104323,85052,0,19271,0,0,0,0,,
882,client_resume,target_worker,1466,3397,813350656960734,813350657121620,160886,36250,52657,71979,0,0,0,1,813350657032713,52657
882,client_resume,source_callback,1466,3362,813350656960734,813350657121620,160886,124427,0,36459,0,0,0,0,,
882,client_resolve,client_worker,1466,3397,813350656340578,813350656442192,101614,101614,0,0,0,0,0,0,,
882,client_register,client_worker,1466,3397,813350656442192,813350656485890,43698,43698,0,0,0,0,0,0,,
882,client_encode,client_worker,1466,3397,813350656485890,813350656548286,62396,62396,0,0,0,0,0,0,,
883,server_admission,receive_thread,3421,3453,813350657492453,813350657610370,117917,117917,0,0,0,0,0,0,,
883,server_queue,target_worker,3421,3470,813350657610370,813350657717192,106822,37552,34739,34531,0,0,0,1,813350657644901,34739
883,server_queue,source_binder,3421,3453,813350657610370,813350657717192,106822,87552,0,19270,0,0,0,0,,
883,client_resume,target_worker,1466,3397,813350657830526,813350657997505,166979,39688,55625,71666,0,0,0,1,813350657902192,55625
883,client_resume,source_callback,1466,3362,813350657830526,813350657997505,166979,124948,0,42031,0,0,0,0,,
883,client_resolve,client_worker,1466,3397,813350657199015,813350657295370,96355,96355,0,0,0,0,0,0,,
883,client_register,client_worker,1466,3397,813350657295370,813350657335838,40468,40468,0,0,0,0,0,0,,
883,client_encode,client_worker,1466,3397,813350657335838,813350657397870,62032,62032,0,0,0,0,0,0,,
884,server_admission,receive_thread,3421,3453,813350658414172,813350658499172,85000,85000,0,0,0,0,0,0,,
884,server_queue,target_worker,3421,3470,813350658499172,813350658593130,93958,35417,30885,27656,0,0,0,1,813350658526828,30885
884,server_queue,source_binder,3421,3453,813350658499172,813350658593130,93958,74948,0,19010,0,0,0,0,,
884,client_resume,target_worker,1466,3397,813350658711255,813350658864692,153437,38593,42917,71927,0,0,0,1,813350658783182,42917
884,client_resume,source_callback,1466,3362,813350658711255,813350658864692,153437,122083,0,31354,0,0,0,0,,
884,client_resolve,client_worker,1466,3397,813350658089536,813350658190786,101250,101250,0,0,0,0,0,0,,
884,client_register,client_worker,1466,3397,813350658190786,813350658276411,85625,85625,0,0,0,0,0,0,,
884,client_encode,client_worker,1466,3397,813350658276411,813350658328234,51823,51823,0,0,0,0,0,0,,
885,server_admission,receive_thread,3421,3453,813350659231307,813350659320942,89635,89635,0,0,0,0,0,0,,
885,server_queue,target_worker,3421,3470,813350659320942,813350659460838,139896,40052,67604,32240,0,0,0,1,813350659353182,67604
885,server_queue,source_binder,3421,3453,813350659320942,813350659460838,139896,139896,0,0,0,0,0,0,,
885,client_resume,target_worker,1466,3397,813350659591359,813350659753495,162136,39844,52865,69427,0,0,0,1,813350659660786,52865
885,client_resume,source_callback,1466,3362,813350659591359,813350659753495,162136,126146,0,35990,0,0,0,0,,
885,client_resolve,client_worker,1466,3397,813350658940109,813350659034015,93906,93906,0,0,0,0,0,0,,
885,client_register,client_worker,1466,3397,813350659034015,813350659074536,40521,40521,0,0,0,0,0,0,,
885,client_encode,client_worker,1466,3397,813350659074536,813350659134328,59792,59792,0,0,0,0,0,0,,
886,server_admission,receive_thread,3421,3453,813350660177870,813350660268755,90885,90885,0,0,0,0,0,0,,
886,server_queue,target_worker,3421,3470,813350660268755,813350660369640,100885,37968,32657,30260,0,0,0,1,813350660299015,32657
886,server_queue,source_binder,3421,3453,813350660268755,813350660369640,100885,80625,0,20260,0,0,0,0,,
886,client_resume,target_worker,1466,3397,813350660481307,813350660628599,147292,31927,47865,67500,0,0,0,1,813350660548807,47865
886,client_resume,source_callback,1466,3362,813350660481307,813350660628599,147292,115365,0,31927,0,0,0,0,,
886,client_resolve,client_worker,1466,3397,813350659829015,813350659942609,113594,113594,0,0,0,0,0,0,,
886,client_register,client_worker,1466,3397,813350659942609,813350659983026,40417,40417,0,0,0,0,0,0,,
886,client_encode,client_worker,1466,3397,813350659983026,813350660041724,58698,58698,0,0,0,0,0,0,,
887,server_admission,receive_thread,3421,3453,813350660991463,813350661079536,88073,88073,0,0,0,0,0,0,,
887,server_queue,target_worker,3421,3470,813350661079536,813350661186880,107344,33073,32083,42188,0,0,0,1,813350661121724,32083
887,server_queue,source_binder,3421,3453,813350661079536,813350661186880,107344,91615,0,15729,0,0,0,0,,
887,client_resume,target_worker,1466,3397,813350661302245,813350661445734,143489,36042,34531,72916,0,0,0,1,813350661375161,34531
887,client_resume,source_callback,1466,3362,813350661302245,813350661445734,143489,120104,0,23385,0,0,0,0,,
887,client_resolve,client_worker,1466,3397,813350660696984,813350660798755,101771,101771,0,0,0,0,0,0,,
887,client_register,client_worker,1466,3397,813350660798755,813350660840734,41979,41979,0,0,0,0,0,0,,
887,client_encode,client_worker,1466,3397,813350660840734,813350660899849,59115,59115,0,0,0,0,0,0,,
888,server_admission,receive_thread,3421,3453,813350661827349,813350661908859,81510,81510,0,0,0,0,0,0,,
888,server_queue,target_worker,3421,3470,813350661908859,813350661999484,90625,34010,28542,28073,0,0,0,1,813350661936932,28542
888,server_queue,source_binder,3421,3453,813350661908859,813350661999484,90625,73854,0,16771,0,0,0,0,,
888,client_resume,target_worker,1466,3397,813350662125213,813350662279484,154271,38906,36094,79271,0,0,0,1,813350662204484,36094
888,client_resume,source_callback,1466,3362,813350662125213,813350662279484,154271,135782,0,18489,0,0,0,0,,
888,client_resolve,client_worker,1466,3397,813350661515942,813350661651099,135157,135157,0,0,0,0,0,0,,
888,client_register,client_worker,1466,3397,813350661651099,813350661692505,41406,41406,0,0,0,0,0,0,,
888,client_encode,client_worker,1466,3397,813350661692505,813350661744849,52344,52344,0,0,0,0,0,0,,
889,server_admission,receive_thread,3421,3453,813350662667765,813350662757713,89948,89948,0,0,0,0,0,0,,
889,server_queue,target_worker,3421,3470,813350662757713,813350662864692,106979,37447,37136,32396,0,0,0,1,813350662790109,37136
889,server_queue,source_binder,3421,3453,813350662757713,813350662864692,106979,87917,0,19062,0,0,0,0,,
889,client_resume,target_worker,1466,3397,813350662982870,813350663149276,166406,39271,54792,72343,0,0,0,1,813350663055213,54792
889,client_resume,source_callback,1466,3362,813350662982870,813350663149276,166406,125520,0,40886,0,0,0,0,,
889,client_resolve,client_worker,1466,3397,813350662355370,813350662461672,106302,106302,0,0,0,0,0,0,,
889,client_register,client_worker,1466,3397,813350662461672,813350662505838,44166,44166,0,0,0,0,0,0,,
889,client_encode,client_worker,1466,3397,813350662505838,813350662568859,63021,63021,0,0,0,0,0,0,,
890,server_admission,receive_thread,3421,3453,813350663516620,813350663608286,91666,91666,0,0,0,0,0,0,,
890,server_queue,target_worker,3421,3470,813350663608286,813350663711359,103073,36562,34219,32292,0,0,0,1,813350663640578,34219
890,server_queue,source_binder,3421,3453,813350663608286,813350663711359,103073,82344,0,20729,0,0,0,0,,
890,client_resume,target_worker,1466,3397,813350663847557,813350663996411,148854,32500,48854,67500,0,0,0,1,813350663915057,48854
890,client_resume,source_callback,1466,3362,813350663847557,813350663996411,148854,116354,0,32500,0,0,0,0,,
890,client_resolve,client_worker,1466,3397,813350663223130,813350663315161,92031,92031,0,0,0,0,0,0,,
890,client_register,client_worker,1466,3397,813350663315161,813350663368755,53594,53594,0,0,0,0,0,0,,
890,client_encode,client_worker,1466,3397,813350663368755,813350663424276,55521,55521,0,0,0,0,0,0,,
891,server_admission,receive_thread,3421,3453,813350664388755,813350664474328,85573,85573,0,0,0,0,0,0,,
891,server_queue,target_worker,3421,3470,813350664474328,813350664568963,94635,33021,32135,29479,0,0,0,1,813350664503807,32135
891,server_queue,source_binder,3421,3453,813350664474328,813350664568963,94635,81510,0,13125,0,0,0,0,,
891,client_resume,target_worker,1466,3397,813350664684067,813350664831515,147448,37187,38125,72136,0,0,0,1,813350664756203,38125
891,client_resume,source_callback,1466,3362,813350664684067,813350664831515,147448,118803,0,28645,0,0,0,0,,
891,client_resolve,client_worker,1466,3397,813350664063651,813350664198599,134948,134948,0,0,0,0,0,0,,
891,client_register,client_worker,1466,3397,813350664198599,813350664244224,45625,45625,0,0,0,0,0,0,,
891,client_encode,client_worker,1466,3397,813350664244224,813350664302192,57968,57968,0,0,0,0,0,0,,
892,server_admission,receive_thread,3421,3453,813350665225474,813350665325734,100260,100260,0,0,0,0,0,0,,
892,server_queue,target_worker,3421,3470,813350665325734,813350665428651,102917,37656,35209,30052,0,0,0,1,813350665355786,35209
892,server_queue,source_binder,3421,3453,813350665325734,813350665428651,102917,79427,0,23490,0,0,0,0,,
892,client_resume,target_worker,1466,3397,813350665541567,813350665704953,163386,40417,55156,67813,0,0,0,1,813350665609380,55156
892,client_resume,source_callback,1466,3362,813350665541567,813350665704953,163386,121042,0,42344,0,0,0,0,,
892,client_resolve,client_worker,1466,3397,813350664907557,813350665009120,101563,101563,0,0,0,0,0,0,,
892,client_register,client_worker,1466,3397,813350665009120,813350665084745,75625,75625,0,0,0,0,0,0,,
892,client_encode,client_worker,1466,3397,813350665084745,813350665134536,49791,49791,0,0,0,0,0,0,,
893,server_admission,receive_thread,3421,3453,813350666054797,813350666141932,87135,87135,0,0,0,0,0,0,,
893,server_queue,target_worker,3421,3470,813350666141932,813350666247036,105104,37864,35469,31771,0,0,0,1,813350666173703,35469
893,server_queue,source_binder,3421,3453,813350666141932,813350666247036,105104,83385,0,21719,0,0,0,0,,
893,client_resume,target_worker,1466,3397,813350666357245,813350666522349,165104,38854,58230,68020,0,0,0,1,813350666425265,58230
893,client_resume,source_callback,1466,3362,813350666357245,813350666522349,165104,123020,0,42084,0,0,0,0,,
893,client_resolve,client_worker,1466,3397,813350665776255,813350665870109,93854,93854,0,0,0,0,0,0,,
893,client_register,client_worker,1466,3397,813350665870109,813350665908911,38802,38802,0,0,0,0,0,0,,
893,client_encode,client_worker,1466,3397,813350665908911,813350665962349,53438,53438,0,0,0,0,0,0,,
894,server_admission,receive_thread,3421,3453,813350666899640,813350666988911,89271,89271,0,0,0,0,0,0,,
894,server_queue,target_worker,3421,3470,813350666988911,813350667127817,138906,75677,34895,28334,0,0,0,1,813350667017245,34895
894,server_queue,source_binder,3421,3453,813350666988911,813350667127817,138906,80886,0,58020,0,0,0,0,,
894,client_resume,target_worker,1466,3397,813350667265526,813350667445317,179791,34895,74323,70573,0,0,0,1,813350667336099,74323
894,client_resume,source_callback,1466,3362,813350667265526,813350667445317,179791,179791,0,0,0,0,0,0,,
894,client_resolve,client_worker,1466,3397,813350666595682,813350666696151,100469,100469,0,0,0,0,0,0,,
894,client_register,client_worker,1466,3397,813350666696151,813350666737609,41458,41458,0,0,0,0,0,0,,
894,client_encode,client_worker,1466,3397,813350666737609,813350666810370,72761,72761,0,0,0,0,0,0,,
895,server_admission,receive_thread,3421,3453,813350667817557,813350667926880,109323,109323,0,0,0,0,0,0,,
895,server_queue,target_worker,3421,3470,813350667926880,813350668027922,101042,34740,33958,32344,0,0,0,1,813350667959224,33958
895,server_queue,source_binder,3421,3453,813350667926880,813350668027922,101042,83698,0,17344,0,0,0,0,,
895,client_resume,target_worker,1466,3397,813350668203130,813350668358442,155312,29010,50469,75833,0,0,0,1,813350668278963,50469
895,client_resume,source_callback,1466,3362,813350668203130,813350668358442,155312,126302,0,29010,0,0,0,0,,
895,client_resolve,client_worker,1466,3397,813350667513442,813350667606620,93178,93178,0,0,0,0,0,0,,
895,client_register,client_worker,1466,3397,813350667606620,813350667676567,69947,69947,0,0,0,0,0,0,,
895,client_encode,client_worker,1466,3397,813350667676567,813350667721880,45313,45313,0,0,0,0,0,0,,
896,server_admission,receive_thread,3421,3453,813350668737192,813350668844224,107032,107032,0,0,0,0,0,0,,
896,server_queue,target_worker,3421,3470,813350668844224,813350668943651,99427,32292,34323,32812,0,0,0,1,813350668877036,34323
896,server_queue,source_binder,3421,3453,813350668844224,813350668943651,99427,87396,0,12031,0,0,0,0,,
896,client_resume,target_worker,1466,3397,813350669067349,813350669218495,151146,37500,38125,75521,0,0,0,1,813350669142870,38125
896,client_resume,source_callback,1466,3362,813350669067349,813350669218495,151146,123854,0,27292,0,0,0,0,,
896,client_resolve,client_worker,1466,3397,813350668418911,813350668524745,105834,105834,0,0,0,0,0,0,,
896,client_register,client_worker,1466,3397,813350668524745,813350668572401,47656,47656,0,0,0,0,0,0,,
896,client_encode,client_worker,1466,3397,813350668572401,813350668640838,68437,68437,0,0,0,0,0,0,,
897,server_admission,receive_thread,3421,3453,813350669590682,813350669682349,91667,91667,0,0,0,0,0,0,,
897,server_queue,target_worker,3421,3470,813350669682349,813350669786672,104323,36407,35573,32343,0,0,0,1,813350669714692,35573
897,server_queue,source_binder,3421,3453,813350669682349,813350669786672,104323,85833,0,18490,0,0,0,0,,
897,client_resume,target_worker,1466,3397,813350669904380,813350670065109,160729,36875,52656,71198,0,0,0,1,813350669975578,52656
897,client_resume,source_callback,1466,3362,813350669904380,813350670065109,160729,123698,0,37031,0,0,0,0,,
897,client_resolve,client_worker,1466,3397,813350669294015,813350669395786,101771,101771,0,0,0,0,0,0,,
897,client_register,client_worker,1466,3397,813350669395786,813350669433703,37917,37917,0,0,0,0,0,0,,
897,client_encode,client_worker,1466,3397,813350669433703,813350669496463,62760,62760,0,0,0,0,0,0,,
898,server_admission,receive_thread,3421,3453,813350670439484,813350670531359,91875,91875,0,0,0,0,0,0,,
898,server_queue,target_worker,3421,3470,813350670531359,813350670636203,104844,35104,36146,33594,0,0,0,1,813350670564953,36146
898,server_queue,source_binder,3421,3453,813350670531359,813350670636203,104844,85573,0,19271,0,0,0,0,,
898,client_resume,target_worker,1466,3397,813350670749120,813350670902922,153802,33021,53125,67656,0,0,0,1,813350670816776,53125
898,client_resume,source_callback,1466,3362,813350670749120,813350670902922,153802,120781,0,33021,0,0,0,0,,
898,client_resolve,client_worker,1466,3397,813350670139901,813350670235370,95469,95469,0,0,0,0,0,0,,
898,client_register,client_worker,1466,3397,813350670235370,813350670273130,37760,37760,0,0,0,0,0,0,,
898,client_encode,client_worker,1466,3397,813350670273130,813350670348026,74896,74896,0,0,0,0,0,0,,
899,server_admission,receive_thread,3421,3453,813350671261620,813350671356307,94687,94687,0,0,0,0,0,0,,
899,server_queue,target_worker,3421,3470,813350671356307,813350671451776,95469,31823,33281,30365,0,0,0,1,813350671386672,33281
899,server_queue,source_binder,3421,3453,813350671356307,813350671451776,95469,82969,0,12500,0,0,0,0,,
899,client_resume,target_worker,1466,3397,813350671573286,813350671722245,148959,39063,37552,72344,0,0,0,1,813350671645630,37552
899,client_resume,source_callback,1466,3362,813350671573286,813350671722245,148959,115469,0,33490,0,0,0,0,,
899,client_resolve,client_worker,1466,3397,813350670971724,813350671072297,100573,100573,0,0,0,0,0,0,,
899,client_register,client_worker,1466,3397,813350671072297,813350671115838,43541,43541,0,0,0,0,0,0,,
899,client_encode,client_worker,1466,3397,813350671115838,813350671172557,56719,56719,0,0,0,0,0,0,,
900,server_admission,receive_thread,3421,3453,813350672128442,813350672221724,93282,93282,0,0,0,0,0,0,,
900,server_queue,target_worker,3421,3470,813350672221724,813350672391984,170260,78542,34791,56927,0,0,0,1,813350672278651,34791
900,server_queue,source_binder,3421,3453,813350672221724,813350672391984,170260,110729,0,59531,0,0,0,0,,
900,client_resume,target_worker,1466,3397,813350672492974,813350672641411,148437,30833,50104,67500,0,0,0,1,813350672560474,50104
900,client_resume,source_callback,1466,3362,813350672492974,813350672641411,148437,117604,0,30833,0,0,0,0,,
900,client_resolve,client_worker,1466,3397,813350671795995,813350671896672,100677,100677,0,0,0,0,0,0,,
900,client_register,client_worker,1466,3397,813350671896672,813350671936099,39427,39427,0,0,0,0,0,0,,
900,client_encode,client_worker,1466,3397,813350671936099,813350671991151,55052,55052,0,0,0,0,0,0,,
901,server_admission,receive_thread,3421,3453,813350673012349,813350673125942,113593,113593,0,0,0,0,0,0,,
901,server_queue,target_worker,3421,3470,813350673125942,813350673243963,118021,37708,42240,38073,0,0,0,1,813350673164015,42240
901,server_queue,source_binder,3421,3453,813350673125942,813350673243963,118021,103803,0,14218,0,0,0,0,,
901,client_resume,target_worker,1466,3397,813350673382557,813350673533911,151354,36614,26042,88698,0,0,0,1,813350673471255,26042
901,client_resume,source_callback,1466,3362,813350673382557,813350673533911,151354,143021,0,8333,0,0,0,0,,
901,client_resolve,client_worker,1466,3397,813350672700995,813350672798182,97187,97187,0,0,0,0,0,0,,
901,client_register,client_worker,1466,3397,813350672798182,813350672843442,45260,45260,0,0,0,0,0,0,,
901,client_encode,client_worker,1466,3397,813350672843442,813350672904588,61146,61146,0,0,0,0,0,0,,
902,server_admission,receive_thread,3421,3453,813350673936567,813350674060682,124115,124115,0,0,0,0,0,0,,
902,server_queue,target_worker,3421,3470,813350674060682,813350674170370,109688,23855,42812,43021,0,0,0,1,813350674103703,42812
902,server_queue,source_binder,3421,3453,813350674060682,813350674170370,109688,109688,0,0,0,0,0,0,,
902,client_resume,target_worker,1466,3397,813350674294276,813350674426932,132656,30208,27396,75052,0,0,0,1,813350674369328,27396
902,client_resume,source_callback,1466,3362,813350674294276,813350674426932,132656,128698,0,3958,0,0,0,0,,
902,client_resolve,client_worker,1466,3397,813350673603442,813350673710057,106615,106615,0,0,0,0,0,0,,
902,client_register,client_worker,1466,3397,813350673710057,813350673755838,45781,45781,0,0,0,0,0,0,,
902,client_encode,client_worker,1466,3397,813350673755838,813350673817713,61875,61875,0,0,0,0,0,0,,
903,server_admission,receive_thread,3421,3453,813350674811359,813350674923390,112031,112031,0,0,0,0,0,0,,
903,server_queue,target_worker,3421,3470,813350674923390,813350675019588,96198,23854,37604,34740,0,0,0,1,813350674958130,37604
903,server_queue,source_binder,3421,3453,813350674923390,813350675019588,96198,96198,0,0,0,0,0,0,,
903,client_resume,target_worker,1466,3397,813350675140838,813350675271203,130365,30417,29062,70886,0,0,0,1,813350675211724,29062
903,client_resume,source_callback,1466,3362,813350675140838,813350675271203,130365,124532,0,5833,0,0,0,0,,
903,client_resolve,client_worker,1466,3397,813350674506620,813350674602505,95885,95885,0,0,0,0,0,0,,
903,client_register,client_worker,1466,3397,813350674602505,813350674642349,39844,39844,0,0,0,0,0,0,,
903,client_encode,client_worker,1466,3397,813350674642349,813350674701203,58854,58854,0,0,0,0,0,0,,
904,server_admission,receive_thread,3421,3453,813350675694067,813350675803911,109844,109844,0,0,0,0,0,0,,
904,server_queue,target_worker,3421,3470,813350675803911,813350675900890,96979,25312,38333,33334,0,0,0,1,813350675837245,38333
904,server_queue,source_binder,3421,3453,813350675803911,813350675900890,96979,96979,0,0,0,0,0,0,,
904,client_resume,target_worker,1466,3397,813350676020161,813350676181047,160886,29584,24896,106406,0,0,0,1,813350676126567,24896
904,client_resume,source_callback,1466,3362,813350676020161,813350676181047,160886,159531,0,1355,0,0,0,0,,
904,client_resolve,client_worker,1466,3397,813350675339067,813350675484380,145313,145313,0,0,0,0,0,0,,
904,client_register,client_worker,1466,3397,813350675484380,813350675526255,41875,41875,0,0,0,0,0,0,,
904,client_encode,client_worker,1466,3397,813350675526255,813350675585109,58854,58854,0,0,0,0,0,0,,
905,server_admission,receive_thread,3421,3453,813350676569328,813350676694692,125364,125364,0,0,0,0,0,0,,
905,server_queue,target_worker,3421,3470,813350676694692,813350676796620,101928,29063,35937,36928,0,0,0,1,813350676731620,35937
905,server_queue,source_binder,3421,3453,813350676694692,813350676796620,101928,101928,0,0,0,0,0,0,,
905,client_resume,target_worker,1466,3397,813350676919692,813350677052557,132865,30990,29895,71980,0,0,0,1,813350676991672,29895
905,client_resume,source_callback,1466,3362,813350676919692,813350677052557,132865,128282,0,4583,0,0,0,0,,
905,client_resolve,client_worker,1466,3397,813350676243130,813350676352401,109271,109271,0,0,0,0,0,0,,
905,client_register,client_worker,1466,3397,813350676352401,813350676392245,39844,39844,0,0,0,0,0,0,,
905,client_encode,client_worker,1466,3397,813350676392245,813350676457349,65104,65104,0,0,0,0,0,0,,
906,server_admission,receive_thread,3421,3453,813350677445734,813350677555422,109688,109688,0,0,0,0,0,0,,
906,server_queue,target_worker,3421,3470,813350677555422,813350677644224,88802,23125,34532,31145,0,0,0,1,813350677586567,34532
906,server_queue,source_binder,3421,3453,813350677555422,813350677644224,88802,88802,0,0,0,0,0,0,,
906,client_resume,target_worker,1466,3397,813350677777713,813350677909692,131979,30520,27917,73542,0,0,0,1,813350677851255,27917
906,client_resume,source_callback,1466,3362,813350677777713,813350677909692,131979,125729,0,6250,0,0,0,0,,
906,client_resolve,client_worker,1466,3397,813350677122609,813350677227817,105208,105208,0,0,0,0,0,0,,
906,client_register,client_worker,1466,3397,813350677227817,813350677273495,45678,45678,0,0,0,0,0,0,,
906,client_encode,client_worker,1466,3397,813350677273495,813350677337245,63750,63750,0,0,0,0,0,0,,
907,server_admission,receive_thread,3421,3453,813350678297713,813350678409484,111771,111771,0,0,0,0,0,0,,
907,server_queue,target_worker,3421,3470,813350678409484,813350678502974,93490,23959,34948,34583,0,0,0,1,813350678444067,34948
907,server_queue,source_binder,3421,3453,813350678409484,813350678502974,93490,93490,0,0,0,0,0,0,,
907,client_resume,target_worker,1466,3397,813350678632870,813350678762401,129531,30521,28073,70937,0,0,0,1,813350678703807,28073
907,client_resume,source_callback,1466,3362,813350678632870,813350678762401,129531,126562,0,2969,0,0,0,0,,
907,client_resolve,client_worker,1466,3397,813350677979640,813350678095161,115521,115521,0,0,0,0,0,0,,
907,client_register,client_worker,1466,3397,813350678095161,813350678133755,38594,38594,0,0,0,0,0,0,,
907,client_encode,client_worker,1466,3397,813350678133755,813350678197557,63802,63802,0,0,0,0,0,0,,
908,server_admission,receive_thread,3421,3453,813350679139172,813350679249797,110625,110625,0,0,0,0,0,0,,
908,server_queue,target_worker,3421,3470,813350679249797,813350679347245,97448,24948,36563,35937,0,0,0,1,813350679285734,36563
908,server_queue,source_binder,3421,3453,813350679249797,813350679347245,97448,96823,0,625,0,0,0,0,,
908,client_resume,target_worker,1466,3397,813350679468338,813350679595995,127657,28959,27239,71459,0,0,0,1,813350679539797,27239
908,client_resume,source_callback,1466,3362,813350679468338,813350679595995,127657,122448,0,5209,0,0,0,0,,
908,client_resolve,client_worker,1466,3397,813350678829120,813350678931463,102343,102343,0,0,0,0,0,0,,
908,client_register,client_worker,1466,3397,813350678931463,813350678973495,42032,42032,0,0,0,0,0,0,,
908,client_encode,client_worker,1466,3397,813350678973495,813350679034172,60677,60677,0,0,0,0,0,0,,
909,server_admission,receive_thread,3421,3453,813350680003807,813350680186099,182292,182292,0,0,0,0,0,0,,
909,server_queue,target_worker,3421,3470,813350680186099,813350680286724,100625,23021,34323,43281,0,0,0,1,813350680229380,34323
909,server_queue,source_binder,3421,3453,813350680186099,813350680286724,100625,100625,0,0,0,0,0,0,,
909,client_resume,target_worker,1466,3397,813350680397453,813350680528182,130729,30521,26146,74062,0,0,0,1,813350680471515,26146
909,client_resume,source_callback,1466,3362,813350680397453,813350680528182,130729,126302,0,4427,0,0,0,0,,
909,client_resolve,client_worker,1466,3397,813350679666880,813350679763807,96927,96927,0,0,0,0,0,0,,
909,client_register,client_worker,1466,3397,813350679763807,813350679836151,72344,72344,0,0,0,0,0,0,,
909,client_encode,client_worker,1466,3397,813350679836151,813350679895890,59739,59739,0,0,0,0,0,0,,
910,server_admission,receive_thread,3421,3453,813350680879745,813350680988338,108593,108593,0,0,0,0,0,0,,
910,server_queue,target_worker,3421,3470,813350680988338,813350681080317,91979,20885,37344,33750,0,0,0,1,813350681022088,37344
910,server_queue,source_binder,3421,3453,813350680988338,813350681080317,91979,91979,0,0,0,0,0,0,,
910,client_resume,target_worker,1466,3397,813350681191672,813350681316672,125000,29115,26458,69427,0,0,0,1,813350681261099,26458
910,client_resume,source_callback,1466,3362,813350681191672,813350681316672,125000,123177,0,1823,0,0,0,0,,
910,client_resolve,client_worker,1466,3397,813350680594120,813350680688078,93958,93958,0,0,0,0,0,0,,
910,client_register,client_worker,1466,3397,813350680688078,813350680726776,38698,38698,0,0,0,0,0,0,,
910,client_encode,client_worker,1466,3397,813350680726776,813350680778078,51302,51302,0,0,0,0,0,0,,
911,server_admission,receive_thread,3421,3453,813350681678651,813350681786099,107448,107448,0,0,0,0,0,0,,
911,server_queue,target_worker,3421,3470,813350681786099,813350681877505,91406,23958,32865,34583,0,0,0,1,813350681820682,32865
911,server_queue,source_binder,3421,3453,813350681786099,813350681877505,91406,90781,0,625,0,0,0,0,,
911,client_resume,target_worker,1466,3397,813350682011047,813350682134067,123020,28229,24010,70781,0,0,0,1,813350682081828,24010
911,client_resume,source_callback,1466,3362,813350682011047,813350682134067,123020,120260,0,2760,0,0,0,0,,
911,client_resolve,client_worker,1466,3397,813350681383911,813350681477870,93959,93959,0,0,0,0,0,0,,
911,client_register,client_worker,1466,3397,813350681477870,813350681530578,52708,52708,0,0,0,0,0,0,,
911,client_encode,client_worker,1466,3397,813350681530578,813350681580474,49896,49896,0,0,0,0,0,0,,
912,server_admission,receive_thread,3421,3453,813350682471880,813350682590057,118177,118177,0,0,0,0,0,0,,
912,server_queue,target_worker,3421,3470,813350682590057,813350682678599,88542,23438,33281,31823,0,0,0,1,813350682621880,33281
912,server_queue,source_binder,3421,3453,813350682590057,813350682678599,88542,87083,0,1459,0,0,0,0,,
912,client_resume,target_worker,1466,3397,813350682783234,813350682909745,126511,29896,25886,70729,0,0,0,1,813350682853963,25886
912,client_resume,source_callback,1466,3362,813350682783234,813350682909745,126511,116979,0,9532,0,0,0,0,,
912,client_resolve,client_worker,1466,3397,813350682200109,813350682291567,91458,91458,0,0,0,0,0,0,,
912,client_register,client_worker,1466,3397,813350682291567,813350682330786,39219,39219,0,0,0,0,0,0,,
912,client_encode,client_worker,1466,3397,813350682330786,813350682379849,49063,49063,0,0,0,0,0,0,,
913,server_admission,receive_thread,3421,3453,813350683273182,813350683374276,101094,101094,0,0,0,0,0,0,,
913,server_queue,target_worker,3421,3470,813350683374276,813350683580578,206302,45156,117188,43958,0,0,0,1,813350683418234,117188
913,server_queue,source_binder,3421,3453,813350683374276,813350683580578,206302,186666,0,19636,0,0,0,0,,
913,client_resume,target_worker,1466,3397,813350683720578,813350683937505,216927,51146,76979,88802,0,0,0,1,813350683809380,76979
913,client_resume,source_callback,1466,3362,813350683720578,813350683937505,216927,165781,0,51146,0,0,0,0,,
913,client_resolve,client_worker,1466,3397,813350683009224,813350683088755,79531,79531,0,0,0,0,0,0,,
913,client_register,client_worker,1466,3397,813350683088755,813350683128130,39375,39375,0,0,0,0,0,0,,
913,client_encode,client_worker,1466,3397,813350683128130,813350683182349,54219,54219,0,0,0,0,0,0,,
914,server_admission,receive_thread,3421,3453,813350684416151,813350684516932,100781,100781,0,0,0,0,0,0,,
914,server_queue,target_worker,3421,3470,813350684516932,813350684619276,102344,32136,35625,34583,0,0,0,1,813350684551515,35625
914,server_queue,source_binder,3421,3453,813350684516932,813350684619276,102344,90625,0,11719,0,0,0,0,,
914,client_resume,target_worker,1466,3397,813350684744640,813350684922974,178334,37604,55365,85365,0,0,0,1,813350684830005,55365
914,client_resume,source_callback,1466,3362,813350684744640,813350684922974,178334,156875,0,21459,0,0,0,0,,
914,client_resolve,client_worker,1466,3397,813350684015370,813350684160682,145312,145312,0,0,0,0,0,0,,
914,client_register,client_worker,1466,3397,813350684160682,813350684254640,93958,93958,0,0,0,0,0,0,,
914,client_encode,client_worker,1466,3397,813350684254640,813350684314172,59532,59532,0,0,0,0,0,0,,
915,server_admission,receive_thread,3421,3453,813350685317036,813350685410474,93438,93438,0,0,0,0,0,0,,
915,server_queue,target_worker,3421,3470,813350685410474,813350685516672,106198,37084,37343,31771,0,0,0,1,813350685442245,37343
915,server_queue,source_binder,3421,3453,813350685410474,813350685516672,106198,87760,0,18438,0,0,0,0,,
915,client_resume,target_worker,1466,3397,813350685644172,813350685812713,168541,39427,58385,70729,0,0,0,1,813350685714901,58385
915,client_resume,source_callback,1466,3362,813350685644172,813350685812713,168541,125520,0,43021,0,0,0,0,,
915,client_resolve,client_worker,1466,3397,813350684999797,813350685104484,104687,104687,0,0,0,0,0,0,,
915,client_register,client_worker,1466,3397,813350685104484,813350685143755,39271,39271,0,0,0,0,0,0,,
915,client_encode,client_worker,1466,3397,813350685143755,813350685214640,70885,70885,0,0,0,0,0,0,,
916,server_admission,receive_thread,3421,3453,813350686182505,813350686273599,91094,91094,0,0,0,0,0,0,,
916,server_queue,target_worker,3421,3470,813350686273599,813350686377088,103489,36562,35677,31250,0,0,0,1,813350686304849,35677
916,server_queue,source_binder,3421,3453,813350686273599,813350686377088,103489,85416,0,18073,0,0,0,0,,
916,client_resume,target_worker,1466,3397,813350686511672,813350686672557,160885,39531,50365,70989,0,0,0,1,813350686582661,50365
916,client_resume,source_callback,1466,3362,813350686511672,813350686672557,160885,124687,0,36198,0,0,0,0,,
916,client_resolve,client_worker,1466,3397,813350685892088,813350685990838,98750,98750,0,0,0,0,0,0,,
916,client_register,client_worker,1466,3397,813350685990838,813350686029797,38959,38959,0,0,0,0,0,0,,
916,client_encode,client_worker,1466,3397,813350686029797,813350686090213,60416,60416,0,0,0,0,0,0,,
917,server_admission,receive_thread,3421,3453,813350687058442,813350687148651,90209,90209,0,0,0,0,0,0,,
917,server_queue,target_worker,3421,3470,813350687148651,813350687252505,103854,35313,37083,31458,0,0,0,1,813350687180109,37083
917,server_queue,source_binder,3421,3453,813350687148651,813350687252505,103854,86979,0,16875,0,0,0,0,,
917,client_resume,target_worker,1466,3397,813350687370317,813350687524172,153855,34427,55105,64323,0,0,0,1,813350687434640,55105
917,client_resume,source_callback,1466,3362,813350687370317,813350687524172,153855,119428,0,34427,0,0,0,0,,
917,client_resolve,client_worker,1466,3397,813350686743755,813350686839380,95625,95625,0,0,0,0,0,0,,
917,client_register,client_worker,1466,3397,813350686839380,813350686878338,38958,38958,0,0,0,0,0,0,,
917,client_encode,client_worker,1466,3397,813350686878338,813350686959432,81094,81094,0,0,0,0,0,0,,
918,server_admission,receive_thread,3421,3453,813350687889588,813350688014120,124532,124532,0,0,0,0,0,0,,
918,server_queue,target_worker,3421,3470,813350688014120,813350688139328,125208,56302,33646,35260,0,0,0,1,813350688049380,33646
918,server_queue,source_binder,3421,3453,813350688014120,813350688139328,125208,91093,0,34115,0,0,0,0,,
918,client_resume,target_worker,1466,3397,813350688266255,813350688417297,151042,37500,40834,72708,0,0,0,1,813350688338963,40834
918,client_resume,source_callback,1466,3362,813350688266255,813350688417297,151042,126250,0,24792,0,0,0,0,,
918,client_resolve,client_worker,1466,3397,813350687592505,813350687696099,103594,103594,0,0,0,0,0,0,,
918,client_register,client_worker,1466,3397,813350687696099,813350687737505,41406,41406,0,0,0,0,0,0,,
918,client_encode,client_worker,1466,3397,813350687737505,813350687792661,55156,55156,0,0,0,0,0,0,,
919,server_admission,receive_thread,3421,3453,813350688808651,813350688900526,91875,91875,0,0,0,0,0,0,,
919,server_queue,target_worker,3421,3470,813350688900526,813350688997870,97344,33698,34948,28698,0,0,0,1,813350688929224,34948
919,server_queue,source_binder,3421,3453,813350688900526,813350688997870,97344,83021,0,14323,0,0,0,0,,
919,client_resume,target_worker,1466,3397,813350689118755,813350689288390,169635,39791,59219,70625,0,0,0,1,813350689189380,59219
919,client_resume,source_callback,1466,3362,813350689118755,813350689288390,169635,128229,0,41406,0,0,0,0,,
919,client_resolve,client_worker,1466,3397,813350688492401,813350688590161,97760,97760,0,0,0,0,0,0,,
919,client_register,client_worker,1466,3397,813350688590161,813350688630734,40573,40573,0,0,0,0,0,0,,
919,client_encode,client_worker,1466,3397,813350688630734,813350688692401,61667,61667,0,0,0,0,0,0,,
920,server_admission,receive_thread,3421,3453,813350689658547,813350689749380,90833,90833,0,0,0,0,0,0,,
920,server_queue,target_worker,3421,3470,813350689749380,813350689851307,101927,33802,35990,32135,0,0,0,1,813350689781515,35990
920,server_queue,source_binder,3421,3453,813350689749380,813350689851307,101927,85469,0,16458,0,0,0,0,,
920,client_resume,target_worker,1466,3397,813350689974849,813350690130317,155468,33802,53125,68541,0,0,0,1,813350690043390,53125
920,client_resume,source_callback,1466,3362,813350689974849,813350690130317,155468,121666,0,33802,0,0,0,0,,
920,client_resolve,client_worker,1466,3397,813350689369015,813350689467140,98125,98125,0,0,0,0,0,0,,
920,client_register,client_worker,1466,3397,813350689467140,813350689505786,38646,38646,0,0,0,0,0,0,,
920,client_encode,client_worker,1466,3397,813350689505786,813350689565057,59271,59271,0,0,0,0,0,0,,
921,server_admission,receive_thread,3421,3453,813350690497297,813350690589692,92395,92395,0,0,0,0,0,0,,
921,server_queue,target_worker,3421,3470,813350690589692,813350690687713,98021,30989,35573,31459,0,0,0,1,813350690621151,35573
921,server_queue,source_binder,3421,3453,813350690589692,813350690687713,98021,86928,0,11093,0,0,0,0,,
921,client_resume,target_worker,1466,3397,813350690832922,813350690987661,154739,38646,36093,80000,0,0,0,1,813350690912922,36093
921,client_resume,source_callback,1466,3362,813350690832922,813350690987661,154739,138802,0,15937,0,0,0,0,,
921,client_resolve,client_worker,1466,3397,813350690195630,813350690298807,103177,103177,0,0,0,0,0,0,,
921,client_register,client_worker,1466,3397,813350690298807,813350690340838,42031,42031,0,0,0,0,0,0,,
921,client_encode,client_worker,1466,3397,813350690340838,813350690402245,61407,61407,0,0,0,0,0,0,,
922,server_admission,receive_thread,3421,3453,813350691415422,813350691524849,109427,109427,0,0,0,0,0,0,,
922,server_queue,target_worker,3421,3470,813350691524849,813350691628703,103854,35261,36562,32031,0,0,0,1,813350691556880,36562
922,server_queue,source_binder,3421,3453,813350691524849,813350691628703,103854,87760,0,16094,0,0,0,0,,
922,client_resume,target_worker,1466,3397,813350691752349,813350691919953,167604,39427,56615,71562,0,0,0,1,813350691823911,56615
922,client_resume,source_callback,1466,3362,813350691752349,813350691919953,167604,126562,0,41042,0,0,0,0,,
922,client_resolve,client_worker,1466,3397,813350691073547,813350691182922,109375,109375,0,0,0,0,0,0,,
922,client_register,client_worker,1466,3397,813350691182922,813350691226151,43229,43229,0,0,0,0,0,0,,
922,client_encode,client_worker,1466,3397,813350691226151,813350691287505,61354,61354,0,0,0,0,0,0,,
923,server_admission,receive_thread,3421,3453,813350692322401,813350692414067,91666,91666,0,0,0,0,0,0,,
923,server_queue,target_worker,3421,3470,813350692414067,813350692509901,95834,33125,33750,28959,0,0,0,1,813350692443026,33750
923,server_queue,source_binder,3421,3453,813350692414067,813350692509901,95834,81459,0,14375,0,0,0,0,,
923,client_resume,target_worker,1466,3397,813350692622349,813350692780630,158281,38750,52708,66823,0,0,0,1,813350692689172,52708
923,client_resume,source_callback,1466,3362,813350692622349,813350692780630,158281,117135,0,41146,0,0,0,0,,
923,client_resolve,client_worker,1466,3397,813350691993859,813350692131515,137656,137656,0,0,0,0,0,0,,
923,client_register,client_worker,1466,3397,813350692131515,813350692176620,45105,45105,0,0,0,0,0,0,,
923,client_encode,client_worker,1466,3397,813350692176620,813350692231672,55052,55052,0,0,0,0,0,0,,
924,server_admission,receive_thread,3421,3453,813350693155942,813350693246307,90365,90365,0,0,0,0,0,0,,
924,server_queue,target_worker,3421,3470,813350693246307,813350693351307,105000,34792,38854,31354,0,0,0,1,813350693277661,38854
924,server_queue,source_binder,3421,3453,813350693246307,813350693351307,105000,87708,0,17292,0,0,0,0,,
924,client_resume,target_worker,1466,3397,813350693465890,813350693612870,146980,32917,48125,65938,0,0,0,1,813350693531828,48125
924,client_resume,source_callback,1466,3362,813350693465890,813350693612870,146980,114063,0,32917,0,0,0,0,,
924,client_resolve,client_worker,1466,3397,813350692865474,813350692963911,98437,98437,0,0,0,0,0,0,,
924,client_register,client_worker,1466,3397,813350692963911,813350693001828,37917,37917,0,0,0,0,0,0,,
924,client_encode,client_worker,1466,3397,813350693001828,813350693061203,59375,59375,0,0,0,0,0,0,,
925,server_admission,receive_thread,3421,3453,813350693961203,813350694053703,92500,92500,0,0,0,0,0,0,,
925,server_queue,target_worker,3421,3470,813350694053703,813350694153390,99687,32448,33229,34010,0,0,0,1,813350694087713,33229
925,server_queue,source_binder,3421,3453,813350694053703,813350694153390,99687,86458,0,13229,0,0,0,0,,
925,client_resume,target_worker,1466,3397,813350694276932,813350694430786,153854,34323,46614,72917,0,0,0,1,813350694349849,46614
925,client_resume,source_callback,1466,3362,813350694276932,813350694430786,153854,119531,0,34323,0,0,0,0,,
925,client_resolve,client_worker,1466,3397,813350693675786,813350693776984,101198,101198,0,0,0,0,0,0,,
925,client_register,client_worker,1466,3397,813350693776984,813350693817557,40573,40573,0,0,0,0,0,0,,
925,client_encode,client_worker,1466,3397,813350693817557,813350693875786,58229,58229,0,0,0,0,0,0,,
926,server_admission,receive_thread,3421,3453,813350694800057,813350694893338,93281,93281,0,0,0,0,0,0,,
926,server_queue,target_worker,3421,3470,813350694893338,813350694996359,103021,30469,31354,41198,0,0,0,1,813350694934536,31354
926,server_queue,source_binder,3421,3453,813350694893338,813350694996359,103021,91927,0,11094,0,0,0,0,,
926,client_resume,target_worker,1466,3397,813350695114276,813350695259692,145416,37760,32708,74948,0,0,0,1,813350695189224,32708
926,client_resume,source_callback,1466,3362,813350695114276,813350695259692,145416,127760,0,17656,0,0,0,0,,
926,client_resolve,client_worker,1466,3397,813350694491359,813350694619120,127761,127761,0,0,0,0,0,0,,
926,client_register,client_worker,1466,3397,813350694619120,813350694660317,41197,41197,0,0,0,0,0,0,,
926,client_encode,client_worker,1466,3397,813350694660317,813350694715005,54688,54688,0,0,0,0,0,0,,
927,server_admission,receive_thread,3421,3453,813350695625370,813350695716515,91145,91145,0,0,0,0,0,0,,
927,server_queue,target_worker,3421,3470,813350695716515,813350695816724,100209,32396,36823,30990,0,0,0,1,813350695747505,36823
927,server_queue,source_binder,3421,3453,813350695716515,813350695816724,100209,83334,0,16875,0,0,0,0,,
927,client_resume,target_worker,1466,3397,813350695942088,813350696135317,193229,71875,44270,77084,0,0,0,1,813350696019172,44270
927,client_resume,source_callback,1466,3362,813350695942088,813350696135317,193229,130417,0,62812,0,0,0,0,,
927,client_resolve,client_worker,1466,3397,813350695334276,813350695432817,98541,98541,0,0,0,0,0,0,,
927,client_register,client_worker,1466,3397,813350695432817,813350695472140,39323,39323,0,0,0,0,0,0,,
927,client_encode,client_worker,1466,3397,813350695472140,813350695530474,58334,58334,0,0,0,0,0,0,,
928,server_admission,receive_thread,3421,3453,813350696486047,813350696574432,88385,88385,0,0,0,0,0,0,,
928,server_queue,target_worker,3421,3470,813350696574432,813350696674432,100000,34687,34948,30365,0,0,0,1,813350696604797,34948
928,server_queue,source_binder,3421,3453,813350696574432,813350696674432,100000,84375,0,15625,0,0,0,0,,
928,client_resume,target_worker,1466,3397,813350696784849,813350696947870,163021,39480,54375,69166,0,0,0,1,813350696854015,54375
928,client_resume,source_callback,1466,3362,813350696784849,813350696947870,163021,121458,0,41563,0,0,0,0,,
928,client_resolve,client_worker,1466,3397,813350696202765,813350696306151,103386,103386,0,0,0,0,0,0,,
928,client_register,client_worker,1466,3397,813350696306151,813350696349120,42969,42969,0,0,0,0,0,0,,
928,client_encode,client_worker,1466,3397,813350696349120,813350696396672,47552,47552,0,0,0,0,0,0,,
929,server_admission,receive_thread,3421,3453,813350697301203,813350697409120,107917,107917,0,0,0,0,0,0,,
929,server_queue,target_worker,3421,3470,813350697409120,813350697515474,106354,35000,37500,33854,0,0,0,1,813350697442974,37500
929,server_queue,source_binder,3421,3453,813350697409120,813350697515474,106354,85625,0,20729,0,0,0,0,,
929,client_resume,target_worker,1466,3397,813350697629484,813350697779588,150104,31718,51198,67188,0,0,0,1,813350697696672,51198
929,client_resume,source_callback,1466,3362,813350697629484,813350697779588,150104,118386,0,31718,0,0,0,0,,
929,client_resolve,client_worker,1466,3397,813350697015942,813350697112401,96459,96459,0,0,0,0,0,0,,
929,client_register,client_worker,1466,3397,813350697112401,813350697151203,38802,38802,0,0,0,0,0,0,,
929,client_encode,client_worker,1466,3397,813350697151203,813350697207922,56719,56719,0,0,0,0,0,0,,
930,server_admission,receive_thread,3421,3453,813350698138495,813350698229901,91406,91406,0,0,0,0,0,0,,
930,server_queue,target_worker,3421,3470,813350698229901,813350698325265,95364,31614,31927,31823,0,0,0,1,813350698261724,31927
930,server_queue,source_binder,3421,3453,813350698229901,813350698325265,95364,83437,0,11927,0,0,0,0,,
930,client_resume,target_worker,1466,3397,813350698442036,813350698590838,148802,37083,40156,71563,0,0,0,1,813350698513599,40156
930,client_resume,source_callback,1466,3362,813350698442036,813350698590838,148802,122396,0,26406,0,0,0,0,,
930,client_resolve,client_worker,1466,3397,813350697844120,813350697947140,103020,103020,0,0,0,0,0,0,,
930,client_register,client_worker,1466,3397,813350697947140,813350697998547,51407,51407,0,0,0,0,0,0,,
930,client_encode,client_worker,1466,3397,813350697998547,813350698052088,53541,53541,0,0,0,0,0,0,,
931,server_admission,receive_thread,3421,3453,813350698965370,813350699064901,99531,99531,0,0,0,0,0,0,,
931,server_queue,target_worker,3421,3470,813350699064901,813350699167192,102291,35729,35312,31250,0,0,0,1,813350699096151,35312
931,server_queue,source_binder,3421,3453,813350699064901,813350699167192,102291,83958,0,18333,0,0,0,0,,
931,client_resume,target_worker,1466,3397,813350699276620,813350699539692,263072,57031,135833,70208,0,0,0,1,813350699346828,135833
931,client_resume,source_callback,1466,3362,813350699276620,813350699539692,263072,206041,0,57031,0,0,0,0,,
931,client_resolve,client_worker,1466,3397,813350698665578,813350698769588,104010,104010,0,0,0,0,0,0,,
931,client_register,client_worker,1466,3397,813350698769588,813350698812765,43177,43177,0,0,0,0,0,0,,
931,client_encode,client_worker,1466,3397,813350698812765,813350698871880,59115,59115,0,0,0,0,0,0,,
932,server_admission,receive_thread,3421,3453,813350699936620,813350700035526,98906,98906,0,0,0,0,0,0,,
932,server_queue,target_worker,3421,3470,813350700035526,813350700138026,102500,34688,35521,32291,0,0,0,1,813350700067817,35521
932,server_queue,source_binder,3421,3453,813350700035526,813350700138026,102500,102500,0,0,0,0,0,0,,
932,client_resume,target_worker,1466,3397,813350700272765,813350700432140,159375,43281,39583,76511,0,0,0,1,813350700349276,39583
932,client_resume,source_callback,1466,3362,813350700272765,813350700432140,159375,124688,0,34687,0,0,0,0,,
932,client_resolve,client_worker,1466,3397,813350699635838,813350699740578,104740,104740,0,0,0,0,0,0,,
932,client_register,client_worker,1466,3397,813350699740578,813350699793755,53177,53177,0,0,0,0,0,0,,
932,client_encode,client_worker,1466,3397,813350699793755,813350699843234,49479,49479,0,0,0,0,0,0,,
933,server_admission,receive_thread,3421,3453,813350700814120,813350700909120,95000,95000,0,0,0,0,0,0,,
933,server_queue,target_worker,3421,3470,813350700909120,813350701011151,102031,36667,33177,32187,0,0,0,1,813350700941307,33177
933,server_queue,source_binder,3421,3453,813350700909120,813350701011151,102031,82604,0,19427,0,0,0,0,,
933,client_resume,target_worker,1466,3397,813350701131515,813350701298182,166667,42135,53386,71146,0,0,0,1,813350701202661,53386
933,client_resume,source_callback,1466,3362,813350701131515,813350701298182,166667,123855,0,42812,0,0,0,0,,
933,client_resolve,client_worker,1466,3397,813350700510057,813350700617349,107292,107292,0,0,0,0,0,0,,
933,client_register,client_worker,1466,3397,813350700617349,813350700658286,40937,40937,0,0,0,0,0,0,,
933,client_encode,client_worker,1466,3397,813350700658286,813350700716411,58125,58125,0,0,0,0,0,0,,
934,server_admission,receive_thread,3421,3453,813350701690942,813350701783963,93021,93021,0,0,0,0,0,0,,
934,server_queue,target_worker,3421,3470,813350701783963,813350701889536,105573,36198,35781,33594,0,0,0,1,813350701817557,35781
934,server_queue,source_binder,3421,3453,813350701783963,813350701889536,105573,84636,0,20937,0,0,0,0,,
934,client_resume,target_worker,1466,3397,813350702006724,813350702173442,166718,39218,54948,72552,0,0,0,1,813350702079276,54948
934,client_resume,source_callback,1466,3362,813350702006724,813350702173442,166718,124323,0,42395,0,0,0,0,,
934,client_resolve,client_worker,1466,3397,813350701372453,813350701474224,101771,101771,0,0,0,0,0,0,,
934,client_register,client_worker,1466,3397,813350701474224,813350701513755,39531,39531,0,0,0,0,0,0,,
934,client_encode,client_worker,1466,3397,813350701513755,813350701592557,78802,78802,0,0,0,0,0,0,,
935,server_admission,receive_thread,3421,3453,813350702553651,813350702674380,120729,120729,0,0,0,0,0,0,,
935,server_queue,target_worker,3421,3470,813350702674380,813350702777505,103125,34219,33750,35156,0,0,0,1,813350702709536,33750
935,server_queue,source_binder,3421,3453,813350702674380,813350702777505,103125,89115,0,14010,0,0,0,0,,
935,client_resume,target_worker,1466,3397,813350702891567,813350703060526,168959,40677,57865,70417,0,0,0,1,813350702961984,57865
935,client_resume,source_callback,1466,3362,813350702891567,813350703060526,168959,126771,0,42188,0,0,0,0,,
935,client_resolve,client_worker,1466,3397,813350702252870,813350702353495,100625,100625,0,0,0,0,0,0,,
935,client_register,client_worker,1466,3397,813350702353495,813350702399276,45781,45781,0,0,0,0,0,0,,
935,client_encode,client_worker,1466,3397,813350702399276,813350702460734,61458,61458,0,0,0,0,0,0,,
936,server_admission,receive_thread,3421,3453,813350703444172,813350703538286,94114,94114,0,0,0,0,0,0,,
936,server_queue,target_worker,3421,3470,813350703538286,813350703639797,101511,34948,34844,31719,0,0,0,1,813350703570005,34844
936,server_queue,source_binder,3421,3453,813350703538286,813350703639797,101511,82240,0,19271,0,0,0,0,,
936,client_resume,target_worker,1466,3397,813350703751099,813350703913390,162291,42552,50833,68906,0,0,0,1,813350703820005,50833
936,client_resume,source_callback,1466,3362,813350703751099,813350703913390,162291,119114,0,43177,0,0,0,0,,
936,client_resolve,client_worker,1466,3397,813350703137088,813350703236515,99427,99427,0,0,0,0,0,0,,
936,client_register,client_worker,1466,3397,813350703236515,813350703275161,38646,38646,0,0,0,0,0,0,,
936,client_encode,client_worker,1466,3397,813350703275161,813350703350057,74896,74896,0,0,0,0,0,0,,
937,server_admission,receive_thread,3421,3453,813350704302817,813350704397974,95157,95157,0,0,0,0,0,0,,
937,server_queue,target_worker,3421,3470,813350704397974,813350704497661,99687,35052,33489,31146,0,0,0,1,813350704429120,33489
937,server_queue,source_binder,3421,3453,813350704397974,813350704497661,99687,83125,0,16562,0,0,0,0,,
937,client_resume,target_worker,1466,3397,813350704631515,813350704781099,149584,29896,50677,69011,0,0,0,1,813350704700526,50677
937,client_resume,source_callback,1466,3362,813350704631515,813350704781099,149584,119688,0,29896,0,0,0,0,,
937,client_resolve,client_worker,1466,3397,813350703988911,813350704085890,96979,96979,0,0,0,0,0,0,,
937,client_register,client_worker,1466,3397,813350704085890,813350704151776,65886,65886,0,0,0,0,0,0,,
937,client_encode,client_worker,1466,3397,813350704151776,813350704210578,58802,58802,0,0,0,0,0,0,,
938,server_admission,receive_thread,3421,3453,813350705157088,813350705250578,93490,93490,0,0,0,0,0,0,,
938,server_queue,target_worker,3421,3470,813350705250578,813350705343234,92656,30104,30313,32239,0,0,0,1,813350705282817,30313
938,server_queue,source_binder,3421,3453,813350705250578,813350705343234,92656,83646,0,9010,0,0,0,0,,
938,client_resume,target_worker,1466,3397,813350705457505,813350705609849,152344,37396,36615,78333,0,0,0,1,813350705535838,36615
938,client_resume,source_callback,1466,3362,813350705457505,813350705609849,152344,128177,0,24167,0,0,0,0,,
938,client_resolve,client_worker,1466,3397,813350704848859,813350704953442,104583,104583,0,0,0,0,0,0,,
938,client_register,client_worker,1466,3397,813350704953442,813350704995786,42344,42344,0,0,0,0,0,0,,
938,client_encode,client_worker,1466,3397,813350704995786,813350705061724,65938,65938,0,0,0,0,0,0,,
939,server_admission,receive_thread,3421,3453,813350706006880,813350706094380,87500,87500,0,0,0,0,0,0,,
939,server_queue,target_worker,3421,3470,813350706094380,813350706199745,105365,36303,32656,36406,0,0,0,1,813350706130786,32656
939,server_queue,source_binder,3421,3453,813350706094380,813350706199745,105365,88594,0,16771,0,0,0,0,,
939,client_resume,target_worker,1466,3397,813350706326203,813350706504380,178177,40104,51719,86354,0,0,0,1,813350706412557,51719
939,client_resume,source_callback,1466,3362,813350706326203,813350706504380,178177,159531,0,18646,0,0,0,0,,
939,client_resolve,client_worker,1466,3397,813350705681620,813350705821099,139479,139479,0,0,0,0,0,0,,
939,client_register,client_worker,1466,3397,813350705821099,813350705863547,42448,42448,0,0,0,0,0,0,,
939,client_encode,client_worker,1466,3397,813350705863547,813350705918963,55416,55416,0,0,0,0,0,0,,
940,server_admission,receive_thread,3421,3453,813350706890213,813350706979380,89167,89167,0,0,0,0,0,0,,
940,server_queue,target_worker,3421,3470,813350706979380,813350707081411,102031,36354,34219,31458,0,0,0,1,813350707010838,34219
940,server_queue,source_binder,3421,3453,813350706979380,813350707081411,102031,82500,0,19531,0,0,0,0,,
940,client_resume,target_worker,1466,3397,813350707203495,813350707371307,167812,39635,55938,72239,0,0,0,1,813350707275734,55938
940,client_resume,source_callback,1466,3362,813350707203495,813350707371307,167812,128229,0,39583,0,0,0,0,,
940,client_resolve,client_worker,1466,3397,813350706575109,813350706672922,97813,97813,0,0,0,0,0,0,,
940,client_register,client_worker,1466,3397,813350706672922,813350706720005,47083,47083,0,0,0,0,0,0,,
940,client_encode,client_worker,1466,3397,813350706720005,813350706782140,62135,62135,0,0,0,0,0,0,,
941,server_admission,receive_thread,3421,3453,813350707807505,813350707898442,90937,90937,0,0,0,0,0,0,,
941,server_queue,target_worker,3421,3470,813350707898442,813350707998078,99636,35886,35156,28594,0,0,0,1,813350707927036,35156
941,server_queue,source_binder,3421,3453,813350707898442,813350707998078,99636,81563,0,18073,0,0,0,0,,
941,client_resume,target_worker,1466,3397,813350708138130,813350708292765,154635,30104,54271,70260,0,0,0,1,813350708208390,54271
941,client_resume,source_callback,1466,3362,813350708138130,813350708292765,154635,124531,0,30104,0,0,0,0,,
941,client_resolve,client_worker,1466,3397,813350707444276,813350707601203,156927,156927,0,0,0,0,0,0,,
941,client_register,client_worker,1466,3397,813350707601203,813350707643547,42344,42344,0,0,0,0,0,0,,
941,client_encode,client_worker,1466,3397,813350707643547,813350707707870,64323,64323,0,0,0,0,0,0,,
942,server_admission,receive_thread,3421,3453,813350708644120,813350708735109,90989,90989,0,0,0,0,0,0,,
942,server_queue,target_worker,3421,3470,813350708735109,813350708827505,92396,31667,30937,29792,0,0,0,1,813350708764901,30937
942,server_queue,source_binder,3421,3453,813350708735109,813350708827505,92396,79636,0,12760,0,0,0,0,,
942,client_resume,target_worker,1466,3397,813350708957245,813350709103442,146197,39114,37031,70052,0,0,0,1,813350709027297,37031
942,client_resume,source_callback,1466,3362,813350708957245,813350709103442,146197,115989,0,30208,0,0,0,0,,
942,client_resolve,client_worker,1466,3397,813350708355786,813350708451880,96094,96094,0,0,0,0,0,0,,
942,client_register,client_worker,1466,3397,813350708451880,813350708495161,43281,43281,0,0,0,0,0,0,,
942,client_encode,client_worker,1466,3397,813350708495161,813350708552974,57813,57813,0,0,0,0,0,0,,
943,server_admission,receive_thread,3421,3453,813350709485995,813350709572245,86250,86250,0,0,0,0,0,0,,
943,server_queue,target_worker,3421,3470,813350709572245,813350709669536,97291,35573,32760,28958,0,0,0,1,813350709601203,32760
943,server_queue,source_binder,3421,3453,813350709572245,813350709669536,97291,74895,0,22396,0,0,0,0,,
943,client_resume,target_worker,1466,3397,813350709782661,813350709940474,157813,36875,51042,69896,0,0,0,1,813350709852557,51042
943,client_resume,source_callback,1466,3362,813350709782661,813350709940474,157813,118281,0,39532,0,0,0,0,,
943,client_resolve,client_worker,1466,3397,813350709194172,813350709294172,100000,100000,0,0,0,0,0,0,,
943,client_register,client_worker,1466,3397,813350709294172,813350709335682,41510,41510,0,0,0,0,0,0,,
943,client_encode,client_worker,1466,3397,813350709335682,813350709395526,59844,59844,0,0,0,0,0,0,,
944,server_admission,receive_thread,3421,3453,813350710288286,813350710387401,99115,99115,0,0,0,0,0,0,,
944,server_queue,target_worker,3421,3470,813350710387401,813350710482713,95312,32291,34011,29010,0,0,0,1,813350710416411,34011
944,server_queue,source_binder,3421,3453,813350710387401,813350710482713,95312,78854,0,16458,0,0,0,0,,
944,client_resume,target_worker,1466,3397,813350710597140,813350710750890,153750,39010,48646,66094,0,0,0,1,813350710663234,48646
944,client_resume,source_callback,1466,3362,813350710597140,813350710750890,153750,113490,0,40260,0,0,0,0,,
944,client_resolve,client_worker,1466,3397,813350710010942,813350710105630,94688,94688,0,0,0,0,0,0,,
944,client_register,client_worker,1466,3397,813350710105630,813350710143755,38125,38125,0,0,0,0,0,0,,
944,client_encode,client_worker,1466,3397,813350710143755,813350710201099,57344,57344,0,0,0,0,0,0,,
945,server_admission,receive_thread,3421,3453,813350711103963,813350711190630,86667,86667,0,0,0,0,0,0,,
945,server_queue,target_worker,3421,3470,813350711190630,813350711297453,106823,33073,30156,43594,0,0,0,1,813350711234224,30156
945,server_queue,source_binder,3421,3453,813350711190630,813350711297453,106823,88490,0,18333,0,0,0,0,,
945,client_resume,target_worker,1466,3397,813350711394015,813350711534901,140886,35261,42031,63594,0,0,0,1,813350711457609,42031
945,client_resume,source_callback,1466,3362,813350711394015,813350711534901,140886,108959,0,31927,0,0,0,0,,
945,client_resolve,client_worker,1466,3397,813350710820317,813350710927401,107084,107084,0,0,0,0,0,0,,
945,client_register,client_worker,1466,3397,813350710927401,813350710966515,39114,39114,0,0,0,0,0,0,,
945,client_encode,client_worker,1466,3397,813350710966515,813350711024745,58230,58230,0,0,0,0,0,0,,
946,server_admission,receive_thread,3421,3453,813350711866307,813350711968755,102448,102448,0,0,0,0,0,0,,
946,server_queue,target_worker,3421,3470,813350711968755,813350712061203,92448,31042,32396,29010,0,0,0,1,813350711997765,32396
946,server_queue,source_binder,3421,3453,813350711968755,813350712061203,92448,78698,0,13750,0,0,0,0,,
946,client_resume,target_worker,1466,3397,813350712182349,813350712325422,143073,30625,47865,64583,0,0,0,1,813350712246932,47865
946,client_resume,source_callback,1466,3362,813350712182349,813350712325422,143073,112448,0,30625,0,0,0,0,,
946,client_resolve,client_worker,1466,3397,813350711603755,813350711692192,88437,88437,0,0,0,0,0,0,,
946,client_register,client_worker,1466,3397,813350711692192,813350711728599,36407,36407,0,0,0,0,0,0,,
946,client_encode,client_worker,1466,3397,813350711728599,813350711782609,54010,54010,0,0,0,0,0,0,,
947,server_admission,receive_thread,3421,3453,813350712667088,813350712753755,86667,86667,0,0,0,0,0,0,,
947,server_queue,target_worker,3421,3470,813350712753755,813350712843234,89479,30573,29687,29219,0,0,0,1,813350712782974,29687
947,server_queue,source_binder,3421,3453,813350712753755,813350712843234,89479,78490,0,10989,0,0,0,0,,
947,client_resume,target_worker,1466,3397,813350712950578,813350713096203,145625,36875,34167,74583,0,0,0,1,813350713025161,34167
947,client_resume,source_callback,1466,3362,813350712950578,813350713096203,145625,120885,0,24740,0,0,0,0,,
947,client_resolve,client_worker,1466,3397,813350712387974,813350712486724,98750,98750,0,0,0,0,0,0,,
947,client_register,client_worker,1466,3397,813350712486724,813350712533859,47135,47135,0,0,0,0,0,0,,
947,client_encode,client_worker,1466,3397,813350712533859,813350712590526,56667,56667,0,0,0,0,0,0,,
948,server_admission,receive_thread,3421,3453,813350713450109,813350713549120,99011,99011,0,0,0,0,0,0,,
948,server_queue,target_worker,3421,3470,813350713549120,813350713646672,97552,33073,30886,33593,0,0,0,1,813350713582713,30886
948,server_queue,source_binder,3421,3453,813350713549120,813350713646672,97552,84114,0,13438,0,0,0,0,,
948,client_resume,target_worker,1466,3397,813350713769120,813350713927401,158281,38177,52761,67343,0,0,0,1,813350713836463,52761
948,client_resume,source_callback,1466,3362,813350713769120,813350713927401,158281,117916,0,40365,0,0,0,0,,
948,client_resolve,client_worker,1466,3397,813350713166411,813350713263286,96875,96875,0,0,0,0,0,0,,
948,client_register,client_worker,1466,3397,813350713263286,813350713300682,37396,37396,0,0,0,0,0,0,,
948,client_encode,client_worker,1466,3397,813350713300682,813350713362192,61510,61510,0,0,0,0,0,0,,
949,server_admission,receive_thread,3421,3453,813350714300213,813350714388547,88334,88334,0,0,0,0,0,0,,
949,server_queue,target_worker,3421,3470,813350714388547,813350714485786,97239,33229,31979,32031,0,0,0,1,813350714420578,31979
949,server_queue,source_binder,3421,3453,813350714388547,813350714485786,97239,84062,0,13177,0,0,0,0,,
949,client_resume,target_worker,1466,3397,813350714595005,813350714759901,164896,38177,57136,69583,0,0,0,1,813350714664588,57136
949,client_resume,source_callback,1466,3362,813350714595005,813350714759901,164896,124271,0,40625,0,0,0,0,,
949,client_resolve,client_worker,1466,3397,813350714003182,813350714097349,94167,94167,0,0,0,0,0,0,,
949,client_register,client_worker,1466,3397,813350714097349,813350714150265,52916,52916,0,0,0,0,0,0,,
949,client_encode,client_worker,1466,3397,813350714150265,813350714213703,63438,63438,0,0,0,0,0,0,,
950,server_admission,receive_thread,3421,3453,813350715110682,813350715199588,88906,88906,0,0,0,0,0,0,,
950,server_queue,target_worker,3421,3470,813350715199588,813350715296880,97292,32344,34219,30729,0,0,0,1,813350715230317,34219
950,server_queue,source_binder,3421,3453,813350715199588,813350715296880,97292,81979,0,15313,0,0,0,0,,
950,client_resume,target_worker,1466,3397,813350715453599,813350715608390,154791,32708,54167,67916,0,0,0,1,813350715521515,54167
950,client_resume,source_callback,1466,3362,813350715453599,813350715608390,154791,122083,0,32708,0,0,0,0,,
950,client_resolve,client_worker,1466,3397,813350714832765,813350714927245,94480,94480,0,0,0,0,0,0,,
950,client_register,client_worker,1466,3397,813350714927245,813350714964797,37552,37552,0,0,0,0,0,0,,
950,client_encode,client_worker,1466,3397,813350714964797,813350715023599,58802,58802,0,0,0,0,0,0,,
951,server_admission,receive_thread,3421,3453,813350716026932,813350716172922,145990,145990,0,0,0,0,0,0,,
951,server_queue,target_worker,3421,3470,813350716172922,813350716292713,119791,29427,18750,71614,0,0,0,1,813350716244536,18750
951,server_queue,source_binder,3421,3453,813350716172922,813350716292713,119791,109323,0,10468,0,0,0,0,,
951,client_resume,target_worker,1466,3397,813350716410734,813350716565005,154271,32135,47709,74427,0,0,0,1,813350716485161,47709
951,client_resume,source_callback,1466,3362,813350716410734,813350716565005,154271,122136,0,32135,0,0,0,0,,
951,client_resolve,client_worker,1466,3397,813350715675838,813350715782453,106615,106615,0,0,0,0,0,0,,
951,client_register,client_worker,1466,3397,813350715782453,813350715881880,99427,99427,0,0,0,0,0,0,,
951,client_encode,client_worker,1466,3397,813350715881880,813350715935317,53437,53437,0,0,0,0,0,0,,
952,server_admission,receive_thread,3421,3453,813350716912192,813350717004172,91980,91980,0,0,0,0,0,0,,
952,server_queue,target_worker,3421,3470,813350717004172,813350717126672,122500,29271,33490,59739,0,0,0,1,813350717063911,33490
952,server_queue,source_binder,3421,3453,813350717004172,813350717126672,122500,115468,0,7032,0,0,0,0,,
952,client_resume,target_worker,1466,3397,813350717239276,813350717408859,169583,36875,44062,88646,0,0,0,1,813350717327922,44062
952,client_resume,source_callback,1466,3362,813350717239276,813350717408859,169583,145781,0,23802,0,0,0,0,,
952,client_resolve,client_worker,1466,3397,813350716632505,813350716728182,95677,95677,0,0,0,0,0,0,,
952,client_register,client_worker,1466,3397,813350716728182,813350716767557,39375,39375,0,0,0,0,0,0,,
952,client_encode,client_worker,1466,3397,813350716767557,813350716823078,55521,55521,0,0,0,0,0,0,,
953,server_admission,receive_thread,3421,3453,813350717793442,813350717877088,83646,83646,0,0,0,0,0,0,,
953,server_queue,target_worker,3421,3470,813350717877088,813350717969588,92500,31823,33333,27344,0,0,0,1,813350717904432,33333
953,server_queue,source_binder,3421,3453,813350717877088,813350717969588,92500,76927,0,15573,0,0,0,0,,
953,client_resume,target_worker,1466,3397,813350718122765,813350718259901,137136,35000,36563,65573,0,0,0,1,813350718188338,36563
953,client_resume,source_callback,1466,3362,813350718122765,813350718259901,137136,119115,0,18021,0,0,0,0,,
953,client_resolve,client_worker,1466,3397,813350717480370,813350717581776,101406,101406,0,0,0,0,0,0,,
953,client_register,client_worker,1466,3397,813350717581776,813350717620942,39166,39166,0,0,0,0,0,0,,
953,client_encode,client_worker,1466,3397,813350717620942,813350717700995,80053,80053,0,0,0,0,0,0,,
954,server_admission,receive_thread,3421,3453,813350718634172,813350718718390,84218,84218,0,0,0,0,0,0,,
954,server_queue,target_worker,3421,3470,813350718718390,813350718807505,89115,32656,30521,25938,0,0,0,1,813350718744328,30521
954,server_queue,source_binder,3421,3453,813350718718390,813350718807505,89115,74740,0,14375,0,0,0,0,,
954,client_resume,target_worker,1466,3397,813350718934692,813350719096567,161875,38072,53282,70521,0,0,0,1,813350719005213,53282
954,client_resume,source_callback,1466,3362,813350718934692,813350719096567,161875,122813,0,39062,0,0,0,0,,
954,client_resolve,client_worker,1466,3397,813350718330161,813350718428286,98125,98125,0,0,0,0,0,0,,
954,client_register,client_worker,1466,3397,813350718428286,813350718500109,71823,71823,0,0,0,0,0,0,,
954,client_encode,client_worker,1466,3397,813350718500109,813350718549224,49115,49115,0,0,0,0,0,0,,
955,server_admission,receive_thread,3421,3453,813350719459172,813350719546307,87135,87135,0,0,0,0,0,0,,
955,server_queue,target_worker,3421,3470,813350719546307,813350719643495,97188,32448,31459,33281,0,0,0,1,813350719579588,31459
955,server_queue,source_binder,3421,3453,813350719546307,813350719643495,97188,82344,0,14844,0,0,0,0,,
955,client_resume,target_worker,1466,3397,813350719751620,813350719906828,155208,36771,50365,68072,0,0,0,1,813350719819692,50365
955,client_resume,source_callback,1466,3362,813350719751620,813350719906828,155208,118020,0,37188,0,0,0,0,,
955,client_resolve,client_worker,1466,3397,813350719168807,813350719259797,90990,90990,0,0,0,0,0,0,,
955,client_register,client_worker,1466,3397,813350719259797,813350719299432,39635,39635,0,0,0,0,0,0,,
955,client_encode,client_worker,1466,3397,813350719299432,813350719370995,71563,71563,0,0,0,0,0,0,,
956,server_admission,receive_thread,3421,3453,813350720294692,813350720388599,93907,93907,0,0,0,0,0,0,,
956,server_queue,target_worker,3421,3470,813350720388599,813350720483859,95260,32031,32761,30468,0,0,0,1,813350720419067,32761
956,server_queue,source_binder,3421,3453,813350720388599,813350720483859,95260,79166,0,16094,0,0,0,0,,
956,client_resume,target_worker,1466,3397,813350720593442,813350720746151,152709,35625,51198,65886,0,0,0,1,813350720659328,51198
956,client_resume,source_callback,1466,3362,813350720593442,813350720746151,152709,115105,0,37604,0,0,0,0,,
956,client_resolve,client_worker,1466,3397,813350719978703,813350720066724,88021,88021,0,0,0,0,0,0,,
956,client_register,client_worker,1466,3397,813350720066724,813350720144640,77916,77916,0,0,0,0,0,0,,
956,client_encode,client_worker,1466,3397,813350720144640,813350720204640,60000,60000,0,0,0,0,0,0,,
957,server_admission,receive_thread,3421,3453,813350721096776,813350721190838,94062,94062,0,0,0,0,0,0,,
957,server_queue,target_worker,3421,3470,813350721190838,813350721287349,96511,32709,31510,32292,0,0,0,1,813350721223130,31510
957,server_queue,source_binder,3421,3453,813350721190838,813350721287349,96511,81250,0,15261,0,0,0,0,,
957,client_resume,target_worker,1466,3397,813350721406255,813350721549745,143490,33855,40520,69115,0,0,0,1,813350721475370,40520
957,client_resume,source_callback,1466,3362,813350721406255,813350721549745,143490,119635,0,23855,0,0,0,0,,
957,client_resolve,client_worker,1466,3397,813350720810161,813350720918599,108438,108438,0,0,0,0,0,0,,
957,client_register,client_worker,1466,3397,813350720918599,813350720955838,37239,37239,0,0,0,0,0,0,,
957,client_encode,client_worker,1466,3397,813350720955838,813350721020630,64792,64792,0,0,0,0,0,0,,
958,server_admission,receive_thread,3421,3453,813350721897870,813350721984015,86145,86145,0,0,0,0,0,0,,
958,server_queue,target_worker,3421,3470,813350721984015,813350722079328,95313,32031,32865,30417,0,0,0,1,813350722014432,32865
958,server_queue,source_binder,3421,3453,813350721984015,813350722079328,95313,82448,0,12865,0,0,0,0,,
958,client_resume,target_worker,1466,3397,813350722205682,813350722354067,148385,35364,44479,68542,0,0,0,1,813350722274224,44479
958,client_resume,source_callback,1466,3362,813350722205682,813350722354067,148385,117604,0,30781,0,0,0,0,,
958,client_resolve,client_worker,1466,3397,813350721621359,813350721716984,95625,95625,0,0,0,0,0,0,,
958,client_register,client_worker,1466,3397,813350721716984,813350721755370,38386,38386,0,0,0,0,0,0,,
958,client_encode,client_worker,1466,3397,813350721755370,813350721814484,59114,59114,0,0,0,0,0,0,,
959,server_admission,receive_thread,3421,3453,813350722736515,813350722831411,94896,94896,0,0,0,0,0,0,,
959,server_queue,target_worker,3421,3470,813350722831411,813350722930942,99531,34479,33593,31459,0,0,0,1,813350722862870,33593
959,server_queue,source_binder,3421,3453,813350722831411,813350722930942,99531,84584,0,14947,0,0,0,0,,
959,client_resume,target_worker,1466,3397,813350723038963,813350723195838,156875,33802,55312,67761,0,0,0,1,813350723106724,55312
959,client_resume,source_callback,1466,3362,813350723038963,813350723195838,156875,123073,0,33802,0,0,0,0,,
959,client_resolve,client_worker,1466,3397,813350722429640,813350722525838,96198,96198,0,0,0,0,0,0,,
959,client_register,client_worker,1466,3397,813350722525838,813350722568078,42240,42240,0,0,0,0,0,0,,
959,client_encode,client_worker,1466,3397,813350722568078,813350722624224,56146,56146,0,0,0,0,0,0,,
960,server_admission,receive_thread,3421,3453,813350723551567,813350723639067,87500,87500,0,0,0,0,0,0,,
960,server_queue,target_worker,3421,3470,813350723639067,813350723735630,96563,33594,33906,29063,0,0,0,1,813350723668130,33906
960,server_queue,source_binder,3421,3453,813350723639067,813350723735630,96563,83282,0,13281,0,0,0,0,,
960,client_resume,target_worker,1466,3397,813350723858599,813350724016828,158229,35000,49323,73906,0,0,0,1,813350723932505,49323
960,client_resume,source_callback,1466,3362,813350723858599,813350724016828,158229,141927,0,16302,0,0,0,0,,
960,client_resolve,client_worker,1466,3397,813350723265734,813350723367765,102031,102031,0,0,0,0,0,0,,
960,client_register,client_worker,1466,3397,813350723367765,813350723407349,39584,39584,0,0,0,0,0,0,,
960,client_encode,client_worker,1466,3397,813350723407349,813350723458026,50677,50677,0,0,0,0,0,0,,
961,server_admission,receive_thread,3421,3453,813350724472140,813350724586203,114063,114063,0,0,0,0,0,0,,
961,server_queue,target_worker,3421,3470,813350724586203,813350724687765,101562,32656,34167,34739,0,0,0,1,813350724620942,34167
961,server_queue,source_binder,3421,3453,813350724586203,813350724687765,101562,87552,0,14010,0,0,0,0,,
961,client_resume,target_worker,1466,3397,813350724798651,813350724956828,158177,36927,51667,69583,0,0,0,1,813350724868234,51667
961,client_resume,source_callback,1466,3362,813350724798651,813350724956828,158177,120104,0,38073,0,0,0,0,,
961,client_resolve,client_worker,1466,3397,813350724089276,813350724280734,191458,191458,0,0,0,0,0,0,,
961,client_register,client_worker,1466,3397,813350724280734,813350724323234,42500,42500,0,0,0,0,0,0,,
961,client_encode,client_worker,1466,3397,813350724323234,813350724379640,56406,56406,0,0,0,0,0,0,,
962,server_admission,receive_thread,3421,3453,813350725319901,813350725412088,92187,92187,0,0,0,0,0,0,,
962,server_queue,target_worker,3421,3470,813350725412088,813350725511776,99688,33698,33698,32292,0,0,0,1,813350725444380,33698
962,server_queue,source_binder,3421,3453,813350725412088,813350725511776,99688,83698,0,15990,0,0,0,0,,
962,client_resume,target_worker,1466,3397,813350725628338,813350725782713,154375,38333,48802,67240,0,0,0,1,813350725695578,48802
962,client_resume,source_callback,1466,3362,813350725628338,813350725782713,154375,115990,0,38385,0,0,0,0,,
962,client_resolve,client_worker,1466,3397,813350725039172,813350725136932,97760,97760,0,0,0,0,0,0,,
962,client_register,client_worker,1466,3397,813350725136932,813350725173963,37031,37031,0,0,0,0,0,0,,
962,client_encode,client_worker,1466,3397,813350725173963,813350725230786,56823,56823,0,0,0,0,0,0,,
963,server_admission,receive_thread,3421,3453,813350726115213,813350726224484,109271,109271,0,0,0,0,0,0,,
963,server_queue,target_worker,3421,3470,813350726224484,813350726326567,102083,34583,33646,33854,0,0,0,1,813350726258338,33646
963,server_queue,source_binder,3421,3453,813350726224484,813350726326567,102083,84792,0,17291,0,0,0,0,,
963,client_resume,target_worker,1466,3397,813350726456203,813350726619328,163125,40313,53437,69375,0,0,0,1,813350726525578,53437
963,client_resume,source_callback,1466,3362,813350726456203,813350726619328,163125,120469,0,42656,0,0,0,0,,
963,client_resolve,client_worker,1466,3397,813350725855630,813350725947974,92344,92344,0,0,0,0,0,0,,
963,client_register,client_worker,1466,3397,813350725947974,813350725985109,37135,37135,0,0,0,0,0,0,,
963,client_encode,client_worker,1466,3397,813350725985109,813350726033182,48073,48073,0,0,0,0,0,0,,
964,server_admission,receive_thread,3421,3453,813350726989015,813350727079797,90782,90782,0,0,0,0,0,0,,
964,server_queue,target_worker,3421,3470,813350727079797,813350727181099,101302,35521,34115,31666,0,0,0,1,813350727111463,34115
964,server_queue,source_binder,3421,3453,813350727079797,813350727181099,101302,83385,0,17917,0,0,0,0,,
964,client_resume,target_worker,1466,3397,813350727293911,813350727450890,156979,37135,50729,69115,0,0,0,1,813350727363026,50729
964,client_resume,source_callback,1466,3362,813350727293911,813350727450890,156979,118021,0,38958,0,0,0,0,,
964,client_resolve,client_worker,1466,3397,813350726713026,813350726810057,97031,97031,0,0,0,0,0,0,,
964,client_register,client_worker,1466,3397,813350726810057,813350726848130,38073,38073,0,0,0,0,0,0,,
964,client_encode,client_worker,1466,3397,813350726848130,813350726899849,51719,51719,0,0,0,0,0,0,,
965,server_admission,receive_thread,3421,3453,813350727804953,813350727892349,87396,87396,0,0,0,0,0,0,,
965,server_queue,target_worker,3421,3470,813350727892349,813350727999328,106979,32865,32916,41198,0,0,0,1,813350727933547,32916
965,server_queue,source_binder,3421,3453,813350727892349,813350727999328,106979,91927,0,15052,0,0,0,0,,
965,client_resume,target_worker,1466,3397,813350728126828,813350728293026,166198,36511,53073,76614,0,0,0,1,813350728203442,53073
965,client_resume,source_callback,1466,3362,813350728126828,813350728293026,166198,127396,0,38802,0,0,0,0,,
965,client_resolve,client_worker,1466,3397,813350727525942,813350727619901,93959,93959,0,0,0,0,0,0,,
965,client_register,client_worker,1466,3397,813350727619901,813350727658026,38125,38125,0,0,0,0,0,0,,
965,client_encode,client_worker,1466,3397,813350727658026,813350727716515,58489,58489,0,0,0,0,0,0,,
966,server_admission,receive_thread,3421,3453,813350728661099,813350728749692,88593,88593,0,0,0,0,0,0,,
966,server_queue,target_worker,3421,3470,813350728749692,813350728846776,97084,32448,34323,30313,0,0,0,1,813350728780005,34323
966,server_queue,source_binder,3421,3453,813350728749692,813350728846776,97084,82084,0,15000,0,0,0,0,,
966,client_resume,target_worker,1466,3397,813350728959224,813350729105630,146406,32500,49219,64687,0,0,0,1,813350729023911,49219
966,client_resume,source_callback,1466,3362,813350728959224,813350729105630,146406,113906,0,32500,0,0,0,0,,
966,client_resolve,client_worker,1466,3397,813350728363078,813350728470578,107500,107500,0,0,0,0,0,0,,
966,client_register,client_worker,1466,3397,813350728470578,813350728513390,42812,42812,0,0,0,0,0,0,,
966,client_encode,client_worker,1466,3397,813350728513390,813350728574432,61042,61042,0,0,0,0,0,0,,
967,server_admission,receive_thread,3421,3453,813350729445838,813350729535161,89323,89323,0,0,0,0,0,0,,
967,server_queue,target_worker,3421,3470,813350729535161,813350729625422,90261,28542,30885,30834,0,0,0,1,813350729565995,30885
967,server_queue,source_binder,3421,3453,813350729535161,813350729625422,90261,81042,0,9219,0,0,0,0,,
967,client_resume,target_worker,1466,3397,813350729741099,813350729896880,155781,34167,49896,71718,0,0,0,1,813350729812817,49896
967,client_resume,source_callback,1466,3362,813350729741099,813350729896880,155781,133906,0,21875,0,0,0,0,,
967,client_resolve,client_worker,1466,3397,813350729171672,813350729265474,93802,93802,0,0,0,0,0,0,,
967,client_register,client_worker,1466,3397,813350729265474,813350729305265,39791,39791,0,0,0,0,0,0,,
967,client_encode,client_worker,1466,3397,813350729305265,813350729358286,53021,53021,0,0,0,0,0,0,,
968,server_admission,receive_thread,3421,3453,813350730285005,813350730375265,90260,90260,0,0,0,0,0,0,,
968,server_queue,target_worker,3421,3470,813350730375265,813350730476099,100834,34063,35364,31407,0,0,0,1,813350730406672,35364
968,server_queue,source_binder,3421,3453,813350730375265,813350730476099,100834,85365,0,15469,0,0,0,0,,
968,client_resume,target_worker,1466,3397,813350730583442,813350730729224,145782,29323,48646,67813,0,0,0,1,813350730651255,48646
968,client_resume,source_callback,1466,3362,813350730583442,813350730729224,145782,116459,0,29323,0,0,0,0,,
968,client_resolve,client_worker,1466,3397,813350729968182,813350730073078,104896,104896,0,0,0,0,0,0,,
968,client_register,client_worker,1466,3397,813350730073078,813350730145265,72187,72187,0,0,0,0,0,0,,
968,client_encode,client_worker,1466,3397,813350730145265,813350730193599,48334,48334,0,0,0,0,0,0,,
969,server_admission,receive_thread,3421,3453,813350731071776,813350731161359,89583,89583,0,0,0,0,0,0,,
969,server_queue,target_worker,3421,3470,813350731161359,813350731254380,93021,31042,31718,30261,0,0,0,1,813350731191620,31718
969,server_queue,source_binder,3421,3453,813350731161359,813350731254380,93021,80261,0,12760,0,0,0,0,,
969,client_resume,target_worker,1466,3397,813350731370005,813350731531515,161510,34583,54948,71979,0,0,0,1,813350731441984,54948
969,client_resume,source_callback,1466,3362,813350731370005,813350731531515,161510,126927,0,34583,0,0,0,0,,
969,client_resolve,client_worker,1466,3397,813350730802401,813350730898182,95781,95781,0,0,0,0,0,0,,
969,client_register,client_worker,1466,3397,813350730898182,813350730937192,39010,39010,0,0,0,0,0,0,,
969,client_encode,client_worker,1466,3397,813350730937192,813350730988026,50834,50834,0,0,0,0,0,0,,
970,server_admission,receive_thread,3421,3453,813350731915578,813350732038495,122917,122917,0,0,0,0,0,0,,
970,server_queue,target_worker,3421,3470,813350732038495,813350732141672,103177,34323,35625,33229,0,0,0,1,813350732071724,35625
970,server_queue,source_binder,3421,3453,813350732038495,813350732141672,103177,103177,0,0,0,0,0,0,,
970,client_resume,target_worker,1466,3397,813350732249484,813350732405838,156354,40677,41875,73802,0,0,0,1,813350732323286,41875
970,client_resume,source_callback,1466,3362,813350732249484,813350732405838,156354,123542,0,32812,0,0,0,0,,
970,client_resolve,client_worker,1466,3397,813350731604380,813350731704953,100573,100573,0,0,0,0,0,0,,
970,client_register,client_worker,1466,3397,813350731704953,813350731762297,57344,57344,0,0,0,0,0,0,,
970,client_encode,client_worker,1466,3397,813350731762297,813350731819120,56823,56823,0,0,0,0,0,0,,
971,server_admission,receive_thread,3421,3453,813350732798026,813350732891411,93385,93385,0,0,0,0,0,0,,
971,server_queue,target_worker,3421,3470,813350732891411,813350732992870,101459,35000,35521,30938,0,0,0,1,813350732922349,35521
971,server_queue,source_binder,3421,3453,813350732891411,813350732992870,101459,85052,0,16407,0,0,0,0,,
971,client_resume,target_worker,1466,3397,813350733109692,813350733270890,161198,33854,55521,71823,0,0,0,1,813350733181515,55521
971,client_resume,source_callback,1466,3362,813350733109692,813350733270890,161198,127344,0,33854,0,0,0,0,,
971,client_resolve,client_worker,1466,3397,813350732485317,813350732593390,108073,108073,0,0,0,0,0,0,,
971,client_register,client_worker,1466,3397,813350732593390,813350732640213,46823,46823,0,0,0,0,0,0,,
971,client_encode,client_worker,1466,3397,813350732640213,813350732704120,63907,63907,0,0,0,0,0,0,,
972,server_admission,receive_thread,3421,3453,813350733640890,813350733740422,99532,99532,0,0,0,0,0,0,,
972,server_queue,target_worker,3421,3470,813350733740422,813350733840057,99635,32083,34011,33541,0,0,0,1,813350733773963,34011
972,server_queue,source_binder,3421,3453,813350733740422,813350733840057,99635,88489,0,11146,0,0,0,0,,
972,client_resume,target_worker,1466,3397,813350733961359,813350734119849,158490,40052,38282,80156,0,0,0,1,813350734041515,38282
972,client_resume,source_callback,1466,3362,813350733961359,813350734119849,158490,129531,0,28959,0,0,0,0,,
972,client_resolve,client_worker,1466,3397,813350733339380,813350733447765,108385,108385,0,0,0,0,0,0,,
972,client_register,client_worker,1466,3397,813350733447765,813350733489901,42136,42136,0,0,0,0,0,0,,
972,client_encode,client_worker,1466,3397,813350733489901,813350733556255,66354,66354,0,0,0,0,0,0,,
973,server_admission,receive_thread,3421,3453,813350734501047,813350734596359,95312,95312,0,0,0,0,0,0,,
973,server_queue,target_worker,3421,3470,813350734596359,813350734701724,105365,36511,35312,33542,0,0,0,1,813350734629901,35312
973,server_queue,source_binder,3421,3453,813350734596359,813350734701724,105365,84323,0,21042,0,0,0,0,,
973,client_resume,target_worker,1466,3397,813350734820057,813350734980474,160417,33177,54375,72865,0,0,0,1,813350734892922,54375
973,client_resume,source_callback,1466,3362,813350734820057,813350734980474,160417,127240,0,33177,0,0,0,0,,
973,client_resolve,client_worker,1466,3397,813350734195838,813350734299328,103490,103490,0,0,0,0,0,0,,
973,client_register,client_worker,1466,3397,813350734299328,813350734346307,46979,46979,0,0,0,0,0,0,,
973,client_encode,client_worker,1466,3397,813350734346307,813350734408234,61927,61927,0,0,0,0,0,0,,
974,server_admission,receive_thread,3421,3453,813350735358755,813350735468026,109271,109271,0,0,0,0,0,0,,
974,server_queue,target_worker,3421,3470,813350735468026,813350735565942,97916,32500,32656,32760,0,0,0,1,813350735500786,32656
974,server_queue,source_binder,3421,3453,813350735468026,813350735565942,97916,86458,0,11458,0,0,0,0,,
974,client_resume,target_worker,1466,3397,813350735720995,813350735887453,166458,38750,50573,77135,0,0,0,1,813350735798130,50573
974,client_resume,source_callback,1466,3362,813350735720995,813350735887453,166458,149947,0,16511,0,0,0,0,,
974,client_resolve,client_worker,1466,3397,813350735049640,813350735150578,100938,100938,0,0,0,0,0,0,,
974,client_register,client_worker,1466,3397,813350735150578,813350735192974,42396,42396,0,0,0,0,0,0,,
974,client_encode,client_worker,1466,3397,813350735192974,813350735263807,70833,70833,0,0,0,0,0,0,,
975,server_admission,receive_thread,3421,3453,813350736287401,813350736378547,91146,91146,0,0,0,0,0,0,,
975,server_queue,target_worker,3421,3470,813350736378547,813350736478963,100416,33021,34427,32968,0,0,0,1,813350736411515,34427
975,server_queue,source_binder,3421,3453,813350736378547,813350736478963,100416,84635,0,15781,0,0,0,0,,
975,client_resume,target_worker,1466,3397,813350736590422,813350736750317,159895,35416,56094,68385,0,0,0,1,813350736658807,56094
975,client_resume,source_callback,1466,3362,813350736590422,813350736750317,159895,123489,0,36406,0,0,0,0,,
975,client_resolve,client_worker,1466,3397,813350735963495,813350736063547,100052,100052,0,0,0,0,0,0,,
975,client_register,client_worker,1466,3397,813350736063547,813350736134120,70573,70573,0,0,0,0,0,0,,
975,client_encode,client_worker,1466,3397,813350736134120,813350736192245,58125,58125,0,0,0,0,0,0,,
976,server_admission,receive_thread,3421,3453,813350737128755,813350737216255,87500,87500,0,0,0,0,0,0,,
976,server_queue,target_worker,3421,3470,813350737216255,813350737311515,95260,32708,33385,29167,0,0,0,1,813350737245422,33385
976,server_queue,source_binder,3421,3453,813350737216255,813350737311515,95260,81198,0,14062,0,0,0,0,,
976,client_resume,target_worker,1466,3397,813350737424120,813350737578078,153958,37500,50261,66197,0,0,0,1,813350737490317,50261
976,client_resume,source_callback,1466,3362,813350737424120,813350737578078,153958,115156,0,38802,0,0,0,0,,
976,client_resolve,client_worker,1466,3397,813350736822088,813350736917557,95469,95469,0,0,0,0,0,0,,
976,client_register,client_worker,1466,3397,813350736917557,813350736953911,36354,36354,0,0,0,0,0,0,,
976,client_encode,client_worker,1466,3397,813350736953911,813350737033807,79896,79896,0,0,0,0,0,0,,
977,server_admission,receive_thread,3421,3453,813350737909328,813350737999224,89896,89896,0,0,0,0,0,0,,
977,server_queue,target_worker,3421,3470,813350737999224,813350738095995,96771,33230,33958,29583,0,0,0,1,813350738028807,33958
977,server_queue,source_binder,3421,3453,813350737999224,813350738095995,96771,79948,0,16823,0,0,0,0,,
977,client_resume,target_worker,1466,3397,813350738209797,813350738356359,146562,32656,48646,65260,0,0,0,1,813350738275057,48646
977,client_resume,source_callback,1466,3362,813350738209797,813350738356359,146562,113906,0,32656,0,0,0,0,,
977,client_resolve,client_worker,1466,3397,813350737649484,813350737741880,92396,92396,0,0,0,0,0,0,,
977,client_register,client_worker,1466,3397,813350737741880,813350737777870,35990,35990,0,0,0,0,0,0,,
977,client_encode,client_worker,1466,3397,813350737777870,813350737824015,46145,46145,0,0,0,0,0,0,,
978,server_admission,receive_thread,3421,3453,813350738715317,813350738806828,91511,91511,0,0,0,0,0,0,,
978,server_queue,target_worker,3421,3470,813350738806828,813350738904120,97292,29428,32916,34948,0,0,0,1,813350738841776,32916
978,server_queue,source_binder,3421,3453,813350738806828,813350738904120,97292,91042,0,6250,0,0,0,0,,
978,client_resume,target_worker,1466,3397,813350739021620,813350739192297,170677,35417,54063,81197,0,0,0,1,813350739102817,54063
978,client_resume,source_callback,1466,3362,813350739021620,813350739192297,170677,146666,0,24011,0,0,0,0,,
978,client_resolve,client_worker,1466,3397,813350738420161,813350738519328,99167,99167,0,0,0,0,0,0,,
978,client_register,client_worker,1466,3397,813350738519328,813350738557713,38385,38385,0,0,0,0,0,0,,
978,client_encode,client_worker,1466,3397,813350738557713,813350738626567,68854,68854,0,0,0,0,0,0,,
979,server_admission,receive_thread,3421,3453,813350739556151,813350739656359,100208,100208,0,0,0,0,0,0,,
979,server_queue,target_worker,3421,3470,813350739656359,813350739757036,100677,34010,35938,30729,0,0,0,1,813350739687088,35938
979,server_queue,source_binder,3421,3453,813350739656359,813350739757036,100677,81615,0,19062,0,0,0,0,,
979,client_resume,target_worker,1466,3397,813350739885213,813350740043703,158490,37969,49271,71250,0,0,0,1,813350739956463,49271
979,client_resume,source_callback,1466,3362,813350739885213,813350740043703,158490,124844,0,33646,0,0,0,0,,
979,client_resolve,client_worker,1466,3397,813350739264328,813350739368234,103906,103906,0,0,0,0,0,0,,
979,client_register,client_worker,1466,3397,813350739368234,813350739405734,37500,37500,0,0,0,0,0,0,,
979,client_encode,client_worker,1466,3397,813350739405734,813350739462297,56563,56563,0,0,0,0,0,0,,
980,server_admission,receive_thread,3421,3453,813350740501880,813350740603755,101875,101875,0,0,0,0,0,0,,
980,server_queue,target_worker,3421,3470,813350740603755,813350740699276,95521,32656,33073,29792,0,0,0,1,813350740633547,33073
980,server_queue,source_binder,3421,3453,813350740603755,813350740699276,95521,80885,0,14636,0,0,0,0,,
980,client_resume,target_worker,1466,3397,813350740813182,813350740973390,160208,38229,52135,69844,0,0,0,1,813350740883026,52135
980,client_resume,source_callback,1466,3362,813350740813182,813350740973390,160208,119531,0,40677,0,0,0,0,,
980,client_resolve,client_worker,1466,3397,813350740170786,813350740286515,115729,115729,0,0,0,0,0,0,,
980,client_register,client_worker,1466,3397,813350740286515,813350740324172,37657,37657,0,0,0,0,0,0,,
980,client_encode,client_worker,1466,3397,813350740324172,813350740380734,56562,56562,0,0,0,0,0,0,,
981,server_admission,receive_thread,3421,3453,813350741306515,813350741395474,88959,88959,0,0,0,0,0,0,,
981,server_queue,target_worker,3421,3470,813350741395474,813350741497088,101614,34739,33594,33281,0,0,0,1,813350741428755,33594
981,server_queue,source_binder,3421,3453,813350741395474,813350741497088,101614,83958,0,17656,0,0,0,0,,
981,client_resume,target_worker,1466,3397,813350741611099,813350741761099,150000,31198,52500,66302,0,0,0,1,813350741677401,52500
981,client_resume,source_callback,1466,3362,813350741611099,813350741761099,150000,118802,0,31198,0,0,0,0,,
981,client_resolve,client_worker,1466,3397,813350741042557,813350741136255,93698,93698,0,0,0,0,0,0,,
981,client_register,client_worker,1466,3397,813350741136255,813350741171411,35156,35156,0,0,0,0,0,0,,
981,client_encode,client_worker,1466,3397,813350741171411,813350741221724,50313,50313,0,0,0,0,0,0,,
982,server_admission,receive_thread,3421,3453,813350742099953,813350742186984,87031,87031,0,0,0,0,0,0,,
982,server_queue,target_worker,3421,3470,813350742186984,813350742277453,90469,30781,29271,30417,0,0,0,1,813350742217401,29271
982,server_queue,source_binder,3421,3453,813350742186984,813350742277453,90469,79011,0,11458,0,0,0,0,,
982,client_resume,target_worker,1466,3397,813350742392192,813350742537192,145000,35520,37084,72396,0,0,0,1,813350742464588,37084
982,client_resume,source_callback,1466,3362,813350742392192,813350742537192,145000,118021,0,26979,0,0,0,0,,
982,client_resolve,client_worker,1466,3397,813350741829432,813350741925057,95625,95625,0,0,0,0,0,0,,
982,client_register,client_worker,1466,3397,813350741925057,813350741963338,38281,38281,0,0,0,0,0,0,,
982,client_encode,client_worker,1466,3397,813350741963338,813350742013807,50469,50469,0,0,0,0,0,0,,
983,server_admission,receive_thread,3421,3453,813350742903911,813350743004797,100886,100886,0,0,0,0,0,0,,
983,server_queue,target_worker,3421,3470,813350743004797,813350743102401,97604,33698,34427,29479,0,0,0,1,813350743034276,34427
983,server_queue,source_binder,3421,3453,813350743004797,813350743102401,97604,79843,0,17761,0,0,0,0,,
983,client_resume,target_worker,1466,3397,813350743216776,813350743373442,156666,38802,45520,72344,0,0,0,1,813350743289120,45520
983,client_resume,source_callback,1466,3362,813350743216776,813350743373442,156666,122031,0,34635,0,0,0,0,,
983,client_resolve,client_worker,1466,3397,813350742620578,813350742717661,97083,97083,0,0,0,0,0,0,,
983,client_register,client_worker,1466,3397,813350742717661,813350742755109,37448,37448,0,0,0,0,0,0,,
983,client_encode,client_worker,1466,3397,813350742755109,813350742816255,61146,61146,0,0,0,0,0,0,,
984,server_admission,receive_thread,3421,3453,813350743723286,813350743814432,91146,91146,0,0,0,0,0,0,,
984,server_queue,target_worker,3421,3470,813350743814432,813350743910005,95573,33021,32917,29635,0,0,0,1,813350743844067,32917
984,server_queue,source_binder,3421,3453,813350743814432,813350743910005,95573,78698,0,16875,0,0,0,0,,
984,client_resume,target_worker,1466,3397,813350744036880,813350744227245,190365,38542,54636,97187,0,0,0,1,813350744134067,54636
984,client_resume,source_callback,1466,3362,813350744036880,813350744227245,190365,148854,0,41511,0,0,0,0,,
984,client_resolve,client_worker,1466,3397,813350743446776,813350743540890,94114,94114,0,0,0,0,0,0,,
984,client_register,client_worker,1466,3397,813350743540890,813350743579380,38490,38490,0,0,0,0,0,0,,
984,client_encode,client_worker,1466,3397,813350743579380,813350743637974,58594,58594,0,0,0,0,0,0,,
985,server_admission,receive_thread,3421,3453,813350744613807,813350744706203,92396,92396,0,0,0,0,0,0,,
985,server_queue,target_worker,3421,3470,813350744706203,813350744803651,97448,32136,33906,31406,0,0,0,1,813350744737609,33906
985,server_queue,source_binder,3421,3453,813350744706203,813350744803651,97448,81406,0,16042,0,0,0,0,,
985,client_resume,target_worker,1466,3397,813350744915630,813350745063286,147656,31094,50989,65573,0,0,0,1,813350744981203,50989
985,client_resume,source_callback,1466,3362,813350744915630,813350745063286,147656,116562,0,31094,0,0,0,0,,
985,client_resolve,client_worker,1466,3397,813350744296151,813350744422609,126458,126458,0,0,0,0,0,0,,
985,client_register,client_worker,1466,3397,813350744422609,813350744461724,39115,39115,0,0,0,0,0,0,,
985,client_encode,client_worker,1466,3397,813350744461724,813350744521776,60052,60052,0,0,0,0,0,0,,
986,server_admission,receive_thread,3421,3453,813350745411047,813350745497817,86770,86770,0,0,0,0,0,0,,
986,server_queue,target_worker,3421,3470,813350745497817,813350745591567,93750,30572,32709,30469,0,0,0,1,813350745528286,32709
986,server_queue,source_binder,3421,3453,813350745497817,813350745591567,93750,82657,0,11093,0,0,0,0,,
986,client_resume,target_worker,1466,3397,813350745708234,813350745852140,143906,35573,36145,72188,0,0,0,1,813350745780422,36145
986,client_resume,source_callback,1466,3362,813350745708234,813350745852140,143906,119948,0,23958,0,0,0,0,,
986,client_resolve,client_worker,1466,3397,813350745127088,813350745224067,96979,96979,0,0,0,0,0,0,,
986,client_register,client_worker,1466,3397,813350745224067,813350745267453,43386,43386,0,0,0,0,0,0,,
986,client_encode,client_worker,1466,3397,813350745267453,813350745325474,58021,58021,0,0,0,0,0,0,,
987,server_admission,receive_thread,3421,3453,813350746236151,813350746354380,118229,118229,0,0,0,0,0,0,,
987,server_queue,target_worker,3421,3470,813350746354380,813350746456984,102604,34635,33646,34323,0,0,0,1,813350746388703,33646
987,server_queue,source_binder,3421,3453,813350746354380,813350746456984,102604,86562,0,16042,0,0,0,0,,
987,client_resume,target_worker,1466,3397,813350746565838,813350746715370,149532,33959,48073,67500,0,0,0,1,813350746633338,48073
987,client_resume,source_callback,1466,3362,813350746565838,813350746715370,149532,115573,0,33959,0,0,0,0,,
987,client_resolve,client_worker,1466,3397,813350745925630,813350746042557,116927,116927,0,0,0,0,0,0,,
987,client_register,client_worker,1466,3397,813350746042557,813350746087088,44531,44531,0,0,0,0,0,0,,
987,client_encode,client_worker,1466,3397,813350746087088,813350746148182,61094,61094,0,0,0,0,0,0,,
988,server_admission,receive_thread,3421,3453,813350747036828,813350747128338,91510,91510,0,0,0,0,0,0,,
988,server_queue,target_worker,3421,3470,813350747128338,813350747219536,91198,30364,31302,29532,0,0,0,1,813350747157870,31302
988,server_queue,source_binder,3421,3453,813350747128338,813350747219536,91198,81875,0,9323,0,0,0,0,,
988,client_resume,target_worker,1466,3397,813350747335265,813350747490578,155313,33073,51719,70521,0,0,0,1,813350747405786,51719
988,client_resume,source_callback,1466,3362,813350747335265,813350747490578,155313,122240,0,33073,0,0,0,0,,
988,client_resolve,client_worker,1466,3397,813350746776828,813350746864380,87552,87552,0,0,0,0,0,0,,
988,client_register,client_worker,1466,3397,813350746864380,813350746902817,38437,38437,0,0,0,0,0,0,,
988,client_encode,client_worker,1466,3397,813350746902817,813350746950942,48125,48125,0,0,0,0,0,0,,
989,server_admission,receive_thread,3421,3453,813350747863338,813350747965786,102448,102448,0,0,0,0,0,0,,
989,server_queue,target_worker,3421,3470,813350747965786,813350748067974,102188,32865,33281,36042,0,0,0,1,813350748001828,33281
989,server_queue,source_binder,3421,3453,813350747965786,813350748067974,102188,90156,0,12032,0,0,0,0,,
989,client_resume,target_worker,1466,3397,813350748261672,813350748419432,157760,32188,50729,74843,0,0,0,1,813350748336515,50729
989,client_resume,source_callback,1466,3362,813350748261672,813350748419432,157760,125572,0,32188,0,0,0,0,,
989,client_resolve,client_worker,1466,3397,813350747549484,813350747645630,96146,96146,0,0,0,0,0,0,,
989,client_register,client_worker,1466,3397,813350747645630,813350747707869,62239,62239,0,0,0,0,0,0,,
989,client_encode,client_worker,1466,3397,813350747707869,813350747770265,62396,62396,0,0,0,0,0,0,,
990,server_admission,receive_thread,3421,3453,813350748785734,813350748884328,98594,98594,0,0,0,0,0,0,,
990,server_queue,target_worker,3421,3470,813350748884328,813350748977713,93385,29583,30938,32864,0,0,0,1,813350748917192,30938
990,server_queue,source_binder,3421,3453,813350748884328,813350748977713,93385,83333,0,10052,0,0,0,0,,
990,client_resume,target_worker,1466,3397,813350749094484,813350749252140,157656,39062,39427,79167,0,0,0,1,813350749173651,39427
990,client_resume,source_callback,1466,3362,813350749094484,813350749252140,157656,131510,0,26146,0,0,0,0,,
990,client_resolve,client_worker,1466,3397,813350748488182,813350748591672,103490,103490,0,0,0,0,0,0,,
990,client_register,client_worker,1466,3397,813350748591672,813350748635890,44218,44218,0,0,0,0,0,0,,
990,client_encode,client_worker,1466,3397,813350748635890,813350748695578,59688,59688,0,0,0,0,0,0,,
991,server_admission,receive_thread,3421,3453,813350749649536,813350750041255,391719,391719,0,0,0,0,0,0,,
991,server_queue,target_worker,3421,3470,813350750041255,813350750187140,145885,41093,69688,35104,0,0,0,1,813350750076359,69688
991,server_queue,source_binder,3421,3453,813350750041255,813350750187140,145885,104792,0,41093,0,0,0,0,,
991,client_resume,target_worker,1466,3397,813350750302505,813350750468234,165729,33125,52344,80260,0,0,0,1,813350750382765,52344
991,client_resume,source_callback,1466,3362,813350750302505,813350750468234,165729,132604,0,33125,0,0,0,0,,
991,client_resolve,client_worker,1466,3397,813350749332088,813350749439119,107031,107031,0,0,0,0,0,0,,
991,client_register,client_worker,1466,3397,813350749439119,813350749498703,59584,59584,0,0,0,0,0,0,,
991,client_encode,client_worker,1466,3397,813350749498703,813350749553182,54479,54479,0,0,0,0,0,0,,
992,server_admission,receive_thread,3421,3453,813350750814432,813350751712192,897760,170417,35833,691510,0,0,0,0,,
992,server_queue,target_worker,3421,3470,813350751712192,813350751826203,114011,39427,38177,36407,0,0,0,1,813350751748599,38177
992,server_queue,source_binder,3421,3453,813350751712192,813350751826203,114011,93907,0,20104,0,0,0,0,,
992,client_resume,target_worker,1466,3397,813350751989588,813350752170317,180729,36302,57864,86563,0,0,0,1,813350752076151,57864
992,client_resume,source_callback,1466,3362,813350751989588,813350752170317,180729,169948,0,10781,0,0,0,0,,
992,client_resolve,client_worker,1466,3397,813350750533234,813350750629067,95833,95833,0,0,0,0,0,0,,
992,client_register,client_worker,1466,3397,813350750629067,813350750670109,41042,41042,0,0,0,0,0,0,,
992,client_encode,client_worker,1466,3397,813350750670109,813350750721828,51719,51719,0,0,0,0,0,0,,
993,server_admission,receive_thread,3421,3453,813350752562453,813350752922817,360364,360364,0,0,0,0,0,0,,
993,server_queue,target_worker,3421,3470,813350752922817,813350753076515,153698,78646,35833,39219,0,0,0,1,813350752962036,35833
993,server_queue,source_binder,3421,3453,813350752922817,813350753076515,153698,99636,0,54062,0,0,0,0,,
993,client_resume,target_worker,1466,3397,813350753217192,813350753385213,168021,30104,57865,80052,0,0,0,1,813350753297244,57865
993,client_resume,source_callback,1466,3362,813350753217192,813350753385213,168021,137917,0,30104,0,0,0,0,,
993,client_resolve,client_worker,1466,3397,813350752239692,813350752335265,95573,95573,0,0,0,0,0,0,,
993,client_register,client_worker,1466,3397,813350752335265,813350752374588,39323,39323,0,0,0,0,0,0,,
993,client_encode,client_worker,1466,3397,813350752374588,813350752451515,76927,76927,0,0,0,0,0,0,,
994,server_admission,receive_thread,3421,3453,813350753751411,813350753865994,114583,114583,0,0,0,0,0,0,,
994,server_queue,target_worker,3421,3470,813350753865994,813350753980422,114428,35678,42239,36511,0,0,0,1,813350753902505,42239
994,server_queue,source_binder,3421,3453,813350753865994,813350753980422,114428,101615,0,12813,0,0,0,0,,
994,client_resume,target_worker,1466,3397,813350754118234,813350754285213,166979,31614,55521,79844,0,0,0,1,813350754198078,55521
994,client_resume,source_callback,1466,3362,813350754118234,813350754285213,166979,135365,0,31614,0,0,0,0,,
994,client_resolve,client_worker,1466,3397,813350753453026,813350753553286,100260,100260,0,0,0,0,0,0,,
994,client_register,client_worker,1466,3397,813350753553286,813350753593026,39740,39740,0,0,0,0,0,0,,
994,client_encode,client_worker,1466,3397,813350753593026,813350753643963,50937,50937,0,0,0,0,0,0,,
995,server_admission,receive_thread,3421,3453,813350754661828,813350755168130,506302,317865,34219,154218,0,0,0,0,,
995,server_queue,target_worker,3421,3470,813350755168130,813350755417922,249792,91771,40573,117448,0,0,0,1,813350755285578,40573
995,server_queue,source_binder,3421,3453,813350755168130,813350755417922,249792,183125,0,66667,0,0,0,0,,
995,client_resume,target_worker,1466,3397,813350755640161,813350755874172,234011,43386,94844,95781,0,0,0,1,813350755735942,94844
995,client_resume,source_callback,1466,3362,813350755640161,813350755874172,234011,170625,0,63386,0,0,0,0,,
995,client_resolve,client_worker,1466,3397,813350754350317,813350754443703,93386,93386,0,0,0,0,0,0,,
995,client_register,client_worker,1466,3397,813350754443703,813350754482401,38698,38698,0,0,0,0,0,0,,
995,client_encode,client_worker,1466,3397,813350754482401,813350754541619,59218,59218,0,0,0,0,0,0,,
996,server_admission,receive_thread,3421,3453,813350756284224,813350756449432,165208,165208,0,0,0,0,0,0,,
996,server_queue,target_worker,3421,3470,813350756449432,813350756586672,137240,54480,35781,46979,0,0,0,1,813350756496411,35781
996,server_queue,source_binder,3421,3453,813350756449432,813350756586672,137240,112344,0,24896,0,0,0,0,,
996,client_resume,target_worker,1466,3397,813350756741255,813350756900786,159531,37187,44636,77708,0,0,0,1,813350756818963,44636
996,client_resume,source_callback,1466,3362,813350756741255,813350756900786,159531,127656,0,31875,0,0,0,0,,
996,client_resolve,client_worker,1466,3397,813350755947036,813350756042869,95833,95833,0,0,0,0,0,0,,
996,client_register,client_worker,1466,3397,813350756042869,813350756079953,37084,37084,0,0,0,0,0,0,,
996,client_encode,client_worker,1466,3397,813350756079953,813350756178599,98646,98646,0,0,0,0,0,0,,
997,server_admission,receive_thread,3421,3453,813350757275161,813350757417557,142396,142396,0,0,0,0,0,0,,
997,server_queue,target_worker,3421,3470,813350757417557,813350757541567,124010,43229,38489,42292,0,0,0,1,813350757459849,38489
997,server_queue,source_binder,3421,3453,813350757417557,813350757541567,124010,103437,0,20573,0,0,0,0,,
997,client_resume,target_worker,1466,3397,813350757680578,813350757831515,150937,35156,39115,76666,0,0,0,1,813350757757244,39115
997,client_resume,source_callback,1466,3362,813350757680578,813350757831515,150937,129687,0,21250,0,0,0,0,,
997,client_resolve,client_worker,1466,3397,813350756969172,813350757062297,93125,93125,0,0,0,0,0,0,,
997,client_register,client_worker,1466,3397,813350757062297,813350757104797,42500,42500,0,0,0,0,0,0,,
997,client_encode,client_worker,1466,3397,813350757104797,813350757170317,65520,65520,0,0,0,0,0,0,,
998,server_admission,receive_thread,3421,3453,813350758173963,813350759285682,1111719,201459,36302,873958,0,0,0,0,,
998,server_queue,target_worker,3421,3470,813350759285682,813350759404901,119219,39740,33281,46198,0,0,0,1,813350759331880,33281
998,server_queue,source_binder,3421,3453,813350759285682,813350759404901,119219,103125,0,16094,0,0,0,0,,
998,client_resume,target_worker,1466,3397,813350759538338,813350759683390,145052,35156,34687,75209,0,0,0,1,813350759613547,34687
998,client_resume,source_callback,1466,3362,813350759538338,813350759683390,145052,122552,0,22500,0,0,0,0,,
998,client_resolve,client_worker,1466,3397,813350757897401,813350757986672,89271,89271,0,0,0,0,0,0,,
998,client_register,client_worker,1466,3397,813350757986672,813350758024172,37500,37500,0,0,0,0,0,0,,
998,client_encode,client_worker,1466,3397,813350758024172,813350758071151,46979,46979,0,0,0,0,0,0,,
999,server_admission,receive_thread,3421,3453,813350760061776,813350760218859,157083,157083,0,0,0,0,0,0,,
999,server_queue,target_worker,3421,3470,813350760218859,813350760373963,155104,63021,36145,55938,0,0,0,1,813350760274797,36145
999,server_queue,source_binder,3421,3453,813350760218859,813350760373963,155104,112708,0,42396,0,0,0,0,,
999,client_resume,target_worker,1466,3397,813350760503963,813350760661724,157761,36980,46979,73802,0,0,0,1,813350760577765,46979
999,client_resume,source_callback,1466,3362,813350760503963,813350760661724,157761,121250,0,36511,0,0,0,0,,
999,client_resolve,client_worker,1466,3397,813350759747036,813350759838911,91875,91875,0,0,0,0,0,0,,
999,client_register,client_worker,1466,3397,813350759838911,813350759875734,36823,36823,0,0,0,0,0,0,,
999,client_encode,client_worker,1466,3397,813350759875734,813350759929744,54010,54010,0,0,0,0,0,0,,
1000,server_admission,receive_thread,3421,3453,813350761024744,813350761145682,120938,120938,0,0,0,0,0,0,,
1000,server_queue,target_worker,3421,3470,813350761145682,813350761265838,120156,39948,36302,43906,0,0,0,1,813350761189588,36302
1000,server_queue,source_binder,3421,3453,813350761145682,813350761265838,120156,100052,0,20104,0,0,0,0,,
1000,client_resume,target_worker,1466,3397,813350761410474,813350761557401,146927,37813,35312,73802,0,0,0,1,813350761484276,35312
1000,client_resume,source_callback,1466,3362,813350761410474,813350761557401,146927,120364,0,26563,0,0,0,0,,
1000,client_resolve,client_worker,1466,3397,813350760731411,813350760825109,93698,93698,0,0,0,0,0,0,,
1000,client_register,client_worker,1466,3397,813350760825109,813350760863963,38854,38854,0,0,0,0,0,0,,
1000,client_encode,client_worker,1466,3397,813350760863963,813350760915786,51823,51823,0,0,0,0,0,0,,
1001,server_admission,receive_thread,3421,3453,813350761899484,813350762016099,116615,116615,0,0,0,0,0,0,,
1001,server_queue,target_worker,3421,3470,813350762016099,813350762149328,133229,59271,37448,36510,0,0,0,1,813350762052609,37448
1001,server_queue,source_binder,3421,3453,813350762016099,813350762149328,133229,133229,0,0,0,0,0,0,,
1001,client_resume,target_worker,1466,3397,813350762375630,813350762538078,162448,32552,57396,72500,0,0,0,1,813350762448130,57396
1001,client_resume,source_callback,1466,3362,813350762375630,813350762538078,162448,129896,0,32552,0,0,0,0,,
1001,client_resolve,client_worker,1466,3397,813350761622192,813350761710890,88698,88698,0,0,0,0,0,0,,
1001,client_register,client_worker,1466,3397,813350761710890,813350761747713,36823,36823,0,0,0,0,0,0,,
1001,client_encode,client_worker,1466,3397,813350761747713,813350761798547,50834,50834,0,0,0,0,0,0,,
1002,server_admission,receive_thread,3421,3453,813350762940786,813350763069119,128333,128333,0,0,0,0,0,0,,
1002,server_queue,target_worker,3421,3470,813350763069119,813350763198442,129323,42968,42917,43438,0,0,0,1,813350763112557,42917
1002,server_queue,source_binder,3421,3453,813350763069119,813350763198442,129323,106094,0,23229,0,0,0,0,,
1002,client_resume,target_worker,1466,3397,813350763343078,813350763533182,190104,38021,67344,84739,0,0,0,1,813350763427817,67344
1002,client_resume,source_callback,1466,3362,813350763343078,813350763533182,190104,144739,0,45365,0,0,0,0,,
1002,client_resolve,client_worker,1466,3397,813350762616828,813350762713494,96666,96666,0,0,0,0,0,0,,
1002,client_register,client_worker,1466,3397,813350762713494,813350762759380,45886,45886,0,0,0,0,0,0,,
1002,client_encode,client_worker,1466,3397,813350762759380,813350762814172,54792,54792,0,0,0,0,0,0,,
1003,server_admission,receive_thread,3421,3453,813350763915213,813350764031047,115834,115834,0,0,0,0,0,0,,
1003,server_queue,target_worker,3421,3470,813350764031047,813350764146203,115156,37656,39688,37812,0,0,0,1,813350764068859,39688
1003,server_queue,source_binder,3421,3453,813350764031047,813350764146203,115156,115156,0,0,0,0,0,0,,
1003,client_resume,target_worker,1466,3397,813350764271828,813350764473599,201771,35105,49531,117135,0,0,0,1,813350764388963,49531
1003,client_resume,source_callback,1466,3362,813350764271828,813350764473599,201771,186302,0,15469,0,0,0,0,,
1003,client_resolve,client_worker,1466,3397,813350763608338,813350763707609,99271,99271,0,0,0,0,0,0,,
1003,client_register,client_worker,1466,3397,813350763707609,813350763745734,38125,38125,0,0,0,0,0,0,,
1003,client_encode,client_worker,1466,3397,813350763745734,813350763798755,53021,53021,0,0,0,0,0,0,,
1004,server_admission,receive_thread,3421,3453,813350764840369,813350764964119,123750,123750,0,0,0,0,0,0,,
1004,server_queue,target_worker,3421,3470,813350764964119,813350765076984,112865,35677,35885,41303,0,0,0,1,813350765005422,35885
1004,server_queue,source_binder,3421,3453,813350764964119,813350765076984,112865,98542,0,14323,0,0,0,0,,
1004,client_resume,target_worker,1466,3397,813350765201932,813350765344119,142187,35260,35156,71771,0,0,0,1,813350765273703,35156
1004,client_resume,source_callback,1466,3362,813350765201932,813350765344119,142187,120417,0,21770,0,0,0,0,,
1004,client_resolve,client_worker,1466,3397,813350764543651,813350764646567,102916,102916,0,0,0,0,0,0,,
1004,client_register,client_worker,1466,3397,813350764646567,813350764684588,38021,38021,0,0,0,0,0,0,,
1004,client_encode,client_worker,1466,3397,813350764684588,813350764733130,48542,48542,0,0,0,0,0,0,,
1005,server_admission,receive_thread,3421,3453,813350765696567,813350765808078,111511,111511,0,0,0,0,0,0,,
1005,server_queue,target_worker,3421,3470,813350765808078,813350765918911,110833,37135,37500,36198,0,0,0,1,813350765844276,37500
1005,server_queue,source_binder,3421,3453,813350765808078,813350765918911,110833,94479,0,16354,0,0,0,0,,
1005,client_resume,target_worker,1466,3397,813350766058547,813350766211672,153125,35834,47239,70052,0,0,0,1,813350766128599,47239
1005,client_resume,source_callback,1466,3362,813350766058547,813350766211672,153125,118906,0,34219,0,0,0,0,,
1005,client_resolve,client_worker,1466,3397,813350765410474,813350765501307,90833,90833,0,0,0,0,0,0,,
1005,client_register,client_worker,1466,3397,813350765501307,813350765537557,36250,36250,0,0,0,0,0,0,,
1005,client_encode,client_worker,1466,3397,813350765537557,813350765592974,55417,55417,0,0,0,0,0,0,,
1006,server_admission,receive_thread,3421,3453,813350766577401,813350766688703,111302,111302,0,0,0,0,0,0,,
1006,server_queue,target_worker,3421,3470,813350766688703,813350766797140,108437,33906,37135,37396,0,0,0,1,813350766726099,37135
1006,server_queue,source_binder,3421,3453,813350766688703,813350766797140,108437,95052,0,13385,0,0,0,0,,
1006,client_resume,target_worker,1466,3397,813350766922817,813350767064276,141459,36459,34635,70365,0,0,0,1,813350766993182,34635
1006,client_resume,source_callback,1466,3362,813350766922817,813350767064276,141459,117865,0,23594,0,0,0,0,,
1006,client_resolve,client_worker,1466,3397,813350766279015,813350766384484,105469,105469,0,0,0,0,0,0,,
1006,client_register,client_worker,1466,3397,813350766384484,813350766420890,36406,36406,0,0,0,0,0,0,,
1006,client_encode,client_worker,1466,3397,813350766420890,813350766471307,50417,50417,0,0,0,0,0,0,,
1007,server_admission,receive_thread,3421,3453,813350767423911,813350767534536,110625,110625,0,0,0,0,0,0,,
1007,server_queue,target_worker,3421,3470,813350767534536,813350767640213,105677,34375,36719,34583,0,0,0,1,813350767569119,36719
1007,server_queue,source_binder,3421,3453,813350767534536,813350767640213,105677,93646,0,12031,0,0,0,0,,
1007,client_resume,target_worker,1466,3397,813350767766619,813350767905630,139011,34063,35989,68959,0,0,0,1,813350767835578,35989
1007,client_resume,source_callback,1466,3362,813350767766619,813350767905630,139011,116407,0,22604,0,0,0,0,,
1007,client_resolve,client_worker,1466,3397,813350767131776,813350767230994,99218,99218,0,0,0,0,0,0,,
1007,client_register,client_worker,1466,3397,813350767230994,813350767268703,37709,37709,0,0,0,0,0,0,,
1007,client_encode,client_worker,1466,3397,813350767268703,813350767322036,53333,53333,0,0,0,0,0,0,,
1008,server_admission,receive_thread,3421,3453,813350768303286,813350768427817,124531,124531,0,0,0,0,0,0,,
1008,server_queue,target_worker,3421,3470,813350768427817,813350768534380,106563,35469,34896,36198,0,0,0,1,813350768464015,34896
1008,server_queue,source_binder,3421,3453,813350768427817,813350768534380,106563,92865,0,13698,0,0,0,0,,
1008,client_resume,target_worker,1466,3397,813350768660265,813350768805994,145729,34739,40417,70573,0,0,0,1,813350768730838,40417
1008,client_resume,source_callback,1466,3362,813350768660265,813350768805994,145729,118438,0,27291,0,0,0,0,,
1008,client_resolve,client_worker,1466,3397,813350767972244,813350768067557,95313,95313,0,0,0,0,0,0,,
1008,client_register,client_worker,1466,3397,813350768067557,813350768150890,83333,83333,0,0,0,0,0,0,,
1008,client_encode,client_worker,1466,3397,813350768150890,813350768204849,53959,53959,0,0,0,0,0,0,,
1009,server_admission,receive_thread,3421,3453,813350769139276,813350769250057,110781,110781,0,0,0,0,0,0,,
1009,server_queue,target_worker,3421,3470,813350769250057,813350769357505,107448,35469,35208,36771,0,0,0,1,813350769286828,35208
1009,server_queue,source_binder,3421,3453,813350769250057,813350769357505,107448,90990,0,16458,0,0,0,0,,
1009,client_resume,target_worker,1466,3397,813350769484432,813350769622765,138333,34062,34011,70260,0,0,0,1,813350769554692,34011
1009,client_resume,source_callback,1466,3362,813350769484432,813350769622765,138333,115833,0,22500,0,0,0,0,,
1009,client_resolve,client_worker,1466,3397,813350768871932,813350768962036,90104,90104,0,0,0,0,0,0,,
1009,client_register,client_worker,1466,3397,813350768962036,813350768999224,37188,37188,0,0,0,0,0,0,,
1009,client_encode,client_worker,1466,3397,813350768999224,813350769045786,46562,46562,0,0,0,0,0,0,,
1010,server_admission,receive_thread,3421,3453,813350769984067,813350770095265,111198,111198,0,0,0,0,0,0,,
1010,server_queue,target_worker,3421,3470,813350770095265,813350770203390,108125,34948,37291,35886,0,0,0,1,813350770131151,37291
1010,server_queue,source_binder,3421,3453,813350770095265,813350770203390,108125,91354,0,16771,0,0,0,0,,
1010,client_resume,target_worker,1466,3397,813350770337557,813350770474172,136615,34063,32552,70000,0,0,0,1,813350770407557,32552
1010,client_resume,source_callback,1466,3362,813350770337557,813350770474172,136615,113125,0,23490,0,0,0,0,,
1010,client_resolve,client_worker,1466,3397,813350769684953,813350769773286,88333,88333,0,0,0,0,0,0,,
1010,client_register,client_worker,1466,3397,813350769773286,813350769834276,60990,60990,0,0,0,0,0,0,,
1010,client_encode,client_worker,1466,3397,813350769834276,813350769878026,43750,43750,0,0,0,0,0,0,,
1011,server_admission,receive_thread,3421,3453,813350770812349,813350770924172,111823,111823,0,0,0,0,0,0,,
1011,server_queue,target_worker,3421,3470,813350770924172,813350771030786,106614,34844,34583,37187,0,0,0,1,813350770961359,34583
1011,server_queue,source_binder,3421,3453,813350770924172,813350771030786,106614,95468,0,11146,0,0,0,0,,
1011,client_resume,target_worker,1466,3397,813350771155526,813350771294692,139166,34114,34584,70468,0,0,0,1,813350771225994,34584
1011,client_resume,source_callback,1466,3362,813350771155526,813350771294692,139166,116198,0,22968,0,0,0,0,,
1011,client_resolve,client_worker,1466,3397,813350770538807,813350770629276,90469,90469,0,0,0,0,0,0,,
1011,client_register,client_worker,1466,3397,813350770629276,813350770666672,37396,37396,0,0,0,0,0,0,,
1011,client_encode,client_worker,1466,3397,813350770666672,813350770712036,45364,45364,0,0,0,0,0,0,,
1012,server_admission,receive_thread,3421,3453,813350771704797,813350771867765,162968,162968,0,0,0,0,0,0,,
1012,server_queue,target_worker,3421,3470,813350771867765,813350772034692,166927,43333,64635,58959,0,0,0,1,813350771926724,64635
1012,server_queue,source_binder,3421,3453,813350771867765,813350772034692,166927,123594,0,43333,0,0,0,0,,
1012,client_resume,target_worker,1466,3397,813350772163338,813350772339067,175729,37552,57031,81146,0,0,0,1,813350772244484,57031
1012,client_resume,source_callback,1466,3362,813350772163338,813350772339067,175729,135729,0,40000,0,0,0,0,,
1012,client_resolve,client_worker,1466,3397,813350771361984,813350771496828,134844,134844,0,0,0,0,0,0,,
1012,client_register,client_worker,1466,3397,813350771496828,813350771552661,55833,55833,0,0,0,0,0,0,,
1012,client_encode,client_worker,1466,3397,813350771552661,813350771605838,53177,53177,0,0,0,0,0,0,,
1013,server_admission,receive_thread,3421,3473,813350772745578,813350772928390,182812,182812,0,0,0,0,0,0,,
1013,server_queue,target_worker,3421,3470,813350772928390,813350773056984,128594,56823,39427,32344,0,0,0,1,813350772960734,39427
1013,server_queue,source_binder,3421,3473,813350772928390,813350773056984,128594,91563,0,37031,0,0,0,0,,
1013,client_resume,target_worker,1466,3397,813350773186307,813350773352297,165990,32292,57604,76094,0,0,0,1,813350773262401,57604
1013,client_resume,source_callback,1466,3362,813350773186307,813350773352297,165990,133698,0,32292,0,0,0,0,,
1013,client_resolve,client_worker,1466,3397,813350772404849,813350772496619,91770,91770,0,0,0,0,0,0,,
1013,client_register,client_worker,1466,3397,813350772496619,813350772537922,41303,41303,0,0,0,0,0,0,,
1013,client_encode,client_worker,1466,3397,813350772537922,813350772582453,44531,44531,0,0,0,0,0,0,,
1014,server_admission,receive_thread,3421,3473,813350773706619,813350773833547,126928,126928,0,0,0,0,0,0,,
1014,server_queue,target_worker,3421,3470,813350773833547,813350773946411,112864,35417,40989,36458,0,0,0,1,813350773870005,40989
1014,server_queue,source_binder,3421,3473,813350773833547,813350773946411,112864,95833,0,17031,0,0,0,0,,
1014,client_resume,target_worker,1466,3397,813350774081411,813350774255057,173646,33177,62969,77500,0,0,0,1,813350774158911,62969
1014,client_resume,source_callback,1466,3362,813350774081411,813350774255057,173646,140469,0,33177,0,0,0,0,,
1014,client_resolve,client_worker,1466,3397,813350773417244,813350773506567,89323,89323,0,0,0,0,0,0,,
1014,client_register,client_worker,1466,3397,813350773506567,813350773546047,39480,39480,0,0,0,0,0,0,,
1014,client_encode,client_worker,1466,3397,813350773546047,813350773607661,61614,61614,0,0,0,0,0,0,,
1015,server_admission,receive_thread,3421,3473,813350774614380,813350774711828,97448,97448,0,0,0,0,0,0,,
1015,server_queue,target_worker,3421,3470,813350774711828,813350774820057,108229,29375,49740,29114,0,0,0,1,813350774740942,49740
1015,server_queue,source_binder,3421,3473,813350774711828,813350774820057,108229,78854,0,29375,0,0,0,0,,
1015,client_resume,target_worker,1466,3397,813350775092140,813350775263755,171615,33333,58073,80209,0,0,0,1,813350775172349,58073
1015,client_resume,source_callback,1466,3362,813350775092140,813350775263755,171615,138282,0,33333,0,0,0,0,,
1015,client_resolve,client_worker,1466,3397,813350774323130,813350774421359,98229,98229,0,0,0,0,0,0,,
1015,client_register,client_worker,1466,3397,813350774421359,813350774460317,38958,38958,0,0,0,0,0,0,,
1015,client_encode,client_worker,1466,3397,813350774460317,813350774510526,50209,50209,0,0,0,0,0,0,,
1016,server_admission,receive_thread,3421,3473,813350775605838,813350775731255,125417,125417,0,0,0,0,0,0,,
1016,server_queue,target_worker,3421,3470,813350775731255,813350775842765,111510,30312,39323,41875,0,0,0,1,813350775773130,39323
1016,server_queue,source_binder,3421,3473,813350775731255,813350775842765,111510,109583,0,1927,0,0,0,0,,
1016,client_resume,target_worker,1466,3397,813350775975317,813350776238234,262917,42292,132968,87657,0,0,0,1,813350776062974,132968
1016,client_resume,source_callback,1466,3362,813350775975317,813350776238234,262917,164219,0,98698,0,0,0,0,,
1016,client_resolve,client_worker,1466,3397,813350775320578,813350775405786,85208,85208,0,0,0,0,0,0,,
1016,client_register,client_worker,1466,3397,813350775405786,813350775444432,38646,38646,0,0,0,0,0,0,,
1016,client_encode,client_worker,1466,3397,813350775444432,813350775498599,54167,54167,0,0,0,0,0,0,,
1017,server_admission,receive_thread,3421,3473,813350776584224,813350776714953,130729,130729,0,0,0,0,0,0,,
1017,server_queue,target_worker,3421,3470,813350776714953,813350776832401,117448,36719,48750,31979,0,0,0,1,813350776746932,48750
1017,server_queue,source_binder,3421,3473,813350776714953,813350776832401,117448,103229,0,14219,0,0,0,0,,
1017,client_resume,target_worker,1466,3397,813350776979380,813350777137557,158177,32552,53229,72396,0,0,0,1,813350777051776,53229
1017,client_resume,source_callback,1466,3362,813350776979380,813350777137557,158177,125625,0,32552,0,0,0,0,,
1017,client_resolve,client_worker,1466,3397,813350776298442,813350776392922,94480,94480,0,0,0,0,0,0,,
1017,client_register,client_worker,1466,3397,813350776392922,813350776432974,40052,40052,0,0,0,0,0,0,,
1017,client_encode,client_worker,1466,3397,813350776432974,813350776478963,45989,45989,0,0,0,0,0,0,,
1018,server_admission,receive_thread,3421,3473,813350777499953,813350777625734,125781,125781,0,0,0,0,0,0,,
1018,server_queue,target_worker,3421,3470,813350777625734,813350777746776,121042,42761,41718,36563,0,0,0,1,813350777662297,41718
1018,server_queue,source_binder,3421,3473,813350777625734,813350777746776,121042,98750,0,22292,0,0,0,0,,
1018,client_resume,target_worker,1466,3397,813350777894640,813350778054276,159636,34532,48125,76979,0,0,0,1,813350777971619,48125
1018,client_resume,source_callback,1466,3362,813350777894640,813350778054276,159636,141823,0,17813,0,0,0,0,,
1018,client_resolve,client_worker,1466,3397,813350777201203,813350777294224,93021,93021,0,0,0,0,0,0,,
1018,client_register,client_worker,1466,3397,813350777294224,813350777334536,40312,40312,0,0,0,0,0,0,,
1018,client_encode,client_worker,1466,3397,813350777334536,813350777403286,68750,68750,0,0,0,0,0,0,,
1019,server_admission,receive_thread,3421,3473,813350778398442,813350778519588,121146,121146,0,0,0,0,0,0,,
1019,server_queue,target_worker,3421,3470,813350778519588,813350778625890,106302,31458,36094,38750,0,0,0,1,813350778558338,36094
1019,server_queue,source_binder,3421,3473,813350778519588,813350778625890,106302,106302,0,0,0,0,0,0,,
1019,client_resume,target_worker,1466,3397,813350778753494,813350778902661,149167,28750,49271,71146,0,0,0,1,813350778824640,49271
1019,client_resume,source_callback,1466,3362,813350778753494,813350778902661,149167,120417,0,28750,0,0,0,0,,
1019,client_resolve,client_worker,1466,3397,813350778123130,813350778208547,85417,85417,0,0,0,0,0,0,,
1019,client_register,client_worker,1466,3397,813350778208547,813350778246984,38437,38437,0,0,0,0,0,0,,
1019,client_encode,client_worker,1466,3397,813350778246984,813350778294432,47448,47448,0,0,0,0,0,0,,
1020,server_admission,receive_thread,3421,3473,813350779268442,813350779368963,100521,100521,0,0,0,0,0,0,,
1020,server_queue,target_worker,3421,3470,813350779368963,813350779508390,139427,33854,62917,42656,0,0,0,1,813350779411619,62917
1020,server_queue,source_binder,3421,3473,813350779368963,813350779508390,139427,138594,0,833,0,0,0,0,,
1020,client_resume,target_worker,1466,3397,813350779644588,813350779794224,149636,36563,35052,78021,0,0,0,1,813350779722609,35052
1020,client_resume,source_callback,1466,3362,813350779644588,813350779794224,149636,129792,0,19844,0,0,0,0,,
1020,client_resolve,client_worker,1466,3397,813350778968286,813350779060422,92136,92136,0,0,0,0,0,0,,
1020,client_register,client_worker,1466,3397,813350779060422,813350779100734,40312,40312,0,0,0,0,0,0,,
1020,client_encode,client_worker,1466,3397,813350779100734,813350779151984,51250,51250,0,0,0,0,0,0,,
1021,server_admission,receive_thread,3421,3473,813350780161359,813350780266776,105417,105417,0,0,0,0,0,0,,
1021,server_queue,target_worker,3421,3470,813350780266776,813350780365890,99114,36406,31979,30729,0,0,0,1,813350780297505,31979
1021,server_queue,source_binder,3421,3473,813350780266776,813350780365890,99114,93437,0,5677,0,0,0,0,,
1021,client_resume,target_worker,1466,3397,813350780511307,813350780656932,145625,36875,33073,75677,0,0,0,1,813350780586984,33073
1021,client_resume,source_callback,1466,3362,813350780511307,813350780656932,145625,125417,0,20208,0,0,0,0,,
1021,client_resolve,client_worker,1466,3397,813350779857088,813350779950057,92969,92969,0,0,0,0,0,0,,
1021,client_register,client_worker,1466,3397,813350779950057,813350779990838,40781,40781,0,0,0,0,0,0,,
1021,client_encode,client_worker,1466,3397,813350779990838,813350780044849,54011,54011,0,0,0,0,0,0,,
1022,server_admission,receive_thread,3421,3473,813350780993234,813350781094744,101510,101510,0,0,0,0,0,0,,
1022,server_queue,target_worker,3421,3470,813350781094744,813350781204536,109792,36875,37135,35782,0,0,0,1,813350781130526,37135
1022,server_queue,source_binder,3421,3473,813350781094744,813350781204536,109792,89428,0,20364,0,0,0,0,,
1022,client_resume,target_worker,1466,3397,813350781330109,813350781470057,139948,37448,31927,70573,0,0,0,1,813350781400682,31927
1022,client_resume,source_callback,1466,3362,813350781330109,813350781470057,139948,119479,0,20469,0,0,0,0,,
1022,client_resolve,client_worker,1466,3397,813350780721411,813350780810630,89219,89219,0,0,0,0,0,0,,
1022,client_register,client_worker,1466,3397,813350780810630,813350780847765,37135,37135,0,0,0,0,0,0,,
1022,client_encode,client_worker,1466,3397,813350780847765,813350780893755,45990,45990,0,0,0,0,0,0,,
1023,server_admission,receive_thread,3421,3473,813350781814536,813350781922661,108125,108125,0,0,0,0,0,0,,
1023,server_queue,target_worker,3421,3470,813350781922661,813350782024328,101667,35261,34427,31979,0,0,0,1,813350781954640,34427
1023,server_queue,source_binder,3421,3473,813350781922661,813350782024328,101667,87240,0,14427,0,0,0,0,,
1023,client_resume,target_worker,1466,3397,813350782141567,813350782283286,141719,35260,32604,73855,0,0,0,1,813350782215422,32604
1023,client_resume,source_callback,1466,3362,813350782141567,813350782283286,141719,122657,0,19062,0,0,0,0,,
1023,client_resolve,client_worker,1466,3397,813350781541151,813350781630994,89843,89843,0,0,0,0,0,0,,
1023,client_register,client_worker,1466,3397,813350781630994,813350781669484,38490,38490,0,0,0,0,0,0,,
1023,client_encode,client_worker,1466,3397,813350781669484,813350781715057,45573,45573,0,0,0,0,0,0,,
1024,server_admission,receive_thread,3421,3473,813350782623963,813350782732661,108698,108698,0,0,0,0,0,0,,
1024,server_queue,target_worker,3421,3470,813350782732661,813350782831099,98438,31719,33386,33333,0,0,0,1,813350782765994,33386
1024,server_queue,source_binder,3421,3473,813350782732661,813350782831099,98438,88698,0,9740,0,0,0,0,,
1024,client_resume,target_worker,1466,3397,813350782957974,813350783120526,162552,30886,60312,71354,0,0,0,1,813350783029328,60312
1024,client_resume,source_callback,1466,3362,813350782957974,813350783120526,162552,131666,0,30886,0,0,0,0,,
1024,client_resolve,client_worker,1466,3397,813350782349432,813350782436255,86823,86823,0,0,0,0,0,0,,
1024,client_register,client_worker,1466,3397,813350782436255,813350782474224,37969,37969,0,0,0,0,0,0,,
1024,client_encode,client_worker,1466,3397,813350782474224,813350782520213,45989,45989,0,0,0,0,0,0,,
1025,server_admission,receive_thread,3421,3473,813350783490369,813350783602192,111823,111823,0,0,0,0,0,0,,
1025,server_queue,target_worker,3421,3470,813350783602192,813350783737140,134948,41302,42291,51355,0,0,0,1,813350783653547,42291
1025,server_queue,source_binder,3421,3473,813350783602192,813350783737140,134948,113646,0,21302,0,0,0,0,,
1025,client_resume,target_worker,1466,3397,813350783862036,813350784020526,158490,41354,39271,77865,0,0,0,1,813350783939901,39271
1025,client_resume,source_callback,1466,3362,813350783862036,813350784020526,158490,130208,0,28282,0,0,0,0,,
1025,client_resolve,client_worker,1466,3397,813350783189172,813350783283234,94062,94062,0,0,0,0,0,0,,
1025,client_register,client_worker,1466,3397,813350783283234,813350783328547,45313,45313,0,0,0,0,0,0,,
1025,client_encode,client_worker,1466,3397,813350783328547,813350783384797,56250,56250,0,0,0,0,0,0,,
1026,server_admission,receive_thread,3421,3473,813350784382765,813350784486151,103386,103386,0,0,0,0,0,0,,
1026,server_queue,target_worker,3421,3470,813350784486151,813350784586047,99896,32709,34479,32708,0,0,0,1,813350784518859,34479
1026,server_queue,source_binder,3421,3473,813350784486151,813350784586047,99896,92760,0,7136,0,0,0,0,,
1026,client_resume,target_worker,1466,3397,813350784726099,813350784868755,142656,34792,36250,71614,0,0,0,1,813350784797713,36250
1026,client_resume,source_callback,1466,3362,813350784726099,813350784868755,142656,120104,0,22552,0,0,0,0,,
1026,client_resolve,client_worker,1466,3397,813350784084484,813350784200942,116458,116458,0,0,0,0,0,0,,
1026,client_register,client_worker,1466,3397,813350784200942,813350784238182,37240,37240,0,0,0,0,0,0,,
1026,client_encode,client_worker,1466,3397,813350784238182,813350784283963,45781,45781,0,0,0,0,0,0,,
1027,server_admission,receive_thread,3421,3473,813350785239692,813350785347609,107917,107917,0,0,0,0,0,0,,
1027,server_queue,target_worker,3421,3470,813350785347609,813350785466984,119375,55521,33698,30156,0,0,0,1,813350785377765,33698
1027,server_queue,source_binder,3421,3473,813350785347609,813350785466984,119375,85521,0,33854,0,0,0,0,,
1027,client_resume,target_worker,1466,3397,813350785580838,813350785748390,167552,33073,62656,71823,0,0,0,1,813350785652661,62656
1027,client_resume,source_callback,1466,3362,813350785580838,813350785748390,167552,134479,0,33073,0,0,0,0,,
1027,client_resolve,client_worker,1466,3397,813350784933338,813350785045786,112448,112448,0,0,0,0,0,0,,
1027,client_register,client_worker,1466,3397,813350785045786,813350785089901,44115,44115,0,0,0,0,0,0,,
1027,client_encode,client_worker,1466,3397,813350785089901,813350785142401,52500,52500,0,0,0,0,0,0,,
1028,server_admission,receive_thread,3421,3473,813350786106828,813350786212661,105833,105833,0,0,0,0,0,0,,
1028,server_queue,target_worker,3421,3470,813350786212661,813350786319119,106458,34427,39635,32396,0,0,0,1,813350786245057,39635
1028,server_queue,source_binder,3421,3473,813350786212661,813350786319119,106458,96146,0,10312,0,0,0,0,,
1028,client_resume,target_worker,1466,3397,813350786450057,813350786623703,173646,31302,60052,82292,0,0,0,1,813350786532349,60052
1028,client_resume,source_callback,1466,3362,813350786450057,813350786623703,173646,142344,0,31302,0,0,0,0,,
1028,client_resolve,client_worker,1466,3397,813350785811359,813350785908547,97188,97188,0,0,0,0,0,0,,
1028,client_register,client_worker,1466,3397,813350785908547,813350785948130,39583,39583,0,0,0,0,0,0,,
1028,client_encode,client_worker,1466,3397,813350785948130,813350786000578,52448,52448,0,0,0,0,0,0,,
1029,server_admission,receive_thread,3421,3473,813350786998494,813350787105057,106563,106563,0,0,0,0,0,0,,
1029,server_queue,target_worker,3421,3470,813350787105057,813350787216463,111406,35416,43021,32969,0,0,0,1,813350787138026,43021
1029,server_queue,source_binder,3421,3473,813350787105057,813350787216463,111406,97292,0,14114,0,0,0,0,,
1029,client_resume,target_worker,1466,3397,813350787351776,813350787538234,186458,40781,55677,90000,0,0,0,1,813350787441776,55677
1029,client_resume,source_callback,1466,3362,813350787351776,813350787538234,186458,147291,0,39167,0,0,0,0,,
1029,client_resolve,client_worker,1466,3397,813350786689536,813350786786776,97240,97240,0,0,0,0,0,0,,
1029,client_register,client_worker,1466,3397,813350786786776,813350786836776,50000,50000,0,0,0,0,0,0,,
1029,client_encode,client_worker,1466,3397,813350786836776,813350786887088,50312,50312,0,0,0,0,0,0,,
1030,server_admission,receive_thread,3421,3473,813350787893234,813350788032609,139375,139375,0,0,0,0,0,0,,
1030,server_queue,target_worker,3421,3470,813350788032609,813350788147349,114740,35417,43542,35781,0,0,0,1,813350788068390,43542
1030,server_queue,source_binder,3421,3473,813350788032609,813350788147349,114740,114740,0,0,0,0,0,0,,
1030,client_resume,target_worker,1466,3397,813350788247609,813350788404849,157240,38125,48542,70573,0,0,0,1,813350788318182,48542
1030,client_resume,source_callback,1466,3362,813350788247609,813350788404849,157240,121510,0,35730,0,0,0,0,,
1030,client_resolve,client_worker,1466,3397,813350787611619,813350787706724,95105,95105,0,0,0,0,0,0,,
1030,client_register,client_worker,1466,3397,813350787706724,813350787746672,39948,39948,0,0,0,0,0,0,,
1030,client_encode,client_worker,1466,3397,813350787746672,813350787794797,48125,48125,0,0,0,0,0,0,,
1031,server_admission,receive_thread,3421,3473,813350788773859,813350788875890,102031,102031,0,0,0,0,0,0,,
1031,server_queue,target_worker,3421,3470,813350788875890,813350788976776,100886,32761,35468,32657,0,0,0,1,813350788908547,35468
1031,server_queue,source_binder,3421,3473,813350788875890,813350788976776,100886,89271,0,11615,0,0,0,0,,
1031,client_resume,target_worker,1466,3397,813350789107765,813350789272453,164688,40573,54167,69948,0,0,0,1,813350789177713,54167
1031,client_resume,source_callback,1466,3362,813350789107765,813350789272453,164688,121094,0,43594,0,0,0,0,,
1031,client_resolve,client_worker,1466,3397,813350788477140,813350788574536,97396,97396,0,0,0,0,0,0,,
1031,client_register,client_worker,1466,3397,813350788574536,813350788626203,51667,51667,0,0,0,0,0,0,,
1031,client_encode,client_worker,1466,3397,813350788626203,813350788680526,54323,54323,0,0,0,0,0,0,,
1032,server_admission,receive_thread,3421,3473,813350789608547,813350789705682,97135,97135,0,0,0,0,0,0,,
1032,server_queue,target_worker,3421,3470,813350789705682,813350789800369,94687,32708,33542,28437,0,0,0,1,813350789734119,33542
1032,server_queue,source_binder,3421,3473,813350789705682,813350789800369,94687,83385,0,11302,0,0,0,0,,
1032,client_resume,target_worker,1466,3397,813350789932401,813350790089640,157239,40573,40208,76458,0,0,0,1,813350790008859,40208
1032,client_resume,source_callback,1466,3362,813350789932401,813350790089640,157239,125573,0,31666,0,0,0,0,,
1032,client_resolve,client_worker,1466,3397,813350789344692,813350789434380,89688,89688,0,0,0,0,0,0,,
1032,client_register,client_worker,1466,3397,813350789434380,813350789474015,39635,39635,0,0,0,0,0,0,,
1032,client_encode,client_worker,1466,3397,813350789474015,813350789523442,49427,49427,0,0,0,0,0,0,,
1033,server_admission,receive_thread,3421,3473,813350790470213,813350790564432,94219,94219,0,0,0,0,0,0,,
1033,server_queue,target_worker,3421,3470,813350790564432,813350790666932,102500,35365,37708,29427,0,0,0,1,813350790593859,37708
1033,server_queue,source_binder,3421,3473,813350790564432,813350790666932,102500,83542,0,18958,0,0,0,0,,
1033,client_resume,target_worker,1466,3397,813350790790942,813350790946099,155157,40209,43958,70990,0,0,0,1,813350790861932,43958
1033,client_resume,source_callback,1466,3362,813350790790942,813350790946099,155157,120052,0,35105,0,0,0,0,,
1033,client_resolve,client_worker,1466,3397,813350790163651,813350790264797,101146,101146,0,0,0,0,0,0,,
1033,client_register,client_worker,1466,3397,813350790264797,813350790322869,58072,58072,0,0,0,0,0,0,,
1033,client_encode,client_worker,1466,3397,813350790322869,813350790373078,50209,50209,0,0,0,0,0,0,,
1034,server_admission,receive_thread,3421,3473,813350791320942,813350791425161,104219,104219,0,0,0,0,0,0,,
1034,server_queue,target_worker,3421,3470,813350791425161,813350791523494,98333,32968,36250,29115,0,0,0,1,813350791454276,36250
1034,server_queue,source_binder,3421,3473,813350791425161,813350791523494,98333,82031,0,16302,0,0,0,0,,
1034,client_resume,target_worker,1466,3397,813350791632817,813350791769484,136667,26354,44531,65782,0,0,0,1,813350791698599,44531
1034,client_resume,source_callback,1466,3362,813350791632817,813350791769484,136667,110313,0,26354,0,0,0,0,,
1034,client_resolve,client_worker,1466,3397,813350791022505,813350791120317,97812,97812,0,0,0,0,0,0,,
1034,client_register,client_worker,1466,3397,813350791120317,813350791165369,45052,45052,0,0,0,0,0,0,,
1034,client_encode,client_worker,1466,3397,813350791165369,813350791224119,58750,58750,0,0,0,0,0,0,,
1035,server_admission,receive_thread,3421,3473,813350792144119,813350792233807,89688,89688,0,0,0,0,0,0,,
1035,server_queue,target_worker,3421,3470,813350792233807,813350792336203,102396,31771,34740,35885,0,0,0,1,813350792269692,34740
1035,server_queue,source_binder,3421,3473,813350792233807,813350792336203,102396,90625,0,11771,0,0,0,0,,
1035,client_resume,target_worker,1466,3397,813350792449380,813350792595890,146510,40729,34896,70885,0,0,0,1,813350792520265,34896
1035,client_resume,source_callback,1466,3362,813350792449380,813350792595890,146510,133281,0,13229,0,0,0,0,,
1035,client_resolve,client_worker,1466,3397,813350791825109,813350791923182,98073,98073,0,0,0,0,0,0,,
1035,client_register,client_worker,1466,3397,813350791923182,813350791962817,39635,39635,0,0,0,0,0,0,,
1035,client_encode,client_worker,1466,3397,813350791962817,813350792039640,76823,76823,0,0,0,0,0,0,,
1036,server_admission,receive_thread,3421,3473,813350792952765,813350793041932,89167,89167,0,0,0,0,0,0,,
1036,server_queue,target_worker,3421,3470,813350793041932,813350793140786,98854,35000,35573,28281,0,0,0,1,813350793070213,35573
1036,server_queue,source_binder,3421,3473,813350793041932,813350793140786,98854,80365,0,18489,0,0,0,0,,
1036,client_resume,target_worker,1466,3397,813350793278286,813350793438078,159792,41042,51719,67031,0,0,0,1,813350793345317,51719
1036,client_resume,source_callback,1466,3362,813350793278286,813350793438078,159792,119167,0,40625,0,0,0,0,,
1036,client_resolve,client_worker,1466,3397,813350792666463,813350792763911,97448,97448,0,0,0,0,0,0,,
1036,client_register,client_worker,1466,3397,813350792763911,813350792802713,38802,38802,0,0,0,0,0,0,,
1036,client_encode,client_worker,1466,3397,813350792802713,813350792860578,57865,57865,0,0,0,0,0,0,,
1037,server_admission,receive_thread,3421,3473,813350793800682,813350793889067,88385,88385,0,0,0,0,0,0,,
1037,server_queue,target_worker,3421,3470,813350793889067,813350793987765,98698,34531,35208,28959,0,0,0,1,813350793918026,35208
1037,server_queue,source_binder,3421,3473,813350793889067,813350793987765,98698,79271,0,19427,0,0,0,0,,
1037,client_resume,target_worker,1466,3397,813350794098807,813350794255526,156719,39896,51406,65417,0,0,0,1,813350794164224,51406
1037,client_resume,source_callback,1466,3362,813350794098807,813350794255526,156719,116146,0,40573,0,0,0,0,,
1037,client_resolve,client_worker,1466,3397,813350793512505,813350793603807,91302,91302,0,0,0,0,0,0,,
1037,client_register,client_worker,1466,3397,813350793603807,813350793640578,36771,36771,0,0,0,0,0,0,,
1037,client_encode,client_worker,1466,3397,813350793640578,813350793703859,63281,63281,0,0,0,0,0,0,,
1038,server_admission,receive_thread,3421,3473,813350794634172,813350794717713,83541,83541,0,0,0,0,0,0,,
1038,server_queue,target_worker,3421,3470,813350794717713,813350794823963,106250,34271,32968,39011,0,0,0,1,813350794756724,32968
1038,server_queue,source_binder,3421,3473,813350794717713,813350794823963,106250,90573,0,15677,0,0,0,0,,
1038,client_resume,target_worker,1466,3397,813350794946307,813350795103078,156771,41094,44740,70937,0,0,0,1,813350795017244,44740
1038,client_resume,source_callback,1466,3362,813350794946307,813350795103078,156771,120052,0,36719,0,0,0,0,,
1038,client_resolve,client_worker,1466,3397,813350794330161,813350794420422,90261,90261,0,0,0,0,0,0,,
1038,client_register,client_worker,1466,3397,813350794420422,813350794507557,87135,87135,0,0,0,0,0,0,,
1038,client_encode,client_worker,1466,3397,813350794507557,813350794554901,47344,47344,0,0,0,0,0,0,,
1039,server_admission,receive_thread,3421,3473,813350795516307,813350795603286,86979,86979,0,0,0,0,0,0,,
1039,server_queue,target_worker,3421,3470,813350795603286,813350795709276,105990,35625,35782,34583,0,0,0,1,813350795637869,35782
1039,server_queue,source_binder,3421,3473,813350795603286,813350795709276,105990,88646,0,17344,0,0,0,0,,
1039,client_resume,target_worker,1466,3397,813350795823286,813350795985474,162188,40834,52604,68750,0,0,0,1,813350795892036,52604
1039,client_resume,source_callback,1466,3362,813350795823286,813350795985474,162188,120729,0,41459,0,0,0,0,,
1039,client_resolve,client_worker,1466,3397,813350795172974,813350795265369,92395,92395,0,0,0,0,0,0,,
1039,client_register,client_worker,1466,3397,813350795265369,813350795303494,38125,38125,0,0,0,0,0,0,,
1039,client_encode,client_worker,1466,3397,813350795303494,813350795373911,70417,70417,0,0,0,0,0,0,,
1040,server_admission,receive_thread,3421,3473,813350796408651,813350796491880,83229,83229,0,0,0,0,0,0,,
1040,server_queue,target_worker,3421,3470,813350796491880,813350796587974,96094,32813,35625,27656,0,0,0,1,813350796519536,35625
1040,server_queue,source_binder,3421,3473,813350796491880,813350796587974,96094,81979,0,14115,0,0,0,0,,
1040,client_resume,target_worker,1466,3397,813350796711047,813350796866307,155260,41146,44531,69583,0,0,0,1,813350796780630,44531
1040,client_resume,source_callback,1466,3362,813350796711047,813350796866307,155260,120260,0,35000,0,0,0,0,,
1040,client_resolve,client_worker,1466,3397,813350796058026,813350796229849,171823,171823,0,0,0,0,0,0,,
1040,client_register,client_worker,1466,3397,813350796229849,813350796271515,41666,41666,0,0,0,0,0,0,,
1040,client_encode,client_worker,1466,3397,813350796271515,813350796322817,51302,51302,0,0,0,0,0,0,,
1041,server_admission,receive_thread,3421,3473,813350797227036,813350797318078,91042,91042,0,0,0,0,0,0,,
1041,server_queue,target_worker,3421,3470,813350797318078,813350797420109,102031,35677,36146,30208,0,0,0,1,813350797348286,36146
1041,server_queue,source_binder,3421,3473,813350797318078,813350797420109,102031,84635,0,17396,0,0,0,0,,
1041,client_resume,target_worker,1466,3397,813350797536463,813350797697609,161146,40208,51563,69375,0,0,0,1,813350797605838,51563
1041,client_resume,source_callback,1466,3362,813350797536463,813350797697609,161146,120573,0,40573,0,0,0,0,,
1041,client_resolve,client_worker,1466,3397,813350796938651,813350797032974,94323,94323,0,0,0,0,0,0,,
1041,client_register,client_worker,1466,3397,813350797032974,813350797071047,38073,38073,0,0,0,0,0,0,,
1041,client_encode,client_worker,1466,3397,813350797071047,813350797120890,49843,49843,0,0,0,0,0,0,,
1042,server_admission,receive_thread,3421,3473,813350798049067,813350798140422,91355,91355,0,0,0,0,0,0,,
1042,server_queue,target_worker,3421,3470,813350798140422,813350798239640,99218,32031,37135,30052,0,0,0,1,813350798170474,37135
1042,server_queue,source_binder,3421,3473,813350798140422,813350798239640,99218,86093,0,13125,0,0,0,0,,
1042,client_resume,target_worker,1466,3397,813350798368182,813350798534484,166302,40417,46770,79115,0,0,0,1,813350798447297,46770
1042,client_resume,source_callback,1466,3362,813350798368182,813350798534484,166302,130417,0,35885,0,0,0,0,,
1042,client_resolve,client_worker,1466,3397,813350797768807,813350797863703,94896,94896,0,0,0,0,0,0,,
1042,client_register,client_worker,1466,3397,813350797863703,813350797900265,36562,36562,0,0,0,0,0,0,,
1042,client_encode,client_worker,1466,3397,813350797900265,813350797958703,58438,58438,0,0,0,0,0,0,,
1043,server_admission,receive_thread,3421,3473,813350798898755,813350799001515,102760,102760,0,0,0,0,0,0,,
1043,server_queue,target_worker,3421,3470,813350799001515,813350799104744,103229,35520,36094,31615,0,0,0,1,813350799033130,36094
1043,server_queue,source_binder,3421,3473,813350799001515,813350799104744,103229,84844,0,18385,0,0,0,0,,
1043,client_resume,target_worker,1466,3397,813350799220057,813350799379484,159427,41146,49166,69115,0,0,0,1,813350799289172,49166
1043,client_resume,source_callback,1466,3362,813350799220057,813350799379484,159427,116979,0,42448,0,0,0,0,,
1043,client_resolve,client_worker,1466,3397,813350798608286,813350798702505,94219,94219,0,0,0,0,0,0,,
1043,client_register,client_worker,1466,3397,813350798702505,813350798745786,43281,43281,0,0,0,0,0,0,,
1043,client_encode,client_worker,1466,3397,813350798745786,813350798806307,60521,60521,0,0,0,0,0,0,,
1044,server_admission,receive_thread,3421,3473,813350799756880,813350799849901,93021,93021,0,0,0,0,0,0,,
1044,server_queue,target_worker,3421,3470,813350799849901,813350799951619,101718,33541,36927,31250,0,0,0,1,813350799881151,36927
1044,server_queue,source_binder,3421,3473,813350799849901,813350799951619,101718,86614,0,15104,0,0,0,0,,
1044,client_resume,target_worker,1466,3397,813350800065838,813350800247609,181771,39635,47084,95052,0,0,0,1,813350800160890,47084
1044,client_resume,source_callback,1466,3362,813350800065838,813350800247609,181771,142344,0,39427,0,0,0,0,,
1044,client_resolve,client_worker,1466,3397,813350799468026,813350799560994,92968,92968,0,0,0,0,0,0,,
1044,client_register,client_worker,1466,3397,813350799560994,813350799603338,42344,42344,0,0,0,0,0,0,,
1044,client_encode,client_worker,1466,3397,813350799603338,813350799664797,61459,61459,0,0,0,0,0,0,,
1045,server_admission,receive_thread,3421,3473,813350800592036,813350800684849,92813,92813,0,0,0,0,0,0,,
1045,server_queue,target_worker,3421,3470,813350800684849,813350800782817,97968,33750,34427,29791,0,0,0,1,813350800714640,34427
1045,server_queue,source_binder,3421,3473,813350800684849,813350800782817,97968,80000,0,17968,0,0,0,0,,
1045,client_resume,target_worker,1466,3397,813350800893442,813350801052922,159480,40521,52657,66302,0,0,0,1,813350800959744,52657
1045,client_resume,source_callback,1466,3362,813350800893442,813350801052922,159480,117240,0,42240,0,0,0,0,,
1045,client_resolve,client_worker,1466,3397,813350800318651,813350800409276,90625,90625,0,0,0,0,0,0,,
1045,client_register,client_worker,1466,3397,813350800409276,813350800447453,38177,38177,0,0,0,0,0,0,,
1045,client_encode,client_worker,1466,3397,813350800447453,813350800505838,58385,58385,0,0,0,0,0,0,,
1046,server_admission,receive_thread,3421,3473,813350801423234,813350801510265,87031,87031,0,0,0,0,0,0,,
1046,server_queue,target_worker,3421,3470,813350801510265,813350801608651,98386,35052,33386,29948,0,0,0,1,813350801540213,33386
1046,server_queue,source_binder,3421,3473,813350801510265,813350801608651,98386,79844,0,18542,0,0,0,0,,
1046,client_resume,target_worker,1466,3397,813350801719797,813350801880578,160781,41406,52969,66406,0,0,0,1,813350801786203,52969
1046,client_resume,source_callback,1466,3362,813350801719797,813350801880578,160781,118541,0,42240,0,0,0,0,,
1046,client_resolve,client_worker,1466,3397,813350801135734,813350801233547,97813,97813,0,0,0,0,0,0,,
1046,client_register,client_worker,1466,3397,813350801233547,813350801274640,41093,41093,0,0,0,0,0,0,,
1046,client_encode,client_worker,1466,3397,813350801274640,813350801331047,56407,56407,0,0,0,0,0,0,,
1047,server_admission,receive_thread,3421,3473,813350802230265,813350802353963,123698,123698,0,0,0,0,0,0,,
1047,server_queue,target_worker,3421,3470,813350802353963,813350802452869,98906,34010,34323,30573,0,0,0,1,813350802384536,34323
1047,server_queue,source_binder,3421,3473,813350802353963,813350802452869,98906,82813,0,16093,0,0,0,0,,
1047,client_resume,target_worker,1466,3397,813350802578651,813350802725317,146666,38750,40000,67916,0,0,0,1,813350802646567,40000
1047,client_resume,source_callback,1466,3362,813350802578651,813350802725317,146666,115677,0,30989,0,0,0,0,,
1047,client_resolve,client_worker,1466,3397,813350801951724,813350802044380,92656,92656,0,0,0,0,0,0,,
1047,client_register,client_worker,1466,3397,813350802044380,813350802087557,43177,43177,0,0,0,0,0,0,,
1047,client_encode,client_worker,1466,3397,813350802087557,813350802143547,55990,55990,0,0,0,0,0,0,,
1048,server_admission,receive_thread,3421,3473,813350803089172,813350803225994,136822,136822,0,0,0,0,0,0,,
1048,server_queue,target_worker,3421,3470,813350803225994,813350803319067,93073,31770,30469,30834,0,0,0,1,813350803256828,30469
1048,server_queue,source_binder,3421,3473,813350803225994,813350803319067,93073,83125,0,9948,0,0,0,0,,
1048,client_resume,target_worker,1466,3397,813350803533859,813350803746099,212240,46250,68230,97760,0,0,0,1,813350803631619,68230
1048,client_resume,source_callback,1466,3362,813350803533859,813350803746099,212240,186563,0,25677,0,0,0,0,,
1048,client_resolve,client_worker,1466,3397,813350802797557,813350802901776,104219,104219,0,0,0,0,0,0,,
1048,client_register,client_worker,1466,3397,813350802901776,813350802939276,37500,37500,0,0,0,0,0,0,,
1048,client_encode,client_worker,1466,3397,813350802939276,813350802993130,53854,53854,0,0,0,0,0,0,,
1049,server_admission,receive_thread,3421,3473,813350804248234,813350804358703,110469,110469,0,0,0,0,0,0,,
1049,server_queue,target_worker,3421,3470,813350804358703,813350804473494,114791,43385,37083,34323,0,0,0,1,813350804393026,37083
1049,server_queue,source_binder,3421,3473,813350804358703,813350804473494,114791,92396,0,22395,0,0,0,0,,
1049,client_resume,target_worker,1466,3397,813350804624536,813350804831255,206719,43594,76771,86354,0,0,0,1,813350804710890,76771
1049,client_resume,source_callback,1466,3362,813350804624536,813350804831255,206719,163125,0,43594,0,0,0,0,,
1049,client_resolve,client_worker,1466,3397,813350803837140,813350803959224,122084,122084,0,0,0,0,0,0,,
1049,client_register,client_worker,1466,3397,813350803959224,813350804012349,53125,53125,0,0,0,0,0,0,,
1049,client_encode,client_worker,1466,3397,813350804012349,813350804085994,73645,73645,0,0,0,0,0,0,,
1050,server_admission,receive_thread,3421,3473,813350805200578,813350805290786,90208,90208,0,0,0,0,0,0,,
1050,server_queue,target_worker,3421,3470,813350805290786,813350805388547,97761,29948,33750,34063,0,0,0,1,813350805324849,33750
1050,server_queue,source_binder,3421,3473,813350805290786,813350805388547,97761,84427,0,13334,0,0,0,0,,
1050,client_resume,target_worker,1466,3397,813350805505109,813350805673026,167917,37813,53750,76354,0,0,0,1,813350805581463,53750
1050,client_resume,source_callback,1466,3362,813350805505109,813350805673026,167917,143490,0,24427,0,0,0,0,,
1050,client_resolve,client_worker,1466,3397,813350804902036,813350805016203,114167,114167,0,0,0,0,0,0,,
1050,client_register,client_worker,1466,3397,813350805016203,813350805059692,43489,43489,0,0,0,0,0,0,,
1050,client_encode,client_worker,1466,3397,813350805059692,813350805110630,50938,50938,0,0,0,0,0,0,,
