requestId,direction,flowId,transactionId,srcPid,srcTid,dstPid,dstTid,code,flags,stageBeforeKernelNs,kernelSendToReceiveNs,kernelToStageAfterNs,receiverRunningNs,receiverRunnableNs,receiverSleepNs,receiverOtherNs,receiverUncoveredNs
51,request,3446,115554827,1466,3397,3421,3473,0x0a Java Layer Dependent,"0x11 this is a one-way call: async, no return; allow replies with file descriptors; ",50885,53802,28333,3490,34947,15365,0,0
51,reply,3448,115554829,3421,3468,1466,3362,0x01 Java Layer Dependent,"0x11 this is a one-way call: async, no return; allow replies with file descriptors; ",37292,49062,30573,3906,35677,9479,0,0
52,request,3450,115554834,1466,3397,3421,3473,0x0a Java Layer Dependent,"0x11 this is a one-way call: async, no return; allow replies with file descriptors; ",30937,44167,26041,4271,27188,12708,0,0
52,reply,3454,115554838,3421,3468,1466,3362,0x01 Java Layer Dependent,"0x11 this is a one-way call: async, no return; allow replies with file descriptors; ",28282,41041,29271,4323,29427,7291,0,0
53,request,3455,115554839,1466,3397,3421,3473,0x0a Java Layer Dependent,"0x11 this is a one-way call: async, no return; allow replies with file descriptors; ",35938,39531,17552,1719,26302,11510,0,0
53,reply,3456,115554840,3421,3468,1466,3362,0x01 Java Layer Dependent,"0x11 this is a one-way call: async, no return; allow replies with file descriptors; ",26718,39740,16719,2187,29532,8021,0,0
54,request,3458,115554842,1466,3397,3421,3473,0x0a Java Layer Dependent,"0x11 this is a one-way call: async, no return; allow replies with file descriptors; ",35781,37864,15782,1875,26562,9427,0,0
54,reply,3459,115554843,3421,3468,1466,3362,0x01 Java Layer Dependent,"0x11 this is a one-way call: async, no return; allow replies with file descriptors; ",29583,39687,15730,2708,27656,9323,0,0
55,request,3460,115554844,1466,3397,3421,3473,0x0a Java Layer Dependent,"0x11 this is a one-way call: async, no return; allow replies with file descriptors; ",37187,42292,21719,2761,28854,10677,0,0
55,reply,3461,115554845,3421,3468,1466,3362,0x01 Java Layer Dependent,"0x11 this is a one-way call: async, no return; allow replies with file descriptors; ",24584,36770,20886,2760,27656,6354,0,0
56,request,3462,115554846,1466,3397,3421,3473,0x0a Java Layer Dependent,"0x11 this is a one-way call: async, no return; allow replies with file descriptors; ",33282,38437,16458,1979,25417,11041,0,0
56,reply,3463,115554847,3421,3468,1466,3362,0x01 Java Layer Dependent,"0x11 this is a one-way call: async, no return; allow replies with file descriptors; ",27083,40364,17084,2135,30052,8177,0,0
57,request,3464,115554848,1466,3397,3421,3473,0x0a Java Layer Dependent,"0x11 this is a one-way call: async, no return; allow replies with file descriptors; ",35573,33177,15156,1563,22864,8750,0,0
57,reply,3465,115554849,3421,3468,1466,3362,0x01 Java Layer Dependent,"0x11 this is a one-way call: async, no return; allow replies with file descriptors; ",25729,180573,25417,4791,168073,7709,0,0
58,request,3467,115554851,1466,3397,3421,3473,0x0a Java Layer Dependent,"0x11 this is a one-way call: async, no return; allow replies with file descriptors; ",35208,38594,19895,2500,26719,9375,0,0
58,reply,3468,115554852,3421,3468,1466,3362,0x01 Java Layer Dependent,"0x11 this is a one-way call: async, no return; allow replies with file descriptors; ",68073,92083,25313,46927,35729,9427,0,0
59,request,3469,115554854,1466,3397,3421,3473,0x0a Java Layer Dependent,"0x11 this is a one-way call: async, no return; allow replies with file descriptors; ",27291,28282,26614,2448,18230,7604,0,0
59,reply,3471,115554856,3421,3468,1466,3362,0x01 Java Layer Dependent,"0x11 this is a one-way call: async, no return; allow replies with file descriptors; ",24792,35573,18750,2813,26458,6302,0,0
60,request,3474,115554861,1466,3397,3421,3473,0x0a Java Layer Dependent,"0x11 this is a one-way call: async, no return; allow replies with file descriptors; ",26563,57083,25833,3802,46510,6771,0,0
60,reply,3477,115554866,3421,3468,1466,3362,0x01 Java Layer Dependent,"0x11 this is a one-way call: async, no return; allow replies with file descriptors; ",22239,40886,24323,5521,27396,7969,0,0
61,request,3480,115554870,1466,3397,3421,3473,0x0a Java Layer Dependent,"0x11 this is a one-way call: async, no return; allow replies with file descriptors; ",27500,41354,21198,2343,28959,10052,0,0
61,reply,3481,115554871,3421,3468,1466,3362,0x01 Java Layer Dependent,"0x11 this is a one-way call: async, no return; allow replies with file descriptors; ",26667,37135,15886,2344,25989,8802,0,0
62,request,3483,115554873,1466,3397,3421,3473,0x0a Java Layer Dependent,"0x11 this is a one-way call: async, no return; allow replies with file descriptors; ",37761,34010,16406,2083,20782,11145,0,0
62,reply,3484,115554874,3421,3468,1466,3362,0x01 Java Layer Dependent,"0x11 this is a one-way call: async, no return; allow replies with file descriptors; ",24323,31511,15156,2396,23281,5834,0,0
63,request,3485,115554875,1466,3397,3421,3473,0x0a Java Layer Dependent,"0x11 this is a one-way call: async, no return; allow replies with file descriptors; ",30000,33594,16927,1875,22969,8750,0,0
63,reply,3486,115554876,3421,3468,1466,3362,0x01 Java Layer Dependent,"0x11 this is a one-way call: async, no return; allow replies with file descriptors; ",22344,28959,15208,2032,20260,6667,0,0
64,request,3487,115554877,1466,3397,3421,3473,0x0a Java Layer Dependent,"0x11 this is a one-way call: async, no return; allow replies with file descriptors; ",31511,31718,16198,1562,20834,9322,0,0
64,reply,3488,115554878,3421,3468,1466,3362,0x01 Java Layer Dependent,"0x11 this is a one-way call: async, no return; allow replies with file descriptors; ",28281,34428,16093,1980,24270,8178,0,0
65,request,3489,115554879,1466,3397,3421,3473,0x0a Java Layer Dependent,"0x11 this is a one-way call: async, no return; allow replies with file descriptors; ",29114,30209,17604,2188,21615,6406,0,0
65,reply,3490,115554880,3421,3468,1466,3362,0x01 Java Layer Dependent,"0x11 this is a one-way call: async, no return; allow replies with file descriptors; ",24063,29739,15417,1927,21458,6354,0,0
66,request,3491,115554881,1466,3397,3421,3473,0x0a Java Layer Dependent,"0x11 this is a one-way call: async, no return; allow replies with file descriptors; ",29010,34219,16146,1719,23073,9427,0,0
66,reply,3492,115554882,3421,3468,1466,3362,0x01 Java Layer Dependent,"0x11 this is a one-way call: async, no return; allow replies with file descriptors; ",23594,32136,19479,2553,23281,6302,0,0
67,request,3493,115554883,1466,3397,3421,3473,0x0a Java Layer Dependent,"0x11 this is a one-way call: async, no return; allow replies with file descriptors; ",125261,51146,28073,5157,34114,11875,0,0
67,reply,3495,115554885,3421,3468,1466,3362,0x01 Java Layer Dependent,"0x11 this is a one-way call: async, no return; allow replies with file descriptors; ",31719,35156,20052,2187,25834,7135,0,0
68,request,3496,115554887,1466,3397,3421,3473,0x0a Java Layer Dependent,"0x11 this is a one-way call: async, no return; allow replies with file descriptors; ",31093,41563,25677,3490,30468,7605,0,0
68,reply,3497,115554888,3421,3468,1466,3362,0x01 Java Layer Dependent,"0x11 this is a one-way call: async, no return; allow replies with file descriptors; ",28333,41510,29844,4948,30677,5885,0,0
69,request,3499,115554891,1466,3397,3421,3473,0x0a Java Layer Dependent,"0x11 this is a one-way call: async, no return; allow replies with file descriptors; ",27500,37500,25209,3593,25990,7917,0,0
69,reply,3502,115554893,3421,3468,1466,3362,0x01 Java Layer Dependent,"0x11 this is a one-way call: async, no return; allow replies with file descriptors; ",25521,172343,27032,4791,160573,6979,0,0
70,request,3505,115554899,1466,3397,3421,3473,0x0a Java Layer Dependent,"0x11 this is a one-way call: async, no return; allow replies with file descriptors; ",35989,44844,21354,1875,32813,10156,0,0
70,reply,3506,115554900,3421,3468,1466,3362,0x01 Java Layer Dependent,"0x11 this is a one-way call: async, no return; allow replies with file descriptors; ",31458,45052,26615,3645,33073,8334,0,0
71,request,3508,115554902,1466,3397,3421,3473,0x0a Java Layer Dependent,"0x11 this is a one-way call: async, no return; allow replies with file descriptors; ",42500,41875,29167,4166,26979,10730,0,0
71,reply,3509,115554903,3421,3468,1466,3362,0x01 Java Layer Dependent,"0x11 this is a one-way call: async, no return; allow replies with file descriptors; ",29739,47604,29375,4427,34635,8542,0,0
72,request,3510,115554904,1466,3397,3421,3473,0x0a Java Layer Dependent,"0x11 this is a one-way call: async, no return; allow replies with file descriptors; ",33594,36510,17761,1562,25052,9896,0,0
72,reply,3511,115554905,3421,3468,1466,3362,0x01 Java Layer Dependent,"0x11 this is a one-way call: async, no return; allow replies with file descriptors; ",27604,41666,15209,2031,29323,10312,0,0
73,request,3512,115554906,1466,3397,3421,3473,0x0a Java Layer Dependent,"0x11 this is a one-way call: async, no return; allow replies with file descriptors; ",28698,39167,15937,1459,28125,9583,0,0
73,reply,3513,115554907,3421,3468,1466,3362,0x01 Java Layer Dependent,"0x11 this is a one-way call: async, no return; allow replies with file descriptors; ",25781,41250,17396,3073,30313,7864,0,0
74,request,3514,115554908,1466,3397,3421,3473,0x0a Java Layer Dependent,"0x11 this is a one-way call: async, no return; allow replies with file descriptors; ",29062,36198,14844,1510,25781,8907,0,0
74,reply,3515,115554909,3421,3468,1466,3362,0x01 Java Layer Dependent,"0x11 this is a one-way call: async, no return; allow replies with file descriptors; ",37188,109166,38438,5104,96771,7291,0,0
75,request,3516,115554911,1466,3397,3421,3473,0x0a Java Layer Dependent,"0x11 this is a one-way call: async, no return; allow replies with file descriptors; ",57448,28854,15157,1510,18333,9011,0,0
75,reply,3518,115554913,3421,3468,1466,3362,0x01 Java Layer Dependent,"0x11 this is a one-way call: async, no return; allow replies with file descriptors; ",23437,35990,14739,2240,26094,7656,0,0
76,request,3519,115554914,1466,3397,3421,3473,0x0a Java Layer Dependent,"0x11 this is a one-way call: async, no return; allow replies with file descriptors; ",45313,38906,17292,1927,26302,10677,0,0
76,reply,3521,115554917,3421,3468,1466,3362,0x01 Java Layer Dependent,"0x11 this is a one-way call: async, no return; allow replies with file descriptors; ",22500,70416,21303,31458,32864,6094,0,0
77,request,3523,115554919,1466,3397,3421,3473,0x0a Java Layer Dependent,"0x11 this is a one-way call: async, no return; allow replies with file descriptors; ",34375,36927,15313,1719,28177,7031,0,0
77,reply,3525,115554922,3421,3468,1466,3362,0x01 Java Layer Dependent,"0x11 this is a one-way call: async, no return; allow replies with file descriptors; ",26459,29583,19479,2552,21615,5416,0,0
78,request,3528,115554926,1466,3397,3421,3473,0x0a Java Layer Dependent,"0x11 this is a one-way call: async, no return; allow replies with file descriptors; ",30469,37761,15520,1875,26146,9740,0,0
78,reply,3529,115554927,3421,3468,1466,3362,0x01 Java Layer Dependent,"0x11 this is a one-way call: async, no return; allow replies with file descriptors; ",23646,34375,15208,2136,23958,8281,0,0
79,request,3530,115554929,1466,3397,3421,3473,0x0a Java Layer Dependent,"0x11 this is a one-way call: async, no return; allow replies with file descriptors; ",31406,38021,16041,1875,24375,11771,0,0
79,reply,3532,115554930,3421,3468,1466,3362,0x01 Java Layer Dependent,"0x11 this is a one-way call: async, no return; allow replies with file descriptors; ",22708,31406,14740,2343,23125,5938,0,0
80,request,3533,115554931,1466,3397,3421,3473,0x0a Java Layer Dependent,"0x11 this is a one-way call: async, no return; allow replies with file descriptors; ",24062,33282,16875,1719,25469,6094,0,0
80,reply,3534,115554932,3421,3468,1466,3362,0x01 Java Layer Dependent,"0x11 this is a one-way call: async, no return; allow replies with file descriptors; ",25469,32031,14792,1927,24115,5989,0,0
81,request,3535,115554933,1466,3397,3421,3473,0x0a Java Layer Dependent,"0x11 this is a one-way call: async, no return; allow replies with file descriptors; ",25730,31197,16303,1562,22969,6666,0,0
81,reply,3536,115554934,3421,3468,1466,3362,0x01 Java Layer Dependent,"0x11 this is a one-way call: async, no return; allow replies with file descriptors; ",21198,33125,15052,2032,24947,6146,0,0
82,request,3537,115554935,1466,3397,3421,3473,0x0a Java Layer Dependent,"0x11 this is a one-way call: async, no return; allow replies with file descriptors; ",26406,31511,17812,1719,22760,7032,0,0
82,reply,3538,115554936,3421,3468,1466,3362,0x01 Java Layer Dependent,"0x11 this is a one-way call: async, no return; allow replies with file descriptors; ",21355,33802,15573,1927,24636,7239,0,0
83,request,3539,115554937,1466,3397,3421,3473,0x0a Java Layer Dependent,"0x11 this is a one-way call: async, no return; allow replies with file descriptors; ",25365,29427,16719,1510,22344,5573,0,0
83,reply,3540,115554938,3421,3468,1466,3362,0x01 Java Layer Dependent,"0x11 this is a one-way call: async, no return; allow replies with file descriptors; ",22969,34271,16198,1979,26771,5521,0,0
84,request,3541,115554939,1466,3397,3421,3473,0x0a Java Layer Dependent,"0x11 this is a one-way call: async, no return; allow replies with file descriptors; ",28855,33593,15834,1875,25468,6250,0,0
84,reply,3543,115554941,3421,3468,1466,3362,0x01 Java Layer Dependent,"0x11 this is a one-way call: async, no return; allow replies with file descriptors; ",22188,36146,16823,2188,28073,5885,0,0
85,request,3544,115554943,1466,3397,3421,3473,0x0a Java Layer Dependent,"0x11 this is a one-way call: async, no return; allow replies with file descriptors; ",25469,28958,14219,1875,21406,5677,0,0
85,reply,3545,115554944,3421,3468,1466,3362,0x01 Java Layer Dependent,"0x11 this is a one-way call: async, no return; allow replies with file descriptors; ",20677,33646,17708,1719,26146,5781,0,0
86,request,3547,115554947,1466,3397,3421,3473,0x0a Java Layer Dependent,"0x11 this is a one-way call: async, no return; allow replies with file descriptors; ",32031,34896,15000,1511,23333,10052,0,0
86,reply,3548,115554948,3421,3468,1466,3362,0x01 Java Layer Dependent,"0x11 this is a one-way call: async, no return; allow replies with file descriptors; ",25209,93073,13541,1928,81927,9218,0,0
87,request,3550,115554950,1466,3397,3421,3473,0x0a Java Layer Dependent,"0x11 this is a one-way call: async, no return; allow replies with file descriptors; ",28229,34740,24948,3125,22760,8855,0,0
87,reply,3553,115554954,3421,3468,1466,3362,0x01 Java Layer Dependent,"0x11 this is a one-way call: async, no return; allow replies with file descriptors; ",23594,39062,23334,3645,26771,8646,0,0
88,request,3555,115554957,1466,3397,3421,3473,0x0a Java Layer Dependent,"0x11 this is a one-way call: async, no return; allow replies with file descriptors; ",41354,36458,20000,1823,24948,9687,0,0
88,reply,3556,115554958,3421,3468,1466,3362,0x01 Java Layer Dependent,"0x11 this is a one-way call: async, no return; allow replies with file descriptors; ",25156,37292,14635,2396,24844,10052,0,0
89,request,3557,115554960,1466,3397,3421,3473,0x0a Java Layer Dependent,"0x11 this is a one-way call: async, no return; allow replies with file descriptors; ",38021,42447,17396,2395,27865,12187,0,0
89,reply,3559,115554961,3421,3468,1466,3362,0x01 Java Layer Dependent,"0x11 this is a one-way call: async, no return; allow replies with file descriptors; ",21979,31094,15625,2188,22396,6510,0,0
90,request,3560,115554962,1466,3397,3421,3473,0x0a Java Layer Dependent,"0x11 this is a one-way call: async, no return; allow replies with file descriptors; ",25365,32969,17291,1875,24167,6927,0,0
90,reply,3561,115554963,3421,3468,1466,3362,0x01 Java Layer Dependent,"0x11 this is a one-way call: async, no return; allow replies with file descriptors; ",25261,32343,10886,2239,22813,7291,0,0
91,request,3562,115554964,1466,3397,3421,3473,0x0a Java Layer Dependent,"0x11 this is a one-way call: async, no return; allow replies with file descriptors; ",25625,40677,25938,2968,32084,5625,0,0
91,reply,3563,115554965,3421,3468,1466,3362,0x01 Java Layer Dependent,"0x11 this is a one-way call: async, no return; allow replies with file descriptors; ",25469,33593,14219,2135,24167,7291,0,0
92,request,3564,115554966,1466,3397,3421,3473,0x0a Java Layer Dependent,"0x11 this is a one-way call: async, no return; allow replies with file descriptors; ",24792,29011,15260,1823,20313,6875,0,0
92,reply,3565,115554967,3421,3468,1466,3362,0x01 Java Layer Dependent,"0x11 this is a one-way call: async, no return; allow replies with file descriptors; ",22865,34479,15469,1927,26511,6041,0,0
93,request,3566,115554968,1466,3397,3421,3473,0x0a Java Layer Dependent,"0x11 this is a one-way call: async, no return; allow replies with file descriptors; ",67500,39427,15052,1823,27083,10521,0,0
93,reply,3567,115554969,3421,3468,1466,3362,0x01 Java Layer Dependent,"0x11 this is a one-way call: async, no return; allow replies with file descriptors; ",25781,178281,29636,5833,163646,8802,0,0
94,request,3569,115554971,1466,3397,3421,3473,0x0a Java Layer Dependent,"0x11 this is a one-way call: async, no return; allow replies with file descriptors; ",33385,36563,14010,1615,24427,10521,0,0
94,reply,3570,115554972,3421,3468,1466,3362,0x01 Java Layer Dependent,"0x11 this is a one-way call: async, no return; allow replies with file descriptors; ",27187,47292,24010,3490,34062,9740,0,0
95,request,3571,115554973,1466,3397,3421,3473,0x0a Java Layer Dependent,"0x11 this is a one-way call: async, no return; allow replies with file descriptors; ",31667,38854,14167,1614,25157,12083,0,0
95,reply,3572,115554975,3421,3468,1466,3362,0x01 Java Layer Dependent,"0x11 this is a one-way call: async, no return; allow replies with file descriptors; ",44740,41094,27760,4011,30000,7083,0,0
96,request,3573,115554976,1466,3397,3421,3473,0x0a Java Layer Dependent,"0x11 this is a one-way call: async, no return; allow replies with file descriptors; ",31406,45937,27344,3646,31406,10885,0,0
96,reply,3577,115554979,3421,3468,1466,3362,0x01 Java Layer Dependent,"0x11 this is a one-way call: async, no return; allow replies with file descriptors; ",30573,425156,111979,6146,410521,8489,0,0
97,request,3580,115554986,1466,3397,3421,3473,0x0a Java Layer Dependent,"0x11 this is a one-way call: async, no return; allow replies with file descriptors; ",31614,49792,22188,3385,36511,9896,0,0
97,reply,3581,115554987,3421,3468,1466,3362,0x01 Java Layer Dependent,"0x11 this is a one-way call: async, no return; allow replies with file descriptors; ",35260,42865,22031,2188,30937,9740,0,0
98,request,3582,115554988,1466,3397,3421,3473,0x0a Java Layer Dependent,"0x11 this is a one-way call: async, no return; allow replies with file descriptors; ",44896,40989,16302,1979,26927,12083,0,0
98,reply,3583,115554989,3421,3468,1466,3362,0x01 Java Layer Dependent,"0x11 this is a one-way call: async, no return; allow replies with file descriptors; ",31406,38125,12031,1563,27656,8906,0,0
99,request,3584,115554990,1466,3397,3421,3473,0x0a Java Layer Dependent,"0x11 this is a one-way call: async, no return; allow replies with file descriptors; ",31458,41823,15052,1979,28021,11823,0,0
99,reply,3585,115554991,3421,3468,1466,3362,0x01 Java Layer Dependent,"0x11 this is a one-way call: async, no return; allow replies with file descriptors; ",26875,34948,14896,2031,24480,8437,0,0
100,request,3586,115554993,1466,3397,3421,3473,0x0a Java Layer Dependent,"0x11 this is a one-way call: async, no return; allow replies with file descriptors; ",28073,31250,15000,2292,21823,7135,0,0
100,reply,3588,115554994,3421,3468,1466,3362,0x01 Java Layer Dependent,"0x11 this is a one-way call: async, no return; allow replies with file descriptors; ",29115,38750,14010,1927,26719,10104,0,0
101,request,3589,115554995,1466,3397,3421,3473,0x0a Java Layer Dependent,"0x11 this is a one-way call: async, no return; allow replies with file descriptors; ",28542,35156,15365,1875,22448,10833,0,0
101,reply,3590,115554996,3421,3468,1466,3362,0x01 Java Layer Dependent,"0x11 this is a one-way call: async, no return; allow replies with file descriptors; ",23385,54219,15677,1875,45886,6458,0,0
102,request,3592,115554999,1466,3397,3421,3473,0x0a Java Layer Dependent,"0x11 this is a one-way call: async, no return; allow replies with file descriptors; ",26146,33541,14896,1614,24219,7708,0,0
102,reply,3593,115555000,3421,3468,1466,3362,0x01 Java Layer Dependent,"0x11 this is a one-way call: async, no return; allow replies with file descriptors; ",23593,30782,13698,2188,22396,6198,0,0
103,request,3595,115555004,1466,3397,3421,3473,0x0a Java Layer Dependent,"0x11 this is a one-way call: async, no return; allow replies with file descriptors; ",44375,64844,19063,2344,50052,12448,0,0
103,reply,3596,115555005,3421,3468,1466,3362,0x01 Java Layer Dependent,"0x11 this is a one-way call: async, no return; allow replies with file descriptors; ",24219,55052,27396,3125,45729,6198,0,0
104,request,3598,115555008,1466,3397,3421,3473,0x0a Java Layer Dependent,"0x11 this is a one-way call: async, no return; allow replies with file descriptors; ",23906,41563,14843,15365,18698,7500,0,0
104,reply,3601,115555012,3421,3468,1466,3362,0x01 Java Layer Dependent,"0x11 this is a one-way call: async, no return; allow replies with file descriptors; ",21562,42605,15729,2084,34687,5834,0,0
105,request,3602,115555013,1466,3397,3421,3473,0x0a Java Layer Dependent,"0x11 this is a one-way call: async, no return; allow replies with file descriptors; ",38541,35625,16927,1927,25208,8490,0,0
105,reply,3604,115555014,3421,3468,1466,3362,0x01 Java Layer Dependent,"0x11 this is a one-way call: async, no return; allow replies with file descriptors; ",25313,33645,19792,2187,25417,6041,0,0
106,request,3605,115555015,1466,3397,3421,3473,0x0a Java Layer Dependent,"0x11 this is a one-way call: async, no return; allow replies with file descriptors; ",34271,43177,15260,1615,34062,7500,0,0
106,reply,3606,115555016,3421,3468,1466,3362,0x01 Java Layer Dependent,"0x11 this is a one-way call: async, no return; allow replies with file descriptors; ",19428,265000,32343,4219,255729,5052,0,0
107,request,3607,115555018,1466,3397,3421,3473,0x0a Java Layer Dependent,"0x11 this is a one-way call: async, no return; allow replies with file descriptors; ",46094,95416,25625,3593,77552,14271,0,0
107,reply,3609,115555019,3421,3468,1466,3362,0x01 Java Layer Dependent,"0x11 this is a one-way call: async, no return; allow replies with file descriptors; ",25053,41302,23437,3073,30729,7500,0,0
108,request,3610,115555020,1466,3397,3421,3473,0x0a Java Layer Dependent,"0x11 this is a one-way call: async, no return; allow replies with file descriptors; ",47864,36615,18125,1875,24011,10729,0,0
108,reply,3611,115555021,3421,3468,1466,3362,0x01 Java Layer Dependent,"0x11 this is a one-way call: async, no return; allow replies with file descriptors; ",25781,65885,23542,3177,55885,6823,0,0
109,request,3613,115555023,1466,3397,3421,3473,0x0a Java Layer Dependent,"0x11 this is a one-way call: async, no return; allow replies with file descriptors; ",29219,34739,13854,1771,25052,7916,0,0
109,reply,3614,115555025,3421,3468,1466,3362,0x01 Java Layer Dependent,"0x11 this is a one-way call: async, no return; allow replies with file descriptors; ",24948,30938,15208,2083,22344,6511,0,0
110,request,3616,115555027,1466,3397,3421,3473,0x0a Java Layer Dependent,"0x11 this is a one-way call: async, no return; allow replies with file descriptors; ",79167,28072,14532,1718,17865,8489,0,0
110,reply,3617,115555029,3421,3468,1466,3362,0x01 Java Layer Dependent,"0x11 this is a one-way call: async, no return; allow replies with file descriptors; ",20521,28750,13906,2240,21510,5000,0,0
111,request,3619,115555031,1466,3397,3421,3473,0x0a Java Layer Dependent,"0x11 this is a one-way call: async, no return; allow replies with file descriptors; ",35156,36198,15156,2031,24323,9844,0,0
111,reply,3620,115555032,3421,3468,1466,3362,0x01 Java Layer Dependent,"0x11 this is a one-way call: async, no return; allow replies with file descriptors; ",19791,25677,11615,1718,19427,4532,0,0
112,request,3623,115555036,1466,3397,3421,3473,0x0a Java Layer Dependent,"0x11 this is a one-way call: async, no return; allow replies with file descriptors; ",27135,30000,14271,1458,21250,7292,0,0
112,reply,3626,115555040,3421,3468,1466,3362,0x01 Java Layer Dependent,"0x11 this is a one-way call: async, no return; allow replies with file descriptors; ",25260,30052,12448,1718,22084,6250,0,0
113,request,3627,115555041,1466,3397,3421,3473,0x0a Java Layer Dependent,"0x11 this is a one-way call: async, no return; allow replies with file descriptors; ",30833,38281,15365,2031,26354,9896,0,0
113,reply,3628,115555042,3421,3468,1466,3362,0x01 Java Layer Dependent,"0x11 this is a one-way call: async, no return; allow replies with file descriptors; ",20677,29427,15000,2240,21250,5937,0,0
114,request,3629,115555043,1466,3397,3421,3473,0x0a Java Layer Dependent,"0x11 this is a one-way call: async, no return; allow replies with file descriptors; ",27812,34011,19896,2500,25052,6459,0,0
114,reply,3630,115555044,3421,3468,1466,3362,0x01 Java Layer Dependent,"0x11 this is a one-way call: async, no return; allow replies with file descriptors; ",20468,28177,15677,1718,21615,4844,0,0
115,request,3631,115555045,1466,3397,3421,3473,0x0a Java Layer Dependent,"0x11 this is a one-way call: async, no return; allow replies with file descriptors; ",25781,29114,15938,2031,21198,5885,0,0
115,reply,3632,115555046,3421,3468,1466,3362,0x01 Java Layer Dependent,"0x11 this is a one-way call: async, no return; allow replies with file descriptors; ",20000,28073,12968,1875,21511,4687,0,0
116,request,3633,115555047,1466,3397,3421,3473,0x0a Java Layer Dependent,"0x11 this is a one-way call: async, no return; allow replies with file descriptors; ",29271,65521,15677,1823,58177,5521,0,0
116,reply,3634,115555048,3421,3468,1466,3362,0x01 Java Layer Dependent,"0x11 this is a one-way call: async, no return; allow replies with file descriptors; ",31302,31615,14375,1823,24063,5729,0,0
117,request,3635,115555049,1466,3397,3421,3473,0x0a Java Layer Dependent,"0x11 this is a one-way call: async, no return; allow replies with file descriptors; ",28802,30677,15417,1927,22864,5886,0,0
117,reply,3636,115555050,3421,3468,1466,3362,0x01 Java Layer Dependent,"0x11 this is a one-way call: async, no return; allow replies with file descriptors; ",21928,30000,14427,1719,23177,5104,0,0
118,request,3637,115555051,1466,3397,3421,3473,0x0a Java Layer Dependent,"0x11 this is a one-way call: async, no return; allow replies with file descriptors; ",26875,25104,16303,1406,18333,5365,0,0
118,reply,3638,115555052,3421,3468,1466,3362,0x01 Java Layer Dependent,"0x11 this is a one-way call: async, no return; allow replies with file descriptors; ",20416,26146,14167,1667,19062,5417,0,0
119,request,3640,115555055,1466,3397,3421,3473,0x0a Java Layer Dependent,"0x11 this is a one-way call: async, no return; allow replies with file descriptors; ",37188,39583,14687,1563,27239,10781,0,0
119,reply,3641,115555056,3421,3468,1466,3362,0x01 Java Layer Dependent,"0x11 this is a one-way call: async, no return; allow replies with file descriptors; ",18959,26458,15364,1719,19844,4895,0,0
120,request,3643,115555059,1466,3397,3421,3473,0x0a Java Layer Dependent,"0x11 this is a one-way call: async, no return; allow replies with file descriptors; ",34948,29427,14115,1718,21563,6146,0,0
120,reply,3645,115555061,3421,3468,1466,3362,0x01 Java Layer Dependent,"0x11 this is a one-way call: async, no return; allow replies with file descriptors; ",26250,61094,27552,23386,30156,7552,0,0
121,request,3646,115555062,1466,3397,3421,3473,0x0a Java Layer Dependent,"0x11 this is a one-way call: async, no return; allow replies with file descriptors; ",27812,56563,17604,1615,47239,7709,0,0
121,reply,3648,115555064,3421,3468,1466,3362,0x01 Java Layer Dependent,"0x11 this is a one-way call: async, no return; allow replies with file descriptors; ",26093,51511,20000,2084,43229,6198,0,0
122,request,3651,115555068,1466,3397,3421,3473,0x0a Java Layer Dependent,"0x11 this is a one-way call: async, no return; allow replies with file descriptors; ",34427,28645,16198,1875,21093,5677,0,0
122,reply,3653,115555071,3421,3468,1466,3362,0x01 Java Layer Dependent,"0x11 this is a one-way call: async, no return; allow replies with file descriptors; ",70573,28385,19375,2760,19948,5677,0,0
123,request,3654,115555072,1466,3397,3421,3473,0x0a Java Layer Dependent,"0x11 this is a one-way call: async, no return; allow replies with file descriptors; ",36614,49375,26979,3437,40365,5573,0,0
123,reply,3655,115555073,3421,3468,1466,3362,0x01 Java Layer Dependent,"0x11 this is a one-way call: async, no return; allow replies with file descriptors; ",24844,42916,18177,3802,32239,6875,0,0
124,request,3656,115555074,1466,3397,3421,3473,0x0a Java Layer Dependent,"0x11 this is a one-way call: async, no return; allow replies with file descriptors; ",37291,32136,18177,1927,23438,6771,0,0
124,reply,3657,115555075,3421,3468,1466,3362,0x01 Java Layer Dependent,"0x11 this is a one-way call: async, no return; allow replies with file descriptors; ",25000,36198,18125,1927,27761,6510,0,0
125,request,3658,115555076,1466,3397,3421,3473,0x0a Java Layer Dependent,"0x11 this is a one-way call: async, no return; allow replies with file descriptors; ",35312,40000,27188,3542,29218,7240,0,0
125,reply,3659,115555077,3421,3468,1466,3362,0x01 Java Layer Dependent,"0x11 this is a one-way call: async, no return; allow replies with file descriptors; ",29167,63698,27917,3750,52969,6979,0,0
126,request,3660,115555078,1466,3397,3421,3473,0x0a Java Layer Dependent,"0x11 this is a one-way call: async, no return; allow replies with file descriptors; ",34844,40261,16302,2396,26979,10886,0,0
126,reply,3661,115555079,3421,3468,1466,3362,0x01 Java Layer Dependent,"0x11 this is a one-way call: async, no return; allow replies with file descriptors; ",26250,45677,29740,4375,33594,7708,0,0
127,request,3663,115555081,1466,3397,3421,3453,0x0a Java Layer Dependent,"0x11 this is a one-way call: async, no return; allow replies with file descriptors; ",30521,80417,65468,4167,65625,10625,0,0
127,reply,3664,115555083,3421,3468,1466,3362,0x01 Java Layer Dependent,"0x11 this is a one-way call: async, no return; allow replies with file descriptors; ",24948,38489,29375,4010,26511,7968,0,0
128,request,3667,115555085,1466,3397,3421,3453,0x0a Java Layer Dependent,"0x11 this is a one-way call: async, no return; allow replies with file descriptors; ",26719,451198,29062,5105,437500,8593,0,0
128,reply,3668,115555088,3421,3468,1466,3362,0x01 Java Layer Dependent,"0x11 this is a one-way call: async, no return; allow replies with file descriptors; ",176615,115729,39375,3906,102865,8958,0,0
129,request,3673,115555094,1466,3397,3421,3453,0x0a Java Layer Dependent,"0x11 this is a one-way call: async, no return; allow replies with file descriptors; ",30990,212448,27968,9063,194114,9271,0,0
129,reply,3674,115555096,3421,3468,1466,3362,0x01 Java Layer Dependent,"0x11 this is a one-way call: async, no return; allow replies with file descriptors; ",27917,47500,32447,3438,35208,8854,0,0
130,request,3676,115555099,1466,3397,3421,3453,0x0a Java Layer Dependent,"0x11 this is a one-way call: async, no return; allow replies with file descriptors; ",30729,42136,25937,3386,28958,9792,0,0
130,reply,3677,115555100,3421,3468,1466,3362,0x01 Java Layer Dependent,"0x11 this is a one-way call: async, no return; allow replies with file descriptors; ",27865,42291,30000,3541,30313,8437,0,0
131,request,3679,115555102,1466,3397,3421,3453,0x0a Java Layer Dependent,"0x11 this is a one-way call: async, no return; allow replies with file descriptors; ",26093,66407,23802,3021,52240,11146,0,0
131,reply,3681,115555105,3421,3468,1466,3362,0x01 Java Layer Dependent,"0x11 this is a one-way call: async, no return; allow replies with file descriptors; ",22188,61823,22291,26719,27760,7344,0,0
132,request,3683,115555107,1466,3397,3421,3453,0x0a Java Layer Dependent,"0x11 this is a one-way call: async, no return; allow replies with file descriptors; ",42031,68229,21303,2864,54583,10782,0,0
132,reply,3684,115555109,3421,3468,1466,3362,0x01 Java Layer Dependent,"0x11 this is a one-way call: async, no return; allow replies with file descriptors; ",27761,42916,30209,3385,31510,8021,0,0
133,request,3687,115555111,1466,3397,3421,3453,0x0a Java Layer Dependent,"0x11 this is a one-way call: async, no return; allow replies with file descriptors; ",32292,47448,21875,3177,36146,8125,0,0
133,reply,3689,115555112,3421,3468,1466,3362,0x01 Java Layer Dependent,"0x11 this is a one-way call: async, no return; allow replies with file descriptors; ",17708,171459,27343,3542,163490,4427,0,0
134,request,3693,115555125,1466,3397,3421,3473,0x0a Java Layer Dependent,"0x11 this is a one-way call: async, no return; allow replies with file descriptors; ",23750,307448,24948,3541,291667,12240,0,0
134,reply,3696,115555131,3421,3468,1466,3362,0x01 Java Layer Dependent,"0x11 this is a one-way call: async, no return; allow replies with file descriptors; ",20469,29167,24166,2917,19687,6563,0,0
135,request,3702,115555141,1466,3397,3421,3473,0x0a Java Layer Dependent,"0x11 this is a one-way call: async, no return; allow replies with file descriptors; ",28958,173229,24427,6510,159167,7552,0,0
135,reply,3707,115555148,3421,3468,1466,3362,0x01 Java Layer Dependent,"0x11 this is a one-way call: async, no return; allow replies with file descriptors; ",19063,56250,42708,3021,47083,6146,0,0
136,request,3712,115555155,1466,3397,3421,3473,0x0a Java Layer Dependent,"0x11 this is a one-way call: async, no return; allow replies with file descriptors; ",29583,34583,24271,3125,22135,9323,0,0
136,reply,3713,115555156,3421,3468,1466,3362,0x01 Java Layer Dependent,"0x11 this is a one-way call: async, no return; allow replies with file descriptors; ",26562,41407,30312,3490,29896,8021,0,0
137,request,3716,115555159,1466,3397,3421,3473,0x0a Java Layer Dependent,"0x11 this is a one-way call: async, no return; allow replies with file descriptors; ",35729,35157,23333,2084,24375,8698,0,0
137,reply,3717,115555162,3421,3468,1466,3362,0x01 Java Layer Dependent,"0x11 this is a one-way call: async, no return; allow replies with file descriptors; ",39323,48125,16510,1875,39636,6614,0,0
138,request,3720,115555166,1466,3397,3421,3473,0x0a Java Layer Dependent,"0x11 this is a one-way call: async, no return; allow replies with file descriptors; ",27552,34948,21927,2448,24114,8386,0,0
138,reply,3722,115555168,3421,3468,1466,3362,0x01 Java Layer Dependent,"0x11 this is a one-way call: async, no return; allow replies with file descriptors; ",24323,34739,17396,2343,24896,7500,0,0
139,request,3724,115555171,1466,3397,3421,3473,0x0a Java Layer Dependent,"0x11 this is a one-way call: async, no return; allow replies with file descriptors; ",30052,34427,14584,1666,23438,9323,0,0
139,reply,3725,115555172,3421,3468,1466,3362,0x01 Java Layer Dependent,"0x11 this is a one-way call: async, no return; allow replies with file descriptors; ",23698,35625,18593,2084,26718,6823,0,0
140,request,3726,115555173,1466,3397,3421,3473,0x0a Java Layer Dependent,"0x11 this is a one-way call: async, no return; allow replies with file descriptors; ",32917,38386,27135,4011,25885,8490,0,0
140,reply,3727,115555175,3421,3468,1466,3362,0x01 Java Layer Dependent,"0x11 this is a one-way call: async, no return; allow replies with file descriptors; ",15469,30261,24583,3386,22552,4323,0,0
141,request,3728,115555176,1466,3397,3421,3473,0x0a Java Layer Dependent,"0x11 this is a one-way call: async, no return; allow replies with file descriptors; ",38125,47604,24687,13959,25468,8177,0,0
141,reply,3730,115555180,3421,3468,1466,3362,0x01 Java Layer Dependent,"0x11 this is a one-way call: async, no return; allow replies with file descriptors; ",19740,212031,19636,27500,177812,6719,0,0
142,request,3732,115555184,1466,3397,3421,3473,0x0a Java Layer Dependent,"0x11 this is a one-way call: async, no return; allow replies with file descriptors; ",645208,39792,26823,3438,25208,11146,0,0
142,reply,3734,115555185,3421,3468,1466,3362,0x01 Java Layer Dependent,"0x11 this is a one-way call: async, no return; allow replies with file descriptors; ",34323,49218,54896,3437,38750,7031,0,0
143,request,3735,115555187,1466,3397,3421,3473,0x0a Java Layer Dependent,"0x11 this is a one-way call: async, no return; allow replies with file descriptors; ",26302,35105,24895,2084,24948,8073,0,0
143,reply,3739,115555191,3421,3468,1466,3362,0x01 Java Layer Dependent,"0x11 this is a one-way call: async, no return; allow replies with file descriptors; ",23750,65625,30104,16302,41927,7396,0,0
144,request,3740,115555192,1466,3397,3421,3473,0x0a Java Layer Dependent,"0x11 this is a one-way call: async, no return; allow replies with file descriptors; ",28803,37135,15000,1771,25417,9947,0,0
144,reply,3741,115555193,3421,3468,1466,3362,0x01 Java Layer Dependent,"0x11 this is a one-way call: async, no return; allow replies with file descriptors; ",22604,31563,18385,2292,22552,6719,0,0
145,request,3742,115555194,1466,3397,3421,3473,0x0a Java Layer Dependent,"0x11 this is a one-way call: async, no return; allow replies with file descriptors; ",25833,30573,15417,1615,21041,7917,0,0
145,reply,3743,115555195,3421,3468,1466,3362,0x01 Java Layer Dependent,"0x11 this is a one-way call: async, no return; allow replies with file descriptors; ",22448,33646,13698,1771,24115,7760,0,0
146,request,3744,115555196,1466,3397,3421,3473,0x0a Java Layer Dependent,"0x11 this is a one-way call: async, no return; allow replies with file descriptors; ",31771,32968,16980,2187,23073,7708,0,0
146,reply,3745,115555197,3421,3468,1466,3362,0x01 Java Layer Dependent,"0x11 this is a one-way call: async, no return; allow replies with file descriptors; ",20000,31875,17396,2448,23594,5833,0,0
147,request,3747,115555199,1466,3397,3421,3473,0x0a Java Layer Dependent,"0x11 this is a one-way call: async, no return; allow replies with file descriptors; ",24740,33646,18021,2813,23854,6979,0,0
147,reply,3748,115555200,3421,3468,1466,3362,0x01 Java Layer Dependent,"0x11 this is a one-way call: async, no return; allow replies with file descriptors; ",23282,29895,13959,1666,21719,6510,0,0
148,request,3752,115555207,1466,3397,3421,3473,0x0a Java Layer Dependent,"0x11 this is a one-way call: async, no return; allow replies with file descriptors; ",24687,30208,15938,1614,22083,6511,0,0
148,reply,3756,115555213,3421,3468,1466,3362,0x01 Java Layer Dependent,"0x11 this is a one-way call: async, no return; allow replies with file descriptors; ",18906,31563,21510,3073,23646,4844,0,0
149,request,3759,115555219,1466,3397,3421,3473,0x0a Java Layer Dependent,"0x11 this is a one-way call: async, no return; allow replies with file descriptors; ",25625,34219,26302,2917,22917,8385,0,0
149,reply,3761,115555221,3421,3468,1466,3362,0x01 Java Layer Dependent,"0x11 this is a one-way call: async, no return; allow replies with file descriptors; ",24636,128541,26250,3437,117292,7812,0,0
150,request,3762,115555223,1466,3397,3421,3473,0x0a Java Layer Dependent,"0x11 this is a one-way call: async, no return; allow replies with file descriptors; ",26197,42605,25312,3907,25833,12865,0,0
150,reply,3764,115555225,3421,3468,1466,3362,0x01 Java Layer Dependent,"0x11 this is a one-way call: async, no return; allow replies with file descriptors; ",23802,37136,29531,3333,26719,7084,0,0
151,request,3766,115555228,1466,3397,3421,3473,0x0a Java Layer Dependent,"0x11 this is a one-way call: async, no return; allow replies with file descriptors; ",23646,35989,24323,3594,24531,7864,0,0
151,reply,3767,115555229,3421,3468,1466,3362,0x01 Java Layer Dependent,"0x11 this is a one-way call: async, no return; allow replies with file descriptors; ",20729,36875,26667,3281,26250,7344,0,0
152,request,3770,115555233,1466,3397,3421,3473,0x0a Java Layer Dependent,"0x11 this is a one-way call: async, no return; allow replies with file descriptors; ",24479,32083,20573,2604,22500,6979,0,0
152,reply,3772,115555235,3421,3468,1466,3362,0x01 Java Layer Dependent,"0x11 this is a one-way call: async, no return; allow replies with file descriptors; ",21042,40729,22760,3177,29271,8281,0,0
153,request,3773,115555236,1466,3397,3421,3473,0x0a Java Layer Dependent,"0x11 this is a one-way call: async, no return; allow replies with file descriptors; ",28281,35104,21459,3020,24844,7240,0,0
153,reply,3774,115555237,3421,3468,1466,3362,0x01 Java Layer Dependent,"0x11 this is a one-way call: async, no return; allow replies with file descriptors; ",22083,40469,24791,2865,29844,7760,0,0
154,request,3775,115555238,1466,3397,3421,3473,0x0a Java Layer Dependent,"0x11 this is a one-way call: async, no return; allow replies with file descriptors; ",32396,36510,30469,3958,25209,7343,0,0
154,reply,3776,115555239,3421,3468,1466,3362,0x01 Java Layer Dependent,"0x11 this is a one-way call: async, no return; allow replies with file descriptors; ",19843,33803,14947,2813,24219,6771,0,0
155,request,3777,115555240,1466,3397,3421,3473,0x0a Java Layer Dependent,"0x11 this is a one-way call: async, no return; allow replies with file descriptors; ",25365,38385,20052,2083,23333,12969,0,0
155,reply,3778,115555241,3421,3468,1466,3362,0x01 Java Layer Dependent,"0x11 this is a one-way call: async, no return; allow replies with file descriptors; ",21979,32344,13802,1875,24480,5989,0,0
156,request,3779,115555242,1466,3397,3421,3473,0x0a Java Layer Dependent,"0x11 this is a one-way call: async, no return; allow replies with file descriptors; ",35573,36667,17500,2188,24792,9687,0,0
156,reply,3780,115555243,3421,3468,1466,3362,0x01 Java Layer Dependent,"0x11 this is a one-way call: async, no return; allow replies with file descriptors; ",20156,33333,20261,2344,25104,5885,0,0
157,request,3781,115555244,1466,3397,3421,3473,0x0a Java Layer Dependent,"0x11 this is a one-way call: async, no return; allow replies with file descriptors; ",29010,31615,17344,1615,22396,7604,0,0
157,reply,3782,115555245,3421,3468,1466,3362,0x01 Java Layer Dependent,"0x11 this is a one-way call: async, no return; allow replies with file descriptors; ",19636,37448,15416,1927,29219,6302,0,0
158,request,3784,115555248,1466,3397,3421,3473,0x0a Java Layer Dependent,"0x11 this is a one-way call: async, no return; allow replies with file descriptors; ",26041,28282,16302,1771,19583,6928,0,0
158,reply,3786,115555250,3421,3468,1466,3362,0x01 Java Layer Dependent,"0x11 this is a one-way call: async, no return; allow replies with file descriptors; ",19270,101719,28281,3333,90833,7553,0,0
159,request,3789,115555256,1466,3397,3421,3473,0x0a Java Layer Dependent,"0x11 this is a one-way call: async, no return; allow replies with file descriptors; ",24219,37500,15000,1667,29010,6823,0,0
159,reply,3790,115555259,3421,3468,1466,3362,0x01 Java Layer Dependent,"0x11 this is a one-way call: async, no return; allow replies with file descriptors; ",25260,72188,24010,3021,61927,7240,0,0
160,request,3793,115555264,1466,3397,3421,3473,0x0a Java Layer Dependent,"0x11 this is a one-way call: async, no return; allow replies with file descriptors; ",35000,29740,16458,1771,20104,7865,0,0
160,reply,3798,115555269,3421,3468,1466,3362,0x01 Java Layer Dependent,"0x11 this is a one-way call: async, no return; allow replies with file descriptors; ",24323,31823,21927,2552,22188,7083,0,0
161,request,3799,115555270,1466,3397,3421,3473,0x0a Java Layer Dependent,"0x11 this is a one-way call: async, no return; allow replies with file descriptors; ",31771,29792,17083,1719,21719,6354,0,0
161,reply,3800,115555271,3421,3468,1466,3362,0x01 Java Layer Dependent,"0x11 this is a one-way call: async, no return; allow replies with file descriptors; ",21927,186563,38333,21771,157708,7084,0,0
162,request,3802,115555273,1466,3397,3421,3473,0x0a Java Layer Dependent,"0x11 this is a one-way call: async, no return; allow replies with file descriptors; ",27656,35364,16875,1770,22813,10781,0,0
162,reply,3803,115555274,3421,3468,1466,3362,0x01 Java Layer Dependent,"0x11 this is a one-way call: async, no return; allow replies with file descriptors; ",20313,51042,21354,14532,30156,6354,0,0
163,request,3804,115555275,1466,3397,3421,3473,0x0a Java Layer Dependent,"0x11 this is a one-way call: async, no return; allow replies with file descriptors; ",27292,32031,17083,1771,20937,9323,0,0
163,reply,3805,115555276,3421,3468,1466,3362,0x01 Java Layer Dependent,"0x11 this is a one-way call: async, no return; allow replies with file descriptors; ",33021,31927,17865,1875,21927,8125,0,0
164,request,3806,115555277,1466,3397,3421,3473,0x0a Java Layer Dependent,"0x11 this is a one-way call: async, no return; allow replies with file descriptors; ",25938,38906,16510,1927,23334,13645,0,0
164,reply,3807,115555278,3421,3468,1466,3362,0x01 Java Layer Dependent,"0x11 this is a one-way call: async, no return; allow replies with file descriptors; ",22500,30365,17760,1875,22709,5781,0,0
165,request,3808,115555279,1466,3397,3421,3473,0x0a Java Layer Dependent,"0x11 this is a one-way call: async, no return; allow replies with file descriptors; ",27292,44062,16250,1979,35625,6458,0,0
165,reply,3809,115555280,3421,3468,1466,3362,0x01 Java Layer Dependent,"0x11 this is a one-way call: async, no return; allow replies with file descriptors; ",20937,31667,16562,2344,22552,6771,0,0
166,request,3811,115555282,1466,3397,3421,3473,0x0a Java Layer Dependent,"0x11 this is a one-way call: async, no return; allow replies with file descriptors; ",25156,32188,16094,1927,21563,8698,0,0
166,reply,3812,115555283,3421,3468,1466,3362,0x01 Java Layer Dependent,"0x11 this is a one-way call: async, no return; allow replies with file descriptors; ",20208,180990,33750,8073,165782,7135,0,0
167,request,3815,115555288,1466,3397,3421,3473,0x0a Java Layer Dependent,"0x11 this is a one-way call: async, no return; allow replies with file descriptors; ",25364,28958,17292,1822,20417,6719,0,0
167,reply,3817,115555290,3421,3468,1466,3362,0x01 Java Layer Dependent,"0x11 this is a one-way call: async, no return; allow replies with file descriptors; ",22760,54323,30781,16354,30521,7448,0,0
168,request,3818,115555292,1466,3397,3421,3473,0x0a Java Layer Dependent,"0x11 this is a one-way call: async, no return; allow replies with file descriptors; ",31563,35729,17396,2135,25105,8489,0,0
168,reply,3820,115555294,3421,3468,1466,3362,0x01 Java Layer Dependent,"0x11 this is a one-way call: async, no return; allow replies with file descriptors; ",22969,186458,25000,21458,158542,6458,0,0
169,request,3823,115555298,1466,3397,3421,3473,0x0a Java Layer Dependent,"0x11 this is a one-way call: async, no return; allow replies with file descriptors; ",28438,33541,17500,1666,24323,7552,0,0
169,reply,3824,115555299,3421,3468,1466,3362,0x01 Java Layer Dependent,"0x11 this is a one-way call: async, no return; allow replies with file descriptors; ",24323,50886,23854,2865,41927,6094,0,0
170,request,3825,115555301,1466,3397,3421,3473,0x0a Java Layer Dependent,"0x11 this is a one-way call: async, no return; allow replies with file descriptors; ",28593,33230,15572,1875,23282,8073,0,0
170,reply,3827,115555302,3421,3468,1466,3362,0x01 Java Layer Dependent,"0x11 this is a one-way call: async, no return; allow replies with file descriptors; ",23906,46354,13073,1771,37812,6771,0,0
171,request,3828,115555303,1466,3397,3421,3473,0x0a Java Layer Dependent,"0x11 this is a one-way call: async, no return; allow replies with file descriptors; ",28125,32605,15833,1823,22917,7865,0,0
171,reply,3829,115555304,3421,3468,1466,3362,0x01 Java Layer Dependent,"0x11 this is a one-way call: async, no return; allow replies with file descriptors; ",23281,34531,14427,1614,25990,6927,0,0
172,request,3830,115555305,1466,3397,3421,3473,0x0a Java Layer Dependent,"0x11 this is a one-way call: async, no return; allow replies with file descriptors; ",26927,33125,16250,1770,22292,9063,0,0
172,reply,3831,115555306,3421,3468,1466,3362,0x01 Java Layer Dependent,"0x11 this is a one-way call: async, no return; allow replies with file descriptors; ",19427,189011,26458,5313,177552,6146,0,0
173,request,3832,115555307,1466,3397,3421,3473,0x0a Java Layer Dependent,"0x11 this is a one-way call: async, no return; allow replies with file descriptors; ",41146,38802,17552,1719,26770,10313,0,0
173,reply,3833,115555308,3421,3468,1466,3362,0x01 Java Layer Dependent,"0x11 this is a one-way call: async, no return; allow replies with file descriptors; ",20990,46302,20104,2552,38021,5729,0,0
174,request,3834,115555309,1466,3397,3421,3473,0x0a Java Layer Dependent,"0x11 this is a one-way call: async, no return; allow replies with file descriptors; ",27396,35990,16822,1719,22084,12187,0,0
174,reply,3836,115555311,3421,3468,1466,3362,0x01 Java Layer Dependent,"0x11 this is a one-way call: async, no return; allow replies with file descriptors; ",35989,187084,25156,32448,149167,5469,0,0
175,request,3838,115555314,1466,3397,3421,3473,0x0a Java Layer Dependent,"0x11 this is a one-way call: async, no return; allow replies with file descriptors; ",50105,35156,24010,3334,24427,7395,0,0
175,reply,3839,115555316,3421,3468,1466,3362,0x01 Java Layer Dependent,"0x11 this is a one-way call: async, no return; allow replies with file descriptors; ",26146,32188,24062,3073,22188,6927,0,0
176,request,3841,115555318,1466,3397,3421,3473,0x0a Java Layer Dependent,"0x11 this is a one-way call: async, no return; allow replies with file descriptors; ",27708,51511,23698,16198,27708,7605,0,0
176,reply,3842,115555319,3421,3468,1466,3362,0x01 Java Layer Dependent,"0x11 this is a one-way call: async, no return; allow replies with file descriptors; ",22917,31927,26458,2969,23333,5625,0,0
177,request,3846,115555324,1466,3397,3421,3473,0x0a Java Layer Dependent,"0x11 this is a one-way call: async, no return; allow replies with file descriptors; ",30781,43125,20834,2500,31197,9428,0,0
177,reply,3847,115555325,3421,3468,1466,3362,0x01 Java Layer Dependent,"0x11 this is a one-way call: async, no return; allow replies with file descriptors; ",26875,60625,28229,3854,48698,8073,0,0
178,request,3848,115555326,1466,3397,3421,3473,0x0a Java Layer Dependent,"0x11 this is a one-way call: async, no return; allow replies with file descriptors; ",42240,59792,16927,1875,50782,7135,0,0
178,reply,3849,115555327,3421,3468,1466,3362,0x01 Java Layer Dependent,"0x11 this is a one-way call: async, no return; allow replies with file descriptors; ",22500,32813,25729,2084,24062,6667,0,0
179,request,3850,115555328,1466,3397,3421,3473,0x0a Java Layer Dependent,"0x11 this is a one-way call: async, no return; allow replies with file descriptors; ",44271,36927,17136,1927,26302,8698,0,0
179,reply,3851,115555329,3421,3468,1466,3362,0x01 Java Layer Dependent,"0x11 this is a one-way call: async, no return; allow replies with file descriptors; ",23073,39167,13177,2083,29323,7761,0,0
180,request,3852,115555330,1466,3397,3421,3473,0x0a Java Layer Dependent,"0x11 this is a one-way call: async, no return; allow replies with file descriptors; ",26250,39791,18334,2291,27136,10364,0,0
180,reply,3853,115555331,3421,3468,1466,3362,0x01 Java Layer Dependent,"0x11 this is a one-way call: async, no return; allow replies with file descriptors; ",23542,37552,12916,1980,29427,6145,0,0
181,request,3854,115555332,1466,3397,3421,3473,0x0a Java Layer Dependent,"0x11 this is a one-way call: async, no return; allow replies with file descriptors; ",27448,37291,17761,1927,27343,8021,0,0
181,reply,3855,115555333,3421,3468,1466,3362,0x01 Java Layer Dependent,"0x11 this is a one-way call: async, no return; allow replies with file descriptors; ",23646,38281,14062,1875,28854,7552,0,0
182,request,3856,115555334,1466,3397,3421,3473,0x0a Java Layer Dependent,"0x11 this is a one-way call: async, no return; allow replies with file descriptors; ",27708,27396,16927,1823,19688,5885,0,0
182,reply,3858,115555336,3421,3468,1466,3362,0x01 Java Layer Dependent,"0x11 this is a one-way call: async, no return; allow replies with file descriptors; ",21823,193437,22604,21093,165000,7344,0,0
183,request,3861,115555341,1466,3397,3421,3473,0x0a Java Layer Dependent,"0x11 this is a one-way call: async, no return; allow replies with file descriptors; ",30052,41667,24270,3750,28750,9167,0,0
183,reply,3862,115555342,3421,3468,1466,3362,0x01 Java Layer Dependent,"0x11 this is a one-way call: async, no return; allow replies with file descriptors; ",21614,91302,34480,3333,82031,5938,0,0
184,request,3864,115555344,1466,3397,3421,3473,0x0a Java Layer Dependent,"0x11 this is a one-way call: async, no return; allow replies with file descriptors; ",27552,74531,24531,3125,61771,9635,0,0
184,reply,3865,115555346,3421,3468,1466,3362,0x01 Java Layer Dependent,"0x11 this is a one-way call: async, no return; allow replies with file descriptors; ",33021,37656,20938,3125,27708,6823,0,0
185,request,3868,115555350,1466,3397,3421,3473,0x0a Java Layer Dependent,"0x11 this is a one-way call: async, no return; allow replies with file descriptors; ",30573,36667,22865,3438,24062,9167,0,0
185,reply,3870,115555351,3421,3468,1466,3362,0x01 Java Layer Dependent,"0x11 this is a one-way call: async, no return; allow replies with file descriptors; ",26458,46407,26562,3646,34688,8073,0,0
186,request,3871,115555352,1466,3397,3421,3473,0x0a Java Layer Dependent,"0x11 this is a one-way call: async, no return; allow replies with file descriptors; ",39219,59167,25417,3073,46875,9219,0,0
186,reply,3872,115555353,3421,3468,1466,3362,0x01 Java Layer Dependent,"0x11 this is a one-way call: async, no return; allow replies with file descriptors; ",20886,39947,25157,3385,30156,6406,0,0
187,request,3873,115555354,1466,3397,3421,3473,0x0a Java Layer Dependent,"0x11 this is a one-way call: async, no return; allow replies with file descriptors; ",28489,47917,22760,13958,28646,5313,0,0
187,reply,3874,115555355,3421,3468,1466,3362,0x01 Java Layer Dependent,"0x11 this is a one-way call: async, no return; allow replies with file descriptors; ",20052,38073,22708,4636,26875,6562,0,0
188,request,3875,115555356,1466,3397,3421,3473,0x0a Java Layer Dependent,"0x11 this is a one-way call: async, no return; allow replies with file descriptors; ",28907,55573,23072,3282,46823,5468,0,0
188,reply,3876,115555357,3421,3468,1466,3362,0x01 Java Layer Dependent,"0x11 this is a one-way call: async, no return; allow replies with file descriptors; ",19219,36146,23594,2969,27292,5885,0,0
189,request,3877,115555358,1466,3397,3421,3473,0x0a Java Layer Dependent,"0x11 this is a one-way call: async, no return; allow replies with file descriptors; ",29792,45364,22292,2760,37448,5156,0,0
189,reply,3878,115555359,3421,3468,1466,3362,0x01 Java Layer Dependent,"0x11 this is a one-way call: async, no return; allow replies with file descriptors; ",19531,37031,22344,3437,28073,5521,0,0
190,request,3879,115555360,1466,3397,3421,3473,0x0a Java Layer Dependent,"0x11 this is a one-way call: async, no return; allow replies with file descriptors; ",27708,33386,22552,3073,25625,4688,0,0
190,reply,3881,115555362,3421,3468,1466,3362,0x01 Java Layer Dependent,"0x11 this is a one-way call: async, no return; allow replies with file descriptors; ",17136,33437,20990,2812,25886,4739,0,0
191,request,3882,115555364,1466,3397,3421,3473,0x0a Java Layer Dependent,"0x11 this is a one-way call: async, no return; allow replies with file descriptors; ",27917,42656,21302,3073,31198,8385,0,0
191,reply,3884,115555366,3421,3468,1466,3362,0x01 Java Layer Dependent,"0x11 this is a one-way call: async, no return; allow replies with file descriptors; ",22813,36666,22969,2812,27761,6093,0,0
192,request,3885,115555369,1466,3397,3421,3473,0x0a Java Layer Dependent,"0x11 this is a one-way call: async, no return; allow replies with file descriptors; ",33854,51198,20000,2344,40677,8177,0,0
192,reply,3887,115555370,3421,3468,1466,3362,0x01 Java Layer Dependent,"0x11 this is a one-way call: async, no return; allow replies with file descriptors; ",29010,39479,20521,2552,28698,8229,0,0
193,request,3888,115555371,1466,3397,3421,3473,0x0a Java Layer Dependent,"0x11 this is a one-way call: async, no return; allow replies with file descriptors; ",28386,70364,14740,33281,27552,9531,0,0
193,reply,3889,115555372,3421,3468,1466,3362,0x01 Java Layer Dependent,"0x11 this is a one-way call: async, no return; allow replies with file descriptors; ",28282,36458,13958,1771,26719,7968,0,0
194,request,3892,115555377,1466,3397,3421,3473,0x0a Java Layer Dependent,"0x11 this is a one-way call: async, no return; allow replies with file descriptors; ",31510,35938,25104,3073,23438,9427,0,0
194,reply,3894,115555378,3421,3468,1466,3362,0x01 Java Layer Dependent,"0x11 this is a one-way call: async, no return; allow replies with file descriptors; ",19740,34687,22969,3437,25156,6094,0,0
195,request,3895,115555379,1466,3397,3421,3473,0x0a Java Layer Dependent,"0x11 this is a one-way call: async, no return; allow replies with file descriptors; ",25833,37083,22709,3229,26510,7344,0,0
195,reply,3896,115555380,3421,3468,1466,3362,0x01 Java Layer Dependent,"0x11 this is a one-way call: async, no return; allow replies with file descriptors; ",22448,37344,20677,3750,27604,5990,0,0
196,request,3897,115555381,1466,3397,3421,3473,0x0a Java Layer Dependent,"0x11 this is a one-way call: async, no return; allow replies with file descriptors; ",29271,35729,23021,3698,26146,5885,0,0
196,reply,3898,115555382,3421,3468,1466,3362,0x01 Java Layer Dependent,"0x11 this is a one-way call: async, no return; allow replies with file descriptors; ",21302,34427,23334,3593,25209,5625,0,0
197,request,3899,115555383,1466,3397,3421,3473,0x0a Java Layer Dependent,"0x11 this is a one-way call: async, no return; allow replies with file descriptors; ",27656,35312,21302,3437,26302,5573,0,0
197,reply,3900,115555384,3421,3468,1466,3362,0x01 Java Layer Dependent,"0x11 this is a one-way call: async, no return; allow replies with file descriptors; ",21354,36042,35364,3854,26615,5573,0,0
198,request,3901,115555385,1466,3397,3421,3473,0x0a Java Layer Dependent,"0x11 this is a one-way call: async, no return; allow replies with file descriptors; ",26666,35521,21719,3281,26302,5938,0,0
198,reply,3902,115555386,3421,3468,1466,3362,0x01 Java Layer Dependent,"0x11 this is a one-way call: async, no return; allow replies with file descriptors; ",19010,32188,25000,3073,24480,4635,0,0
199,request,3904,115555388,1466,3397,3421,3473,0x0a Java Layer Dependent,"0x11 this is a one-way call: async, no return; allow replies with file descriptors; ",23386,31510,19479,3021,23125,5364,0,0
199,reply,3905,115555390,3421,3468,1466,3362,0x01 Java Layer Dependent,"0x11 this is a one-way call: async, no return; allow replies with file descriptors; ",21354,34115,20000,3125,24584,6406,0,0
200,request,3907,115555393,1466,3397,3421,3473,0x0a Java Layer Dependent,"0x11 this is a one-way call: async, no return; allow replies with file descriptors; ",100000,82865,21875,3333,70053,9479,0,0
200,reply,3908,115555395,3421,3468,1466,3362,0x01 Java Layer Dependent,"0x11 this is a one-way call: async, no return; allow replies with file descriptors; ",27396,38281,20782,3177,26510,8594,0,0
201,request,3910,115555396,1466,3397,3421,3473,0x0a Java Layer Dependent,"0x11 this is a one-way call: async, no return; allow replies with file descriptors; ",29479,101614,22553,58072,34323,9219,0,0
201,reply,3911,115555397,3421,3468,1466,3362,0x01 Java Layer Dependent,"0x11 this is a one-way call: async, no return; allow replies with file descriptors; ",20937,28698,13021,2031,21823,4844,0,0
202,request,3912,115555398,1466,3397,3421,3473,0x0a Java Layer Dependent,"0x11 this is a one-way call: async, no return; allow replies with file descriptors; ",26250,27761,20677,2136,20520,5105,0,0
202,reply,3914,115555400,3421,3468,1466,3362,0x01 Java Layer Dependent,"0x11 this is a one-way call: async, no return; allow replies with file descriptors; ",19427,29687,14531,1927,22187,5573,0,0
203,request,3917,115555404,1466,3397,3421,3473,0x0a Java Layer Dependent,"0x11 this is a one-way call: async, no return; allow replies with file descriptors; ",31875,27709,14948,1615,20156,5938,0,0
203,reply,3918,115555405,3421,3468,1466,3362,0x01 Java Layer Dependent,"0x11 this is a one-way call: async, no return; allow replies with file descriptors; ",18750,28594,15208,1719,21979,4896,0,0
204,request,3919,115555406,1466,3397,3421,3473,0x0a Java Layer Dependent,"0x11 this is a one-way call: async, no return; allow replies with file descriptors; ",25677,33438,14791,1667,22240,9531,0,0
204,reply,3920,115555407,3421,3468,1466,3362,0x01 Java Layer Dependent,"0x11 this is a one-way call: async, no return; allow replies with file descriptors; ",20313,28698,15208,1979,20990,5729,0,0
205,request,3922,115555409,1466,3397,3421,3473,0x0a Java Layer Dependent,"0x11 this is a one-way call: async, no return; allow replies with file descriptors; ",28958,31979,20365,2447,23594,5938,0,0
205,reply,3923,115555411,3421,3468,1466,3362,0x01 Java Layer Dependent,"0x11 this is a one-way call: async, no return; allow replies with file descriptors; ",19271,76146,13281,1771,69948,4427,0,0
206,request,3924,115555412,1466,3397,3421,3473,0x0a Java Layer Dependent,"0x11 this is a one-way call: async, no return; allow replies with file descriptors; ",36823,36302,16094,1718,26094,8490,0,0
206,reply,3925,115555413,3421,3468,1466,3362,0x01 Java Layer Dependent,"0x11 this is a one-way call: async, no return; allow replies with file descriptors; ",19479,26406,30157,1510,19844,5052,0,0
207,request,3926,115555415,1466,3397,3421,3473,0x0a Java Layer Dependent,"0x11 this is a one-way call: async, no return; allow replies with file descriptors; ",27395,27396,13229,1562,20573,5261,0,0
207,reply,3928,115555418,3421,3468,1466,3362,0x01 Java Layer Dependent,"0x11 this is a one-way call: async, no return; allow replies with file descriptors; ",22656,48906,24271,3333,39583,5990,0,0
208,request,3933,115555425,1466,3397,3421,3473,0x0a Java Layer Dependent,"0x11 this is a one-way call: async, no return; allow replies with file descriptors; ",34428,36041,22084,3333,25052,7656,0,0
208,reply,3935,115555427,3421,3468,1466,3362,0x01 Java Layer Dependent,"0x11 this is a one-way call: async, no return; allow replies with file descriptors; ",22344,35469,24062,2604,25469,7396,0,0
209,request,3936,115555429,1466,3397,3421,3473,0x0a Java Layer Dependent,"0x11 this is a one-way call: async, no return; allow replies with file descriptors; ",29323,189375,22604,21771,159948,7656,0,0
209,reply,3938,115555431,3421,3468,1466,3362,0x01 Java Layer Dependent,"0x11 this is a one-way call: async, no return; allow replies with file descriptors; ",20364,33282,21823,2917,24271,6094,0,0
210,request,3939,115555432,1466,3397,3421,3473,0x0a Java Layer Dependent,"0x11 this is a one-way call: async, no return; allow replies with file descriptors; ",34427,33177,25573,2812,23646,6719,0,0
210,reply,3941,115555434,3421,3468,1466,3362,0x01 Java Layer Dependent,"0x11 this is a one-way call: async, no return; allow replies with file descriptors; ",58698,29635,17032,2083,21302,6250,0,0
211,request,3944,115555438,1466,3397,3421,3473,0x0a Java Layer Dependent,"0x11 this is a one-way call: async, no return; allow replies with file descriptors; ",35365,30156,18958,1667,21458,7031,0,0
211,reply,3945,115555439,3421,3468,1466,3362,0x01 Java Layer Dependent,"0x11 this is a one-way call: async, no return; allow replies with file descriptors; ",23802,33906,16980,2083,23750,8073,0,0
212,request,3946,115555440,1466,3397,3421,3473,0x0a Java Layer Dependent,"0x11 this is a one-way call: async, no return; allow replies with file descriptors; ",27709,36093,58125,1927,21250,12916,0,0
212,reply,3947,115555441,3421,3468,1466,3362,0x01 Java Layer Dependent,"0x11 this is a one-way call: async, no return; allow replies with file descriptors; ",23489,36771,31198,3437,25678,7656,0,0
213,request,3948,115555442,1466,3397,3421,3473,0x0a Java Layer Dependent,"0x11 this is a one-way call: async, no return; allow replies with file descriptors; ",34531,32917,16771,2292,23021,7604,0,0
213,reply,3949,115555443,3421,3468,1466,3362,0x01 Java Layer Dependent,"0x11 this is a one-way call: async, no return; allow replies with file descriptors; ",24584,35573,22864,1927,25365,8281,0,0
214,request,3950,115555444,1466,3397,3421,3473,0x0a Java Layer Dependent,"0x11 this is a one-way call: async, no return; allow replies with file descriptors; ",35938,32656,15469,1823,22708,8125,0,0
214,reply,3951,115555445,3421,3468,1466,3362,0x01 Java Layer Dependent,"0x11 this is a one-way call: async, no return; allow replies with file descriptors; ",24114,34428,14270,2448,23907,8073,0,0
215,request,3952,115555446,1466,3397,3421,3473,0x0a Java Layer Dependent,"0x11 this is a one-way call: async, no return; allow replies with file descriptors; ",39427,56667,25938,3750,43073,9844,0,0
215,reply,3953,115555447,3421,3468,1466,3362,0x01 Java Layer Dependent,"0x11 this is a one-way call: async, no return; allow replies with file descriptors; ",24375,37500,24271,2969,27292,7239,0,0
216,request,3955,115555450,1466,3397,3421,3473,0x0a Java Layer Dependent,"0x11 this is a one-way call: async, no return; allow replies with file descriptors; ",28073,110104,20990,3281,98802,8021,0,0
216,reply,3956,115555451,3421,3468,1466,3362,0x01 Java Layer Dependent,"0x11 this is a one-way call: async, no return; allow replies with file descriptors; ",28125,39167,17187,1979,28906,8282,0,0
217,request,3958,115555454,1466,3397,3421,3473,0x0a Java Layer Dependent,"0x11 this is a one-way call: async, no return; allow replies with file descriptors; ",31615,46510,21875,2916,36042,7552,0,0
217,reply,3960,115555456,3421,3468,1466,3362,0x01 Java Layer Dependent,"0x11 this is a one-way call: async, no return; allow replies with file descriptors; ",25000,36198,20417,3021,26250,6927,0,0
218,request,3961,115555457,1466,3397,3421,3473,0x0a Java Layer Dependent,"0x11 this is a one-way call: async, no return; allow replies with file descriptors; ",28854,37708,20625,2291,28594,6823,0,0
218,reply,3962,115555458,3421,3468,1466,3362,0x01 Java Layer Dependent,"0x11 this is a one-way call: async, no return; allow replies with file descriptors; ",25573,58854,24740,22083,28438,8333,0,0
219,request,3963,115555460,1466,3397,3421,3473,0x0a Java Layer Dependent,"0x11 this is a one-way call: async, no return; allow replies with file descriptors; ",41302,57083,23646,19375,28646,9062,0,0
219,reply,3965,115555462,3421,3468,1466,3362,0x01 Java Layer Dependent,"0x11 this is a one-way call: async, no return; allow replies with file descriptors; ",20416,172396,35209,3489,162500,6407,0,0
220,request,3968,115555465,1466,3397,3421,3473,0x0a Java Layer Dependent,"0x11 this is a one-way call: async, no return; allow replies with file descriptors; ",40312,53803,21666,3125,41146,9532,0,0
220,reply,3969,115555466,3421,3468,1466,3362,0x01 Java Layer Dependent,"0x11 this is a one-way call: async, no return; allow replies with file descriptors; ",21146,36458,23281,3229,26510,6719,0,0
221,request,3970,115555467,1466,3397,3421,3473,0x0a Java Layer Dependent,"0x11 this is a one-way call: async, no return; allow replies with file descriptors; ",31667,50885,22865,3073,41718,6094,0,0
221,reply,3971,115555468,3421,3468,1466,3362,0x01 Java Layer Dependent,"0x11 this is a one-way call: async, no return; allow replies with file descriptors; ",22084,36302,25052,3281,27500,5521,0,0
222,request,3972,115555469,1466,3397,3421,3473,0x0a Java Layer Dependent,"0x11 this is a one-way call: async, no return; allow replies with file descriptors; ",36615,47604,22292,3229,38750,5625,0,0
222,reply,3973,115555470,3421,3468,1466,3362,0x01 Java Layer Dependent,"0x11 this is a one-way call: async, no return; allow replies with file descriptors; ",40156,32708,21563,3020,23959,5729,0,0
223,request,3974,115555471,1466,3397,3421,3473,0x0a Java Layer Dependent,"0x11 this is a one-way call: async, no return; allow replies with file descriptors; ",26927,52395,22396,15260,31146,5989,0,0
223,reply,3975,115555472,3421,3468,1466,3362,0x01 Java Layer Dependent,"0x11 this is a one-way call: async, no return; allow replies with file descriptors; ",26562,38386,24114,2917,27865,7604,0,0
224,request,3977,115555474,1466,3397,3421,3473,0x0a Java Layer Dependent,"0x11 this is a one-way call: async, no return; allow replies with file descriptors; ",25052,147083,22344,20781,120365,5937,0,0
224,reply,3978,115555476,3421,3468,1466,3362,0x01 Java Layer Dependent,"0x11 this is a one-way call: async, no return; allow replies with file descriptors; ",27760,45782,28750,3646,36146,5990,0,0
225,request,3980,115555480,1466,3397,3421,3473,0x0a Java Layer Dependent,"0x11 this is a one-way call: async, no return; allow replies with file descriptors; ",41927,82709,25677,3281,71146,8282,0,0
225,reply,3982,115555481,3421,3468,1466,3362,0x01 Java Layer Dependent,"0x11 this is a one-way call: async, no return; allow replies with file descriptors; ",24584,54114,27240,3281,43542,7291,0,0
226,request,3983,115555482,1466,3397,3421,3473,0x0a Java Layer Dependent,"0x11 this is a one-way call: async, no return; allow replies with file descriptors; ",30209,236823,26041,19063,208385,9375,0,0
226,reply,3986,115555486,3421,3468,1466,3362,0x01 Java Layer Dependent,"0x11 this is a one-way call: async, no return; allow replies with file descriptors; ",23385,39427,23646,3645,28750,7032,0,0
227,request,3987,115555487,1466,3397,3421,3473,0x0a Java Layer Dependent,"0x11 this is a one-way call: async, no return; allow replies with file descriptors; ",31354,40312,25156,2396,28229,9687,0,0
227,reply,3988,115555488,3421,3468,1466,3362,0x01 Java Layer Dependent,"0x11 this is a one-way call: async, no return; allow replies with file descriptors; ",27448,37865,15937,2188,27656,8021,0,0
228,request,3989,115555490,1466,3397,3421,3473,0x0a Java Layer Dependent,"0x11 this is a one-way call: async, no return; allow replies with file descriptors; ",29375,30469,13854,1458,21511,7500,0,0
228,reply,3991,115555491,3421,3468,1466,3362,0x01 Java Layer Dependent,"0x11 this is a one-way call: async, no return; allow replies with file descriptors; ",25365,31927,15156,1927,22344,7656,0,0
229,request,3996,115555501,1466,3397,3421,3473,0x0a Java Layer Dependent,"0x11 this is a one-way call: async, no return; allow replies with file descriptors; ",35000,59635,23906,17708,32552,9375,0,0
229,reply,3997,115555502,3421,3468,1466,3362,0x01 Java Layer Dependent,"0x11 this is a one-way call: async, no return; allow replies with file descriptors; ",20208,33855,37395,2657,26093,5105,0,0
230,request,4003,115555503,1466,3397,3421,3473,0x0a Java Layer Dependent,"0x11 this is a one-way call: async, no return; allow replies with file descriptors; ",29114,47552,21771,12864,29375,5313,0,0
230,reply,4004,115555504,3421,3468,1466,3362,0x01 Java Layer Dependent,"0x11 this is a one-way call: async, no return; allow replies with file descriptors; ",19635,34479,36198,3021,26145,5313,0,0
231,request,4005,115555505,1466,3397,3421,3473,0x0a Java Layer Dependent,"0x11 this is a one-way call: async, no return; allow replies with file descriptors; ",29740,47917,24062,3802,39115,5000,0,0
231,reply,4006,115555506,3421,3468,1466,3362,0x01 Java Layer Dependent,"0x11 this is a one-way call: async, no return; allow replies with file descriptors; ",28802,34635,23594,3177,25885,5573,0,0
232,request,4008,115555509,1466,3397,3421,3473,0x0a Java Layer Dependent,"0x11 this is a one-way call: async, no return; allow replies with file descriptors; ",29687,64896,23333,22552,33542,8802,0,0
232,reply,4009,115555510,3421,3468,1466,3362,0x01 Java Layer Dependent,"0x11 this is a one-way call: async, no return; allow replies with file descriptors; ",16615,33073,24375,3125,24948,5000,0,0
233,request,4011,115555513,1466,3397,3421,3473,0x0a Java Layer Dependent,"0x11 this is a one-way call: async, no return; allow replies with file descriptors; ",32031,94114,21198,21614,62969,9531,0,0
233,reply,4013,115555515,3421,3468,1466,3362,0x01 Java Layer Dependent,"0x11 this is a one-way call: async, no return; allow replies with file descriptors; ",20052,117812,16094,12708,98698,6406,0,0
234,request,4014,115555516,1466,3397,3421,3473,0x0a Java Layer Dependent,"0x11 this is a one-way call: async, no return; allow replies with file descriptors; ",30052,34167,20677,2188,22916,9063,0,0
234,reply,4016,115555520,3421,3468,1466,3362,0x01 Java Layer Dependent,"0x11 this is a one-way call: async, no return; allow replies with file descriptors; ",22500,52344,28333,3490,42500,6354,0,0
235,request,4019,115555522,1466,3397,3421,3473,0x0a Java Layer Dependent,"0x11 this is a one-way call: async, no return; allow replies with file descriptors; ",25885,34271,25469,2500,25468,6303,0,0
235,reply,4020,115555523,3421,3468,1466,3362,0x01 Java Layer Dependent,"0x11 this is a one-way call: async, no return; allow replies with file descriptors; ",23281,34688,17656,2604,25209,6875,0,0
236,request,4021,115555524,1466,3397,3421,3473,0x0a Java Layer Dependent,"0x11 this is a one-way call: async, no return; allow replies with file descriptors; ",36198,49114,22657,3281,39323,6510,0,0
236,reply,4022,115555525,3421,3468,1466,3362,0x01 Java Layer Dependent,"0x11 this is a one-way call: async, no return; allow replies with file descriptors; ",27396,61302,31146,4115,48385,8802,0,0
237,request,4023,115555526,1466,3397,3421,3473,0x0a Java Layer Dependent,"0x11 this is a one-way call: async, no return; allow replies with file descriptors; ",27291,34740,21094,2865,25364,6511,0,0
237,reply,4024,115555527,3421,3468,1466,3362,0x01 Java Layer Dependent,"0x11 this is a one-way call: async, no return; allow replies with file descriptors; ",22656,35625,16094,2188,27448,5989,0,0
238,request,4025,115555528,1466,3397,3421,3473,0x0a Java Layer Dependent,"0x11 this is a one-way call: async, no return; allow replies with file descriptors; ",30990,34687,21250,2656,26250,5781,0,0
238,reply,4026,115555529,3421,3468,1466,3362,0x01 Java Layer Dependent,"0x11 this is a one-way call: async, no return; allow replies with file descriptors; ",21823,36927,15677,2552,28542,5833,0,0
239,request,4027,115555530,1466,3397,3421,3473,0x0a Java Layer Dependent,"0x11 this is a one-way call: async, no return; allow replies with file descriptors; ",28698,35625,19323,3021,25990,6614,0,0
239,reply,4028,115555531,3421,3468,1466,3362,0x01 Java Layer Dependent,"0x11 this is a one-way call: async, no return; allow replies with file descriptors; ",20886,32291,13907,2083,23854,6354,0,0
240,request,4029,115555532,1466,3397,3421,3473,0x0a Java Layer Dependent,"0x11 this is a one-way call: async, no return; allow replies with file descriptors; ",41459,31614,19115,2760,22761,6093,0,0
240,reply,4031,115555534,3421,3468,1466,3362,0x01 Java Layer Dependent,"0x11 this is a one-way call: async, no return; allow replies with file descriptors; ",29375,44532,21093,3698,31146,9688,0,0
241,request,4033,115555537,1466,3397,3421,3473,0x0a Java Layer Dependent,"0x11 this is a one-way call: async, no return; allow replies with file descriptors; ",125781,47761,22187,2865,35260,9636,0,0
241,reply,4034,115555539,3421,3468,1466,3362,0x01 Java Layer Dependent,"0x11 this is a one-way call: async, no return; allow replies with file descriptors; ",19583,57552,20157,2812,47761,6979,0,0
242,request,4035,115555541,1466,3397,3421,3473,0x0a Java Layer Dependent,"0x11 this is a one-way call: async, no return; allow replies with file descriptors; ",29271,59375,20156,17865,31354,10156,0,0
242,reply,4037,115555542,3421,3468,1466,3362,0x01 Java Layer Dependent,"0x11 this is a one-way call: async, no return; allow replies with file descriptors; ",22292,39375,20885,3594,28802,6979,0,0
243,request,4040,115555546,1466,3397,3421,3473,0x0a Java Layer Dependent,"0x11 this is a one-way call: async, no return; allow replies with file descriptors; ",31615,35104,21041,2761,22291,10052,0,0
243,reply,4041,115555547,3421,3468,1466,3362,0x01 Java Layer Dependent,"0x11 this is a one-way call: async, no return; allow replies with file descriptors; ",23906,41406,24844,3385,28594,9427,0,0
244,request,4042,115555548,1466,3397,3421,3473,0x0a Java Layer Dependent,"0x11 this is a one-way call: async, no return; allow replies with file descriptors; ",32604,55573,21354,19323,27396,8854,0,0
244,reply,4043,115555549,3421,3468,1466,3362,0x01 Java Layer Dependent,"0x11 this is a one-way call: async, no return; allow replies with file descriptors; ",19792,34687,23958,2760,26302,5625,0,0
245,request,4044,115555550,1466,3397,3421,3473,0x0a Java Layer Dependent,"0x11 this is a one-way call: async, no return; allow replies with file descriptors; ",28489,50834,22344,14271,31198,5365,0,0
245,reply,4045,115555552,3421,3468,1466,3362,0x01 Java Layer Dependent,"0x11 this is a one-way call: async, no return; allow replies with file descriptors; ",30833,34584,25573,3021,26302,5261,0,0
246,request,4047,115555553,1466,3397,3421,3473,0x0a Java Layer Dependent,"0x11 this is a one-way call: async, no return; allow replies with file descriptors; ",34375,42396,28073,3698,28073,10625,0,0
246,reply,4048,115555554,3421,3468,1466,3362,0x01 Java Layer Dependent,"0x11 this is a one-way call: async, no return; allow replies with file descriptors; ",22708,40885,28334,3750,31145,5990,0,0
247,request,4049,115555555,1466,3397,3421,3473,0x0a Java Layer Dependent,"0x11 this is a one-way call: async, no return; allow replies with file descriptors; ",31719,46823,25886,4271,33437,9115,0,0
247,reply,4050,115555556,3421,3468,1466,3362,0x01 Java Layer Dependent,"0x11 this is a one-way call: async, no return; allow replies with file descriptors; ",27032,41875,15312,2240,31667,7968,0,0
248,request,4051,115555557,1466,3397,3421,3473,0x0a Java Layer Dependent,"0x11 this is a one-way call: async, no return; allow replies with file descriptors; ",30208,37500,23073,3698,25990,7812,0,0
248,reply,4053,115555559,3421,3468,1466,3362,0x01 Java Layer Dependent,"0x11 this is a one-way call: async, no return; allow replies with file descriptors; ",23646,59271,24896,3594,47396,8281,0,0
249,request,4055,115555563,1466,3397,3421,3473,0x0a Java Layer Dependent,"0x11 this is a one-way call: async, no return; allow replies with file descriptors; ",30000,38698,18281,2083,27448,9167,0,0
249,reply,4057,115555565,3421,3468,1466,3362,0x01 Java Layer Dependent,"0x11 this is a one-way call: async, no return; allow replies with file descriptors; ",26511,36302,28333,3334,25989,6979,0,0
250,request,4058,115555566,1466,3397,3421,3473,0x0a Java Layer Dependent,"0x11 this is a one-way call: async, no return; allow replies with file descriptors; ",29063,36614,25573,3385,25729,7500,0,0
250,reply,4059,115555567,3421,3468,1466,3362,0x01 Java Layer Dependent,"0x11 this is a one-way call: async, no return; allow replies with file descriptors; ",26823,34218,20105,2187,26406,5625,0,0
251,request,4061,115555569,1466,3397,3421,3473,0x0a Java Layer Dependent,"0x11 this is a one-way call: async, no return; allow replies with file descriptors; ",34167,38385,16198,2239,26042,10104,0,0
251,reply,4063,115555572,3421,3468,1466,3362,0x01 Java Layer Dependent,"0x11 this is a one-way call: async, no return; allow replies with file descriptors; ",19584,32239,17552,2239,23490,6510,0,0
252,request,4065,115555574,1466,3397,3421,3473,0x0a Java Layer Dependent,"0x11 this is a one-way call: async, no return; allow replies with file descriptors; ",40416,42084,20260,2188,29010,10886,0,0
252,reply,4066,115555575,3421,3468,1466,3362,0x01 Java Layer Dependent,"0x11 this is a one-way call: async, no return; allow replies with file descriptors; ",25938,35000,18437,2656,26146,6198,0,0
253,request,4067,115555576,1466,3397,3421,3473,0x0a Java Layer Dependent,"0x11 this is a one-way call: async, no return; allow replies with file descriptors; ",26511,43698,15416,13282,23698,6718,0,0
253,reply,4068,115555577,3421,3468,1466,3362,0x01 Java Layer Dependent,"0x11 this is a one-way call: async, no return; allow replies with file descriptors; ",22135,30938,15625,1927,22761,6250,0,0
254,request,4069,115555578,1466,3397,3421,3473,0x0a Java Layer Dependent,"0x11 this is a one-way call: async, no return; allow replies with file descriptors; ",30938,30625,15468,1771,22865,5989,0,0
254,reply,4070,115555579,3421,3468,1466,3362,0x01 Java Layer Dependent,"0x11 this is a one-way call: async, no return; allow replies with file descriptors; ",20209,32812,14948,1979,25000,5833,0,0
255,request,4071,115555580,1466,3397,3421,3473,0x0a Java Layer Dependent,"0x11 this is a one-way call: async, no return; allow replies with file descriptors; ",28229,28125,17084,1875,20625,5625,0,0
255,reply,4072,115555581,3421,3468,1466,3362,0x01 Java Layer Dependent,"0x11 this is a one-way call: async, no return; allow replies with file descriptors; ",19896,30000,17708,2083,21511,6406,0,0
256,request,4073,115555582,1466,3397,3421,3473,0x0a Java Layer Dependent,"0x11 this is a one-way call: async, no return; allow replies with file descriptors; ",28594,31302,25989,3281,23334,4687,0,0
256,reply,4075,115555584,3421,3468,1466,3362,0x01 Java Layer Dependent,"0x11 this is a one-way call: async, no return; allow replies with file descriptors; ",16667,31770,26407,2916,24271,4583,0,0
257,request,4076,115555586,1466,3397,3421,3473,0x0a Java Layer Dependent,"0x11 this is a one-way call: async, no return; allow replies with file descriptors; ",31354,35000,21666,2917,26094,5989,0,0
257,reply,4078,115555588,3421,3468,1466,3362,0x01 Java Layer Dependent,"0x11 this is a one-way call: async, no return; allow replies with file descriptors; ",33854,41354,23385,2813,31041,7500,0,0
258,request,4080,115555591,1466,3397,3421,3473,0x0a Java Layer Dependent,"0x11 this is a one-way call: async, no return; allow replies with file descriptors; ",35833,37709,26094,2604,27136,7969,0,0
258,reply,4081,115555592,3421,3468,1466,3362,0x01 Java Layer Dependent,"0x11 this is a one-way call: async, no return; allow replies with file descriptors; ",20782,34739,22813,2656,27083,5000,0,0
259,request,4083,115555595,1466,3397,3421,3473,0x0a Java Layer Dependent,"0x11 this is a one-way call: async, no return; allow replies with file descriptors; ",40208,34167,17604,2240,24531,7396,0,0
259,reply,4085,115555598,3421,3468,1466,3362,0x01 Java Layer Dependent,"0x11 this is a one-way call: async, no return; allow replies with file descriptors; ",25156,34480,16198,2240,24948,7292,0,0
260,request,4087,115555599,1466,3397,3421,3473,0x0a Java Layer Dependent,"0x11 this is a one-way call: async, no return; allow replies with file descriptors; ",28750,32344,15625,1563,22864,7917,0,0
260,reply,4088,115555600,3421,3468,1466,3362,0x01 Java Layer Dependent,"0x11 this is a one-way call: async, no return; allow replies with file descriptors; ",24532,36302,17343,2552,26302,7448,0,0
261,request,4089,115555601,1466,3397,3421,3473,0x0a Java Layer Dependent,"0x11 this is a one-way call: async, no return; allow replies with file descriptors; ",29740,31771,13750,1615,20625,9531,0,0
261,reply,4090,115555602,3421,3468,1466,3362,0x01 Java Layer Dependent,"0x11 this is a one-way call: async, no return; allow replies with file descriptors; ",23542,34635,15625,2083,25729,6823,0,0
262,request,4091,115555603,1466,3397,3421,3473,0x0a Java Layer Dependent,"0x11 this is a one-way call: async, no return; allow replies with file descriptors; ",30260,34115,14166,1563,22604,9948,0,0
262,reply,4092,115555604,3421,3468,1466,3362,0x01 Java Layer Dependent,"0x11 this is a one-way call: async, no return; allow replies with file descriptors; ",24948,32865,14166,2240,22917,7708,0,0
263,request,4093,115555605,1466,3397,3421,3473,0x0a Java Layer Dependent,"0x11 this is a one-way call: async, no return; allow replies with file descriptors; ",32343,31771,14531,2239,22188,7344,0,0
263,reply,4094,115555606,3421,3468,1466,3362,0x01 Java Layer Dependent,"0x11 this is a one-way call: async, no return; allow replies with file descriptors; ",23854,33802,14219,2864,23907,7031,0,0
264,request,4095,115555607,1466,3397,3421,3473,0x0a Java Layer Dependent,"0x11 this is a one-way call: async, no return; allow replies with file descriptors; ",35469,31250,14427,1823,20833,8594,0,0
264,reply,4096,115555608,3421,3468,1466,3362,0x01 Java Layer Dependent,"0x11 this is a one-way call: async, no return; allow replies with file descriptors; ",23906,31198,12865,2187,21771,7240,0,0
265,request,4098,115555611,1466,3397,3421,3473,0x0a Java Layer Dependent,"0x11 this is a one-way call: async, no return; allow replies with file descriptors; ",33386,61666,27396,3697,45990,11979,0,0
265,reply,4100,115555613,3421,3468,1466,3362,0x01 Java Layer Dependent,"0x11 this is a one-way call: async, no return; allow replies with file descriptors; ",19010,32188,24896,3490,23177,5521,0,0
266,request,4101,115555616,1466,3397,3421,3473,0x0a Java Layer Dependent,"0x11 this is a one-way call: async, no return; allow replies with file descriptors; ",32083,55469,25416,18855,26666,9948,0,0
266,reply,4103,115555617,3421,3468,1466,3362,0x01 Java Layer Dependent,"0x11 this is a one-way call: async, no return; allow replies with file descriptors; ",29063,33385,23855,2656,26146,4583,0,0
267,request,4104,115555618,1466,3397,3421,3473,0x0a Java Layer Dependent,"0x11 this is a one-way call: async, no return; allow replies with file descriptors; ",23333,47760,23959,3385,38646,5729,0,0
267,reply,4106,115555621,3421,3468,1466,3362,0x01 Java Layer Dependent,"0x11 this is a one-way call: async, no return; allow replies with file descriptors; ",16354,31771,25000,2708,24480,4583,0,0
268,request,4108,115555623,1466,3397,3421,3473,0x0a Java Layer Dependent,"0x11 this is a one-way call: async, no return; allow replies with file descriptors; ",31719,53593,23230,3593,41563,8437,0,0
268,reply,4110,115555626,3421,3468,1466,3362,0x01 Java Layer Dependent,"0x11 this is a one-way call: async, no return; allow replies with file descriptors; ",24323,33489,20677,2916,25365,5208,0,0
269,request,4112,115555627,1466,3397,3421,3473,0x0a Java Layer Dependent,"0x11 this is a one-way call: async, no return; allow replies with file descriptors; ",29531,29531,40781,2396,21666,5469,0,0
269,reply,4113,115555628,3421,3468,1466,3362,0x01 Java Layer Dependent,"0x11 this is a one-way call: async, no return; allow replies with file descriptors; ",19115,56979,29114,2604,50261,4114,0,0
270,request,4116,115555632,1466,3397,3421,3473,0x0a Java Layer Dependent,"0x11 this is a one-way call: async, no return; allow replies with file descriptors; ",22552,35416,25782,3437,26875,5104,0,0
270,reply,4118,115555635,3421,3468,1466,3362,0x01 Java Layer Dependent,"0x11 this is a one-way call: async, no return; allow replies with file descriptors; ",22552,204427,21927,23021,175000,6406,0,0
271,request,4122,115555640,1466,3397,3421,3473,0x0a Java Layer Dependent,"0x11 this is a one-way call: async, no return; allow replies with file descriptors; ",25833,150312,25105,4323,137916,8073,0,0
271,reply,4127,115555645,3421,3468,1466,3362,0x01 Java Layer Dependent,"0x11 this is a one-way call: async, no return; allow replies with file descriptors; ",18229,214323,25990,17760,190938,5625,0,0
272,request,4142,115555655,1466,3397,3421,3473,0x0a Java Layer Dependent,"0x11 this is a one-way call: async, no return; allow replies with file descriptors; ",32239,2547084,40520,4219,2535261,7604,0,0
272,reply,4149,115555676,3421,3468,1466,3362,0x01 Java Layer Dependent,"0x11 this is a one-way call: async, no return; allow replies with file descriptors; ",24011,165469,29583,5261,153646,6562,0,0
273,request,4154,115555685,1466,3397,3421,3473,0x0a Java Layer Dependent,"0x11 this is a one-way call: async, no return; allow replies with file descriptors; ",28438,61302,703229,3021,50000,8281,0,0
273,reply,4171,115555708,3421,3468,1466,3362,0x01 Java Layer Dependent,"0x11 this is a one-way call: async, no return; allow replies with file descriptors; ",26198,83698,25625,2604,69844,11250,0,0
274,request,4197,115555733,1466,3397,3421,3473,0x0a Java Layer Dependent,"0x11 this is a one-way call: async, no return; allow replies with file descriptors; ",32708,181719,33594,16510,155625,9584,0,0
274,reply,4198,115555734,3421,3468,1466,3362,0x01 Java Layer Dependent,"0x11 this is a one-way call: async, no return; allow replies with file descriptors; ",25573,231718,27188,4583,220312,6823,0,0
275,request,4201,115555737,1466,3397,3421,3473,0x0a Java Layer Dependent,"0x11 this is a one-way call: async, no return; allow replies with file descriptors; ",27448,146198,26875,4062,130677,11459,0,0
275,reply,4203,115555740,3421,3468,1466,3362,0x01 Java Layer Dependent,"0x11 this is a one-way call: async, no return; allow replies with file descriptors; ",24063,49219,28854,3594,39115,6510,0,0
276,request,4205,115555744,1466,3397,3421,3473,0x0a Java Layer Dependent,"0x11 this is a one-way call: async, no return; allow replies with file descriptors; ",26719,48802,24583,3437,36927,8438,0,0
276,reply,4208,115555748,3421,3468,1466,3362,0x01 Java Layer Dependent,"0x11 this is a one-way call: async, no return; allow replies with file descriptors; ",22864,49844,26927,3594,39687,6563,0,0
277,request,4212,115555751,1466,3397,3421,3473,0x0a Java Layer Dependent,"0x11 this is a one-way call: async, no return; allow replies with file descriptors; ",32604,194167,26198,15261,170989,7917,0,0
277,reply,4215,115555757,3421,3468,1466,3362,0x01 Java Layer Dependent,"0x11 this is a one-way call: async, no return; allow replies with file descriptors; ",18542,62500,25416,4115,52552,5833,0,0
278,request,4216,115555759,1466,3397,3421,3473,0x0a Java Layer Dependent,"0x11 this is a one-way call: async, no return; allow replies with file descriptors; ",43177,46146,26510,4323,31198,10625,0,0
278,reply,4220,115555761,3421,3468,1466,3362,0x01 Java Layer Dependent,"0x11 this is a one-way call: async, no return; allow replies with file descriptors; ",31146,35990,25052,3490,26354,6146,0,0
279,request,4222,115555764,1466,3397,3421,3473,0x0a Java Layer Dependent,"0x11 this is a one-way call: async, no return; allow replies with file descriptors; ",27084,47031,27188,4219,35052,7760,0,0
279,reply,4224,115555766,3421,3468,1466,3362,0x01 Java Layer Dependent,"0x11 this is a one-way call: async, no return; allow replies with file descriptors; ",26354,39636,27343,3386,29271,6979,0,0
280,request,4227,115555771,1466,3397,3421,3473,0x0a Java Layer Dependent,"0x11 this is a one-way call: async, no return; allow replies with file descriptors; ",26302,34792,25625,3073,24219,7500,0,0
280,reply,4228,115555773,3421,3468,1466,3362,0x01 Java Layer Dependent,"0x11 this is a one-way call: async, no return; allow replies with file descriptors; ",27395,42500,25261,3333,31146,8021,0,0
281,request,4231,115555777,1466,3397,3421,3473,0x0a Java Layer Dependent,"0x11 this is a one-way call: async, no return; allow replies with file descriptors; ",36198,28646,23489,3021,18177,7448,0,0
281,reply,4233,115555780,3421,3468,1466,3362,0x01 Java Layer Dependent,"0x11 this is a one-way call: async, no return; allow replies with file descriptors; ",23490,33490,36145,3542,23594,6354,0,0
282,request,4234,115555782,1466,3397,3421,3473,0x0a Java Layer Dependent,"0x11 this is a one-way call: async, no return; allow replies with file descriptors; ",29740,33020,21250,2916,22500,7604,0,0
282,reply,4236,115555784,3421,3468,1466,3362,0x01 Java Layer Dependent,"0x11 this is a one-way call: async, no return; allow replies with file descriptors; ",22761,34010,21563,2604,24427,6979,0,0
283,request,4238,115555786,1466,3397,3421,3473,0x0a Java Layer Dependent,"0x11 this is a one-way call: async, no return; allow replies with file descriptors; ",34271,35625,20156,3021,25209,7395,0,0
283,reply,4239,115555787,3421,3468,1466,3362,0x01 Java Layer Dependent,"0x11 this is a one-way call: async, no return; allow replies with file descriptors; ",21719,33281,22865,2135,24063,7083,0,0
284,request,4241,115555790,1466,3397,3421,3473,0x0a Java Layer Dependent,"0x11 this is a one-way call: async, no return; allow replies with file descriptors; ",28385,48021,18489,3125,35990,8906,0,0
284,reply,4243,115555792,3421,3468,1466,3362,0x01 Java Layer Dependent,"0x11 this is a one-way call: async, no return; allow replies with file descriptors; ",27969,41927,28437,3386,30885,7656,0,0
285,request,4245,115555794,1466,3397,3421,3473,0x0a Java Layer Dependent,"0x11 this is a one-way call: async, no return; allow replies with file descriptors; ",26979,43594,21406,13333,24427,5834,0,0
285,reply,4247,115555796,3421,3468,1466,3362,0x01 Java Layer Dependent,"0x11 this is a one-way call: async, no return; allow replies with file descriptors; ",23750,33750,24427,2448,24323,6979,0,0
286,request,4248,115555798,1466,3397,3421,3473,0x0a Java Layer Dependent,"0x11 this is a one-way call: async, no return; allow replies with file descriptors; ",37396,54739,25677,19062,27188,8489,0,0
286,reply,4250,115555800,3421,3468,1466,3362,0x01 Java Layer Dependent,"0x11 this is a one-way call: async, no return; allow replies with file descriptors; ",24895,74063,26875,20208,46771,7084,0,0
287,request,4252,115555804,1466,3397,3421,3473,0x0a Java Layer Dependent,"0x11 this is a one-way call: async, no return; allow replies with file descriptors; ",26041,69271,26407,15573,47083,6615,0,0
287,reply,4254,115555807,3421,3468,1466,3362,0x01 Java Layer Dependent,"0x11 this is a one-way call: async, no return; allow replies with file descriptors; ",24375,69479,28229,17031,46406,6042,0,0
288,request,4262,115555815,1466,3397,3421,3473,0x0a Java Layer Dependent,"0x11 this is a one-way call: async, no return; allow replies with file descriptors; ",26563,98697,25938,4010,87135,7552,0,0
288,reply,4265,115555816,3421,3468,1466,3362,0x01 Java Layer Dependent,"0x11 this is a one-way call: async, no return; allow replies with file descriptors; ",23646,65729,27344,3906,54948,6875,0,0
289,request,4268,115555820,1466,3397,3421,3473,0x0a Java Layer Dependent,"0x11 this is a one-way call: async, no return; allow replies with file descriptors; ",24323,64687,26302,2760,54480,7447,0,0
289,reply,4272,115555828,3421,3468,1466,3362,0x01 Java Layer Dependent,"0x11 this is a one-way call: async, no return; allow replies with file descriptors; ",22917,126927,26979,4062,115625,7240,0,0
290,request,4283,115555837,1466,3397,3421,3473,0x0a Java Layer Dependent,"0x11 this is a one-way call: async, no return; allow replies with file descriptors; ",26718,249271,26615,16927,224167,8177,0,0
290,reply,4285,115555842,3421,3468,1466,3362,0x01 Java Layer Dependent,"0x11 this is a one-way call: async, no return; allow replies with file descriptors; ",26197,40678,27083,3594,29948,7136,0,0
291,request,4287,115555843,1466,3397,3421,3473,0x0a Java Layer Dependent,"0x11 this is a one-way call: async, no return; allow replies with file descriptors; ",34739,47761,25781,3073,34271,10417,0,0
291,reply,4288,115555844,3421,3468,1466,3362,0x01 Java Layer Dependent,"0x11 this is a one-way call: async, no return; allow replies with file descriptors; ",29010,47188,26406,3334,35833,8021,0,0
292,request,4290,115555845,1466,3397,3421,3473,0x0a Java Layer Dependent,"0x11 this is a one-way call: async, no return; allow replies with file descriptors; ",33125,83542,24843,29896,44740,8906,0,0
292,reply,4291,115555846,3421,3468,1466,3362,0x01 Java Layer Dependent,"0x11 this is a one-way call: async, no return; allow replies with file descriptors; ",20989,35677,23959,3073,27604,5000,0,0
293,request,4293,115555849,1466,3397,3421,3473,0x0a Java Layer Dependent,"0x11 this is a one-way call: async, no return; allow replies with file descriptors; ",26459,56354,24948,2761,47708,5885,0,0
293,reply,4294,115555850,3421,3468,1466,3362,0x01 Java Layer Dependent,"0x11 this is a one-way call: async, no return; allow replies with file descriptors; ",22084,34114,26198,2812,26302,5000,0,0
294,request,4295,115555852,1466,3397,3421,3473,0x0a Java Layer Dependent,"0x11 this is a one-way call: async, no return; allow replies with file descriptors; ",26302,51250,24062,2656,41875,6719,0,0
294,reply,4297,115555855,3421,3468,1466,3362,0x01 Java Layer Dependent,"0x11 this is a one-way call: async, no return; allow replies with file descriptors; ",20156,36562,26407,3437,27136,5989,0,0
295,request,4298,115555856,1466,3397,3421,3473,0x0a Java Layer Dependent,"0x11 this is a one-way call: async, no return; allow replies with file descriptors; ",26927,51250,24479,3021,42240,5989,0,0
295,reply,4299,115555857,3421,3468,1466,3362,0x01 Java Layer Dependent,"0x11 this is a one-way call: async, no return; allow replies with file descriptors; ",20781,37396,25885,3490,28333,5573,0,0
296,request,4300,115555860,1466,3397,3421,3473,0x0a Java Layer Dependent,"0x11 this is a one-way call: async, no return; allow replies with file descriptors; ",22656,42240,25104,3125,32969,6146,0,0
296,reply,4301,115555861,3421,3468,1466,3362,0x01 Java Layer Dependent,"0x11 this is a one-way call: async, no return; allow replies with file descriptors; ",21614,44323,22500,3073,36250,5000,0,0
297,request,4303,115555864,1466,3397,3421,3473,0x0a Java Layer Dependent,"0x11 this is a one-way call: async, no return; allow replies with file descriptors; ",26510,139584,28906,13490,118541,7553,0,0
297,reply,4306,115555868,3421,3468,1466,3362,0x01 Java Layer Dependent,"0x11 this is a one-way call: async, no return; allow replies with file descriptors; ",22604,38594,24479,3282,28437,6875,0,0
298,request,4309,115555872,1466,3397,3421,3473,0x0a Java Layer Dependent,"0x11 this is a one-way call: async, no return; allow replies with file descriptors; ",23958,43542,27448,3802,32136,7604,0,0
298,reply,4310,115555873,3421,3468,1466,3362,0x01 Java Layer Dependent,"0x11 this is a one-way call: async, no return; allow replies with file descriptors; ",24740,37968,17500,2552,29010,6406,0,0
299,request,4312,115555875,1466,3397,3421,3473,0x0a Java Layer Dependent,"0x11 this is a one-way call: async, no return; allow replies with file descriptors; ",50729,38073,24114,1875,26719,9479,0,0
299,reply,4313,115555876,3421,3468,1466,3362,0x01 Java Layer Dependent,"0x11 this is a one-way call: async, no return; allow replies with file descriptors; ",30833,43386,24010,3386,31666,8334,0,0
300,request,4314,115555877,1466,3397,3421,3473,0x0a Java Layer Dependent,"0x11 this is a one-way call: async, no return; allow replies with file descriptors; ",31979,50312,45156,3489,37084,9739,0,0
300,reply,4315,115555878,3421,3468,1466,3362,0x01 Java Layer Dependent,"0x11 this is a one-way call: async, no return; allow replies with file descriptors; ",22968,38282,26041,3282,28958,6042,0,0
301,request,4316,115555879,1466,3397,3421,3473,0x0a Java Layer Dependent,"0x11 this is a one-way call: async, no return; allow replies with file descriptors; ",25625,36355,26562,3282,27448,5625,0,0
301,reply,4317,115555880,3421,3468,1466,3362,0x01 Java Layer Dependent,"0x11 this is a one-way call: async, no return; allow replies with file descriptors; ",22917,38698,26042,3698,29583,5417,0,0
302,request,4318,115555881,1466,3397,3421,3473,0x0a Java Layer Dependent,"0x11 this is a one-way call: async, no return; allow replies with file descriptors; ",24532,31510,23177,2656,22657,6197,0,0
302,reply,4319,115555882,3421,3468,1466,3362,0x01 Java Layer Dependent,"0x11 this is a one-way call: async, no return; allow replies with file descriptors; ",22500,36250,24895,3282,27760,5208,0,0
303,request,4320,115555883,1466,3397,3421,3473,0x0a Java Layer Dependent,"0x11 this is a one-way call: async, no return; allow replies with file descriptors; ",24427,31042,23646,2812,22032,6198,0,0
303,reply,4321,115555884,3421,3468,1466,3362,0x01 Java Layer Dependent,"0x11 this is a one-way call: async, no return; allow replies with file descriptors; ",23073,35521,22708,2865,27604,5052,0,0
304,request,4322,115555885,1466,3397,3421,3473,0x0a Java Layer Dependent,"0x11 this is a one-way call: async, no return; allow replies with file descriptors; ",25781,78646,24896,44479,27813,6354,0,0
304,reply,4323,115555886,3421,3468,1466,3362,0x01 Java Layer Dependent,"0x11 this is a one-way call: async, no return; allow replies with file descriptors; ",27500,35990,24114,3542,27031,5417,0,0
305,request,4324,115555887,1466,3397,3421,3473,0x0a Java Layer Dependent,"0x11 this is a one-way call: async, no return; allow replies with file descriptors; ",65000,33125,21614,3490,24166,5469,0,0
305,reply,4325,115555888,3421,3468,1466,3362,0x01 Java Layer Dependent,"0x11 this is a one-way call: async, no return; allow replies with file descriptors; ",23698,35417,24843,2969,26927,5521,0,0
306,request,4326,115555889,1466,3397,3421,3473,0x0a Java Layer Dependent,"0x11 this is a one-way call: async, no return; allow replies with file descriptors; ",26719,34062,23229,3073,25364,5625,0,0
306,reply,4327,115555890,3421,3468,1466,3362,0x01 Java Layer Dependent,"0x11 this is a one-way call: async, no return; allow replies with file descriptors; ",21198,36667,23698,3282,28072,5313,0,0
307,request,4328,115555891,1466,3397,3421,3473,0x0a Java Layer Dependent,"0x11 this is a one-way call: async, no return; allow replies with file descriptors; ",25416,35000,24219,2864,25573,6563,0,0
307,reply,4329,115555892,3421,3468,1466,3362,0x01 Java Layer Dependent,"0x11 this is a one-way call: async, no return; allow replies with file descriptors; ",20990,37552,25521,3594,28489,5469,0,0
308,request,4330,115555893,1466,3397,3421,3473,0x0a Java Layer Dependent,"0x11 this is a one-way call: async, no return; allow replies with file descriptors; ",26875,34323,24948,3073,25521,5729,0,0
308,reply,4331,115555894,3421,3468,1466,3362,0x01 Java Layer Dependent,"0x11 this is a one-way call: async, no return; allow replies with file descriptors; ",22604,38750,25000,3437,29063,6250,0,0
309,request,4332,115555895,1466,3397,3421,3473,0x0a Java Layer Dependent,"0x11 this is a one-way call: async, no return; allow replies with file descriptors; ",25468,31250,25469,3125,22500,5625,0,0
309,reply,4333,115555896,3421,3468,1466,3362,0x01 Java Layer Dependent,"0x11 this is a one-way call: async, no return; allow replies with file descriptors; ",41666,31146,24948,2969,23072,5105,0,0
310,request,4334,115555897,1466,3397,3421,3473,0x0a Java Layer Dependent,"0x11 this is a one-way call: async, no return; allow replies with file descriptors; ",23854,48958,19844,2604,40833,5521,0,0
310,reply,4335,115555898,3421,3468,1466,3362,0x01 Java Layer Dependent,"0x11 this is a one-way call: async, no return; allow replies with file descriptors; ",29375,49219,23333,2656,36250,10313,0,0
311,request,4336,115555899,1466,3397,3421,3473,0x0a Java Layer Dependent,"0x11 this is a one-way call: async, no return; allow replies with file descriptors; ",29115,61198,29166,19011,34062,8125,0,0
311,reply,4337,115555900,3421,3468,1466,3362,0x01 Java Layer Dependent,"0x11 this is a one-way call: async, no return; allow replies with file descriptors; ",24844,39895,28855,3229,30573,6093,0,0
312,request,4338,115555901,1466,3397,3421,3473,0x0a Java Layer Dependent,"0x11 this is a one-way call: async, no return; allow replies with file descriptors; ",27083,44687,21719,3177,36718,4792,0,0
312,reply,4339,115555902,3421,3468,1466,3362,0x01 Java Layer Dependent,"0x11 this is a one-way call: async, no return; allow replies with file descriptors; ",32187,51354,25313,5573,35781,10000,0,0
313,request,4340,115555903,1466,3397,3421,3473,0x0a Java Layer Dependent,"0x11 this is a one-way call: async, no return; allow replies with file descriptors; ",23646,81667,18854,25365,50729,5573,0,0
313,reply,4341,115555904,3421,3468,1466,3362,0x01 Java Layer Dependent,"0x11 this is a one-way call: async, no return; allow replies with file descriptors; ",25729,56042,24114,2917,45208,7917,0,0
314,request,4342,115555905,1466,3397,3421,3473,0x0a Java Layer Dependent,"0x11 this is a one-way call: async, no return; allow replies with file descriptors; ",36302,41042,25990,3906,27656,9480,0,0
314,reply,4343,115555906,3421,3468,1466,3362,0x01 Java Layer Dependent,"0x11 this is a one-way call: async, no return; allow replies with file descriptors; ",22500,36198,18542,2031,25885,8282,0,0
315,request,4344,115555907,1466,3397,3421,3473,0x0a Java Layer Dependent,"0x11 this is a one-way call: async, no return; allow replies with file descriptors; ",31927,73334,22187,3021,64479,5834,0,0
315,reply,4345,115555908,3421,3468,1466,3362,0x01 Java Layer Dependent,"0x11 this is a one-way call: async, no return; allow replies with file descriptors; ",28438,44375,19635,2813,32656,8906,0,0
316,request,4346,115555909,1466,3397,3421,3473,0x0a Java Layer Dependent,"0x11 this is a one-way call: async, no return; allow replies with file descriptors; ",31875,41770,24584,3489,29219,9062,0,0
316,reply,4347,115555910,3421,3468,1466,3362,0x01 Java Layer Dependent,"0x11 this is a one-way call: async, no return; allow replies with file descriptors; ",25678,41145,16146,2031,31042,8072,0,0
317,request,4348,115555911,1466,3397,3421,3473,0x0a Java Layer Dependent,"0x11 this is a one-way call: async, no return; allow replies with file descriptors; ",31562,41042,24791,3281,29844,7917,0,0
317,reply,4349,115555912,3421,3468,1466,3362,0x01 Java Layer Dependent,"0x11 this is a one-way call: async, no return; allow replies with file descriptors; ",26875,38907,15729,1719,29531,7657,0,0
318,request,4350,115555913,1466,3397,3421,3473,0x0a Java Layer Dependent,"0x11 this is a one-way call: async, no return; allow replies with file descriptors; ",63281,35677,22708,3437,24375,7865,0,0
318,reply,4351,115555914,3421,3468,1466,3362,0x01 Java Layer Dependent,"0x11 this is a one-way call: async, no return; allow replies with file descriptors; ",25365,39583,16198,2083,29063,8437,0,0
319,request,4352,115555915,1466,3397,3421,3473,0x0a Java Layer Dependent,"0x11 this is a one-way call: async, no return; allow replies with file descriptors; ",31823,39479,24479,3125,28385,7969,0,0
319,reply,4353,115555916,3421,3468,1466,3362,0x01 Java Layer Dependent,"0x11 this is a one-way call: async, no return; allow replies with file descriptors; ",27395,41198,24896,2552,31354,7292,0,0
320,request,4354,115555917,1466,3397,3421,3473,0x0a Java Layer Dependent,"0x11 this is a one-way call: async, no return; allow replies with file descriptors; ",28646,41146,22187,3438,28177,9531,0,0
320,reply,4355,115555918,3421,3468,1466,3362,0x01 Java Layer Dependent,"0x11 this is a one-way call: async, no return; allow replies with file descriptors; ",29740,39844,16510,1980,29583,8281,0,0
321,request,4356,115555919,1466,3397,3421,3473,0x0a Java Layer Dependent,"0x11 this is a one-way call: async, no return; allow replies with file descriptors; ",27448,41770,24323,2864,30834,8072,0,0
321,reply,4357,115555920,3421,3468,1466,3362,0x01 Java Layer Dependent,"0x11 this is a one-way call: async, no return; allow replies with file descriptors; ",28281,41615,15156,1615,31666,8334,0,0
322,request,4358,115555921,1466,3397,3421,3473,0x0a Java Layer Dependent,"0x11 this is a one-way call: async, no return; allow replies with file descriptors; ",31510,42188,22448,3073,30000,9115,0,0
322,reply,4360,115555923,3421,3468,1466,3362,0x01 Java Layer Dependent,"0x11 this is a one-way call: async, no return; allow replies with file descriptors; ",25625,39427,15417,1875,28542,9010,0,0
323,request,4361,115555924,1466,3397,3421,3473,0x0a Java Layer Dependent,"0x11 this is a one-way call: async, no return; allow replies with file descriptors; ",30990,56979,27396,15938,32604,8437,0,0
323,reply,4362,115555925,3421,3468,1466,3362,0x01 Java Layer Dependent,"0x11 this is a one-way call: async, no return; allow replies with file descriptors; ",25573,219636,25989,15834,197708,6094,0,0
324,request,4363,115555926,1466,3397,3421,3473,0x0a Java Layer Dependent,"0x11 this is a one-way call: async, no return; allow replies with file descriptors; ",26615,30260,23021,3229,20260,6771,0,0
324,reply,4364,115555927,3421,3468,1466,3362,0x01 Java Layer Dependent,"0x11 this is a one-way call: async, no return; allow replies with file descriptors; ",27761,41406,24271,3802,30990,6614,0,0
325,request,4365,115555928,1466,3397,3421,3473,0x0a Java Layer Dependent,"0x11 this is a one-way call: async, no return; allow replies with file descriptors; ",37604,65000,24843,22448,32292,10260,0,0
325,reply,4366,115555929,3421,3468,1466,3362,0x01 Java Layer Dependent,"0x11 this is a one-way call: async, no return; allow replies with file descriptors; ",33646,37968,25417,2968,29167,5833,0,0
326,request,4367,115555930,1466,3397,3421,3473,0x0a Java Layer Dependent,"0x11 this is a one-way call: async, no return; allow replies with file descriptors; ",25990,47031,24063,14635,25886,6510,0,0
326,reply,4368,115555931,3421,3468,1466,3362,0x01 Java Layer Dependent,"0x11 this is a one-way call: async, no return; allow replies with file descriptors; ",22500,36458,25886,3593,26771,6094,0,0
327,request,4369,115555932,1466,3397,3421,3473,0x0a Java Layer Dependent,"0x11 this is a one-way call: async, no return; allow replies with file descriptors; ",25885,48907,24166,14115,28698,6094,0,0
327,reply,4370,115555933,3421,3468,1466,3362,0x01 Java Layer Dependent,"0x11 this is a one-way call: async, no return; allow replies with file descriptors; ",21511,37396,25937,4011,27500,5885,0,0
328,request,4371,115555934,1466,3397,3421,3473,0x0a Java Layer Dependent,"0x11 this is a one-way call: async, no return; allow replies with file descriptors; ",26510,46355,23229,13698,26302,6355,0,0
328,reply,4372,115555935,3421,3468,1466,3362,0x01 Java Layer Dependent,"0x11 this is a one-way call: async, no return; allow replies with file descriptors; ",22135,36823,24739,3386,27760,5677,0,0
329,request,4373,115555936,1466,3397,3421,3473,0x0a Java Layer Dependent,"0x11 this is a one-way call: async, no return; allow replies with file descriptors; ",25260,50052,23282,15312,28542,6198,0,0
329,reply,4374,115555937,3421,3468,1466,3362,0x01 Java Layer Dependent,"0x11 this is a one-way call: async, no return; allow replies with file descriptors; ",21510,33906,24219,3229,25573,5104,0,0
330,request,4375,115555938,1466,3397,3421,3473,0x0a Java Layer Dependent,"0x11 this is a one-way call: async, no return; allow replies with file descriptors; ",25729,50209,24479,14636,30104,5469,0,0
330,reply,4376,115555939,3421,3468,1466,3362,0x01 Java Layer Dependent,"0x11 this is a one-way call: async, no return; allow replies with file descriptors; ",32083,37917,25000,3646,28177,6094,0,0
331,request,4377,115555940,1466,3397,3421,3473,0x0a Java Layer Dependent,"0x11 this is a one-way call: async, no return; allow replies with file descriptors; ",28020,50365,24010,15208,29167,5990,0,0
331,reply,4378,115555941,3421,3468,1466,3362,0x01 Java Layer Dependent,"0x11 this is a one-way call: async, no return; allow replies with file descriptors; ",19375,45521,22135,14427,25521,5573,0,0
332,request,4379,115555942,1466,3397,3421,3473,0x0a Java Layer Dependent,"0x11 this is a one-way call: async, no return; allow replies with file descriptors; ",35208,36407,22448,2292,25000,9115,0,0
332,reply,4380,115555943,3421,3468,1466,3362,0x01 Java Layer Dependent,"0x11 this is a one-way call: async, no return; allow replies with file descriptors; ",24166,33750,16146,2135,24844,6771,0,0
333,request,4381,115555944,1466,3397,3421,3473,0x0a Java Layer Dependent,"0x11 this is a one-way call: async, no return; allow replies with file descriptors; ",29844,51250,24844,13437,30834,6979,0,0
333,reply,4382,115555945,3421,3468,1466,3362,0x01 Java Layer Dependent,"0x11 this is a one-way call: async, no return; allow replies with file descriptors; ",19844,37864,24479,2969,28958,5937,0,0
334,request,4383,115555946,1466,3397,3421,3473,0x0a Java Layer Dependent,"0x11 this is a one-way call: async, no return; allow replies with file descriptors; ",25260,48281,26198,13489,28698,6094,0,0
334,reply,4384,115555947,3421,3468,1466,3362,0x01 Java Layer Dependent,"0x11 this is a one-way call: async, no return; allow replies with file descriptors; ",19792,36094,24010,3438,27396,5260,0,0
335,request,4385,115555948,1466,3397,3421,3473,0x0a Java Layer Dependent,"0x11 this is a one-way call: async, no return; allow replies with file descriptors; ",26614,46979,23386,13698,26718,6563,0,0
335,reply,4386,115555949,3421,3468,1466,3362,0x01 Java Layer Dependent,"0x11 this is a one-way call: async, no return; allow replies with file descriptors; ",20989,35886,25000,3230,26822,5834,0,0
336,request,4387,115555950,1466,3397,3421,3473,0x0a Java Layer Dependent,"0x11 this is a one-way call: async, no return; allow replies with file descriptors; ",26302,42240,22968,13177,22709,6354,0,0
336,reply,4388,115555951,3421,3468,1466,3362,0x01 Java Layer Dependent,"0x11 this is a one-way call: async, no return; allow replies with file descriptors; ",20573,34635,25053,3333,25469,5833,0,0
337,request,4389,115555952,1466,3397,3421,3473,0x0a Java Layer Dependent,"0x11 this is a one-way call: async, no return; allow replies with file descriptors; ",34532,42916,23490,13177,23385,6354,0,0
337,reply,4390,115555953,3421,3468,1466,3362,0x01 Java Layer Dependent,"0x11 this is a one-way call: async, no return; allow replies with file descriptors; ",19896,36615,23646,3542,27917,5156,0,0
338,request,4391,115555954,1466,3397,3421,3473,0x0a Java Layer Dependent,"0x11 this is a one-way call: async, no return; allow replies with file descriptors; ",29375,39011,21822,2969,26094,9948,0,0
338,reply,4392,115555955,3421,3468,1466,3362,0x01 Java Layer Dependent,"0x11 this is a one-way call: async, no return; allow replies with file descriptors; ",23490,39739,22396,3177,29427,7135,0,0
339,request,4393,115555956,1466,3397,3421,3473,0x0a Java Layer Dependent,"0x11 this is a one-way call: async, no return; allow replies with file descriptors; ",31822,68594,24323,21198,37031,10365,0,0
339,reply,4394,115555957,3421,3468,1466,3362,0x01 Java Layer Dependent,"0x11 this is a one-way call: async, no return; allow replies with file descriptors; ",19739,35573,23229,3489,26459,5625,0,0
340,request,4395,115555958,1466,3397,3421,3473,0x0a Java Layer Dependent,"0x11 this is a one-way call: async, no return; allow replies with file descriptors; ",29740,118802,25521,3125,106406,9271,0,0
340,reply,4396,115555959,3421,3468,1466,3362,0x01 Java Layer Dependent,"0x11 this is a one-way call: async, no return; allow replies with file descriptors; ",19896,34323,22708,3646,25208,5469,0,0
341,request,4397,115555960,1466,3397,3421,3473,0x0a Java Layer Dependent,"0x11 this is a one-way call: async, no return; allow replies with file descriptors; ",25573,49219,60677,16042,26354,6823,0,0
341,reply,4398,115555961,3421,3468,1466,3362,0x01 Java Layer Dependent,"0x11 this is a one-way call: async, no return; allow replies with file descriptors; ",21354,39323,23281,3542,29270,6511,0,0
342,request,4399,115555962,1466,3397,3421,3473,0x0a Java Layer Dependent,"0x11 this is a one-way call: async, no return; allow replies with file descriptors; ",26823,46771,23281,13698,25886,7187,0,0
342,reply,4400,115555963,3421,3468,1466,3362,0x01 Java Layer Dependent,"0x11 this is a one-way call: async, no return; allow replies with file descriptors; ",21770,36667,24531,4167,26979,5521,0,0
343,request,4401,115555964,1466,3397,3421,3473,0x0a Java Layer Dependent,"0x11 this is a one-way call: async, no return; allow replies with file descriptors; ",24479,47448,25104,3385,37917,6146,0,0
343,reply,4402,115555965,3421,3468,1466,3362,0x01 Java Layer Dependent,"0x11 this is a one-way call: async, no return; allow replies with file descriptors; ",21615,35521,25208,3490,26510,5521,0,0
344,request,4403,115555966,1466,3397,3421,3473,0x0a Java Layer Dependent,"0x11 this is a one-way call: async, no return; allow replies with file descriptors; ",23594,48073,22448,14688,27031,6354,0,0
344,reply,4404,115555967,3421,3468,1466,3362,0x01 Java Layer Dependent,"0x11 this is a one-way call: async, no return; allow replies with file descriptors; ",19740,36094,25208,3855,26406,5833,0,0
345,request,4405,115555968,1466,3397,3421,3473,0x0a Java Layer Dependent,"0x11 this is a one-way call: async, no return; allow replies with file descriptors; ",26667,48802,24271,13750,29323,5729,0,0
345,reply,4406,115555969,3421,3468,1466,3362,0x01 Java Layer Dependent,"0x11 this is a one-way call: async, no return; allow replies with file descriptors; ",22552,37240,24531,3386,28281,5573,0,0
346,request,4407,115555970,1466,3397,3421,3473,0x0a Java Layer Dependent,"0x11 this is a one-way call: async, no return; allow replies with file descriptors; ",23698,44740,23698,13854,25105,5781,0,0
346,reply,4408,115555971,3421,3468,1466,3362,0x01 Java Layer Dependent,"0x11 this is a one-way call: async, no return; allow replies with file descriptors; ",45469,36563,24583,3490,27917,5156,0,0
347,request,4409,115555972,1466,3397,3421,3473,0x0a Java Layer Dependent,"0x11 this is a one-way call: async, no return; allow replies with file descriptors; ",27656,45417,22448,13229,26511,5677,0,0
347,reply,4410,115555973,3421,3468,1466,3362,0x01 Java Layer Dependent,"0x11 this is a one-way call: async, no return; allow replies with file descriptors; ",20573,36667,23541,3125,27552,5990,0,0
348,request,4411,115555974,1466,3397,3421,3473,0x0a Java Layer Dependent,"0x11 this is a one-way call: async, no return; allow replies with file descriptors; ",35209,46302,22969,13802,26719,5781,0,0
348,reply,4412,115555975,3421,3468,1466,3362,0x01 Java Layer Dependent,"0x11 this is a one-way call: async, no return; allow replies with file descriptors; ",19063,37239,24688,3229,27813,6197,0,0
349,request,4413,115555976,1466,3397,3421,3473,0x0a Java Layer Dependent,"0x11 this is a one-way call: async, no return; allow replies with file descriptors; ",26042,50469,23437,13490,30781,6198,0,0
349,reply,4414,115555977,3421,3468,1466,3362,0x01 Java Layer Dependent,"0x11 this is a one-way call: async, no return; allow replies with file descriptors; ",21927,35573,23385,2969,26302,6302,0,0
350,request,4415,115555978,1466,3397,3421,3473,0x0a Java Layer Dependent,"0x11 this is a one-way call: async, no return; allow replies with file descriptors; ",31146,40209,29062,2500,29428,8281,0,0
350,reply,4416,115555979,3421,3468,1466,3362,0x01 Java Layer Dependent,"0x11 this is a one-way call: async, no return; allow replies with file descriptors; ",18854,36510,18386,2552,28750,5208,0,0
351,request,4417,115555980,1466,3397,3421,3473,0x0a Java Layer Dependent,"0x11 this is a one-way call: async, no return; allow replies with file descriptors; ",26666,56406,25053,3177,47031,6198,0,0
351,reply,4418,115555981,3421,3468,1466,3362,0x01 Java Layer Dependent,"0x11 this is a one-way call: async, no return; allow replies with file descriptors; ",31198,39740,27396,3698,30156,5886,0,0
352,request,4419,115555982,1466,3397,3421,3473,0x0a Java Layer Dependent,"0x11 this is a one-way call: async, no return; allow replies with file descriptors; ",26459,50469,21510,11823,32969,5677,0,0
352,reply,4420,115555983,3421,3468,1466,3362,0x01 Java Layer Dependent,"0x11 this is a one-way call: async, no return; allow replies with file descriptors; ",25782,42812,24583,3698,30989,8125,0,0
353,request,4421,115555984,1466,3397,3421,3473,0x0a Java Layer Dependent,"0x11 this is a one-way call: async, no return; allow replies with file descriptors; ",31927,38020,23542,3072,24323,10625,0,0
353,reply,4422,115555985,3421,3468,1466,3362,0x01 Java Layer Dependent,"0x11 this is a one-way call: async, no return; allow replies with file descriptors; ",23802,38594,23542,3385,29532,5677,0,0
354,request,4423,115555986,1466,3397,3421,3473,0x0a Java Layer Dependent,"0x11 this is a one-way call: async, no return; allow replies with file descriptors; ",32291,38959,23229,3490,28489,6980,0,0
354,reply,4424,115555987,3421,3468,1466,3362,0x01 Java Layer Dependent,"0x11 this is a one-way call: async, no return; allow replies with file descriptors; ",18854,43334,25260,4584,31354,7396,0,0
355,request,4425,115555988,1466,3397,3421,3473,0x0a Java Layer Dependent,"0x11 this is a one-way call: async, no return; allow replies with file descriptors; ",29427,36510,25052,3333,26302,6875,0,0
355,reply,4426,115555989,3421,3468,1466,3362,0x01 Java Layer Dependent,"0x11 this is a one-way call: async, no return; allow replies with file descriptors; ",19322,45053,26927,4219,33959,6875,0,0
356,request,4427,115555990,1466,3397,3421,3473,0x0a Java Layer Dependent,"0x11 this is a one-way call: async, no return; allow replies with file descriptors; ",26510,38229,25053,3593,28802,5834,0,0
356,reply,4428,115555991,3421,3468,1466,3362,0x01 Java Layer Dependent,"0x11 this is a one-way call: async, no return; allow replies with file descriptors; ",22448,39740,25521,3281,30834,5625,0,0
357,request,4429,115555992,1466,3397,3421,3473,0x0a Java Layer Dependent,"0x11 this is a one-way call: async, no return; allow replies with file descriptors; ",27865,39375,23750,3178,29218,6979,0,0
357,reply,4430,115555993,3421,3468,1466,3362,0x01 Java Layer Dependent,"0x11 this is a one-way call: async, no return; allow replies with file descriptors; ",22656,43750,26719,4115,33646,5989,0,0
358,request,4431,115555994,1466,3397,3421,3473,0x0a Java Layer Dependent,"0x11 this is a one-way call: async, no return; allow replies with file descriptors; ",28385,39115,24010,3385,29219,6511,0,0
358,reply,4432,115555995,3421,3468,1466,3362,0x01 Java Layer Dependent,"0x11 this is a one-way call: async, no return; allow replies with file descriptors; ",20365,43646,27135,4323,31563,7760,0,0
359,request,4433,115555996,1466,3397,3421,3473,0x0a Java Layer Dependent,"0x11 this is a one-way call: async, no return; allow replies with file descriptors; ",26562,37396,24011,2604,29219,5573,0,0
359,reply,4434,115555997,3421,3468,1466,3362,0x01 Java Layer Dependent,"0x11 this is a one-way call: async, no return; allow replies with file descriptors; ",20781,41146,27916,3959,31771,5416,0,0
360,request,4435,115555998,1466,3397,3421,3473,0x0a Java Layer Dependent,"0x11 this is a one-way call: async, no return; allow replies with file descriptors; ",30521,36406,25313,3542,27291,5573,0,0
360,reply,4436,115555999,3421,3468,1466,3362,0x01 Java Layer Dependent,"0x11 this is a one-way call: async, no return; allow replies with file descriptors; ",23177,43646,29323,4479,32656,6511,0,0
361,request,4437,115556000,1466,3397,3421,3473,0x0a Java Layer Dependent,"0x11 this is a one-way call: async, no return; allow replies with file descriptors; ",28542,51146,33593,5000,38177,7969,0,0
361,reply,4438,115556001,3421,3468,1466,3362,0x01 Java Layer Dependent,"0x11 this is a one-way call: async, no return; allow replies with file descriptors; ",24062,47240,24323,3333,36927,6980,0,0
362,request,4439,115556002,1466,3397,3421,3473,0x0a Java Layer Dependent,"0x11 this is a one-way call: async, no return; allow replies with file descriptors; ",32344,45729,27917,2500,33958,9271,0,0
362,reply,4440,115556003,3421,3468,1466,3362,0x01 Java Layer Dependent,"0x11 this is a one-way call: async, no return; allow replies with file descriptors; ",25573,47448,32656,4114,36250,7084,0,0
363,request,4441,115556004,1466,3397,3421,3473,0x0a Java Layer Dependent,"0x11 this is a one-way call: async, no return; allow replies with file descriptors; ",33750,47291,28959,3854,36614,6823,0,0
363,reply,4442,115556005,3421,3468,1466,3362,0x01 Java Layer Dependent,"0x11 this is a one-way call: async, no return; allow replies with file descriptors; ",25000,46303,29739,3646,35209,7448,0,0
364,request,4443,115556006,1466,3397,3421,3473,0x0a Java Layer Dependent,"0x11 this is a one-way call: async, no return; allow replies with file descriptors; ",28646,75208,26719,3437,64427,7344,0,0
364,reply,4444,115556007,3421,3468,1466,3362,0x01 Java Layer Dependent,"0x11 this is a one-way call: async, no return; allow replies with file descriptors; ",25156,42031,25834,3437,32969,5625,0,0
365,request,4445,115556008,1466,3397,3421,3473,0x0a Java Layer Dependent,"0x11 this is a one-way call: async, no return; allow replies with file descriptors; ",28750,44792,26927,3907,35208,5677,0,0
365,reply,4446,115556009,3421,3468,1466,3362,0x01 Java Layer Dependent,"0x11 this is a one-way call: async, no return; allow replies with file descriptors; ",24427,44636,24895,3750,34688,6198,0,0
366,request,4447,115556010,1466,3397,3421,3473,0x0a Java Layer Dependent,"0x11 this is a one-way call: async, no return; allow replies with file descriptors; ",28385,46146,26771,3490,35364,7292,0,0
366,reply,4448,115556011,3421,3468,1466,3362,0x01 Java Layer Dependent,"0x11 this is a one-way call: async, no return; allow replies with file descriptors; ",23490,42708,26146,4219,31197,7292,0,0
367,request,4449,115556012,1466,3397,3421,3473,0x0a Java Layer Dependent,"0x11 this is a one-way call: async, no return; allow replies with file descriptors; ",37865,44531,27083,3594,34010,6927,0,0
367,reply,4450,115556013,3421,3468,1466,3362,0x01 Java Layer Dependent,"0x11 this is a one-way call: async, no return; allow replies with file descriptors; ",23229,46771,27709,4010,36979,5782,0,0
368,request,4451,115556014,1466,3397,3421,3473,0x0a Java Layer Dependent,"0x11 this is a one-way call: async, no return; allow replies with file descriptors; ",29687,50625,27761,4323,39271,7031,0,0
368,reply,4452,115556015,3421,3468,1466,3362,0x01 Java Layer Dependent,"0x11 this is a one-way call: async, no return; allow replies with file descriptors; ",21459,43229,27083,3646,32500,7083,0,0
369,request,4453,115556016,1466,3397,3421,3473,0x0a Java Layer Dependent,"0x11 this is a one-way call: async, no return; allow replies with file descriptors; ",34167,39323,21927,2448,29323,7552,0,0
369,reply,4454,115556017,3421,3468,1466,3362,0x01 Java Layer Dependent,"0x11 this is a one-way call: async, no return; allow replies with file descriptors; ",25313,44635,18490,2865,35000,6770,0,0
370,request,4455,115556018,1466,3397,3421,3473,0x0a Java Layer Dependent,"0x11 this is a one-way call: async, no return; allow replies with file descriptors; ",40677,36459,18958,3125,26719,6615,0,0
370,reply,4456,115556019,3421,3468,1466,3362,0x01 Java Layer Dependent,"0x11 this is a one-way call: async, no return; allow replies with file descriptors; ",25677,41615,18906,2032,31875,7708,0,0
371,request,4457,115556020,1466,3397,3421,3473,0x0a Java Layer Dependent,"0x11 this is a one-way call: async, no return; allow replies with file descriptors; ",26510,33021,16771,2083,24636,6302,0,0
371,reply,4458,115556021,3421,3468,1466,3362,0x01 Java Layer Dependent,"0x11 this is a one-way call: async, no return; allow replies with file descriptors; ",24896,42344,18542,2813,32239,7292,0,0
372,request,4459,115556022,1466,3397,3421,3473,0x0a Java Layer Dependent,"0x11 this is a one-way call: async, no return; allow replies with file descriptors; ",26667,34479,15313,2344,25625,6510,0,0
372,reply,4460,115556023,3421,3468,1466,3362,0x01 Java Layer Dependent,"0x11 this is a one-way call: async, no return; allow replies with file descriptors; ",38073,41458,19271,2343,33282,5833,0,0
373,request,4461,115556024,1466,3397,3421,3473,0x0a Java Layer Dependent,"0x11 this is a one-way call: async, no return; allow replies with file descriptors; ",26666,35781,39584,2083,26719,6979,0,0
373,reply,4462,115556025,3421,3468,1466,3362,0x01 Java Layer Dependent,"0x11 this is a one-way call: async, no return; allow replies with file descriptors; ",25729,42500,17500,2604,32396,7500,0,0
374,request,4463,115556026,1466,3397,3421,3473,0x0a Java Layer Dependent,"0x11 this is a one-way call: async, no return; allow replies with file descriptors; ",28490,35000,16927,2604,25782,6614,0,0
374,reply,4464,115556027,3421,3468,1466,3362,0x01 Java Layer Dependent,"0x11 this is a one-way call: async, no return; allow replies with file descriptors; ",23542,44063,17448,3230,33229,7604,0,0
375,request,4465,115556028,1466,3397,3421,3473,0x0a Java Layer Dependent,"0x11 this is a one-way call: async, no return; allow replies with file descriptors; ",29219,35052,15677,2709,25572,6771,0,0
375,reply,4466,115556029,3421,3468,1466,3362,0x01 Java Layer Dependent,"0x11 this is a one-way call: async, no return; allow replies with file descriptors; ",23750,41146,17760,2240,32187,6719,0,0
376,request,4467,115556030,1466,3397,3421,3473,0x0a Java Layer Dependent,"0x11 this is a one-way call: async, no return; allow replies with file descriptors; ",28490,35937,18333,2656,27240,6041,0,0
376,reply,4468,115556031,3421,3468,1466,3362,0x01 Java Layer Dependent,"0x11 this is a one-way call: async, no return; allow replies with file descriptors; ",23177,41250,18906,2083,32136,7031,0,0
377,request,4469,115556032,1466,3397,3421,3473,0x0a Java Layer Dependent,"0x11 this is a one-way call: async, no return; allow replies with file descriptors; ",26302,75312,22344,38645,29740,6927,0,0
377,reply,4470,115556033,3421,3468,1466,3362,0x01 Java Layer Dependent,"0x11 this is a one-way call: async, no return; allow replies with file descriptors; ",27761,50729,25989,2761,39687,8281,0,0
378,request,4471,115556034,1466,3397,3421,3473,0x0a Java Layer Dependent,"0x11 this is a one-way call: async, no return; allow replies with file descriptors; ",34739,41355,20104,3125,30782,7448,0,0
378,reply,4472,115556035,3421,3468,1466,3362,0x01 Java Layer Dependent,"0x11 this is a one-way call: async, no return; allow replies with file descriptors; ",35573,61041,26563,4062,43958,13021,0,0
379,request,4473,115556036,1466,3397,3421,3473,0x0a Java Layer Dependent,"0x11 this is a one-way call: async, no return; allow replies with file descriptors; ",41770,83386,21927,2917,67135,13334,0,0
379,reply,4474,115556037,3421,3468,1466,3362,0x01 Java Layer Dependent,"0x11 this is a one-way call: async, no return; allow replies with file descriptors; ",29740,46250,23698,3229,33646,9375,0,0
380,request,4475,115556038,1466,3397,3421,3473,0x0a Java Layer Dependent,"0x11 this is a one-way call: async, no return; allow replies with file descriptors; ",31614,39167,22292,2917,28750,7500,0,0
380,reply,4476,115556039,3421,3468,1466,3362,0x01 Java Layer Dependent,"0x11 this is a one-way call: async, no return; allow replies with file descriptors; ",30833,39375,24167,2604,29375,7396,0,0
381,request,4477,115556040,1466,3397,3421,3473,0x0a Java Layer Dependent,"0x11 this is a one-way call: async, no return; allow replies with file descriptors; ",32865,38489,23802,2916,28073,7500,0,0
381,reply,4478,115556041,3421,3468,1466,3362,0x01 Java Layer Dependent,"0x11 this is a one-way call: async, no return; allow replies with file descriptors; ",30364,42500,24375,3333,30781,8386,0,0
382,request,4479,115556042,1466,3397,3421,3473,0x0a Java Layer Dependent,"0x11 this is a one-way call: async, no return; allow replies with file descriptors; ",38698,42240,24062,2396,32032,7812,0,0
382,reply,4480,115556043,3421,3468,1466,3362,0x01 Java Layer Dependent,"0x11 this is a one-way call: async, no return; allow replies with file descriptors; ",30313,42916,21563,3385,30990,8541,0,0
383,request,4481,115556044,1466,3397,3421,3473,0x0a Java Layer Dependent,"0x11 this is a one-way call: async, no return; allow replies with file descriptors; ",38541,39792,21302,2500,28906,8386,0,0
383,reply,4482,115556045,3421,3468,1466,3362,0x01 Java Layer Dependent,"0x11 this is a one-way call: async, no return; allow replies with file descriptors; ",28593,43073,22031,3073,31927,8073,0,0
384,request,4483,115556046,1466,3397,3421,3473,0x0a Java Layer Dependent,"0x11 this is a one-way call: async, no return; allow replies with file descriptors; ",33021,37188,19218,2448,27032,7708,0,0
384,reply,4484,115556047,3421,3468,1466,3362,0x01 Java Layer Dependent,"0x11 this is a one-way call: async, no return; allow replies with file descriptors; ",44114,60990,25885,4167,45416,11407,0,0
385,request,4485,115556048,1466,3397,3421,3473,0x0a Java Layer Dependent,"0x11 this is a one-way call: async, no return; allow replies with file descriptors; ",37136,40468,25000,2083,29792,8593,0,0
385,reply,4486,115556049,3421,3468,1466,3362,0x01 Java Layer Dependent,"0x11 this is a one-way call: async, no return; allow replies with file descriptors; ",33229,48229,26302,2760,36667,8802,0,0
386,request,4487,115556050,1466,3397,3421,3473,0x0a Java Layer Dependent,"0x11 this is a one-way call: async, no return; allow replies with file descriptors; ",40990,44323,25573,2135,33490,8698,0,0
386,reply,4488,115556051,3421,3468,1466,3362,0x01 Java Layer Dependent,"0x11 this is a one-way call: async, no return; allow replies with file descriptors; ",32657,46145,25417,2812,34479,8854,0,0
387,request,4489,115556052,1466,3397,3421,3473,0x0a Java Layer Dependent,"0x11 this is a one-way call: async, no return; allow replies with file descriptors; ",34271,53021,42604,5052,38802,9167,0,0
387,reply,4490,115556053,3421,3468,1466,3362,0x01 Java Layer Dependent,"0x11 this is a one-way call: async, no return; allow replies with file descriptors; ",28230,50520,38490,5104,37916,7500,0,0
388,request,4491,115556054,1466,3397,3421,3473,0x0a Java Layer Dependent,"0x11 this is a one-way call: async, no return; allow replies with file descriptors; ",49739,47084,34687,2709,34896,9479,0,0
388,reply,4492,115556056,3421,3468,1466,3362,0x01 Java Layer Dependent,"0x11 this is a one-way call: async, no return; allow replies with file descriptors; ",29375,43958,25729,2864,33073,8021,0,0
389,request,4494,115556057,1466,3397,3421,3473,0x0a Java Layer Dependent,"0x11 this is a one-way call: async, no return; allow replies with file descriptors; ",28855,35468,20834,2291,25990,7187,0,0
389,reply,4495,115556058,3421,3468,1466,3362,0x01 Java Layer Dependent,"0x11 this is a one-way call: async, no return; allow replies with file descriptors; ",24740,38646,20260,2709,27239,8698,0,0
390,request,4496,115556059,1466,3397,3421,3473,0x0a Java Layer Dependent,"0x11 this is a one-way call: async, no return; allow replies with file descriptors; ",29792,38125,22240,1875,29010,7240,0,0
390,reply,4497,115556060,3421,3468,1466,3362,0x01 Java Layer Dependent,"0x11 this is a one-way call: async, no return; allow replies with file descriptors; ",24480,38906,20156,3021,28177,7708,0,0
391,request,4498,115556061,1466,3397,3421,3473,0x0a Java Layer Dependent,"0x11 this is a one-way call: async, no return; allow replies with file descriptors; ",31042,38906,19167,2083,28906,7917,0,0
391,reply,4499,115556062,3421,3468,1466,3362,0x01 Java Layer Dependent,"0x11 this is a one-way call: async, no return; allow replies with file descriptors; ",27083,39219,20781,2396,28593,8230,0,0
392,request,4500,115556063,1466,3397,3421,3473,0x0a Java Layer Dependent,"0x11 this is a one-way call: async, no return; allow replies with file descriptors; ",35312,44896,23750,2656,33854,8386,0,0
392,reply,4501,115556064,3421,3468,1466,3362,0x01 Java Layer Dependent,"0x11 this is a one-way call: async, no return; allow replies with file descriptors; ",29063,44322,25261,3437,33073,7812,0,0
393,request,4502,115556065,1466,3397,3421,3473,0x0a Java Layer Dependent,"0x11 this is a one-way call: async, no return; allow replies with file descriptors; ",29219,35000,22083,2344,26250,6406,0,0
393,reply,4503,115556066,3421,3468,1466,3362,0x01 Java Layer Dependent,"0x11 this is a one-way call: async, no return; allow replies with file descriptors; ",42136,36302,18698,2656,26302,7344,0,0
394,request,4504,115556067,1466,3397,3421,3473,0x0a Java Layer Dependent,"0x11 this is a one-way call: async, no return; allow replies with file descriptors; ",28750,37552,20729,2240,27708,7604,0,0
394,reply,4505,115556068,3421,3468,1466,3362,0x01 Java Layer Dependent,"0x11 this is a one-way call: async, no return; allow replies with file descriptors; ",30365,41875,20521,2136,32500,7239,0,0
395,request,4506,115556069,1466,3397,3421,3473,0x0a Java Layer Dependent,"0x11 this is a one-way call: async, no return; allow replies with file descriptors; ",32968,37344,21198,1823,26250,9271,0,0
395,reply,4507,115556070,3421,3468,1466,3362,0x01 Java Layer Dependent,"0x11 this is a one-way call: async, no return; allow replies with file descriptors; ",28802,40416,19532,2604,29687,8125,0,0
396,request,4508,115556071,1466,3397,3421,3473,0x0a Java Layer Dependent,"0x11 this is a one-way call: async, no return; allow replies with file descriptors; ",29427,37708,22188,2500,28177,7031,0,0
396,reply,4509,115556072,3421,3468,1466,3362,0x01 Java Layer Dependent,"0x11 this is a one-way call: async, no return; allow replies with file descriptors; ",27500,40157,18750,1979,30105,8073,0,0
397,request,4510,115556073,1466,3397,3421,3473,0x0a Java Layer Dependent,"0x11 this is a one-way call: async, no return; allow replies with file descriptors; ",35573,69063,31198,20156,37605,11302,0,0
397,reply,4511,115556074,3421,3468,1466,3362,0x01 Java Layer Dependent,"0x11 this is a one-way call: async, no return; allow replies with file descriptors; ",25469,47969,33125,4219,34792,8958,0,0
398,request,4512,115556075,1466,3397,3421,3473,0x0a Java Layer Dependent,"0x11 this is a one-way call: async, no return; allow replies with file descriptors; ",33020,41407,27968,2136,31927,7344,0,0
398,reply,4513,115556076,3421,3468,1466,3362,0x01 Java Layer Dependent,"0x11 this is a one-way call: async, no return; allow replies with file descriptors; ",36979,36146,18177,2240,27864,6042,0,0
399,request,4514,115556077,1466,3397,3421,3473,0x0a Java Layer Dependent,"0x11 this is a one-way call: async, no return; allow replies with file descriptors; ",33281,37917,20521,1771,28698,7448,0,0
399,reply,4515,115556078,3421,3468,1466,3362,0x01 Java Layer Dependent,"0x11 this is a one-way call: async, no return; allow replies with file descriptors; ",26458,37657,18281,2292,27917,7448,0,0
400,request,4516,115556079,1466,3397,3421,3473,0x0a Java Layer Dependent,"0x11 this is a one-way call: async, no return; allow replies with file descriptors; ",31615,84687,27969,43541,33750,7396,0,0
400,reply,4517,115556080,3421,3468,1466,3362,0x01 Java Layer Dependent,"0x11 this is a one-way call: async, no return; allow replies with file descriptors; ",29427,46562,22240,2396,35104,9062,0,0
401,request,4518,115556081,1466,3397,3421,3473,0x0a Java Layer Dependent,"0x11 this is a one-way call: async, no return; allow replies with file descriptors; ",39323,48490,25937,2292,36302,9896,0,0
401,reply,4519,115556082,3421,3468,1466,3362,0x01 Java Layer Dependent,"0x11 this is a one-way call: async, no return; allow replies with file descriptors; ",30990,45521,24479,2709,34218,8594,0,0
402,request,4520,115556083,1466,3397,3421,3473,0x0a Java Layer Dependent,"0x11 this is a one-way call: async, no return; allow replies with file descriptors; ",39427,42084,25208,2865,30729,8490,0,0
402,reply,4521,115556084,3421,3468,1466,3362,0x01 Java Layer Dependent,"0x11 this is a one-way call: async, no return; allow replies with file descriptors; ",31666,49375,23698,3489,36459,9427,0,0
403,request,4522,115556085,1466,3397,3421,3473,0x0a Java Layer Dependent,"0x11 this is a one-way call: async, no return; allow replies with file descriptors; ",38541,45521,27292,3021,34687,7813,0,0
403,reply,4523,115556086,3421,3468,1466,3362,0x01 Java Layer Dependent,"0x11 this is a one-way call: async, no return; allow replies with file descriptors; ",32135,45625,23802,2552,34427,8646,0,0
404,request,4524,115556087,1466,3397,3421,3473,0x0a Java Layer Dependent,"0x11 this is a one-way call: async, no return; allow replies with file descriptors; ",77084,41771,24218,2709,29166,9896,0,0
404,reply,4525,115556088,3421,3468,1466,3362,0x01 Java Layer Dependent,"0x11 this is a one-way call: async, no return; allow replies with file descriptors; ",33437,48282,23333,2552,35834,9896,0,0
405,request,4526,115556089,1466,3397,3421,3473,0x0a Java Layer Dependent,"0x11 this is a one-way call: async, no return; allow replies with file descriptors; ",37812,50000,26875,3542,37239,9219,0,0
405,reply,4527,115556090,3421,3468,1466,3362,0x01 Java Layer Dependent,"0x11 this is a one-way call: async, no return; allow replies with file descriptors; ",33854,47188,23333,3021,35990,8177,0,0
406,request,4528,115556091,1466,3397,3421,3473,0x0a Java Layer Dependent,"0x11 this is a one-way call: async, no return; allow replies with file descriptors; ",36771,41563,25521,2917,30052,8594,0,0
406,reply,4529,115556092,3421,3468,1466,3362,0x01 Java Layer Dependent,"0x11 this is a one-way call: async, no return; allow replies with file descriptors; ",27812,39011,20833,2604,29011,7396,0,0
407,request,4532,115556096,1466,3397,3421,3473,0x0a Java Layer Dependent,"0x11 this is a one-way call: async, no return; allow replies with file descriptors; ",57813,62656,32240,3438,43437,15781,0,0
407,reply,4534,115556099,3421,3468,1466,3362,0x01 Java Layer Dependent,"0x11 this is a one-way call: async, no return; allow replies with file descriptors; ",36875,52552,29167,3437,37032,12083,0,0
408,request,4536,115556102,1466,3397,3421,3473,0x0a Java Layer Dependent,"0x11 this is a one-way call: async, no return; allow replies with file descriptors; ",41041,55990,22969,3021,36875,16094,0,0
408,reply,4537,115556104,3421,3468,1466,3362,0x01 Java Layer Dependent,"0x11 this is a one-way call: async, no return; allow replies with file descriptors; ",30573,110312,30000,4322,97813,8177,0,0
409,request,4540,115556106,1466,3397,3421,3473,0x0a Java Layer Dependent,"0x11 this is a one-way call: async, no return; allow replies with file descriptors; ",43073,49219,22864,3125,32969,13125,0,0
409,reply,4541,115556107,3421,3468,1466,3362,0x01 Java Layer Dependent,"0x11 this is a one-way call: async, no return; allow replies with file descriptors; ",31979,46927,21928,3333,32812,10782,0,0
410,request,4543,115556110,1466,3397,3421,3473,0x0a Java Layer Dependent,"0x11 this is a one-way call: async, no return; allow replies with file descriptors; ",44375,43593,24688,3020,27657,12916,0,0
410,reply,4544,115556113,3421,3468,1466,3362,0x01 Java Layer Dependent,"0x11 this is a one-way call: async, no return; allow replies with file descriptors; ",36042,49271,23385,3125,32969,13177,0,0
411,request,4546,115556115,1466,3397,3421,3473,0x0a Java Layer Dependent,"0x11 this is a one-way call: async, no return; allow replies with file descriptors; ",36771,37135,24428,2500,26041,8594,0,0
411,reply,4548,115556120,3421,3468,1466,3362,0x01 Java Layer Dependent,"0x11 this is a one-way call: async, no return; allow replies with file descriptors; ",37916,74063,31406,3646,61719,8698,0,0
412,request,4552,115556125,1466,3397,3421,3473,0x0a Java Layer Dependent,"0x11 this is a one-way call: async, no return; allow replies with file descriptors; ",43855,48385,24531,2292,32812,13281,0,0
412,reply,4553,115556126,3421,3468,1466,3362,0x01 Java Layer Dependent,"0x11 this is a one-way call: async, no return; allow replies with file descriptors; ",39219,50573,24219,3489,35000,12084,0,0
413,request,4555,115556128,1466,3397,3421,3473,0x0a Java Layer Dependent,"0x11 this is a one-way call: async, no return; allow replies with file descriptors; ",41927,104740,26718,4896,89271,10573,0,0
413,reply,4556,115556129,3421,3468,1466,3362,0x01 Java Layer Dependent,"0x11 this is a one-way call: async, no return; allow replies with file descriptors; ",37188,56458,30573,3385,43125,9948,0,0
414,request,4558,115556131,1466,3397,3421,3473,0x0a Java Layer Dependent,"0x11 this is a one-way call: async, no return; allow replies with file descriptors; ",37031,45156,23750,2812,32396,9948,0,0
414,reply,4559,115556132,3421,3468,1466,3362,0x01 Java Layer Dependent,"0x11 this is a one-way call: async, no return; allow replies with file descriptors; ",33750,52083,26771,3281,38802,10000,0,0
415,request,4560,115556134,1466,3397,3421,3473,0x0a Java Layer Dependent,"0x11 this is a one-way call: async, no return; allow replies with file descriptors; ",45885,47188,22760,2292,32136,12760,0,0
415,reply,4561,115556135,3421,3468,1466,3362,0x01 Java Layer Dependent,"0x11 this is a one-way call: async, no return; allow replies with file descriptors; ",38334,57343,23802,3646,41041,12656,0,0
416,request,4562,115556136,1466,3397,3421,3473,0x0a Java Layer Dependent,"0x11 this is a one-way call: async, no return; allow replies with file descriptors; ",46823,48906,25521,2917,32500,13489,0,0
416,reply,4563,115556137,3421,3468,1466,3362,0x01 Java Layer Dependent,"0x11 this is a one-way call: async, no return; allow replies with file descriptors; ",39791,52709,25937,3646,36094,12969,0,0
417,request,4564,115556138,1466,3397,3421,3473,0x0a Java Layer Dependent,"0x11 this is a one-way call: async, no return; allow replies with file descriptors; ",47343,51511,23698,2604,35729,13178,0,0
417,reply,4565,115556139,3421,3468,1466,3362,0x01 Java Layer Dependent,"0x11 this is a one-way call: async, no return; allow replies with file descriptors; ",34219,47292,19583,3178,32083,12031,0,0
418,request,4566,115556140,1466,3397,3421,3473,0x0a Java Layer Dependent,"0x11 this is a one-way call: async, no return; allow replies with file descriptors; ",38437,44063,20885,2604,31355,10104,0,0
418,reply,4567,115556141,3421,3468,1466,3362,0x01 Java Layer Dependent,"0x11 this is a one-way call: async, no return; allow replies with file descriptors; ",31406,52969,27240,3177,40625,9167,0,0
419,request,4568,115556142,1466,3397,3421,3473,0x0a Java Layer Dependent,"0x11 this is a one-way call: async, no return; allow replies with file descriptors; ",38177,43854,19323,1823,27968,14063,0,0
419,reply,4569,115556143,3421,3468,1466,3362,0x01 Java Layer Dependent,"0x11 this is a one-way call: async, no return; allow replies with file descriptors; ",49583,201511,30417,4583,186303,10625,0,0
420,request,4571,115556145,1466,3397,3421,3473,0x0a Java Layer Dependent,"0x11 this is a one-way call: async, no return; allow replies with file descriptors; ",41615,53229,21042,1927,37656,13646,0,0
420,reply,4572,115556146,3421,3468,1466,3362,0x01 Java Layer Dependent,"0x11 this is a one-way call: async, no return; allow replies with file descriptors; ",31562,42448,20886,2500,31979,7969,0,0
421,request,4573,115556147,1466,3397,3421,3473,0x0a Java Layer Dependent,"0x11 this is a one-way call: async, no return; allow replies with file descriptors; ",35469,42343,19167,2187,29115,11041,0,0
421,reply,4574,115556148,3421,3468,1466,3362,0x01 Java Layer Dependent,"0x11 this is a one-way call: async, no return; allow replies with file descriptors; ",30677,40834,18854,2448,29584,8802,0,0
422,request,4575,115556149,1466,3397,3421,3473,0x0a Java Layer Dependent,"0x11 this is a one-way call: async, no return; allow replies with file descriptors; ",34948,37188,19323,2083,27605,7500,0,0
422,reply,4576,115556150,3421,3468,1466,3362,0x01 Java Layer Dependent,"0x11 this is a one-way call: async, no return; allow replies with file descriptors; ",28490,44635,26667,2708,34792,7135,0,0
423,request,4584,115556160,1466,3397,3421,3473,0x0a Java Layer Dependent,"0x11 this is a one-way call: async, no return; allow replies with file descriptors; ",30416,41823,19688,2500,30364,8959,0,0
423,reply,4587,115556161,3421,3468,1466,3362,0x01 Java Layer Dependent,"0x11 this is a one-way call: async, no return; allow replies with file descriptors; ",26354,42500,23489,2396,33698,6406,0,0
424,request,4588,115556162,1466,3397,3421,3473,0x0a Java Layer Dependent,"0x11 this is a one-way call: async, no return; allow replies with file descriptors; ",47291,45990,21198,2240,31718,12032,0,0
424,reply,4589,115556163,3421,3468,1466,3362,0x01 Java Layer Dependent,"0x11 this is a one-way call: async, no return; allow replies with file descriptors; ",34218,49896,20052,2500,36718,10678,0,0
425,request,4590,115556164,1466,3397,3421,3473,0x0a Java Layer Dependent,"0x11 this is a one-way call: async, no return; allow replies with file descriptors; ",46875,44271,22187,2813,30937,10521,0,0
425,reply,4591,115556165,3421,3468,1466,3362,0x01 Java Layer Dependent,"0x11 this is a one-way call: async, no return; allow replies with file descriptors; ",29375,45104,18594,2239,32969,9896,0,0
426,request,4592,115556166,1466,3397,3421,3473,0x0a Java Layer Dependent,"0x11 this is a one-way call: async, no return; allow replies with file descriptors; ",46510,43490,21041,2813,30156,10521,0,0
426,reply,4593,115556167,3421,3468,1466,3362,0x01 Java Layer Dependent,"0x11 this is a one-way call: async, no return; allow replies with file descriptors; ",33489,45781,19427,2916,33229,9636,0,0
427,request,4594,115556168,1466,3397,3421,3473,0x0a Java Layer Dependent,"0x11 this is a one-way call: async, no return; allow replies with file descriptors; ",34687,94219,21771,10677,74583,8959,0,0
427,reply,4595,115556169,3421,3468,1466,3362,0x01 Java Layer Dependent,"0x11 this is a one-way call: async, no return; allow replies with file descriptors; ",31562,53229,26146,3646,41093,8490,0,0
428,request,4596,115556170,1466,3397,3421,3473,0x0a Java Layer Dependent,"0x11 this is a one-way call: async, no return; allow replies with file descriptors; ",63854,54219,22813,2917,36770,14532,0,0
428,reply,4597,115556171,3421,3468,1466,3362,0x01 Java Layer Dependent,"0x11 this is a one-way call: async, no return; allow replies with file descriptors; ",35157,45416,18855,2552,32500,10364,0,0
429,request,4598,115556172,1466,3397,3421,3473,0x0a Java Layer Dependent,"0x11 this is a one-way call: async, no return; allow replies with file descriptors; ",41354,47396,21094,2969,32083,12344,0,0
429,reply,4599,115556173,3421,3468,1466,3362,0x01 Java Layer Dependent,"0x11 this is a one-way call: async, no return; allow replies with file descriptors; ",35104,46667,21302,2344,33541,10782,0,0
430,request,4600,115556174,1466,3397,3421,3473,0x0a Java Layer Dependent,"0x11 this is a one-way call: async, no return; allow replies with file descriptors; ",41875,42135,21511,2135,31302,8698,0,0
430,reply,4601,115556175,3421,3468,1466,3362,0x01 Java Layer Dependent,"0x11 this is a one-way call: async, no return; allow replies with file descriptors; ",28854,51615,26875,2709,39948,8958,0,0
431,request,4602,115556176,1466,3397,3421,3473,0x0a Java Layer Dependent,"0x11 this is a one-way call: async, no return; allow replies with file descriptors; ",40730,48750,21041,2500,34323,11927,0,0
431,reply,4603,115556177,3421,3468,1466,3362,0x01 Java Layer Dependent,"0x11 this is a one-way call: async, no return; allow replies with file descriptors; ",35677,52604,22396,3125,37343,12136,0,0
432,request,4604,115556178,1466,3397,3421,3473,0x0a Java Layer Dependent,"0x11 this is a one-way call: async, no return; allow replies with file descriptors; ",38958,43542,21250,2656,32136,8750,0,0
432,reply,4605,115556179,3421,3468,1466,3362,0x01 Java Layer Dependent,"0x11 this is a one-way call: async, no return; allow replies with file descriptors; ",31146,53281,25313,2864,40573,9844,0,0
433,request,4606,115556180,1466,3397,3421,3473,0x0a Java Layer Dependent,"0x11 this is a one-way call: async, no return; allow replies with file descriptors; ",102604,46979,20313,2969,31197,12813,0,0
433,reply,4607,115556181,3421,3468,1466,3362,0x01 Java Layer Dependent,"0x11 this is a one-way call: async, no return; allow replies with file descriptors; ",34115,47239,20313,3125,33958,10156,0,0
434,request,4608,115556182,1466,3397,3421,3473,0x0a Java Layer Dependent,"0x11 this is a one-way call: async, no return; allow replies with file descriptors; ",40260,46146,22292,2500,32552,11094,0,0
434,reply,4609,115556183,3421,3468,1466,3362,0x01 Java Layer Dependent,"0x11 this is a one-way call: async, no return; allow replies with file descriptors; ",31198,43021,18958,2188,32343,8490,0,0
435,request,4611,115556185,1466,3397,3421,3473,0x0a Java Layer Dependent,"0x11 this is a one-way call: async, no return; allow replies with file descriptors; ",34115,40677,18802,2083,29115,9479,0,0
435,reply,4612,115556186,3421,3468,1466,3362,0x01 Java Layer Dependent,"0x11 this is a one-way call: async, no return; allow replies with file descriptors; ",32864,47709,22447,2500,37500,7709,0,0
436,request,4613,115556187,1466,3397,3421,3473,0x0a Java Layer Dependent,"0x11 this is a one-way call: async, no return; allow replies with file descriptors; ",42552,46771,19062,1875,32188,12708,0,0
436,reply,4614,115556188,3421,3468,1466,3362,0x01 Java Layer Dependent,"0x11 this is a one-way call: async, no return; allow replies with file descriptors; ",29947,40938,19479,2188,30156,8594,0,0
437,request,4615,115556189,1466,3397,3421,3473,0x0a Java Layer Dependent,"0x11 this is a one-way call: async, no return; allow replies with file descriptors; ",42083,48594,22240,2448,34010,12136,0,0
437,reply,4616,115556190,3421,3468,1466,3362,0x01 Java Layer Dependent,"0x11 this is a one-way call: async, no return; allow replies with file descriptors; ",33073,46406,20000,2604,33594,10208,0,0
438,request,4617,115556191,1466,3397,3421,3473,0x0a Java Layer Dependent,"0x11 this is a one-way call: async, no return; allow replies with file descriptors; ",41875,42656,21302,2292,32135,8229,0,0
438,reply,4618,115556192,3421,3468,1466,3362,0x01 Java Layer Dependent,"0x11 this is a one-way call: async, no return; allow replies with file descriptors; ",30730,50572,26094,2500,39114,8958,0,0
439,request,4619,115556193,1466,3397,3421,3473,0x0a Java Layer Dependent,"0x11 this is a one-way call: async, no return; allow replies with file descriptors; ",46198,48645,21459,2708,33229,12708,0,0
439,reply,4620,115556194,3421,3468,1466,3362,0x01 Java Layer Dependent,"0x11 this is a one-way call: async, no return; allow replies with file descriptors; ",31146,45104,20729,2240,33906,8958,0,0
440,request,4621,115556195,1466,3397,3421,3473,0x0a Java Layer Dependent,"0x11 this is a one-way call: async, no return; allow replies with file descriptors; ",34375,35469,21146,2292,26094,7083,0,0
440,reply,4622,115556196,3421,3468,1466,3362,0x01 Java Layer Dependent,"0x11 this is a one-way call: async, no return; allow replies with file descriptors; ",43698,47135,26927,2812,37396,6927,0,0
441,request,4624,115556198,1466,3397,3421,3473,0x0a Java Layer Dependent,"0x11 this is a one-way call: async, no return; allow replies with file descriptors; ",38802,48073,20417,3125,32187,12761,0,0
441,reply,4625,115556199,3421,3468,1466,3362,0x01 Java Layer Dependent,"0x11 this is a one-way call: async, no return; allow replies with file descriptors; ",31719,53542,28958,2396,43854,7292,0,0
442,request,4626,115556200,1466,3397,3421,3473,0x0a Java Layer Dependent,"0x11 this is a one-way call: async, no return; allow replies with file descriptors; ",38073,39063,17968,2084,29791,7188,0,0
442,reply,4627,115556202,3421,3468,1466,3362,0x01 Java Layer Dependent,"0x11 this is a one-way call: async, no return; allow replies with file descriptors; ",29011,42969,23489,2709,33646,6614,0,0
443,request,4629,115556203,1466,3397,3421,3473,0x0a Java Layer Dependent,"0x11 this is a one-way call: async, no return; allow replies with file descriptors; ",42968,45938,20781,2136,31510,12292,0,0
443,reply,4630,115556204,3421,3468,1466,3362,0x01 Java Layer Dependent,"0x11 this is a one-way call: async, no return; allow replies with file descriptors; ",26354,42708,18542,2239,31511,8958,0,0
444,request,4631,115556205,1466,3397,3421,3473,0x0a Java Layer Dependent,"0x11 this is a one-way call: async, no return; allow replies with file descriptors; ",35989,45417,18646,2240,32864,10313,0,0
444,reply,4632,115556206,3421,3468,1466,3362,0x01 Java Layer Dependent,"0x11 this is a one-way call: async, no return; allow replies with file descriptors; ",27188,230000,47343,6042,214844,9114,0,0
445,request,4633,115556207,1466,3397,3421,3473,0x0a Java Layer Dependent,"0x11 this is a one-way call: async, no return; allow replies with file descriptors; ",41042,40833,19480,2187,27760,10886,0,0
445,reply,4634,115556208,3421,3468,1466,3362,0x01 Java Layer Dependent,"0x11 this is a one-way call: async, no return; allow replies with file descriptors; ",30156,50886,21771,2656,38802,9428,0,0
446,request,4635,115556209,1466,3397,3421,3473,0x0a Java Layer Dependent,"0x11 this is a one-way call: async, no return; allow replies with file descriptors; ",36927,40885,21146,1875,31093,7917,0,0
446,reply,4636,115556210,3421,3468,1466,3362,0x01 Java Layer Dependent,"0x11 this is a one-way call: async, no return; allow replies with file descriptors; ",32812,47865,24271,2865,37395,7605,0,0
447,request,4637,115556211,1466,3397,3421,3473,0x0a Java Layer Dependent,"0x11 this is a one-way call: async, no return; allow replies with file descriptors; ",55000,43229,18490,2344,28750,12135,0,0
447,reply,4638,115556212,3421,3468,1466,3362,0x01 Java Layer Dependent,"0x11 this is a one-way call: async, no return; allow replies with file descriptors; ",31823,41198,19219,2031,30469,8698,0,0
448,request,4639,115556213,1466,3397,3421,3473,0x0a Java Layer Dependent,"0x11 this is a one-way call: async, no return; allow replies with file descriptors; ",39479,39375,19739,2136,28385,8854,0,0
448,reply,4640,115556214,3421,3468,1466,3362,0x01 Java Layer Dependent,"0x11 this is a one-way call: async, no return; allow replies with file descriptors; ",43125,313802,44583,8021,294427,11354,0,0
449,request,4641,115556215,1466,3397,3421,3473,0x0a Java Layer Dependent,"0x11 this is a one-way call: async, no return; allow replies with file descriptors; ",42917,58958,23594,2031,42344,14583,0,0
449,reply,4643,115556217,3421,3468,1466,3362,0x01 Java Layer Dependent,"0x11 this is a one-way call: async, no return; allow replies with file descriptors; ",33594,58021,31510,4480,44948,8593,0,0
450,request,4644,115556218,1466,3397,3421,3473,0x0a Java Layer Dependent,"0x11 this is a one-way call: async, no return; allow replies with file descriptors; ",50469,50990,21562,2605,33333,15052,0,0
450,reply,4645,115556219,3421,3468,1466,3362,0x01 Java Layer Dependent,"0x11 this is a one-way call: async, no return; allow replies with file descriptors; ",36198,53334,20885,3334,37916,12084,0,0
451,request,4646,115556220,1466,3397,3421,3473,0x0a Java Layer Dependent,"0x11 this is a one-way call: async, no return; allow replies with file descriptors; ",39948,43802,18281,2396,29896,11510,0,0
451,reply,4647,115556221,3421,3468,1466,3362,0x01 Java Layer Dependent,"0x11 this is a one-way call: async, no return; allow replies with file descriptors; ",29011,45260,19323,2500,32135,10625,0,0
452,request,4648,115556222,1466,3397,3421,3473,0x0a Java Layer Dependent,"0x11 this is a one-way call: async, no return; allow replies with file descriptors; ",39895,40209,19635,2084,26458,11667,0,0
452,reply,4649,115556223,3421,3468,1466,3362,0x01 Java Layer Dependent,"0x11 this is a one-way call: async, no return; allow replies with file descriptors; ",29323,40260,17761,2031,27917,10312,0,0
453,request,4650,115556224,1466,3397,3421,3473,0x0a Java Layer Dependent,"0x11 this is a one-way call: async, no return; allow replies with file descriptors; ",32240,31198,20365,2240,21770,7188,0,0
453,reply,4651,115556225,3421,3468,1466,3362,0x01 Java Layer Dependent,"0x11 this is a one-way call: async, no return; allow replies with file descriptors; ",27656,39479,24532,2291,30052,7136,0,0
454,request,4653,115556227,1466,3397,3421,3473,0x0a Java Layer Dependent,"0x11 this is a one-way call: async, no return; allow replies with file descriptors; ",34896,38333,18177,1458,25886,10989,0,0
454,reply,4654,115556228,3421,3468,1466,3362,0x01 Java Layer Dependent,"0x11 this is a one-way call: async, no return; allow replies with file descriptors; ",27239,37761,18698,2084,27552,8125,0,0
455,request,4655,115556229,1466,3397,3421,3473,0x0a Java Layer Dependent,"0x11 this is a one-way call: async, no return; allow replies with file descriptors; ",31511,35208,18490,1875,24896,8437,0,0
455,reply,4656,115556230,3421,3468,1466,3362,0x01 Java Layer Dependent,"0x11 this is a one-way call: async, no return; allow replies with file descriptors; ",24792,42396,20937,2240,32552,7604,0,0
456,request,4657,115556231,1466,3397,3421,3473,0x0a Java Layer Dependent,"0x11 this is a one-way call: async, no return; allow replies with file descriptors; ",33646,41354,18385,2344,29115,9895,0,0
456,reply,4658,115556232,3421,3468,1466,3362,0x01 Java Layer Dependent,"0x11 this is a one-way call: async, no return; allow replies with file descriptors; ",29948,46719,23177,2552,33750,10417,0,0
457,request,4659,115556234,1466,3397,3421,3473,0x0a Java Layer Dependent,"0x11 this is a one-way call: async, no return; allow replies with file descriptors; ",38802,48334,17344,1979,35157,11198,0,0
457,reply,4660,115556235,3421,3468,1466,3362,0x01 Java Layer Dependent,"0x11 this is a one-way call: async, no return; allow replies with file descriptors; ",33490,262031,38854,5781,246927,9323,0,0
458,request,4661,115556236,1466,3397,3421,3473,0x0a Java Layer Dependent,"0x11 this is a one-way call: async, no return; allow replies with file descriptors; ",31719,40052,20000,2396,29583,8073,0,0
458,reply,4662,115556237,3421,3468,1466,3362,0x01 Java Layer Dependent,"0x11 this is a one-way call: async, no return; allow replies with file descriptors; ",28281,55417,28177,4062,41771,9584,0,0
459,request,4664,115556238,1466,3397,3421,3473,0x0a Java Layer Dependent,"0x11 this is a one-way call: async, no return; allow replies with file descriptors; ",37240,42760,18959,2083,27656,13021,0,0
459,reply,4665,115556239,3421,3468,1466,3362,0x01 Java Layer Dependent,"0x11 this is a one-way call: async, no return; allow replies with file descriptors; ",30261,42135,20208,2083,30365,9687,0,0
460,request,4666,115556240,1466,3397,3421,3473,0x0a Java Layer Dependent,"0x11 this is a one-way call: async, no return; allow replies with file descriptors; ",33333,40000,19740,2448,29531,8021,0,0
460,reply,4667,115556241,3421,3468,1466,3362,0x01 Java Layer Dependent,"0x11 this is a one-way call: async, no return; allow replies with file descriptors; ",30469,47656,20989,2136,38073,7447,0,0
461,request,4668,115556242,1466,3397,3421,3473,0x0a Java Layer Dependent,"0x11 this is a one-way call: async, no return; allow replies with file descriptors; ",39167,47448,20052,2136,32656,12656,0,0
461,reply,4669,115556243,3421,3468,1466,3362,0x01 Java Layer Dependent,"0x11 this is a one-way call: async, no return; allow replies with file descriptors; ",34584,45000,17343,2709,31719,10572,0,0
462,request,4670,115556244,1466,3397,3421,3473,0x0a Java Layer Dependent,"0x11 this is a one-way call: async, no return; allow replies with file descriptors; ",39531,40781,20625,2031,31615,7135,0,0
462,reply,4671,115556245,3421,3468,1466,3362,0x01 Java Layer Dependent,"0x11 this is a one-way call: async, no return; allow replies with file descriptors; ",30885,47813,25937,3907,36718,7188,0,0
463,request,4672,115556246,1466,3397,3421,3473,0x0a Java Layer Dependent,"0x11 this is a one-way call: async, no return; allow replies with file descriptors; ",32656,39010,18438,2239,28750,8021,0,0
463,reply,4673,115556247,3421,3468,1466,3362,0x01 Java Layer Dependent,"0x11 this is a one-way call: async, no return; allow replies with file descriptors; ",27761,44114,22136,2864,34323,6927,0,0
464,request,4674,115556248,1466,3397,3421,3473,0x0a Java Layer Dependent,"0x11 this is a one-way call: async, no return; allow replies with file descriptors; ",35833,40469,20521,1979,31563,6927,0,0
464,reply,4675,115556249,3421,3468,1466,3362,0x01 Java Layer Dependent,"0x11 this is a one-way call: async, no return; allow replies with file descriptors; ",27448,49010,24115,4166,37969,6875,0,0
465,request,4676,115556250,1466,3397,3421,3473,0x0a Java Layer Dependent,"0x11 this is a one-way call: async, no return; allow replies with file descriptors; ",33541,35938,17343,1511,25364,9063,0,0
465,reply,4677,115556251,3421,3468,1466,3362,0x01 Java Layer Dependent,"0x11 this is a one-way call: async, no return; allow replies with file descriptors; ",29583,46198,25000,2969,34739,8490,0,0
466,request,4679,115556253,1466,3397,3421,3473,0x0a Java Layer Dependent,"0x11 this is a one-way call: async, no return; allow replies with file descriptors; ",50677,39948,17448,1667,26145,12136,0,0
466,reply,4680,115556254,3421,3468,1466,3362,0x01 Java Layer Dependent,"0x11 this is a one-way call: async, no return; allow replies with file descriptors; ",43646,44740,19583,2344,32552,9844,0,0
467,request,4681,115556255,1466,3397,3421,3473,0x0a Java Layer Dependent,"0x11 this is a one-way call: async, no return; allow replies with file descriptors; ",34531,42292,17708,1875,28646,11771,0,0
467,reply,4682,115556256,3421,3468,1466,3362,0x01 Java Layer Dependent,"0x11 this is a one-way call: async, no return; allow replies with file descriptors; ",30625,40885,17135,2917,29531,8437,0,0
468,request,4683,115556257,1466,3397,3421,3473,0x0a Java Layer Dependent,"0x11 this is a one-way call: async, no return; allow replies with file descriptors; ",35573,43645,17865,2187,29896,11562,0,0
468,reply,4684,115556258,3421,3468,1466,3362,0x01 Java Layer Dependent,"0x11 this is a one-way call: async, no return; allow replies with file descriptors; ",30053,42552,17968,2813,31042,8697,0,0
469,request,4685,115556259,1466,3397,3421,3473,0x0a Java Layer Dependent,"0x11 this is a one-way call: async, no return; allow replies with file descriptors; ",35678,39270,18959,2291,29740,7239,0,0
469,reply,4686,115556260,3421,3468,1466,3362,0x01 Java Layer Dependent,"0x11 this is a one-way call: async, no return; allow replies with file descriptors; ",25625,44427,20782,3906,34167,6354,0,0
470,request,4689,115556264,1466,3397,3421,3473,0x0a Java Layer Dependent,"0x11 this is a one-way call: async, no return; allow replies with file descriptors; ",32812,42500,17552,1979,30833,9688,0,0
470,reply,4690,115556266,3421,3468,1466,3362,0x01 Java Layer Dependent,"0x11 this is a one-way call: async, no return; allow replies with file descriptors; ",23906,56302,27708,3542,46250,6510,0,0
471,request,4691,115556267,1466,3397,3421,3473,0x0a Java Layer Dependent,"0x11 this is a one-way call: async, no return; allow replies with file descriptors; ",34844,36823,19739,1875,25157,9791,0,0
471,reply,4692,115556268,3421,3468,1466,3362,0x01 Java Layer Dependent,"0x11 this is a one-way call: async, no return; allow replies with file descriptors; ",31875,43907,19166,3282,30625,10000,0,0
472,request,4693,115556269,1466,3397,3421,3473,0x0a Java Layer Dependent,"0x11 this is a one-way call: async, no return; allow replies with file descriptors; ",34843,83073,19896,1875,72708,8490,0,0
472,reply,4694,115556270,3421,3468,1466,3362,0x01 Java Layer Dependent,"0x11 this is a one-way call: async, no return; allow replies with file descriptors; ",27344,198229,34583,7552,183073,7604,0,0
473,request,4695,115556271,1466,3397,3421,3473,0x0a Java Layer Dependent,"0x11 this is a one-way call: async, no return; allow replies with file descriptors; ",33542,52812,19167,1875,38541,12396,0,0
473,reply,4696,115556272,3421,3468,1466,3362,0x01 Java Layer Dependent,"0x11 this is a one-way call: async, no return; allow replies with file descriptors; ",32344,56250,28698,3906,41875,10469,0,0
474,request,4697,115556273,1466,3397,3421,3473,0x0a Java Layer Dependent,"0x11 this is a one-way call: async, no return; allow replies with file descriptors; ",37187,38333,18073,1718,28073,8542,0,0
474,reply,4698,115556274,3421,3468,1466,3362,0x01 Java Layer Dependent,"0x11 this is a one-way call: async, no return; allow replies with file descriptors; ",30157,38489,18334,2656,25677,10156,0,0
475,request,4699,115556275,1466,3397,3421,3473,0x0a Java Layer Dependent,"0x11 this is a one-way call: async, no return; allow replies with file descriptors; ",40000,42760,19896,2240,29739,10781,0,0
475,reply,4700,115556276,3421,3468,1466,3362,0x01 Java Layer Dependent,"0x11 this is a one-way call: async, no return; allow replies with file descriptors; ",28021,42344,16302,2396,30573,9375,0,0
476,request,4701,115556277,1466,3397,3421,3473,0x0a Java Layer Dependent,"0x11 this is a one-way call: async, no return; allow replies with file descriptors; ",36094,39635,19115,2239,26771,10625,0,0
476,reply,4702,115556278,3421,3468,1466,3362,0x01 Java Layer Dependent,"0x11 this is a one-way call: async, no return; allow replies with file descriptors; ",29323,41562,17188,2708,29479,9375,0,0
477,request,4703,115556279,1466,3397,3421,3473,0x0a Java Layer Dependent,"0x11 this is a one-way call: async, no return; allow replies with file descriptors; ",36718,40104,18803,1770,28698,9636,0,0
477,reply,4704,115556280,3421,3468,1466,3362,0x01 Java Layer Dependent,"0x11 this is a one-way call: async, no return; allow replies with file descriptors; ",28386,44791,25365,2500,33854,8437,0,0
478,request,4705,115556281,1466,3397,3421,3473,0x0a Java Layer Dependent,"0x11 this is a one-way call: async, no return; allow replies with file descriptors; ",38333,38385,18073,1822,26042,10521,0,0
478,reply,4706,115556282,3421,3468,1466,3362,0x01 Java Layer Dependent,"0x11 this is a one-way call: async, no return; allow replies with file descriptors; ",32604,43385,20261,3437,30417,9531,0,0
479,request,4707,115556283,1466,3397,3421,3473,0x0a Java Layer Dependent,"0x11 this is a one-way call: async, no return; allow replies with file descriptors; ",35781,37604,20625,2447,27500,7657,0,0
479,reply,4708,115556284,3421,3468,1466,3362,0x01 Java Layer Dependent,"0x11 this is a one-way call: async, no return; allow replies with file descriptors; ",27813,43958,23073,2083,33438,8437,0,0
480,request,4709,115556285,1466,3397,3421,3473,0x0a Java Layer Dependent,"0x11 this is a one-way call: async, no return; allow replies with file descriptors; ",39479,38542,17187,1875,26198,10469,0,0
480,reply,4710,115556286,3421,3468,1466,3362,0x01 Java Layer Dependent,"0x11 this is a one-way call: async, no return; allow replies with file descriptors; ",30052,75260,19010,32604,33177,9479,0,0
481,request,4711,115556287,1466,3397,3421,3473,0x0a Java Layer Dependent,"0x11 this is a one-way call: async, no return; allow replies with file descriptors; ",32552,39219,17656,2239,28646,8334,0,0
481,reply,4712,115556288,3421,3468,1466,3362,0x01 Java Layer Dependent,"0x11 this is a one-way call: async, no return; allow replies with file descriptors; ",22500,46667,25104,2865,36666,7136,0,0
482,request,4713,115556289,1466,3397,3421,3473,0x0a Java Layer Dependent,"0x11 this is a one-way call: async, no return; allow replies with file descriptors; ",34063,43437,17240,2447,32396,8594,0,0
482,reply,4714,115556290,3421,3468,1466,3362,0x01 Java Layer Dependent,"0x11 this is a one-way call: async, no return; allow replies with file descriptors; ",28698,46562,23125,3490,35260,7812,0,0
483,request,4715,115556291,1466,3397,3421,3473,0x0a Java Layer Dependent,"0x11 this is a one-way call: async, no return; allow replies with file descriptors; ",39375,40209,18229,1927,28282,10000,0,0
483,reply,4717,115556293,3421,3468,1466,3362,0x01 Java Layer Dependent,"0x11 this is a one-way call: async, no return; allow replies with file descriptors; ",28229,38281,17865,2500,26510,9271,0,0
484,request,4718,115556294,1466,3397,3421,3473,0x0a Java Layer Dependent,"0x11 this is a one-way call: async, no return; allow replies with file descriptors; ",43125,45469,17344,1875,32448,11146,0,0
484,reply,4719,115556295,3421,3468,1466,3362,0x01 Java Layer Dependent,"0x11 this is a one-way call: async, no return; allow replies with file descriptors; ",32709,44062,19688,3021,29479,11562,0,0
485,request,4720,115556296,1466,3397,3421,3473,0x0a Java Layer Dependent,"0x11 this is a one-way call: async, no return; allow replies with file descriptors; ",37968,40730,18906,2188,28281,10261,0,0
485,reply,4721,115556297,3421,3468,1466,3362,0x01 Java Layer Dependent,"0x11 this is a one-way call: async, no return; allow replies with file descriptors; ",30261,45416,18125,2916,30000,12500,0,0
486,request,4722,115556298,1466,3397,3421,3473,0x0a Java Layer Dependent,"0x11 this is a one-way call: async, no return; allow replies with file descriptors; ",34219,38698,19271,2448,27708,8542,0,0
486,reply,4723,115556299,3421,3468,1466,3362,0x01 Java Layer Dependent,"0x11 this is a one-way call: async, no return; allow replies with file descriptors; ",29947,44375,24740,3333,31927,9115,0,0
487,request,4724,115556300,1466,3397,3421,3473,0x0a Java Layer Dependent,"0x11 this is a one-way call: async, no return; allow replies with file descriptors; ",57500,43334,18073,2240,29635,11459,0,0
487,reply,4725,115556301,3421,3468,1466,3362,0x01 Java Layer Dependent,"0x11 this is a one-way call: async, no return; allow replies with file descriptors; ",43229,44271,16771,2396,32708,9167,0,0
488,request,4726,115556302,1466,3397,3421,3473,0x0a Java Layer Dependent,"0x11 this is a one-way call: async, no return; allow replies with file descriptors; ",37552,34740,17656,1823,23802,9115,0,0
488,reply,4727,115556303,3421,3468,1466,3362,0x01 Java Layer Dependent,"0x11 this is a one-way call: async, no return; allow replies with file descriptors; ",28281,41198,17239,2500,29167,9531,0,0
489,request,4728,115556304,1466,3397,3421,3473,0x0a Java Layer Dependent,"0x11 this is a one-way call: async, no return; allow replies with file descriptors; ",34896,40573,18125,2500,29427,8646,0,0
489,reply,4729,115556305,3421,3468,1466,3362,0x01 Java Layer Dependent,"0x11 this is a one-way call: async, no return; allow replies with file descriptors; ",29740,45573,28594,4636,33645,7292,0,0
490,request,4730,115556306,1466,3397,3421,3473,0x0a Java Layer Dependent,"0x11 this is a one-way call: async, no return; allow replies with file descriptors; ",38021,43542,16927,2448,30000,11094,0,0
490,reply,4731,115556307,3421,3468,1466,3362,0x01 Java Layer Dependent,"0x11 this is a one-way call: async, no return; allow replies with file descriptors; ",29636,44270,20938,3697,30521,10052,0,0
491,request,4732,115556308,1466,3397,3421,3473,0x0a Java Layer Dependent,"0x11 this is a one-way call: async, no return; allow replies with file descriptors; ",40782,41406,19792,2500,27500,11406,0,0
491,reply,4733,115556309,3421,3468,1466,3362,0x01 Java Layer Dependent,"0x11 this is a one-way call: async, no return; allow replies with file descriptors; ",31250,40677,17812,2448,29323,8906,0,0
492,request,4734,115556310,1466,3397,3421,3473,0x0a Java Layer Dependent,"0x11 this is a one-way call: async, no return; allow replies with file descriptors; ",36302,33333,17709,1927,23698,7708,0,0
492,reply,4735,115556311,3421,3468,1466,3362,0x01 Java Layer Dependent,"0x11 this is a one-way call: async, no return; allow replies with file descriptors; ",28489,42448,23229,2708,31354,8386,0,0
493,request,4736,115556312,1466,3397,3421,3473,0x0a Java Layer Dependent,"0x11 this is a one-way call: async, no return; allow replies with file descriptors; ",38229,39948,19063,1927,26979,11042,0,0
493,reply,4737,115556313,3421,3468,1466,3362,0x01 Java Layer Dependent,"0x11 this is a one-way call: async, no return; allow replies with file descriptors; ",30625,40260,19115,3021,28854,8385,0,0
494,request,4738,115556314,1466,3397,3421,3473,0x0a Java Layer Dependent,"0x11 this is a one-way call: async, no return; allow replies with file descriptors; ",38230,36354,18489,2031,24375,9948,0,0
494,reply,4739,115556315,3421,3468,1466,3362,0x01 Java Layer Dependent,"0x11 this is a one-way call: async, no return; allow replies with file descriptors; ",30990,41770,17032,3073,29218,9479,0,0
495,request,4740,115556316,1466,3397,3421,3473,0x0a Java Layer Dependent,"0x11 this is a one-way call: async, no return; allow replies with file descriptors; ",35156,39844,19115,2031,27917,9896,0,0
495,reply,4741,115556317,3421,3468,1466,3362,0x01 Java Layer Dependent,"0x11 this is a one-way call: async, no return; allow replies with file descriptors; ",29063,41979,18021,1927,30000,10052,0,0
496,request,4742,115556318,1466,3397,3421,3473,0x0a Java Layer Dependent,"0x11 this is a one-way call: async, no return; allow replies with file descriptors; ",32917,37760,19427,2552,26875,8333,0,0
496,reply,4743,115556319,3421,3468,1466,3362,0x01 Java Layer Dependent,"0x11 this is a one-way call: async, no return; allow replies with file descriptors; ",28698,44375,23907,3229,33646,7500,0,0
497,request,4744,115556320,1466,3397,3421,3473,0x0a Java Layer Dependent,"0x11 this is a one-way call: async, no return; allow replies with file descriptors; ",34948,39636,18437,2240,27344,10052,0,0
497,reply,4745,115556321,3421,3468,1466,3362,0x01 Java Layer Dependent,"0x11 this is a one-way call: async, no return; allow replies with file descriptors; ",30625,42708,18490,3385,29479,9844,0,0
498,request,4746,115556322,1466,3397,3421,3473,0x0a Java Layer Dependent,"0x11 this is a one-way call: async, no return; allow replies with file descriptors; ",42396,43489,19688,2448,30885,10156,0,0
498,reply,4747,115556323,3421,3468,1466,3362,0x01 Java Layer Dependent,"0x11 this is a one-way call: async, no return; allow replies with file descriptors; ",31407,42656,19791,2188,30521,9947,0,0
499,request,4748,115556324,1466,3397,3421,3473,0x0a Java Layer Dependent,"0x11 this is a one-way call: async, no return; allow replies with file descriptors; ",35417,36823,16406,2136,26770,7917,0,0
499,reply,4749,115556325,3421,3468,1466,3362,0x01 Java Layer Dependent,"0x11 this is a one-way call: async, no return; allow replies with file descriptors; ",33541,50730,27708,2657,36510,11563,0,0
500,request,4750,115556326,1466,3397,3421,3473,0x0a Java Layer Dependent,"0x11 this is a one-way call: async, no return; allow replies with file descriptors; ",34635,36927,16979,2291,25782,8854,0,0
500,reply,4751,115556327,3421,3468,1466,3362,0x01 Java Layer Dependent,"0x11 this is a one-way call: async, no return; allow replies with file descriptors; ",32552,44063,25989,2865,33385,7813,0,0
501,request,4752,115556328,1466,3397,3421,3473,0x0a Java Layer Dependent,"0x11 this is a one-way call: async, no return; allow replies with file descriptors; ",35000,37500,18750,2135,24948,10417,0,0
501,reply,4753,115556329,3421,3468,1466,3362,0x01 Java Layer Dependent,"0x11 this is a one-way call: async, no return; allow replies with file descriptors; ",31146,42239,17813,2448,29948,9843,0,0
502,request,4755,115556331,1466,3397,3421,3473,0x0a Java Layer Dependent,"0x11 this is a one-way call: async, no return; allow replies with file descriptors; ",30730,33802,18437,1771,23750,8281,0,0
502,reply,4757,115556334,3421,3468,1466,3362,0x01 Java Layer Dependent,"0x11 this is a one-way call: async, no return; allow replies with file descriptors; ",30312,42136,30156,3386,29583,9167,0,0
503,request,4758,115556335,1466,3397,3421,3473,0x0a Java Layer Dependent,"0x11 this is a one-way call: async, no return; allow replies with file descriptors; ",46719,36718,18594,2500,25052,9166,0,0
503,reply,4759,115556336,3421,3468,1466,3362,0x01 Java Layer Dependent,"0x11 this is a one-way call: async, no return; allow replies with file descriptors; ",30261,42552,19166,3438,30260,8854,0,0
504,request,4760,115556337,1466,3397,3421,3473,0x0a Java Layer Dependent,"0x11 this is a one-way call: async, no return; allow replies with file descriptors; ",36667,38698,17083,2761,25833,10104,0,0
504,reply,4761,115556338,3421,3468,1466,3362,0x01 Java Layer Dependent,"0x11 this is a one-way call: async, no return; allow replies with file descriptors; ",31042,40312,17188,2864,26719,10729,0,0
505,request,4763,115556340,1466,3397,3421,3473,0x0a Java Layer Dependent,"0x11 this is a one-way call: async, no return; allow replies with file descriptors; ",41875,35208,17604,2187,23646,9375,0,0
505,reply,4764,115556341,3421,3468,1466,3362,0x01 Java Layer Dependent,"0x11 this is a one-way call: async, no return; allow replies with file descriptors; ",32552,43177,15990,3333,29219,10625,0,0
506,request,4765,115556342,1466,3397,3421,3473,0x0a Java Layer Dependent,"0x11 this is a one-way call: async, no return; allow replies with file descriptors; ",52552,48229,19479,2708,31771,13750,0,0
506,reply,4766,115556343,3421,3468,1466,3362,0x01 Java Layer Dependent,"0x11 this is a one-way call: async, no return; allow replies with file descriptors; ",29896,45260,25417,3177,34114,7969,0,0
507,request,4767,115556344,1466,3397,3421,3473,0x0a Java Layer Dependent,"0x11 this is a one-way call: async, no return; allow replies with file descriptors; ",38021,38750,21823,2448,26875,9427,0,0
507,reply,4768,115556345,3421,3468,1466,3362,0x01 Java Layer Dependent,"0x11 this is a one-way call: async, no return; allow replies with file descriptors; ",76458,25677,18385,2865,15833,6979,0,0
508,request,4769,115556346,1466,3397,3421,3473,0x0a Java Layer Dependent,"0x11 this is a one-way call: async, no return; allow replies with file descriptors; ",37604,40938,19531,2500,28907,9531,0,0
508,reply,4770,115556347,3421,3468,1466,3362,0x01 Java Layer Dependent,"0x11 this is a one-way call: async, no return; allow replies with file descriptors; ",33802,42656,18125,3333,28750,10573,0,0
509,request,4771,115556348,1466,3397,3421,3473,0x0a Java Layer Dependent,"0x11 this is a one-way call: async, no return; allow replies with file descriptors; ",31979,39114,17188,2552,28646,7916,0,0
509,reply,4772,115556349,3421,3468,1466,3362,0x01 Java Layer Dependent,"0x11 this is a one-way call: async, no return; allow replies with file descriptors; ",30000,43646,23229,2448,32448,8750,0,0
510,request,4773,115556350,1466,3397,3421,3473,0x0a Java Layer Dependent,"0x11 this is a one-way call: async, no return; allow replies with file descriptors; ",39792,36093,17552,1718,25261,9114,0,0
510,reply,4774,115556351,3421,3468,1466,3362,0x01 Java Layer Dependent,"0x11 this is a one-way call: async, no return; allow replies with file descriptors; ",32864,39375,18230,2500,27187,9688,0,0
511,request,4775,115556352,1466,3397,3421,3473,0x0a Java Layer Dependent,"0x11 this is a one-way call: async, no return; allow replies with file descriptors; ",33489,36303,19635,2032,26302,7969,0,0
511,reply,4776,115556353,3421,3468,1466,3362,0x01 Java Layer Dependent,"0x11 this is a one-way call: async, no return; allow replies with file descriptors; ",28750,43855,25781,2917,32240,8698,0,0
512,request,4777,115556354,1466,3397,3421,3473,0x0a Java Layer Dependent,"0x11 this is a one-way call: async, no return; allow replies with file descriptors; ",37292,37656,17292,2917,26406,8333,0,0
512,reply,4778,115556355,3421,3468,1466,3362,0x01 Java Layer Dependent,"0x11 this is a one-way call: async, no return; allow replies with file descriptors; ",26823,45208,22032,3437,33334,8437,0,0
513,request,4779,115556356,1466,3397,3421,3473,0x0a Java Layer Dependent,"0x11 this is a one-way call: async, no return; allow replies with file descriptors; ",36562,42553,19583,2657,30364,9532,0,0
513,reply,4780,115556357,3421,3468,1466,3362,0x01 Java Layer Dependent,"0x11 this is a one-way call: async, no return; allow replies with file descriptors; ",57812,42136,20052,3021,28229,10886,0,0
514,request,4781,115556358,1466,3397,3421,3473,0x0a Java Layer Dependent,"0x11 this is a one-way call: async, no return; allow replies with file descriptors; ",34843,42188,18646,2084,29791,10313,0,0
514,reply,4782,115556359,3421,3468,1466,3362,0x01 Java Layer Dependent,"0x11 this is a one-way call: async, no return; allow replies with file descriptors; ",32239,43698,17031,2656,29375,11667,0,0
515,request,4783,115556360,1466,3397,3421,3473,0x0a Java Layer Dependent,"0x11 this is a one-way call: async, no return; allow replies with file descriptors; ",34011,35312,17448,2708,24531,8073,0,0
515,reply,4784,115556361,3421,3468,1466,3362,0x01 Java Layer Dependent,"0x11 this is a one-way call: async, no return; allow replies with file descriptors; ",38230,242083,36719,8073,223125,10885,0,0
516,request,4785,115556362,1466,3397,3421,3473,0x0a Java Layer Dependent,"0x11 this is a one-way call: async, no return; allow replies with file descriptors; ",36615,40677,17396,1875,27396,11406,0,0
516,reply,4786,115556363,3421,3468,1466,3362,0x01 Java Layer Dependent,"0x11 this is a one-way call: async, no return; allow replies with file descriptors; ",31042,130260,29167,4323,115677,10260,0,0
517,request,4787,115556364,1466,3397,3421,3473,0x0a Java Layer Dependent,"0x11 this is a one-way call: async, no return; allow replies with file descriptors; ",31198,41354,19114,2240,30416,8698,0,0
517,reply,4788,115556365,3421,3468,1466,3362,0x01 Java Layer Dependent,"0x11 this is a one-way call: async, no return; allow replies with file descriptors; ",31250,65365,34791,6198,49427,9740,0,0
518,request,4789,115556366,1466,3397,3421,3473,0x0a Java Layer Dependent,"0x11 this is a one-way call: async, no return; allow replies with file descriptors; ",34062,43959,34010,3959,30468,9532,0,0
518,reply,4790,115556367,3421,3468,1466,3362,0x01 Java Layer Dependent,"0x11 this is a one-way call: async, no return; allow replies with file descriptors; ",29740,47031,27552,4063,33802,9166,0,0
519,request,4791,115556368,1466,3397,3421,3473,0x0a Java Layer Dependent,"0x11 this is a one-way call: async, no return; allow replies with file descriptors; ",33907,42656,27448,3958,28907,9791,0,0
519,reply,4792,115556369,3421,3468,1466,3362,0x01 Java Layer Dependent,"0x11 this is a one-way call: async, no return; allow replies with file descriptors; ",31302,47917,24166,3178,35885,8854,0,0
520,request,4793,115556370,1466,3397,3421,3473,0x0a Java Layer Dependent,"0x11 this is a one-way call: async, no return; allow replies with file descriptors; ",36407,49583,32448,4271,32969,12343,0,0
520,reply,4794,115556371,3421,3468,1466,3362,0x01 Java Layer Dependent,"0x11 this is a one-way call: async, no return; allow replies with file descriptors; ",30208,47240,31823,4636,34948,7656,0,0
521,request,4795,115556372,1466,3397,3421,3473,0x0a Java Layer Dependent,"0x11 this is a one-way call: async, no return; allow replies with file descriptors; ",33489,40729,28438,3698,29322,7709,0,0
521,reply,4796,115556373,3421,3468,1466,3362,0x01 Java Layer Dependent,"0x11 this is a one-way call: async, no return; allow replies with file descriptors; ",27447,45261,29687,4167,33646,7448,0,0
522,request,4797,115556374,1466,3397,3421,3473,0x0a Java Layer Dependent,"0x11 this is a one-way call: async, no return; allow replies with file descriptors; ",25468,40417,26979,4010,28698,7709,0,0
522,reply,4798,115556375,3421,3468,1466,3362,0x01 Java Layer Dependent,"0x11 this is a one-way call: async, no return; allow replies with file descriptors; ",24791,45730,29270,4636,32812,8282,0,0
523,request,4799,115556376,1466,3397,3421,3473,0x0a Java Layer Dependent,"0x11 this is a one-way call: async, no return; allow replies with file descriptors; ",29687,38594,28073,3906,27865,6823,0,0
523,reply,4800,115556377,3421,3468,1466,3362,0x01 Java Layer Dependent,"0x11 this is a one-way call: async, no return; allow replies with file descriptors; ",22864,95834,27031,4063,84114,7657,0,0
524,request,4801,115556378,1466,3397,3421,3473,0x0a Java Layer Dependent,"0x11 this is a one-way call: async, no return; allow replies with file descriptors; ",28906,41927,26823,3594,30833,7500,0,0
524,reply,4802,115556379,3421,3468,1466,3362,0x01 Java Layer Dependent,"0x11 this is a one-way call: async, no return; allow replies with file descriptors; ",26302,44844,30104,4167,32396,8281,0,0
525,request,4803,115556380,1466,3397,3421,3473,0x0a Java Layer Dependent,"0x11 this is a one-way call: async, no return; allow replies with file descriptors; ",39323,40521,28229,4271,28959,7291,0,0
525,reply,4804,115556381,3421,3468,1466,3362,0x01 Java Layer Dependent,"0x11 this is a one-way call: async, no return; allow replies with file descriptors; ",28541,42656,29480,3229,32291,7136,0,0
526,request,4805,115556382,1466,3397,3421,3473,0x0a Java Layer Dependent,"0x11 this is a one-way call: async, no return; allow replies with file descriptors; ",25520,35052,27500,3333,25156,6563,0,0
526,reply,4806,115556383,3421,3468,1466,3362,0x01 Java Layer Dependent,"0x11 this is a one-way call: async, no return; allow replies with file descriptors; ",24739,43542,30208,3750,31927,7865,0,0
527,request,4807,115556384,1466,3397,3421,3473,0x0a Java Layer Dependent,"0x11 this is a one-way call: async, no return; allow replies with file descriptors; ",29948,37968,26407,4323,27135,6510,0,0
527,reply,4808,115556385,3421,3468,1466,3362,0x01 Java Layer Dependent,"0x11 this is a one-way call: async, no return; allow replies with file descriptors; ",23385,49375,32292,4427,34844,10104,0,0
528,request,4809,115556386,1466,3397,3421,3473,0x0a Java Layer Dependent,"0x11 this is a one-way call: async, no return; allow replies with file descriptors; ",33542,43750,28229,4687,30521,8542,0,0
528,reply,4810,115556387,3421,3468,1466,3362,0x01 Java Layer Dependent,"0x11 this is a one-way call: async, no return; allow replies with file descriptors; ",24010,49167,29792,4479,35573,9115,0,0
529,request,4811,115556388,1466,3397,3421,3473,0x0a Java Layer Dependent,"0x11 this is a one-way call: async, no return; allow replies with file descriptors; ",31927,45573,26667,4636,33177,7760,0,0
529,reply,4812,115556389,3421,3468,1466,3362,0x01 Java Layer Dependent,"0x11 this is a one-way call: async, no return; allow replies with file descriptors; ",32187,45938,30573,3958,34688,7292,0,0
530,request,4813,115556390,1466,3397,3421,3473,0x0a Java Layer Dependent,"0x11 this is a one-way call: async, no return; allow replies with file descriptors; ",26510,45052,29636,4479,32291,8282,0,0
530,reply,4814,115556391,3421,3468,1466,3362,0x01 Java Layer Dependent,"0x11 this is a one-way call: async, no return; allow replies with file descriptors; ",26302,45000,31614,4740,32448,7812,0,0
531,request,4815,115556392,1466,3397,3421,3473,0x0a Java Layer Dependent,"0x11 this is a one-way call: async, no return; allow replies with file descriptors; ",31823,43281,27709,4271,30312,8698,0,0
531,reply,4816,115556393,3421,3468,1466,3362,0x01 Java Layer Dependent,"0x11 this is a one-way call: async, no return; allow replies with file descriptors; ",25312,43854,29532,4323,32343,7188,0,0
532,request,4817,115556394,1466,3397,3421,3473,0x0a Java Layer Dependent,"0x11 this is a one-way call: async, no return; allow replies with file descriptors; ",33490,41145,28803,3125,30416,7604,0,0
532,reply,4818,115556395,3421,3468,1466,3362,0x01 Java Layer Dependent,"0x11 this is a one-way call: async, no return; allow replies with file descriptors; ",27136,50677,28333,4480,36302,9895,0,0
533,request,4819,115556396,1466,3397,3421,3473,0x0a Java Layer Dependent,"0x11 this is a one-way call: async, no return; allow replies with file descriptors; ",35990,43177,63645,1875,29844,11458,0,0
533,reply,4820,115556397,3421,3468,1466,3362,0x01 Java Layer Dependent,"0x11 this is a one-way call: async, no return; allow replies with file descriptors; ",35573,46719,21042,2813,33125,10781,0,0
534,request,4821,115556398,1466,3397,3421,3473,0x0a Java Layer Dependent,"0x11 this is a one-way call: async, no return; allow replies with file descriptors; ",39218,42605,19010,2032,29271,11302,0,0
534,reply,4822,115556399,3421,3468,1466,3362,0x01 Java Layer Dependent,"0x11 this is a one-way call: async, no return; allow replies with file descriptors; ",60677,49167,27448,4375,36823,7969,0,0
535,request,4823,115556400,1466,3397,3421,3473,0x0a Java Layer Dependent,"0x11 this is a one-way call: async, no return; allow replies with file descriptors; ",32031,37917,19792,1979,27656,8282,0,0
535,reply,4824,115556401,3421,3468,1466,3362,0x01 Java Layer Dependent,"0x11 this is a one-way call: async, no return; allow replies with file descriptors; ",29323,45885,22344,3385,34167,8333,0,0
536,request,4825,115556402,1466,3397,3421,3473,0x0a Java Layer Dependent,"0x11 this is a one-way call: async, no return; allow replies with file descriptors; ",35834,38021,19427,2032,26250,9739,0,0
536,reply,4826,115556403,3421,3468,1466,3362,0x01 Java Layer Dependent,"0x11 this is a one-way call: async, no return; allow replies with file descriptors; ",34115,46145,21615,2968,31250,11927,0,0
537,request,4827,115556404,1466,3397,3421,3473,0x0a Java Layer Dependent,"0x11 this is a one-way call: async, no return; allow replies with file descriptors; ",33490,62343,18021,23541,28490,10312,0,0
537,reply,4828,115556405,3421,3468,1466,3362,0x01 Java Layer Dependent,"0x11 this is a one-way call: async, no return; allow replies with file descriptors; ",32396,43698,20000,3281,30625,9792,0,0
538,request,4829,115556406,1466,3397,3421,3473,0x0a Java Layer Dependent,"0x11 this is a one-way call: async, no return; allow replies with file descriptors; ",38282,43333,16823,2708,30469,10156,0,0
538,reply,4830,115556407,3421,3468,1466,3362,0x01 Java Layer Dependent,"0x11 this is a one-way call: async, no return; allow replies with file descriptors; ",30469,44115,19635,2761,30677,10677,0,0
539,request,4831,115556408,1466,3397,3421,3473,0x0a Java Layer Dependent,"0x11 this is a one-way call: async, no return; allow replies with file descriptors; ",38854,43333,18750,2812,30782,9739,0,0
539,reply,4832,115556409,3421,3468,1466,3362,0x01 Java Layer Dependent,"0x11 this is a one-way call: async, no return; allow replies with file descriptors; ",32812,46458,25521,2708,35833,7917,0,0
540,request,4833,115556410,1466,3397,3421,3473,0x0a Java Layer Dependent,"0x11 this is a one-way call: async, no return; allow replies with file descriptors; ",39427,45990,17239,2917,30729,12344,0,0
540,reply,4834,115556411,3421,3468,1466,3362,0x01 Java Layer Dependent,"0x11 this is a one-way call: async, no return; allow replies with file descriptors; ",31407,51145,18907,3229,35833,12083,0,0
541,request,4835,115556412,1466,3397,3421,3473,0x0a Java Layer Dependent,"0x11 this is a one-way call: async, no return; allow replies with file descriptors; ",38229,38803,17968,2709,26562,9532,0,0
541,reply,4836,115556413,3421,3468,1466,3362,0x01 Java Layer Dependent,"0x11 this is a one-way call: async, no return; allow replies with file descriptors; ",27240,48541,25990,3281,37239,8021,0,0
542,request,4837,115556414,1466,3397,3421,3473,0x0a Java Layer Dependent,"0x11 this is a one-way call: async, no return; allow replies with file descriptors; ",42864,45417,18594,2656,30209,12552,0,0
542,reply,4838,115556415,3421,3468,1466,3362,0x01 Java Layer Dependent,"0x11 this is a one-way call: async, no return; allow replies with file descriptors; ",29583,42500,19011,3385,28698,10417,0,0
543,request,4839,115556416,1466,3397,3421,3473,0x0a Java Layer Dependent,"0x11 this is a one-way call: async, no return; allow replies with file descriptors; ",37813,42291,16979,3073,29687,9531,0,0
543,reply,4840,115556417,3421,3468,1466,3362,0x01 Java Layer Dependent,"0x11 this is a one-way call: async, no return; allow replies with file descriptors; ",29427,48021,22031,3906,35781,8334,0,0
544,request,4841,115556418,1466,3397,3421,3473,0x0a Java Layer Dependent,"0x11 this is a one-way call: async, no return; allow replies with file descriptors; ",38854,46510,18594,2395,33750,10365,0,0
544,reply,4842,115556419,3421,3468,1466,3362,0x01 Java Layer Dependent,"0x11 this is a one-way call: async, no return; allow replies with file descriptors; ",31354,48750,18803,3229,33698,11823,0,0
545,request,4843,115556420,1466,3397,3421,3473,0x0a Java Layer Dependent,"0x11 this is a one-way call: async, no return; allow replies with file descriptors; ",33906,43333,16615,2969,29218,11146,0,0
545,reply,4844,115556421,3421,3468,1466,3362,0x01 Java Layer Dependent,"0x11 this is a one-way call: async, no return; allow replies with file descriptors; ",29114,39480,17552,2813,26771,9896,0,0
546,request,4846,115556423,1466,3397,3421,3473,0x0a Java Layer Dependent,"0x11 this is a one-way call: async, no return; allow replies with file descriptors; ",56614,37396,19531,1823,26406,9167,0,0
546,reply,4847,115556425,3421,3468,1466,3362,0x01 Java Layer Dependent,"0x11 this is a one-way call: async, no return; allow replies with file descriptors; ",32812,46094,19531,2709,31979,11406,0,0
547,request,4850,115556429,1466,3397,3421,3473,0x0a Java Layer Dependent,"0x11 this is a one-way call: async, no return; allow replies with file descriptors; ",41250,36562,20156,2083,26406,8073,0,0
547,reply,4851,115556431,3421,3468,1466,3362,0x01 Java Layer Dependent,"0x11 this is a one-way call: async, no return; allow replies with file descriptors; ",22240,196667,46145,6823,183438,6406,0,0
548,request,4852,115556432,1466,3397,3421,3473,0x0a Java Layer Dependent,"0x11 this is a one-way call: async, no return; allow replies with file descriptors; ",33125,41510,17240,2760,28750,10000,0,0
548,reply,4853,115556433,3421,3468,1466,3362,0x01 Java Layer Dependent,"0x11 this is a one-way call: async, no return; allow replies with file descriptors; ",26510,69740,30885,11823,48021,9896,0,0
549,request,4855,115556435,1466,3397,3421,3473,0x0a Java Layer Dependent,"0x11 this is a one-way call: async, no return; allow replies with file descriptors; ",33802,44583,16094,1927,29896,12760,0,0
549,reply,4856,115556437,3421,3468,1466,3362,0x01 Java Layer Dependent,"0x11 this is a one-way call: async, no return; allow replies with file descriptors; ",88177,44062,24427,3854,29792,10416,0,0
550,request,4857,115556438,1466,3397,3421,3473,0x0a Java Layer Dependent,"0x11 this is a one-way call: async, no return; allow replies with file descriptors; ",37500,37708,18385,2761,26614,8333,0,0
550,reply,4858,115556439,3421,3468,1466,3362,0x01 Java Layer Dependent,"0x11 this is a one-way call: async, no return; allow replies with file descriptors; ",25833,47605,25781,2969,35834,8802,0,0
551,request,4859,115556440,1466,3397,3421,3473,0x0a Java Layer Dependent,"0x11 this is a one-way call: async, no return; allow replies with file descriptors; ",36458,41875,18698,2708,28542,10625,0,0
551,reply,4860,115556441,3421,3468,1466,3362,0x01 Java Layer Dependent,"0x11 this is a one-way call: async, no return; allow replies with file descriptors; ",29115,44323,22135,3438,31093,9792,0,0
552,request,4861,115556442,1466,3397,3421,3473,0x0a Java Layer Dependent,"0x11 this is a one-way call: async, no return; allow replies with file descriptors; ",36354,38750,19010,1771,27083,9896,0,0
552,reply,4862,115556443,3421,3468,1466,3362,0x01 Java Layer Dependent,"0x11 this is a one-way call: async, no return; allow replies with file descriptors; ",29218,43125,21771,2395,30000,10730,0,0
553,request,4863,115556444,1466,3397,3421,3473,0x0a Java Layer Dependent,"0x11 this is a one-way call: async, no return; allow replies with file descriptors; ",33437,42083,16303,2552,29166,10365,0,0
553,reply,4864,115556445,3421,3468,1466,3362,0x01 Java Layer Dependent,"0x11 this is a one-way call: async, no return; allow replies with file descriptors; ",28021,199792,34167,6719,184479,8594,0,0
554,request,4865,115556446,1466,3397,3421,3473,0x0a Java Layer Dependent,"0x11 this is a one-way call: async, no return; allow replies with file descriptors; ",32395,47969,17240,1979,33333,12657,0,0
554,reply,4866,115556447,3421,3468,1466,3362,0x01 Java Layer Dependent,"0x11 this is a one-way call: async, no return; allow replies with file descriptors; ",33438,55156,32396,4635,40261,10260,0,0
555,request,4867,115556448,1466,3397,3421,3473,0x0a Java Layer Dependent,"0x11 this is a one-way call: async, no return; allow replies with file descriptors; ",33542,40677,17604,2448,26875,11354,0,0
555,reply,4868,115556449,3421,3468,1466,3362,0x01 Java Layer Dependent,"0x11 this is a one-way call: async, no return; allow replies with file descriptors; ",29322,43750,16355,3125,30208,10417,0,0
556,request,4869,115556450,1466,3397,3421,3473,0x0a Java Layer Dependent,"0x11 this is a one-way call: async, no return; allow replies with file descriptors; ",35417,39635,16979,2031,27917,9687,0,0
556,reply,4870,115556451,3421,3468,1466,3362,0x01 Java Layer Dependent,"0x11 this is a one-way call: async, no return; allow replies with file descriptors; ",31094,41458,16928,1927,29218,10313,0,0
557,request,4871,115556452,1466,3397,3421,3473,0x0a Java Layer Dependent,"0x11 this is a one-way call: async, no return; allow replies with file descriptors; ",34115,42031,17136,2344,29427,10260,0,0
557,reply,4872,115556453,3421,3468,1466,3362,0x01 Java Layer Dependent,"0x11 this is a one-way call: async, no return; allow replies with file descriptors; ",33646,46927,20000,2396,33489,11042,0,0
558,request,4873,115556454,1466,3397,3421,3473,0x0a Java Layer Dependent,"0x11 this is a one-way call: async, no return; allow replies with file descriptors; ",29428,35156,16979,2552,23177,9427,0,0
558,reply,4874,115556455,3421,3468,1466,3362,0x01 Java Layer Dependent,"0x11 this is a one-way call: async, no return; allow replies with file descriptors; ",31875,41354,19948,2708,28073,10573,0,0
559,request,4875,115556456,1466,3397,3421,3473,0x0a Java Layer Dependent,"0x11 this is a one-way call: async, no return; allow replies with file descriptors; ",35416,39896,17761,1875,26823,11198,0,0
559,reply,4876,115556457,3421,3468,1466,3362,0x01 Java Layer Dependent,"0x11 this is a one-way call: async, no return; allow replies with file descriptors; ",25781,33855,15572,2032,23906,7917,0,0
560,request,4877,115556458,1466,3397,3421,3473,0x0a Java Layer Dependent,"0x11 this is a one-way call: async, no return; allow replies with file descriptors; ",40417,44687,17344,1979,29583,13125,0,0
560,reply,4878,115556459,3421,3468,1466,3362,0x01 Java Layer Dependent,"0x11 this is a one-way call: async, no return; allow replies with file descriptors; ",37500,40365,24375,2761,31250,6354,0,0
561,request,4879,115556460,1466,3397,3421,3473,0x0a Java Layer Dependent,"0x11 this is a one-way call: async, no return; allow replies with file descriptors; ",30364,35209,15729,1667,25625,7917,0,0
561,reply,4880,115556461,3421,3468,1466,3362,0x01 Java Layer Dependent,"0x11 this is a one-way call: async, no return; allow replies with file descriptors; ",26198,41979,24740,2656,31250,8073,0,0
562,request,4881,115556462,1466,3397,3421,3473,0x0a Java Layer Dependent,"0x11 this is a one-way call: async, no return; allow replies with file descriptors; ",31355,34218,18854,2031,24479,7708,0,0
562,reply,4882,115556463,3421,3468,1466,3362,0x01 Java Layer Dependent,"0x11 this is a one-way call: async, no return; allow replies with file descriptors; ",26510,40990,25781,3021,30885,7084,0,0
563,request,4883,115556464,1466,3397,3421,3473,0x0a Java Layer Dependent,"0x11 this is a one-way call: async, no return; allow replies with file descriptors; ",39062,41927,19792,1666,29896,10365,0,0
563,reply,4884,115556465,3421,3468,1466,3362,0x01 Java Layer Dependent,"0x11 this is a one-way call: async, no return; allow replies with file descriptors; ",26562,36563,18489,2709,25573,8281,0,0
564,request,4885,115556466,1466,3397,3421,3473,0x0a Java Layer Dependent,"0x11 this is a one-way call: async, no return; allow replies with file descriptors; ",30312,36511,17343,2084,26093,8334,0,0
564,reply,4886,115556467,3421,3468,1466,3362,0x01 Java Layer Dependent,"0x11 this is a one-way call: async, no return; allow replies with file descriptors; ",25105,42239,23490,2656,32448,7135,0,0
565,request,4887,115556468,1466,3397,3421,3473,0x0a Java Layer Dependent,"0x11 this is a one-way call: async, no return; allow replies with file descriptors; ",53855,35000,14843,1823,23542,9635,0,0
565,reply,4888,115556469,3421,3468,1466,3362,0x01 Java Layer Dependent,"0x11 this is a one-way call: async, no return; allow replies with file descriptors; ",27240,47240,23541,3438,34167,9635,0,0
566,request,4889,115556470,1466,3397,3421,3473,0x0a Java Layer Dependent,"0x11 this is a one-way call: async, no return; allow replies with file descriptors; ",40990,44531,15677,1875,29740,12916,0,0
566,reply,4890,115556471,3421,3468,1466,3362,0x01 Java Layer Dependent,"0x11 this is a one-way call: async, no return; allow replies with file descriptors; ",25417,40156,18541,2396,28542,9218,0,0
567,request,4891,115556473,1466,3397,3421,3473,0x0a Java Layer Dependent,"0x11 this is a one-way call: async, no return; allow replies with file descriptors; ",36250,38906,16823,1667,26718,10521,0,0
567,reply,4893,115556474,3421,3468,1466,3362,0x01 Java Layer Dependent,"0x11 this is a one-way call: async, no return; allow replies with file descriptors; ",26458,36407,18177,2657,25364,8386,0,0
568,request,4894,115556476,1466,3397,3421,3473,0x0a Java Layer Dependent,"0x11 this is a one-way call: async, no return; allow replies with file descriptors; ",29740,32343,17448,1875,20208,10260,0,0
568,reply,4897,115556481,3421,3468,1466,3362,0x01 Java Layer Dependent,"0x11 this is a one-way call: async, no return; allow replies with file descriptors; ",27083,35834,17396,3073,24167,8594,0,0
569,request,4899,115556485,1466,3397,3421,3473,0x0a Java Layer Dependent,"0x11 this is a one-way call: async, no return; allow replies with file descriptors; ",30521,32552,16562,1823,21302,9427,0,0
569,reply,4900,115556487,3421,3468,1466,3362,0x01 Java Layer Dependent,"0x11 this is a one-way call: async, no return; allow replies with file descriptors; ",27083,59271,17917,2604,47864,8803,0,0
570,request,4903,115556489,1466,3397,3421,3473,0x0a Java Layer Dependent,"0x11 this is a one-way call: async, no return; allow replies with file descriptors; ",35157,40573,17864,2292,27552,10729,0,0
570,reply,4904,115556490,3421,3468,1466,3362,0x01 Java Layer Dependent,"0x11 this is a one-way call: async, no return; allow replies with file descriptors; ",32812,48125,18125,3229,32500,12396,0,0
571,request,4906,115556493,1466,3397,3421,3473,0x0a Java Layer Dependent,"0x11 this is a one-way call: async, no return; allow replies with file descriptors; ",70885,30469,18281,2136,19427,8906,0,0
571,reply,4907,115556494,3421,3468,1466,3362,0x01 Java Layer Dependent,"0x11 this is a one-way call: async, no return; allow replies with file descriptors; ",28281,40000,19584,2239,28229,9532,0,0
572,request,4908,115556495,1466,3397,3421,3473,0x0a Java Layer Dependent,"0x11 this is a one-way call: async, no return; allow replies with file descriptors; ",37292,44844,18177,6146,28958,9740,0,0
572,reply,4909,115556496,3421,3468,1466,3362,0x01 Java Layer Dependent,"0x11 this is a one-way call: async, no return; allow replies with file descriptors; ",27031,43906,23021,2812,32396,8698,0,0
573,request,4910,115556497,1466,3397,3421,3473,0x0a Java Layer Dependent,"0x11 this is a one-way call: async, no return; allow replies with file descriptors; ",31146,41250,16562,2136,26354,12760,0,0
573,reply,4911,115556498,3421,3468,1466,3362,0x01 Java Layer Dependent,"0x11 this is a one-way call: async, no return; allow replies with file descriptors; ",29323,35208,17657,2604,24167,8437,0,0
574,request,4912,115556499,1466,3397,3421,3473,0x0a Java Layer Dependent,"0x11 this is a one-way call: async, no return; allow replies with file descriptors; ",34323,37083,17917,1927,24948,10208,0,0
574,reply,4913,115556500,3421,3468,1466,3362,0x01 Java Layer Dependent,"0x11 this is a one-way call: async, no return; allow replies with file descriptors; ",29844,38750,17396,2240,26614,9896,0,0
575,request,4914,115556501,1466,3397,3421,3473,0x0a Java Layer Dependent,"0x11 this is a one-way call: async, no return; allow replies with file descriptors; ",36719,37500,18386,1719,24739,11042,0,0
575,reply,4915,115556502,3421,3468,1466,3362,0x01 Java Layer Dependent,"0x11 this is a one-way call: async, no return; allow replies with file descriptors; ",26770,85678,16927,52032,24791,8855,0,0
576,request,4916,115556503,1466,3397,3421,3473,0x0a Java Layer Dependent,"0x11 this is a one-way call: async, no return; allow replies with file descriptors; ",33750,34011,17291,2032,24323,7656,0,0
576,reply,4917,115556504,3421,3468,1466,3362,0x01 Java Layer Dependent,"0x11 this is a one-way call: async, no return; allow replies with file descriptors; ",25625,40208,22240,2187,31302,6719,0,0
577,request,4919,115556506,1466,3397,3421,3473,0x0a Java Layer Dependent,"0x11 this is a one-way call: async, no return; allow replies with file descriptors; ",36563,36041,15781,1719,24479,9843,0,0
577,reply,4920,115556507,3421,3468,1466,3362,0x01 Java Layer Dependent,"0x11 this is a one-way call: async, no return; allow replies with file descriptors; ",26562,35417,17135,2448,24271,8698,0,0
578,request,4921,115556509,1466,3397,3421,3473,0x0a Java Layer Dependent,"0x11 this is a one-way call: async, no return; allow replies with file descriptors; ",31198,30885,16250,1562,22031,7292,0,0
578,reply,4922,115556510,3421,3468,1466,3362,0x01 Java Layer Dependent,"0x11 this is a one-way call: async, no return; allow replies with file descriptors; ",23802,34740,22396,2396,26094,6250,0,0
579,request,4923,115556511,1466,3397,3421,3473,0x0a Java Layer Dependent,"0x11 this is a one-way call: async, no return; allow replies with file descriptors; ",33750,40625,17187,1771,26146,12708,0,0
579,reply,4924,115556512,3421,3468,1466,3362,0x01 Java Layer Dependent,"0x11 this is a one-way call: async, no return; allow replies with file descriptors; ",25469,38437,17760,2344,26823,9270,0,0
580,request,4925,115556513,1466,3397,3421,3473,0x0a Java Layer Dependent,"0x11 this is a one-way call: async, no return; allow replies with file descriptors; ",34948,39271,15833,1563,27135,10573,0,0
580,reply,4926,115556514,3421,3468,1466,3362,0x01 Java Layer Dependent,"0x11 this is a one-way call: async, no return; allow replies with file descriptors; ",26354,41042,17187,2188,28437,10417,0,0
581,request,4927,115556515,1466,3397,3421,3473,0x0a Java Layer Dependent,"0x11 this is a one-way call: async, no return; allow replies with file descriptors; ",31145,40469,28802,4010,28386,8073,0,0
581,reply,4928,115556516,3421,3468,1466,3362,0x01 Java Layer Dependent,"0x11 this is a one-way call: async, no return; allow replies with file descriptors; ",39636,41979,23698,2552,30469,8958,0,0
582,request,4929,115556517,1466,3397,3421,3453,0x0a Java Layer Dependent,"0x11 this is a one-way call: async, no return; allow replies with file descriptors; ",33125,49115,46771,4375,35469,9271,0,0
582,reply,4930,115556518,3421,3468,1466,3362,0x01 Java Layer Dependent,"0x11 this is a one-way call: async, no return; allow replies with file descriptors; ",29167,42812,29063,3437,30156,9219,0,0
583,request,4931,115556519,1466,3397,3421,3453,0x0a Java Layer Dependent,"0x11 this is a one-way call: async, no return; allow replies with file descriptors; ",37448,39531,17552,1823,26979,10729,0,0
583,reply,4932,115556520,3421,3468,1466,3362,0x01 Java Layer Dependent,"0x11 this is a one-way call: async, no return; allow replies with file descriptors; ",31667,84948,16823,40782,33437,10729,0,0
584,request,4933,115556521,1466,3397,3421,3453,0x0a Java Layer Dependent,"0x11 this is a one-way call: async, no return; allow replies with file descriptors; ",47552,42292,15781,1667,28437,12188,0,0
584,reply,4934,115556522,3421,3468,1466,3362,0x01 Java Layer Dependent,"0x11 this is a one-way call: async, no return; allow replies with file descriptors; ",23907,39062,19531,2760,29479,6823,0,0
585,request,4935,115556523,1466,3397,3421,3453,0x0a Java Layer Dependent,"0x11 this is a one-way call: async, no return; allow replies with file descriptors; ",31354,36510,15886,2187,23386,10937,0,0
585,reply,4936,115556524,3421,3468,1466,3362,0x01 Java Layer Dependent,"0x11 this is a one-way call: async, no return; allow replies with file descriptors; ",25625,38907,17187,2292,28177,8438,0,0
586,request,4937,115556525,1466,3397,3421,3453,0x0a Java Layer Dependent,"0x11 this is a one-way call: async, no return; allow replies with file descriptors; ",28125,32760,14531,1771,21146,9843,0,0
586,reply,4938,115556526,3421,3468,1466,3362,0x01 Java Layer Dependent,"0x11 this is a one-way call: async, no return; allow replies with file descriptors; ",27344,41094,17083,2500,29584,9010,0,0
587,request,4939,115556527,1466,3397,3421,3453,0x0a Java Layer Dependent,"0x11 this is a one-way call: async, no return; allow replies with file descriptors; ",34063,38021,18385,1823,28230,7968,0,0
587,reply,4940,115556528,3421,3468,1466,3362,0x01 Java Layer Dependent,"0x11 this is a one-way call: async, no return; allow replies with file descriptors; ",22708,36146,23490,2656,27031,6459,0,0
588,request,4941,115556529,1466,3397,3421,3453,0x0a Java Layer Dependent,"0x11 this is a one-way call: async, no return; allow replies with file descriptors; ",31302,45000,30625,4271,33073,7656,0,0
588,reply,4942,115556530,3421,3468,1466,3362,0x01 Java Layer Dependent,"0x11 this is a one-way call: async, no return; allow replies with file descriptors; ",34063,44531,21146,2604,33021,8906,0,0
589,request,4943,115556531,1466,3397,3421,3453,0x0a Java Layer Dependent,"0x11 this is a one-way call: async, no return; allow replies with file descriptors; ",37343,49948,22240,2395,35990,11563,0,0
589,reply,4944,115556532,3421,3468,1466,3362,0x01 Java Layer Dependent,"0x11 this is a one-way call: async, no return; allow replies with file descriptors; ",37188,59219,25208,3282,45208,10729,0,0
590,request,4945,115556533,1466,3397,3421,3453,0x0a Java Layer Dependent,"0x11 this is a one-way call: async, no return; allow replies with file descriptors; ",34635,36042,18750,1875,23750,10417,0,0
590,reply,4946,115556534,3421,3468,1466,3362,0x01 Java Layer Dependent,"0x11 this is a one-way call: async, no return; allow replies with file descriptors; ",32396,44531,17500,2188,32187,10156,0,0
591,request,4947,115556535,1466,3397,3421,3453,0x0a Java Layer Dependent,"0x11 this is a one-way call: async, no return; allow replies with file descriptors; ",35260,39063,17708,1823,26979,10261,0,0
591,reply,4948,115556536,3421,3468,1466,3362,0x01 Java Layer Dependent,"0x11 this is a one-way call: async, no return; allow replies with file descriptors; ",32865,46146,16458,2292,33333,10521,0,0
592,request,4949,115556537,1466,3397,3421,3453,0x0a Java Layer Dependent,"0x11 this is a one-way call: async, no return; allow replies with file descriptors; ",38958,90417,18698,45573,34948,9896,0,0
592,reply,4950,115556538,3421,3468,1466,3362,0x01 Java Layer Dependent,"0x11 this is a one-way call: async, no return; allow replies with file descriptors; ",32500,48386,17135,2552,34844,10990,0,0
593,request,4951,115556539,1466,3397,3421,3453,0x0a Java Layer Dependent,"0x11 this is a one-way call: async, no return; allow replies with file descriptors; ",36094,45625,20886,1979,31875,11771,0,0
593,reply,4952,115556540,3421,3468,1466,3362,0x01 Java Layer Dependent,"0x11 this is a one-way call: async, no return; allow replies with file descriptors; ",33125,49895,17917,2500,33750,13645,0,0
594,request,4953,115556541,1466,3397,3421,3453,0x0a Java Layer Dependent,"0x11 this is a one-way call: async, no return; allow replies with file descriptors; ",40469,42239,18334,1823,29479,10937,0,0
594,reply,4954,115556542,3421,3468,1466,3362,0x01 Java Layer Dependent,"0x11 this is a one-way call: async, no return; allow replies with file descriptors; ",32343,47032,20364,2188,32187,12657,0,0
595,request,4955,115556543,1466,3397,3421,3453,0x0a Java Layer Dependent,"0x11 this is a one-way call: async, no return; allow replies with file descriptors; ",40052,46406,19532,1927,31093,13386,0,0
595,reply,4956,115556544,3421,3468,1466,3362,0x01 Java Layer Dependent,"0x11 this is a one-way call: async, no return; allow replies with file descriptors; ",31875,50000,20208,2969,35365,11666,0,0
596,request,4957,115556545,1466,3397,3421,3453,0x0a Java Layer Dependent,"0x11 this is a one-way call: async, no return; allow replies with file descriptors; ",30156,38489,19063,1927,27395,9167,0,0
596,reply,4958,115556546,3421,3468,1466,3362,0x01 Java Layer Dependent,"0x11 this is a one-way call: async, no return; allow replies with file descriptors; ",31979,53542,25729,3177,39271,11094,0,0
597,request,4959,115556547,1466,3397,3421,3453,0x0a Java Layer Dependent,"0x11 this is a one-way call: async, no return; allow replies with file descriptors; ",29218,39479,17188,1666,27500,10313,0,0
597,reply,4960,115556548,3421,3468,1466,3362,0x01 Java Layer Dependent,"0x11 this is a one-way call: async, no return; allow replies with file descriptors; ",25834,42396,17500,2396,30261,9739,0,0
598,request,4962,115556550,1466,3397,3421,3453,0x0a Java Layer Dependent,"0x11 this is a one-way call: async, no return; allow replies with file descriptors; ",34115,33385,15469,1927,24323,7135,0,0
598,reply,4963,115556551,3421,3468,1466,3362,0x01 Java Layer Dependent,"0x11 this is a one-way call: async, no return; allow replies with file descriptors; ",27344,45573,25052,2969,33750,8854,0,0
599,request,4964,115556552,1466,3397,3421,3453,0x0a Java Layer Dependent,"0x11 this is a one-way call: async, no return; allow replies with file descriptors; ",34063,47396,28020,2917,35573,8906,0,0
599,reply,4965,115556553,3421,3468,1466,3362,0x01 Java Layer Dependent,"0x11 this is a one-way call: async, no return; allow replies with file descriptors; ",34062,223907,35260,5469,205677,12761,0,0
600,request,4966,115556554,1466,3397,3421,3453,0x0a Java Layer Dependent,"0x11 this is a one-way call: async, no return; allow replies with file descriptors; ",39532,44062,20886,2552,30677,10833,0,0
600,reply,4967,115556555,3421,3468,1466,3362,0x01 Java Layer Dependent,"0x11 this is a one-way call: async, no return; allow replies with file descriptors; ",32448,51250,28750,3906,39583,7761,0,0
601,request,4968,115556556,1466,3397,3421,3453,0x0a Java Layer Dependent,"0x11 this is a one-way call: async, no return; allow replies with file descriptors; ",34167,46614,29219,4114,31146,11354,0,0
601,reply,4969,115556557,3421,3468,1466,3362,0x01 Java Layer Dependent,"0x11 this is a one-way call: async, no return; allow replies with file descriptors; ",25677,42500,26979,3646,30937,7917,0,0
602,request,4970,115556558,1466,3397,3421,3453,0x0a Java Layer Dependent,"0x11 this is a one-way call: async, no return; allow replies with file descriptors; ",32135,42917,24635,3750,30469,8698,0,0
602,reply,4971,115556559,3421,3468,1466,3362,0x01 Java Layer Dependent,"0x11 this is a one-way call: async, no return; allow replies with file descriptors; ",41458,48334,27812,3698,36250,8386,0,0
603,request,4972,115556560,1466,3397,3421,3453,0x0a Java Layer Dependent,"0x11 this is a one-way call: async, no return; allow replies with file descriptors; ",36719,42760,24427,3646,30468,8646,0,0
603,reply,4973,115556561,3421,3468,1466,3362,0x01 Java Layer Dependent,"0x11 this is a one-way call: async, no return; allow replies with file descriptors; ",29844,51823,27552,3802,36979,11042,0,0
604,request,4974,115556562,1466,3397,3421,3453,0x0a Java Layer Dependent,"0x11 this is a one-way call: async, no return; allow replies with file descriptors; ",34114,45157,26406,3334,32031,9792,0,0
604,reply,4975,115556563,3421,3468,1466,3362,0x01 Java Layer Dependent,"0x11 this is a one-way call: async, no return; allow replies with file descriptors; ",29687,55365,30885,3855,41770,9740,0,0
605,request,4976,115556564,1466,3397,3421,3453,0x0a Java Layer Dependent,"0x11 this is a one-way call: async, no return; allow replies with file descriptors; ",50886,44791,44219,2969,32239,9583,0,0
605,reply,4977,115556565,3421,3468,1466,3362,0x01 Java Layer Dependent,"0x11 this is a one-way call: async, no return; allow replies with file descriptors; ",29792,44896,25365,3333,32709,8854,0,0
606,request,4978,115556566,1466,3397,3421,3453,0x0a Java Layer Dependent,"0x11 this is a one-way call: async, no return; allow replies with file descriptors; ",31250,45364,25834,4062,31771,9531,0,0
606,reply,4979,115556567,3421,3468,1466,3362,0x01 Java Layer Dependent,"0x11 this is a one-way call: async, no return; allow replies with file descriptors; ",31458,53073,27865,4010,38906,10157,0,0
607,request,4980,115556568,1466,3397,3421,3453,0x0a Java Layer Dependent,"0x11 this is a one-way call: async, no return; allow replies with file descriptors; ",36667,45260,25261,3541,31823,9896,0,0
607,reply,4981,115556569,3421,3468,1466,3362,0x01 Java Layer Dependent,"0x11 this is a one-way call: async, no return; allow replies with file descriptors; ",41302,49219,27135,3490,35104,10625,0,0
608,request,4982,115556570,1466,3397,3421,3453,0x0a Java Layer Dependent,"0x11 this is a one-way call: async, no return; allow replies with file descriptors; ",33854,42500,23177,3854,29063,9583,0,0
608,reply,4983,115556571,3421,3468,1466,3362,0x01 Java Layer Dependent,"0x11 this is a one-way call: async, no return; allow replies with file descriptors; ",29323,48958,27813,3645,35052,10261,0,0
609,request,4984,115556572,1466,3397,3421,3453,0x0a Java Layer Dependent,"0x11 this is a one-way call: async, no return; allow replies with file descriptors; ",34167,48750,27135,3906,34271,10573,0,0
609,reply,4985,115556573,3421,3468,1466,3362,0x01 Java Layer Dependent,"0x11 this is a one-way call: async, no return; allow replies with file descriptors; ",120053,35729,30573,3438,23594,8697,0,0
610,request,4986,115556574,1466,3397,3421,3453,0x0a Java Layer Dependent,"0x11 this is a one-way call: async, no return; allow replies with file descriptors; ",33334,45104,25937,3333,30521,11250,0,0
610,reply,4987,115556575,3421,3468,1466,3362,0x01 Java Layer Dependent,"0x11 this is a one-way call: async, no return; allow replies with file descriptors; ",30104,51562,29948,4427,36666,10469,0,0
611,request,4988,115556576,1466,3397,3421,3453,0x0a Java Layer Dependent,"0x11 this is a one-way call: async, no return; allow replies with file descriptors; ",35469,46302,24323,3958,31042,11302,0,0
611,reply,4989,115556577,3421,3468,1466,3362,0x01 Java Layer Dependent,"0x11 this is a one-way call: async, no return; allow replies with file descriptors; ",30677,52708,27709,4114,38438,10156,0,0
612,request,4990,115556578,1466,3397,3421,3453,0x0a Java Layer Dependent,"0x11 this is a one-way call: async, no return; allow replies with file descriptors; ",30885,47448,26406,3542,34010,9896,0,0
612,reply,4991,115556579,3421,3468,1466,3362,0x01 Java Layer Dependent,"0x11 this is a one-way call: async, no return; allow replies with file descriptors; ",32239,53594,30469,3958,39011,10625,0,0
613,request,4992,115556580,1466,3397,3421,3453,0x0a Java Layer Dependent,"0x11 this is a one-way call: async, no return; allow replies with file descriptors; ",32032,44635,25677,3125,30781,10729,0,0
613,reply,4993,115556581,3421,3468,1466,3362,0x01 Java Layer Dependent,"0x11 this is a one-way call: async, no return; allow replies with file descriptors; ",30052,71146,29947,3803,32343,35000,0,0
614,request,4994,115556582,1466,3397,3421,3453,0x0a Java Layer Dependent,"0x11 this is a one-way call: async, no return; allow replies with file descriptors; ",33437,43490,24635,3438,31822,8230,0,0
614,reply,4995,115556583,3421,3468,1466,3362,0x01 Java Layer Dependent,"0x11 this is a one-way call: async, no return; allow replies with file descriptors; ",30729,50625,30208,4167,35416,11042,0,0
615,request,4996,115556584,1466,3397,3421,3453,0x0a Java Layer Dependent,"0x11 this is a one-way call: async, no return; allow replies with file descriptors; ",34167,47864,25157,3073,32239,12552,0,0
615,reply,4997,115556585,3421,3468,1466,3362,0x01 Java Layer Dependent,"0x11 this is a one-way call: async, no return; allow replies with file descriptors; ",29219,54219,29687,3750,39688,10781,0,0
616,request,4998,115556586,1466,3397,3421,3453,0x0a Java Layer Dependent,"0x11 this is a one-way call: async, no return; allow replies with file descriptors; ",29896,121614,28073,5312,107240,9062,0,0
616,reply,4999,115556587,3421,3468,1466,3362,0x01 Java Layer Dependent,"0x11 this is a one-way call: async, no return; allow replies with file descriptors; ",27344,45261,30520,4011,34114,7136,0,0
617,request,5000,115556588,1466,3397,3421,3453,0x0a Java Layer Dependent,"0x11 this is a one-way call: async, no return; allow replies with file descriptors; ",31302,46458,23906,3594,31875,10989,0,0
617,reply,5001,115556589,3421,3468,1466,3362,0x01 Java Layer Dependent,"0x11 this is a one-way call: async, no return; allow replies with file descriptors; ",28802,48437,28854,3698,35208,9531,0,0
618,request,5002,115556590,1466,3397,3421,3453,0x0a Java Layer Dependent,"0x11 this is a one-way call: async, no return; allow replies with file descriptors; ",32552,126198,29323,5105,111510,9583,0,0
618,reply,5003,115556591,3421,3468,1466,3362,0x01 Java Layer Dependent,"0x11 this is a one-way call: async, no return; allow replies with file descriptors; ",30208,51927,29948,4844,38229,8854,0,0
619,request,5004,115556592,1466,3397,3421,3453,0x0a Java Layer Dependent,"0x11 this is a one-way call: async, no return; allow replies with file descriptors; ",30886,43125,24531,3281,31146,8698,0,0
619,reply,5005,115556593,3421,3468,1466,3362,0x01 Java Layer Dependent,"0x11 this is a one-way call: async, no return; allow replies with file descriptors; ",32031,52135,28594,4010,36406,11719,0,0
620,request,5006,115556594,1466,3397,3421,3453,0x0a Java Layer Dependent,"0x11 this is a one-way call: async, no return; allow replies with file descriptors; ",43125,96615,27188,4062,82605,9948,0,0
620,reply,5007,115556595,3421,3468,1466,3362,0x01 Java Layer Dependent,"0x11 this is a one-way call: async, no return; allow replies with file descriptors; ",24479,46406,27969,4010,34323,8073,0,0
621,request,5008,115556596,1466,3397,3421,3453,0x0a Java Layer Dependent,"0x11 this is a one-way call: async, no return; allow replies with file descriptors; ",36563,46093,24219,3958,30937,11198,0,0
621,reply,5009,115556597,3421,3468,1466,3362,0x01 Java Layer Dependent,"0x11 this is a one-way call: async, no return; allow replies with file descriptors; ",30417,51093,28334,4427,36354,10312,0,0
622,request,5010,115556598,1466,3397,3421,3453,0x0a Java Layer Dependent,"0x11 this is a one-way call: async, no return; allow replies with file descriptors; ",34896,43958,25834,3802,31771,8385,0,0
622,reply,5011,115556599,3421,3468,1466,3362,0x01 Java Layer Dependent,"0x11 this is a one-way call: async, no return; allow replies with file descriptors; ",29166,47917,26667,4323,32813,10781,0,0
623,request,5012,115556600,1466,3397,3421,3453,0x0a Java Layer Dependent,"0x11 this is a one-way call: async, no return; allow replies with file descriptors; ",33854,40834,26354,3438,27135,10261,0,0
623,reply,5013,115556601,3421,3468,1466,3362,0x01 Java Layer Dependent,"0x11 this is a one-way call: async, no return; allow replies with file descriptors; ",32396,48542,30937,4011,35416,9115,0,0
624,request,5014,115556602,1466,3397,3421,3453,0x0a Java Layer Dependent,"0x11 this is a one-way call: async, no return; allow replies with file descriptors; ",43854,117344,26718,6042,101406,9896,0,0
624,reply,5015,115556603,3421,3468,1466,3362,0x01 Java Layer Dependent,"0x11 this is a one-way call: async, no return; allow replies with file descriptors; ",31927,42969,29844,4167,30573,8229,0,0
625,request,5016,115556604,1466,3397,3421,3453,0x0a Java Layer Dependent,"0x11 this is a one-way call: async, no return; allow replies with file descriptors; ",32552,85417,25312,10104,66563,8750,0,0
625,reply,5017,115556605,3421,3468,1466,3362,0x01 Java Layer Dependent,"0x11 this is a one-way call: async, no return; allow replies with file descriptors; ",32761,54323,28854,4271,38959,11093,0,0
626,request,5018,115556606,1466,3397,3421,3453,0x0a Java Layer Dependent,"0x11 this is a one-way call: async, no return; allow replies with file descriptors; ",31250,73750,26615,4896,60052,8802,0,0
626,reply,5019,115556607,3421,3468,1466,3362,0x01 Java Layer Dependent,"0x11 this is a one-way call: async, no return; allow replies with file descriptors; ",29115,49219,32031,3490,36823,8906,0,0
627,request,5020,115556608,1466,3397,3421,3453,0x0a Java Layer Dependent,"0x11 this is a one-way call: async, no return; allow replies with file descriptors; ",36927,47969,25781,3802,32240,11927,0,0
627,reply,5021,115556609,3421,3468,1466,3362,0x01 Java Layer Dependent,"0x11 this is a one-way call: async, no return; allow replies with file descriptors; ",33854,50989,27865,3802,37812,9375,0,0
628,request,5022,115556610,1466,3397,3421,3453,0x0a Java Layer Dependent,"0x11 this is a one-way call: async, no return; allow replies with file descriptors; ",34114,40052,24896,3802,27708,8542,0,0
628,reply,5023,115556611,3421,3468,1466,3362,0x01 Java Layer Dependent,"0x11 this is a one-way call: async, no return; allow replies with file descriptors; ",37604,43073,27240,3281,31875,7917,0,0
629,request,5026,115556618,1466,3397,3421,3453,0x0a Java Layer Dependent,"0x11 this is a one-way call: async, no return; allow replies with file descriptors; ",29948,36823,24271,3177,25729,7917,0,0
629,reply,5027,115556621,3421,3468,1466,3362,0x01 Java Layer Dependent,"0x11 this is a one-way call: async, no return; allow replies with file descriptors; ",28021,41198,23698,3229,30209,7760,0,0
630,request,5029,115556622,1466,3397,3421,3453,0x0a Java Layer Dependent,"0x11 this is a one-way call: async, no return; allow replies with file descriptors; ",26927,37864,23177,2812,24792,10260,0,0
630,reply,5034,115556623,3421,3468,1466,3362,0x01 Java Layer Dependent,"0x11 this is a one-way call: async, no return; allow replies with file descriptors; ",30104,45782,27239,3177,34271,8334,0,0
631,request,5036,115556624,1466,3397,3421,3453,0x0a Java Layer Dependent,"0x11 this is a one-way call: async, no return; allow replies with file descriptors; ",31250,36719,24271,2708,25990,8021,0,0
631,reply,5037,115556625,3421,3468,1466,3362,0x01 Java Layer Dependent,"0x11 this is a one-way call: async, no return; allow replies with file descriptors; ",30000,50261,31562,4479,38282,7500,0,0
632,request,5038,115556626,1466,3397,3421,3453,0x0a Java Layer Dependent,"0x11 this is a one-way call: async, no return; allow replies with file descriptors; ",34583,41042,27240,3125,29271,8646,0,0
632,reply,5039,115556627,3421,3468,1466,3362,0x01 Java Layer Dependent,"0x11 this is a one-way call: async, no return; allow replies with file descriptors; ",29427,46198,28073,4062,33125,9011,0,0
633,request,5040,115556628,1466,3397,3421,3453,0x0a Java Layer Dependent,"0x11 this is a one-way call: async, no return; allow replies with file descriptors; ",32552,42344,26406,3281,31042,8021,0,0
633,reply,5041,115556629,3421,3468,1466,3362,0x01 Java Layer Dependent,"0x11 this is a one-way call: async, no return; allow replies with file descriptors; ",27916,44167,27344,3594,32083,8490,0,0
634,request,5042,115556630,1466,3397,3421,3453,0x0a Java Layer Dependent,"0x11 this is a one-way call: async, no return; allow replies with file descriptors; ",34167,39948,55364,2761,28750,8437,0,0
634,reply,5043,115556631,3421,3468,1466,3362,0x01 Java Layer Dependent,"0x11 this is a one-way call: async, no return; allow replies with file descriptors; ",31979,41510,28177,4375,29427,7708,0,0
635,request,5044,115556632,1466,3397,3421,3453,0x0a Java Layer Dependent,"0x11 this is a one-way call: async, no return; allow replies with file descriptors; ",32292,38281,24271,2864,26615,8802,0,0
635,reply,5045,115556633,3421,3468,1466,3362,0x01 Java Layer Dependent,"0x11 this is a one-way call: async, no return; allow replies with file descriptors; ",30208,47292,28489,4323,34011,8958,0,0
636,request,5046,115556634,1466,3397,3421,3453,0x0a Java Layer Dependent,"0x11 this is a one-way call: async, no return; allow replies with file descriptors; ",34271,47291,28542,2708,31927,12656,0,0
636,reply,5047,115556635,3421,3468,1466,3362,0x01 Java Layer Dependent,"0x11 this is a one-way call: async, no return; allow replies with file descriptors; ",26666,44219,23334,3541,33178,7500,0,0
637,request,5048,115556636,1466,3397,3421,3453,0x0a Java Layer Dependent,"0x11 this is a one-way call: async, no return; allow replies with file descriptors; ",33177,38542,18333,1875,27031,9636,0,0
637,reply,5049,115556637,3421,3468,1466,3362,0x01 Java Layer Dependent,"0x11 this is a one-way call: async, no return; allow replies with file descriptors; ",28750,41667,18333,3229,28802,9636,0,0
638,request,5050,115556638,1466,3397,3421,3453,0x0a Java Layer Dependent,"0x11 this is a one-way call: async, no return; allow replies with file descriptors; ",34844,36927,17500,1979,24844,10104,0,0
638,reply,5051,115556639,3421,3468,1466,3362,0x01 Java Layer Dependent,"0x11 this is a one-way call: async, no return; allow replies with file descriptors; ",55625,33958,16927,2656,23385,7917,0,0
639,request,5052,115556640,1466,3397,3421,3453,0x0a Java Layer Dependent,"0x11 this is a one-way call: async, no return; allow replies with file descriptors; ",33646,34167,16927,1823,23282,9062,0,0
639,reply,5053,115556641,3421,3468,1466,3362,0x01 Java Layer Dependent,"0x11 this is a one-way call: async, no return; allow replies with file descriptors; ",24115,35625,15365,2292,25833,7500,0,0
640,request,5054,115556642,1466,3397,3421,3453,0x0a Java Layer Dependent,"0x11 this is a one-way call: async, no return; allow replies with file descriptors; ",29532,36510,17917,2552,25260,8698,0,0
640,reply,5055,115556643,3421,3468,1466,3362,0x01 Java Layer Dependent,"0x11 this is a one-way call: async, no return; allow replies with file descriptors; ",26198,41823,21615,2656,32448,6719,0,0
641,request,5056,115556644,1466,3397,3421,3453,0x0a Java Layer Dependent,"0x11 this is a one-way call: async, no return; allow replies with file descriptors; ",36406,38750,17552,2292,26198,10260,0,0
641,reply,5057,115556645,3421,3468,1466,3362,0x01 Java Layer Dependent,"0x11 this is a one-way call: async, no return; allow replies with file descriptors; ",26667,40729,15781,2760,28855,9114,0,0
642,request,5058,115556646,1466,3397,3421,3453,0x0a Java Layer Dependent,"0x11 this is a one-way call: async, no return; allow replies with file descriptors; ",36459,40208,17448,2865,24948,12395,0,0
642,reply,5059,115556647,3421,3468,1466,3362,0x01 Java Layer Dependent,"0x11 this is a one-way call: async, no return; allow replies with file descriptors; ",28333,42969,16979,2865,30989,9115,0,0
643,request,5060,115556648,1466,3397,3421,3453,0x0a Java Layer Dependent,"0x11 this is a one-way call: async, no return; allow replies with file descriptors; ",187864,26823,17969,2396,16250,8177,0,0
643,reply,5061,115556649,3421,3468,1466,3362,0x01 Java Layer Dependent,"0x11 this is a one-way call: async, no return; allow replies with file descriptors; ",28229,43698,18229,2656,30365,10677,0,0
644,request,5062,115556650,1466,3397,3421,3453,0x0a Java Layer Dependent,"0x11 this is a one-way call: async, no return; allow replies with file descriptors; ",38334,38593,18698,2343,26407,9843,0,0
644,reply,5063,115556651,3421,3468,1466,3362,0x01 Java Layer Dependent,"0x11 this is a one-way call: async, no return; allow replies with file descriptors; ",27239,40677,19271,2760,27760,10157,0,0
645,request,5064,115556652,1466,3397,3421,3453,0x0a Java Layer Dependent,"0x11 this is a one-way call: async, no return; allow replies with file descriptors; ",30261,35156,20052,1875,26302,6979,0,0
645,reply,5065,115556653,3421,3468,1466,3362,0x01 Java Layer Dependent,"0x11 this is a one-way call: async, no return; allow replies with file descriptors; ",26614,42448,24948,3073,32500,6875,0,0
646,request,5066,115556654,1466,3397,3421,3453,0x0a Java Layer Dependent,"0x11 this is a one-way call: async, no return; allow replies with file descriptors; ",41980,40989,17865,2187,28229,10573,0,0
646,reply,5067,115556655,3421,3468,1466,3362,0x01 Java Layer Dependent,"0x11 this is a one-way call: async, no return; allow replies with file descriptors; ",27188,38437,18386,1979,27343,9115,0,0
647,request,5068,115556656,1466,3397,3421,3453,0x0a Java Layer Dependent,"0x11 this is a one-way call: async, no return; allow replies with file descriptors; ",31875,34791,17604,2343,25209,7239,0,0
647,reply,5069,115556657,3421,3468,1466,3362,0x01 Java Layer Dependent,"0x11 this is a one-way call: async, no return; allow replies with file descriptors; ",25416,75938,22187,31927,36458,7553,0,0
648,request,5070,115556658,1466,3397,3421,3453,0x0a Java Layer Dependent,"0x11 this is a one-way call: async, no return; allow replies with file descriptors; ",34635,39948,18959,2864,29063,8021,0,0
648,reply,5071,115556659,3421,3468,1466,3362,0x01 Java Layer Dependent,"0x11 this is a one-way call: async, no return; allow replies with file descriptors; ",28282,47187,26563,3437,35938,7812,0,0
649,request,5072,115556660,1466,3397,3421,3453,0x0a Java Layer Dependent,"0x11 this is a one-way call: async, no return; allow replies with file descriptors; ",42604,43750,19219,2604,29531,11615,0,0
649,reply,5073,115556661,3421,3468,1466,3362,0x01 Java Layer Dependent,"0x11 this is a one-way call: async, no return; allow replies with file descriptors; ",48542,44844,21146,3021,32136,9687,0,0
650,request,5074,115556662,1466,3397,3421,3453,0x0a Java Layer Dependent,"0x11 this is a one-way call: async, no return; allow replies with file descriptors; ",44792,42292,19166,2136,27552,12604,0,0
650,reply,5075,115556663,3421,3468,1466,3362,0x01 Java Layer Dependent,"0x11 this is a one-way call: async, no return; allow replies with file descriptors; ",31250,47813,22031,3386,33489,10938,0,0
651,request,5076,115556664,1466,3397,3421,3453,0x0a Java Layer Dependent,"0x11 this is a one-way call: async, no return; allow replies with file descriptors; ",34635,42708,18282,2291,29115,11302,0,0
651,reply,5077,115556665,3421,3468,1466,3362,0x01 Java Layer Dependent,"0x11 this is a one-way call: async, no return; allow replies with file descriptors; ",27500,46354,17344,2917,32552,10885,0,0
652,request,5078,115556666,1466,3397,3421,3453,0x0a Java Layer Dependent,"0x11 this is a one-way call: async, no return; allow replies with file descriptors; ",31354,34011,18333,2344,24323,7344,0,0
652,reply,5079,115556667,3421,3468,1466,3362,0x01 Java Layer Dependent,"0x11 this is a one-way call: async, no return; allow replies with file descriptors; ",25573,44687,23958,3958,33229,7500,0,0
653,request,5080,115556668,1466,3397,3421,3453,0x0a Java Layer Dependent,"0x11 this is a one-way call: async, no return; allow replies with file descriptors; ",35573,42188,17968,2500,29740,9948,0,0
653,reply,5081,115556669,3421,3468,1466,3362,0x01 Java Layer Dependent,"0x11 this is a one-way call: async, no return; allow replies with file descriptors; ",27656,42552,18177,2812,29427,10313,0,0
654,request,5082,115556670,1466,3397,3421,3453,0x0a Java Layer Dependent,"0x11 this is a one-way call: async, no return; allow replies with file descriptors; ",35782,39427,17760,2292,26615,10520,0,0
654,reply,5083,115556671,3421,3468,1466,3362,0x01 Java Layer Dependent,"0x11 this is a one-way call: async, no return; allow replies with file descriptors; ",41614,39844,17917,2188,28854,8802,0,0
655,request,5084,115556672,1466,3397,3421,3453,0x0a Java Layer Dependent,"0x11 this is a one-way call: async, no return; allow replies with file descriptors; ",35677,38230,17656,2188,26406,9636,0,0
655,reply,5085,115556673,3421,3468,1466,3362,0x01 Java Layer Dependent,"0x11 this is a one-way call: async, no return; allow replies with file descriptors; ",29479,41979,17656,2812,29428,9739,0,0
656,request,5086,115556674,1466,3397,3421,3453,0x0a Java Layer Dependent,"0x11 this is a one-way call: async, no return; allow replies with file descriptors; ",35416,36354,16355,1562,24531,10261,0,0
656,reply,5087,115556675,3421,3468,1466,3362,0x01 Java Layer Dependent,"0x11 this is a one-way call: async, no return; allow replies with file descriptors; ",29636,41041,18542,3073,28854,9114,0,0
657,request,5088,115556676,1466,3397,3421,3453,0x0a Java Layer Dependent,"0x11 this is a one-way call: async, no return; allow replies with file descriptors; ",32969,37552,18021,2396,25677,9479,0,0
657,reply,5089,115556677,3421,3468,1466,3362,0x01 Java Layer Dependent,"0x11 this is a one-way call: async, no return; allow replies with file descriptors; ",26875,37552,17344,2552,25468,9532,0,0
658,request,5090,115556678,1466,3397,3421,3453,0x0a Java Layer Dependent,"0x11 this is a one-way call: async, no return; allow replies with file descriptors; ",33542,34479,17240,2396,22031,10052,0,0
658,reply,5091,115556679,3421,3468,1466,3362,0x01 Java Layer Dependent,"0x11 this is a one-way call: async, no return; allow replies with file descriptors; ",28750,38854,16927,2448,27239,9167,0,0
659,request,5092,115556680,1466,3397,3421,3453,0x0a Java Layer Dependent,"0x11 this is a one-way call: async, no return; allow replies with file descriptors; ",30417,37500,16354,2135,24167,11198,0,0
659,reply,5093,115556681,3421,3468,1466,3362,0x01 Java Layer Dependent,"0x11 this is a one-way call: async, no return; allow replies with file descriptors; ",29895,44271,18594,2656,29844,11771,0,0
660,request,5094,115556682,1466,3397,3421,3453,0x0a Java Layer Dependent,"0x11 this is a one-way call: async, no return; allow replies with file descriptors; ",35834,41562,20104,2292,31510,7760,0,0
660,reply,5095,115556683,3421,3468,1466,3362,0x01 Java Layer Dependent,"0x11 this is a one-way call: async, no return; allow replies with file descriptors; ",81510,36875,25521,3021,26354,7500,0,0
661,request,5096,115556684,1466,3397,3421,3453,0x0a Java Layer Dependent,"0x11 this is a one-way call: async, no return; allow replies with file descriptors; ",31511,39323,17343,1615,26198,11510,0,0
661,reply,5097,115556685,3421,3468,1466,3362,0x01 Java Layer Dependent,"0x11 this is a one-way call: async, no return; allow replies with file descriptors; ",27969,184896,31093,5469,170052,9375,0,0
662,request,5098,115556686,1466,3397,3421,3453,0x0a Java Layer Dependent,"0x11 this is a one-way call: async, no return; allow replies with file descriptors; ",33698,38177,16354,1927,26146,10104,0,0
662,reply,5099,115556687,3421,3468,1466,3362,0x01 Java Layer Dependent,"0x11 this is a one-way call: async, no return; allow replies with file descriptors; ",28073,49687,25261,3541,38959,7187,0,0
663,request,5100,115556688,1466,3397,3421,3453,0x0a Java Layer Dependent,"0x11 this is a one-way call: async, no return; allow replies with file descriptors; ",35990,42813,19583,2396,29167,11250,0,0
663,reply,5101,115556689,3421,3468,1466,3362,0x01 Java Layer Dependent,"0x11 this is a one-way call: async, no return; allow replies with file descriptors; ",30260,48386,18125,3177,33854,11355,0,0
664,request,5102,115556690,1466,3397,3421,3453,0x0a Java Layer Dependent,"0x11 this is a one-way call: async, no return; allow replies with file descriptors; ",53750,37552,17240,2292,25208,10052,0,0
664,reply,5103,115556691,3421,3468,1466,3362,0x01 Java Layer Dependent,"0x11 this is a one-way call: async, no return; allow replies with file descriptors; ",29323,88959,18854,41094,37761,10104,0,0
665,request,5104,115556692,1466,3397,3421,3453,0x0a Java Layer Dependent,"0x11 this is a one-way call: async, no return; allow replies with file descriptors; ",35313,37812,16459,2239,27292,8281,0,0
665,reply,5105,115556693,3421,3468,1466,3362,0x01 Java Layer Dependent,"0x11 this is a one-way call: async, no return; allow replies with file descriptors; ",29010,45990,17500,3334,32604,10052,0,0
666,request,5106,115556694,1466,3397,3421,3453,0x0a Java Layer Dependent,"0x11 this is a one-way call: async, no return; allow replies with file descriptors; ",29896,43438,27812,4480,32187,6771,0,0
666,reply,5107,115556695,3421,3468,1466,3362,0x01 Java Layer Dependent,"0x11 this is a one-way call: async, no return; allow replies with file descriptors; ",43854,57031,24010,4531,40417,12083,0,0
667,request,5108,115556696,1466,3397,3421,3453,0x0a Java Layer Dependent,"0x11 this is a one-way call: async, no return; allow replies with file descriptors; ",36458,48646,31719,4271,32135,12240,0,0
667,reply,5109,115556697,3421,3468,1466,3362,0x01 Java Layer Dependent,"0x11 this is a one-way call: async, no return; allow replies with file descriptors; ",29219,51354,30729,4688,38333,8333,0,0
668,request,5110,115556698,1466,3397,3421,3453,0x0a Java Layer Dependent,"0x11 this is a one-way call: async, no return; allow replies with file descriptors; ",36511,80989,43646,38020,35990,6979,0,0
668,reply,5111,115556699,3421,3468,1466,3362,0x01 Java Layer Dependent,"0x11 this is a one-way call: async, no return; allow replies with file descriptors; ",28073,62135,34010,5573,46198,10364,0,0
669,request,5112,115556700,1466,3397,3421,3453,0x0a Java Layer Dependent,"0x11 this is a one-way call: async, no return; allow replies with file descriptors; ",35156,41406,32136,4062,29063,8281,0,0
669,reply,5113,115556701,3421,3468,1466,3362,0x01 Java Layer Dependent,"0x11 this is a one-way call: async, no return; allow replies with file descriptors; ",31563,60625,34895,5573,46146,8906,0,0
670,request,5114,115556702,1466,3397,3421,3453,0x0a Java Layer Dependent,"0x11 this is a one-way call: async, no return; allow replies with file descriptors; ",40625,49896,32813,4531,35781,9584,0,0
670,reply,5115,115556703,3421,3468,1466,3362,0x01 Java Layer Dependent,"0x11 this is a one-way call: async, no return; allow replies with file descriptors; ",29375,52031,34479,5208,38750,8073,0,0
671,request,5116,115556704,1466,3397,3421,3453,0x0a Java Layer Dependent,"0x11 this is a one-way call: async, no return; allow replies with file descriptors; ",43698,47656,31979,4375,35260,8021,0,0
671,reply,5117,115556705,3421,3468,1466,3362,0x01 Java Layer Dependent,"0x11 this is a one-way call: async, no return; allow replies with file descriptors; ",29323,53854,35885,5469,38906,9479,0,0
672,request,5118,115556706,1466,3397,3421,3453,0x0a Java Layer Dependent,"0x11 this is a one-way call: async, no return; allow replies with file descriptors; ",39323,51250,34114,4271,37656,9323,0,0
672,reply,5119,115556707,3421,3468,1466,3362,0x01 Java Layer Dependent,"0x11 this is a one-way call: async, no return; allow replies with file descriptors; ",29063,53854,33802,4688,39947,9219,0,0
673,request,5120,115556708,1466,3397,3421,3453,0x0a Java Layer Dependent,"0x11 this is a one-way call: async, no return; allow replies with file descriptors; ",42083,51875,32136,5677,38021,8177,0,0
673,reply,5121,115556709,3421,3468,1466,3362,0x01 Java Layer Dependent,"0x11 this is a one-way call: async, no return; allow replies with file descriptors; ",28594,54219,33333,5000,40521,8698,0,0
674,request,5122,115556710,1466,3397,3421,3453,0x0a Java Layer Dependent,"0x11 this is a one-way call: async, no return; allow replies with file descriptors; ",37656,50886,27864,5052,37552,8282,0,0
674,reply,5123,115556711,3421,3468,1466,3362,0x01 Java Layer Dependent,"0x11 this is a one-way call: async, no return; allow replies with file descriptors; ",29740,52344,36562,4271,39427,8646,0,0
675,request,5124,115556712,1466,3397,3421,3453,0x0a Java Layer Dependent,"0x11 this is a one-way call: async, no return; allow replies with file descriptors; ",40104,46667,33385,4740,33385,8542,0,0
675,reply,5125,115556713,3421,3468,1466,3362,0x01 Java Layer Dependent,"0x11 this is a one-way call: async, no return; allow replies with file descriptors; ",53489,66146,46198,6927,49062,10157,0,0
676,request,5126,115556714,1466,3397,3421,3453,0x0a Java Layer Dependent,"0x11 this is a one-way call: async, no return; allow replies with file descriptors; ",46719,68072,45990,7968,48959,11145,0,0
676,reply,5127,115556715,3421,3468,1466,3362,0x01 Java Layer Dependent,"0x11 this is a one-way call: async, no return; allow replies with file descriptors; ",37656,66146,46406,6771,48594,10781,0,0
677,request,5128,115556716,1466,3397,3421,3453,0x0a Java Layer Dependent,"0x11 this is a one-way call: async, no return; allow replies with file descriptors; ",50208,57136,40937,5886,40364,10886,0,0
677,reply,5129,115556717,3421,3468,1466,3362,0x01 Java Layer Dependent,"0x11 this is a one-way call: async, no return; allow replies with file descriptors; ",37916,66459,45104,6980,47968,11511,0,0
678,request,5130,115556718,1466,3397,3421,3453,0x0a Java Layer Dependent,"0x11 this is a one-way call: async, no return; allow replies with file descriptors; ",45625,55313,44583,5261,39583,10469,0,0
678,reply,5131,115556719,3421,3468,1466,3362,0x01 Java Layer Dependent,"0x11 this is a one-way call: async, no return; allow replies with file descriptors; ",37865,69739,42032,6979,52396,10364,0,0
679,request,5132,115556720,1466,3397,3421,3453,0x0a Java Layer Dependent,"0x11 this is a one-way call: async, no return; allow replies with file descriptors; ",46250,67292,44010,5469,51042,10781,0,0
679,reply,5133,115556721,3421,3468,1466,3362,0x01 Java Layer Dependent,"0x11 this is a one-way call: async, no return; allow replies with file descriptors; ",36093,67761,43854,6354,51146,10261,0,0
680,request,5134,115556722,1466,3397,3421,3453,0x0a Java Layer Dependent,"0x11 this is a one-way call: async, no return; allow replies with file descriptors; ",44948,58907,42604,5730,41875,11302,0,0
680,reply,5135,115556723,3421,3468,1466,3362,0x01 Java Layer Dependent,"0x11 this is a one-way call: async, no return; allow replies with file descriptors; ",36666,66303,42239,5938,48854,11511,0,0
681,request,5136,115556724,1466,3397,3421,3453,0x0a Java Layer Dependent,"0x11 this is a one-way call: async, no return; allow replies with file descriptors; ",50261,55416,40261,4479,39531,11406,0,0
681,reply,5137,115556725,3421,3468,1466,3362,0x01 Java Layer Dependent,"0x11 this is a one-way call: async, no return; allow replies with file descriptors; ",38125,66510,37396,6198,49271,11041,0,0
682,request,5138,115556726,1466,3397,3421,3453,0x0a Java Layer Dependent,"0x11 this is a one-way call: async, no return; allow replies with file descriptors; ",49583,59062,45834,5468,41875,11719,0,0
682,reply,5139,115556727,3421,3468,1466,3362,0x01 Java Layer Dependent,"0x11 this is a one-way call: async, no return; allow replies with file descriptors; ",42031,68177,40729,6146,48646,13385,0,0
683,request,5140,115556728,1466,3397,3421,3453,0x0a Java Layer Dependent,"0x11 this is a one-way call: async, no return; allow replies with file descriptors; ",57448,70416,45782,5468,51407,13541,0,0
683,reply,5141,115556729,3421,3468,1466,3362,0x01 Java Layer Dependent,"0x11 this is a one-way call: async, no return; allow replies with file descriptors; ",44167,69427,40313,5469,50885,13073,0,0
684,request,5142,115556730,1466,3397,3421,3453,0x0a Java Layer Dependent,"0x11 this is a one-way call: async, no return; allow replies with file descriptors; ",56459,53489,29792,3802,34062,15625,0,0
684,reply,5143,115556731,3421,3468,1466,3362,0x01 Java Layer Dependent,"0x11 this is a one-way call: async, no return; allow replies with file descriptors; ",90729,52865,27344,4688,35260,12917,0,0
685,request,5144,115556732,1466,3397,3421,3453,0x0a Java Layer Dependent,"0x11 this is a one-way call: async, no return; allow replies with file descriptors; ",47552,54480,26666,3490,36302,14688,0,0
685,reply,5145,115556733,3421,3468,1466,3362,0x01 Java Layer Dependent,"0x11 this is a one-way call: async, no return; allow replies with file descriptors; ",39896,57917,26094,3438,41875,12604,0,0
686,request,5146,115556734,1466,3397,3421,3453,0x0a Java Layer Dependent,"0x11 this is a one-way call: async, no return; allow replies with file descriptors; ",47239,56146,26562,3490,38958,13698,0,0
686,reply,5147,115556735,3421,3468,1466,3362,0x01 Java Layer Dependent,"0x11 this is a one-way call: async, no return; allow replies with file descriptors; ",35000,63906,36719,4427,48438,11041,0,0
687,request,5148,115556736,1466,3397,3421,3453,0x0a Java Layer Dependent,"0x11 this is a one-way call: async, no return; allow replies with file descriptors; ",46718,55000,27500,3437,40052,11511,0,0
687,reply,5149,115556737,3421,3468,1466,3362,0x01 Java Layer Dependent,"0x11 this is a one-way call: async, no return; allow replies with file descriptors; ",39792,93542,31666,32240,51146,10156,0,0
688,request,5151,115556739,1466,3397,3421,3453,0x0a Java Layer Dependent,"0x11 this is a one-way call: async, no return; allow replies with file descriptors; ",46771,50052,27396,3073,37500,9479,0,0
688,reply,5152,115556740,3421,3468,1466,3362,0x01 Java Layer Dependent,"0x11 this is a one-way call: async, no return; allow replies with file descriptors; ",36979,59010,32240,3906,44740,10364,0,0
689,request,5153,115556741,1466,3397,3421,3453,0x0a Java Layer Dependent,"0x11 this is a one-way call: async, no return; allow replies with file descriptors; ",51146,58750,26771,3802,40886,14062,0,0
689,reply,5154,115556742,3421,3468,1466,3362,0x01 Java Layer Dependent,"0x11 this is a one-way call: async, no return; allow replies with file descriptors; ",43386,60677,27344,4844,44219,11614,0,0
690,request,5155,115556743,1466,3397,3421,3453,0x0a Java Layer Dependent,"0x11 this is a one-way call: async, no return; allow replies with file descriptors; ",45937,54375,23959,2864,36563,14948,0,0
690,reply,5156,115556744,3421,3468,1466,3362,0x01 Java Layer Dependent,"0x11 this is a one-way call: async, no return; allow replies with file descriptors; ",43802,77448,27968,13959,50937,12552,0,0
691,request,5157,115556745,1466,3397,3421,3453,0x0a Java Layer Dependent,"0x11 this is a one-way call: async, no return; allow replies with file descriptors; ",49479,49479,28646,3802,35573,10104,0,0
691,reply,5158,115556746,3421,3468,1466,3362,0x01 Java Layer Dependent,"0x11 this is a one-way call: async, no return; allow replies with file descriptors; ",42239,63959,35156,5677,48021,10261,0,0
692,request,5159,115556747,1466,3397,3421,3453,0x0a Java Layer Dependent,"0x11 this is a one-way call: async, no return; allow replies with file descriptors; ",53906,56979,26146,3020,38750,15209,0,0
692,reply,5160,115556748,3421,3468,1466,3362,0x01 Java Layer Dependent,"0x11 this is a one-way call: async, no return; allow replies with file descriptors; ",44115,53333,27760,3646,38542,11145,0,0
693,request,5161,115556749,1466,3397,3421,3453,0x0a Java Layer Dependent,"0x11 this is a one-way call: async, no return; allow replies with file descriptors; ",46302,56302,30886,3229,41719,11354,0,0
693,reply,5162,115556750,3421,3468,1466,3362,0x01 Java Layer Dependent,"0x11 this is a one-way call: async, no return; allow replies with file descriptors; ",43333,94427,32760,28229,54844,11354,0,0
694,request,5163,115556751,1466,3397,3421,3453,0x0a Java Layer Dependent,"0x11 this is a one-way call: async, no return; allow replies with file descriptors; ",53072,52761,24739,3281,39688,9792,0,0
694,reply,5164,115556752,3421,3468,1466,3362,0x01 Java Layer Dependent,"0x11 this is a one-way call: async, no return; allow replies with file descriptors; ",44896,64010,36250,5208,48385,10417,0,0
695,request,5165,115556753,1466,3397,3421,3453,0x0a Java Layer Dependent,"0x11 this is a one-way call: async, no return; allow replies with file descriptors; ",54479,62083,28177,3229,42448,16406,0,0
695,reply,5166,115556754,3421,3468,1466,3362,0x01 Java Layer Dependent,"0x11 this is a one-way call: async, no return; allow replies with file descriptors; ",43125,61510,30260,4219,42916,14375,0,0
696,request,5167,115556755,1466,3397,3421,3453,0x0a Java Layer Dependent,"0x11 this is a one-way call: async, no return; allow replies with file descriptors; ",47864,50469,26302,3333,36771,10365,0,0
696,reply,5168,115556756,3421,3468,1466,3362,0x01 Java Layer Dependent,"0x11 this is a one-way call: async, no return; allow replies with file descriptors; ",77865,85625,49843,6511,63437,15677,0,0
697,request,5169,115556757,1466,3397,3421,3453,0x0a Java Layer Dependent,"0x11 this is a one-way call: async, no return; allow replies with file descriptors; ",50990,56823,29218,3646,37656,15521,0,0
697,reply,5170,115556758,3421,3468,1466,3362,0x01 Java Layer Dependent,"0x11 this is a one-way call: async, no return; allow replies with file descriptors; ",49584,66354,34479,4219,49219,12916,0,0
698,request,5171,115556759,1466,3397,3421,3453,0x0a Java Layer Dependent,"0x11 this is a one-way call: async, no return; allow replies with file descriptors; ",49947,56198,28334,2916,40625,12657,0,0
698,reply,5172,115556760,3421,3468,1466,3362,0x01 Java Layer Dependent,"0x11 this is a one-way call: async, no return; allow replies with file descriptors; ",43855,113385,32396,4635,96980,11770,0,0
699,request,5173,115556761,1466,3397,3421,3453,0x0a Java Layer Dependent,"0x11 this is a one-way call: async, no return; allow replies with file descriptors; ",121666,43334,26979,3125,26615,13594,0,0
699,reply,5174,115556762,3421,3468,1466,3362,0x01 Java Layer Dependent,"0x11 this is a one-way call: async, no return; allow replies with file descriptors; ",40521,55625,25833,4010,40313,11302,0,0
700,request,5175,115556763,1466,3397,3421,3453,0x0a Java Layer Dependent,"0x11 this is a one-way call: async, no return; allow replies with file descriptors; ",56407,58073,27500,4063,39948,14062,0,0
700,reply,5176,115556764,3421,3468,1466,3362,0x01 Java Layer Dependent,"0x11 this is a one-way call: async, no return; allow replies with file descriptors; ",38021,61042,37760,3854,46302,10886,0,0
701,request,5177,115556765,1466,3397,3421,3453,0x0a Java Layer Dependent,"0x11 this is a one-way call: async, no return; allow replies with file descriptors; ",48229,55521,25833,2865,37448,15208,0,0
701,reply,5178,115556766,3421,3468,1466,3362,0x01 Java Layer Dependent,"0x11 this is a one-way call: async, no return; allow replies with file descriptors; ",77917,61042,31979,3386,45989,11667,0,0
702,request,5179,115556767,1466,3397,3421,3453,0x0a Java Layer Dependent,"0x11 this is a one-way call: async, no return; allow replies with file descriptors; ",59271,51458,25781,3073,36614,11771,0,0
702,reply,5180,115556768,3421,3468,1466,3362,0x01 Java Layer Dependent,"0x11 this is a one-way call: async, no return; allow replies with file descriptors; ",41302,64427,32604,4323,48125,11979,0,0
703,request,5181,115556769,1466,3397,3421,3453,0x0a Java Layer Dependent,"0x11 this is a one-way call: async, no return; allow replies with file descriptors; ",46823,58073,26562,3386,35625,19062,0,0
703,reply,5182,115556770,3421,3468,1466,3362,0x01 Java Layer Dependent,"0x11 this is a one-way call: async, no return; allow replies with file descriptors; ",37813,57760,24532,3489,41667,12604,0,0
704,request,5183,115556771,1466,3397,3421,3453,0x0a Java Layer Dependent,"0x11 this is a one-way call: async, no return; allow replies with file descriptors; ",44583,53802,26719,3020,38282,12500,0,0
704,reply,5184,115556772,3421,3468,1466,3362,0x01 Java Layer Dependent,"0x11 this is a one-way call: async, no return; allow replies with file descriptors; ",39167,110260,33646,4947,92240,13073,0,0
705,request,5185,115556773,1466,3397,3421,3453,0x0a Java Layer Dependent,"0x11 this is a one-way call: async, no return; allow replies with file descriptors; ",144219,44115,23489,3281,20261,20573,0,0
705,reply,5186,115556774,3421,3468,1466,3362,0x01 Java Layer Dependent,"0x11 this is a one-way call: async, no return; allow replies with file descriptors; ",37031,51303,24062,3698,37605,10000,0,0
706,request,5187,115556775,1466,3397,3421,3453,0x0a Java Layer Dependent,"0x11 this is a one-way call: async, no return; allow replies with file descriptors; ",41719,56666,23438,3958,40833,11875,0,0
706,reply,5188,115556776,3421,3468,1466,3362,0x01 Java Layer Dependent,"0x11 this is a one-way call: async, no return; allow replies with file descriptors; ",39531,65469,37292,5885,47709,11875,0,0
707,request,5189,115556777,1466,3397,3421,3453,0x0a Java Layer Dependent,"0x11 this is a one-way call: async, no return; allow replies with file descriptors; ",47656,50052,24115,3073,33906,13073,0,0
707,reply,5190,115556778,3421,3468,1466,3362,0x01 Java Layer Dependent,"0x11 this is a one-way call: async, no return; allow replies with file descriptors; ",40416,60365,30260,3750,45209,11406,0,0
708,request,5191,115556779,1466,3397,3421,3453,0x0a Java Layer Dependent,"0x11 this is a one-way call: async, no return; allow replies with file descriptors; ",38073,48854,22864,3073,34115,11666,0,0
708,reply,5192,115556780,3421,3468,1466,3362,0x01 Java Layer Dependent,"0x11 this is a one-way call: async, no return; allow replies with file descriptors; ",40365,59844,29739,4167,46042,9635,0,0
709,request,5193,115556781,1466,3397,3421,3453,0x0a Java Layer Dependent,"0x11 this is a one-way call: async, no return; allow replies with file descriptors; ",43021,51198,22396,3490,34323,13385,0,0
709,reply,5194,115556782,3421,3468,1466,3362,0x01 Java Layer Dependent,"0x11 this is a one-way call: async, no return; allow replies with file descriptors; ",39636,53646,27395,3959,39271,10416,0,0
710,request,5195,115556783,1466,3397,3421,3453,0x0a Java Layer Dependent,"0x11 this is a one-way call: async, no return; allow replies with file descriptors; ",47500,52917,22604,2969,36146,13802,0,0
710,reply,5196,115556784,3421,3468,1466,3362,0x01 Java Layer Dependent,"0x11 this is a one-way call: async, no return; allow replies with file descriptors; ",40208,52135,24219,4010,37656,10469,0,0
711,request,5197,115556785,1466,3397,3421,3453,0x0a Java Layer Dependent,"0x11 this is a one-way call: async, no return; allow replies with file descriptors; ",39739,97032,23437,44532,39323,13177,0,0
711,reply,5198,115556786,3421,3468,1466,3362,0x01 Java Layer Dependent,"0x11 this is a one-way call: async, no return; allow replies with file descriptors; ",31146,68125,38646,13646,47396,7083,0,0
712,request,5199,115556787,1466,3397,3421,3453,0x0a Java Layer Dependent,"0x11 this is a one-way call: async, no return; allow replies with file descriptors; ",40677,44479,21927,2708,29271,12500,0,0
712,reply,5200,115556788,3421,3468,1466,3362,0x01 Java Layer Dependent,"0x11 this is a one-way call: async, no return; allow replies with file descriptors; ",36563,47552,19739,3073,35313,9166,0,0
713,request,5201,115556789,1466,3397,3421,3453,0x0a Java Layer Dependent,"0x11 this is a one-way call: async, no return; allow replies with file descriptors; ",35521,33125,18073,1875,23698,7552,0,0
713,reply,5202,115556790,3421,3468,1466,3362,0x01 Java Layer Dependent,"0x11 this is a one-way call: async, no return; allow replies with file descriptors; ",33750,61823,33542,3542,47656,10625,0,0
714,request,5203,115556791,1466,3397,3421,3453,0x0a Java Layer Dependent,"0x11 this is a one-way call: async, no return; allow replies with file descriptors; ",39583,37292,17708,2032,24166,11094,0,0
714,reply,5204,115556792,3421,3468,1466,3362,0x01 Java Layer Dependent,"0x11 this is a one-way call: async, no return; allow replies with file descriptors; ",31458,45729,21927,2656,32187,10886,0,0
715,request,5205,115556793,1466,3397,3421,3453,0x0a Java Layer Dependent,"0x11 this is a one-way call: async, no return; allow replies with file descriptors; ",34375,43021,16875,4115,28437,10469,0,0
715,reply,5206,115556794,3421,3468,1466,3362,0x01 Java Layer Dependent,"0x11 this is a one-way call: async, no return; allow replies with file descriptors; ",30625,96041,26459,50052,37396,8593,0,0
716,request,5207,115556796,1466,3397,3421,3453,0x0a Java Layer Dependent,"0x11 this is a one-way call: async, no return; allow replies with file descriptors; ",39114,45573,32292,3802,32396,9375,0,0
716,reply,5208,115556797,3421,3468,1466,3362,0x01 Java Layer Dependent,"0x11 this is a one-way call: async, no return; allow replies with file descriptors; ",30885,52552,29688,4844,38072,9636,0,0
717,request,5209,115556798,1466,3397,3421,3453,0x0a Java Layer Dependent,"0x11 this is a one-way call: async, no return; allow replies with file descriptors; ",31250,48906,33906,4219,34322,10365,0,0
717,reply,5210,115556799,3421,3468,1466,3362,0x01 Java Layer Dependent,"0x11 this is a one-way call: async, no return; allow replies with file descriptors; ",29584,54739,30365,4062,40417,10260,0,0
718,request,5211,115556800,1466,3397,3421,3453,0x0a Java Layer Dependent,"0x11 this is a one-way call: async, no return; allow replies with file descriptors; ",41719,47292,29219,3386,34427,9479,0,0
718,reply,5213,115556801,3421,3468,1466,3362,0x01 Java Layer Dependent,"0x11 this is a one-way call: async, no return; allow replies with file descriptors; ",28281,51510,39063,4687,37031,9792,0,0
719,request,5215,115556805,1466,3397,3421,3453,0x0a Java Layer Dependent,"0x11 this is a one-way call: async, no return; allow replies with file descriptors; ",33073,54583,28542,4375,37552,12656,0,0
719,reply,5218,115556809,3421,3468,1466,3362,0x01 Java Layer Dependent,"0x11 this is a one-way call: async, no return; allow replies with file descriptors; ",74166,38906,31355,4531,26250,8125,0,0
720,request,5219,115556811,1466,3397,3421,3453,0x0a Java Layer Dependent,"0x11 this is a one-way call: async, no return; allow replies with file descriptors; ",40156,54688,30260,4011,36822,13855,0,0
720,reply,5220,115556813,3421,3468,1466,3362,0x01 Java Layer Dependent,"0x11 this is a one-way call: async, no return; allow replies with file descriptors; ",35729,54687,29896,4219,39322,11146,0,0
721,request,5222,115556814,1466,3397,3421,3453,0x0a Java Layer Dependent,"0x11 this is a one-way call: async, no return; allow replies with file descriptors; ",37604,45105,31875,2500,33386,9219,0,0
721,reply,5224,115556816,3421,3468,1466,3362,0x01 Java Layer Dependent,"0x11 this is a one-way call: async, no return; allow replies with file descriptors; ",29062,119688,26979,3021,109635,7032,0,0
722,request,5225,115556817,1466,3397,3421,3453,0x0a Java Layer Dependent,"0x11 this is a one-way call: async, no return; allow replies with file descriptors; ",35520,36302,18021,1927,25260,9115,0,0
722,reply,5226,115556818,3421,3468,1466,3362,0x01 Java Layer Dependent,"0x11 this is a one-way call: async, no return; allow replies with file descriptors; ",61563,76823,37135,13334,53281,10208,0,0
723,request,5227,115556819,1466,3397,3421,3453,0x0a Java Layer Dependent,"0x11 this is a one-way call: async, no return; allow replies with file descriptors; ",90573,41302,19063,2239,26823,12240,0,0
723,reply,5228,115556820,3421,3468,1466,3362,0x01 Java Layer Dependent,"0x11 this is a one-way call: async, no return; allow replies with file descriptors; ",33802,80677,37865,6041,62396,12240,0,0
724,request,5229,115556821,1466,3397,3421,3453,0x0a Java Layer Dependent,"0x11 this is a one-way call: async, no return; allow replies with file descriptors; ",28854,48594,24166,3959,34687,9948,0,0
724,reply,5230,115556822,3421,3468,1466,3362,0x01 Java Layer Dependent,"0x11 this is a one-way call: async, no return; allow replies with file descriptors; ",33229,63386,33021,7136,45364,10886,0,0
725,request,5231,115556823,1466,3397,3421,3453,0x0a Java Layer Dependent,"0x11 this is a one-way call: async, no return; allow replies with file descriptors; ",34115,45156,17031,2396,30208,12552,0,0
725,reply,5232,115556824,3421,3468,1466,3362,0x01 Java Layer Dependent,"0x11 this is a one-way call: async, no return; allow replies with file descriptors; ",30781,65365,30468,10365,44739,10261,0,0
726,request,5233,115556825,1466,3397,3421,3453,0x0a Java Layer Dependent,"0x11 this is a one-way call: async, no return; allow replies with file descriptors; ",37604,40729,14583,1979,28646,10104,0,0
726,reply,5234,115556826,3421,3468,1466,3362,0x01 Java Layer Dependent,"0x11 this is a one-way call: async, no return; allow replies with file descriptors; ",31719,213489,32917,6614,197396,9479,0,0
727,request,5235,115556827,1466,3397,3421,3453,0x0a Java Layer Dependent,"0x11 this is a one-way call: async, no return; allow replies with file descriptors; ",41355,41823,18385,1875,27917,12031,0,0
727,reply,5236,115556828,3421,3468,1466,3362,0x01 Java Layer Dependent,"0x11 this is a one-way call: async, no return; allow replies with file descriptors; ",31146,54167,30729,3958,42188,8021,0,0
728,request,5237,115556829,1466,3397,3421,3453,0x0a Java Layer Dependent,"0x11 this is a one-way call: async, no return; allow replies with file descriptors; ",38490,42708,18281,2396,29323,10989,0,0
728,reply,5238,115556830,3421,3468,1466,3362,0x01 Java Layer Dependent,"0x11 this is a one-way call: async, no return; allow replies with file descriptors; ",28386,47135,18698,3229,35052,8854,0,0
729,request,5239,115556831,1466,3397,3421,3453,0x0a Java Layer Dependent,"0x11 this is a one-way call: async, no return; allow replies with file descriptors; ",37240,41406,16927,1823,28802,10781,0,0
729,reply,5240,115556832,3421,3468,1466,3362,0x01 Java Layer Dependent,"0x11 this is a one-way call: async, no return; allow replies with file descriptors; ",29948,41718,17917,2916,30938,7864,0,0
730,request,5241,115556833,1466,3397,3421,3453,0x0a Java Layer Dependent,"0x11 this is a one-way call: async, no return; allow replies with file descriptors; ",33125,39011,16927,2032,26562,10417,0,0
730,reply,5242,115556834,3421,3468,1466,3362,0x01 Java Layer Dependent,"0x11 this is a one-way call: async, no return; allow replies with file descriptors; ",29010,43646,23594,3073,32864,7709,0,0
731,request,5243,115556835,1466,3397,3421,3453,0x0a Java Layer Dependent,"0x11 this is a one-way call: async, no return; allow replies with file descriptors; ",46614,42761,17500,1928,29062,11771,0,0
731,reply,5244,115556836,3421,3468,1466,3362,0x01 Java Layer Dependent,"0x11 this is a one-way call: async, no return; allow replies with file descriptors; ",30364,39896,15417,2760,29375,7761,0,0
732,request,5245,115556837,1466,3397,3421,3453,0x0a Java Layer Dependent,"0x11 this is a one-way call: async, no return; allow replies with file descriptors; ",36459,41927,17135,2031,29323,10573,0,0
732,reply,5246,115556838,3421,3468,1466,3362,0x01 Java Layer Dependent,"0x11 this is a one-way call: async, no return; allow replies with file descriptors; ",29739,39115,15781,2240,28698,8177,0,0
733,request,5247,115556839,1466,3397,3421,3453,0x0a Java Layer Dependent,"0x11 this is a one-way call: async, no return; allow replies with file descriptors; ",35156,36563,15573,2552,24271,9740,0,0
733,reply,5248,115556840,3421,3468,1466,3362,0x01 Java Layer Dependent,"0x11 this is a one-way call: async, no return; allow replies with file descriptors; ",29635,44532,16927,2657,34375,7500,0,0
734,request,5249,115556841,1466,3397,3421,3453,0x0a Java Layer Dependent,"0x11 this is a one-way call: async, no return; allow replies with file descriptors; ",38490,41770,18021,1875,31041,8854,0,0
734,reply,5250,115556842,3421,3468,1466,3362,0x01 Java Layer Dependent,"0x11 this is a one-way call: async, no return; allow replies with file descriptors; ",27396,42135,21823,2813,31718,7604,0,0
735,request,5252,115556844,1466,3397,3421,3453,0x0a Java Layer Dependent,"0x11 this is a one-way call: async, no return; allow replies with file descriptors; ",35573,36667,17865,2187,27292,7188,0,0
735,reply,5253,115556845,3421,3468,1466,3362,0x01 Java Layer Dependent,"0x11 this is a one-way call: async, no return; allow replies with file descriptors; ",71927,41041,21615,2708,30469,7864,0,0
736,request,5254,115556846,1466,3397,3421,3453,0x0a Java Layer Dependent,"0x11 this is a one-way call: async, no return; allow replies with file descriptors; ",33125,40886,18437,2032,30000,8854,0,0
736,reply,5255,115556847,3421,3468,1466,3362,0x01 Java Layer Dependent,"0x11 this is a one-way call: async, no return; allow replies with file descriptors; ",34583,89739,29219,6250,71875,11614,0,0
737,request,5256,115556848,1466,3397,3421,3453,0x0a Java Layer Dependent,"0x11 this is a one-way call: async, no return; allow replies with file descriptors; ",35052,36511,17500,1771,23802,10938,0,0
737,reply,5257,115556849,3421,3468,1466,3362,0x01 Java Layer Dependent,"0x11 this is a one-way call: async, no return; allow replies with file descriptors; ",29636,44010,21667,2916,33855,7239,0,0
738,request,5258,115556850,1466,3397,3421,3453,0x0a Java Layer Dependent,"0x11 this is a one-way call: async, no return; allow replies with file descriptors; ",35990,39635,15729,1667,25885,12083,0,0
738,reply,5259,115556851,3421,3468,1466,3362,0x01 Java Layer Dependent,"0x11 this is a one-way call: async, no return; allow replies with file descriptors; ",29375,43385,18177,2031,30313,11041,0,0
739,request,5260,115556855,1466,3397,3421,3453,0x0a Java Layer Dependent,"0x11 this is a one-way call: async, no return; allow replies with file descriptors; ",33438,35521,18177,1771,23854,9896,0,0
739,reply,5262,115556856,3421,3468,1466,3362,0x01 Java Layer Dependent,"0x11 this is a one-way call: async, no return; allow replies with file descriptors; ",26250,38229,16615,2448,26614,9167,0,0
740,request,5264,115556858,1466,3397,3421,3453,0x0a Java Layer Dependent,"0x11 this is a one-way call: async, no return; allow replies with file descriptors; ",38177,37604,20313,2552,27031,8021,0,0
740,reply,5265,115556859,3421,3468,1466,3362,0x01 Java Layer Dependent,"0x11 this is a one-way call: async, no return; allow replies with file descriptors; ",28489,47136,23020,2917,34740,9479,0,0
741,request,5266,115556861,1466,3397,3421,3453,0x0a Java Layer Dependent,"0x11 this is a one-way call: async, no return; allow replies with file descriptors; ",43646,44115,22239,2084,30104,11927,0,0
741,reply,5268,115556863,3421,3468,1466,3362,0x01 Java Layer Dependent,"0x11 this is a one-way call: async, no return; allow replies with file descriptors; ",27813,41302,17552,2344,30365,8593,0,0
742,request,5269,115556864,1466,3397,3421,3453,0x0a Java Layer Dependent,"0x11 this is a one-way call: async, no return; allow replies with file descriptors; ",50521,36146,17448,1719,25260,9167,0,0
742,reply,5270,115556865,3421,3468,1466,3362,0x01 Java Layer Dependent,"0x11 this is a one-way call: async, no return; allow replies with file descriptors; ",31562,42917,18542,2448,29219,11250,0,0
743,request,5271,115556866,1466,3397,3421,3453,0x0a Java Layer Dependent,"0x11 this is a one-way call: async, no return; allow replies with file descriptors; ",40416,37344,18333,2760,25105,9479,0,0
743,reply,5272,115556867,3421,3468,1466,3362,0x01 Java Layer Dependent,"0x11 this is a one-way call: async, no return; allow replies with file descriptors; ",57448,107448,22917,3229,97135,7084,0,0
744,request,5273,115556868,1466,3397,3421,3453,0x0a Java Layer Dependent,"0x11 this is a one-way call: async, no return; allow replies with file descriptors; ",92864,41980,17916,2084,28646,11250,0,0
744,reply,5274,115556869,3421,3468,1466,3362,0x01 Java Layer Dependent,"0x11 this is a one-way call: async, no return; allow replies with file descriptors; ",32083,46094,17917,3281,31667,11146,0,0
745,request,5275,115556870,1466,3397,3421,3453,0x0a Java Layer Dependent,"0x11 this is a one-way call: async, no return; allow replies with file descriptors; ",42292,44375,21146,2656,30105,11614,0,0
745,reply,5276,115556871,3421,3468,1466,3362,0x01 Java Layer Dependent,"0x11 this is a one-way call: async, no return; allow replies with file descriptors; ",35000,46927,18802,3229,32917,10781,0,0
746,request,5277,115556872,1466,3397,3421,3453,0x0a Java Layer Dependent,"0x11 this is a one-way call: async, no return; allow replies with file descriptors; ",39792,39791,18646,2864,28386,8541,0,0
746,reply,5278,115556873,3421,3468,1466,3362,0x01 Java Layer Dependent,"0x11 this is a one-way call: async, no return; allow replies with file descriptors; ",33698,50312,23906,3385,38802,8125,0,0
747,request,5279,115556874,1466,3397,3421,3453,0x0a Java Layer Dependent,"0x11 this is a one-way call: async, no return; allow replies with file descriptors; ",44062,48698,19688,2604,32969,13125,0,0
747,reply,5280,115556875,3421,3468,1466,3362,0x01 Java Layer Dependent,"0x11 this is a one-way call: async, no return; allow replies with file descriptors; ",31198,50781,18229,3802,35521,11458,0,0
748,request,5281,115556876,1466,3397,3421,3453,0x0a Java Layer Dependent,"0x11 this is a one-way call: async, no return; allow replies with file descriptors; ",36250,39375,35260,2344,28073,8958,0,0
748,reply,5282,115556877,3421,3468,1466,3362,0x01 Java Layer Dependent,"0x11 this is a one-way call: async, no return; allow replies with file descriptors; ",30104,50521,23229,4063,37448,9010,0,0
749,request,5283,115556878,1466,3397,3421,3453,0x0a Java Layer Dependent,"0x11 this is a one-way call: async, no return; allow replies with file descriptors; ",40312,37031,16771,2343,23282,11406,0,0
749,reply,5284,115556879,3421,3468,1466,3362,0x01 Java Layer Dependent,"0x11 this is a one-way call: async, no return; allow replies with file descriptors; ",28802,87083,25417,5208,74792,7083,0,0
750,request,5286,115556881,1466,3397,3421,3453,0x0a Java Layer Dependent,"0x11 this is a one-way call: async, no return; allow replies with file descriptors; ",40104,38802,18177,2343,25469,10990,0,0
750,reply,5287,115556882,3421,3468,1466,3362,0x01 Java Layer Dependent,"0x11 this is a one-way call: async, no return; allow replies with file descriptors; ",33594,48125,19323,2761,35364,10000,0,0
751,request,5288,115556883,1466,3397,3421,3453,0x0a Java Layer Dependent,"0x11 this is a one-way call: async, no return; allow replies with file descriptors; ",37344,38490,17552,3021,26823,8646,0,0
751,reply,5289,115556884,3421,3468,1466,3362,0x01 Java Layer Dependent,"0x11 this is a one-way call: async, no return; allow replies with file descriptors; ",30417,88177,23020,2969,77656,7552,0,0
752,request,5290,115556885,1466,3397,3421,3453,0x0a Java Layer Dependent,"0x11 this is a one-way call: async, no return; allow replies with file descriptors; ",36615,41927,16250,2292,28177,11458,0,0
752,reply,5291,115556888,3421,3468,1466,3362,0x01 Java Layer Dependent,"0x11 this is a one-way call: async, no return; allow replies with file descriptors; ",25521,41093,16355,2500,29427,9166,0,0
753,request,5293,115556889,1466,3397,3421,3453,0x0a Java Layer Dependent,"0x11 this is a one-way call: async, no return; allow replies with file descriptors; ",37344,39531,17500,2448,28333,8750,0,0
753,reply,5294,115556891,3421,3468,1466,3362,0x01 Java Layer Dependent,"0x11 this is a one-way call: async, no return; allow replies with file descriptors; ",28229,48855,19739,3490,36979,8386,0,0
754,request,5296,115556892,1466,3397,3421,3453,0x0a Java Layer Dependent,"0x11 this is a one-way call: async, no return; allow replies with file descriptors; ",39688,42656,16510,2031,27917,12708,0,0
754,reply,5297,115556893,3421,3468,1466,3362,0x01 Java Layer Dependent,"0x11 this is a one-way call: async, no return; allow replies with file descriptors; ",31823,41979,16771,2344,31042,8593,0,0
755,request,5298,115556894,1466,3397,3421,3453,0x0a Java Layer Dependent,"0x11 this is a one-way call: async, no return; allow replies with file descriptors; ",31979,35729,17292,2448,24219,9062,0,0
755,reply,5299,115556897,3421,3468,1466,3362,0x01 Java Layer Dependent,"0x11 this is a one-way call: async, no return; allow replies with file descriptors; ",29011,40677,19948,2500,31146,7031,0,0
756,request,5301,115556902,1466,3397,3421,3453,0x0a Java Layer Dependent,"0x11 this is a one-way call: async, no return; allow replies with file descriptors; ",31042,37604,16667,2083,26094,9427,0,0
756,reply,5305,115556905,3421,3468,1466,3362,0x01 Java Layer Dependent,"0x11 this is a one-way call: async, no return; allow replies with file descriptors; ",28802,37396,16771,2344,26510,8542,0,0
757,request,5306,115556907,1466,3397,3421,3453,0x0a Java Layer Dependent,"0x11 this is a one-way call: async, no return; allow replies with file descriptors; ",59271,39948,15312,2344,27864,9740,0,0
757,reply,5307,115556908,3421,3468,1466,3362,0x01 Java Layer Dependent,"0x11 this is a one-way call: async, no return; allow replies with file descriptors; ",30365,39375,15781,2083,27657,9635,0,0
758,request,5308,115556909,1466,3397,3421,3453,0x0a Java Layer Dependent,"0x11 this is a one-way call: async, no return; allow replies with file descriptors; ",35990,38802,18698,1979,26302,10521,0,0
758,reply,5310,115556913,3421,3468,1466,3362,0x01 Java Layer Dependent,"0x11 this is a one-way call: async, no return; allow replies with file descriptors; ",28594,38333,16459,2135,27448,8750,0,0
759,request,5312,115556914,1466,3397,3421,3453,0x0a Java Layer Dependent,"0x11 this is a one-way call: async, no return; allow replies with file descriptors; ",35677,41458,16979,2656,26771,12031,0,0
759,reply,5313,115556915,3421,3468,1466,3362,0x01 Java Layer Dependent,"0x11 this is a one-way call: async, no return; allow replies with file descriptors; ",31458,44375,16615,2656,30469,11250,0,0
760,request,5314,115556916,1466,3397,3421,3453,0x0a Java Layer Dependent,"0x11 this is a one-way call: async, no return; allow replies with file descriptors; ",37760,35261,18958,2604,23907,8750,0,0
760,reply,5315,115556917,3421,3468,1466,3362,0x01 Java Layer Dependent,"0x11 this is a one-way call: async, no return; allow replies with file descriptors; ",33282,48125,24010,3125,36303,8697,0,0
761,request,5316,115556918,1466,3397,3421,3453,0x0a Java Layer Dependent,"0x11 this is a one-way call: async, no return; allow replies with file descriptors; ",39636,43646,18802,3177,30938,9531,0,0
761,reply,5317,115556919,3421,3468,1466,3362,0x01 Java Layer Dependent,"0x11 this is a one-way call: async, no return; allow replies with file descriptors; ",24479,43802,21250,2760,34688,6354,0,0
762,request,5318,115556920,1466,3397,3421,3453,0x0a Java Layer Dependent,"0x11 this is a one-way call: async, no return; allow replies with file descriptors; ",45104,49427,16354,2812,33802,12813,0,0
762,reply,5319,115556921,3421,3468,1466,3362,0x01 Java Layer Dependent,"0x11 this is a one-way call: async, no return; allow replies with file descriptors; ",30833,155312,27188,5520,140105,9687,0,0
763,request,5320,115556922,1466,3397,3421,3453,0x0a Java Layer Dependent,"0x11 this is a one-way call: async, no return; allow replies with file descriptors; ",45573,41667,15781,2552,27865,11250,0,0
763,reply,5321,115556923,3421,3468,1466,3362,0x01 Java Layer Dependent,"0x11 this is a one-way call: async, no return; allow replies with file descriptors; ",32552,44375,16302,3281,30573,10521,0,0
764,request,5322,115556924,1466,3397,3421,3453,0x0a Java Layer Dependent,"0x11 this is a one-way call: async, no return; allow replies with file descriptors; ",35312,40000,16511,2760,28542,8698,0,0
764,reply,5323,115556925,3421,3468,1466,3362,0x01 Java Layer Dependent,"0x11 this is a one-way call: async, no return; allow replies with file descriptors; ",27083,49427,20521,2760,36511,10156,0,0
765,request,5324,115556926,1466,3397,3421,3453,0x0a Java Layer Dependent,"0x11 this is a one-way call: async, no return; allow replies with file descriptors; ",79166,45000,15521,2135,27969,14896,0,0
765,reply,5325,115556927,3421,3468,1466,3362,0x01 Java Layer Dependent,"0x11 this is a one-way call: async, no return; allow replies with file descriptors; ",31979,58230,15520,13438,33750,11042,0,0
766,request,5326,115556928,1466,3397,3421,3453,0x0a Java Layer Dependent,"0x11 this is a one-way call: async, no return; allow replies with file descriptors; ",32343,32813,14687,1771,24115,6927,0,0
766,reply,5327,115556929,3421,3468,1466,3362,0x01 Java Layer Dependent,"0x11 this is a one-way call: async, no return; allow replies with file descriptors; ",24636,36927,17864,2552,27604,6771,0,0
767,request,5328,115556930,1466,3397,3421,3453,0x0a Java Layer Dependent,"0x11 this is a one-way call: async, no return; allow replies with file descriptors; ",33854,36771,13593,1823,24115,10833,0,0
767,reply,5329,115556931,3421,3468,1466,3362,0x01 Java Layer Dependent,"0x11 this is a one-way call: async, no return; allow replies with file descriptors; ",34166,78802,23021,5260,65208,8334,0,0
768,request,5330,115556932,1466,3397,3421,3453,0x0a Java Layer Dependent,"0x11 this is a one-way call: async, no return; allow replies with file descriptors; ",35573,39740,18437,1823,27656,10261,0,0
768,reply,5331,115556933,3421,3468,1466,3362,0x01 Java Layer Dependent,"0x11 this is a one-way call: async, no return; allow replies with file descriptors; ",28542,38073,16771,2292,26927,8854,0,0
769,request,5332,115556934,1466,3397,3421,3453,0x0a Java Layer Dependent,"0x11 this is a one-way call: async, no return; allow replies with file descriptors; ",33646,28386,17031,2136,19948,6302,0,0
769,reply,5334,115556936,3421,3468,1466,3362,0x01 Java Layer Dependent,"0x11 this is a one-way call: async, no return; allow replies with file descriptors; ",42396,43177,21198,2656,33073,7448,0,0
770,request,5335,115556937,1466,3397,3421,3453,0x0a Java Layer Dependent,"0x11 this is a one-way call: async, no return; allow replies with file descriptors; ",35000,111250,17188,74583,27135,9532,0,0
770,reply,5336,115556939,3421,3468,1466,3362,0x01 Java Layer Dependent,"0x11 this is a one-way call: async, no return; allow replies with file descriptors; ",28803,113281,18073,2604,100000,10677,0,0
771,request,5338,115556941,1466,3397,3421,3453,0x0a Java Layer Dependent,"0x11 this is a one-way call: async, no return; allow replies with file descriptors; ",33230,35625,15416,2292,23594,9739,0,0
771,reply,5340,115556944,3421,3468,1466,3362,0x01 Java Layer Dependent,"0x11 this is a one-way call: async, no return; allow replies with file descriptors; ",26718,36719,14219,2552,26146,8021,0,0
772,request,5342,115556945,1466,3397,3421,3453,0x0a Java Layer Dependent,"0x11 this is a one-way call: async, no return; allow replies with file descriptors; ",37656,33125,16146,2083,21771,9271,0,0
772,reply,5343,115556946,3421,3468,1466,3362,0x01 Java Layer Dependent,"0x11 this is a one-way call: async, no return; allow replies with file descriptors; ",28073,46094,22917,3698,33854,8542,0,0
773,request,5344,115556947,1466,3397,3421,3453,0x0a Java Layer Dependent,"0x11 this is a one-way call: async, no return; allow replies with file descriptors; ",39635,39740,16614,2657,26562,10521,0,0
773,reply,5345,115556948,3421,3468,1466,3362,0x01 Java Layer Dependent,"0x11 this is a one-way call: async, no return; allow replies with file descriptors; ",34271,46198,17084,2760,32084,11354,0,0
774,request,5346,115556949,1466,3397,3421,3453,0x0a Java Layer Dependent,"0x11 this is a one-way call: async, no return; allow replies with file descriptors; ",34948,39271,16094,2448,26719,10104,0,0
774,reply,5347,115556950,3421,3468,1466,3362,0x01 Java Layer Dependent,"0x11 this is a one-way call: async, no return; allow replies with file descriptors; ",32709,44218,17188,3020,30990,10208,0,0
775,request,5348,115556951,1466,3397,3421,3453,0x0a Java Layer Dependent,"0x11 this is a one-way call: async, no return; allow replies with file descriptors; ",36250,36875,17552,2240,26719,7916,0,0
775,reply,5349,115556952,3421,3468,1466,3362,0x01 Java Layer Dependent,"0x11 this is a one-way call: async, no return; allow replies with file descriptors; ",29322,45365,24375,2917,35208,7240,0,0
776,request,5350,115556953,1466,3397,3421,3453,0x0a Java Layer Dependent,"0x11 this is a one-way call: async, no return; allow replies with file descriptors; ",35937,38907,16979,2448,28438,8021,0,0
776,reply,5351,115556954,3421,3468,1466,3362,0x01 Java Layer Dependent,"0x11 this is a one-way call: async, no return; allow replies with file descriptors; ",30313,46041,23021,3489,34167,8385,0,0
777,request,5352,115556955,1466,3397,3421,3453,0x0a Java Layer Dependent,"0x11 this is a one-way call: async, no return; allow replies with file descriptors; ",36458,43698,17031,2552,28906,12240,0,0
777,reply,5353,115556956,3421,3468,1466,3362,0x01 Java Layer Dependent,"0x11 this is a one-way call: async, no return; allow replies with file descriptors; ",29323,44896,18646,2813,31510,10573,0,0
778,request,5354,115556957,1466,3397,3421,3453,0x0a Java Layer Dependent,"0x11 this is a one-way call: async, no return; allow replies with file descriptors; ",40678,41562,16979,2396,28437,10729,0,0
778,reply,5355,115556958,3421,3468,1466,3362,0x01 Java Layer Dependent,"0x11 this is a one-way call: async, no return; allow replies with file descriptors; ",31198,79375,17604,31459,37812,10104,0,0
779,request,5356,115556959,1466,3397,3421,3453,0x0a Java Layer Dependent,"0x11 this is a one-way call: async, no return; allow replies with file descriptors; ",34844,38385,19636,2604,27813,7968,0,0
779,reply,5357,115556960,3421,3468,1466,3362,0x01 Java Layer Dependent,"0x11 this is a one-way call: async, no return; allow replies with file descriptors; ",31406,52136,20572,4011,37448,10677,0,0
780,request,5358,115556961,1466,3397,3421,3453,0x0a Java Layer Dependent,"0x11 this is a one-way call: async, no return; allow replies with file descriptors; ",37500,49271,19687,2657,33698,12916,0,0
780,reply,5359,115556962,3421,3468,1466,3362,0x01 Java Layer Dependent,"0x11 this is a one-way call: async, no return; allow replies with file descriptors; ",34427,46563,17240,3698,32187,10678,0,0
781,request,5360,115556963,1466,3397,3421,3453,0x0a Java Layer Dependent,"0x11 this is a one-way call: async, no return; allow replies with file descriptors; ",34531,43386,18645,3230,29322,10834,0,0
781,reply,5361,115556964,3421,3468,1466,3362,0x01 Java Layer Dependent,"0x11 this is a one-way call: async, no return; allow replies with file descriptors; ",33177,44532,17343,3125,30261,11146,0,0
782,request,5362,115556965,1466,3397,3421,3453,0x0a Java Layer Dependent,"0x11 this is a one-way call: async, no return; allow replies with file descriptors; ",60313,42448,18385,3073,29271,10104,0,0
782,reply,5363,115556966,3421,3468,1466,3362,0x01 Java Layer Dependent,"0x11 this is a one-way call: async, no return; allow replies with file descriptors; ",33542,47396,24218,2813,36094,8489,0,0
783,request,5364,115556967,1466,3397,3421,3453,0x0a Java Layer Dependent,"0x11 this is a one-way call: async, no return; allow replies with file descriptors; ",37032,47291,17031,2344,32500,12447,0,0
783,reply,5365,115556968,3421,3468,1466,3362,0x01 Java Layer Dependent,"0x11 this is a one-way call: async, no return; allow replies with file descriptors; ",28021,44271,18229,3177,30782,10312,0,0
784,request,5366,115556969,1466,3397,3421,3453,0x0a Java Layer Dependent,"0x11 this is a one-way call: async, no return; allow replies with file descriptors; ",37240,42500,19375,2865,27760,11875,0,0
784,reply,5367,115556970,3421,3468,1466,3362,0x01 Java Layer Dependent,"0x11 this is a one-way call: async, no return; allow replies with file descriptors; ",28229,45052,17656,3281,30886,10885,0,0
785,request,5368,115556971,1466,3397,3421,3453,0x0a Java Layer Dependent,"0x11 this is a one-way call: async, no return; allow replies with file descriptors; ",37240,46093,16615,2343,35834,7916,0,0
785,reply,5369,115556972,3421,3468,1466,3362,0x01 Java Layer Dependent,"0x11 this is a one-way call: async, no return; allow replies with file descriptors; ",26719,43906,22396,3073,33750,7083,0,0
786,request,5370,115556973,1466,3397,3421,3453,0x0a Java Layer Dependent,"0x11 this is a one-way call: async, no return; allow replies with file descriptors; ",38646,44687,15886,2187,30625,11875,0,0
786,reply,5371,115556974,3421,3468,1466,3362,0x01 Java Layer Dependent,"0x11 this is a one-way call: async, no return; allow replies with file descriptors; ",29687,41198,16407,2343,27865,10990,0,0
787,request,5372,115556975,1466,3397,3421,3453,0x0a Java Layer Dependent,"0x11 this is a one-way call: async, no return; allow replies with file descriptors; ",34844,71354,18438,2291,58282,10781,0,0
787,reply,5373,115556976,3421,3468,1466,3362,0x01 Java Layer Dependent,"0x11 this is a one-way call: async, no return; allow replies with file descriptors; ",29115,43333,15990,2135,30417,10781,0,0
788,request,5375,115556978,1466,3397,3421,3453,0x0a Java Layer Dependent,"0x11 this is a one-way call: async, no return; allow replies with file descriptors; ",34635,34792,17135,1823,23698,9271,0,0
788,reply,5376,115556979,3421,3468,1466,3362,0x01 Java Layer Dependent,"0x11 this is a one-way call: async, no return; allow replies with file descriptors; ",27396,40208,15417,2500,28072,9636,0,0
789,request,5377,115556981,1466,3397,3421,3453,0x0a Java Layer Dependent,"0x11 this is a one-way call: async, no return; allow replies with file descriptors; ",31406,37656,18021,1979,25208,10469,0,0
789,reply,5378,115556982,3421,3468,1466,3362,0x01 Java Layer Dependent,"0x11 this is a one-way call: async, no return; allow replies with file descriptors; ",30937,43125,17761,3073,29010,11042,0,0
790,request,5379,115556983,1466,3397,3421,3453,0x0a Java Layer Dependent,"0x11 this is a one-way call: async, no return; allow replies with file descriptors; ",33750,35468,25209,3385,24896,7187,0,0
790,reply,5380,115556984,3421,3468,1466,3362,0x01 Java Layer Dependent,"0x11 this is a one-way call: async, no return; allow replies with file descriptors; ",41927,45052,22552,2604,34792,7656,0,0
791,request,5381,115556985,1466,3397,3421,3453,0x0a Java Layer Dependent,"0x11 this is a one-way call: async, no return; allow replies with file descriptors; ",39375,42605,17968,2292,28490,11823,0,0
791,reply,5382,115556986,3421,3468,1466,3362,0x01 Java Layer Dependent,"0x11 this is a one-way call: async, no return; allow replies with file descriptors; ",31771,46823,17917,3333,32604,10886,0,0
792,request,5383,115556987,1466,3397,3421,3453,0x0a Java Layer Dependent,"0x11 this is a one-way call: async, no return; allow replies with file descriptors; ",37864,44167,17344,2187,30105,11875,0,0
792,reply,5384,115556988,3421,3468,1466,3362,0x01 Java Layer Dependent,"0x11 this is a one-way call: async, no return; allow replies with file descriptors; ",30677,42448,18073,2761,29375,10312,0,0
793,request,5385,115556989,1466,3397,3421,3453,0x0a Java Layer Dependent,"0x11 this is a one-way call: async, no return; allow replies with file descriptors; ",32604,39011,18437,2761,27447,8803,0,0
793,reply,5386,115556990,3421,3468,1466,3362,0x01 Java Layer Dependent,"0x11 this is a one-way call: async, no return; allow replies with file descriptors; ",26719,48177,22187,3750,36198,8229,0,0
794,request,5387,115556991,1466,3397,3421,3453,0x0a Java Layer Dependent,"0x11 this is a one-way call: async, no return; allow replies with file descriptors; ",35677,38958,18073,3125,27291,8542,0,0
794,reply,5388,115556992,3421,3468,1466,3362,0x01 Java Layer Dependent,"0x11 this is a one-way call: async, no return; allow replies with file descriptors; ",29844,45677,24010,3542,34583,7552,0,0
795,request,5389,115556993,1466,3397,3421,3453,0x0a Java Layer Dependent,"0x11 this is a one-way call: async, no return; allow replies with file descriptors; ",42448,40260,17761,2969,25520,11771,0,0
795,reply,5390,115556994,3421,3468,1466,3362,0x01 Java Layer Dependent,"0x11 this is a one-way call: async, no return; allow replies with file descriptors; ",30937,49167,17187,3281,33438,12448,0,0
796,request,5391,115556995,1466,3397,3421,3453,0x0a Java Layer Dependent,"0x11 this is a one-way call: async, no return; allow replies with file descriptors; ",34531,38854,20261,3229,26614,9011,0,0
796,reply,5392,115556996,3421,3468,1466,3362,0x01 Java Layer Dependent,"0x11 this is a one-way call: async, no return; allow replies with file descriptors; ",30625,50417,22656,3698,36875,9844,0,0
797,request,5393,115556997,1466,3397,3421,3453,0x0a Java Layer Dependent,"0x11 this is a one-way call: async, no return; allow replies with file descriptors; ",41042,46458,18646,2083,32344,12031,0,0
797,reply,5394,115556998,3421,3468,1466,3362,0x01 Java Layer Dependent,"0x11 this is a one-way call: async, no return; allow replies with file descriptors; ",33802,45365,19479,2604,30677,12084,0,0
798,request,5395,115556999,1466,3397,3421,3453,0x0a Java Layer Dependent,"0x11 this is a one-way call: async, no return; allow replies with file descriptors; ",39167,40625,18489,2969,26354,11302,0,0
798,reply,5396,115557000,3421,3468,1466,3362,0x01 Java Layer Dependent,"0x11 this is a one-way call: async, no return; allow replies with file descriptors; ",30677,45052,18437,3386,30104,11562,0,0
799,request,5397,115557001,1466,3397,3421,3453,0x0a Java Layer Dependent,"0x11 this is a one-way call: async, no return; allow replies with file descriptors; ",37709,44219,19270,2657,29062,12500,0,0
799,reply,5398,115557002,3421,3468,1466,3362,0x01 Java Layer Dependent,"0x11 this is a one-way call: async, no return; allow replies with file descriptors; ",30677,43230,17395,3177,29584,10469,0,0
800,request,5399,115557003,1466,3397,3421,3453,0x0a Java Layer Dependent,"0x11 this is a one-way call: async, no return; allow replies with file descriptors; ",35000,40989,18021,3229,28750,9010,0,0
800,reply,5400,115557004,3421,3468,1466,3362,0x01 Java Layer Dependent,"0x11 this is a one-way call: async, no return; allow replies with file descriptors; ",28125,48125,22448,3541,36771,7813,0,0
801,request,5401,115557005,1466,3397,3421,3453,0x0a Java Layer Dependent,"0x11 this is a one-way call: async, no return; allow replies with file descriptors; ",43490,47708,16094,2031,27292,18385,0,0
801,reply,5402,115557006,3421,3468,1466,3362,0x01 Java Layer Dependent,"0x11 this is a one-way call: async, no return; allow replies with file descriptors; ",31667,52135,23594,4010,37917,10208,0,0
802,request,5403,115557007,1466,3397,3421,3453,0x0a Java Layer Dependent,"0x11 this is a one-way call: async, no return; allow replies with file descriptors; ",36458,41667,20521,2865,27396,11406,0,0
802,reply,5404,115557008,3421,3468,1466,3362,0x01 Java Layer Dependent,"0x11 this is a one-way call: async, no return; allow replies with file descriptors; ",28802,49011,20989,2865,33906,12240,0,0
803,request,5405,115557009,1466,3397,3421,3453,0x0a Java Layer Dependent,"0x11 this is a one-way call: async, no return; allow replies with file descriptors; ",38438,42552,17240,2135,28230,12187,0,0
803,reply,5406,115557010,3421,3468,1466,3362,0x01 Java Layer Dependent,"0x11 this is a one-way call: async, no return; allow replies with file descriptors; ",30365,49375,19687,3125,34323,11927,0,0
804,request,5407,115557011,1466,3397,3421,3453,0x0a Java Layer Dependent,"0x11 this is a one-way call: async, no return; allow replies with file descriptors; ",34739,47761,17604,2448,31823,13490,0,0
804,reply,5408,115557012,3421,3468,1466,3362,0x01 Java Layer Dependent,"0x11 this is a one-way call: async, no return; allow replies with file descriptors; ",30469,47083,18073,2500,33021,11562,0,0
805,request,5409,115557013,1466,3397,3421,3453,0x0a Java Layer Dependent,"0x11 this is a one-way call: async, no return; allow replies with file descriptors; ",34948,39636,16562,1927,28386,9323,0,0
805,reply,5410,115557014,3421,3468,1466,3362,0x01 Java Layer Dependent,"0x11 this is a one-way call: async, no return; allow replies with file descriptors; ",24531,195469,35000,5677,182761,7031,0,0
806,request,5411,115557015,1466,3397,3421,3453,0x0a Java Layer Dependent,"0x11 this is a one-way call: async, no return; allow replies with file descriptors; ",36094,35989,16719,1875,26145,7969,0,0
806,reply,5412,115557016,3421,3468,1466,3362,0x01 Java Layer Dependent,"0x11 this is a one-way call: async, no return; allow replies with file descriptors; ",25781,54635,24219,2968,44115,7552,0,0
807,request,5413,115557017,1466,3397,3421,3453,0x0a Java Layer Dependent,"0x11 this is a one-way call: async, no return; allow replies with file descriptors; ",36875,45573,15781,2448,30625,12500,0,0
807,reply,5414,115557018,3421,3468,1466,3362,0x01 Java Layer Dependent,"0x11 this is a one-way call: async, no return; allow replies with file descriptors; ",28646,44531,16666,2500,32813,9218,0,0
808,request,5415,115557019,1466,3397,3421,3453,0x0a Java Layer Dependent,"0x11 this is a one-way call: async, no return; allow replies with file descriptors; ",39375,46094,18489,2709,30833,12552,0,0
808,reply,5416,115557020,3421,3468,1466,3362,0x01 Java Layer Dependent,"0x11 this is a one-way call: async, no return; allow replies with file descriptors; ",30521,42500,17552,2291,29584,10625,0,0
809,request,5417,115557021,1466,3397,3421,3453,0x0a Java Layer Dependent,"0x11 this is a one-way call: async, no return; allow replies with file descriptors; ",36198,38750,16927,2083,27032,9635,0,0
809,reply,5418,115557022,3421,3468,1466,3362,0x01 Java Layer Dependent,"0x11 this is a one-way call: async, no return; allow replies with file descriptors; ",28229,42969,17708,2656,30782,9531,0,0
810,request,5419,115557023,1466,3397,3421,3453,0x0a Java Layer Dependent,"0x11 this is a one-way call: async, no return; allow replies with file descriptors; ",38438,43021,16198,2031,30938,10052,0,0
810,reply,5420,115557024,3421,3468,1466,3362,0x01 Java Layer Dependent,"0x11 this is a one-way call: async, no return; allow replies with file descriptors; ",29896,45781,16927,2708,31615,11458,0,0
811,request,5421,115557025,1466,3397,3421,3453,0x0a Java Layer Dependent,"0x11 this is a one-way call: async, no return; allow replies with file descriptors; ",36771,35937,15573,2604,24635,8698,0,0
811,reply,5422,115557026,3421,3468,1466,3362,0x01 Java Layer Dependent,"0x11 this is a one-way call: async, no return; allow replies with file descriptors; ",28437,42032,21354,2292,33073,6667,0,0
812,request,5423,115557028,1466,3397,3421,3453,0x0a Java Layer Dependent,"0x11 this is a one-way call: async, no return; allow replies with file descriptors; ",31511,36198,16718,2032,24948,9218,0,0
812,reply,5425,115557029,3421,3468,1466,3362,0x01 Java Layer Dependent,"0x11 this is a one-way call: async, no return; allow replies with file descriptors; ",27291,39479,16094,2760,27396,9323,0,0
813,request,5426,115557030,1466,3397,3421,3453,0x0a Java Layer Dependent,"0x11 this is a one-way call: async, no return; allow replies with file descriptors; ",36406,35677,16719,1875,23594,10208,0,0
813,reply,5427,115557031,3421,3468,1466,3362,0x01 Java Layer Dependent,"0x11 this is a one-way call: async, no return; allow replies with file descriptors; ",29375,43646,17031,2865,30781,10000,0,0
814,request,5428,115557032,1466,3397,3421,3453,0x0a Java Layer Dependent,"0x11 this is a one-way call: async, no return; allow replies with file descriptors; ",34896,42240,17135,2292,29844,10104,0,0
814,reply,5429,115557033,3421,3468,1466,3362,0x01 Java Layer Dependent,"0x11 this is a one-way call: async, no return; allow replies with file descriptors; ",92083,31667,16250,2135,21198,8334,0,0
815,request,5430,115557034,1466,3397,3421,3453,0x0a Java Layer Dependent,"0x11 this is a one-way call: async, no return; allow replies with file descriptors; ",87813,28125,21458,2500,18177,7448,0,0
815,reply,5431,115557035,3421,3468,1466,3362,0x01 Java Layer Dependent,"0x11 this is a one-way call: async, no return; allow replies with file descriptors; ",26875,192500,33490,7760,177396,7344,0,0
816,request,5432,115557036,1466,3397,3421,3453,0x0a Java Layer Dependent,"0x11 this is a one-way call: async, no return; allow replies with file descriptors; ",37761,40521,15573,1719,27708,11094,0,0
816,reply,5433,115557037,3421,3468,1466,3362,0x01 Java Layer Dependent,"0x11 this is a one-way call: async, no return; allow replies with file descriptors; ",46302,85260,26615,5989,71511,7760,0,0
817,request,5434,115557038,1466,3397,3421,3453,0x0a Java Layer Dependent,"0x11 this is a one-way call: async, no return; allow replies with file descriptors; ",37343,39219,17448,1667,27864,9688,0,0
817,reply,5435,115557039,3421,3468,1466,3362,0x01 Java Layer Dependent,"0x11 this is a one-way call: async, no return; allow replies with file descriptors; ",30677,44688,17448,2552,31406,10730,0,0
818,request,5436,115557040,1466,3397,3421,3453,0x0a Java Layer Dependent,"0x11 this is a one-way call: async, no return; allow replies with file descriptors; ",30782,36823,15625,1771,25834,9218,0,0
818,reply,5437,115557041,3421,3468,1466,3362,0x01 Java Layer Dependent,"0x11 this is a one-way call: async, no return; allow replies with file descriptors; ",29427,50729,21458,4323,35521,10885,0,0
819,request,5438,115557042,1466,3397,3421,3453,0x0a Java Layer Dependent,"0x11 this is a one-way call: async, no return; allow replies with file descriptors; ",31927,39479,16042,1666,26146,11667,0,0
819,reply,5439,115557043,3421,3468,1466,3362,0x01 Java Layer Dependent,"0x11 this is a one-way call: async, no return; allow replies with file descriptors; ",29271,42291,17448,2448,30000,9843,0,0
820,request,5440,115557044,1466,3397,3421,3453,0x0a Java Layer Dependent,"0x11 this is a one-way call: async, no return; allow replies with file descriptors; ",32604,36407,16666,1719,24479,10209,0,0
820,reply,5441,115557045,3421,3468,1466,3362,0x01 Java Layer Dependent,"0x11 this is a one-way call: async, no return; allow replies with file descriptors; ",26250,38333,17969,2083,26511,9739,0,0
821,request,5442,115557046,1466,3397,3421,3453,0x0a Java Layer Dependent,"0x11 this is a one-way call: async, no return; allow replies with file descriptors; ",32708,32917,16719,1823,21406,9688,0,0
821,reply,5443,115557047,3421,3468,1466,3362,0x01 Java Layer Dependent,"0x11 this is a one-way call: async, no return; allow replies with file descriptors; ",27344,40052,17500,2292,28021,9739,0,0
822,request,5444,115557048,1466,3397,3421,3453,0x0a Java Layer Dependent,"0x11 this is a one-way call: async, no return; allow replies with file descriptors; ",48125,38646,16822,2032,27760,8854,0,0
822,reply,5445,115557049,3421,3468,1466,3362,0x01 Java Layer Dependent,"0x11 this is a one-way call: async, no return; allow replies with file descriptors; ",30260,41146,16302,2188,29062,9896,0,0
823,request,5446,115557050,1466,3397,3421,3453,0x0a Java Layer Dependent,"0x11 this is a one-way call: async, no return; allow replies with file descriptors; ",31198,31719,15625,1771,21667,8281,0,0
823,reply,5447,115557051,3421,3468,1466,3362,0x01 Java Layer Dependent,"0x11 this is a one-way call: async, no return; allow replies with file descriptors; ",29739,66563,16406,27344,30417,8802,0,0
824,request,5448,115557052,1466,3397,3421,3453,0x0a Java Layer Dependent,"0x11 this is a one-way call: async, no return; allow replies with file descriptors; ",28594,34687,15729,1979,22865,9843,0,0
824,reply,5449,115557053,3421,3468,1466,3362,0x01 Java Layer Dependent,"0x11 this is a one-way call: async, no return; allow replies with file descriptors; ",28646,40625,17917,2239,29375,9011,0,0
825,request,5450,115557054,1466,3397,3421,3453,0x0a Java Layer Dependent,"0x11 this is a one-way call: async, no return; allow replies with file descriptors; ",32136,35468,14740,1822,22865,10781,0,0
825,reply,5451,115557055,3421,3468,1466,3362,0x01 Java Layer Dependent,"0x11 this is a one-way call: async, no return; allow replies with file descriptors; ",27604,39635,16198,2343,27604,9688,0,0
826,request,5452,115557056,1466,3397,3421,3453,0x0a Java Layer Dependent,"0x11 this is a one-way call: async, no return; allow replies with file descriptors; ",35469,40104,15156,2344,26302,11458,0,0
826,reply,5453,115557057,3421,3468,1466,3362,0x01 Java Layer Dependent,"0x11 this is a one-way call: async, no return; allow replies with file descriptors; ",26979,43437,17136,2239,30000,11198,0,0
827,request,5454,115557058,1466,3397,3421,3453,0x0a Java Layer Dependent,"0x11 this is a one-way call: async, no return; allow replies with file descriptors; ",27917,126146,34844,6823,111719,7604,0,0
827,reply,5455,115557059,3421,3468,1466,3362,0x01 Java Layer Dependent,"0x11 this is a one-way call: async, no return; allow replies with file descriptors; ",33229,45209,29844,4948,30625,9636,0,0
828,request,5457,115557065,1466,3397,3421,3453,0x0a Java Layer Dependent,"0x11 this is a one-way call: async, no return; allow replies with file descriptors; ",75833,30781,17969,2500,20989,7292,0,0
828,reply,5460,115557070,3421,3470,1466,3362,0x01 Java Layer Dependent,"0x11 this is a one-way call: async, no return; allow replies with file descriptors; ",41823,60573,27656,6406,43385,10782,0,0
829,request,5467,115557071,1466,3397,3421,3453,0x0a Java Layer Dependent,"0x11 this is a one-way call: async, no return; allow replies with file descriptors; ",34167,37135,24896,3646,26875,6614,0,0
829,reply,5468,115557072,3421,3470,1466,3362,0x01 Java Layer Dependent,"0x11 this is a one-way call: async, no return; allow replies with file descriptors; ",30729,43698,20729,2760,33907,7031,0,0
830,request,5469,115557073,1466,3397,3421,3453,0x0a Java Layer Dependent,"0x11 this is a one-way call: async, no return; allow replies with file descriptors; ",35469,50000,33802,4740,32604,12656,0,0
830,reply,5470,115557074,3421,3470,1466,3362,0x01 Java Layer Dependent,"0x11 this is a one-way call: async, no return; allow replies with file descriptors; ",23021,47448,28229,4792,36093,6563,0,0
831,request,5471,115557075,1466,3397,3421,3453,0x0a Java Layer Dependent,"0x11 this is a one-way call: async, no return; allow replies with file descriptors; ",37083,40312,25938,4427,28802,7083,0,0
831,reply,5472,115557077,3421,3470,1466,3362,0x01 Java Layer Dependent,"0x11 this is a one-way call: async, no return; allow replies with file descriptors; ",21927,46562,26771,4739,34375,7448,0,0
832,request,5475,115557079,1466,3397,3421,3453,0x0a Java Layer Dependent,"0x11 this is a one-way call: async, no return; allow replies with file descriptors; ",35782,41198,22864,3438,29948,7812,0,0
832,reply,5476,115557080,3421,3470,1466,3362,0x01 Java Layer Dependent,"0x11 this is a one-way call: async, no return; allow replies with file descriptors; ",32709,105729,20000,62240,34427,9062,0,0
833,request,5477,115557081,1466,3397,3421,3453,0x0a Java Layer Dependent,"0x11 this is a one-way call: async, no return; allow replies with file descriptors; ",33282,40625,16927,2396,29063,9166,0,0
833,reply,5478,115557082,3421,3470,1466,3362,0x01 Java Layer Dependent,"0x11 this is a one-way call: async, no return; allow replies with file descriptors; ",29479,48177,22916,3177,37500,7500,0,0
834,request,5479,115557083,1466,3397,3421,3453,0x0a Java Layer Dependent,"0x11 this is a one-way call: async, no return; allow replies with file descriptors; ",39636,46406,16511,2656,31146,12604,0,0
834,reply,5480,115557084,3421,3470,1466,3362,0x01 Java Layer Dependent,"0x11 this is a one-way call: async, no return; allow replies with file descriptors; ",33802,48646,19479,3230,34114,11302,0,0
835,request,5481,115557085,1466,3397,3421,3453,0x0a Java Layer Dependent,"0x11 this is a one-way call: async, no return; allow replies with file descriptors; ",39323,43021,16198,2344,27604,13073,0,0
835,reply,5482,115557086,3421,3470,1466,3362,0x01 Java Layer Dependent,"0x11 this is a one-way call: async, no return; allow replies with file descriptors; ",32604,43542,18594,2917,30156,10469,0,0
836,request,5483,115557087,1466,3397,3421,3453,0x0a Java Layer Dependent,"0x11 this is a one-way call: async, no return; allow replies with file descriptors; ",37500,34166,18177,2916,22240,9010,0,0
836,reply,5484,115557088,3421,3470,1466,3362,0x01 Java Layer Dependent,"0x11 this is a one-way call: async, no return; allow replies with file descriptors; ",30313,47552,22448,4948,35000,7604,0,0
837,request,5485,115557089,1466,3397,3421,3453,0x0a Java Layer Dependent,"0x11 this is a one-way call: async, no return; allow replies with file descriptors; ",38959,44948,19062,2500,31302,11146,0,0
837,reply,5486,115557090,3421,3470,1466,3362,0x01 Java Layer Dependent,"0x11 this is a one-way call: async, no return; allow replies with file descriptors; ",31927,42448,17239,2709,30573,9166,0,0
838,request,5487,115557091,1466,3397,3421,3453,0x0a Java Layer Dependent,"0x11 this is a one-way call: async, no return; allow replies with file descriptors; ",37917,34063,16510,2032,23906,8125,0,0
838,reply,5488,115557092,3421,3470,1466,3362,0x01 Java Layer Dependent,"0x11 this is a one-way call: async, no return; allow replies with file descriptors; ",29948,225573,26302,6146,208021,11406,0,0
839,request,5489,115557093,1466,3397,3421,3453,0x0a Java Layer Dependent,"0x11 this is a one-way call: async, no return; allow replies with file descriptors; ",40990,42864,16198,2083,28698,12083,0,0
839,reply,5490,115557094,3421,3470,1466,3362,0x01 Java Layer Dependent,"0x11 this is a one-way call: async, no return; allow replies with file descriptors; ",29375,56719,27761,4010,44063,8646,0,0
840,request,5491,115557095,1466,3397,3421,3453,0x0a Java Layer Dependent,"0x11 this is a one-way call: async, no return; allow replies with file descriptors; ",34688,38020,15313,2083,26354,9583,0,0
840,reply,5492,115557096,3421,3470,1466,3362,0x01 Java Layer Dependent,"0x11 this is a one-way call: async, no return; allow replies with file descriptors; ",35677,53177,27083,3698,39792,9687,0,0
841,request,5493,115557097,1466,3397,3421,3453,0x0a Java Layer Dependent,"0x11 this is a one-way call: async, no return; allow replies with file descriptors; ",96979,34635,17604,2083,21823,10729,0,0
841,reply,5494,115557098,3421,3470,1466,3362,0x01 Java Layer Dependent,"0x11 this is a one-way call: async, no return; allow replies with file descriptors; ",31563,44583,16302,3125,31562,9896,0,0
842,request,5495,115557099,1466,3397,3421,3453,0x0a Java Layer Dependent,"0x11 this is a one-way call: async, no return; allow replies with file descriptors; ",37812,36719,17448,1771,26875,8073,0,0
842,reply,5496,115557100,3421,3470,1466,3362,0x01 Java Layer Dependent,"0x11 this is a one-way call: async, no return; allow replies with file descriptors; ",35417,46510,16198,3177,33854,9479,0,0
843,request,5497,115557101,1466,3397,3421,3453,0x0a Java Layer Dependent,"0x11 this is a one-way call: async, no return; allow replies with file descriptors; ",37917,37031,17084,2552,27656,6823,0,0
843,reply,5498,115557102,3421,3470,1466,3362,0x01 Java Layer Dependent,"0x11 this is a one-way call: async, no return; allow replies with file descriptors; ",28958,44896,20885,2865,34219,7812,0,0
844,request,5499,115557103,1466,3397,3421,3453,0x0a Java Layer Dependent,"0x11 this is a one-way call: async, no return; allow replies with file descriptors; ",34271,41458,16875,2135,29063,10260,0,0
844,reply,5500,115557104,3421,3470,1466,3362,0x01 Java Layer Dependent,"0x11 this is a one-way call: async, no return; allow replies with file descriptors; ",30052,68646,26979,6042,54323,8281,0,0
845,request,5501,115557105,1466,3397,3421,3453,0x0a Java Layer Dependent,"0x11 this is a one-way call: async, no return; allow replies with file descriptors; ",33333,44948,24375,3229,33750,7969,0,0
845,reply,5502,115557106,3421,3470,1466,3362,0x01 Java Layer Dependent,"0x11 this is a one-way call: async, no return; allow replies with file descriptors; ",31250,75989,15729,2708,26042,47239,0,0
846,request,5503,115557107,1466,3397,3421,3453,0x0a Java Layer Dependent,"0x11 this is a one-way call: async, no return; allow replies with file descriptors; ",36667,35208,16928,2500,25000,7708,0,0
846,reply,5504,115557108,3421,3470,1466,3362,0x01 Java Layer Dependent,"0x11 this is a one-way call: async, no return; allow replies with file descriptors; ",28125,46198,21719,2865,34479,8854,0,0
847,request,5505,115557109,1466,3397,3421,3453,0x0a Java Layer Dependent,"0x11 this is a one-way call: async, no return; allow replies with file descriptors; ",36770,40261,17604,3021,29063,8177,0,0
847,reply,5506,115557110,3421,3470,1466,3362,0x01 Java Layer Dependent,"0x11 this is a one-way call: async, no return; allow replies with file descriptors; ",29688,43021,15885,3177,30365,9479,0,0
848,request,5507,115557111,1466,3397,3421,3453,0x0a Java Layer Dependent,"0x11 this is a one-way call: async, no return; allow replies with file descriptors; ",36406,39636,16562,2240,29219,8177,0,0
848,reply,5508,115557112,3421,3470,1466,3362,0x01 Java Layer Dependent,"0x11 this is a one-way call: async, no return; allow replies with file descriptors; ",58437,48073,19688,2864,36563,8646,0,0
849,request,5509,115557113,1466,3397,3421,3453,0x0a Java Layer Dependent,"0x11 this is a one-way call: async, no return; allow replies with file descriptors; ",33906,44010,16667,2604,30729,10677,0,0
849,reply,5510,115557114,3421,3470,1466,3362,0x01 Java Layer Dependent,"0x11 this is a one-way call: async, no return; allow replies with file descriptors; ",30885,43021,16823,2864,30886,9271,0,0
850,request,5511,115557115,1466,3397,3421,3453,0x0a Java Layer Dependent,"0x11 this is a one-way call: async, no return; allow replies with file descriptors; ",40573,116823,17760,2084,15416,99323,0,0
850,reply,5512,115557116,3421,3470,1466,3362,0x01 Java Layer Dependent,"0x11 this is a one-way call: async, no return; allow replies with file descriptors; ",28802,43073,16563,2812,31719,8542,0,0
851,request,5513,115557117,1466,3397,3421,3453,0x0a Java Layer Dependent,"0x11 this is a one-way call: async, no return; allow replies with file descriptors; ",32968,38230,16145,2344,27656,8230,0,0
851,reply,5514,115557118,3421,3470,1466,3362,0x01 Java Layer Dependent,"0x11 this is a one-way call: async, no return; allow replies with file descriptors; ",32344,75208,28437,12344,52604,10260,0,0
852,request,5515,115557119,1466,3397,3421,3453,0x0a Java Layer Dependent,"0x11 this is a one-way call: async, no return; allow replies with file descriptors; ",42709,43333,17448,2500,29479,11354,0,0
852,reply,5516,115557120,3421,3470,1466,3362,0x01 Java Layer Dependent,"0x11 this is a one-way call: async, no return; allow replies with file descriptors; ",30313,72187,27865,13073,49479,9635,0,0
853,request,5517,115557121,1466,3397,3421,3453,0x0a Java Layer Dependent,"0x11 this is a one-way call: async, no return; allow replies with file descriptors; ",32864,44428,22291,3646,30782,10000,0,0
853,reply,5518,115557122,3421,3470,1466,3362,0x01 Java Layer Dependent,"0x11 this is a one-way call: async, no return; allow replies with file descriptors; ",32344,51979,24010,3073,38281,10625,0,0
854,request,5519,115557123,1466,3397,3421,3453,0x0a Java Layer Dependent,"0x11 this is a one-way call: async, no return; allow replies with file descriptors; ",37604,40260,17032,2656,27031,10573,0,0
854,reply,5520,115557124,3421,3470,1466,3362,0x01 Java Layer Dependent,"0x11 this is a one-way call: async, no return; allow replies with file descriptors; ",31041,43907,18020,2813,31614,9480,0,0
855,request,5521,115557125,1466,3397,3421,3453,0x0a Java Layer Dependent,"0x11 this is a one-way call: async, no return; allow replies with file descriptors; ",35989,39479,15000,2187,27813,9479,0,0
855,reply,5522,115557126,3421,3470,1466,3362,0x01 Java Layer Dependent,"0x11 this is a one-way call: async, no return; allow replies with file descriptors; ",29219,117500,28073,5677,103646,8177,0,0
856,request,5523,115557127,1466,3397,3421,3453,0x0a Java Layer Dependent,"0x11 this is a one-way call: async, no return; allow replies with file descriptors; ",38281,45313,16198,2917,30260,12136,0,0
856,reply,5524,115557128,3421,3470,1466,3362,0x01 Java Layer Dependent,"0x11 this is a one-way call: async, no return; allow replies with file descriptors; ",32083,44584,18385,3334,32448,8802,0,0
857,request,5525,115557129,1466,3397,3421,3453,0x0a Java Layer Dependent,"0x11 this is a one-way call: async, no return; allow replies with file descriptors; ",36406,40625,15052,2604,27865,10156,0,0
857,reply,5526,115557130,3421,3470,1466,3362,0x01 Java Layer Dependent,"0x11 this is a one-way call: async, no return; allow replies with file descriptors; ",30782,42343,16615,3177,30885,8281,0,0
858,request,5527,115557131,1466,3397,3421,3453,0x0a Java Layer Dependent,"0x11 this is a one-way call: async, no return; allow replies with file descriptors; ",38489,41615,17708,2396,30729,8490,0,0
858,reply,5528,115557132,3421,3470,1466,3362,0x01 Java Layer Dependent,"0x11 this is a one-way call: async, no return; allow replies with file descriptors; ",32500,42136,16041,2396,30834,8906,0,0
859,request,5529,115557133,1466,3397,3421,3453,0x0a Java Layer Dependent,"0x11 this is a one-way call: async, no return; allow replies with file descriptors; ",41459,41614,17188,1823,29635,10156,0,0
859,reply,5530,115557134,3421,3470,1466,3362,0x01 Java Layer Dependent,"0x11 this is a one-way call: async, no return; allow replies with file descriptors; ",29062,43230,19062,2969,31302,8959,0,0
860,request,5531,115557135,1466,3397,3421,3453,0x0a Java Layer Dependent,"0x11 this is a one-way call: async, no return; allow replies with file descriptors; ",53750,40416,17344,2760,29688,7968,0,0
860,reply,5532,115557136,3421,3470,1466,3362,0x01 Java Layer Dependent,"0x11 this is a one-way call: async, no return; allow replies with file descriptors; ",25157,112448,22552,5469,100156,6823,0,0
861,request,5533,115557137,1466,3397,3421,3453,0x0a Java Layer Dependent,"0x11 this is a one-way call: async, no return; allow replies with file descriptors; ",35938,46510,22656,2187,35990,8333,0,0
861,reply,5534,115557138,3421,3470,1466,3362,0x01 Java Layer Dependent,"0x11 this is a one-way call: async, no return; allow replies with file descriptors; ",33125,41198,17187,2656,29532,9010,0,0
862,request,5535,115557139,1466,3397,3421,3453,0x0a Java Layer Dependent,"0x11 this is a one-way call: async, no return; allow replies with file descriptors; ",39010,38698,16302,1771,27656,9271,0,0
862,reply,5536,115557140,3421,3470,1466,3362,0x01 Java Layer Dependent,"0x11 this is a one-way call: async, no return; allow replies with file descriptors; ",27135,70313,25260,7813,54895,7605,0,0
863,request,5537,115557141,1466,3397,3421,3453,0x0a Java Layer Dependent,"0x11 this is a one-way call: async, no return; allow replies with file descriptors; ",36406,45000,21927,3125,33594,8281,0,0
863,reply,5538,115557142,3421,3470,1466,3362,0x01 Java Layer Dependent,"0x11 this is a one-way call: async, no return; allow replies with file descriptors; ",30782,42916,18073,2916,31771,8229,0,0
864,request,5539,115557143,1466,3397,3421,3453,0x0a Java Layer Dependent,"0x11 this is a one-way call: async, no return; allow replies with file descriptors; ",38021,36979,17240,2656,26146,8177,0,0
864,reply,5540,115557144,3421,3470,1466,3362,0x01 Java Layer Dependent,"0x11 this is a one-way call: async, no return; allow replies with file descriptors; ",27604,154063,25833,5417,138854,9792,0,0
865,request,5541,115557145,1466,3397,3421,3453,0x0a Java Layer Dependent,"0x11 this is a one-way call: async, no return; allow replies with file descriptors; ",35104,40365,15521,2813,27604,9948,0,0
865,reply,5542,115557146,3421,3470,1466,3362,0x01 Java Layer Dependent,"0x11 this is a one-way call: async, no return; allow replies with file descriptors; ",30625,43386,18437,3178,30989,9219,0,0
866,request,5543,115557147,1466,3397,3421,3453,0x0a Java Layer Dependent,"0x11 this is a one-way call: async, no return; allow replies with file descriptors; ",34584,35989,16094,2604,25781,7604,0,0
866,reply,5544,115557148,3421,3470,1466,3362,0x01 Java Layer Dependent,"0x11 this is a one-way call: async, no return; allow replies with file descriptors; ",33438,45677,24114,3125,34427,8125,0,0
867,request,5545,115557149,1466,3397,3421,3453,0x0a Java Layer Dependent,"0x11 this is a one-way call: async, no return; allow replies with file descriptors; ",40000,35156,17552,2500,24896,7760,0,0
867,reply,5546,115557150,3421,3470,1466,3362,0x01 Java Layer Dependent,"0x11 this is a one-way call: async, no return; allow replies with file descriptors; ",29583,58907,21510,17657,34010,7240,0,0
868,request,5547,115557151,1466,3397,3421,3453,0x0a Java Layer Dependent,"0x11 this is a one-way call: async, no return; allow replies with file descriptors; ",42604,41302,16615,2031,27969,11302,0,0
868,reply,5548,115557152,3421,3470,1466,3362,0x01 Java Layer Dependent,"0x11 this is a one-way call: async, no return; allow replies with file descriptors; ",29688,40937,18073,3177,28646,9114,0,0
869,request,5549,115557153,1466,3397,3421,3453,0x0a Java Layer Dependent,"0x11 this is a one-way call: async, no return; allow replies with file descriptors; ",36875,40209,16406,2448,29896,7865,0,0
869,reply,5550,115557154,3421,3470,1466,3362,0x01 Java Layer Dependent,"0x11 this is a one-way call: async, no return; allow replies with file descriptors; ",55417,49635,20938,3281,36667,9687,0,0
870,request,5551,115557155,1466,3397,3421,3453,0x0a Java Layer Dependent,"0x11 this is a one-way call: async, no return; allow replies with file descriptors; ",38385,39896,15313,2448,26406,11042,0,0
870,reply,5552,115557156,3421,3470,1466,3362,0x01 Java Layer Dependent,"0x11 this is a one-way call: async, no return; allow replies with file descriptors; ",30729,42240,15833,3281,30365,8594,0,0
871,request,5553,115557157,1466,3397,3421,3453,0x0a Java Layer Dependent,"0x11 this is a one-way call: async, no return; allow replies with file descriptors; ",31407,37552,15833,2448,26771,8333,0,0
871,reply,5554,115557158,3421,3470,1466,3362,0x01 Java Layer Dependent,"0x11 this is a one-way call: async, no return; allow replies with file descriptors; ",26146,44583,20990,2812,34427,7344,0,0
872,request,5555,115557159,1466,3397,3421,3453,0x0a Java Layer Dependent,"0x11 this is a one-way call: async, no return; allow replies with file descriptors; ",38542,38958,16562,2135,27292,9531,0,0
872,reply,5556,115557160,3421,3470,1466,3362,0x01 Java Layer Dependent,"0x11 this is a one-way call: async, no return; allow replies with file descriptors; ",28334,42760,17656,2812,30261,9687,0,0
873,request,5557,115557162,1466,3397,3421,3453,0x0a Java Layer Dependent,"0x11 this is a one-way call: async, no return; allow replies with file descriptors; ",35520,38959,15416,1979,26511,10469,0,0
873,reply,5559,115557163,3421,3470,1466,3362,0x01 Java Layer Dependent,"0x11 this is a one-way call: async, no return; allow replies with file descriptors; ",29844,42291,16302,2500,30885,8906,0,0
874,request,5560,115557165,1466,3397,3421,3453,0x0a Java Layer Dependent,"0x11 this is a one-way call: async, no return; allow replies with file descriptors; ",36666,37084,17552,1823,26407,8854,0,0
874,reply,5561,115557166,3421,3470,1466,3362,0x01 Java Layer Dependent,"0x11 this is a one-way call: async, no return; allow replies with file descriptors; ",40521,38385,17396,2187,28490,7708,0,0
875,request,5562,115557167,1466,3397,3421,3453,0x0a Java Layer Dependent,"0x11 this is a one-way call: async, no return; allow replies with file descriptors; ",34115,37448,16614,2813,26094,8541,0,0
875,reply,5563,115557169,3421,3470,1466,3362,0x01 Java Layer Dependent,"0x11 this is a one-way call: async, no return; allow replies with file descriptors; ",30886,39270,17969,2812,28125,8333,0,0
876,request,5565,115557170,1466,3397,3421,3453,0x0a Java Layer Dependent,"0x11 this is a one-way call: async, no return; allow replies with file descriptors; ",32708,65052,15365,2135,53802,9115,0,0
876,reply,5566,115557173,3421,3470,1466,3362,0x01 Java Layer Dependent,"0x11 this is a one-way call: async, no return; allow replies with file descriptors; ",27708,36771,16615,2656,25469,8646,0,0
877,request,5570,115557177,1466,3397,3421,3453,0x0a Java Layer Dependent,"0x11 this is a one-way call: async, no return; allow replies with file descriptors; ",31719,31250,16354,2084,21823,7343,0,0
877,reply,5571,115557179,3421,3470,1466,3362,0x01 Java Layer Dependent,"0x11 this is a one-way call: async, no return; allow replies with file descriptors; ",24270,39480,21302,2553,29479,7448,0,0
878,request,5572,115557180,1466,3397,3421,3453,0x0a Java Layer Dependent,"0x11 this is a one-way call: async, no return; allow replies with file descriptors; ",35365,40416,16146,2031,27812,10573,0,0
878,reply,5573,115557181,3421,3470,1466,3362,0x01 Java Layer Dependent,"0x11 this is a one-way call: async, no return; allow replies with file descriptors; ",31146,42083,16719,3489,29219,9375,0,0
879,request,5574,115557182,1466,3397,3421,3453,0x0a Java Layer Dependent,"0x11 this is a one-way call: async, no return; allow replies with file descriptors; ",34583,38437,16250,2447,26823,9167,0,0
879,reply,5575,115557183,3421,3470,1466,3362,0x01 Java Layer Dependent,"0x11 this is a one-way call: async, no return; allow replies with file descriptors; ",28073,45365,21667,3125,33802,8438,0,0
880,request,5576,115557184,1466,3397,3421,3453,0x0a Java Layer Dependent,"0x11 this is a one-way call: async, no return; allow replies with file descriptors; ",40782,39375,15208,2032,26927,10416,0,0
880,reply,5577,115557185,3421,3470,1466,3362,0x01 Java Layer Dependent,"0x11 this is a one-way call: async, no return; allow replies with file descriptors; ",31094,42917,17239,2813,30521,9583,0,0
881,request,5578,115557186,1466,3397,3421,3453,0x0a Java Layer Dependent,"0x11 this is a one-way call: async, no return; allow replies with file descriptors; ",51771,41927,18125,2760,29271,9896,0,0
881,reply,5579,115557187,3421,3470,1466,3362,0x01 Java Layer Dependent,"0x11 this is a one-way call: async, no return; allow replies with file descriptors; ",29166,42031,17761,3281,30208,8542,0,0
882,request,5580,115557188,1466,3397,3421,3453,0x0a Java Layer Dependent,"0x11 this is a one-way call: async, no return; allow replies with file descriptors; ",46094,41354,15886,2604,28854,9896,0,0
882,reply,5581,115557189,3421,3470,1466,3362,0x01 Java Layer Dependent,"0x11 this is a one-way call: async, no return; allow replies with file descriptors; ",33334,40156,17031,2761,29322,8073,0,0
883,request,5582,115557190,1466,3397,3421,3453,0x0a Java Layer Dependent,"0x11 this is a one-way call: async, no return; allow replies with file descriptors; ",40260,37865,16458,2344,25469,10052,0,0
883,reply,5583,115557191,3421,3470,1466,3362,0x01 Java Layer Dependent,"0x11 this is a one-way call: async, no return; allow replies with file descriptors; ",30885,42344,16302,3125,29167,10052,0,0
884,request,5584,115557192,1466,3397,3421,3453,0x0a Java Layer Dependent,"0x11 this is a one-way call: async, no return; allow replies with file descriptors; ",33750,36667,15521,2031,25313,9323,0,0
884,reply,5585,115557193,3421,3470,1466,3362,0x01 Java Layer Dependent,"0x11 this is a one-way call: async, no return; allow replies with file descriptors; ",26511,45416,25417,3437,31875,10104,0,0
885,request,5586,115557194,1466,3397,3421,3453,0x0a Java Layer Dependent,"0x11 this is a one-way call: async, no return; allow replies with file descriptors; ",40000,39948,17031,2656,26563,10729,0,0
885,reply,5587,115557195,3421,3470,1466,3362,0x01 Java Layer Dependent,"0x11 this is a one-way call: async, no return; allow replies with file descriptors; ",32343,44011,18906,3021,30417,10573,0,0
886,request,5588,115557196,1466,3397,3421,3453,0x0a Java Layer Dependent,"0x11 this is a one-way call: async, no return; allow replies with file descriptors; ",38802,80469,16875,1615,23021,55833,0,0
886,reply,5589,115557197,3421,3470,1466,3362,0x01 Java Layer Dependent,"0x11 this is a one-way call: async, no return; allow replies with file descriptors; ",32292,38229,17083,2709,27083,8437,0,0
887,request,5591,115557199,1466,3397,3421,3453,0x0a Java Layer Dependent,"0x11 this is a one-way call: async, no return; allow replies with file descriptors; ",36406,37604,17604,2448,27708,7448,0,0
887,reply,5592,115557200,3421,3470,1466,3362,0x01 Java Layer Dependent,"0x11 this is a one-way call: async, no return; allow replies with file descriptors; ",28490,42292,23750,2709,32708,6875,0,0
888,request,5593,115557201,1466,3397,3421,3453,0x0a Java Layer Dependent,"0x11 this is a one-way call: async, no return; allow replies with file descriptors; ",28125,38906,15469,2135,23230,13541,0,0
888,reply,5594,115557202,3421,3470,1466,3362,0x01 Java Layer Dependent,"0x11 this is a one-way call: async, no return; allow replies with file descriptors; ",28490,50677,23541,4271,36354,10052,0,0
889,request,5595,115557203,1466,3397,3421,3453,0x0a Java Layer Dependent,"0x11 this is a one-way call: async, no return; allow replies with file descriptors; ",37865,42968,18073,2239,29844,10885,0,0
889,reply,5596,115557204,3421,3470,1466,3362,0x01 Java Layer Dependent,"0x11 this is a one-way call: async, no return; allow replies with file descriptors; ",28594,45104,18959,3489,31042,10573,0,0
890,request,5597,115557205,1466,3397,3421,3453,0x0a Java Layer Dependent,"0x11 this is a one-way call: async, no return; allow replies with file descriptors; ",38854,38698,14792,2292,26562,9844,0,0
890,reply,5598,115557207,3421,3470,1466,3362,0x01 Java Layer Dependent,"0x11 this is a one-way call: async, no return; allow replies with file descriptors; ",27396,40782,18437,3021,30000,7761,0,0
891,request,5600,115557208,1466,3397,3421,3453,0x0a Java Layer Dependent,"0x11 this is a one-way call: async, no return; allow replies with file descriptors; ",33750,34948,17865,1875,24166,8907,0,0
891,reply,5601,115557209,3421,3470,1466,3362,0x01 Java Layer Dependent,"0x11 this is a one-way call: async, no return; allow replies with file descriptors; ",27396,43542,22812,2917,33333,7292,0,0
892,request,5602,115557210,1466,3397,3421,3453,0x0a Java Layer Dependent,"0x11 this is a one-way call: async, no return; allow replies with file descriptors; ",34896,39896,16146,1719,29062,9115,0,0
892,reply,5603,115557211,3421,3470,1466,3362,0x01 Java Layer Dependent,"0x11 this is a one-way call: async, no return; allow replies with file descriptors; ",30105,42135,16562,2500,29583,10052,0,0
893,request,5604,115557213,1466,3397,3421,3453,0x0a Java Layer Dependent,"0x11 this is a one-way call: async, no return; allow replies with file descriptors; ",36562,38073,17813,2396,26093,9584,0,0
893,reply,5605,115557214,3421,3470,1466,3362,0x01 Java Layer Dependent,"0x11 this is a one-way call: async, no return; allow replies with file descriptors; ",28125,40625,17709,2500,29531,8594,0,0
894,request,5606,115557215,1466,3397,3421,3453,0x0a Java Layer Dependent,"0x11 this is a one-way call: async, no return; allow replies with file descriptors; ",33437,40313,15520,1980,29062,9271,0,0
894,reply,5607,115557216,3421,3470,1466,3362,0x01 Java Layer Dependent,"0x11 this is a one-way call: async, no return; allow replies with file descriptors; ",26250,61875,28490,11875,42656,7344,0,0
895,request,5608,115557217,1466,3397,3421,3453,0x0a Java Layer Dependent,"0x11 this is a one-way call: async, no return; allow replies with file descriptors; ",31198,40625,23854,2448,28542,9635,0,0
895,reply,5609,115557218,3421,3470,1466,3362,0x01 Java Layer Dependent,"0x11 this is a one-way call: async, no return; allow replies with file descriptors; ",84323,43021,25625,3021,29844,10156,0,0
896,request,5610,115557219,1466,3397,3421,3453,0x0a Java Layer Dependent,"0x11 this is a one-way call: async, no return; allow replies with file descriptors; ",36354,42917,17083,2344,31041,9532,0,0
896,reply,5611,115557220,3421,3470,1466,3362,0x01 Java Layer Dependent,"0x11 this is a one-way call: async, no return; allow replies with file descriptors; ",29948,48437,22865,2864,37240,8333,0,0
897,request,5612,115557221,1466,3397,3421,3453,0x0a Java Layer Dependent,"0x11 this is a one-way call: async, no return; allow replies with file descriptors; ",39896,37396,16927,2031,26146,9219,0,0
897,reply,5613,115557222,3421,3470,1466,3362,0x01 Java Layer Dependent,"0x11 this is a one-way call: async, no return; allow replies with file descriptors; ",31823,44479,18542,2916,31980,9583,0,0
898,request,5614,115557223,1466,3397,3421,3453,0x0a Java Layer Dependent,"0x11 this is a one-way call: async, no return; allow replies with file descriptors; ",35000,39323,17135,2396,26927,10000,0,0
898,reply,5615,115557224,3421,3470,1466,3362,0x01 Java Layer Dependent,"0x11 this is a one-way call: async, no return; allow replies with file descriptors; ",29792,41771,18073,3230,29322,9219,0,0
899,request,5616,115557225,1466,3397,3421,3453,0x0a Java Layer Dependent,"0x11 this is a one-way call: async, no return; allow replies with file descriptors; ",34427,37344,17292,2865,26458,8021,0,0
899,reply,5617,115557226,3421,3470,1466,3362,0x01 Java Layer Dependent,"0x11 this is a one-way call: async, no return; allow replies with file descriptors; ",28125,46407,25312,2604,35313,8490,0,0
900,request,5618,115557227,1466,3397,3421,3453,0x0a Java Layer Dependent,"0x11 this is a one-way call: async, no return; allow replies with file descriptors; ",58333,61458,17500,23750,26927,10781,0,0
900,reply,5619,115557228,3421,3470,1466,3362,0x01 Java Layer Dependent,"0x11 this is a one-way call: async, no return; allow replies with file descriptors; ",23907,36406,17969,2656,27240,6510,0,0
901,request,5620,115557229,1466,3397,3421,3453,0x0a Java Layer Dependent,"0x11 this is a one-way call: async, no return; allow replies with file descriptors; ",31511,45416,30834,4583,32031,8802,0,0
901,reply,5621,115557230,3421,3470,1466,3362,0x01 Java Layer Dependent,"0x11 this is a one-way call: async, no return; allow replies with file descriptors; ",37813,53177,22083,3177,37292,12708,0,0
902,request,5622,115557231,1466,3397,3421,3453,0x0a Java Layer Dependent,"0x11 this is a one-way call: async, no return; allow replies with file descriptors; ",34740,49271,34843,4271,34427,10573,0,0
902,reply,5623,115557232,3421,3470,1466,3362,0x01 Java Layer Dependent,"0x11 this is a one-way call: async, no return; allow replies with file descriptors; ",22448,49323,32917,4896,36927,7500,0,0
903,request,5624,115557233,1466,3397,3421,3453,0x0a Java Layer Dependent,"0x11 this is a one-way call: async, no return; allow replies with file descriptors; ",35469,43645,31042,3541,31927,8177,0,0
903,reply,5625,115557234,3421,3470,1466,3362,0x01 Java Layer Dependent,"0x11 this is a one-way call: async, no return; allow replies with file descriptors; ",24271,47083,29583,4740,34427,7916,0,0
904,request,5626,115557235,1466,3397,3421,3453,0x0a Java Layer Dependent,"0x11 this is a one-way call: async, no return; allow replies with file descriptors; ",33281,46459,29218,4532,34635,7292,0,0
904,reply,5627,115557236,3421,3470,1466,3362,0x01 Java Layer Dependent,"0x11 this is a one-way call: async, no return; allow replies with file descriptors; ",21250,48958,30000,3698,36198,9062,0,0
905,request,5628,115557237,1466,3397,3421,3453,0x0a Java Layer Dependent,"0x11 this is a one-way call: async, no return; allow replies with file descriptors; ",34218,47344,30417,4375,33750,9219,0,0
905,reply,5629,115557238,3421,3470,1466,3362,0x01 Java Layer Dependent,"0x11 this is a one-way call: async, no return; allow replies with file descriptors; ",25677,48073,29947,5105,34895,8073,0,0
906,request,5630,115557239,1466,3397,3421,3453,0x0a Java Layer Dependent,"0x11 this is a one-way call: async, no return; allow replies with file descriptors; ",31718,46979,29792,4739,34271,7969,0,0
906,reply,5631,115557240,3421,3470,1466,3362,0x01 Java Layer Dependent,"0x11 this is a one-way call: async, no return; allow replies with file descriptors; ",24896,48594,29583,5521,33646,9427,0,0
907,request,5632,115557241,1466,3397,3421,3453,0x0a Java Layer Dependent,"0x11 this is a one-way call: async, no return; allow replies with file descriptors; ",32656,40677,26823,4010,29375,7292,0,0
907,reply,5633,115557242,3421,3470,1466,3362,0x01 Java Layer Dependent,"0x11 this is a one-way call: async, no return; allow replies with file descriptors; ",28385,46615,32240,4948,34687,6980,0,0
908,request,5634,115557243,1466,3397,3421,3453,0x0a Java Layer Dependent,"0x11 this is a one-way call: async, no return; allow replies with file descriptors; ",29739,46094,29167,4063,34218,7813,0,0
908,reply,5635,115557244,3421,3470,1466,3362,0x01 Java Layer Dependent,"0x11 this is a one-way call: async, no return; allow replies with file descriptors; ",24011,48229,29635,4948,35417,7864,0,0
909,request,5636,115557245,1466,3397,3421,3453,0x0a Java Layer Dependent,"0x11 this is a one-way call: async, no return; allow replies with file descriptors; ",31250,47344,29323,4948,34010,8386,0,0
909,reply,5637,115557246,3421,3470,1466,3362,0x01 Java Layer Dependent,"0x11 this is a one-way call: async, no return; allow replies with file descriptors; ",21250,42969,29792,3958,32188,6823,0,0
910,request,5639,115557248,1466,3397,3421,3453,0x0a Java Layer Dependent,"0x11 this is a one-way call: async, no return; allow replies with file descriptors; ",29479,42865,29323,4271,30625,7969,0,0
910,reply,5640,115557250,3421,3470,1466,3362,0x01 Java Layer Dependent,"0x11 this is a one-way call: async, no return; allow replies with file descriptors; ",21771,41562,28282,3906,31458,6198,0,0
911,request,5642,115557253,1466,3397,3421,3453,0x0a Java Layer Dependent,"0x11 this is a one-way call: async, no return; allow replies with file descriptors; ",29114,40729,28334,3958,30156,6615,0,0
911,reply,5643,115557254,3421,3470,1466,3362,0x01 Java Layer Dependent,"0x11 this is a one-way call: async, no return; allow replies with file descriptors; ",21354,42761,27396,3959,32812,5990,0,0
912,request,5645,115557256,1466,3397,3421,3453,0x0a Java Layer Dependent,"0x11 this is a one-way call: async, no return; allow replies with file descriptors; ",28541,37240,26250,3802,26302,7136,0,0
912,reply,5647,115557260,3421,3470,1466,3362,0x01 Java Layer Dependent,"0x11 this is a one-way call: async, no return; allow replies with file descriptors; ",20521,40208,26667,4947,29584,5677,0,0
913,request,5650,115557264,1466,3397,3421,3453,0x0a Java Layer Dependent,"0x11 this is a one-way call: async, no return; allow replies with file descriptors; ",29531,38802,22500,3229,28750,6823,0,0
913,reply,5651,115557265,3421,3470,1466,3362,0x01 Java Layer Dependent,"0x11 this is a one-way call: async, no return; allow replies with file descriptors; ",32448,52448,28542,4375,37656,10417,0,0
914,request,5652,115557266,1466,3397,3421,3453,0x0a Java Layer Dependent,"0x11 this is a one-way call: async, no return; allow replies with file descriptors; ",41510,42396,18073,2708,30521,9167,0,0
914,reply,5653,115557267,3421,3470,1466,3362,0x01 Java Layer Dependent,"0x11 this is a one-way call: async, no return; allow replies with file descriptors; ",31146,49219,22343,3750,36511,8958,0,0
915,request,5654,115557268,1466,3397,3421,3453,0x0a Java Layer Dependent,"0x11 this is a one-way call: async, no return; allow replies with file descriptors; ",39427,43178,19791,3230,30989,8959,0,0
915,reply,5655,115557269,3421,3470,1466,3362,0x01 Java Layer Dependent,"0x11 this is a one-way call: async, no return; allow replies with file descriptors; ",34166,47865,20365,3698,34375,9792,0,0
916,request,5656,115557270,1466,3397,3421,3453,0x0a Java Layer Dependent,"0x11 this is a one-way call: async, no return; allow replies with file descriptors; ",33907,40729,17656,3021,26615,11093,0,0
916,reply,5657,115557271,3421,3470,1466,3362,0x01 Java Layer Dependent,"0x11 this is a one-way call: async, no return; allow replies with file descriptors; ",48021,43490,18802,2657,32187,8646,0,0
917,request,5658,115557272,1466,3397,3421,3453,0x0a Java Layer Dependent,"0x11 this is a one-way call: async, no return; allow replies with file descriptors; ",38438,41875,18697,2500,30521,8854,0,0
917,reply,5659,115557273,3421,3470,1466,3362,0x01 Java Layer Dependent,"0x11 this is a one-way call: async, no return; allow replies with file descriptors; ",32604,45469,16822,3178,32656,9635,0,0
918,request,5660,115557274,1466,3397,3421,3453,0x0a Java Layer Dependent,"0x11 this is a one-way call: async, no return; allow replies with file descriptors; ",39011,39270,18646,3020,26511,9739,0,0
918,reply,5661,115557275,3421,3470,1466,3362,0x01 Java Layer Dependent,"0x11 this is a one-way call: async, no return; allow replies with file descriptors; ",30052,48490,26979,3594,36562,8334,0,0
919,request,5662,115557276,1466,3397,3421,3453,0x0a Java Layer Dependent,"0x11 this is a one-way call: async, no return; allow replies with file descriptors; ",53177,42864,20209,2447,30000,10417,0,0
919,reply,5663,115557277,3421,3470,1466,3362,0x01 Java Layer Dependent,"0x11 this is a one-way call: async, no return; allow replies with file descriptors; ",32656,45729,18021,2969,32656,10104,0,0
920,request,5664,115557278,1466,3397,3421,3453,0x0a Java Layer Dependent,"0x11 this is a one-way call: async, no return; allow replies with file descriptors; ",35573,39635,18282,2500,26302,10833,0,0
920,reply,5665,115557279,3421,3470,1466,3362,0x01 Java Layer Dependent,"0x11 this is a one-way call: async, no return; allow replies with file descriptors; ",34167,43437,20209,2812,31302,9323,0,0
921,request,5666,115557280,1466,3397,3421,3453,0x0a Java Layer Dependent,"0x11 this is a one-way call: async, no return; allow replies with file descriptors; ",37447,38803,18802,3021,26042,9740,0,0
921,reply,5667,115557281,3421,3470,1466,3362,0x01 Java Layer Dependent,"0x11 this is a one-way call: async, no return; allow replies with file descriptors; ",50781,47344,25573,2813,35937,8594,0,0
922,request,5668,115557282,1466,3397,3421,3453,0x0a Java Layer Dependent,"0x11 this is a one-way call: async, no return; allow replies with file descriptors; ",35573,73698,18646,3438,61198,9062,0,0
922,reply,5669,115557283,3421,3470,1466,3362,0x01 Java Layer Dependent,"0x11 this is a one-way call: async, no return; allow replies with file descriptors; ",34844,47448,17240,3646,34062,9740,0,0
923,request,5670,115557284,1466,3397,3421,3453,0x0a Java Layer Dependent,"0x11 this is a one-way call: async, no return; allow replies with file descriptors; ",32500,39843,18386,1718,26927,11198,0,0
923,reply,5671,115557285,3421,3470,1466,3362,0x01 Java Layer Dependent,"0x11 this is a one-way call: async, no return; allow replies with file descriptors; ",29531,42344,19063,2864,29948,9532,0,0
924,request,5672,115557286,1466,3397,3421,3453,0x0a Java Layer Dependent,"0x11 this is a one-way call: async, no return; allow replies with file descriptors; ",39739,38855,16145,2657,27031,9167,0,0
924,reply,5673,115557287,3421,3470,1466,3362,0x01 Java Layer Dependent,"0x11 this is a one-way call: async, no return; allow replies with file descriptors; ",32709,40937,17604,3385,28594,8958,0,0
925,request,5674,115557288,1466,3397,3421,3453,0x0a Java Layer Dependent,"0x11 this is a one-way call: async, no return; allow replies with file descriptors; ",32656,36094,16667,2969,24843,8282,0,0
925,reply,5675,115557289,3421,3470,1466,3362,0x01 Java Layer Dependent,"0x11 this is a one-way call: async, no return; allow replies with file descriptors; ",30156,47604,24271,3229,35573,8802,0,0
926,request,5676,115557290,1466,3397,3421,3453,0x0a Java Layer Dependent,"0x11 this is a one-way call: async, no return; allow replies with file descriptors; ",29948,38906,16198,2656,27240,9010,0,0
926,reply,5677,115557291,3421,3470,1466,3362,0x01 Java Layer Dependent,"0x11 this is a one-way call: async, no return; allow replies with file descriptors; ",26927,47187,22865,3958,35938,7291,0,0
927,request,5678,115557292,1466,3397,3421,3453,0x0a Java Layer Dependent,"0x11 this is a one-way call: async, no return; allow replies with file descriptors; ",34948,42291,17657,2916,28230,11145,0,0
927,reply,5679,115557293,3421,3470,1466,3362,0x01 Java Layer Dependent,"0x11 this is a one-way call: async, no return; allow replies with file descriptors; ",27292,40364,19427,3125,29531,7708,0,0
928,request,5680,115557294,1466,3397,3421,3453,0x0a Java Layer Dependent,"0x11 this is a one-way call: async, no return; allow replies with file descriptors; ",35208,37292,16875,2657,25937,8698,0,0
928,reply,5681,115557295,3421,3470,1466,3362,0x01 Java Layer Dependent,"0x11 this is a one-way call: async, no return; allow replies with file descriptors; ",31093,38125,18282,2656,27083,8386,0,0
929,request,5682,115557296,1466,3397,3421,3453,0x0a Java Layer Dependent,"0x11 this is a one-way call: async, no return; allow replies with file descriptors; ",37187,38490,17604,2709,25729,10052,0,0
929,reply,5683,115557297,3421,3470,1466,3362,0x01 Java Layer Dependent,"0x11 this is a one-way call: async, no return; allow replies with file descriptors; ",30469,40833,17917,3645,28542,8646,0,0
930,request,5684,115557298,1466,3397,3421,3453,0x0a Java Layer Dependent,"0x11 this is a one-way call: async, no return; allow replies with file descriptors; ",33490,36198,16719,2500,25834,7864,0,0
930,reply,5685,115557299,3421,3470,1466,3362,0x01 Java Layer Dependent,"0x11 this is a one-way call: async, no return; allow replies with file descriptors; ",29843,45000,20521,2968,33698,8334,0,0
931,request,5686,115557300,1466,3397,3421,3453,0x0a Java Layer Dependent,"0x11 this is a one-way call: async, no return; allow replies with file descriptors; ",35729,40208,17553,2500,28177,9531,0,0
931,reply,5687,115557301,3421,3470,1466,3362,0x01 Java Layer Dependent,"0x11 this is a one-way call: async, no return; allow replies with file descriptors; ",30260,40000,15730,2812,27448,9740,0,0
932,request,5688,115557302,1466,3397,3421,3453,0x0a Java Layer Dependent,"0x11 this is a one-way call: async, no return; allow replies with file descriptors; ",32344,40364,20678,2968,28698,8698,0,0
932,reply,5689,115557303,3421,3470,1466,3362,0x01 Java Layer Dependent,"0x11 this is a one-way call: async, no return; allow replies with file descriptors; ",24063,40885,23229,3229,30781,6875,0,0
933,request,5690,115557304,1466,3397,3421,3453,0x0a Java Layer Dependent,"0x11 this is a one-way call: async, no return; allow replies with file descriptors; ",39323,40000,18386,2552,26458,10990,0,0
933,reply,5691,115557305,3421,3470,1466,3362,0x01 Java Layer Dependent,"0x11 this is a one-way call: async, no return; allow replies with file descriptors; ",32657,45156,18489,3438,30989,10729,0,0
934,request,5692,115557306,1466,3397,3421,3453,0x0a Java Layer Dependent,"0x11 this is a one-way call: async, no return; allow replies with file descriptors; ",40781,40157,17447,2396,27136,10625,0,0
934,reply,5693,115557307,3421,3470,1466,3362,0x01 Java Layer Dependent,"0x11 this is a one-way call: async, no return; allow replies with file descriptors; ",33281,42552,18542,3177,30104,9271,0,0
935,request,5694,115557308,1466,3397,3421,3453,0x0a Java Layer Dependent,"0x11 this is a one-way call: async, no return; allow replies with file descriptors; ",35104,40365,17448,1823,28698,9844,0,0
935,reply,5695,115557309,3421,3470,1466,3362,0x01 Java Layer Dependent,"0x11 this is a one-way call: async, no return; allow replies with file descriptors; ",31459,41510,17656,3125,27916,10469,0,0
936,request,5696,115557310,1466,3397,3421,3453,0x0a Java Layer Dependent,"0x11 this is a one-way call: async, no return; allow replies with file descriptors; ",37083,38542,18490,2240,26458,9844,0,0
936,reply,5697,115557311,3421,3470,1466,3362,0x01 Java Layer Dependent,"0x11 this is a one-way call: async, no return; allow replies with file descriptors; ",30261,42604,16771,2761,30729,9114,0,0
937,request,5698,115557312,1466,3397,3421,3453,0x0a Java Layer Dependent,"0x11 this is a one-way call: async, no return; allow replies with file descriptors; ",34010,39948,18281,2552,27292,10104,0,0
937,reply,5699,115557313,3421,3470,1466,3362,0x01 Java Layer Dependent,"0x11 this is a one-way call: async, no return; allow replies with file descriptors; ",30156,42864,19948,3333,30312,9219,0,0
938,request,5700,115557314,1466,3397,3421,3453,0x0a Java Layer Dependent,"0x11 this is a one-way call: async, no return; allow replies with file descriptors; ",36666,40834,17864,2396,30156,8282,0,0
938,reply,5701,115557315,3421,3470,1466,3362,0x01 Java Layer Dependent,"0x11 this is a one-way call: async, no return; allow replies with file descriptors; ",28073,42709,22083,2500,33125,7084,0,0
939,request,5702,115557316,1466,3397,3421,3453,0x0a Java Layer Dependent,"0x11 this is a one-way call: async, no return; allow replies with file descriptors; ",31094,38906,17917,2239,29375,7292,0,0
939,reply,5703,115557317,3421,3470,1466,3362,0x01 Java Layer Dependent,"0x11 this is a one-way call: async, no return; allow replies with file descriptors; ",32605,47135,21771,2917,34166,10052,0,0
940,request,5704,115557318,1466,3397,3421,3453,0x0a Java Layer Dependent,"0x11 this is a one-way call: async, no return; allow replies with file descriptors; ",50052,40782,17239,2240,27083,11459,0,0
940,reply,5705,115557319,3421,3470,1466,3362,0x01 Java Layer Dependent,"0x11 this is a one-way call: async, no return; allow replies with file descriptors; ",32761,46094,18073,3386,32604,10104,0,0
941,request,5706,115557320,1466,3397,3421,3453,0x0a Java Layer Dependent,"0x11 this is a one-way call: async, no return; allow replies with file descriptors; ",37552,44843,17240,2968,31302,10573,0,0
941,reply,5707,115557321,3421,3470,1466,3362,0x01 Java Layer Dependent,"0x11 this is a one-way call: async, no return; allow replies with file descriptors; ",31823,65208,19063,24739,32031,8438,0,0
942,request,5708,115557322,1466,3397,3421,3453,0x0a Java Layer Dependent,"0x11 this is a one-way call: async, no return; allow replies with file descriptors; ",34739,37604,18803,1979,26458,9167,0,0
942,reply,5709,115557323,3421,3470,1466,3362,0x01 Java Layer Dependent,"0x11 this is a one-way call: async, no return; allow replies with file descriptors; ",43125,42865,22813,2917,32916,7032,0,0
943,request,5710,115557324,1466,3397,3421,3453,0x0a Java Layer Dependent,"0x11 this is a one-way call: async, no return; allow replies with file descriptors; ",31666,42553,16250,2448,29636,10469,0,0
943,reply,5711,115557325,3421,3470,1466,3362,0x01 Java Layer Dependent,"0x11 this is a one-way call: async, no return; allow replies with file descriptors; ",32135,38907,17916,2500,28125,8282,0,0
944,request,5712,115557326,1466,3397,3421,3453,0x0a Java Layer Dependent,"0x11 this is a one-way call: async, no return; allow replies with file descriptors; ",33437,37031,16719,2083,25677,9271,0,0
944,reply,5713,115557327,3421,3470,1466,3362,0x01 Java Layer Dependent,"0x11 this is a one-way call: async, no return; allow replies with file descriptors; ",31406,43854,17500,2500,30729,10625,0,0
945,request,5714,115557328,1466,3397,3421,3453,0x0a Java Layer Dependent,"0x11 this is a one-way call: async, no return; allow replies with file descriptors; ",30937,33854,14427,1719,24895,7240,0,0
945,reply,5715,115557329,3421,3470,1466,3362,0x01 Java Layer Dependent,"0x11 this is a one-way call: async, no return; allow replies with file descriptors; ",26615,32083,15208,2031,23542,6510,0,0
946,request,5716,115557331,1466,3397,3421,3453,0x0a Java Layer Dependent,"0x11 this is a one-way call: async, no return; allow replies with file descriptors; ",30104,37084,16510,2292,26667,8125,0,0
946,reply,5718,115557332,3421,3470,1466,3362,0x01 Java Layer Dependent,"0x11 this is a one-way call: async, no return; allow replies with file descriptors; ",52240,32187,15157,2343,23542,6302,0,0
947,request,5719,115557333,1466,3397,3421,3453,0x0a Java Layer Dependent,"0x11 this is a one-way call: async, no return; allow replies with file descriptors; ",28333,32708,15521,2031,22656,8021,0,0
947,reply,5720,115557334,3421,3470,1466,3362,0x01 Java Layer Dependent,"0x11 this is a one-way call: async, no return; allow replies with file descriptors; ",26250,40573,21719,3594,29895,7084,0,0
948,request,5721,115557335,1466,3397,3421,3453,0x0a Java Layer Dependent,"0x11 this is a one-way call: async, no return; allow replies with file descriptors; ",33490,39844,14583,2500,25313,12031,0,0
948,reply,5722,115557336,3421,3470,1466,3362,0x01 Java Layer Dependent,"0x11 this is a one-way call: async, no return; allow replies with file descriptors; ",30521,40365,16094,2448,27188,10729,0,0
949,request,5723,115557337,1466,3397,3421,3453,0x0a Java Layer Dependent,"0x11 this is a one-way call: async, no return; allow replies with file descriptors; ",35052,36562,14896,2291,25417,8854,0,0
949,reply,5724,115557338,3421,3470,1466,3362,0x01 Java Layer Dependent,"0x11 this is a one-way call: async, no return; allow replies with file descriptors; ",30781,39635,17240,3020,27865,8750,0,0
950,request,5725,115557339,1466,3397,3421,3453,0x0a Java Layer Dependent,"0x11 this is a one-way call: async, no return; allow replies with file descriptors; ",34791,36771,15521,2135,25521,9115,0,0
950,reply,5726,115557340,3421,3470,1466,3362,0x01 Java Layer Dependent,"0x11 this is a one-way call: async, no return; allow replies with file descriptors; ",29010,86928,16979,41355,35468,10105,0,0
951,request,5727,115557341,1466,3397,3421,3453,0x0a Java Layer Dependent,"0x11 this is a one-way call: async, no return; allow replies with file descriptors; ",34115,40677,16823,1823,29739,9115,0,0
951,reply,5728,115557342,3421,3470,1466,3362,0x01 Java Layer Dependent,"0x11 this is a one-way call: async, no return; allow replies with file descriptors; ",29323,44219,23333,3177,32969,8073,0,0
952,request,5729,115557343,1466,3397,3421,3453,0x0a Java Layer Dependent,"0x11 this is a one-way call: async, no return; allow replies with file descriptors; ",32969,39114,17031,2604,27969,8541,0,0
952,reply,5730,115557344,3421,3470,1466,3362,0x01 Java Layer Dependent,"0x11 this is a one-way call: async, no return; allow replies with file descriptors; ",28282,44010,20417,3489,32553,7968,0,0
953,request,5731,115557345,1466,3397,3421,3453,0x0a Java Layer Dependent,"0x11 this is a one-way call: async, no return; allow replies with file descriptors; ",34895,39896,17656,2708,26979,10209,0,0
953,reply,5732,115557346,3421,3470,1466,3362,0x01 Java Layer Dependent,"0x11 this is a one-way call: async, no return; allow replies with file descriptors; ",23125,60260,23854,10573,41927,7760,0,0
954,request,5733,115557347,1466,3397,3421,3453,0x0a Java Layer Dependent,"0x11 this is a one-way call: async, no return; allow replies with file descriptors; ",31875,37500,15573,2448,25834,9218,0,0
954,reply,5734,115557348,3421,3470,1466,3362,0x01 Java Layer Dependent,"0x11 this is a one-way call: async, no return; allow replies with file descriptors; ",30000,47240,26145,3230,34791,9219,0,0
955,request,5735,115557349,1466,3397,3421,3453,0x0a Java Layer Dependent,"0x11 this is a one-way call: async, no return; allow replies with file descriptors; ",35260,38437,14480,1927,26458,10052,0,0
955,reply,5736,115557350,3421,3470,1466,3362,0x01 Java Layer Dependent,"0x11 this is a one-way call: async, no return; allow replies with file descriptors; ",31823,36614,17709,2291,26459,7864,0,0
956,request,5737,115557351,1466,3397,3421,3453,0x0a Java Layer Dependent,"0x11 this is a one-way call: async, no return; allow replies with file descriptors; ",33802,40000,16250,2760,26302,10938,0,0
956,reply,5738,115557352,3421,3470,1466,3362,0x01 Java Layer Dependent,"0x11 this is a one-way call: async, no return; allow replies with file descriptors; ",28542,40156,17187,2292,29323,8541,0,0
957,request,5739,115557353,1466,3397,3421,3453,0x0a Java Layer Dependent,"0x11 this is a one-way call: async, no return; allow replies with file descriptors; ",30781,31979,13386,3125,20468,8386,0,0
957,reply,5740,115557354,3421,3470,1466,3362,0x01 Java Layer Dependent,"0x11 this is a one-way call: async, no return; allow replies with file descriptors; ",29740,43542,24583,2865,33021,7656,0,0
958,request,5741,115557355,1466,3397,3421,3453,0x0a Java Layer Dependent,"0x11 this is a one-way call: async, no return; allow replies with file descriptors; ",31354,35104,16928,2916,23802,8386,0,0
958,reply,5742,115557356,3421,3470,1466,3362,0x01 Java Layer Dependent,"0x11 this is a one-way call: async, no return; allow replies with file descriptors; ",29167,40677,18385,3073,28594,9010,0,0
959,request,5743,115557357,1466,3397,3421,3453,0x0a Java Layer Dependent,"0x11 this is a one-way call: async, no return; allow replies with file descriptors; ",56771,39270,16250,2448,26562,10260,0,0
959,reply,5744,115557358,3421,3470,1466,3362,0x01 Java Layer Dependent,"0x11 this is a one-way call: async, no return; allow replies with file descriptors; ",28385,42396,15885,3386,30729,8281,0,0
960,request,5745,115557359,1466,3397,3421,3453,0x0a Java Layer Dependent,"0x11 this is a one-way call: async, no return; allow replies with file descriptors; ",35729,40156,17656,2083,28906,9167,0,0
960,reply,5746,115557360,3421,3470,1466,3362,0x01 Java Layer Dependent,"0x11 this is a one-way call: async, no return; allow replies with file descriptors; ",30417,48333,24115,4167,36197,7969,0,0
961,request,5747,115557361,1466,3397,3421,3453,0x0a Java Layer Dependent,"0x11 this is a one-way call: async, no return; allow replies with file descriptors; ",33750,42917,15833,1875,30365,10677,0,0
961,reply,5748,115557362,3421,3470,1466,3362,0x01 Java Layer Dependent,"0x11 this is a one-way call: async, no return; allow replies with file descriptors; ",29844,41927,17240,2760,30573,8594,0,0
962,request,5749,115557363,1466,3397,3421,3453,0x0a Java Layer Dependent,"0x11 this is a one-way call: async, no return; allow replies with file descriptors; ",35052,38021,16042,2812,25417,9792,0,0
962,reply,5750,115557364,3421,3470,1466,3362,0x01 Java Layer Dependent,"0x11 this is a one-way call: async, no return; allow replies with file descriptors; ",32812,43802,18229,3073,33177,7552,0,0
963,request,5751,115557365,1466,3397,3421,3453,0x0a Java Layer Dependent,"0x11 this is a one-way call: async, no return; allow replies with file descriptors; ",29010,36407,16614,2604,25053,8750,0,0
963,reply,5752,115557366,3421,3470,1466,3362,0x01 Java Layer Dependent,"0x11 this is a one-way call: async, no return; allow replies with file descriptors; ",46094,41302,18490,2291,30105,8906,0,0
964,request,5753,115557367,1466,3397,3421,3453,0x0a Java Layer Dependent,"0x11 this is a one-way call: async, no return; allow replies with file descriptors; ",34375,39062,15729,2812,26042,10208,0,0
964,reply,5754,115557368,3421,3470,1466,3362,0x01 Java Layer Dependent,"0x11 this is a one-way call: async, no return; allow replies with file descriptors; ",32709,41041,17396,2448,29895,8698,0,0
965,request,5755,115557369,1466,3397,3421,3453,0x0a Java Layer Dependent,"0x11 this is a one-way call: async, no return; allow replies with file descriptors; ",33802,38178,16458,2709,28021,7448,0,0
965,reply,5756,115557370,3421,3470,1466,3362,0x01 Java Layer Dependent,"0x11 this is a one-way call: async, no return; allow replies with file descriptors; ",32396,55677,16927,16302,30886,8489,0,0
966,request,5757,115557371,1466,3397,3421,3453,0x0a Java Layer Dependent,"0x11 this is a one-way call: async, no return; allow replies with file descriptors; ",32344,37656,16667,2500,28281,6875,0,0
966,reply,5758,115557372,3421,3470,1466,3362,0x01 Java Layer Dependent,"0x11 this is a one-way call: async, no return; allow replies with file descriptors; ",29740,40416,17188,2396,30468,7552,0,0
967,request,5759,115557373,1466,3397,3421,3453,0x0a Java Layer Dependent,"0x11 this is a one-way call: async, no return; allow replies with file descriptors; ",32656,38542,16354,2239,27605,8698,0,0
967,reply,5760,115557374,3421,3470,1466,3362,0x01 Java Layer Dependent,"0x11 this is a one-way call: async, no return; allow replies with file descriptors; ",25625,47083,21146,2604,35677,8802,0,0
968,request,5761,115557375,1466,3397,3421,3453,0x0a Java Layer Dependent,"0x11 this is a one-way call: async, no return; allow replies with file descriptors; ",33021,42135,16250,2500,29896,9739,0,0
968,reply,5762,115557376,3421,3470,1466,3362,0x01 Java Layer Dependent,"0x11 this is a one-way call: async, no return; allow replies with file descriptors; ",28854,40208,15833,2969,28958,8281,0,0
969,request,5763,115557377,1466,3397,3421,3453,0x0a Java Layer Dependent,"0x11 this is a one-way call: async, no return; allow replies with file descriptors; ",30729,35937,17084,2343,25573,8021,0,0
969,reply,5764,115557378,3421,3470,1466,3362,0x01 Java Layer Dependent,"0x11 this is a one-way call: async, no return; allow replies with file descriptors; ",28073,44114,22813,3281,33177,7656,0,0
970,request,5765,115557379,1466,3397,3421,3453,0x0a Java Layer Dependent,"0x11 this is a one-way call: async, no return; allow replies with file descriptors; ",35312,43125,18021,2812,31198,9115,0,0
970,reply,5766,115557380,3421,3470,1466,3362,0x01 Java Layer Dependent,"0x11 this is a one-way call: async, no return; allow replies with file descriptors; ",23854,43437,21823,3021,33541,6875,0,0
971,request,5767,115557381,1466,3397,3421,3453,0x0a Java Layer Dependent,"0x11 this is a one-way call: async, no return; allow replies with file descriptors; ",35625,39947,18334,2864,26823,10260,0,0
971,reply,5768,115557382,3421,3470,1466,3362,0x01 Java Layer Dependent,"0x11 this is a one-way call: async, no return; allow replies with file descriptors; ",30313,45312,17656,3437,30938,10937,0,0
972,request,5769,115557383,1466,3397,3421,3453,0x0a Java Layer Dependent,"0x11 this is a one-way call: async, no return; allow replies with file descriptors; ",28958,36667,19010,3073,25052,8542,0,0
972,reply,5770,115557384,3421,3470,1466,3362,0x01 Java Layer Dependent,"0x11 this is a one-way call: async, no return; allow replies with file descriptors; ",28281,47188,23281,3438,35937,7813,0,0
973,request,5771,115557385,1466,3397,3421,3453,0x0a Java Layer Dependent,"0x11 this is a one-way call: async, no return; allow replies with file descriptors; ",37031,37552,18230,2812,26510,8230,0,0
973,reply,5772,115557386,3421,3470,1466,3362,0x01 Java Layer Dependent,"0x11 this is a one-way call: async, no return; allow replies with file descriptors; ",30937,43958,18490,3489,30677,9792,0,0
974,request,5773,115557387,1466,3397,3421,3453,0x0a Java Layer Dependent,"0x11 this is a one-way call: async, no return; allow replies with file descriptors; ",37240,40052,17656,3438,28437,8177,0,0
974,reply,5774,115557388,3421,3470,1466,3362,0x01 Java Layer Dependent,"0x11 this is a one-way call: async, no return; allow replies with file descriptors; ",26927,47812,25886,4739,36303,6770,0,0
975,request,5775,115557389,1466,3397,3421,3453,0x0a Java Layer Dependent,"0x11 this is a one-way call: async, no return; allow replies with file descriptors; ",39322,40157,15677,2136,27708,10313,0,0
975,reply,5776,115557390,3421,3470,1466,3362,0x01 Java Layer Dependent,"0x11 this is a one-way call: async, no return; allow replies with file descriptors; ",30052,42708,17136,3229,29479,10000,0,0
976,request,5777,115557391,1466,3397,3421,3453,0x0a Java Layer Dependent,"0x11 this is a one-way call: async, no return; allow replies with file descriptors; ",33854,44323,16771,3229,31302,9792,0,0
976,reply,5778,115557392,3421,3470,1466,3362,0x01 Java Layer Dependent,"0x11 this is a one-way call: async, no return; allow replies with file descriptors; ",31354,39791,17605,2604,28177,9010,0,0
977,request,5779,115557393,1466,3397,3421,3453,0x0a Java Layer Dependent,"0x11 this is a one-way call: async, no return; allow replies with file descriptors; ",32032,37135,16146,2500,25729,8906,0,0
977,reply,5780,115557394,3421,3470,1466,3362,0x01 Java Layer Dependent,"0x11 this is a one-way call: async, no return; allow replies with file descriptors; ",31927,41927,17292,3594,29219,9114,0,0
978,request,5781,115557395,1466,3397,3421,3453,0x0a Java Layer Dependent,"0x11 this is a one-way call: async, no return; allow replies with file descriptors; ",36303,35833,16614,2656,25469,7708,0,0
978,reply,5782,115557396,3421,3470,1466,3362,0x01 Java Layer Dependent,"0x11 this is a one-way call: async, no return; allow replies with file descriptors; ",28542,46250,23021,3021,34792,8437,0,0
979,request,5783,115557397,1466,3397,3421,3453,0x0a Java Layer Dependent,"0x11 this is a one-way call: async, no return; allow replies with file descriptors; ",33385,44479,15990,2916,30000,11563,0,0
979,reply,5784,115557398,3421,3470,1466,3362,0x01 Java Layer Dependent,"0x11 this is a one-way call: async, no return; allow replies with file descriptors; ",30781,41198,19739,3386,29635,8177,0,0
980,request,5785,115557399,1466,3397,3421,3453,0x0a Java Layer Dependent,"0x11 this is a one-way call: async, no return; allow replies with file descriptors; ",60156,43177,17813,2656,31146,9375,0,0
980,reply,5786,115557400,3421,3470,1466,3362,0x01 Java Layer Dependent,"0x11 this is a one-way call: async, no return; allow replies with file descriptors; ",31614,42969,16302,3177,29688,10104,0,0
981,request,5787,115557401,1466,3397,3421,3453,0x0a Java Layer Dependent,"0x11 this is a one-way call: async, no return; allow replies with file descriptors; ",30208,39167,15416,2448,26771,9948,0,0
981,reply,5788,115557402,3421,3470,1466,3362,0x01 Java Layer Dependent,"0x11 this is a one-way call: async, no return; allow replies with file descriptors; ",30677,44115,17448,3438,32760,7917,0,0
982,request,5789,115557403,1466,3397,3421,3453,0x0a Java Layer Dependent,"0x11 this is a one-way call: async, no return; allow replies with file descriptors; ",32865,37760,15521,2240,27083,8437,0,0
982,reply,5790,115557404,3421,3470,1466,3362,0x01 Java Layer Dependent,"0x11 this is a one-way call: async, no return; allow replies with file descriptors; ",28125,43854,22916,2761,33177,7916,0,0
983,request,5791,115557405,1466,3397,3421,3453,0x0a Java Layer Dependent,"0x11 this is a one-way call: async, no return; allow replies with file descriptors; ",33698,38437,15521,2031,27344,9062,0,0
983,reply,5792,115557406,3421,3470,1466,3362,0x01 Java Layer Dependent,"0x11 this is a one-way call: async, no return; allow replies with file descriptors; ",31354,40625,19323,2813,29010,8802,0,0
984,request,5793,115557407,1466,3397,3421,3453,0x0a Java Layer Dependent,"0x11 this is a one-way call: async, no return; allow replies with file descriptors; ",32552,36614,16146,2864,24792,8958,0,0
984,reply,5794,115557408,3421,3470,1466,3362,0x01 Java Layer Dependent,"0x11 this is a one-way call: async, no return; allow replies with file descriptors; ",28594,41197,17813,3072,30990,7135,0,0
985,request,5795,115557409,1466,3397,3421,3453,0x0a Java Layer Dependent,"0x11 this is a one-way call: async, no return; allow replies with file descriptors; ",34635,40469,16927,2708,28438,9323,0,0
985,reply,5796,115557410,3421,3470,1466,3362,0x01 Java Layer Dependent,"0x11 this is a one-way call: async, no return; allow replies with file descriptors; ",29635,42344,16979,2761,30156,9427,0,0
986,request,5797,115557411,1466,3397,3421,3453,0x0a Java Layer Dependent,"0x11 this is a one-way call: async, no return; allow replies with file descriptors; ",34218,34740,16615,2708,23386,8646,0,0
986,reply,5798,115557412,3421,3470,1466,3362,0x01 Java Layer Dependent,"0x11 this is a one-way call: async, no return; allow replies with file descriptors; ",27969,44167,24010,3021,34115,7031,0,0
987,request,5799,115557413,1466,3397,3421,3453,0x0a Java Layer Dependent,"0x11 this is a one-way call: async, no return; allow replies with file descriptors; ",33802,38854,15313,2864,26094,9896,0,0
987,reply,5800,115557414,3421,3470,1466,3362,0x01 Java Layer Dependent,"0x11 this is a one-way call: async, no return; allow replies with file descriptors; ",27188,43281,16354,2135,30938,10208,0,0
988,request,5801,115557415,1466,3397,3421,3453,0x0a Java Layer Dependent,"0x11 this is a one-way call: async, no return; allow replies with file descriptors; ",29688,38958,17240,2552,28281,8125,0,0
988,reply,5802,115557416,3421,3470,1466,3362,0x01 Java Layer Dependent,"0x11 this is a one-way call: async, no return; allow replies with file descriptors; ",27812,44583,23073,2500,33802,8281,0,0
989,request,5803,115557417,1466,3397,3421,3453,0x0a Java Layer Dependent,"0x11 this is a one-way call: async, no return; allow replies with file descriptors; ",33438,40885,18750,2969,28437,9479,0,0
989,reply,5804,115557418,3421,3470,1466,3362,0x01 Java Layer Dependent,"0x11 this is a one-way call: async, no return; allow replies with file descriptors; ",46458,55677,21980,11562,36146,7969,0,0
990,request,5805,115557419,1466,3397,3421,3453,0x0a Java Layer Dependent,"0x11 this is a one-way call: async, no return; allow replies with file descriptors; ",31771,40260,18125,2812,28282,9166,0,0
990,reply,5806,115557420,3421,3470,1466,3362,0x01 Java Layer Dependent,"0x11 this is a one-way call: async, no return; allow replies with file descriptors; ",25677,46355,21510,2500,34688,9167,0,0
991,request,5807,115557421,1466,3397,3421,3453,0x0a Java Layer Dependent,"0x11 this is a one-way call: async, no return; allow replies with file descriptors; ",34792,43489,18073,3073,30208,10208,0,0
991,reply,5808,115557422,3421,3470,1466,3362,0x01 Java Layer Dependent,"0x11 this is a one-way call: async, no return; allow replies with file descriptors; ",22864,44948,26615,4323,33698,6927,0,0
992,request,5809,115557423,1466,3397,3421,3453,0x0a Java Layer Dependent,"0x11 this is a one-way call: async, no return; allow replies with file descriptors; ",30052,41875,20677,2604,31094,8177,0,0
992,reply,5810,115557424,3421,3470,1466,3362,0x01 Java Layer Dependent,"0x11 this is a one-way call: async, no return; allow replies with file descriptors; ",33802,72604,30781,7240,53437,11927,0,0
993,request,5811,115557425,1466,3397,3421,3453,0x0a Java Layer Dependent,"0x11 this is a one-way call: async, no return; allow replies with file descriptors; ",35261,44479,31198,4219,30729,9531,0,0
993,reply,5812,115557426,3421,3470,1466,3362,0x01 Java Layer Dependent,"0x11 this is a one-way call: async, no return; allow replies with file descriptors; ",31458,53542,29583,4219,38646,10677,0,0
994,request,5813,115557427,1466,3397,3421,3453,0x0a Java Layer Dependent,"0x11 this is a one-way call: async, no return; allow replies with file descriptors; ",32969,46198,28281,3386,34375,8437,0,0
994,reply,5814,115557428,3421,3470,1466,3362,0x01 Java Layer Dependent,"0x11 this is a one-way call: async, no return; allow replies with file descriptors; ",33177,51146,30573,3750,37396,10000,0,0
995,request,5815,115557429,1466,3397,3421,3453,0x0a Java Layer Dependent,"0x11 this is a one-way call: async, no return; allow replies with file descriptors; ",32344,42813,45052,3021,30365,9427,0,0
995,reply,5816,115557430,3421,3470,1466,3362,0x01 Java Layer Dependent,"0x11 this is a one-way call: async, no return; allow replies with file descriptors; ",32709,102552,34010,11823,82292,8437,0,0
996,request,5817,115557431,1466,3397,3421,3453,0x0a Java Layer Dependent,"0x11 this is a one-way call: async, no return; allow replies with file descriptors; ",33385,42292,29948,3490,29062,9740,0,0
996,reply,5818,115557432,3421,3470,1466,3362,0x01 Java Layer Dependent,"0x11 this is a one-way call: async, no return; allow replies with file descriptors; ",38073,49323,27292,4479,35521,9323,0,0
997,request,5819,115557433,1466,3397,3421,3453,0x0a Java Layer Dependent,"0x11 this is a one-way call: async, no return; allow replies with file descriptors; ",31042,45938,27864,3594,31771,10573,0,0
997,reply,5820,115557434,3421,3470,1466,3362,0x01 Java Layer Dependent,"0x11 this is a one-way call: async, no return; allow replies with file descriptors; ",34271,50104,28073,5000,35938,9166,0,0
998,request,5821,115557435,1466,3397,3421,3453,0x0a Java Layer Dependent,"0x11 this is a one-way call: async, no return; allow replies with file descriptors; ",31771,43437,27604,3750,30312,9375,0,0
998,reply,5824,115557440,3421,3470,1466,3362,0x01 Java Layer Dependent,"0x11 this is a one-way call: async, no return; allow replies with file descriptors; ",31979,47761,27291,4011,34375,9375,0,0
999,request,5825,115557441,1466,3397,3421,3453,0x0a Java Layer Dependent,"0x11 this is a one-way call: async, no return; allow replies with file descriptors; ",44480,41093,46459,3437,26875,10781,0,0
999,reply,5826,115557442,3421,3470,1466,3362,0x01 Java Layer Dependent,"0x11 this is a one-way call: async, no return; allow replies with file descriptors; ",31094,46615,26666,3646,32813,10156,0,0
1000,request,5827,115557443,1466,3397,3421,3453,0x0a Java Layer Dependent,"0x11 this is a one-way call: async, no return; allow replies with file descriptors; ",35000,46042,27916,3177,31146,11719,0,0
1000,reply,5828,115557444,3421,3470,1466,3362,0x01 Java Layer Dependent,"0x11 this is a one-way call: async, no return; allow replies with file descriptors; ",30157,49583,24740,4479,35469,9635,0,0
1001,request,5829,115557445,1466,3397,3421,3453,0x0a Java Layer Dependent,"0x11 this is a one-way call: async, no return; allow replies with file descriptors; ",33072,41615,26250,3021,28594,10000,0,0
1001,reply,5830,115557446,3421,3470,1466,3362,0x01 Java Layer Dependent,"0x11 this is a one-way call: async, no return; allow replies with file descriptors; ",143854,35834,24531,4792,23490,7552,0,0
1002,request,5831,115557447,1466,3397,3421,3453,0x0a Java Layer Dependent,"0x11 this is a one-way call: async, no return; allow replies with file descriptors; ",32760,47344,46510,3594,33646,10104,0,0
1002,reply,5832,115557448,3421,3470,1466,3362,0x01 Java Layer Dependent,"0x11 this is a one-way call: async, no return; allow replies with file descriptors; ",32344,52917,31979,3959,40468,8490,0,0
1003,request,5833,115557449,1466,3397,3421,3453,0x0a Java Layer Dependent,"0x11 this is a one-way call: async, no return; allow replies with file descriptors; ",40677,46510,29271,3073,33645,9792,0,0
1003,reply,5834,115557450,3421,3470,1466,3362,0x01 Java Layer Dependent,"0x11 this is a one-way call: async, no return; allow replies with file descriptors; ",28854,43542,30417,3958,29688,9896,0,0
1004,request,5835,115557451,1466,3397,3421,3453,0x0a Java Layer Dependent,"0x11 this is a one-way call: async, no return; allow replies with file descriptors; ",34323,46354,26562,4010,33178,9166,0,0
1004,reply,5836,115557452,3421,3470,1466,3362,0x01 Java Layer Dependent,"0x11 this is a one-way call: async, no return; allow replies with file descriptors; ",30364,45678,25885,3698,32761,9219,0,0
1005,request,5837,115557453,1466,3397,3421,3453,0x0a Java Layer Dependent,"0x11 this is a one-way call: async, no return; allow replies with file descriptors; ",34375,42395,26823,3437,29635,9323,0,0
1005,reply,5838,115557454,3421,3470,1466,3362,0x01 Java Layer Dependent,"0x11 this is a one-way call: async, no return; allow replies with file descriptors; ",27760,48438,25573,4115,35885,8438,0,0
1006,request,5839,115557455,1466,3397,3421,3453,0x0a Java Layer Dependent,"0x11 this is a one-way call: async, no return; allow replies with file descriptors; ",36354,44011,25729,3230,31510,9271,0,0
1006,reply,5840,115557456,3421,3470,1466,3362,0x01 Java Layer Dependent,"0x11 this is a one-way call: async, no return; allow replies with file descriptors; ",30052,46927,25416,4323,35104,7500,0,0
1007,request,5841,115557457,1466,3397,3421,3453,0x0a Java Layer Dependent,"0x11 this is a one-way call: async, no return; allow replies with file descriptors; ",31042,46875,23958,3281,32709,10885,0,0
1007,reply,5842,115557458,3421,3470,1466,3362,0x01 Java Layer Dependent,"0x11 this is a one-way call: async, no return; allow replies with file descriptors; ",29479,47083,26302,3854,33541,9688,0,0
1008,request,5843,115557459,1466,3397,3421,3453,0x0a Java Layer Dependent,"0x11 this is a one-way call: async, no return; allow replies with file descriptors; ",31666,41615,25156,3646,30833,7136,0,0
1008,reply,5844,115557460,3421,3470,1466,3362,0x01 Java Layer Dependent,"0x11 this is a one-way call: async, no return; allow replies with file descriptors; ",30365,46510,24948,3593,33490,9427,0,0
1009,request,5845,115557461,1466,3397,3421,3453,0x0a Java Layer Dependent,"0x11 this is a one-way call: async, no return; allow replies with file descriptors; ",26667,41614,25209,3281,29219,9114,0,0
1009,reply,5846,115557462,3421,3470,1466,3362,0x01 Java Layer Dependent,"0x11 this is a one-way call: async, no return; allow replies with file descriptors; ",28594,46927,26146,4062,33542,9323,0,0
1010,request,5847,115557463,1466,3397,3421,3453,0x0a Java Layer Dependent,"0x11 this is a one-way call: async, no return; allow replies with file descriptors; ",35260,45104,25677,3593,31563,9948,0,0
1010,reply,5848,115557464,3421,3470,1466,3362,0x01 Java Layer Dependent,"0x11 this is a one-way call: async, no return; allow replies with file descriptors; ",41094,43646,24479,3646,31563,8437,0,0
1011,request,5849,115557465,1466,3397,3421,3453,0x0a Java Layer Dependent,"0x11 this is a one-way call: async, no return; allow replies with file descriptors; ",32656,42500,25157,3854,29531,9115,0,0
1011,reply,5850,115557466,3421,3470,1466,3362,0x01 Java Layer Dependent,"0x11 this is a one-way call: async, no return; allow replies with file descriptors; ",28854,47083,25990,4427,34792,7864,0,0
1012,request,5851,115557467,1466,3397,3421,3453,0x0a Java Layer Dependent,"0x11 this is a one-way call: async, no return; allow replies with file descriptors; ",30261,42968,25730,3645,30886,8437,0,0
1012,reply,5852,115557468,3421,3470,1466,3362,0x01 Java Layer Dependent,"0x11 this is a one-way call: async, no return; allow replies with file descriptors; ",23281,55052,27083,14636,34114,6302,0,0
1013,request,5853,115557469,1466,3397,3421,3473,0x0a Java Layer Dependent,"0x11 this is a one-way call: async, no return; allow replies with file descriptors; ",30052,52344,80729,5834,34687,11823,0,0
1013,reply,5854,115557470,3421,3470,1466,3362,0x01 Java Layer Dependent,"0x11 this is a one-way call: async, no return; allow replies with file descriptors; ",29219,49792,27083,3907,38125,7760,0,0
1014,request,5855,115557471,1466,3397,3421,3473,0x0a Java Layer Dependent,"0x11 this is a one-way call: async, no return; allow replies with file descriptors; ",31458,39792,27708,4062,28907,6823,0,0
1014,reply,5856,115557472,3421,3470,1466,3362,0x01 Java Layer Dependent,"0x11 this is a one-way call: async, no return; allow replies with file descriptors; ",29532,54270,26042,4010,39740,10520,0,0
1015,request,5857,115557473,1466,3397,3421,3473,0x0a Java Layer Dependent,"0x11 this is a one-way call: async, no return; allow replies with file descriptors; ",33125,43541,27188,3802,30156,9583,0,0
1015,reply,5858,115557474,3421,3470,1466,3362,0x01 Java Layer Dependent,"0x11 this is a one-way call: async, no return; allow replies with file descriptors; ",20781,206980,27343,5730,195156,6094,0,0
1016,request,5859,115557475,1466,3397,3421,3473,0x0a Java Layer Dependent,"0x11 this is a one-way call: async, no return; allow replies with file descriptors; ",32916,50000,24323,3958,37083,8959,0,0
1016,reply,5860,115557476,3421,3470,1466,3362,0x01 Java Layer Dependent,"0x11 this is a one-way call: async, no return; allow replies with file descriptors; ",24271,63906,26458,12187,44271,7448,0,0
1017,request,5861,115557477,1466,3397,3421,3473,0x0a Java Layer Dependent,"0x11 this is a one-way call: async, no return; allow replies with file descriptors; ",23281,54115,27865,6146,39062,8907,0,0
1017,reply,5862,115557478,3421,3470,1466,3362,0x01 Java Layer Dependent,"0x11 this is a one-way call: async, no return; allow replies with file descriptors; ",44428,51718,26615,3489,38021,10208,0,0
1018,request,5863,115557479,1466,3397,3421,3473,0x0a Java Layer Dependent,"0x11 this is a one-way call: async, no return; allow replies with file descriptors; ",34583,41198,20886,2395,31042,7761,0,0
1018,reply,5864,115557480,3421,3470,1466,3362,0x01 Java Layer Dependent,"0x11 this is a one-way call: async, no return; allow replies with file descriptors; ",30573,65261,29791,6302,45521,13438,0,0
1019,request,5865,115557481,1466,3397,3421,3473,0x0a Java Layer Dependent,"0x11 this is a one-way call: async, no return; allow replies with file descriptors; ",31406,43959,28645,4896,32292,6771,0,0
1019,reply,5866,115557482,3421,3470,1466,3362,0x01 Java Layer Dependent,"0x11 this is a one-way call: async, no return; allow replies with file descriptors; ",35678,48906,24791,3854,34896,10156,0,0
1020,request,5867,115557483,1466,3397,3421,3473,0x0a Java Layer Dependent,"0x11 this is a one-way call: async, no return; allow replies with file descriptors; ",46875,44375,25208,3958,32865,7552,0,0
1020,reply,5868,115557484,3421,3470,1466,3362,0x01 Java Layer Dependent,"0x11 this is a one-way call: async, no return; allow replies with file descriptors; ",29271,50885,26875,3750,37708,9427,0,0
1021,request,5869,115557485,1466,3397,3421,3473,0x0a Java Layer Dependent,"0x11 this is a one-way call: async, no return; allow replies with file descriptors; ",28125,64166,24219,25156,30000,9010,0,0
1021,reply,5870,115557486,3421,3470,1466,3362,0x01 Java Layer Dependent,"0x11 this is a one-way call: async, no return; allow replies with file descriptors; ",31458,52240,27135,3646,33021,15573,0,0
1022,request,5871,115557487,1466,3397,3421,3473,0x0a Java Layer Dependent,"0x11 this is a one-way call: async, no return; allow replies with file descriptors; ",29896,42916,26667,3802,30937,8177,0,0
1022,reply,5872,115557488,3421,3470,1466,3362,0x01 Java Layer Dependent,"0x11 this is a one-way call: async, no return; allow replies with file descriptors; ",35104,44219,23646,4375,29375,10469,0,0
1023,request,5873,115557489,1466,3397,3421,3473,0x0a Java Layer Dependent,"0x11 this is a one-way call: async, no return; allow replies with file descriptors; ",29323,41354,28802,3385,29219,8750,0,0
1023,reply,5874,115557490,3421,3470,1466,3362,0x01 Java Layer Dependent,"0x11 this is a one-way call: async, no return; allow replies with file descriptors; ",28489,42761,23645,3750,29740,9271,0,0
1024,request,5875,115557491,1466,3397,3421,3473,0x0a Java Layer Dependent,"0x11 this is a one-way call: async, no return; allow replies with file descriptors; ",31875,44792,27083,3177,31146,10469,0,0
1024,reply,5876,115557492,3421,3470,1466,3362,0x01 Java Layer Dependent,"0x11 this is a one-way call: async, no return; allow replies with file descriptors; ",28490,44635,23907,3177,31875,9583,0,0
1025,request,5877,115557493,1466,3397,3421,3473,0x0a Java Layer Dependent,"0x11 this is a one-way call: async, no return; allow replies with file descriptors; ",30833,48854,25885,4427,34844,9583,0,0
1025,reply,5878,115557494,3421,3470,1466,3362,0x01 Java Layer Dependent,"0x11 this is a one-way call: async, no return; allow replies with file descriptors; ",30521,45156,27917,4218,33959,6979,0,0
1026,request,5879,115557495,1466,3397,3421,3473,0x0a Java Layer Dependent,"0x11 this is a one-way call: async, no return; allow replies with file descriptors; ",27813,43489,27500,3854,31094,8541,0,0
1026,reply,5880,115557496,3421,3470,1466,3362,0x01 Java Layer Dependent,"0x11 this is a one-way call: async, no return; allow replies with file descriptors; ",35677,44740,26198,4532,33125,7083,0,0
1027,request,5881,115557497,1466,3397,3421,3473,0x0a Java Layer Dependent,"0x11 this is a one-way call: async, no return; allow replies with file descriptors; ",31250,40052,25989,3438,29218,7396,0,0
1027,reply,5882,115557498,3421,3470,1466,3362,0x01 Java Layer Dependent,"0x11 this is a one-way call: async, no return; allow replies with file descriptors; ",24063,42083,26302,4323,30156,7604,0,0
1028,request,5883,115557499,1466,3397,3421,3473,0x0a Java Layer Dependent,"0x11 this is a one-way call: async, no return; allow replies with file descriptors; ",34948,43698,27604,3907,29635,10156,0,0
1028,reply,5884,115557500,3421,3470,1466,3362,0x01 Java Layer Dependent,"0x11 this is a one-way call: async, no return; allow replies with file descriptors; ",28698,51823,26510,3438,38333,10052,0,0
1029,request,5885,115557501,1466,3397,3421,3473,0x0a Java Layer Dependent,"0x11 this is a one-way call: async, no return; allow replies with file descriptors; ",33750,50261,27395,4375,34948,10938,0,0
1029,reply,5886,115557502,3421,3470,1466,3362,0x01 Java Layer Dependent,"0x11 this is a one-way call: async, no return; allow replies with file descriptors; ",31510,52187,28907,4739,38021,9427,0,0
1030,request,5887,115557503,1466,3397,3421,3473,0x0a Java Layer Dependent,"0x11 this is a one-way call: async, no return; allow replies with file descriptors; ",31927,41770,24740,2604,29166,10000,0,0
1030,reply,5888,115557504,3421,3470,1466,3362,0x01 Java Layer Dependent,"0x11 this is a one-way call: async, no return; allow replies with file descriptors; ",24375,37761,17083,2813,28125,6823,0,0
1031,request,5889,115557505,1466,3397,3421,3473,0x0a Java Layer Dependent,"0x11 this is a one-way call: async, no return; allow replies with file descriptors; ",33958,40521,18854,2396,29583,8542,0,0
1031,reply,5890,115557506,3421,3470,1466,3362,0x01 Java Layer Dependent,"0x11 this is a one-way call: async, no return; allow replies with file descriptors; ",31979,43177,17187,2865,31250,9062,0,0
1032,request,5891,115557507,1466,3397,3421,3473,0x0a Java Layer Dependent,"0x11 this is a one-way call: async, no return; allow replies with file descriptors; ",33021,35938,16146,1823,26302,7813,0,0
1032,reply,5892,115557508,3421,3470,1466,3362,0x01 Java Layer Dependent,"0x11 this is a one-way call: async, no return; allow replies with file descriptors; ",32552,53958,22344,3333,42240,8385,0,0
1033,request,5893,115557509,1466,3397,3421,3473,0x0a Java Layer Dependent,"0x11 this is a one-way call: async, no return; allow replies with file descriptors; ",36198,43281,17656,2344,30104,10833,0,0
1033,reply,5894,115557510,3421,3470,1466,3362,0x01 Java Layer Dependent,"0x11 this is a one-way call: async, no return; allow replies with file descriptors; ",30573,48541,18802,2812,35052,10677,0,0
1034,request,5895,115557511,1466,3397,3421,3473,0x0a Java Layer Dependent,"0x11 this is a one-way call: async, no return; allow replies with file descriptors; ",35157,43229,18437,2136,31093,10000,0,0
1034,reply,5896,115557512,3421,3470,1466,3362,0x01 Java Layer Dependent,"0x11 this is a one-way call: async, no return; allow replies with file descriptors; ",27656,42500,16927,2187,29896,10417,0,0
1035,request,5897,115557513,1466,3397,3421,3473,0x0a Java Layer Dependent,"0x11 this is a one-way call: async, no return; allow replies with file descriptors; ",33438,54010,17031,17500,28177,8333,0,0
1035,reply,5898,115557514,3421,3470,1466,3362,0x01 Java Layer Dependent,"0x11 this is a one-way call: async, no return; allow replies with file descriptors; ",27552,43281,21771,2448,33698,7135,0,0
1036,request,5899,115557515,1466,3397,3421,3473,0x0a Java Layer Dependent,"0x11 this is a one-way call: async, no return; allow replies with file descriptors; ",35469,39270,17448,1823,25156,12291,0,0
1036,reply,5900,115557516,3421,3470,1466,3362,0x01 Java Layer Dependent,"0x11 this is a one-way call: async, no return; allow replies with file descriptors; ",56146,41093,16719,2812,30000,8281,0,0
1037,request,5901,115557517,1466,3397,3421,3473,0x0a Java Layer Dependent,"0x11 this is a one-way call: async, no return; allow replies with file descriptors; ",41198,38854,16771,2344,26041,10469,0,0
1037,reply,5902,115557518,3421,3470,1466,3362,0x01 Java Layer Dependent,"0x11 this is a one-way call: async, no return; allow replies with file descriptors; ",31042,40781,16094,2448,28021,10312,0,0
1038,request,5903,115557519,1466,3397,3421,3473,0x0a Java Layer Dependent,"0x11 this is a one-way call: async, no return; allow replies with file descriptors; ",29583,33542,16146,1771,22761,9010,0,0
1038,reply,5904,115557520,3421,3470,1466,3362,0x01 Java Layer Dependent,"0x11 this is a one-way call: async, no return; allow replies with file descriptors; ",27083,47761,25208,2813,34844,10104,0,0
1039,request,5905,115557521,1466,3397,3421,3473,0x0a Java Layer Dependent,"0x11 this is a one-way call: async, no return; allow replies with file descriptors; ",36823,87865,17708,37761,36041,14063,0,0
1039,reply,5906,115557522,3421,3470,1466,3362,0x01 Java Layer Dependent,"0x11 this is a one-way call: async, no return; allow replies with file descriptors; ",32084,42604,17656,2865,30104,9635,0,0
1040,request,5907,115557523,1466,3397,3421,3473,0x0a Java Layer Dependent,"0x11 this is a one-way call: async, no return; allow replies with file descriptors; ",29063,40417,16354,2032,24531,13854,0,0
1040,reply,5908,115557524,3421,3470,1466,3362,0x01 Java Layer Dependent,"0x11 this is a one-way call: async, no return; allow replies with file descriptors; ",30834,48385,21615,3021,35417,9947,0,0
1041,request,5909,115557525,1466,3397,3421,3473,0x0a Java Layer Dependent,"0x11 this is a one-way call: async, no return; allow replies with file descriptors; ",49584,39114,17448,2448,27500,9166,0,0
1041,reply,5910,115557526,3421,3470,1466,3362,0x01 Java Layer Dependent,"0x11 this is a one-way call: async, no return; allow replies with file descriptors; ",30625,43958,17396,3229,30937,9792,0,0
1042,request,5911,115557527,1466,3397,3421,3473,0x0a Java Layer Dependent,"0x11 this is a one-way call: async, no return; allow replies with file descriptors; ",34896,38698,16770,2396,25938,10364,0,0
1042,reply,5912,115557528,3421,3470,1466,3362,0x01 Java Layer Dependent,"0x11 this is a one-way call: async, no return; allow replies with file descriptors; ",28177,42917,16979,2761,30208,9948,0,0
1043,request,5913,115557529,1466,3397,3421,3473,0x0a Java Layer Dependent,"0x11 this is a one-way call: async, no return; allow replies with file descriptors; ",34323,40989,17136,2447,28073,10469,0,0
1043,reply,5914,115557530,3421,3470,1466,3362,0x01 Java Layer Dependent,"0x11 this is a one-way call: async, no return; allow replies with file descriptors; ",32083,42500,17396,2864,29063,10573,0,0
1044,request,5915,115557531,1466,3397,3421,3473,0x0a Java Layer Dependent,"0x11 this is a one-way call: async, no return; allow replies with file descriptors; ",33854,41458,16771,2604,28333,10521,0,0
1044,reply,5916,115557532,3421,3470,1466,3362,0x01 Java Layer Dependent,"0x11 this is a one-way call: async, no return; allow replies with file descriptors; ",30885,43490,16510,2865,30625,10000,0,0
1045,request,5917,115557533,1466,3397,3421,3473,0x0a Java Layer Dependent,"0x11 this is a one-way call: async, no return; allow replies with file descriptors; ",34219,36354,15625,2187,23334,10833,0,0
1045,reply,5918,115557534,3421,3470,1466,3362,0x01 Java Layer Dependent,"0x11 this is a one-way call: async, no return; allow replies with file descriptors; ",28073,41666,16198,2135,30312,9219,0,0
1046,request,5919,115557535,1466,3397,3421,3473,0x0a Java Layer Dependent,"0x11 this is a one-way call: async, no return; allow replies with file descriptors; ",33802,42135,16250,2344,30208,9583,0,0
1046,reply,5920,115557536,3421,3470,1466,3362,0x01 Java Layer Dependent,"0x11 this is a one-way call: async, no return; allow replies with file descriptors; ",29687,41302,16459,2396,28073,10833,0,0
1047,request,5921,115557537,1466,3397,3421,3473,0x0a Java Layer Dependent,"0x11 this is a one-way call: async, no return; allow replies with file descriptors; ",32916,36459,17343,1667,24063,10729,0,0
1047,reply,5922,115557538,3421,3470,1466,3362,0x01 Java Layer Dependent,"0x11 this is a one-way call: async, no return; allow replies with file descriptors; ",29636,40208,16667,1979,28958,9271,0,0
1048,request,5923,115557539,1466,3397,3421,3473,0x0a Java Layer Dependent,"0x11 this is a one-way call: async, no return; allow replies with file descriptors; ",36302,42135,17605,1823,28854,11458,0,0
1048,reply,5924,115557540,3421,3470,1466,3362,0x01 Java Layer Dependent,"0x11 this is a one-way call: async, no return; allow replies with file descriptors; ",36510,114219,43073,7135,97813,9271,0,0
1049,request,5925,115557541,1466,3397,3421,3473,0x0a Java Layer Dependent,"0x11 this is a one-way call: async, no return; allow replies with file descriptors; ",98021,42552,21667,2395,29584,10573,0,0
1049,reply,5926,115557542,3421,3470,1466,3362,0x01 Java Layer Dependent,"0x11 this is a one-way call: async, no return; allow replies with file descriptors; ",39739,47917,36354,3281,35209,9427,0,0
1050,request,5927,115557543,1466,3397,3421,3473,0x0a Java Layer Dependent,"0x11 this is a one-way call: async, no return; allow replies with file descriptors; ",36875,35833,17240,1875,25781,8177,0,0
1050,reply,5928,115557544,3421,3470,1466,3362,0x01 Java Layer Dependent,"0x11 this is a one-way call: async, no return; allow replies with file descriptors; ",28177,45365,21927,3021,34114,8230,0,0
