"id","ts","dur","cpu","tid","pid"
25733,813349903505995,713646,7,1466,1466
29467,813350052121568,83489,7,1466,1466
30859,813350098360943,172708,7,1466,1466
32744,813350202659536,82813,7,1466,1466
33679,813350256807349,245156,7,1466,1466
33687,813350257202974,118646,7,1466,1466
33692,813350257478599,294739,7,1466,1466
34994,813350329855109,115365,7,1466,1466
41981,813350758407974,165000,7,1466,1466
41983,813350758670682,72031,7,1466,1466
41985,813350758835109,200052,7,1466,1466
22682,813349783361932,46336459,7,3308,1466
23912,813349829720474,16379531,7,3308,1466
24305,813349846124849,26133958,7,3308,1466
24896,813349872306776,31199219,7,3308,1466
25751,813349904219641,135208,7,3308,1466
25764,813349904517766,56677760,7,3308,1466
27284,813349961217141,90904427,7,3308,1466
29470,813350052205057,1591146,7,3308,1466
29529,813350053907193,20721510,7,3308,1466
30593,813350085025995,1095937,7,3308,1466
30718,813350090963807,112396,7,3308,1466
30735,813350091931672,65469,7,3308,1466
30834,813350096575266,273906,3,3308,1466
30860,813350098393026,1681667,4,3308,1466
31050,813350108528182,775573,3,3308,1466
31574,813350133440891,542447,3,3308,1466
31710,813350141150578,802708,4,3308,1466
32745,813350202704588,612553,4,3308,1466
33058,813350220539224,552917,3,3308,1466
33168,813350227159016,668854,4,3308,1466
33239,813350230624953,787552,4,3308,1466
33609,813350252525682,335781,4,3308,1466
34162,813350284322036,373334,4,3308,1466
34439,813350300631307,339896,4,3308,1466
34998,813350329914015,1254532,3,3308,1466
35317,813350346537765,274584,3,3308,1466
35862,813350375080265,295469,4,3308,1466
35927,813350378234536,473542,3,3308,1466
36162,813350394434953,403177,4,3308,1466
36185,813350396416932,310677,3,3308,1466
36205,813350398413703,277865,4,3308,1466
36258,813350402021828,244687,4,3308,1466
36262,813350402347661,254323,4,3308,1466
36859,813350436786620,614010,3,3308,1466
37181,813350461964432,448698,3,3308,1466
37352,813350479589328,625885,4,3308,1466
37403,813350485176359,341302,3,3308,1466
37508,813350495286411,464063,3,3308,1466
37577,813350501625057,323958,3,3308,1466
37600,813350503410005,123177,3,3308,1466
37602,813350503583182,252031,3,3308,1466
37632,813350505359849,165052,3,3308,1466
37637,813350505574797,124010,3,3308,1466
37741,813350510516515,281563,3,3308,1466
37747,813350510860578,555208,3,3308,1466
37758,813350511589536,1000938,4,3308,1466
37768,813350512760838,309219,3,3308,1466
37771,813350513121255,489583,3,3308,1466
37781,813350513764484,264740,4,3308,1466
37784,813350514095943,505989,4,3308,1466
37792,813350514776880,261146,3,3308,1466
37795,813350515094172,1473437,3,3308,1466
37844,813350518911203,545521,4,3308,1466
37931,813350524531672,25260,4,3308,1466
37933,813350524606099,559166,4,3308,1466
37943,813350525334849,135104,3,3308,1466
38221,813350537106411,507396,4,3308,1466
38601,813350554899172,154323,3,3308,1466
38603,813350555111984,105781,3,3308,1466
39074,813350583891255,454792,4,3308,1466
39334,813350599261984,309636,4,3308,1466
39595,813350611696359,282396,3,3308,1466
39684,813350616878703,429583,3,3308,1466
39720,813350619160578,304583,3,3308,1466
39900,813350628950995,576041,4,3308,1466
39926,813350630831776,55833,4,3308,1466
39928,813350630930995,285468,4,3308,1466
39957,813350632644328,82864,4,3308,1466
39959,813350632771672,307031,4,3308,1466
40140,813350642629328,159583,4,3308,1466
40142,813350642851880,183802,4,3308,1466
40422,813350658264588,354948,3,3308,1466
40476,813350661573547,274479,3,3308,1466
40573,813350667662557,414167,3,3308,1466
40819,813350683002817,70053,3,3308,1466
40821,813350683112297,491666,3,3308,1466
41151,813350705750890,330261,3,3308,1466
41396,813350717846984,241354,3,3308,1466
41407,813350718486672,257031,3,3308,1466
41454,813350720912088,229688,3,3308,1466
42524,813350794472505,248802,4,3308,1466
42550,813350796183599,270000,4,3308,1466
23890,813349828830943,212135,3,3362,1466
23932,813349830341984,193178,3,3362,1466
23949,813349831299537,139062,3,3362,1466
23967,813349832234901,122344,3,3362,1466
23979,813349833190474,139531,3,3362,1466
23990,813349834074224,130052,3,3362,1466
24006,813349835091516,161562,4,3362,1466
24025,813349836091880,212500,3,3362,1466
24064,813349837092505,180782,3,3362,1466
24110,813349838082974,162760,3,3362,1466
24132,813349838982609,173386,3,3362,1466
24149,813349839861047,129948,3,3362,1466
24161,813349840708130,140157,3,3362,1466
24178,813349841621307,157188,3,3362,1466
24190,813349842459276,127448,3,3362,1466
24207,813349843244484,156250,3,3362,1466
24246,813349844252141,171093,3,3362,1466
24277,813349845193234,188594,3,3362,1466
24321,813349846680214,188645,3,3362,1466
24338,813349847667089,179531,4,3362,1466
24365,813349848695578,191250,4,3362,1466
24377,813349849596203,137396,4,3362,1466
24390,813349850448547,135469,4,3362,1466
24406,813349851446880,227344,5,3362,1466
24434,813349852440526,146979,5,3362,1466
24465,813349853448651,200677,4,3362,1466
24503,813349854922922,169635,4,3362,1466
24522,813349855858703,144115,4,3362,1466
24549,813349856745839,130000,4,3362,1466
24561,813349857525370,130521,4,3362,1466
24575,813349858306359,125000,4,3362,1466
24587,813349859092714,124427,4,3362,1466
24602,813349859904745,124844,4,3362,1466
24624,813349860889953,173438,4,3362,1466
24649,813349861768078,127969,4,3362,1466
24675,813349862642609,117032,4,3362,1466
24701,813349863459537,165572,4,3362,1466
24721,813349864341047,145729,4,3362,1466
24743,813349865184849,125677,4,3362,1466
24758,813349866000266,105729,4,3362,1466
24772,813349866825995,136406,4,3362,1466
24786,813349867597193,185156,4,3362,1466
24811,813349868927297,163594,3,3362,1466
24822,813349869810109,191355,4,3362,1466
24846,813349870785526,189427,3,3362,1466
24887,813349872151151,15208,4,3362,1466
24892,813349872239797,195104,4,3362,1466
24922,813349873324849,158490,4,3362,1466
24939,813349874292661,138021,4,3362,1466
24954,813349875195891,135885,4,3362,1466
24971,813349876049120,197500,4,3362,1466
25000,813349876965995,157083,4,3362,1466
25029,813349877978130,157813,4,3362,1466
25080,813349879563026,193542,4,3362,1466
25112,813349880404380,170365,4,3362,1466
25146,813349881377349,206562,4,3362,1466
25195,813349882637870,243073,6,3362,1466
25250,813349883840943,173229,6,3362,1466
25269,813349884885734,151198,4,3362,1466
25291,813349885752714,144114,4,3362,1466
25323,813349886763130,124271,4,3362,1466
25360,813349887691516,113802,4,3362,1466
25398,813349888570318,138437,4,3362,1466
25413,813349889467661,127761,4,3362,1466
25429,813349890282766,125416,4,3362,1466
25443,813349891018443,126198,4,3362,1466
25459,813349891836099,126250,4,3362,1466
25475,813349892619745,124948,4,3362,1466
25495,813349893468911,119896,4,3362,1466
25523,813349894460578,124636,4,3362,1466
25561,813349895439953,198802,6,3362,1466
25589,813349896417609,145730,6,3362,1466
25621,813349897306776,148906,6,3362,1466
25634,813349898212505,157136,6,3362,1466
25646,813349899108391,135625,6,3362,1466
25666,813349900232297,236302,3,3362,1466
25681,813349901261880,220417,4,3362,1466
25702,813349902525422,178906,4,3362,1466
25765,813349904527922,104062,3,3362,1466
25775,813349904857401,88646,3,3362,1466
25778,813349904979276,54375,3,3362,1466
25781,813349905045630,30469,3,3362,1466
25814,813349906073651,197760,4,3362,1466
25840,813349907073495,202969,4,3362,1466
25870,813349908115474,230260,4,3362,1466
25905,813349909233651,211042,3,3362,1466
25936,813349910392922,188073,3,3362,1466
25978,813349911601776,205729,4,3362,1466
26035,813349913139276,200417,3,3362,1466
26079,813349914121724,178229,3,3362,1466
26108,813349915119016,147500,3,3362,1466
26138,813349916030318,112500,3,3362,1466
26146,813349916215734,114011,3,3362,1466
26178,813349917065109,161355,3,3362,1466
26202,813349917953703,160469,3,3362,1466
26240,813349919129328,166458,3,3362,1466
26284,813349920799797,201250,6,3362,1466
26294,813349921064068,90833,4,3362,1466
26312,813349921769276,206094,6,3362,1466
26326,813349922742453,164063,6,3362,1466
26338,813349923611047,174010,6,3362,1466
26370,813349924654224,164740,6,3362,1466
26387,813349925482245,137500,6,3362,1466
26419,813349926319120,185885,6,3362,1466
26459,813349927317974,175937,5,3362,1466
26490,813349928353964,143645,6,3362,1466
26496,813349928543547,46302,6,3362,1466
26531,813349929400630,161875,6,3362,1466
26553,813349930275266,166823,6,3362,1466
26566,813349931203026,175260,6,3362,1466
26580,813349932214276,176875,6,3362,1466
26604,813349933159589,192343,6,3362,1466
26618,813349934170734,175261,6,3362,1466
26634,813349935104641,139375,6,3362,1466
26661,813349936001672,245260,6,3362,1466
26671,813349936266359,63907,5,3362,1466
26715,813349937305370,189323,6,3362,1466
26755,813349938221568,183229,6,3362,1466
26772,813349939245578,281875,3,3362,1466
26804,813349940345682,230938,6,3362,1466
26821,813349941345526,166094,6,3362,1466
26833,813349942239641,139791,6,3362,1466
26847,813349943164276,141719,6,3362,1466
26873,813349944142141,164791,3,3362,1466
26912,813349945032974,197865,6,3362,1466
26948,813349946157401,213438,3,3362,1466
26967,813349947139328,193073,6,3362,1466
26990,813349948198130,163229,6,3362,1466
27008,813349949112193,131718,6,3362,1466
27025,813349950131203,196406,3,3362,1466
27040,813349951173964,183437,6,3362,1466
27074,813349952270422,214739,3,3362,1466
27114,813349953509693,164271,3,3362,1466
27141,813349954461828,203594,3,3362,1466
27163,813349955552193,188750,6,3362,1466
27187,813349956580005,160729,6,3362,1466
27199,813349957580943,166510,6,3362,1466
27211,813349958532036,142813,6,3362,1466
27222,813349959451620,140625,6,3362,1466
27257,813349960520839,204218,3,3362,1466
27309,813349961854328,208646,4,3362,1466
27331,813349962891255,239011,4,3362,1466
27356,813349963964068,241250,3,3362,1466
27377,813349964974901,187292,3,3362,1466
27397,813349965885161,179688,3,3362,1466
27410,813349966831828,158386,3,3362,1466
27422,813349967734641,158698,3,3362,1466
27447,813349968626516,185520,3,3362,1466
27472,813349969538495,195104,4,3362,1466
27511,813349970783859,178907,4,3362,1466
27529,813349971808130,155000,4,3362,1466
27555,813349972789172,157448,4,3362,1466
27576,813349973670526,159948,4,3362,1466
27588,813349974556568,172656,4,3362,1466
27600,813349975444693,178541,4,3362,1466
27615,813349976369641,169948,4,3362,1466
27648,813349977269016,185260,4,3362,1466
27688,813349978675682,157032,4,3362,1466
27706,813349979632870,136666,4,3362,1466
27722,813349980534328,134636,4,3362,1466
27746,813349981411724,160312,4,3362,1466
27768,813349982262766,139427,4,3362,1466
27790,813349983196776,150938,4,3362,1466
27819,813349984083547,146719,4,3362,1466
27849,813349985001724,185417,3,3362,1466
27888,813349985968495,185729,3,3362,1466
27926,813349987112349,176302,3,3362,1466
27946,813349988155474,155885,3,3362,1466
27971,813349989119276,166823,3,3362,1466
27987,813349990095214,176145,3,3362,1466
28001,813349991053391,145781,3,3362,1466
28012,813349991961516,183020,3,3362,1466
28037,813349993035526,162760,3,3362,1466
28068,813349994068495,162396,3,3362,1466
28104,813349995092609,176615,3,3362,1466
28120,813349996102245,260677,3,3362,1466
28138,813349997284068,179271,3,3362,1466
28161,813349998246724,172760,3,3362,1466
28173,813349999197089,166927,3,3362,1466
28187,813350000139641,157552,3,3362,1466
28203,813350001063599,188229,3,3362,1466
28227,813350002214120,186406,6,3362,1466
28271,813350003657974,185521,3,3362,1466
28311,813350004880839,191197,3,3362,1466
28340,813350005923859,158125,3,3362,1466
28366,813350006893964,161822,3,3362,1466
28393,813350007822557,170990,3,3362,1466
28422,813350008783286,169896,3,3362,1466
28447,813350009692401,158958,3,3362,1466
28475,813350010758964,162656,3,3362,1466
28512,813350011961776,215677,3,3362,1466
28542,813350012946932,187396,6,3362,1466
28562,813350013888495,162812,6,3362,1466
28579,813350014849328,227708,4,3362,1466
28591,813350015845682,155729,4,3362,1466
28607,813350016765318,163177,4,3362,1466
28619,813350017629901,161458,4,3362,1466
28644,813350018601620,168541,3,3362,1466
28678,813350019927245,263906,3,3362,1466
28715,813350021025995,160104,3,3362,1466
28734,813350021933495,190833,3,3362,1466
28754,813350022882766,163020,3,3362,1466
28767,813350023809224,92396,3,3362,1466
28771,813350023922870,291198,6,3362,1466
28791,813350025098859,195313,6,3362,1466
28804,813350026137349,159010,6,3362,1466
28828,813350027065682,211094,3,3362,1466
28875,813350028544484,208230,4,3362,1466
28897,813350029650474,177656,4,3362,1466
28914,813350030628339,135937,4,3362,1466
28934,813350031510266,150729,4,3362,1466
28948,813350032390422,157239,4,3362,1466
28960,813350033279849,154271,4,3362,1466
28976,813350034112870,150208,4,3362,1466
28999,813350034995318,196823,4,3362,1466
29024,813350036046359,208438,3,3362,1466
29071,813350037364849,199687,3,3362,1466
29095,813350038338651,234896,3,3362,1466
29112,813350039334641,146093,3,3362,1466
29127,813350040214693,159062,3,3362,1466
29141,813350041118078,146771,3,3362,1466
29152,813350042027714,165885,3,3362,1466
29167,813350042925891,162135,3,3362,1466
29200,813350044186828,88594,3,3362,1466
29208,813350044314068,137552,3,3362,1466
29251,813350045534328,168646,3,3362,1466
29272,813350046405839,236510,3,3362,1466
29291,813350047361516,198541,3,3362,1466
29324,813350048419016,190468,6,3362,1466
29369,813350049470630,175209,6,3362,1466
29379,813350049744901,33385,5,3362,1466
29385,813350050042089,109583,5,3362,1466
29410,813350050774641,191198,3,3362,1466
29565,813350055020005,196146,4,3362,1466
29681,813350057331047,188646,3,3362,1466
29687,813350057564849,19219,3,3362,1466
29691,813350057698807,42604,3,3362,1466
29772,813350060244953,211458,4,3362,1466
29808,813350061787297,221302,3,3362,1466
29861,813350063081411,180521,4,3362,1466
29916,813350064396151,179063,4,3362,1466
29960,813350065403599,179010,4,3362,1466
30010,813350066494432,202552,4,3362,1466
30049,813350067538703,234167,4,3362,1466
30083,813350068569797,208177,4,3362,1466
30114,813350069469276,162292,4,3362,1466
30142,813350070362714,182395,4,3362,1466
30165,813350071291255,188490,3,3362,1466
30206,813350072437870,46458,3,3362,1466
30216,813350072601203,164792,4,3362,1466
30250,813350073725266,172239,6,3362,1466
30261,813350074024849,34010,6,3362,1466
30297,813350074850370,195885,5,3362,1466
30330,813350075894068,189531,6,3362,1466
30341,813350076229693,49948,6,3362,1466
30346,813350076311620,28281,6,3362,1466
30386,813350077361464,241822,4,3362,1466
30432,813350078582245,164323,3,3362,1466
30456,813350079571359,192865,3,3362,1466
30485,813350080594484,164480,3,3362,1466
30513,813350081514068,163698,3,3362,1466
30533,813350082413547,159167,3,3362,1466
30545,813350083319276,164531,3,3362,1466
30564,813350084223807,159115,3,3362,1466
30608,813350085586359,167709,4,3362,1466
30648,813350086512609,173855,3,3362,1466
30665,813350087453286,174792,3,3362,1466
30679,813350088407557,164584,3,3362,1466
30691,813350089276151,153958,3,3362,1466
30705,813350090136932,149688,3,3362,1466
30717,813350090957661,147136,3,3362,1466
30732,813350091846203,143802,3,3362,1466
30763,813350092731776,150990,3,3362,1466
30780,813350093610838,148855,3,3362,1466
30792,813350094438286,151771,3,3362,1466
30811,813350095296151,152344,3,3362,1466
30823,813350096138963,151928,3,3362,1466
30840,813350097061672,175677,4,3362,1466
30852,813350098025734,160782,4,3362,1466
30870,813350098908286,181823,3,3362,1466
30882,813350099866151,161510,6,3362,1466
30910,813350100903130,209011,6,3362,1466
30942,813350101885005,151458,6,3362,1466
30957,813350102771880,120313,6,3362,1466
30969,813350103636151,119687,6,3362,1466
30983,813350104504693,120468,6,3362,1466
30997,813350105356359,176979,6,3362,1466
31009,813350106259536,123542,6,3362,1466
31021,813350107118234,122240,6,3362,1466
31038,813350108041203,160521,6,3362,1466
31057,813350109273963,184740,4,3362,1466
31071,813350110181724,168437,4,3362,1466
31084,813350111108391,153385,4,3362,1466
31096,813350111934641,143802,4,3362,1466
31119,813350112776307,144531,4,3362,1466
31131,813350113588963,142761,4,3362,1466
31144,813350114412609,138177,4,3362,1466
31161,813350115235682,163542,4,3362,1466
31173,813350116113495,171875,4,3362,1466
31191,813350117056672,154739,4,3362,1466
31209,813350117876463,136303,4,3362,1466
31233,813350118674328,138281,4,3362,1466
31266,813350119470838,137344,4,3362,1466
31295,813350120351880,141094,4,3362,1466
31312,813350121145005,184063,4,3362,1466
31328,813350121957453,179688,4,3362,1466
31367,813350122839068,143125,4,3362,1466
31406,813350123757609,138594,4,3362,1466
31427,813350124685161,137396,4,3362,1466
31439,813350125490838,138230,4,3362,1466
31451,813350126296151,143854,4,3362,1466
31463,813350127102088,140990,4,3362,1466
31477,813350128055109,155677,4,3362,1466
31489,813350128896880,138802,4,3362,1466
31515,813350129675995,138385,4,3362,1466
31527,813350130490526,139219,4,3362,1466
31539,813350131294172,170208,4,3362,1466
31551,813350132234953,135104,4,3362,1466
31568,813350133136724,153281,4,3362,1466
31582,813350134015005,175104,4,3362,1466
31600,813350134885891,144270,4,3362,1466
31613,813350135733338,139688,4,3362,1466
31628,813350136596672,147031,4,3362,1466
31642,813350137431568,144948,4,3362,1466
31658,813350138273807,140729,4,3362,1466
31670,813350139110370,146979,4,3362,1466
31682,813350139996359,176563,4,3362,1466
31704,813350140880578,154115,4,3362,1466
31717,813350141846568,175573,3,3362,1466
31731,813350142822818,165937,3,3362,1466
31743,813350143763495,156562,3,3362,1466
31766,813350144703599,159375,3,3362,1466
31784,813350145588443,148229,3,3362,1466
31804,813350146450838,149323,3,3362,1466
31817,813350147349172,158594,3,3362,1466
31830,813350148226203,151615,3,3362,1466
31847,813350149078911,137657,3,3362,1466
31865,813350149912661,134636,3,3362,1466
31877,813350150742713,132188,3,3362,1466
31889,813350151575943,132864,3,3362,1466
31901,813350152420474,132864,3,3362,1466
31913,813350153250213,136823,3,3362,1466
31925,813350154059484,134063,3,3362,1466
31937,813350154906568,145364,3,3362,1466
31949,813350155860213,176198,3,3362,1466
31980,813350156985526,204948,4,3362,1466
32025,813350158241724,185677,4,3362,1466
32042,813350159355005,172552,4,3362,1466
32057,813350160426776,173698,4,3362,1466
32073,813350161491203,172031,4,3362,1466
32085,813350162526359,171146,4,3362,1466
32097,813350163630109,215417,4,3362,1466
32118,813350164857870,196406,4,3362,1466
32130,813350165994901,191823,4,3362,1466
32145,813350167128859,216563,4,3362,1466
32161,813350168345943,192031,4,3362,1466
32181,813350169271411,170261,4,3362,1466
32193,813350170162401,148854,4,3362,1466
32207,813350171043286,154167,4,3362,1466
32219,813350171986151,229010,4,3362,1466
32240,813350173042870,162500,4,3362,1466
32263,813350173983338,160365,4,3362,1466
32277,813350174908234,160834,4,3362,1466
32289,813350175810266,204322,4,3362,1466
32303,813350176959849,181562,4,3362,1466
32319,813350177920682,152084,4,3362,1466
32332,813350178855474,154167,4,3362,1466
32344,813350179932088,231198,4,3362,1466
32360,813350181107609,198594,4,3362,1466
32374,813350182272922,209687,4,3362,1466
32386,813350183439328,193698,4,3362,1466
32404,813350184657193,190729,4,3362,1466
32417,813350185838651,193646,4,3362,1466
32436,813350186982766,45885,4,3362,1466
32438,813350187070474,282031,4,3362,1466
32481,813350188474068,227812,4,3362,1466
32509,813350189703391,214010,4,3362,1466
32538,813350191025005,196458,4,3362,1466
32566,813350192286776,184740,4,3362,1466
32597,813350193433130,200208,4,3362,1466
32623,813350194664641,187916,4,3362,1466
32646,813350195895370,211406,4,3362,1466
32669,813350197142193,195416,4,3362,1466
32696,813350198358338,213073,4,3362,1466
32710,813350199638547,194323,4,3362,1466
32725,813350200930213,172969,4,3362,1466
32737,813350202032505,179011,4,3362,1466
32760,813350203317141,191979,4,3362,1466
32790,813350204478234,172813,4,3362,1466
32805,813350205521568,164427,4,3362,1466
32832,813350206509693,169427,4,3362,1466
32872,813350207478078,167344,4,3362,1466
32911,813350208641359,174636,4,3362,1466
32923,813350209749693,170989,4,3362,1466
32937,813350210853495,168854,4,3362,1466
32948,813350211975161,236250,4,3362,1466
32969,813350213241984,185573,4,3362,1466
32981,813350214386411,179115,4,3362,1466
32992,813350215515109,185625,4,3362,1466
33005,813350216713859,172188,4,3362,1466
33018,813350217817193,176718,4,3362,1466
33029,813350219024380,186458,4,3362,1466
33051,813350220287713,162344,4,3362,1466
33076,813350221348391,173020,4,3362,1466
33096,813350222455213,164688,4,3362,1466
33111,813350223565005,170729,4,3362,1466
33124,813350224648963,177448,4,3362,1466
33135,813350225743234,165365,4,3362,1466
33152,813350226763599,209323,4,3362,1466
33185,813350227864120,178750,4,3362,1466
33210,813350228891359,164479,4,3362,1466
33227,813350229921516,154479,4,3362,1466
33245,813350231082974,235989,3,3362,1466
33254,813350232247818,157239,4,3362,1466
33265,813350233220213,166303,4,3362,1466
33282,813350234233651,160990,4,3362,1466
33303,813350235554953,276615,4,3362,1466
33325,813350236918286,228542,3,3362,1466
33338,813350238148807,185209,3,3362,1466
33351,813350239215682,164323,3,3362,1466
33368,813350240243599,142656,3,3362,1466
33384,813350241164120,186250,3,3362,1466
33404,813350242147088,139948,3,3362,1466
33426,813350242976984,145313,3,3362,1466
33458,813350243921620,160052,3,3362,1466
33499,813350245289068,235573,3,3362,1466
33511,813350246317141,173333,4,3362,1466
33527,813350247325370,153333,4,3362,1466
33540,813350248263911,177396,4,3362,1466
33561,813350249285057,153490,4,3362,1466
33573,813350250230109,162813,4,3362,1466
33586,813350251186516,160885,4,3362,1466
33600,813350252230995,201875,4,3362,1466
33620,813350253208859,155469,4,3362,1466
33638,813350254159276,161927,4,3362,1466
33649,813350255081984,148490,4,3362,1466
33662,813350255997505,167031,4,3362,1466
33681,813350256914380,148125,4,3362,1466
33701,813350257845213,177969,4,3362,1466
33729,813350258797713,147188,4,3362,1466
33759,813350259935474,244948,3,3362,1466
33779,813350260987766,164635,4,3362,1466
33796,813350261878703,140365,4,3362,1466
33814,813350262777401,136771,4,3362,1466
33827,813350263682245,138698,4,3362,1466
33848,813350264647713,162761,4,3362,1466
33861,813350265544276,145365,4,3362,1466
33872,813350266445891,173489,4,3362,1466
33886,813350267402349,181927,4,3362,1466
33908,813350268426307,159688,4,3362,1466
33920,813350269330838,153594,4,3362,1466
33941,813350270215161,141927,4,3362,1466
33954,813350271140161,146042,4,3362,1466
33965,813350272059641,175625,4,3362,1466
33976,813350272957505,150365,4,3362,1466
33990,813350273902453,140938,4,3362,1466
34017,813350274757297,145000,4,3362,1466
34028,813350275674588,194271,4,3362,1466
34043,813350276675266,144531,4,3362,1466
34056,813350277567401,138385,4,3362,1466
34067,813350278431672,165521,4,3362,1466
34083,813350279369380,143125,4,3362,1466
34101,813350280293338,141928,4,3362,1466
34119,813350281181203,138906,4,3362,1466
34130,813350282055682,149740,4,3362,1466
34142,813350282992453,143698,4,3362,1466
34153,813350283908859,150469,4,3362,1466
34173,813350284915161,162605,4,3362,1466
34184,813350285821255,160781,4,3362,1466
34199,813350286716932,139531,4,3362,1466
34221,813350287584484,195209,4,3362,1466
34247,813350288542557,144636,4,3362,1466
34263,813350289467297,144948,4,3362,1466
34280,813350290346776,140885,4,3362,1466
34291,813350291291880,181615,4,3362,1466
34304,813350292275838,140417,4,3362,1466
34318,813350293176255,141406,4,3362,1466
34330,813350294074484,150157,4,3362,1466
34341,813350294976463,135521,4,3362,1466
34357,813350295834224,150312,4,3362,1466
34379,813350296749797,150677,4,3362,1466
34395,813350297719120,146458,4,3362,1466
34412,813350298622974,137656,4,3362,1466
34426,813350299814276,232292,4,3362,1466
34442,813350300971203,183594,4,3362,1466
34460,813350301886620,196302,3,3362,1466
34476,813350302848338,157032,3,3362,1466
34505,813350303821463,151459,3,3362,1466
34523,813350304796411,165834,3,3362,1466
34537,813350305713182,159948,3,3362,1466
34549,813350306555682,159688,3,3362,1466
34561,813350307483234,157344,3,3362,1466
34577,813350308402453,158594,3,3362,1466
34609,813350309265734,153229,3,3362,1466
34641,813350310083755,153125,3,3362,1466
34680,813350310925578,162812,3,3362,1466
34692,813350311820474,159739,3,3362,1466
34710,813350312744120,164635,3,3362,1466
34722,813350313630786,172344,3,3362,1466
34734,813350314507140,157448,3,3362,1466
34749,813350315492765,167032,3,3362,1466
34767,813350316574640,152500,3,3362,1466
34785,813350317566099,156198,3,3362,1466
34797,813350318489745,146823,3,3362,1466
34837,813350319517870,157187,3,3362,1466
34853,813350320453026,151667,3,3362,1466
34864,813350321423234,148073,3,3362,1466
34877,813350322351880,159740,3,3362,1466
34888,813350323327609,162552,3,3362,1466
34903,813350324345734,173646,3,3362,1466
34915,813350325328078,149479,3,3362,1466
34932,813350326256724,186250,3,3362,1466
34944,813350327230161,156094,3,3362,1466
34958,813350328205630,141979,3,3362,1466
34982,813350329102765,147969,3,3362,1466
35003,813350330144120,233229,4,3362,1466
35012,813350331168547,198958,3,3362,1466
35027,813350332206828,168229,3,3362,1466
35040,813350333146099,174479,3,3362,1466
35052,813350334085213,152500,3,3362,1466
35063,813350334975943,149739,3,3362,1466
35077,813350336038859,220417,4,3362,1466
35095,813350337032818,203072,3,3362,1466
35115,813350338040265,146563,3,3362,1466
35128,813350338959588,75677,3,3362,1466
35132,813350339054693,31406,3,3362,1466
35135,813350339095265,79428,3,3362,1466
35146,813350339939536,148282,3,3362,1466
35169,813350340850682,146771,3,3362,1466
35185,813350341719536,135365,3,3362,1466
35198,813350342631515,147448,3,3362,1466
35214,813350343491151,151875,3,3362,1466
35245,813350344420057,165625,3,3362,1466
35274,813350345336359,148438,3,3362,1466
35306,813350346192453,144010,3,3362,1466
35334,813350347115057,151458,3,3362,1466
35354,813350348046828,212135,3,3362,1466
35383,813350348985890,139584,3,3362,1466
35410,813350349819901,138021,3,3362,1466
35441,813350350683807,136563,3,3362,1466
35469,813350351607557,143177,3,3362,1466
35494,813350352542297,133489,3,3362,1466
35509,813350353503026,153489,3,3362,1466
35534,813350354383807,138177,3,3362,1466
35557,813350355275265,151875,3,3362,1466
35570,813350356207036,192761,3,3362,1466
35587,813350357173495,142291,3,3362,1466
35602,813350358008026,135573,3,3362,1466
35621,813350358823807,137656,3,3362,1466
35638,813350359697661,136407,3,3362,1466
35652,813350360608963,132917,3,3362,1466
35667,813350361496151,167917,3,3362,1466
35685,813350362544849,179271,3,3362,1466
35699,813350363462713,176563,3,3362,1466
35714,813350364516099,141354,3,3362,1466
35726,813350365364380,131823,3,3362,1466
35740,813350366185995,129323,3,3362,1466
35752,813350367066255,159479,3,3362,1466
35763,813350368024224,173021,3,3362,1466
35781,813350369023963,159584,4,3362,1466
35797,813350369943286,145209,4,3362,1466
35808,813350370841828,139375,4,3362,1466
35819,813350371832818,154739,4,3362,1466
35835,813350372921515,152657,4,3362,1466
35846,813350373876255,172188,4,3362,1466
35857,813350374828703,146927,4,3362,1466
35869,813350375785630,158229,4,3362,1466
35893,813350376792349,134531,4,3362,1466
35916,813350377630109,150521,4,3362,1466
35933,813350378706151,201927,4,3362,1466
35944,813350379686255,187240,3,3362,1466
35977,813350380751463,172709,3,3362,1466
35994,813350381664276,164427,3,3362,1466
36004,813350382563599,161666,3,3362,1466
36014,813350383514640,189011,4,3362,1466
36035,813350384461620,162395,4,3362,1466
36046,813350385393078,167344,3,3362,1466
36056,813350386310838,163542,3,3362,1466
36068,813350387218495,218020,3,3362,1466
36081,813350388331359,188542,4,3362,1466
36094,813350389332036,179896,3,3362,1466
36107,813350390239120,166614,3,3362,1466
36117,813350391185474,185469,4,3362,1466
36127,813350392149015,187396,3,3362,1466
36146,813350393087661,170938,3,3362,1466
36156,813350394026724,177239,4,3362,1466
36167,813350395041359,179844,3,3362,1466
36177,813350396019536,226563,3,3362,1466
36191,813350397142765,188073,4,3362,1466
36201,813350398072453,169167,3,3362,1466
36212,813350399101828,180417,4,3362,1466
36225,813350400005838,208698,4,3362,1466
36243,813350400929328,158958,4,3362,1466
36257,813350401880734,202292,3,3362,1466
36267,813350402876932,171250,3,3362,1466
36277,813350403841047,169375,4,3362,1466
36300,813350404935578,201354,3,3362,1466
36310,813350405958963,166823,4,3362,1466
36327,813350406861047,172760,3,3362,1466
36351,813350407873443,153750,3,3362,1466
36378,813350408809120,169114,4,3362,1466
36398,813350409736568,180312,3,3362,1466
36408,813350410623547,182083,3,3362,1466
36418,813350411550786,156667,3,3362,1466
36431,813350412543182,161927,3,3362,1466
36442,813350413429745,163802,3,3362,1466
36453,813350414403443,145208,3,3362,1466
36464,813350415290526,138542,3,3362,1466
36475,813350416161880,133229,3,3362,1466
36500,813350417020786,123386,3,3362,1466
36524,813350417877505,139427,3,3362,1466
36549,813350418744068,138541,3,3362,1466
36560,813350419620734,141615,3,3362,1466
36583,813350420607818,143072,3,3362,1466
36594,813350421528755,137500,3,3362,1466
36605,813350422370682,170208,3,3362,1466
36617,813350423282661,138438,3,3362,1466
36628,813350424116776,167812,3,3362,1466
36655,813350425077870,159791,3,3362,1466
36671,813350426079276,156406,3,3362,1466
36683,813350427062765,150730,3,3362,1466
36694,813350428038182,263281,3,3362,1466
36709,813350429045474,159062,3,3362,1466
36720,813350429951776,140417,3,3362,1466
36741,813350430842765,144896,3,3362,1466
36755,813350431717818,137083,3,3362,1466
36779,813350432630161,142917,3,3362,1466
36802,813350433515161,136198,3,3362,1466
36819,813350434370265,140521,3,3362,1466
36835,813350435218130,138281,3,3362,1466
36849,813350436312557,186667,3,3362,1466
36870,813350437394953,197344,4,3362,1466
36894,813350438327193,150208,3,3362,1466
36906,813350439223599,144791,3,3362,1466
36917,813350440119901,174479,3,3362,1466
36929,813350441059015,130886,3,3362,1466
36950,813350441987297,164114,3,3362,1466
36964,813350442937661,161927,3,3362,1466
36976,813350443955057,242917,3,3362,1466
37000,813350445026672,198177,3,3362,1466
37014,813350446114120,193958,3,3362,1466
37028,813350447183911,209375,3,3362,1466
37043,813350448260890,189167,3,3362,1466
37056,813350449337297,190416,3,3362,1466
37076,813350450392922,192864,3,3362,1466
37088,813350451525630,245625,3,3362,1466
37102,813350452944328,252865,3,3362,1466
37114,813350454310838,248386,3,3362,1466
37126,813350455659432,250938,3,3362,1466
37138,813350457143495,244375,3,3362,1466
37150,813350458467505,278646,3,3362,1466
37161,813350459846880,314740,3,3362,1466
37176,813350461385786,237396,3,3362,1466
37188,813350462830838,230886,3,3362,1466
37199,813350464210786,221875,3,3362,1466
37212,813350465511411,204896,3,3362,1466
37223,813350466826828,225885,3,3362,1466
37234,813350468107609,248906,3,3362,1466
37252,813350469419328,217448,3,3362,1466
37266,813350470770005,212031,3,3362,1466
37281,813350472123286,218438,3,3362,1466
37292,813350473465318,228802,3,3362,1466
37304,813350474830630,206771,3,3362,1466
37317,813350476136776,250208,3,3362,1466
37335,813350477563182,234063,3,3362,1466
37346,813350478973911,221823,3,3362,1466
37358,813350480490682,328958,4,3362,1466
37370,813350481993703,255104,4,3362,1466
37383,813350483406568,239843,4,3362,1466
37397,813350484830943,211406,4,3362,1466
37411,813350486224120,222395,4,3362,1466
37425,813350487547088,206459,4,3362,1466
37438,813350488836203,218437,4,3362,1466
37449,813350490098547,215833,4,3362,1466
37461,813350491424068,203541,4,3362,1466
37477,813350492680370,187760,4,3362,1466
37493,813350493897245,207291,4,3362,1466
37505,813350495099849,252552,4,3362,1466
37516,813350496362453,190937,4,3362,1466
37527,813350497534536,198438,4,3362,1466
37538,813350498730578,186510,4,3362,1466
37551,813350499985682,293542,4,3362,1466
37569,813350501140474,155416,4,3362,1466
37583,813350502123859,182084,3,3362,1466
37594,813350503127557,154636,3,3362,1466
37608,813350504101411,206354,3,3362,1466
37626,813350505129640,166875,3,3362,1466
37652,813350506148026,180729,3,3362,1466
37668,813350507132974,223489,3,3362,1466
37693,813350508284484,185052,4,3362,1466
37720,813350509315890,173959,4,3362,1466
37738,813350510356203,215781,4,3362,1466
37755,813350511415786,257813,3,3362,1466
37765,813350512590474,262396,4,3362,1466
37778,813350513610838,221355,3,3362,1466
37789,813350514601932,205938,4,3362,1466
37802,813350515771776,201146,4,3362,1466
37813,813350516870995,196875,3,3362,1466
37827,813350517825057,149271,3,3362,1466
37838,813350518705995,139791,3,3362,1466
37855,813350519645213,154011,3,3362,1466
37867,813350520570474,142864,3,3362,1466
37881,813350521462036,134011,3,3362,1466
37892,813350522332140,134948,3,3362,1466
37903,813350523197765,148282,3,3362,1466
37919,813350524178130,164271,3,3362,1466
37938,813350525165265,202448,4,3362,1466
37953,813350526071620,142031,4,3362,1466
37967,813350526926047,141614,4,3362,1466
37987,813350527764588,131250,4,3362,1466
38014,813350528701776,147604,4,3362,1466
38043,813350529638182,144740,4,3362,1466
38076,813350530553755,146510,4,3362,1466
38104,813350531523234,160417,4,3362,1466
38131,813350532581672,160885,4,3362,1466
38154,813350533588599,147239,4,3362,1466
38179,813350534515526,167760,4,3362,1466
38200,813350535519224,161041,4,3362,1466
38213,813350536452713,215677,4,3362,1466
38232,813350537613807,169167,4,3362,1466
38252,813350538535942,151250,4,3362,1466
38273,813350539489953,185625,4,3362,1466
38292,813350540411515,136615,4,3362,1466
38311,813350541264380,143802,4,3362,1466
38324,813350542155057,143281,4,3362,1466
38338,813350542974849,142031,4,3362,1466
38360,813350543801880,138490,4,3362,1466
38393,813350544768495,134479,4,3362,1466
38416,813350545595057,128438,4,3362,1466
38430,813350546491776,143698,4,3362,1466
38444,813350547347870,168333,4,3362,1466
38466,813350548341828,158854,4,3362,1466
38482,813350549460995,185572,4,3362,1466
38494,813350550355682,138125,4,3362,1466
38505,813350551211203,154635,4,3362,1466
38518,813350552108807,142760,4,3362,1466
38546,813350552934901,130989,4,3362,1466
38575,813350553843807,162552,4,3362,1466
38593,813350554697661,132500,4,3362,1466
38611,813350555582922,141770,4,3362,1466
38635,813350556582297,137187,4,3362,1466
38659,813350557370630,126719,4,3362,1466
38683,813350558169484,149583,4,3362,1466
38694,813350559041776,149062,4,3362,1466
38709,813350559919120,138125,4,3362,1466
38722,813350560808390,149375,4,3362,1466
38733,813350561670474,166041,4,3362,1466
38745,813350562564015,144011,4,3362,1466
38756,813350563432661,174636,4,3362,1466
38772,813350564509484,162604,4,3362,1466
38786,813350565481932,158750,4,3362,1466
38797,813350566391620,150937,4,3362,1466
38808,813350567297557,192448,4,3362,1466
38825,813350568232349,184166,4,3362,1466
38837,813350569122245,137968,4,3362,1466
38857,813350569974067,141771,4,3362,1466
38876,813350570812245,148072,4,3362,1466
38889,813350571706672,134166,4,3362,1466
38910,813350572662192,133803,4,3362,1466
38927,813350573487192,216719,4,3362,1466
38942,813350574541828,151562,4,3362,1466
38955,813350575474849,148177,4,3362,1466
38968,813350576415786,140052,4,3362,1466
38981,813350577296151,151771,4,3362,1466
38995,813350578150734,174063,4,3362,1466
39006,813350579048547,138593,4,3362,1466
39017,813350580018859,270625,4,3362,1466
39035,813350581021151,149427,4,3362,1466
39046,813350581889067,142292,4,3362,1466
39057,813350582787870,163802,4,3362,1466
39068,813350583671099,172239,4,3362,1466
39083,813350584659849,154583,4,3362,1466
39094,813350585533286,146667,4,3362,1466
39110,813350586409953,141823,4,3362,1466
39121,813350587307557,163854,4,3362,1466
39138,813350588372922,182031,3,3362,1466
39159,813350589274172,151770,4,3362,1466
39170,813350590128651,140521,4,3362,1466
39181,813350591016672,142812,4,3362,1466
39192,813350591876047,143437,4,3362,1466
39207,813350592780370,140729,4,3362,1466
39229,813350593595682,139167,4,3362,1466
39252,813350594401307,139531,4,3362,1466
39273,813350595205057,144688,4,3362,1466
39284,813350596197297,139062,4,3362,1466
39308,813350597241203,208177,3,3362,1466
39317,813350598201776,173021,4,3362,1466
39329,813350599061776,142760,4,3362,1466
39341,813350599942036,161667,4,3362,1466
39353,813350600795265,138073,4,3362,1466
39365,813350601595422,139739,4,3362,1466
39380,813350602405005,140052,4,3362,1466
39393,813350603263390,179844,4,3362,1466
39405,813350604091828,221823,4,3362,1466
39423,813350604932297,140885,4,3362,1466
39446,813350605729849,126927,4,3362,1466
39467,813350606546724,147135,4,3362,1466
39484,813350607549328,202604,3,3362,1466
39516,813350608553755,163177,4,3362,1466
39547,813350609465474,146041,4,3362,1466
39573,813350610345890,159688,4,3362,1466
39587,813350611231099,190573,4,3362,1466
39606,813350612216411,207813,4,3362,1466
39625,813350613154224,150364,4,3362,1466
39636,813350614034015,146355,4,3362,1466
39647,813350614925265,141980,4,3362,1466
39660,813350615754953,176667,4,3362,1466
39681,813350616715213,191979,4,3362,1466
39697,813350617799328,185937,4,3362,1466
39712,813350618687349,192708,3,3362,1466
39726,813350619634484,159688,3,3362,1466
39751,813350620595109,145833,3,3362,1466
39771,813350621451880,140208,3,3362,1466
39791,813350622307036,146250,3,3362,1466
39806,813350623256307,170260,3,3362,1466
39819,813350624158078,135000,3,3362,1466
39835,813350624994536,151198,3,3362,1466
39852,813350625840370,136770,3,3362,1466
39868,813350626739745,149114,3,3362,1466
39879,813350627606724,145885,3,3362,1466
39895,813350628616672,159895,3,3362,1466
39906,813350629527036,202709,4,3362,1466
39919,813350630485213,180677,4,3362,1466
39934,813350631401776,157812,4,3362,1466
39949,813350632344484,149740,4,3362,1466
39966,813350633320005,193229,3,3362,1466
39978,813350634244588,146042,3,3362,1466
39989,813350635103911,143021,3,3362,1466
40000,813350636039849,238593,3,3362,1466
40020,813350636947453,142031,3,3362,1466
40039,813350637884276,143489,3,3362,1466
40074,813350638787974,144218,3,3362,1466
40091,813350639677765,164532,3,3362,1466
40111,813350640567870,157604,3,3362,1466
40124,813350641572609,164896,3,3362,1466
40135,813350642424692,141303,3,3362,1466
40148,813350643308078,156771,3,3362,1466
40159,813350644218963,171094,3,3362,1466
40174,813350645093911,142865,3,3362,1466
40188,813350645965005,156719,3,3362,1466
40199,813350646822974,146718,3,3362,1466
40210,813350647643547,147864,3,3362,1466
40226,813350648510995,141822,3,3362,1466
40246,813350649357088,145782,3,3362,1466
40266,813350650197870,137395,3,3362,1466
40278,813350651018755,145104,3,3362,1466
40293,813350651849380,131615,3,3362,1466
40319,813350652654067,139011,3,3362,1466
40344,813350653498599,136823,3,3362,1466
40361,813350654332453,147604,3,3362,1466
40382,813350655184432,147344,3,3362,1466
40393,813350656049536,171511,3,3362,1466
40404,813350656940942,144219,3,3362,1466
40415,813350657811099,144375,3,3362,1466
40431,813350658682401,150937,3,3362,1466
40445,813350659569432,148073,3,3362,1466
40457,813350660461515,135157,3,3362,1466
40469,813350661275786,146563,3,3362,1466
40492,813350662097401,163594,3,3362,1466
40503,813350662960422,147968,3,3362,1466
40515,813350663826099,137812,3,3362,1466
40527,813350664658338,144532,3,3362,1466
40540,813350665522505,140104,3,3362,1466
40552,813350666337036,143229,3,3362,1466
40565,813350667225161,221563,3,3362,1466
40580,813350668174484,154948,3,3362,1466
40593,813350669041620,149583,3,3362,1466
40604,813350669882922,145156,3,3362,1466
40615,813350670727817,142084,3,3362,1466
40628,813350671545370,143385,3,3362,1466
40640,813350672472349,138229,3,3362,1466
40651,813350673357297,168281,3,3362,1466
40663,813350674256463,166511,3,3362,1466
40675,813350675106515,158855,3,3362,1466
40687,813350675986463,193229,3,3362,1466
40701,813350676884640,163334,3,3362,1466
40714,813350677742609,160833,3,3362,1466
40731,813350678595682,163750,3,3362,1466
40743,813350679433755,157031,3,3362,1466
40757,813350680363703,160052,3,3362,1466
40772,813350681159484,155365,3,3362,1466
40794,813350681979692,151615,3,3362,1466
40809,813350682751620,148593,3,3362,1466
40839,813350683687661,198698,3,3362,1466
40856,813350684718547,182968,3,3362,1466
40868,813350685620109,149583,3,3362,1466
40879,813350686490213,146146,3,3362,1466
40890,813350687350317,139428,3,3362,1466
40903,813350688235682,156823,3,3362,1466
40916,813350689097765,149219,3,3362,1466
40927,813350689951828,144687,3,3362,1466
40938,813350690804536,167188,3,3362,1466
40949,813350691731463,147448,3,3362,1466
40964,813350692600422,139062,3,3362,1466
40976,813350693444901,135052,3,3362,1466
40987,813350694249432,147031,3,3362,1466
40998,813350695087453,154583,3,3362,1466
41009,813350695919536,152969,3,3362,1466
41020,813350696763911,142396,3,3362,1466
41031,813350697607922,139948,3,3362,1466
41042,813350698418547,145885,3,3362,1466
41053,813350699258078,224583,3,3362,1466
41064,813350700246307,151146,3,3362,1466
41078,813350701109588,145782,3,3362,1466
41089,813350701985005,146042,3,3362,1466
41100,813350702870786,147552,3,3362,1466
41114,813350703731567,138646,3,3362,1466
41129,813350704608234,142969,3,3362,1466
41142,813350705432922,152760,3,3362,1466
41160,813350706301515,184219,3,3362,1466
41171,813350707182036,149688,3,3362,1466
41182,813350708094328,168333,3,3362,1466
41197,813350708931515,141719,3,3362,1466
41209,813350709762245,138697,3,3362,1466
41226,813350710577140,133490,3,3362,1466
41248,813350711376776,126198,3,3362,1466
41275,813350712164849,129948,3,3362,1466
41309,813350712925265,146198,3,3362,1466
41332,813350713750578,136458,3,3362,1466
41348,813350714574745,144531,3,3362,1466
41359,813350715395265,180417,3,3362,1466
41374,813350716384224,148646,3,3362,1466
41385,813350717215370,169687,3,3362,1466
41400,813350718088338,153542,3,3362,1466
41415,813350718905317,152188,3,3362,1466
41427,813350719731620,138020,3,3362,1466
41444,813350720573963,134584,3,3362,1466
41466,813350721378807,147083,3,3362,1466
41478,813350722184224,139062,3,3362,1466
41489,813350723019692,142344,3,3362,1466
41502,813350723830317,170209,3,3362,1466
41518,813350724778651,140104,3,3362,1466
41529,813350725607036,137292,3,3362,1466
41540,813350726435422,141250,3,3362,1466
41551,813350727274067,137865,3,3362,1466
41562,813350728093599,160625,3,3362,1466
41581,813350728939640,133490,3,3362,1466
41592,813350729717349,157656,3,3362,1466
41604,813350730564640,135261,3,3362,1466
41615,813350731343911,153021,3,3362,1466
41628,813350732224640,148386,3,3362,1466
41641,813350733088599,148437,3,3362,1466
41654,813350733934640,156250,3,3362,1466
41669,813350734798078,149219,3,3362,1466
41680,813350735690370,180572,3,3362,1466
41695,813350736570057,143854,3,3362,1466
41706,813350737403911,135365,3,3362,1466
41717,813350738188911,134792,3,3362,1466
41728,813350738995578,172708,3,3362,1466
41740,813350739862088,147969,3,3362,1466
41753,813350740793703,139010,3,3362,1466
41764,813350741590213,139688,3,3362,1466
41776,813350742366515,143698,3,3362,1466
41788,813350743194640,144167,3,3362,1466
41801,813350744015995,169739,3,3362,1466
41812,813350744895890,136302,3,3362,1466
41823,813350745681203,146979,3,3362,1466
41834,813350746547349,134062,3,3362,1466
41845,813350747309692,147813,3,3362,1466
41856,813350748228130,159114,3,3362,1466
41871,813350749070474,155520,3,3362,1466
41888,813350750271567,163542,3,3362,1466
41899,813350751951567,207969,4,3362,1466
41915,813350753183390,171719,4,3362,1466
41929,813350754083911,169688,3,3362,1466
41947,813350755594328,216458,4,3362,1466
41962,813350756709484,159427,4,3362,1466
41972,813350757647505,162760,4,3362,1466
41997,813350759507036,153854,4,3362,1466
42022,813350760473651,151562,4,3362,1466
42034,813350761381255,149583,4,3362,1466
42052,813350762346307,159219,4,3362,1466
42068,813350763307140,180677,3,3362,1466
42078,813350764237453,220677,3,3362,1466
42090,813350765172349,150000,3,3362,1466
42100,813350766028859,148594,3,3362,1466
42110,813350766893078,147604,3,3362,1466
42120,813350767736463,146563,3,3362,1466
42130,813350768631724,146979,3,3362,1466
42140,813350769454224,146041,3,3362,1466
42151,813350770309432,141250,3,3362,1466
42164,813350771125109,146615,3,3362,1466
42175,813350772121619,177448,4,3362,1466
42191,813350773155317,164688,3,3362,1466
42205,813350774051359,170521,4,3362,1466
42222,813350775059067,171355,3,3362,1466
42230,813350775936672,202864,4,3362,1466
42255,813350776949276,155729,4,3362,1466
42265,813350777858547,177916,3,3362,1466
42277,813350778724849,149062,3,3362,1466
42290,813350779613963,160417,4,3362,1466
42304,813350780480526,156198,4,3362,1466
42314,813350781302088,147500,4,3362,1466
42324,813350782114172,150052,4,3362,1466
42334,813350782930890,158750,4,3362,1466
42345,813350783829901,162343,3,3362,1466
42361,813350784695369,150834,3,3362,1466
42371,813350785550213,165104,3,3362,1466
42381,813350786420109,172292,4,3362,1466
42392,813350787318130,180937,3,3362,1466
42405,813350788227713,141406,3,3362,1466
42418,813350789087713,141146,3,3362,1466
42433,813350789906724,151250,4,3362,1466
42446,813350790769328,141666,4,3362,1466
42458,813350791613703,129427,4,3362,1466
42477,813350792425161,157500,4,3362,1466
42492,813350793258755,138698,4,3362,1466
42515,813350794080265,134688,4,3362,1466
42533,813350794918286,148073,4,3362,1466
42544,813350795802765,141250,4,3362,1466
42560,813350796686411,144896,4,3362,1466
42571,813350797515838,141198,4,3362,1466
42582,813350798348442,150157,4,3362,1466
42593,813350799199797,137239,4,3362,1466
42604,813350800046463,161719,4,3362,1466
42621,813350800875109,135573,4,3362,1466
42632,813350801700942,137396,4,3362,1466
42643,813350802560005,134323,4,3362,1466
42655,813350803483651,236771,3,3362,1466
42672,813350804584901,202760,3,3362,1466
42683,813350805480161,168438,3,3362,1466
23945,813349831105526,12083,4,3365,1466
24039,813349836370578,17761,4,3365,1466
24164,813349840843964,10625,6,3365,1466
24226,813349843724328,57500,3,3365,1466
24402,813349851255943,10781,4,3365,1466
24499,813349854852349,10000,4,3365,1466
24950,813349875002766,12968,4,3365,1466
25060,813349878855005,37500,3,3365,1466
25210,813349882875214,23854,3,3365,1466
25345,813349887253703,17865,3,3365,1466
25452,813349891330839,18072,3,3365,1466
25555,813349895219953,11615,4,3365,1466
25660,813349900029380,12448,4,3365,1466
25728,813349903410578,27761,4,3365,1466
25901,813349909002505,16667,6,3365,1466
26062,813349913517401,24792,5,3365,1466
26121,813349915450943,39218,4,3365,1466
26321,813349922508859,21615,6,3365,1466
26513,813349928908234,16615,6,3365,1466
26609,813349933320839,44010,3,3365,1466
26713,813349937287453,17917,6,3365,1466
26816,813349941075786,9532,6,3365,1466
26898,813349944833443,44218,3,3365,1466
27013,813349949305474,12552,6,3365,1466
27084,813349952767557,21875,3,3365,1466
27176,813349956301672,10989,6,3365,1466
27317,813349962230995,20625,6,3365,1466
27405,813349966529536,9271,3,3365,1466
27546,813349972542766,9479,3,3365,1466
27658,813349977671151,19844,3,3365,1466
27777,813349982688339,18437,3,3365,1466
27899,813349986194589,20208,3,3365,1466
27977,813349989423391,13020,3,3365,1466
28034,813349992892974,17865,6,3365,1466
28128,813349996528078,12917,3,3365,1466
28183,813349999989432,10104,4,3365,1466
28267,813350003475474,13229,4,3365,1466
28362,813350006796359,8282,3,3365,1466
28454,813350009945370,12656,3,3365,1466
28571,813350014495995,10208,3,3365,1466
28718,813350021186099,25417,3,3365,1466
28784,813350024528911,13125,6,3365,1466
28898,813350029685734,15886,6,3365,1466
28968,813350033770734,21042,4,3365,1466
29081,813350037768339,14218,3,3365,1466
29139,813350041056307,8438,3,3365,1466
29225,813350044653964,19791,3,3365,1466
29322,813350048399953,19063,6,3365,1466
29843,813350062492089,29635,4,3365,1466
29907,813350064224120,38177,3,3365,1466
30055,813350067772870,29531,4,3365,1466
30092,813350068777974,30312,4,3365,1466
30117,813350069585943,20781,3,3365,1466
30140,813350070319693,18854,4,3365,1466
30158,813350071021203,16146,4,3365,1466
30181,813350071811724,7344,3,3365,1466
30204,813350072403495,17916,3,3365,1466
30221,813350072879901,25677,3,3365,1466
30240,813350073461464,11822,4,3365,1466
30254,813350073907245,25364,4,3365,1466
30282,813350074510266,13802,4,3365,1466
35006,813350330916776,32292,4,3365,1466
23837,813349826422922,832135,6,3397,1466
23850,813349827278339,338437,5,3397,1466
23865,813349827883339,252760,4,3397,1466
23895,813349829043078,237865,3,3397,1466
23904,813349829382922,136458,3,3397,1466
23917,813349829789016,278958,4,3397,1466
23939,813349830507245,561354,4,3397,1466
23956,813349831443078,540052,4,3397,1466
23971,813349832357245,575625,3,3397,1466
23982,813349833322453,498386,4,3397,1466
23994,813349834206464,505208,4,3397,1466
24012,813349835253078,527188,4,3397,1466
24035,813349836304380,507084,3,3397,1466
24070,813349837266672,515990,4,3397,1466
24116,813349838227870,512760,4,3397,1466
24136,813349839108339,614583,6,3397,1466
24152,813349839974745,546979,6,3397,1466
24166,813349840849745,565781,4,3397,1466
24181,813349841736203,524011,6,3397,1466
24193,813349842568807,473750,6,3397,1466
24211,813349843394276,356146,6,3397,1466
24231,813349843781828,207292,3,3397,1466
24251,813349844404120,517448,4,3397,1466
24282,813349845356724,499375,4,3397,1466
24324,813349846868859,547032,3,3397,1466
24341,813349847825891,573854,3,3397,1466
24369,813349848862401,490261,3,3397,1466
24380,813349849733287,482812,3,3397,1466
24394,813349850587349,502656,3,3397,1466
24410,813349851642974,585313,3,3397,1466
24438,813349852564537,681197,4,3397,1466
24469,813349853627401,140781,6,3397,1466
24477,813349853795057,27917,6,3397,1466
24480,813349853952505,70625,5,3397,1466
24483,813349854154432,196407,6,3397,1466
24489,813349854370318,335156,4,3397,1466
24510,813349855075891,562031,3,3397,1466
24525,813349855985578,549688,6,3397,1466
24552,813349856860630,446511,6,3397,1466
24564,813349857641099,436615,6,3397,1466
24578,813349858418599,444063,6,3397,1466
24590,813349859205214,480729,6,3397,1466
24606,813349860017037,281197,6,3397,1466
24613,813349860345734,326198,4,3397,1466
24631,813349861063391,470000,4,3397,1466
24654,813349861891412,478593,3,3397,1466
24682,813349862744745,429114,3,3397,1466
24707,813349863595526,477865,3,3397,1466
24726,813349864466412,518125,6,3397,1466
24746,813349865298078,460209,6,3397,1466
24761,813349866093026,442031,6,3397,1466
24775,813349866946464,431250,6,3397,1466
24789,813349867749537,856822,3,3397,1466
24812,813349869090891,477864,3,3397,1466
24828,813349870001464,525625,4,3397,1466
24851,813349870974953,461719,3,3397,1466
24866,813349871495422,90417,4,3397,1466
24899,813349872434901,253490,4,3397,1466
24907,813349872717297,341719,4,3397,1466
24927,813349873487141,592552,3,3397,1466
24945,813349874432557,525469,3,3397,1466
24958,813349875333495,485416,3,3397,1466
24976,813349876236203,483281,3,3397,1466
25007,813349877107401,660990,3,3397,1466
25037,813349878117036,259844,5,3397,1466
25045,813349878482349,107344,5,3397,1466
25050,813349878623078,20261,5,3397,1466
25053,813349878692245,54583,6,3397,1466
25058,813349878840370,456250,5,3397,1466
25086,813349879730943,445885,3,3397,1466
25119,813349880574745,579219,4,3397,1466
25152,813349881583911,624844,4,3397,1466
25208,813349882850995,750469,4,3397,1466
25254,813349883988599,616510,4,3397,1466
25273,813349885034693,531198,3,3397,1466
25298,813349885877349,390573,5,3397,1466
25307,813349886290578,124323,6,3397,1466
25309,813349886438339,138802,5,3397,1466
25332,813349886876255,48334,5,3397,1466
25337,813349886942089,32552,6,3397,1466
25339,813349886988286,514271,6,3397,1466
25365,813349887807922,565052,3,3397,1466
25404,813349888694536,557344,6,3397,1466
25416,813349889577297,489323,6,3397,1466
25432,813349890389641,450260,6,3397,1466
25447,813349891128599,492500,6,3397,1466
25463,813349891947818,459531,6,3397,1466
25478,813349892727922,540833,6,3397,1466
25498,813349893574276,24479,6,3397,1466
25503,813349893619589,358906,5,3397,1466
25514,813349894032818,247656,6,3397,1466
25529,813349894570943,263958,6,3397,1466
25536,813349894852505,329584,4,3397,1466
25566,813349895612089,546406,3,3397,1466
25596,813349896545682,492344,3,3397,1466
25625,813349897438234,504427,3,3397,1466
25638,813349898350318,545573,3,3397,1466
25649,813349899229484,635000,3,3397,1466
25671,813349900434276,567396,4,3397,1466
25685,813349901629172,591094,4,3397,1466
25708,813349902844484,207605,4,3397,1466
25716,813349903085526,325052,4,3397,1466
25782,813349905076099,568177,3,3397,1466
25819,813349906245734,554323,3,3397,1466
25847,813349907250734,654427,3,3397,1466
25876,813349908295161,707344,6,3397,1466
25909,813349909392974,233021,6,3397,1466
25919,813349909665422,423073,4,3397,1466
25942,813349910580995,524896,3,3397,1466
26005,813349912251307,545417,4,3397,1466
26047,813349913339016,576198,4,3397,1466
26083,813349914284276,552604,4,3397,1466
26116,813349915266516,518906,3,3397,1466
26150,813349916310422,542500,4,3397,1466
26181,813349917185422,540885,6,3397,1466
26206,813349918085318,580729,6,3397,1466
26227,813349918735005,19219,5,3397,1466
26245,813349919277818,312396,6,3397,1466
26254,813349919615370,112344,5,3397,1466
26271,813349920307714,163125,5,3397,1466
26291,813349920973547,518229,3,3397,1466
26316,813349921957714,575156,3,3397,1466
26330,813349922899797,515000,3,3397,1466
26344,813349923785057,380157,6,3397,1466
26351,813349924223391,223385,6,3397,1466
26374,813349924796724,467031,3,3397,1466
26395,813349925619745,485625,6,3397,1466
26426,813349926458911,523125,3,3397,1466
26464,813349927466672,499323,3,3397,1466
26498,813349928571724,274531,3,3397,1466
26512,813349928875682,292761,3,3397,1466
26533,813349929544380,525521,3,3397,1466
26555,813349930423859,544792,3,3397,1466
26569,813349931359224,576615,3,3397,1466
26587,813349932382974,569479,3,3397,1466
26610,813349933351932,632084,6,3397,1466
26622,813349934325526,580156,3,3397,1466
26641,813349935237453,496250,3,3397,1466
26669,813349936241620,534739,3,3397,1466
26723,813349937470630,549219,3,3397,1466
26759,813349938383547,538385,3,3397,1466
26775,813349939527453,555365,3,3397,1466
26811,813349940552714,575625,3,3397,1466
26825,813349941487036,530157,3,3397,1466
26836,813349942367609,595105,3,3397,1466
26851,813349943293547,518958,3,3397,1466
26879,813349944306932,526511,3,3397,1466
26917,813349945205682,367136,3,3397,1466
26931,813349945595943,204323,3,3397,1466
26952,813349946370839,532812,3,3397,1466
26973,813349947334016,621145,3,3397,1466
27000,813349948354120,565260,3,3397,1466
27011,813349949234484,534167,3,3397,1466
27029,813349950309276,665260,6,3397,1466
27047,813349951334120,575469,3,3397,1466
27078,813349952478599,396562,6,3397,1466
27089,813349952895786,108125,5,3397,1466
27091,813349953022505,165365,6,3397,1466
27100,813349953261620,85781,6,3397,1466
27122,813349953656932,585313,6,3397,1466
27145,813349954665422,587812,3,3397,1466
27167,813349955726047,621719,3,3397,1466
27191,813349956735057,585625,3,3397,1466
27203,813349957735943,579427,3,3397,1466
27214,813349958664693,543646,3,3397,1466
27227,813349959584120,538594,3,3397,1466
27262,813349960700214,300468,6,3397,1466
27273,813349961019276,116510,5,3397,1466
27280,813349961160422,356562,4,3397,1466
27314,813349962033859,623959,3,3397,1466
27338,813349963130266,635989,4,3397,1466
27360,813349964161724,609062,6,3397,1466
27382,813349965140318,546979,6,3397,1466
27401,813349966040786,580573,6,3397,1466
27414,813349966970370,559166,6,3397,1466
27426,813349967875422,568646,6,3397,1466
27453,813349968812036,506146,3,3397,1466
27477,813349969686724,119115,6,3397,1466
27483,813349969842922,107917,6,3397,1466
27489,813349969978443,274583,6,3397,1466
27499,813349970312922,243698,6,3397,1466
27519,813349970969536,632500,6,3397,1466
27534,813349971941255,577136,3,3397,1466
27562,813349972925682,519219,3,3397,1466
27580,813349973803443,560156,3,3397,1466
27592,813349974707245,540521,3,3397,1466
27604,813349975601203,542344,3,3397,1466
27622,813349976521151,526823,3,3397,1466
27654,813349977409589,142083,6,3397,1466
27657,813349977574849,104167,5,3397,1466
27661,813349977698339,329739,6,3397,1466
27668,813349978056047,65208,6,3397,1466
27675,813349978157036,126459,6,3397,1466
27693,813349978814589,625468,6,3397,1466
27711,813349979754328,553490,6,3397,1466
27726,813349980655057,582709,6,3397,1466
27752,813349981555995,534323,6,3397,1466
27773,813349982386724,551875,6,3397,1466
27796,813349983326776,585885,6,3397,1466
27825,813349984227401,557813,6,3397,1466
27856,813349985185943,590781,4,3397,1466
27893,813349986107193,92916,6,3397,1466
27902,813349986214797,594687,3,3397,1466
27931,813349987271776,635365,4,3397,1466
27956,813349988295526,608958,4,3397,1466
27975,813349989275943,565885,4,3397,1466
27991,813349990249432,610782,4,3397,1466
28004,813349991186516,579062,4,3397,1466
28016,813349992089224,626927,6,3397,1466
28041,813349993198286,555365,3,3397,1466
28071,813349994215109,648855,4,3397,1466
28108,813349995269224,597760,3,3397,1466
28123,813349996321776,627188,6,3397,1466
28146,813349997442818,597760,6,3397,1466
28165,813349998392401,603438,6,3397,1466
28177,813349999342193,596562,6,3397,1466
28193,813350000270005,566563,6,3397,1466
28208,813350001251828,582917,3,3397,1466
28234,813350002428182,42709,6,3397,1466
28236,813350002490526,103021,5,3397,1466
28240,813350002612036,345886,6,3397,1466
28249,813350003064745,83802,4,3397,1466
28256,813350003169536,224688,4,3397,1466
28280,813350003843495,683333,3,3397,1466
28318,813350005056151,640677,4,3397,1466
28343,813350006069068,583646,4,3397,1466
28371,813350007014641,632031,6,3397,1466
28402,813350007973964,630833,6,3397,1466
28428,813350008934328,543698,6,3397,1466
28451,813350009831620,337031,6,3397,1466
28463,813350010197193,353802,5,3397,1466
28470,813350010650526,72552,6,3397,1466
28481,813350010902453,50417,6,3397,1466
28484,813350010979068,105781,5,3397,1466
28486,813350011107401,503177,6,3397,1466
28497,813350011632349,56042,6,3397,1466
28506,813350011817089,144687,3,3397,1466
28517,813350012160682,549636,5,3397,1466
28549,813350013110943,545573,5,3397,1466
28566,813350014032193,548958,5,3397,1466
28583,813350015043859,552448,5,3397,1466
28595,813350015983703,593542,5,3397,1466
28611,813350016896151,540208,5,3397,1466
28624,813350017769224,417187,5,3397,1466
28632,813350018206151,169740,5,3397,1466
28650,813350018751099,72344,6,3397,1466
28656,813350018917661,350834,5,3397,1466
28664,813350019295318,139218,6,3397,1466
28666,813350019470214,188645,5,3397,1466
28690,813350020107661,765365,4,3397,1466
28717,813350021181359,560052,4,3397,1466
28739,813350022080578,654427,6,3397,1466
28758,813350023025474,602552,6,3397,1466
28779,813350024235943,615573,3,3397,1466
28795,813350025267141,631823,3,3397,1466
28810,813350026273807,542136,4,3397,1466
28834,813350027261255,331771,6,3397,1466
28841,813350027614536,121146,5,3397,1466
28844,813350027758339,302864,6,3397,1466
28878,813350028752714,644218,4,3397,1466
28903,813350029790370,672864,6,3397,1466
28920,813350030747036,592917,6,3397,1466
28938,813350031642714,568645,6,3397,1466
28952,813350032533234,542344,6,3397,1466
28964,813350033417089,522343,6,3397,1466
28980,813350034243599,538125,6,3397,1466
29005,813350035192141,629479,4,3397,1466
29028,813350036239536,120625,4,3397,1466
29038,813350036399380,12552,4,3397,1466
29041,813350036428339,97812,5,3397,1466
29048,813350036575682,37761,3,3397,1466
29053,813350036631776,520990,3,3397,1466
29076,813350037545578,576511,4,3397,1466
29101,813350038564797,574323,4,3397,1466
29115,813350039469016,557500,4,3397,1466
29131,813350040358234,562240,4,3397,1466
29144,813350041251203,552344,4,3397,1466
29156,813350042170318,573802,4,3397,1466
29173,813350043048495,207291,6,3397,1466
29180,813350043280005,346667,5,3397,1466
29188,813350043684068,271250,6,3397,1466
29214,813350044429120,57500,6,3397,1466
29219,813350044515995,147656,6,3397,1466
29228,813350044679380,103229,5,3397,1466
29231,813350044840005,21615,5,3397,1466
29233,813350044876620,433594,5,3397,1466
29255,813350045682401,566146,5,3397,1466
29278,813350046565005,581250,5,3397,1466
29298,813350047540266,314114,5,3397,1466
29309,813350047930161,270000,5,3397,1466
29330,813350048588859,490209,5,3397,1466
29373,813350049633911,596875,3,3397,1466
29419,813350050965839,30052,3,3397,1466
29430,813350051224380,220886,3,3397,1466
29435,813350051458234,47552,3,3397,1466
29442,813350051595005,303229,3,3397,1466
29576,813350055209380,576875,3,3397,1466
29746,813350058950578,687813,3,3397,1466
29777,813350060434016,651302,3,3397,1466
29817,813350062008599,212552,3,3397,1466
29836,813350062354172,465989,3,3397,1466
29866,813350063248182,17813,3,3397,1466
29871,813350063325057,555104,3,3397,1466
29923,813350064550682,607813,3,3397,1466
29970,813350065560318,617135,3,3397,1466
30014,813350066670526,594792,6,3397,1466
30054,813350067738286,606928,3,3397,1466
30089,813350068753495,510260,3,3397,1466
30120,813350069627974,535937,3,3397,1466
30146,813350070507766,569114,6,3397,1466
30168,813350071455943,587396,6,3397,1466
30218,813350072740422,378594,6,3397,1466
30232,813350073155109,21771,6,3397,1466
30235,813350073219953,247865,6,3397,1466
30256,813350073932609,577657,4,3397,1466
30302,813350075037193,537343,4,3397,1466
30335,813350076079328,157031,7,3397,1466
30349,813350076367401,78854,6,3397,1466
30354,813350076456568,292187,6,3397,1466
30372,813350076771672,88802,5,3397,1466
30394,813350077563078,656250,3,3397,1466
30438,813350078731255,575156,4,3397,1466
30459,813350079724745,665260,6,3397,1466
30493,813350080739068,552812,6,3397,1466
30517,813350081656047,526354,6,3397,1466
30537,813350082555005,550000,6,3397,1466
30548,813350083468182,502136,6,3397,1466
30575,813350084382922,540885,3,3397,1466
30613,813350085735786,487709,3,3397,1466
30650,813350086648547,535573,6,3397,1466
30669,813350087602089,561093,4,3397,1466
30683,813350088551151,483125,4,3397,1466
30695,813350089411307,496511,4,3397,1466
30709,813350090267245,469687,4,3397,1466
30723,813350091085891,536979,4,3397,1466
30738,813350091968911,545469,4,3397,1466
30767,813350092862297,498229,4,3397,1466
30784,813350093742036,469323,4,3397,1466
30796,813350094573391,478281,4,3397,1466
30815,813350095428130,462292,4,3397,1466
30830,813350096272818,487083,4,3397,1466
30844,813350097197661,551875,6,3397,1466
30855,813350098168495,480885,6,3397,1466
30873,813350099069068,525729,6,3397,1466
30885,813350100018495,629948,3,3397,1466
30914,813350101081203,465052,4,3397,1466
30947,813350102014068,489479,3,3397,1466
30960,813350102875995,474948,4,3397,1466
30972,813350103739432,500990,3,3397,1466
30986,813350104609849,471250,4,3397,1466
31001,813350105508755,462240,3,3397,1466
31012,813350106364953,486771,4,3397,1466
31024,813350107220838,524219,3,3397,1466
31042,813350108183599,583594,4,3397,1466
31059,813350109439849,445052,3,3397,1466
31075,813350110313651,568333,6,3397,1466
31087,813350111243391,461614,6,3397,1466
31099,813350112060318,494166,6,3397,1466
31122,813350112902141,448854,6,3397,1466
31134,813350113714068,459479,6,3397,1466
31148,813350114533755,450469,6,3397,1466
31166,813350115402922,491719,6,3397,1466
31180,813350116285213,505261,3,3397,1466
31194,813350117167974,481250,6,3397,1466
31213,813350117996516,447187,6,3397,1466
31240,813350118795213,453907,6,3397,1466
31269,813350119591411,434584,6,3397,1466
31298,813350120475266,432604,6,3397,1466
31314,813350121279641,436406,3,3397,1466
31334,813350122094953,527135,6,3397,1466
31372,813350122964224,577604,6,3397,1466
31411,813350123878443,533854,6,3397,1466
31430,813350124806724,457917,6,3397,1466
31442,813350125613495,445573,6,3397,1466
31454,813350126421724,455625,6,3397,1466
31466,813350127227713,460417,6,3397,1466
31480,813350128195161,441719,6,3397,1466
31492,813350129019120,429271,6,3397,1466
31518,813350129797766,459687,6,3397,1466
31530,813350130613182,454427,6,3397,1466
31542,813350131464380,473438,4,3397,1466
31554,813350132369588,499063,6,3397,1466
31571,813350133272557,476459,6,3397,1466
31585,813350134165786,476042,3,3397,1466
31605,813350135008963,463386,3,3397,1466
31617,813350135855682,494167,3,3397,1466
31632,813350136724745,466718,3,3397,1466
31648,813350137554068,455729,3,3397,1466
31662,813350138396411,443959,3,3397,1466
31674,813350139236620,517239,3,3397,1466
31685,813350140154432,445209,3,3397,1466
31708,813350141013338,519792,3,3397,1466
31720,813350142001984,501407,4,3397,1466
31735,813350142968703,485417,4,3397,1466
31747,813350143898859,530834,4,3397,1466
31770,813350144842401,477448,4,3397,1466
31788,813350145715838,470625,4,3397,1466
31809,813350146580318,452083,4,3397,1466
31820,813350147490786,449584,4,3397,1466
31834,813350148361151,447604,4,3397,1466
31851,813350149198807,470209,4,3397,1466
31868,813350150032245,455573,4,3397,1466
31880,813350150860213,463542,4,3397,1466
31892,813350151697401,475312,4,3397,1466
31904,813350152537974,470000,4,3397,1466
31916,813350153371724,447083,4,3397,1466
31928,813350154176984,465209,4,3397,1466
31940,813350155036828,544688,4,3397,1466
31952,813350156013599,610260,4,3397,1466
31986,813350157133130,344167,6,3397,1466
32000,813350157517713,416771,6,3397,1466
32030,813350158409432,602969,6,3397,1466
32046,813350159509797,568958,6,3397,1466
32060,813350160580734,616719,6,3397,1466
32076,813350161643547,579583,6,3397,1466
32088,813350162678599,570364,6,3397,1466
32100,813350163820318,693125,6,3397,1466
32121,813350165031880,640729,6,3397,1466
32133,813350166163963,597813,6,3397,1466
32151,813350167319432,630677,6,3397,1466
32165,813350168517505,488229,6,3397,1466
32185,813350169419120,488802,6,3397,1466
32196,813350170292713,494948,6,3397,1466
32210,813350171176411,527084,6,3397,1466
32222,813350172195630,587344,6,3397,1466
32245,813350173187609,499896,6,3397,1466
32266,813350174123599,518437,6,3397,1466
32280,813350175051307,497448,6,3397,1466
32292,813350175992088,674428,6,3397,1466
32307,813350177118443,527968,6,3397,1466
32322,813350178053755,533802,6,3397,1466
32335,813350178992141,608333,6,3397,1466
32347,813350180103026,675260,6,3397,1466
32363,813350181283807,621406,6,3397,1466
32377,813350182460682,651250,6,3397,1466
32389,813350183608859,683646,6,3397,1466
32408,813350184826047,675729,6,3397,1466
32421,813350186009224,631823,6,3397,1466
32448,813350187300891,748125,3,3397,1466
32488,813350188701880,637761,4,3397,1466
32516,813350189911516,741145,3,3397,1466
32546,813350191220422,679323,3,3397,1466
32571,813350192471516,630729,4,3397,1466
32602,813350193621932,719688,3,3397,1466
32628,813350194852557,623750,4,3397,1466
32652,813350196106776,699115,4,3397,1466
32673,813350197329953,670625,3,3397,1466
32702,813350198566828,722917,3,3397,1466
32714,813350199834380,773594,3,3397,1466
32729,813350201103182,637031,4,3397,1466
32740,813350202203963,632032,3,3397,1466
32766,813350203486880,679063,3,3397,1466
32793,813350204641932,602656,3,3397,1466
32810,813350205685995,556562,4,3397,1466
32838,813350206679120,534114,4,3397,1466
32878,813350207638963,685209,3,3397,1466
32914,813350208812974,620052,3,3397,1466
32929,813350209922661,631459,3,3397,1466
32940,813350211022349,668333,4,3397,1466
32955,813350212214172,691979,3,3397,1466
32973,813350213430057,633386,3,3397,1466
32984,813350214565526,618594,4,3397,1466
32995,813350215693130,708490,3,3397,1466
33009,813350216886047,611823,4,3397,1466
33021,813350217987661,724844,3,3397,1466
33033,813350219214120,700052,3,3397,1466
33056,813350220450057,617396,4,3397,1466
33083,813350221522818,645573,3,3397,1466
33102,813350222618599,641510,3,3397,1466
33114,813350223735734,617344,4,3397,1466
33127,813350224815474,648854,3,3397,1466
33138,813350225908599,560260,4,3397,1466
33160,813350226958963,637865,3,3397,1466
33192,813350228042870,592135,4,3397,1466
33215,813350229050891,605677,3,3397,1466
33232,813350230076359,595104,3,3397,1466
33246,813350231318963,558855,3,3397,1466
33257,813350232405057,542656,4,3397,1466
33270,813350233376463,590573,3,3397,1466
33286,813350234396724,544792,3,3397,1466
33305,813350235799797,839739,3,3397,1466
33329,813350237138599,696094,4,3397,1466
33342,813350238334484,578334,4,3397,1466
33356,813350239385474,573281,4,3397,1466
33371,813350240386255,508958,3,3397,1466
33390,813350241342349,553489,4,3397,1466
33409,813350242287036,457344,3,3397,1466
33430,813350243112453,537604,4,3397,1466
33464,813350244081932,672240,4,3397,1466
33501,813350245496203,548802,4,3397,1466
33514,813350246486255,582552,3,3397,1466
33531,813350247478703,518542,4,3397,1466
33546,813350248428599,567239,3,3397,1466
33564,813350249438547,534479,4,3397,1466
33578,813350250392922,508750,4,3397,1466
33591,813350251347401,592552,4,3397,1466
33606,813350252411776,553437,3,3397,1466
33624,813350253355370,527239,3,3397,1466
33641,813350254312609,508490,3,3397,1466
33654,813350255232557,521875,3,3397,1466
33665,813350256164536,513177,4,3397,1466
33684,813350257049953,492813,3,3397,1466
33708,813350258011620,521718,3,3397,1466
33733,813350258946411,478386,3,3397,1466
33763,813350260180422,517812,3,3397,1466
33782,813350261131932,507604,3,3397,1466
33801,813350262018911,523594,3,3397,1466
33818,813350262915891,500104,3,3397,1466
33830,813350263820943,573333,4,3397,1466
33851,813350264790057,509531,3,3397,1466
33864,813350265689641,516354,4,3397,1466
33876,813350266607505,508281,3,3397,1466
33889,813350267584276,518646,4,3397,1466
33913,813350268585995,486823,4,3397,1466
33923,813350269472036,511719,3,3397,1466
33946,813350270354953,520885,3,3397,1466
33958,813350271286776,519375,3,3397,1466
33968,813350272235266,482343,4,3397,1466
33979,813350273096203,533385,3,3397,1466
33996,813350274043963,472188,3,3397,1466
34020,813350274902297,509271,4,3397,1466
34032,813350275843807,589479,3,3397,1466
34046,813350276814432,505886,3,3397,1466
34059,813350277705786,494844,4,3397,1466
34071,813350278596151,506719,3,3397,1466
34086,813350279509797,504271,3,3397,1466
34105,813350280437297,497448,3,3397,1466
34122,813350281320109,500104,4,3397,1466
34133,813350282194484,507917,3,3397,1466
34145,813350283127297,518802,3,3397,1466
34156,813350284054484,627344,3,3397,1466
34177,813350285077766,505312,4,3397,1466
34187,813350285960422,510885,3,3397,1466
34203,813350286855161,477657,3,3397,1466
34229,813350287751516,527135,3,3397,1466
34253,813350288686620,523750,3,3397,1466
34267,813350289611932,487552,3,3397,1466
34283,813350290487661,557448,4,3397,1466
34294,813350291448755,510000,3,3397,1466
34310,813350292414641,494114,3,3397,1466
34321,813350293317661,518802,4,3397,1466
34333,813350294212974,498958,3,3397,1466
34344,813350295111984,482865,4,3397,1466
34362,813350295984536,523594,4,3397,1466
34383,813350296890995,537343,3,3397,1466
34399,813350297867453,505313,3,3397,1466
34415,813350298760630,492813,4,3397,1466
34428,813350300046568,584739,4,3397,1466
34448,813350301154797,447135,4,3397,1466
34465,813350302058338,472500,4,3397,1466
34479,813350303005370,473437,3,3397,1466
34511,813350303952141,546927,4,3397,1466
34527,813350304935161,482084,4,3397,1466
34541,813350305848182,435834,4,3397,1466
34553,813350306690838,455261,4,3397,1466
34565,813350307615734,457604,4,3397,1466
34583,813350308537401,460677,4,3397,1466
34614,813350309396047,427291,4,3397,1466
34648,813350310212922,447135,4,3397,1466
34684,813350311063286,472813,4,3397,1466
34696,813350311953807,499219,4,3397,1466
34714,813350312882349,481250,4,3397,1466
34726,813350313775422,466718,4,3397,1466
34738,813350314639068,474479,4,3397,1466
34753,813350315659745,533541,4,3397,1466
34771,813350316727140,536355,3,3397,1466
34789,813350317722297,500260,3,3397,1466
34801,813350318624693,184531,4,3397,1466
34815,813350318877505,360729,4,3397,1466
34840,813350319670318,525104,4,3397,1466
34856,813350320602713,541771,4,3397,1466
34867,813350321571307,516511,3,3397,1466
34880,813350322511359,551875,4,3397,1466
34891,813350323490161,515469,3,3397,1466
34907,813350324518651,552917,4,3397,1466
34919,813350325477557,520313,3,3397,1466
34936,813350326433859,528438,4,3397,1466
34947,813350327382974,511250,4,3397,1466
34963,813350328346932,500729,4,3397,1466
34985,813350329250734,504948,3,3397,1466
35004,813350330377349,539427,4,3397,1466
35016,813350331346932,522656,4,3397,1466
35032,813350332375057,498646,3,3397,1466
35044,813350333310213,516459,4,3397,1466
35055,813350334234328,479062,4,3397,1466
35066,813350335125526,514323,4,3397,1466
35079,813350336259276,491354,4,3397,1466
35099,813350337213911,528698,4,3397,1466
35121,813350338191203,503802,4,3397,1466
35138,813350339161724,511562,4,3397,1466
35149,813350340086515,495417,4,3397,1466
35172,813350340995682,487917,4,3397,1466
35190,813350341854901,533021,3,3397,1466
35204,813350342778963,476459,3,3397,1466
35221,813350343643026,491198,3,3397,1466
35253,813350344566776,535573,4,3397,1466
35282,813350345484797,463229,3,3397,1466
35311,813350346329380,532448,4,3397,1466
35339,813350347257297,524375,4,3397,1466
35360,813350348228599,481562,4,3397,1466
35388,813350349120838,464011,4,3397,1466
35417,813350349957713,458646,4,3397,1466
35447,813350350822609,486563,4,3397,1466
35474,813350351754172,527656,4,3397,1466
35499,813350352675786,557136,3,3397,1466
35513,813350353643651,500521,4,3397,1466
35542,813350354523963,493855,4,3397,1466
35560,813350355419432,478594,4,3397,1466
35576,813350356399797,506406,3,3397,1466
35590,813350357305995,468385,4,3397,1466
35605,813350358143599,454375,3,3397,1466
35627,813350358953495,476354,4,3397,1466
35642,813350359835474,524791,4,3397,1466
35656,813350360741880,435521,3,3397,1466
35671,813350361664068,493854,3,3397,1466
35691,813350362704068,496406,4,3397,1466
35702,813350363639276,548906,3,3397,1466
35717,813350364651568,469218,4,3397,1466
35730,813350365487557,451771,4,3397,1466
35743,813350366315318,491614,3,3397,1466
35755,813350367225734,442865,3,3397,1466
35767,813350368175786,529375,4,3397,1466
35784,813350369178182,500573,3,3397,1466
35801,813350370090109,494636,3,3397,1466
35812,813350370983755,568333,3,3397,1466
35823,813350371992609,657656,3,3397,1466
35839,813350373080682,530000,3,3397,1466
35849,813350374033078,526927,3,3397,1466
35861,813350374977401,544583,3,3397,1466
35872,813350375935109,557031,3,3397,1466
35896,813350376926880,458177,4,3397,1466
35920,813350377780630,482604,4,3397,1466
35935,813350378883390,528021,3,3397,1466
35949,813350379853390,605730,4,3397,1466
35982,813350380913130,456198,4,3397,1466
35996,813350381818755,466615,4,3397,1466
36007,813350382725265,478542,3,3397,1466
36016,813350383678755,488542,3,3397,1466
36039,813350384624015,443907,4,3397,1466
36048,813350385556047,469010,4,3397,1466
36059,813350386470422,472604,4,3397,1466
36071,813350387436515,483021,3,3397,1466
36086,813350388519901,510208,4,3397,1466
36097,813350389490109,467448,4,3397,1466
36110,813350390405734,467136,3,3397,1466
36120,813350391370943,453541,4,3397,1466
36131,813350392320422,480312,4,3397,1466
36149,813350393258599,462448,3,3397,1466
36159,813350394196359,490938,3,3397,1466
36169,813350395208390,542709,4,3397,1466
36179,813350396224276,500989,4,3397,1466
36194,813350397330838,440469,4,3397,1466
36204,813350398241620,506302,3,3397,1466
36214,813350399265526,459739,3,3397,1466
36228,813350400189693,463645,3,3397,1466
36246,813350401088286,452292,4,3397,1466
36259,813350402083026,446875,3,3397,1466
36270,813350403048182,506615,3,3397,1466
36280,813350404010422,592396,4,3397,1466
36303,813350405136932,500261,3,3397,1466
36313,813350406125786,440157,4,3397,1466
36330,813350407014745,603177,4,3397,1466
36356,813350408027193,107812,3,3397,1466
36361,813350408148859,376459,3,3397,1466
36384,813350408978234,449584,4,3397,1466
36399,813350409889536,452136,4,3397,1466
36410,813350410780526,459010,4,3397,1466
36419,813350411693026,481614,4,3397,1466
36433,813350412691463,458959,4,3397,1466
36446,813350413593547,495625,3,3397,1466
36456,813350414538755,494688,4,3397,1466
36467,813350415423286,465886,4,3397,1466
36481,813350416296672,468906,4,3397,1466
36503,813350417144172,458646,3,3397,1466
36530,813350418006568,491093,4,3397,1466
36553,813350418885109,488959,4,3397,1466
36564,813350419751463,611302,4,3397,1466
36587,813350420753963,488125,4,3397,1466
36597,813350421666255,459323,3,3397,1466
36609,813350422526515,513386,4,3397,1466
36620,813350423421099,454271,3,3397,1466
36639,813350424284588,525105,3,3397,1466
36659,813350425240838,544532,4,3397,1466
36676,813350426239693,543593,4,3397,1466
36686,813350427212140,580678,4,3397,1466
36701,813350428301463,497709,3,3397,1466
36712,813350429185422,508802,4,3397,1466
36725,813350430094380,494948,4,3397,1466
36748,813350430989015,478021,4,3397,1466
36759,813350431857713,529375,4,3397,1466
36786,813350432773599,465416,4,3397,1466
36810,813350433652922,470885,4,3397,1466
36822,813350434507870,457031,4,3397,1466
36838,813350435356411,567188,3,3397,1466
36853,813350436477140,531094,4,3397,1466
36874,813350437569172,498750,3,3397,1466
36898,813350438469536,501407,4,3397,1466
36910,813350439368963,492761,4,3397,1466
36921,813350440311828,478385,4,3397,1466
36932,813350441189901,439375,3,3397,1466
36955,813350442127401,513958,4,3397,1466
36968,813350443076151,542604,4,3397,1466
36980,813350444119120,569843,4,3397,1466
37004,813350445194276,565469,4,3397,1466
37018,813350446276463,576042,4,3397,1466
37032,813350447359276,579427,4,3397,1466
37048,813350448422193,587343,4,3397,1466
37061,813350449498703,557917,4,3397,1466
37080,813350450554849,562812,4,3397,1466
37092,813350451734172,775833,4,3397,1466
37106,813350453160109,731302,4,3397,1466
37118,813350454518859,700209,4,3397,1466
37130,813350455872088,834427,4,3397,1466
37142,813350457353078,704167,4,3397,1466
37154,813350458746151,662552,3,3397,1466
37165,813350460072974,815312,4,3397,1466
37177,813350461610265,765782,4,3397,1466
37191,813350463054536,727813,4,3397,1466
37203,813350464436724,694479,4,3397,1466
37215,813350465716307,717813,3,3397,1466
37227,813350467052713,682605,3,3397,1466
37239,813350468356515,682709,3,3397,1466
37256,813350469633547,757187,4,3397,1466
37271,813350470986203,755208,4,3397,1466
37284,813350472341724,705469,3,3397,1466
37295,813350473682557,739479,4,3397,1466
37308,813350475037401,692552,3,3397,1466
37322,813350476386984,786302,3,3397,1466
37338,813350477783078,796510,4,3397,1466
37349,813350479195734,787552,3,3397,1466
37362,813350480803390,758646,3,3397,1466
37373,813350482240526,740989,3,3397,1466
37387,813350483615161,846563,3,3397,1466
37401,813350485042349,811823,4,3397,1466
37414,813350486441984,691823,3,3397,1466
37428,813350487753547,720521,4,3397,1466
37441,813350489040682,695052,3,3397,1466
37453,813350490317661,679479,3,3397,1466
37465,813350491610474,738958,3,3397,1466
37483,813350492871828,636771,3,3397,1466
37495,813350494104536,644271,4,3397,1466
37509,813350495352401,612656,4,3397,1466
37519,813350496551932,657083,3,3397,1466
37530,813350497731203,637708,3,3397,1466
37542,813350498920630,680052,3,3397,1466
37555,813350500273130,560260,3,3397,1466
37573,813350501295890,541459,4,3397,1466
37586,813350502299953,535365,4,3397,1466
37597,813350503279484,563125,4,3397,1466
37613,813350504312557,485156,4,3397,1466
37628,813350505285526,532292,4,3397,1466
37656,813350506323443,510468,4,3397,1466
37671,813350507356463,539063,3,3397,1466
37696,813350508445526,570573,3,3397,1466
37725,813350509489849,481875,4,3397,1466
37742,813350510571984,495313,4,3397,1466
37759,813350511673599,599791,3,3397,1466
37769,813350512852870,466458,4,3397,1466
37782,813350513832193,478437,3,3397,1466
37793,813350514807870,507708,4,3397,1466
37803,813350515972922,244739,4,3397,1466
37806,813350516254849,321666,4,3397,1466
37817,813350517049745,504323,4,3397,1466
37831,813350517976568,492395,4,3397,1466
37842,813350518845786,213386,3,3397,1466
37846,813350519100526,314375,3,3397,1466
37858,813350519787036,528802,4,3397,1466
37873,813350520714693,505989,4,3397,1466
37885,813350521596099,473802,4,3397,1466
37895,813350522467088,492448,3,3397,1466
37907,813350523346047,545104,3,3397,1466
37926,813350524342401,494792,3,3397,1466
37944,813350525367713,461042,4,3397,1466
37956,813350526208182,472708,3,3397,1466
37971,813350527069120,460052,3,3397,1466
37992,813350527895838,515209,4,3397,1466
38019,813350528843911,506615,3,3397,1466
38050,813350529784484,501563,3,3397,1466
38080,813350530700265,476719,4,3397,1466
38112,813350531679120,590468,3,3397,1466
38139,813350532744953,566562,3,3397,1466
38161,813350533735838,501771,4,3397,1466
38186,813350534671515,570469,3,3397,1466
38203,813350535680265,508959,4,3397,1466
38217,813350536657245,607083,3,3397,1466
38238,813350537766515,498802,3,3397,1466
38256,813350538687192,495573,4,3397,1466
38278,813350539656984,542396,3,3397,1466
38296,813350540548130,454115,4,3397,1466
38316,813350541401932,493385,3,3397,1466
38327,813350542298338,446875,4,3397,1466
38342,813350543107557,462917,3,3397,1466
38366,813350543943703,581510,3,3397,1466
38397,813350544902349,461354,3,3397,1466
38422,813350545725422,485885,3,3397,1466
38433,813350546635474,462968,4,3397,1466
38447,813350547516203,496458,4,3397,1466
38473,813350548493547,533437,3,3397,1466
38486,813350549621932,487135,3,3397,1466
38497,813350550493807,447396,4,3397,1466
38508,813350551348130,514167,3,3397,1466
38524,813350552251567,455105,4,3397,1466
38554,813350553064015,474896,3,3397,1466
38582,813350554003234,462813,3,3397,1466
38599,813350554830161,469584,4,3397,1466
38614,813350555719172,542760,3,3397,1466
38641,813350556712713,435782,3,3397,1466
38665,813350557497349,428906,4,3397,1466
38686,813350558309797,479791,3,3397,1466
38697,813350559188911,486146,3,3397,1466
38712,813350560057245,482812,4,3397,1466
38726,813350560957765,458282,4,3397,1466
38737,813350561827505,493177,3,3397,1466
38748,813350562706724,479218,3,3397,1466
38759,813350563607297,443020,4,3397,1466
38778,813350564659901,537448,3,3397,1466
38790,813350565642349,495416,3,3397,1466
38800,813350566542557,498698,4,3397,1466
38812,813350567465838,490521,3,3397,1466
38829,813350568416099,462135,3,3397,1466
38840,813350569260213,445157,4,3397,1466
38860,813350570107505,472135,3,3397,1466
38879,813350570952661,477709,3,3397,1466
38894,813350571835630,581979,3,3397,1466
38914,813350572797453,458646,3,3397,1466
38932,813350573703911,533073,4,3397,1466
38945,813350574688286,519792,3,3397,1466
38959,813350575623442,509428,3,3397,1466
38971,813350576555838,469948,4,3397,1466
38985,813350577447922,451406,4,3397,1466
38998,813350578300786,492292,3,3397,1466
39009,813350579187140,533698,4,3397,1466
39022,813350580246828,515417,3,3397,1466
39038,813350581162974,479635,3,3397,1466
39049,813350582027713,515886,3,3397,1466
39061,813350582951672,483489,4,3397,1466
39072,813350583832713,538125,3,3397,1466
39087,813350584818026,465521,3,3397,1466
39098,813350585683182,487240,3,3397,1466
39114,813350586554588,504323,3,3397,1466
39124,813350587471411,478802,4,3397,1466
39144,813350588528234,472396,4,3397,1466
39162,813350589415526,479948,3,3397,1466
39174,813350590271567,505678,3,3397,1466
39185,813350591159901,463385,3,3397,1466
39196,813350592020057,516875,3,3397,1466
39212,813350592921099,435833,4,3397,1466
39236,813350593723859,455625,3,3397,1466
39259,813350594536515,439063,3,3397,1466
39277,813350595351411,541459,3,3397,1466
39290,813350596336359,509011,4,3397,1466
39309,813350597449380,479427,3,3397,1466
39321,813350598352817,470261,3,3397,1466
39333,813350599207088,481511,3,3397,1466
39344,813350600097765,471980,3,3397,1466
39356,813350600932765,443594,3,3397,1466
39370,813350601737817,440678,3,3397,1466
39384,813350602547192,469219,3,3397,1466
39396,813350603425317,430521,3,3397,1466
39412,813350604293338,406511,3,3397,1466
39427,813350605065682,441042,3,3397,1466
39454,813350605859224,463437,3,3397,1466
39471,813350606717870,444635,3,3397,1466
39491,813350607788286,490000,3,3397,1466
39524,813350608716932,440156,4,3397,1466
39553,813350609589484,461302,3,3397,1466
39579,813350610480890,455000,3,3397,1466
39593,813350611421672,472656,4,3397,1466
39615,813350612424224,473593,4,3397,1466
39628,813350613296203,489531,3,3397,1466
39640,813350614182505,486458,3,3397,1466
39651,813350615067245,455937,4,3397,1466
39664,813350615913495,226770,3,3397,1466
39671,813350616160005,309323,3,3397,1466
39685,813350616907192,432240,4,3397,1466
39700,813350617962297,483906,3,3397,1466
39716,813350618865109,513438,4,3397,1466
39729,813350619776984,576511,4,3397,1466
39756,813350620742557,460260,4,3397,1466
39774,813350621592088,464167,3,3397,1466
39797,813350622447713,494219,4,3397,1466
39810,813350623412817,448907,4,3397,1466
39825,813350624293078,462656,3,3397,1466
39838,813350625133390,467032,4,3397,1466
39856,813350625977140,462657,3,3397,1466
39871,813350626878442,469428,4,3397,1466
39882,813350627748807,639896,4,3397,1466
39899,813350628776567,505157,3,3397,1466
39910,813350629708442,493178,3,3397,1466
39923,813350630661307,469479,3,3397,1466
39938,813350631562036,481771,3,3397,1466
39956,813350632496515,484636,3,3397,1466
39970,813350633487817,522240,4,3397,1466
39982,813350634392817,461250,4,3397,1466
39993,813350635249172,553333,4,3397,1466
40004,813350636237349,455208,4,3397,1466
40023,813350637087088,473073,4,3397,1466
40047,813350638008911,460000,4,3397,1466
40080,813350638933963,455521,4,3397,1466
40095,813350639823547,487448,4,3397,1466
40114,813350640714953,477656,4,3397,1466
40127,813350641715786,468906,4,3397,1466
40138,813350642565995,471666,3,3397,1466
40151,813350643464849,466250,3,3397,1466
40165,813350644390682,475104,4,3397,1466
40178,813350645236776,473698,3,3397,1466
40191,813350646110526,463385,4,3397,1466
40202,813350646969692,442813,3,3397,1466
40213,813350647780942,500209,4,3397,1466
40231,813350648653547,462864,4,3397,1466
40251,813350649504640,449740,4,3397,1466
40271,813350650336828,452187,4,3397,1466
40281,813350651163599,464479,4,3397,1466
40298,813350651980995,457135,3,3397,1466
40325,813350652783026,464166,4,3397,1466
40349,813350653635422,457343,3,3397,1466
40367,813350654471255,463542,4,3397,1466
40386,813350655332713,470157,4,3397,1466
40397,813350656222922,484218,4,3397,1466
40408,813350657085370,456614,4,3397,1466
40419,813350657957817,504844,4,3397,1466
40435,813350658826099,452812,4,3397,1466
40448,813350659713651,565156,4,3397,1466
40460,813350660596672,443958,3,3397,1466
40473,813350661409692,462396,4,3397,1466
40495,813350662240578,481771,4,3397,1466
40507,813350663110005,455417,4,3397,1466
40519,813350663963911,471823,3,3397,1466
40530,813350664794328,483489,4,3397,1466
40544,813350665664536,435261,4,3397,1466
40556,813350666483495,469375,4,3397,1466
40569,813350667410422,444010,4,3397,1466
40585,813350668329432,463281,3,3397,1466
40596,813350669180995,461250,4,3397,1466
40608,813350670028234,460573,4,3397,1466
40618,813350670869901,438437,3,3397,1466
40631,813350671683182,495000,4,3397,1466
40641,813350672610578,428854,3,3397,1466
40655,813350673497297,470937,4,3397,1466
40667,813350674396724,440416,4,3397,1466
40679,813350675240786,479636,4,3397,1466
40691,813350676151463,444271,4,3397,1466
40705,813350677021567,448750,4,3397,1466
40719,813350677879172,448906,4,3397,1466
40735,813350678731880,435573,4,3397,1466
40747,813350679567036,468959,4,3397,1466
40761,813350680497661,410104,4,3397,1466
40779,813350681287557,420885,4,3397,1466
40798,813350682105838,397917,4,3397,1466
40814,813350682879849,421771,4,3397,1466
40847,813350683886359,585313,3,3397,1466
40860,813350684885370,477239,4,3397,1466
40872,813350685773286,459219,4,3397,1466
40882,813350686633026,470729,4,3397,1466
40894,813350687489745,446927,3,3397,1466
40906,813350688379797,475677,4,3397,1466
40920,813350689248599,459843,4,3397,1466
40930,813350690096515,450000,3,3397,1466
40941,813350690949015,479636,4,3397,1466
40953,813350691880526,490937,4,3397,1466
40968,813350692741880,461667,4,3397,1466
40979,813350693579953,430000,3,3397,1466
40991,813350694396463,450990,3,3397,1466
41001,813350695221932,451354,4,3397,1466
41012,813350696063442,472917,4,3397,1466
41024,813350696908390,440052,4,3397,1466
41034,813350697747870,441041,3,3397,1466
41045,813350698553755,462448,4,3397,1466
41057,813350699482661,495365,3,3397,1466
41069,813350700388859,475417,4,3397,1466
41082,813350701256047,483698,4,3397,1466
41093,813350702134224,473802,4,3397,1466
41104,813350703019849,471041,4,3397,1466
41119,813350703870838,479584,4,3397,1466
41132,813350704751203,458958,3,3397,1466
41146,813350705572453,521875,4,3397,1466
41163,813350706464276,478750,4,3397,1466
41174,813350707331672,524531,4,3397,1466
41186,813350708262661,431459,3,3397,1466
41200,813350709064328,468802,4,3397,1466
41213,813350709903599,429218,4,3397,1466
41232,813350710711880,439687,4,3397,1466
41255,813350711499640,409063,4,3397,1466
41280,813350712294797,419948,3,3397,1466
41317,813350713059328,442396,4,3397,1466
41337,813350713889224,459635,4,3397,1466
41352,813350714721724,438646,4,3397,1466
41362,813350715575682,505104,3,3397,1466
41378,813350716532870,428020,3,3397,1466
41389,813350717371984,496458,4,3397,1466
41403,813350718224901,452083,4,3397,1466
41419,813350719058495,453437,4,3397,1466
41431,813350719870057,471875,4,3397,1466
41450,813350720710526,428073,4,3397,1466
41470,813350721515890,425782,4,3397,1466
41481,813350722318703,468333,4,3397,1466
41492,813350723162036,440417,3,3397,1466
41506,813350723981828,543437,4,3397,1466
41522,813350724919901,449739,4,3397,1466
41533,813350725744380,418437,4,3397,1466
41544,813350726579015,457969,4,3397,1466
41555,813350727413755,440208,4,3397,1466
41569,813350728256515,455365,4,3397,1466
41584,813350729073130,422604,3,3397,1466
41596,813350729862713,472604,4,3397,1466
41607,813350730699901,417031,3,3397,1466
41618,813350731496932,467135,3,3397,1466
41633,813350732365161,478646,4,3397,1466
41644,813350733237036,449584,3,3397,1466
41657,813350734079797,468489,4,3397,1466
41672,813350734947297,462291,3,3397,1466
41683,813350735848703,483021,4,3397,1466
41699,813350736714901,460625,4,3397,1466
41710,813350737540578,415000,4,3397,1466
41720,813350738323703,436354,3,3397,1466
41732,813350739156880,449010,4,3397,1466
41743,813350740005734,543177,4,3397,1466
41757,813350740935161,418438,4,3397,1466
41767,813350741729901,415625,3,3397,1466
41779,813350742501672,450312,4,3397,1466
41791,813350743334640,431563,4,3397,1466
41805,813350744188703,473177,4,3397,1466
41815,813350745032192,421928,3,3397,1466
41826,813350745816567,464063,4,3397,1466
41837,813350746681411,398750,3,3397,1466
41848,813350747457505,452448,3,3397,1466
41861,813350748387244,446303,3,3397,1466
41874,813350749213078,487500,4,3397,1466
41891,813350750435109,428333,3,3397,1466
41903,813350752134015,454063,3,3397,1466
41917,813350753355109,415938,4,3397,1466
41931,813350754253599,416041,3,3397,1466
41949,813350755830786,474948,3,3397,1466
41963,813350756863599,440416,3,3397,1466
41973,813350757796359,404271,3,3397,1466
41999,813350759648234,420052,3,3397,1466
42025,813350760624744,426250,3,3397,1466
42035,813350761519588,412552,3,3397,1466
42059,813350762505526,445260,4,3397,1466
42070,813350763495161,443438,4,3397,1466
42082,813350764438494,429063,4,3397,1466
42091,813350765308859,409896,4,3397,1466
42101,813350766175838,425573,4,3397,1466
42111,813350767027817,428594,4,3397,1466
42121,813350767871567,465052,4,3397,1466
42131,813350768771255,396042,4,3397,1466
42141,813350769588703,419635,4,3397,1466
42153,813350770440109,397135,4,3397,1466
42165,813350771260578,470729,4,3397,1466
42179,813350772301515,357500,3,3397,1466
42187,813350772872401,79739,4,3397,1466
42194,813350773320005,413646,3,3397,1466
42208,813350774221880,413021,4,3397,1466
42224,813350775230422,412031,3,3397,1466
42237,813350776195942,414167,3,3397,1466
42258,813350777105005,429531,4,3397,1466
42269,813350778019744,404375,4,3397,1466
42280,813350778873911,422761,3,3397,1466
42291,813350779757661,446094,3,3397,1466
42305,813350780620057,397396,3,3397,1466
42315,813350781432609,408281,3,3397,1466
42325,813350782248026,402031,3,3397,1466
42337,813350783089640,422032,4,3397,1466
42347,813350783979172,430416,4,3397,1466
42362,813350784833963,428281,4,3397,1466
42374,813350785715317,416094,3,3397,1466
42383,813350786592401,435677,4,3397,1466
42395,813350787497453,431927,4,3397,1466
42410,813350788366724,455468,4,3397,1466
42422,813350789231880,532083,4,3397,1466
42438,813350790049067,470886,3,3397,1466
42449,813350790905890,458021,3,3397,1466
42461,813350791743130,453854,4,3397,1466
42482,813350792555161,441979,3,3397,1466
42497,813350793397036,451198,3,3397,1466
42520,813350794215630,464427,3,3397,1466
42536,813350795061984,515469,3,3397,1466
42548,813350795944640,522917,3,3397,1466
42563,813350796825161,448229,3,3397,1466
42575,813350797657401,434531,3,3397,1466
42585,813350798494067,450157,3,3397,1466
42597,813350799338338,468594,3,3397,1466
42609,813350800207974,427239,3,3397,1466
42625,813350801012401,456093,3,3397,1466
42636,813350801839172,431250,3,3397,1466
42646,813350802686567,443802,3,3397,1466
42659,813350803699849,600312,4,3397,1466
42676,813350804787661,456511,3,3397,1466
42687,813350805635213,38764531,4,3397,1466
23847,813349827128495,33229,4,3415,1466
23902,813349829323859,66771,4,3415,1466
23941,813349830729641,36354,3,3415,1466
23959,813349831663182,34740,3,3415,1466
23973,813349832601359,46875,4,3415,1466
23984,813349833527193,34375,3,3415,1466
23995,813349834424745,38542,3,3415,1466
24017,813349835502766,54427,5,3415,1466
24046,813349836500474,69688,4,3415,1466
24077,813349837513755,39375,3,3415,1466
24123,813349838433964,35625,3,3415,1466
24138,813349839346568,35521,3,3415,1466
24155,813349840184120,34219,3,3415,1466
24168,813349841090109,36980,3,3415,1466
24184,813349841918599,32917,3,3415,1466
24198,813349842744380,45625,3,3415,1466
24217,813349843560318,50416,3,3415,1466
24258,813349844615891,35312,3,3415,1466
24284,813349845568547,37396,3,3415,1466
24331,813349847066099,55625,4,3415,1466
24344,813349848051099,65417,4,3415,1466
24371,813349849068651,36302,4,3415,1466
24384,813349849934016,34010,4,3415,1466
24395,813349850806151,37396,4,3415,1466
24415,813349851902818,69635,6,3415,1466
24445,813349852827193,58958,6,3415,1466
24487,813349854328443,41875,4,3415,1466
24515,813349855302974,35260,4,3415,1466
24529,813349856226620,33177,4,3415,1466
24555,813349857037609,35209,4,3415,1466
24568,813349857812037,34010,4,3415,1466
24581,813349858594953,35834,4,3415,1466
24593,813349859408912,47083,4,3415,1466
24610,813349860264276,81458,4,3415,1466
24634,813349861260162,44479,3,3415,1466
24659,813349862080422,30885,4,3415,1466
24690,813349862919589,26927,4,3415,1466
24712,813349863774797,33125,4,3415,1466
24731,813349864685474,33125,4,3415,1466
24752,813349865477870,29323,4,3415,1466
24764,813349866266672,28646,4,3415,1466
24778,813349867123130,34219,4,3415,1466
24800,813349868606359,26198,3,3415,1466
24816,813349869274797,57083,4,3415,1466
24832,813349870200005,49063,3,3415,1466
24856,813349871175162,50677,4,3415,1466
24911,813349872790318,53125,3,3415,1466
24931,813349873719120,31354,4,3415,1466
24946,813349874645109,38907,4,3415,1466
24959,813349875539432,34792,4,3415,1466
24982,813349876425266,32343,4,3415,1466
25014,813349877471984,31459,4,3415,1466
25042,813349878367245,138125,4,3415,1466
25094,813349879917870,32083,4,3415,1466
25127,813349880825786,59636,3,3415,1466
25159,813349881855474,40156,3,3415,1466
25227,813349883127193,49010,3,3415,1466
25260,813349884271672,53385,3,3415,1466
25279,813349885255370,30729,4,3415,1466
25302,813349886125839,49062,4,3415,1466
25343,813349887169953,29948,4,3415,1466
25368,813349888047505,30938,4,3415,1466
25407,813349888941724,50521,4,3415,1466
25420,813349889763078,30521,4,3415,1466
25435,813349890565943,44739,4,3415,1466
25450,813349891298911,31823,4,3415,1466
25465,813349892109693,28593,4,3415,1466
25482,813349892990214,31093,4,3415,1466
25507,813349893842141,40000,4,3415,1466
25533,813349894795578,56927,4,3415,1466
25570,813349895819641,44270,4,3415,1466
25601,813349896726464,60104,4,3415,1466
25627,813349897652714,47083,4,3415,1466
25640,813349898570422,45885,4,3415,1466
25652,813349899490370,55521,4,3415,1466
25673,813349900667974,37396,3,3415,1466
25696,813349902257609,43959,4,3415,1466
25715,813349903052089,33437,4,3415,1466
25798,813349905639016,60937,4,3415,1466
25824,813349906466307,41459,4,3415,1466
25851,813349907540005,32031,4,3415,1466
25886,813349908568964,40781,4,3415,1466
25916,813349909601828,63594,4,3415,1466
26061,813349913461828,55573,5,3415,1466
26065,813349913559484,48855,3,3415,1466
26090,813349914513547,45677,3,3415,1466
26124,813349915541464,62864,4,3415,1466
26156,813349916540318,36093,3,3415,1466
26187,813349917399432,66146,3,3415,1466
26212,813349918358495,30885,3,3415,1466
26248,813349919481880,30625,3,3415,1466
26299,813349921491776,49896,3,3415,1466
26318,813349922193182,33125,6,3415,1466
26332,813349923106672,29062,6,3415,1466
26345,813349924001620,40208,3,3415,1466
26377,813349924989693,32708,6,3415,1466
26397,813349925805109,37240,3,3415,1466
26439,813349926680578,48594,6,3415,1466
26472,813349927666151,57135,6,3415,1466
26514,813349928924849,46875,6,3415,1466
26537,813349929751672,52448,6,3415,1466
26560,813349930644328,55781,6,3415,1466
26571,813349931574224,56667,6,3415,1466
26596,813349932620578,41823,6,3415,1466
26612,813349933612818,54948,3,3415,1466
26624,813349934550995,50833,6,3415,1466
26651,813349935733703,41615,3,3415,1466
26675,813349936461568,59479,6,3415,1466
26731,813349937705786,42605,6,3415,1466
26763,813349938611464,33802,6,3415,1466
26783,813349939877609,46250,6,3415,1466
26813,813349940805474,45937,6,3415,1466
26827,813349941708703,33958,6,3415,1466
26838,813349942620422,29844,6,3415,1466
26858,813349943496099,33490,6,3415,1466
26886,813349944508911,46667,6,3415,1466
26930,813349945584745,69114,5,3415,1466
26961,813349946578599,49219,6,3415,1466
26975,813349947601151,50625,6,3415,1466
27002,813349948586516,37968,6,3415,1466
27015,813349949444797,28385,6,3415,1466
27034,813349950593911,39219,3,3415,1466
27049,813349951574953,63333,6,3415,1466
27083,813349952731984,35573,3,3415,1466
27128,813349953900891,43645,3,3415,1466
27153,813349954920370,49114,5,3415,1466
27169,813349955967870,40677,5,3415,1466
27193,813349956982505,43334,5,3415,1466
27205,813349957966255,18334,5,3415,1466
27216,813349958875526,23750,5,3415,1466
27230,813349959828859,35052,6,3415,1466
27268,813349960963807,52292,3,3415,1466
27319,813349962289797,46927,4,3415,1466
27342,813349963377245,123177,3,3415,1466
27366,813349964407974,39844,3,3415,1466
27388,813349965365370,38750,3,3415,1466
27403,813349966263859,37605,3,3415,1466
27416,813349967186359,38125,3,3415,1466
27431,813349968076255,81198,3,3415,1466
27456,813349969020995,55364,4,3415,1466
27492,813349970079172,50885,4,3415,1466
27521,813349971235682,35677,4,3415,1466
27536,813349972194380,72865,4,3415,1466
27567,813349973126828,35886,4,3415,1466
27582,813349974023859,48386,4,3415,1466
27594,813349974928339,50208,4,3415,1466
27606,813349975805943,36927,4,3415,1466
27628,813349976748807,34063,4,3415,1466
27663,813349977828286,45573,4,3415,1466
27697,813349979040214,36145,4,3415,1466
27713,813349979977036,34115,4,3415,1466
27732,813349980915474,88281,4,3415,1466
27756,813349981763391,52812,4,3415,1466
27775,813349982609016,70156,4,3415,1466
27802,813349983567297,57239,4,3415,1466
27833,813349984458547,51094,4,3415,1466
27868,813349985437974,45885,3,3415,1466
27906,813349986417036,55053,4,3415,1466
27934,813349987572557,53229,3,3415,1466
27960,813349988525630,34688,3,3415,1466
27979,813349989508599,32240,3,3415,1466
27994,813349990499120,50156,3,3415,1466
28006,813349991415578,30886,3,3415,1466
28024,813349992351724,39427,3,3415,1466
28057,813349993643130,81719,4,3415,1466
28079,813349994452245,52135,3,3415,1466
28111,813349995568339,52500,4,3415,1466
28130,813349996582557,43229,4,3415,1466
28150,813349997680109,52552,4,3415,1466
28167,813349998632922,61614,4,3415,1466
28179,813349999575109,65000,4,3415,1466
28196,813350000489328,40677,3,3415,1466
28209,813350001509745,63177,6,3415,1466
28246,813350002936932,97240,4,3415,1466
28289,813350004121932,86354,4,3415,1466
28323,813350005333807,37500,3,3415,1466
28347,813350006308078,34844,3,3415,1466
28376,813350007256828,39688,3,3415,1466
28409,813350008247349,37708,3,3415,1466
28434,813350009155526,48698,3,3415,1466
28456,813350010063443,51406,3,3415,1466
28489,813350011311151,64115,3,3415,1466
28524,813350012379172,36302,3,3415,1466
28551,813350013338547,43021,3,3415,1466
28568,813350014256828,61042,3,3415,1466
28585,813350015271151,49740,3,3415,1466
28599,813350016214172,48854,3,3415,1466
28613,813350017113495,48177,3,3415,1466
28628,813350017990266,64479,3,3415,1466
28659,813350019126411,36511,3,3415,1466
28699,813350020399068,38229,3,3415,1466
28723,813350021404484,39323,3,3415,1466
28742,813350022338026,36927,3,3415,1466
28760,813350023266307,35677,3,3415,1466
28783,813350024488599,49010,4,3415,1466
28797,813350025505578,50000,4,3415,1466
28813,813350026497453,64219,3,3415,1466
28837,813350027547557,36042,3,3415,1466
28883,813350029034380,90521,6,3415,1466
28905,813350030054536,52292,4,3415,1466
28925,813350030962141,33854,4,3415,1466
28940,813350031853234,38490,4,3415,1466
28954,813350032748182,44479,4,3415,1466
28966,813350033616984,35000,4,3415,1466
28985,813350034467818,36198,4,3415,1466
29009,813350035474849,62344,3,3415,1466
29058,813350036826516,51198,4,3415,1466
29083,813350037799380,42031,3,3415,1466
29106,813350038796255,35677,3,3415,1466
29117,813350039703130,33854,3,3415,1466
29133,813350040605630,34115,3,3415,1466
29146,813350041478026,34010,3,3415,1466
29158,813350042402974,33437,3,3415,1466
29181,813350043420318,44062,3,3415,1466
29235,813350044934380,30417,3,3415,1466
29260,813350045949953,56771,3,3415,1466
29280,813350046778078,36458,3,3415,1466
29304,813350047748391,35677,3,3415,1466
29339,813350048790474,18281,3,3415,1466
29343,813350048826932,50782,4,3415,1466
29387,813350050151672,48229,5,3415,1466
29466,813350052084536,79219,5,3415,1466
29588,813350055445266,32708,4,3415,1466
29834,813350062302349,73646,5,3415,1466
29841,813350062430891,61198,4,3415,1466
29893,813350063880161,41823,3,3415,1466
29936,813350064797714,65572,4,3415,1466
29985,813350065892141,52864,5,3415,1466
30022,813350066942557,59532,4,3415,1466
30061,813350067996932,56563,4,3415,1466
30095,813350068957870,36614,4,3415,1466
30129,813350069846672,46406,4,3415,1466
30152,813350070738026,44271,4,3415,1466
30177,813350071693391,38125,3,3415,1466
30226,813350072963078,63386,3,3415,1466
30270,813350074210734,64480,5,3415,1466
30307,813350075245734,53959,5,3415,1466
30366,813350076669849,51146,4,3415,1466
30412,813350077829172,56354,5,3415,1466
30450,813350078969276,52760,5,3415,1466
30465,813350079968391,21458,5,3415,1466
30507,813350080962505,21667,5,3415,1466
30520,813350081873443,15208,5,3415,1466
30539,813350082772401,17135,5,3415,1466
30551,813350083685630,34844,5,3415,1466
30580,813350084608964,44114,5,3415,1466
30620,813350085954380,76302,4,3415,1466
30654,813350086874068,51718,4,3415,1466
30671,813350087840839,40989,3,3415,1466
30685,813350088761516,36614,3,3415,1466
30697,813350089630839,33645,3,3415,1466
30711,813350090476255,34323,3,3415,1466
30725,813350091302245,37187,3,3415,1466
30743,813350092227505,38177,3,3415,1466
30769,813350093071359,34479,3,3415,1466
30786,813350093951359,33959,3,3415,1466
30803,813350094773495,34062,3,3415,1466
30817,813350095632609,38386,3,3415,1466
30832,813350096476516,35885,3,3415,1466
30846,813350097423286,49219,3,3415,1466
30858,813350098359380,38854,3,3415,1466
30876,813350099270057,36459,3,3415,1466
30897,813350100321828,57760,4,3415,1466
30921,813350101282609,43334,3,3415,1466
30951,813350102225318,47031,4,3415,1466
30963,813350103078547,44948,3,3415,1466
30975,813350103942922,45573,4,3415,1466
30989,813350104816151,44948,3,3415,1466
31003,813350105708234,50000,4,3415,1466
31015,813350106588963,44428,3,3415,1466
31027,813350107448807,45261,4,3415,1466
31048,813350108437505,46198,3,3415,1466
31061,813350109638234,32084,4,3415,1466
31078,813350110540995,35885,4,3415,1466
31090,813350111436984,32500,4,3415,1466
31106,813350112266672,29114,4,3415,1466
31125,813350113088807,32761,4,3415,1466
31137,813350113897193,33385,4,3415,1466
31152,813350114715474,33594,4,3415,1466
31167,813350115596411,35209,4,3415,1466
31183,813350116526932,35261,4,3415,1466
31197,813350117354849,31042,4,3415,1466
31219,813350118170474,31094,4,3415,1466
31249,813350118973651,31667,4,3415,1466
31278,813350119771255,31042,4,3415,1466
31301,813350120650266,31822,4,3415,1466
31318,813350121464641,38697,4,3415,1466
31345,813350122304224,36823,4,3415,1466
31381,813350123175370,32916,4,3415,1466
31416,813350124060370,36198,4,3415,1466
31433,813350125000213,33178,4,3415,1466
31445,813350125795266,31875,4,3415,1466
31457,813350126612349,34844,4,3415,1466
31469,813350127407766,29687,4,3415,1466
31483,813350128375995,31041,4,3415,1466
31500,813350129190526,31615,4,3415,1466
31521,813350129977818,33229,4,3415,1466
31533,813350130793911,33177,4,3415,1466
31544,813350131667193,49479,3,3415,1466
31562,813350132590422,44844,3,3415,1466
31575,813350133481151,33490,4,3415,1466
31588,813350134380734,34479,4,3415,1466
31607,813350135199953,35313,4,3415,1466
31619,813350136040109,36667,4,3415,1466
31634,813350136913807,34115,4,3415,1466
31650,813350137740266,32552,4,3415,1466
31664,813350138582141,36145,4,3415,1466
31676,813350139459588,35417,4,3415,1466
31691,813350140336463,33646,4,3415,1466
31711,813350141253338,57136,6,3415,1466
31724,813350142210005,53333,6,3415,1466
31737,813350143166776,53750,6,3415,1466
31749,813350144092922,63281,6,3415,1466
31773,813350145028026,50365,6,3415,1466
31791,813350145908963,52188,6,3415,1466
31811,813350146767818,49218,6,3415,1466
31823,813350147682088,48334,6,3415,1466
31841,813350148543547,48802,6,3415,1466
31856,813350149390630,48073,6,3415,1466
31871,813350150219641,49895,6,3415,1466
31883,813350151051307,49323,6,3415,1466
31895,813350151876516,50416,6,3415,1466
31907,813350152731151,47969,6,3415,1466
31919,813350153556463,49115,6,3415,1466
31931,813350154357349,50156,6,3415,1466
31943,813350155217505,51771,6,3415,1466
31957,813350156274641,58645,6,3415,1466
31998,813350157510057,43386,4,3415,1466
32032,813350158665266,44687,4,3415,1466
32049,813350159754224,46042,4,3415,1466
32063,813350160842870,45208,4,3415,1466
32079,813350161881151,48750,4,3415,1466
32091,813350162914380,45261,4,3415,1466
32103,813350164095891,79479,4,3415,1466
32124,813350165289224,53854,4,3415,1466
32137,813350166407974,50104,4,3415,1466
32154,813350167572609,46979,4,3415,1466
32172,813350168731307,41146,4,3415,1466
32187,813350169608495,44271,4,3415,1466
32199,813350170498130,45417,4,3415,1466
32213,813350171416776,58750,4,3415,1466
32228,813350172431880,40833,4,3415,1466
32250,813350173390891,44791,4,3415,1466
32269,813350174333755,41094,4,3415,1466
32283,813350175256359,39948,4,3415,1466
32295,813350176269172,37760,4,3415,1466
32309,813350177320630,44011,4,3415,1466
32326,813350178269068,43229,4,3415,1466
32338,813350179208755,43073,4,3415,1466
32353,813350180354328,57031,4,3415,1466
32368,813350181537713,55157,4,3415,1466
32380,813350182725578,53073,4,3415,1466
32392,813350183866568,54114,4,3415,1466
32411,813350185087193,54531,4,3415,1466
32424,813350186269276,52500,4,3415,1466
32458,813350187612974,49896,4,3415,1466
32490,813350188950734,66719,3,3415,1466
32524,813350190234693,52448,4,3415,1466
32552,813350191514797,47916,4,3415,1466
32576,813350192739276,68906,3,3415,1466
32606,813350193936359,80261,4,3415,1466
32635,813350195102297,68021,3,3415,1466
32659,813350196418391,64635,3,3415,1466
32676,813350197615943,61614,4,3415,1466
32704,813350198860682,45209,4,3415,1466
32717,813350200176203,47865,4,3415,1466
32731,813350201348859,65521,3,3415,1466
32742,813350202474745,49739,4,3415,1466
32770,813350203734693,47656,4,3415,1466
32796,813350204889536,43334,4,3415,1466
32814,813350205900995,56406,3,3415,1466
32842,813350206893547,57656,3,3415,1466
32888,813350207901047,45312,4,3415,1466
32916,813350209070943,46406,4,3415,1466
32931,813350210180318,40677,4,3415,1466
32942,813350211273391,63489,3,3415,1466
32962,813350212491672,46562,4,3415,1466
32975,813350213698859,45000,4,3415,1466
32986,813350214829484,65521,3,3415,1466
32997,813350215990630,47396,4,3415,1466
33012,813350217133755,66667,3,3415,1466
33023,813350218289380,51771,4,3415,1466
33034,813350219520370,43489,4,3415,1466
33070,813350221067453,32031,4,3415,1466
33084,813350221796984,42604,4,3415,1466
33104,813350222859693,40208,4,3415,1466
33116,813350223961411,66042,3,3415,1466
33129,813350225083130,44219,4,3415,1466
33140,813350226143182,66094,3,3415,1466
33175,813350227596828,34219,3,3415,1466
33197,813350228334328,56563,3,3415,1466
33220,813350229303443,41302,4,3415,1466
33236,813350230311984,37604,4,3415,1466
33248,813350231540578,47865,4,3415,1466
33259,813350232626620,61093,3,3415,1466
33275,813350233618755,39115,4,3415,1466
33287,813350234632453,38177,4,3415,1466
33307,813350236105318,47968,4,3415,1466
33331,813350237444849,47500,3,3415,1466
33343,813350238584484,41146,3,3415,1466
33357,813350239643859,35417,3,3415,1466
33376,813350240606724,57864,4,3415,1466
33393,813350241613963,40730,3,3415,1466
33411,813350242470943,49791,4,3415,1466
33437,813350243328495,40937,3,3415,1466
33476,813350244438599,45208,3,3415,1466
33503,813350245727349,43854,3,3415,1466
33517,813350246741516,47083,4,3415,1466
33533,813350247690630,60104,3,3415,1466
33554,813350248664380,39011,4,3415,1466
33566,813350249657870,56198,3,3415,1466
33579,813350250607818,54635,3,3415,1466
33592,813350251590474,56927,3,3415,1466
33611,813350252861463,48230,4,3415,1466
33629,813350253577141,37447,4,3415,1466
33643,813350254534849,40417,4,3415,1466
33656,813350255450213,38698,4,3415,1466
33670,813350256383338,52605,3,3415,1466
33688,813350257254016,41406,4,3415,1466
33715,813350258240422,41302,4,3415,1466
33738,813350259153026,37448,4,3415,1466
33767,813350260404953,53281,4,3415,1466
33785,813350261340005,38854,4,3415,1466
33805,813350262230578,35990,4,3415,1466
33820,813350263126776,38281,4,3415,1466
33832,813350264028755,53386,3,3415,1466
33853,813350265002297,36979,4,3415,1466
33866,813350265886932,54063,3,3415,1466
33878,813350266823963,40417,4,3415,1466
33891,813350267794588,52500,3,3415,1466
33914,813350268779536,51355,3,3415,1466
33926,813350269677141,66302,4,3415,1466
33948,813350270565578,40938,4,3415,1466
33959,813350271495995,38906,4,3415,1466
33970,813350272427245,52708,3,3415,1466
33981,813350273311984,38646,4,3415,1466
34000,813350274248182,36042,4,3415,1466
34022,813350275105578,51354,3,3415,1466
34034,813350276081151,72031,4,3415,1466
34049,813350277023807,40209,4,3415,1466
34061,813350277920786,51980,3,3415,1466
34075,813350278806203,39688,4,3415,1466
34088,813350279717505,37188,4,3415,1466
34106,813350280643963,38803,4,3415,1466
34124,813350281516776,50833,3,3415,1466
34135,813350282409797,39062,4,3415,1466
34147,813350283333703,41458,4,3415,1466
34168,813350284681828,33646,3,3415,1466
34178,813350285286359,54323,3,3415,1466
34189,813350286179016,41250,4,3415,1466
34205,813350287060891,55833,4,3415,1466
34234,813350287954693,37239,4,3415,1466
34257,813350288892557,35365,4,3415,1466
34269,813350289858078,35573,4,3415,1466
34285,813350290714224,53073,3,3415,1466
34296,813350291661984,40417,4,3415,1466
34312,813350292622141,35572,4,3415,1466
34323,813350293543286,51823,3,3415,1466
34335,813350294424432,38229,4,3415,1466
34346,813350295320109,50677,3,3415,1466
34366,813350296223078,46354,3,3415,1466
34386,813350297110057,35781,4,3415,1466
34400,813350298078182,36615,4,3415,1466
34417,813350298967974,50156,3,3415,1466
34456,813350301601932,33490,4,3415,1466
34470,813350302246411,38438,3,3415,1466
34485,813350303192245,47760,4,3415,1466
34517,813350304193963,42553,3,3415,1466
34529,813350305126620,40937,3,3415,1466
34543,813350306033026,41042,3,3415,1466
34555,813350306875370,43698,3,3415,1466
34567,813350307806307,41198,3,3415,1466
34589,813350308724901,37865,3,3415,1466
34618,813350309580474,39635,3,3415,1466
34655,813350310394641,41041,3,3415,1466
34686,813350311265265,40834,3,3415,1466
34699,813350312180995,70885,3,3415,1466
34716,813350313088807,43594,3,3415,1466
34728,813350313970370,40312,3,3415,1466
34740,813350314838286,35782,3,3415,1466
34755,813350315872922,42968,3,3415,1466
34774,813350316944068,54114,4,3415,1466
34791,813350317926151,52396,4,3415,1466
34820,813350318910734,41927,3,3415,1466
34842,813350319887036,40938,3,3415,1466
34858,813350320813286,40782,3,3415,1466
34869,813350321788495,55520,4,3415,1466
34882,813350322733078,45365,3,3415,1466
34893,813350323691047,61562,4,3415,1466
34909,813350324746359,46719,3,3415,1466
34924,813350325689588,52500,4,3415,1466
34938,813350326652036,42448,3,3415,1466
34949,813350327592765,36042,3,3415,1466
34968,813350328535995,33541,3,3415,1466
34988,813350329460943,56041,4,3415,1466
35007,813350330949068,30937,4,3415,1466
35019,813350331559797,46250,3,3415,1466
35034,813350332582401,52969,4,3415,1466
35046,813350333538443,40989,3,3415,1466
35057,813350334438807,38698,3,3415,1466
35068,813350335328443,35104,3,3415,1466
35084,813350336472193,61354,3,3415,1466
35103,813350337416672,33489,3,3415,1466
35122,813350338401515,32188,3,3415,1466
35140,813350339403390,38750,3,3415,1466
35156,813350340325995,49739,3,3415,1466
35174,813350341194953,37812,3,3415,1466
35192,813350342072505,53438,4,3415,1466
35206,813350342970422,49531,4,3415,1466
35225,813350343840474,50364,4,3415,1466
35258,813350344779068,34687,3,3415,1466
35288,813350345672765,53646,4,3415,1466
35323,813350346812349,42760,3,3415,1466
35343,813350347518911,41198,3,3415,1466
35366,813350348423026,34896,3,3415,1466
35394,813350349331463,33907,3,3415,1466
35422,813350350154380,31771,3,3415,1466
35453,813350351031463,35730,3,3415,1466
35476,813350351959745,36458,3,3415,1466
35502,813350352891515,54480,4,3415,1466
35515,813350353853807,39271,3,3415,1466
35547,813350354720370,35312,3,3415,1466
35562,813350355622349,35937,3,3415,1466
35579,813350356616359,51511,4,3415,1466
35595,813350357502661,35365,3,3415,1466
35608,813350358317922,46823,4,3415,1466
35629,813350359155213,38125,3,3415,1466
35643,813350360028130,35260,3,3415,1466
35658,813350360921515,49896,4,3415,1466
35677,813350362193286,91875,4,3415,1466
35693,813350362910422,36875,3,3415,1466
35704,813350363846411,49323,4,3415,1466
35719,813350364856151,35156,3,3415,1466
35732,813350365687140,33646,3,3415,1466
35745,813350366527661,51146,4,3415,1466
35757,813350367401203,50521,4,3415,1466
35775,813350368395370,34166,3,3415,1466
35786,813350369399120,38750,4,3415,1466
35802,813350370311463,37969,4,3415,1466
35813,813350371197557,34531,4,3415,1466
35828,813350372333390,34011,4,3415,1466
35840,813350373307349,36771,4,3415,1466
35851,813350374252818,42187,4,3415,1466
35863,813350375375734,41094,4,3415,1466
35874,813350376190734,36719,4,3415,1466
35903,813350377116672,46146,3,3415,1466
35923,813350377951776,44323,3,3415,1466
35937,813350379104224,43698,4,3415,1466
35951,813350380088286,71563,3,3415,1466
35988,813350381103859,36302,3,3415,1466
35998,813350382011776,36823,3,3415,1466
36008,813350382924380,51823,4,3415,1466
36018,813350383877349,37916,4,3415,1466
36040,813350384811359,50313,3,3415,1466
36050,813350385750578,37135,3,3415,1466
36062,813350386672713,36302,3,3415,1466
36072,813350387644015,51355,4,3415,1466
36087,813350388769640,51875,3,3415,1466
36099,813350389690422,37760,3,3415,1466
36111,813350390599224,53281,4,3415,1466
36121,813350391563130,51875,3,3415,1466
36135,813350392513651,34531,3,3415,1466
36150,813350393452661,53386,4,3415,1466
36161,813350394396307,38646,4,3415,1466
36171,813350395452088,39740,3,3415,1466
36187,813350396727609,43073,3,3415,1466
36195,813350397519901,46458,3,3415,1466
36206,813350398691568,46875,4,3415,1466
36219,813350399460578,40156,4,3415,1466
36231,813350400378755,35833,4,3415,1466
36247,813350401280682,49479,3,3415,1466
36260,813350402266515,54948,4,3415,1466
36271,813350403230057,46979,4,3415,1466
36291,813350404511932,50677,3,3415,1466
36304,813350405355995,48177,4,3415,1466
36317,813350406309901,47396,3,3415,1466
36337,813350407377870,31458,3,3415,1466
36363,813350408272401,44479,4,3415,1466
36388,813350409155057,42865,3,3415,1466
36402,813350410085682,43906,3,3415,1466
36412,813350410974380,38229,3,3415,1466
36422,813350411884015,45469,3,3415,1466
36435,813350412884120,38125,3,3415,1466
36447,813350413802974,50260,4,3415,1466
36458,813350414745318,39322,3,3415,1466
36469,813350415627870,42708,3,3415,1466
36488,813350416488443,37239,3,3415,1466
36508,813350417329588,46980,4,3415,1466
36536,813350418212453,39635,3,3415,1466
36554,813350419097974,36666,3,3415,1466
36567,813350419949745,36718,3,3415,1466
36588,813350420964797,34062,3,3415,1466
36599,813350421865265,54480,4,3415,1466
36611,813350422752974,40677,3,3415,1466
36622,813350423608495,53073,4,3415,1466
36649,813350424506724,57187,4,3415,1466
36661,813350425469432,40990,3,3415,1466
36677,813350426481776,43854,3,3415,1466
36688,813350427472922,45000,3,3415,1466
36703,813350428517453,54896,4,3415,1466
36714,813350429400995,39948,3,3415,1466
36727,813350430300213,35886,3,3415,1466
36749,813350431197245,39114,3,3415,1466
36760,813350432064172,54843,3,3415,1466
36789,813350432975370,36093,3,3415,1466
36811,813350433851411,37032,3,3415,1466
36824,813350434709120,34270,3,3415,1466
36840,813350435593390,56146,4,3415,1466
36857,813350436692557,42656,3,3415,1466
36881,813350437779588,40521,4,3415,1466
36900,813350438682505,41354,3,3415,1466
36911,813350439575474,38958,3,3415,1466
36923,813350440515213,40782,3,3415,1466
36935,813350441376463,52292,4,3415,1466
36958,813350442356151,41823,3,3415,1466
36970,813350443264484,41042,3,3415,1466
36984,813350444363495,51979,3,3415,1466
37006,813350445434224,46771,3,3415,1466
37020,813350446513703,45990,3,3415,1466
37034,813350447594068,50729,3,3415,1466
37050,813350448656880,46875,3,3415,1466
37066,813350449727713,46980,3,3415,1466
37082,813350450785838,50521,3,3415,1466
37094,813350452028078,61250,3,3415,1466
37108,813350453458443,57760,3,3415,1466
37120,813350454819432,63646,3,3415,1466
37132,813350456246151,63906,3,3415,1466
37144,813350457651463,64375,3,3415,1466
37155,813350459006099,55469,4,3415,1466
37169,813350460479380,62917,3,3415,1466
37180,813350461899276,65156,3,3415,1466
37193,813350463362922,62708,3,3415,1466
37206,813350464734797,58125,3,3415,1466
37217,813350466029068,80104,4,3415,1466
37228,813350467343651,85989,4,3415,1466
37242,813350468636307,72865,4,3415,1466
37258,813350469949276,62239,3,3415,1466
37272,813350471322557,59896,3,3415,1466
37286,813350472632922,79583,4,3415,1466
37298,813350473988390,54584,3,3415,1466
37310,813350475321880,83542,4,3415,1466
37324,813350476673078,79948,4,3415,1466
37340,813350478120630,69635,3,3415,1466
37351,813350479505161,84167,4,3415,1466
37364,813350481135526,68073,4,3415,1466
37377,813350482544380,60625,4,3415,1466
37389,813350483914693,62031,4,3415,1466
37405,813350485517661,69636,3,3415,1466
37416,813350486745265,58021,4,3415,1466
37430,813350488015786,79115,3,3415,1466
37443,813350489341568,54895,4,3415,1466
37454,813350490615630,53750,4,3415,1466
37467,813350491882349,50312,4,3415,1466
37484,813350493137505,51250,4,3415,1466
37499,813350494377870,69479,3,3415,1466
37510,813350495750474,62135,3,3415,1466
37521,813350496853495,49531,4,3415,1466
37532,813350498005734,52292,4,3415,1466
37543,813350499186620,46979,4,3415,1466
37563,813350500520161,47344,4,3415,1466
37575,813350501510265,56615,3,3415,1466
37588,813350502527349,43958,3,3415,1466
37601,813350503533182,50000,3,3415,1466
37618,813350504521620,46198,3,3415,1466
37635,813350505524901,49896,3,3415,1466
37660,813350506536515,40209,3,3415,1466
37674,813350507575057,54115,4,3415,1466
37703,813350508690265,74584,4,3415,1466
37728,813350509683963,54480,3,3415,1466
37745,813350510798078,62500,3,3415,1466
37761,813350512273390,36094,3,3415,1466
37770,813350513070057,51198,3,3415,1466
37783,813350514029224,66719,4,3415,1466
37794,813350515038026,56146,3,3415,1466
37804,813350516217661,37188,4,3415,1466
37819,813350517269328,41198,3,3415,1466
37832,813350518174224,41406,3,3415,1466
37845,813350519059172,41354,3,3415,1466
37860,813350519987505,41146,3,3415,1466
37875,813350520909380,33229,3,3415,1466
37886,813350521794224,37812,3,3415,1466
37897,813350522664693,55520,4,3415,1466
37908,813350523569380,53490,4,3415,1466
37932,813350524556932,49167,4,3415,1466
37946,813350525556203,40521,3,3415,1466
37958,813350526408130,39427,4,3415,1466
37973,813350527261828,38177,4,3415,1466
37996,813350528113078,68177,3,3415,1466
38025,813350529059692,40730,4,3415,1466
38056,813350529984536,36250,4,3415,1466
38087,813350530892817,52709,3,3415,1466
38115,813350531903807,46198,4,3415,1466
38142,813350532980265,44375,4,3415,1466
38172,813350533937349,53437,3,3415,1466
38190,813350534914172,46875,4,3415,1466
38205,813350535884745,58802,3,3415,1466
38219,813350536914849,45156,4,3415,1466
38242,813350537980995,42552,4,3415,1466
38263,813350538880838,54636,3,3415,1466
38280,813350539864953,37917,4,3415,1466
38301,813350540709536,48542,3,3415,1466
38318,813350541608390,35469,4,3415,1466
38329,813350542469536,51771,3,3415,1466
38346,813350543298078,37552,4,3415,1466
38373,813350544189901,33073,4,3415,1466
38401,813350545093755,35104,4,3415,1466
38424,813350545925109,35625,4,3415,1466
38436,813350546825890,59011,3,3415,1466
38449,813350547702088,56094,3,3415,1466
38475,813350548715734,39688,4,3415,1466
38488,813350549827297,44479,4,3415,1466
38499,813350550672401,51875,3,3415,1466
38510,813350551541255,40833,4,3415,1466
38528,813350552445838,46042,3,3415,1466
38558,813350553262557,34115,4,3415,1466
38584,813350554202401,36406,4,3415,1466
38602,813350555053495,58489,3,3415,1466
38619,813350555913338,37761,4,3415,1466
38645,813350556891411,35521,4,3415,1466
38671,813350557661463,45521,3,3415,1466
38688,813350558513390,42865,4,3415,1466
38699,813350559384849,39062,4,3415,1466
38716,813350560277245,51718,3,3415,1466
38727,813350561126151,48750,3,3415,1466
38739,813350562028338,38802,4,3415,1466
38750,813350562901307,38906,4,3415,1466
38761,813350563794484,54167,3,3415,1466
38780,813350564878026,42291,4,3415,1466
38791,813350565855942,42500,4,3415,1466
38802,813350566727557,55677,3,3415,1466
38814,813350567671099,44791,4,3415,1466
38831,813350568610890,40990,4,3415,1466
38842,813350569450838,54063,3,3415,1466
38865,813350570306567,45157,4,3415,1466
38882,813350571157401,38073,4,3415,1466
38896,813350572033182,35833,4,3415,1466
38916,813350572979640,33021,4,3415,1466
38933,813350573973495,51666,3,3415,1466
38949,813350574891880,42031,4,3415,1466
38960,813350575827088,40417,4,3415,1466
38975,813350576740995,51458,3,3415,1466
38988,813350577622505,53281,3,3415,1466
39000,813350578501984,40052,4,3415,1466
39011,813350579398859,59792,3,3415,1466
39027,813350580442245,35312,4,3415,1466
39040,813350581362557,37969,4,3415,1466
39051,813350582225838,40938,4,3415,1466
39062,813350583146255,57083,3,3415,1466
39078,813350584346047,43906,4,3415,1466
39088,813350585015578,39844,4,3415,1466
39099,813350585881255,39792,4,3415,1466
39115,813350586769484,41563,4,3415,1466
39126,813350587664536,57240,3,3415,1466
39149,813350588732088,38907,3,3415,1466
39164,813350589616984,43854,4,3415,1466
39175,813350590491463,42657,4,3415,1466
39186,813350591354328,39635,4,3415,1466
39200,813350592248599,36562,4,3415,1466
39215,813350593102401,51562,3,3415,1466
39238,813350593917349,42500,4,3415,1466
39266,813350594718026,39635,4,3415,1466
39278,813350595577765,40677,4,3415,1466
39297,813350596527974,54635,3,3415,1466
39311,813350597928807,33333,3,3415,1466
39323,813350598552453,45312,4,3415,1466
39335,813350599571620,42135,4,3415,1466
39346,813350600315682,36875,4,3415,1466
39358,813350601118026,35833,4,3415,1466
39373,813350601921099,32604,4,3415,1466
39385,813350602735317,35782,4,3415,1466
39398,813350603605109,37917,4,3415,1466
39415,813350604463651,34531,4,3415,1466
39431,813350605257505,38125,4,3415,1466
39457,813350606048911,39011,4,3415,1466
39475,813350607030057,39375,4,3415,1466
39478,813350607152870,30000,4,3415,1466
39500,813350607962453,56458,4,3415,1466
39527,813350608896932,44375,3,3415,1466
39560,813350609781047,40625,4,3415,1466
39581,813350610661047,38593,4,3415,1466
39594,813350611644536,51823,3,3415,1466
39619,813350612609692,49115,3,3415,1466
39630,813350613502453,43385,4,3415,1466
39641,813350614385265,42552,4,3415,1466
39654,813350615255370,48125,3,3415,1466
39670,813350616143338,38125,4,3415,1466
39687,813350617308286,40625,3,3415,1466
39704,813350618161463,44271,4,3415,1466
39718,813350619072401,45833,3,3415,1466
39731,813350619976776,42187,3,3415,1466
39759,813350620942974,38541,3,3415,1466
39778,813350621784849,55156,4,3415,1466
39799,813350622661151,39635,3,3415,1466
39812,813350623598547,34114,3,3415,1466
39829,813350624495682,54948,4,3415,1466
39841,813350625337453,39062,3,3415,1466
39860,813350626165370,50572,4,3415,1466
39873,813350627079692,40053,3,3415,1466
39884,813350627944953,36771,3,3415,1466
39902,813350629281724,33281,3,3415,1466
39912,813350629909745,45208,4,3415,1466
39927,813350630887609,43386,4,3415,1466
39939,813350631758599,43541,4,3415,1466
39958,813350632727192,44480,4,3415,1466
39972,813350633701463,44479,3,3415,1466
39983,813350634592817,37865,3,3415,1466
39994,813350635471359,40521,3,3415,1466
40010,813350636423755,38802,3,3415,1466
40026,813350637279953,41042,3,3415,1466
40054,813350638198547,36041,3,3415,1466
40083,813350639127349,36718,3,3415,1466
40098,813350640016463,37604,3,3415,1466
40116,813350640916151,37708,3,3415,1466
40129,813350641923859,41042,3,3415,1466
40141,813350642788911,62969,4,3415,1466
40153,813350643673182,53438,4,3415,1466
40166,813350644595734,42292,3,3415,1466
40182,813350645422505,53281,4,3415,1466
40193,813350646313026,38594,3,3415,1466
40204,813350647139797,51823,4,3415,1466
40216,813350647968963,39948,3,3415,1466
40235,813350648843755,35990,3,3415,1466
40254,813350649690995,34062,3,3415,1466
40272,813350650515474,32604,3,3415,1466
40283,813350651349640,33386,3,3415,1466
40303,813350652188390,46407,4,3415,1466
40329,813350652976255,39844,3,3415,1466
40352,813350653815682,49479,4,3415,1466
40373,813350654669745,40104,3,3415,1466
40387,813350655529380,37396,3,3415,1466
40398,813350656415213,34844,3,3415,1466
40409,813350657275005,36354,3,3415,1466
40420,813350658166515,34688,3,3415,1466
40439,813350659015578,40989,3,3415,1466
40450,813350659920578,38021,3,3415,1466
40463,813350660779172,52343,4,3415,1466
40484,813350661848026,40989,3,3415,1466
40497,813350662435786,37031,3,3415,1466
40508,813350663298078,40521,3,3415,1466
40521,813350664179172,49635,4,3415,1466
40532,813350664984588,38438,3,3415,1466
40545,813350665850838,38125,3,3415,1466
40557,813350666672245,39531,3,3415,1466
40571,813350667586672,39687,3,3415,1466
40587,813350668502870,57760,4,3415,1466
40598,813350669375838,42188,3,3415,1466
40609,813350670214692,38230,3,3415,1466
40620,813350671051567,53855,4,3415,1466
40633,813350671876255,41719,3,3415,1466
40645,813350672771724,52552,4,3415,1466
40657,813350673685734,42604,3,3415,1466
40669,813350674585057,43281,3,3415,1466
40681,813350675445057,42500,3,3415,1466
40695,813350676331880,45469,3,3415,1466
40707,813350677205526,42031,3,3415,1466
40721,813350678073078,38281,3,3415,1466
40737,813350678905526,41094,3,3415,1466
40749,813350679743651,38073,3,3415,1466
40763,813350680667505,41667,3,3415,1466
40782,813350681457505,40365,3,3415,1466
40800,813350682269120,40729,3,3415,1466
40820,813350683072870,39427,3,3415,1466
40848,813350684105474,54114,4,3415,1466
40862,813350685082505,44844,3,3415,1466
40873,813350685969484,44948,3,3415,1466
40884,813350686819640,42344,3,3415,1466
40897,813350687674067,54584,4,3415,1466
40908,813350688572609,42292,3,3415,1466
40921,813350689447870,40989,3,3415,1466
40932,813350690279640,59584,4,3415,1466
40943,813350691158338,43854,3,3415,1466
40954,813350692072349,71614,3,3415,1466
40970,813350692943338,40521,3,3415,1466
40981,813350693757765,53334,4,3415,1466
40992,813350694595578,49792,4,3415,1466
41003,813350695412974,41718,3,3415,1466
41014,813350696277765,38021,3,3415,1466
41025,813350697094536,37396,3,3415,1466
41036,813350697929588,52917,4,3415,1466
41047,813350698749120,40260,3,3415,1466
41058,813350699719692,52813,4,3415,1466
41071,813350700596255,45937,3,3415,1466
41083,813350701452401,39583,3,3415,1466
41094,813350702332557,39323,3,3415,1466
41105,813350703214380,40677,3,3415,1466
41120,813350704064015,56355,3,3415,1466
41134,813350704933338,54167,4,3415,1466
41155,813350706081151,43177,3,3415,1466
41165,813350706653234,36302,3,3415,1466
41176,813350707556932,37708,3,3415,1466
41191,813350708435422,55677,4,3415,1466
41202,813350709270890,40313,3,3415,1466
41215,813350710081672,37187,3,3415,1466
41235,813350710906620,39687,3,3415,1466
41259,813350711673911,36406,3,3415,1466
41288,813350712460786,46198,4,3415,1466
41323,813350713244015,39844,3,3415,1466
41338,813350714077140,37865,3,3415,1466
41353,813350714908026,38750,3,3415,1466
41364,813350715765161,52813,4,3415,1466
41379,813350716709745,51458,4,3415,1466
41391,813350717561203,39844,3,3415,1466
41405,813350718405942,42605,3,3415,1466
41420,813350719242245,38281,3,3415,1466
41433,813350720050005,37031,3,3415,1466
41453,813350720880161,31927,3,3415,1466
41472,813350721695682,36927,3,3415,1466
41483,813350722506567,40886,3,3415,1466
41494,813350723345630,57292,4,3415,1466
41509,813350724216672,41093,3,3415,1466
41523,813350725114172,38489,3,3415,1466
41534,813350725928963,36563,3,3415,1466
41545,813350726789432,37656,3,3415,1466
41556,813350727598703,40781,3,3415,1466
41575,813350728448807,41354,3,3415,1466
41586,813350729250370,53072,4,3415,1466
41598,813350730047765,35209,3,3415,1466
41609,813350730879797,50156,4,3415,1466
41620,813350731684015,52552,4,3415,1466
41635,813350732568651,43750,3,3415,1466
41646,813350733427192,55209,4,3415,1466
41659,813350734296203,43281,3,3415,1466
41674,813350735130005,56719,4,3415,1466
41685,813350736044692,42761,3,3415,1466
41700,813350736896776,39166,3,3415,1466
41711,813350737723286,39792,3,3415,1466
41722,813350738500057,52344,4,3415,1466
41734,813350739341984,46250,3,3415,1466
41745,813350740267557,39375,3,3415,1466
41758,813350741115995,37135,3,3415,1466
41769,813350741908286,52761,4,3415,1466
41781,813350742699015,41094,3,3415,1466
41793,813350743520526,38125,3,3415,1466
41806,813350744394640,38542,3,3415,1466
41817,813350745205995,53697,4,3415,1466
41828,813350746006880,39844,3,3415,1466
41839,813350746847140,55052,4,3415,1466
41850,813350747624849,52448,4,3415,1466
41863,813350748568859,52500,4,3415,1466
41876,813350749417140,40990,3,3415,1466
41893,813350750863442,36198,3,3415,1466
41907,813350752315994,41928,4,3415,1466
41919,813350753535005,50052,3,3415,1466
41935,813350754423547,49791,4,3415,1466
41951,813350756023807,47969,4,3415,1466
41966,813350757043390,46771,4,3415,1466
41976,813350757969640,46615,4,3415,1466
42006,813350759818963,41979,4,3415,1466
42028,813350760805578,46458,4,3415,1466
42038,813350761690942,44167,4,3415,1466
42062,813350762691984,52344,3,3415,1466
42072,813350763687765,46771,3,3415,1466
42084,813350764629640,43438,3,3415,1466
42094,813350765483078,43802,3,3415,1466
42104,813350766366515,42552,3,3415,1466
42114,813350767208078,45833,3,3415,1466
42124,813350768044692,44115,3,3415,1466
42134,813350768942557,44323,3,3415,1466
42144,813350769755578,45521,3,3415,1466
42158,813350770610890,45938,3,3415,1466
42168,813350771465526,43333,3,3415,1466
42181,813350772672192,53438,4,3415,1466
42195,813350773487922,49531,4,3415,1466
42209,813350774401307,52969,3,3415,1466
42234,813350776139536,37656,4,3415,1466
42240,813350776379119,54948,4,3415,1466
42259,813350777282505,59896,3,3415,1466
42271,813350778192713,38646,3,3415,1466
42284,813350779040786,52865,4,3415,1466
42294,813350779924901,45833,4,3415,1466
42308,813350780790890,45104,4,3415,1466
42318,813350781609276,46875,4,3415,1466
42328,813350782418651,46146,4,3415,1466
42338,813350783263807,53698,3,3415,1466
42351,813350784183182,43073,3,3415,1466
42365,813350785022869,45782,3,3415,1466
42375,813350785885369,50417,4,3415,1466
42385,813350786762713,50104,3,3415,1466
42397,813350787691047,39583,3,3415,1466
42412,813350788554797,39010,3,3415,1466
42423,813350789415369,39948,3,3415,1466
42440,813350790244172,44062,4,3415,1466
42451,813350791100526,42343,4,3415,1466
42464,813350791905213,52240,3,3415,1466
42486,813350792743859,44531,4,3415,1466
42502,813350793584536,40677,4,3415,1466
42521,813350794401828,39062,4,3415,1466
42538,813350795246672,37500,4,3415,1466
42555,813350796453599,39166,4,3415,1466
42565,813350797014953,35885,4,3415,1466
42576,813350797842609,37500,4,3415,1466
42587,813350798680578,37083,4,3415,1466
42598,813350799542401,40052,4,3415,1466
42614,813350800390526,39948,4,3415,1466
42626,813350801209328,38229,4,3415,1466
42637,813350802023807,37969,4,3415,1466
42648,813350802883807,37135,4,3415,1466
42661,813350803933599,49531,3,3415,1466
42677,813350804980526,50729,4,3415,1466
36920,813350440294380,31198,3,3437,1466
25753,813349904345839,55729,2,3477,1466
25760,813349904485891,25260,2,3477,1466
25769,813349904669224,808177,2,3477,1466
25805,813349905843286,462969,2,3477,1466
25825,813349906480734,1412709,2,3477,1466
25868,813349908054120,787864,2,3477,1466
25938,813349910468911,514011,2,3477,1466
26006,813349912281307,221198,2,3477,1466
26014,813349912591620,156094,2,3477,1466
26020,813349912817141,115312,2,3477,1466
26030,813349913045214,306666,2,3477,1466
26058,813349913424745,105469,2,3477,1466
26068,813349913627661,924011,5,3477,1466
26100,813349914908182,220000,5,3477,1466
26112,813349915191776,114896,5,3477,1466
26119,813349915364693,625156,5,3477,1466
26139,813349916047141,1879114,5,3477,1466
26207,813349918087141,2976927,4,3477,1466
26296,813349921154901,2577083,4,3477,1466
26343,813349923770005,1811719,4,3477,1466
26399,813349925859901,172552,4,3477,1466
26410,813349926133547,127552,4,3477,1466
26420,813349926336828,182136,4,3477,1466
26435,813349926594172,33548489,4,3477,1466
27243,813349960159901,1000521,4,3477,1466
27283,813349961199068,41293489,2,3477,1466
28238,813350002524432,49046511,2,3477,1466
29625,813350056257297,6009219,2,3477,1466
29835,813350062316620,36347083,2,3477,1466
23834,813349826029797,1915260,3,3448,3421
23872,813349828250109,56459,4,3448,3421
23879,813349828373391,530573,4,3448,3421
25620,813349897265943,577187,2,3448,3421
27063,813349952047036,980678,2,3448,3421
28031,813349992737714,905416,4,3448,3421
31055,813350109041359,829271,6,3448,3421
31718,813350141925682,711719,2,3448,3421
32134,813350166180318,886510,2,3448,3421
32290,813350175875161,731563,2,3448,3421
33485,813350244800161,499948,4,3448,3421
33693,813350257540838,267605,4,3448,3421
33748,813350259551880,853073,4,3448,3421
33770,813350260458234,112917,4,3448,3421
34421,813350299295734,2590886,3,3448,3421
34463,813350301970526,1459896,2,3448,3421
34746,813350315192609,361667,2,3448,3421
35655,813350360730995,577187,2,3448,3421
35751,813350366974693,392552,2,3448,3421
35919,813350377740578,346667,2,3448,3421
37173,813350461142765,990782,2,3448,3421
37490,813350493558703,447604,3,3448,3421
37547,813350499626411,333907,4,3448,3421
38479,813350549168547,292448,4,3448,3421
38570,813350553545682,298125,4,3448,3421
39130,813350588060838,433854,4,3448,3421
39303,813350596950890,1250886,4,3448,3421
39481,813350607182870,779583,4,3448,3421
39502,813350608018911,534844,4,3448,3421
39521,813350608654953,596927,2,3448,3421
39591,813350611337817,306719,3,3448,3421
39691,813350617448703,372292,3,3448,3421
39803,813350623072088,184219,3,3448,3421
39808,813350623338651,288906,2,3448,3421
39916,813350630280578,204635,4,3448,3421
39921,813350630575057,133125,2,3448,3421
39962,813350633056880,263125,3,3448,3421
40031,813350637583442,300834,3,3448,3421
40088,813350639417349,260416,3,3448,3421
40093,813350639756307,130521,2,3448,3421
40120,813350641285838,286771,3,3448,3421
40564,813350667117245,107916,3,3448,3421
40567,813350667319484,413958,2,3448,3421
40639,813350672399849,327448,2,3448,3421
41880,813350749780213,384844,3,3448,3421
42172,813350771815317,267084,4,3448,3421
42178,813350772299067,373125,4,3448,3421
42183,813350772751776,120625,4,3448,3421
42214,813350774698130,1238542,4,3448,3421
42236,813350776177192,201927,4,3448,3421
42241,813350776434067,116146,4,3448,3421
42246,813350776610109,183542,3,3448,3421
42253,813350776809067,473438,3,3448,3421
42260,813350777342401,516146,3,3448,3421
42267,813350777957869,881094,2,3448,3421
42279,813350778861515,7986823,2,3448,3421
42652,813350803167922,315729,3,3448,3421
41882,813350750001099,1950468,4,3449,3421
41901,813350752048963,580625,2,3449,3421
41912,813350752664276,2100260,2,3449,3421
41942,813350754799484,7327448,2,3449,3421
42046,813350762163547,30208,2,3449,3421
42049,813350762225838,43281,2,3449,3421
42051,813350762298547,110416,2,3449,3421
42056,813350762439432,8281,2,3449,3421
42058,813350762460942,10292605,2,3449,3421
42186,813350772797244,1970625,2,3449,3421
42215,813350774767869,234636,2,3450,3421
42221,813350775027401,93958,2,3450,3421
42225,813350775352869,224688,2,3450,3421
42227,813350775642453,170000,3,3450,3421
42229,813350775840838,167188,2,3450,3421
42232,813350776025265,651979,2,3450,3421
42248,813350776742140,53542,2,3450,3421
42223,813350775121359,231510,2,3451,3421
42233,813350776067557,128385,3,3452,3421
25694,813349902132401,292396,2,3453,3421
25709,813349902892401,31667,2,3453,3421
25738,813349903720786,319323,3,3453,3421
25783,813349905109693,12396,4,3453,3421
25802,813349905699953,262656,4,3453,3421
25817,813349906204328,15104,3,3453,3421
25830,813349906708078,246563,4,3453,3421
25844,813349907208911,14740,3,3453,3421
25857,813349907799797,218646,4,3453,3421
25873,813349908239224,29531,6,3453,3421
25898,813349908884797,222812,3,3453,3421
25907,813349909330630,21563,6,3453,3421
25923,813349909959589,196979,3,3453,3421
25956,813349911123339,35677,4,3453,3421
29732,813350058635161,13386,3,3453,3421
35675,813350362077974,345000,2,3453,3421
35688,813350362611515,10261,2,3453,3421
35695,813350363121203,216510,2,3453,3421
35700,813350363599484,11823,2,3453,3421
35706,813350364070630,348177,2,3453,3421
35715,813350364585890,10157,2,3453,3421
35721,813350365041776,208698,2,3453,3421
35727,813350365430890,10625,2,3453,3421
35735,813350365863859,203386,2,3453,3421
35741,813350366278859,11615,2,3453,3421
35747,813350366727870,212395,2,3453,3421
35753,813350367204015,20157,4,3453,3421
35759,813350367599588,303073,4,3453,3421
35764,813350368107557,15261,4,3453,3421
35777,813350368625318,250104,2,3453,3421
35782,813350369104484,15209,2,3453,3421
35788,813350369606151,210677,2,3453,3421
35798,813350370023651,11510,2,3453,3421
35804,813350370505578,211146,2,3453,3421
35809,813350370917036,12657,2,3453,3421
35815,813350371413807,277448,2,3453,3421
35820,813350371925005,10417,2,3453,3421
35830,813350372560578,231042,2,3453,3421
35836,813350373005474,11927,2,3453,3421
35842,813350373524588,221927,2,3453,3421
35847,813350373958703,12240,2,3453,3421
35853,813350374480838,217605,2,3453,3421
35858,813350374911776,11719,2,3453,3421
35865,813350375437713,219636,2,3453,3421
35870,813350375866359,12031,2,3453,3421
35881,813350376416724,220156,2,3453,3421
35894,813350376875890,10521,2,3453,3421
35912,813350377307609,214584,2,3453,3421
35917,813350377703286,13594,2,3453,3421
35926,813350378166151,238385,2,3453,3421
35931,813350378624849,13021,2,3453,3421
35939,813350379330005,237969,2,3453,3421
35947,813350379769328,16823,2,3453,3421
35963,813350380392297,262864,3,3453,3421
35981,813350380892245,20885,4,3453,3421
35990,813350381303599,236302,3,3453,3421
35995,813350381795838,22917,4,3453,3421
36000,813350382220213,226823,3,3453,3421
36005,813350382702401,21042,4,3453,3421
36010,813350383133911,256615,4,3453,3421
36015,813350383652870,25885,3,3453,3421
36020,813350384084015,266250,4,3453,3421
36037,813350384599276,21302,3,3453,3421
36042,813350385000526,262500,3,3453,3421
36047,813350385540109,15938,4,3453,3421
36052,813350385954745,230468,3,3453,3421
36058,813350386443807,26615,4,3453,3421
36064,813350386875422,228802,3,3453,3421
36069,813350387343755,19271,4,3453,3421
36074,813350387859172,243125,4,3453,3421
36083,813350388493495,20885,3,3453,3421
36089,813350388963443,249375,3,3453,3421
36096,813350389465005,25104,4,3453,3421
36101,813350389888078,230000,3,3453,3421
36108,813350390381463,18646,4,3453,3421
36113,813350390807609,246250,4,3453,3421
36118,813350391342765,19584,3,3453,3421
36123,813350391753703,236406,3,3453,3421
36129,813350392302557,17865,4,3453,3421
36142,813350392725890,242761,3,3453,3421
36147,813350393234380,20885,4,3453,3421
36152,813350393653338,246927,4,3453,3421
36158,813350394168078,28281,3,3453,3421
36163,813350394687297,240989,3,3453,3421
36168,813350395191568,16822,4,3453,3421
36173,813350395680213,226563,3,3453,3421
36178,813350396204380,19896,4,3453,3421
36186,813350396725265,270105,4,3453,3421
36192,813350397303599,23750,3,3453,3421
36197,813350397708443,237447,3,3453,3421
36202,813350398219484,20521,4,3453,3421
36207,813350398738443,258072,4,3453,3421
36213,813350399237140,28386,3,3453,3421
36221,813350399660630,225104,4,3453,3421
36226,813350400159015,30678,3,3453,3421
36235,813350400590109,229219,4,3453,3421
36244,813350401063963,18490,3,3453,3421
36250,813350401475786,269636,3,3453,3421
36261,813350402321463,26198,4,3453,3421
36263,813350402529901,232500,3,3453,3421
36268,813350403021828,20833,4,3453,3421
36273,813350403468599,245469,4,3453,3421
36278,813350403988390,20730,3,3453,3421
36294,813350404562609,263854,3,3453,3421
36301,813350405066620,19895,4,3453,3421
36306,813350405572818,248437,4,3453,3421
36311,813350406103130,18906,3,3453,3421
36321,813350406502609,234115,3,3453,3421
36329,813350406990161,24584,4,3453,3421
36342,813350407555005,212969,3,3453,3421
36354,813350408001776,21562,4,3453,3421
36369,813350408463026,225052,4,3453,3421
36382,813350408953338,21823,3,3453,3421
36392,813350409363443,248385,3,3453,3421
36400,813350409916880,20052,3,3453,3421
36404,813350410276255,232917,3,3453,3421
36409,813350410756307,24219,4,3453,3421
36414,813350411172870,295729,3,3453,3421
36420,813350411707453,20104,3,3453,3421
36424,813350412075265,356146,3,3453,3421
36432,813350412670786,20677,4,3453,3421
36437,813350413084797,231302,3,3453,3421
36443,813350413505474,29531,2,3453,3421
36449,813350414013651,292239,2,3453,3421
36454,813350414472297,12083,2,3453,3421
36460,813350414960682,215000,2,3453,3421
36465,813350415364224,11510,2,3453,3421
36471,813350415814901,214114,2,3453,3421
36476,813350416236828,12187,2,3453,3421
36494,813350416697870,193385,2,3453,3421
36501,813350417094328,10417,2,3453,3421
36513,813350417529328,245417,2,3453,3421
36527,813350417946151,10885,2,3453,3421
36543,813350418424432,210781,2,3453,3421
36550,813350418818182,12188,2,3453,3421
36556,813350419298911,210834,2,3453,3421
36561,813350419692505,11250,2,3453,3421
36574,813350420279640,216146,2,3453,3421
36584,813350420684484,10521,2,3453,3421
36590,813350421170943,229739,2,3453,3421
36595,813350421611515,12657,2,3453,3421
36601,813350422055526,211562,2,3453,3421
36606,813350422439901,11562,2,3453,3421
36613,813350422966047,206510,2,3453,3421
36618,813350423358911,11250,2,3453,3421
36624,813350423798443,213593,2,3453,3421
36633,813350424236776,10729,2,3453,3421
36651,813350424729849,238437,2,3453,3421
36656,813350425158338,10209,2,3453,3421
36666,813350425699536,239427,2,3453,3421
36672,813350426169901,15052,2,3453,3421
36679,813350426705213,230417,2,3453,3421
36684,813350427139224,12291,2,3453,3421
36690,813350427712297,204687,2,3453,3421
36695,813350428114276,37187,2,3453,3421
36705,813350428726776,212187,2,3453,3421
36710,813350429117349,11719,2,3453,3421
36716,813350429615318,215208,2,3453,3421
36722,813350430029640,9584,2,3453,3421
36734,813350430514953,203437,2,3453,3421
36745,813350430919745,10520,2,3453,3421
36751,813350431390057,209844,2,3453,3421
36756,813350431799328,9844,2,3453,3421
36767,813350432312453,201875,2,3453,3421
36781,813350432709224,10677,2,3453,3421
36795,813350433164380,240313,2,3453,3421
36806,813350433595213,13490,2,3453,3421
36814,813350434051307,208386,2,3453,3421
36820,813350434444953,11458,2,3453,3421
36830,813350434892818,202656,2,3453,3421
36836,813350435294901,10260,2,3453,3421
36842,813350435845213,229896,2,3453,3421
36850,813350436387661,10782,2,3453,3421
36861,813350436935005,204688,2,3453,3421
36868,813350437333703,11875,2,3453,3421
36886,813350437993651,222448,2,3453,3421
36895,813350438400838,13855,2,3453,3421
36902,813350438896672,208125,2,3453,3421
36907,813350439303443,11614,2,3453,3421
36913,813350439783911,210886,2,3453,3421
36918,813350440254536,11719,2,3453,3421
36925,813350440713651,208906,2,3453,3421
36930,813350441139849,8906,2,3453,3421
36937,813350441564015,261146,4,3453,3421
36953,813350442071463,14115,4,3453,3421
36960,813350442571880,267188,3,3453,3421
36965,813350443012922,25833,4,3453,3421
36972,813350443466568,365625,3,3453,3421
36977,813350444041568,32708,4,3453,3421
36995,813350444601099,297135,3,3453,3421
37001,813350445114536,29740,4,3453,3421
37008,813350445678078,310208,3,3453,3421
37015,813350446208599,29791,4,3453,3421
37023,813350446770630,305208,3,3453,3421
37029,813350447274745,29635,4,3453,3421
37036,813350447853755,325781,3,3453,3421
37045,813350448355838,29688,4,3453,3421
37052,813350448925630,300260,3,3453,3421
37058,813350449421880,29323,4,3453,3421
37068,813350449976099,311614,3,3453,3421
37077,813350450485995,28385,4,3453,3421
37084,813350451037713,341823,3,3453,3421
37089,813350451640213,37032,4,3453,3421
37098,813350452400422,399531,3,3453,3421
37103,813350453064953,37396,4,3453,3421
37110,813350453783963,379792,3,3453,3421
37115,813350454427818,38125,4,3453,3421
37122,813350455111515,398125,3,3453,3421
37127,813350455771515,36823,4,3453,3421
37134,813350456593078,403021,3,3453,3421
37139,813350457260109,35938,4,3453,3421
37146,813350457945265,380625,3,3453,3421
37151,813350458633703,36354,4,3453,3421
37157,813350459314484,385938,4,3453,3421
37162,813350459950318,18541,4,3453,3421
37171,813350460777245,435104,3,3453,3421
37178,813350461623182,33438,3,3453,3421
37183,813350462243495,408489,2,3453,3421
37189,813350462957661,17969,2,3453,3421
37195,813350463669484,335938,2,3453,3421
37200,813350464331307,16302,2,3453,3421
37208,813350465019953,325781,2,3453,3421
37213,813350465637818,14895,2,3453,3421
37219,813350466319588,329271,2,3453,3421
37224,813350466931620,17291,2,3453,3421
37230,813350467620578,320625,2,3453,3421
37237,813350468322245,17083,2,3453,3421
37246,813350468928911,339375,2,3453,3421
37254,813350469536568,15729,2,3453,3421
37260,813350470276776,317604,2,3453,3421
37267,813350470884849,15469,2,3453,3421
37275,813350471627349,311719,2,3453,3421
37282,813350472271932,16823,2,3453,3421
37288,813350472932401,343021,2,3453,3421
37293,813350473589015,19584,2,3453,3421
37300,813350474312818,357083,2,3453,3421
37305,813350474958495,14375,2,3453,3421
37313,813350475612505,343385,2,3453,3421
37319,813350476347870,17187,2,3453,3421
37328,813350477064120,330625,2,3453,3421
37336,813350477675890,17084,2,3453,3421
37342,813350478453859,338802,2,3453,3421
37347,813350479100422,17812,2,3453,3421
37353,813350479869068,377656,2,3453,3421
37359,813350480628599,15260,2,3453,3421
37366,813350481440526,354844,2,3453,3421
37371,813350482120630,17344,2,3453,3421
37379,813350482862922,313489,2,3453,3421
37384,813350483468599,19375,2,3453,3421
37393,813350484342974,316510,2,3453,3421
37398,813350484948182,17448,2,3453,3421
37407,813350485744432,309844,2,3453,3421
37412,813350486337297,16354,2,3453,3421
37418,813350487028078,309115,2,3453,3421
37426,813350487670213,15886,2,3453,3421
37434,813350488363286,307448,2,3453,3421
37439,813350488940682,16042,2,3453,3421
37445,813350489622765,306355,2,3453,3421
37450,813350490211620,15573,2,3453,3421
37456,813350490889745,311927,2,3453,3421
37462,813350491484015,12709,2,3453,3421
37470,813350492243443,286979,2,3453,3421
37480,813350492779380,14167,2,3453,3421
37488,813350493411828,334375,2,3453,3421
37496,813350494143286,15261,2,3453,3421
37501,813350494650682,281302,2,3453,3421
37506,813350495199068,14010,2,3453,3421
37512,813350495871776,336302,2,3453,3421
37517,813350496458443,16666,2,3453,3421
37523,813350497105734,276302,2,3453,3421
37528,813350497639693,17239,2,3453,3421
37534,813350498266984,315573,2,3453,3421
37539,813350498834953,14062,2,3453,3421
37545,813350499452036,361198,2,3453,3421
37552,813350500084068,61562,2,3453,3421
37565,813350500749224,237916,2,3453,3421
37571,813350501229745,10520,2,3453,3421
37578,813350501761620,224635,2,3453,3421
37584,813350502219224,12552,2,3453,3421
37590,813350502754536,244323,2,3453,3421
37595,813350503210109,11615,2,3453,3421
37603,813350503759432,217656,2,3453,3421
37612,813350504307765,22657,3,3453,3421
37621,813350504729953,280365,3,3453,3421
37629,813350505296515,22448,3,3453,3421
37642,813350505747140,263594,3,3453,3421
37654,813350506294588,28855,4,3453,3421
37662,813350506758390,275625,3,3453,3421
37669,813350507287297,19687,4,3453,3421
37682,813350507801359,261042,4,3453,3421
37697,813350508469536,22344,4,3453,3421
37710,813350508933390,251303,4,3453,3421
37722,813350509401307,25938,2,3453,3421
37732,813350509895318,291562,2,3453,3421
37739,813350510437765,12709,2,3453,3421
37748,813350510993338,243959,2,3453,3421
37756,813350511509797,13906,2,3453,3421
37760,813350512170526,256510,2,3453,3421
37766,813350512672870,13645,2,3453,3421
37774,813350513253338,221146,2,3453,3421
37779,813350513683963,11771,2,3453,3421
37785,813350514233234,230990,2,3453,3421
37790,813350514682765,11511,2,3453,3421
37796,813350515238599,273646,2,3453,3421
37800,813350515697713,10417,2,3453,3421
37808,813350516509693,235000,2,3453,3421
37814,813350516948182,14219,2,3453,3421
37823,813350517479380,210365,2,3453,3421
37828,813350517905526,10833,2,3453,3421
37834,813350518387453,200937,2,3453,3421
37840,813350518783911,9896,2,3453,3421
37850,813350519332661,190157,2,3453,3421
37856,813350519720995,12187,2,3453,3421
37862,813350520241515,214375,2,3453,3421
37870,813350520651932,10417,2,3453,3421
37877,813350521145995,202812,2,3453,3421
37882,813350521537661,10000,2,3453,3421
37888,813350522001672,195104,2,3453,3421
37893,813350522408755,9271,2,3453,3421
37899,813350522885213,205365,2,3453,3421
37904,813350523266255,12813,2,3453,3421
37911,813350523814068,214635,2,3453,3421
37922,813350524280318,13020,2,3453,3421
37934,813350524762765,229480,2,3453,3421
37939,813350525237349,12812,2,3453,3421
37949,813350525763755,199375,2,3453,3421
37954,813350526144536,10417,2,3453,3421
37961,813350526605213,203073,2,3453,3421
37968,813350527004015,10469,2,3453,3421
37977,813350527460526,195573,2,3453,3421
37988,813350527840786,11511,2,3453,3421
38005,813350528332609,241667,2,3453,3421
38017,813350528822297,16718,2,3453,3421
38030,813350529277765,250677,2,3453,3421
38045,813350529722765,9688,2,3453,3421
38063,813350530204640,222969,2,3453,3421
38078,813350530641203,22760,2,3453,3421
38092,813350531101047,217135,2,3453,3421
38107,813350531608755,15260,2,3453,3421
38118,813350532190786,265573,2,3453,3421
38135,813350532670213,12500,2,3453,3421
38146,813350533220995,240833,2,3453,3421
38157,813350533676724,14218,2,3453,3421
38175,813350534160578,229531,2,3453,3421
38182,813350534594745,11875,2,3453,3421
38195,813350535156932,229479,2,3453,3421
38201,813350535616255,11510,2,3453,3421
38207,813350536086151,247344,2,3453,3421
38214,813350536546620,13229,2,3453,3421
38223,813350537189120,261250,2,3453,3421
38234,813350537656724,41354,2,3453,3421
38245,813350538189797,212343,2,3453,3421
38253,813350538620682,10677,2,3453,3421
38266,813350539103703,224479,2,3453,3421
38275,813350539561776,12708,2,3453,3421
38282,813350540068130,237969,2,3453,3421
38294,813350540485317,59011,2,3453,3421
38307,813350540924588,227552,2,3453,3421
38314,813350541333026,10521,2,3453,3421
38320,813350541818599,200260,2,3453,3421
38325,813350542241776,9583,2,3453,3421
38333,813350542672661,198281,2,3453,3421
38340,813350543044015,12552,2,3453,3421
38351,813350543497245,195677,2,3453,3421
38362,813350543881567,10313,2,3453,3421
38383,813350544451359,200261,2,3453,3421
38395,813350544841463,16302,2,3453,3421
38406,813350545293078,192917,2,3453,3421
38418,813350545666620,11562,2,3453,3421
38426,813350546133078,223750,2,3453,3421
38431,813350546573599,10416,2,3453,3421
38440,813350547023599,205260,2,3453,3421
38445,813350547457922,16302,2,3453,3421
38451,813350547939172,335416,2,3453,3421
38471,813350548423026,12500,2,3453,3421
38477,813350548941151,292552,2,3453,3421
38483,813350549465474,12135,2,3453,3421
38490,813350550031255,203021,2,3453,3421
38495,813350550435890,10417,2,3453,3421
38501,813350550868182,198594,2,3453,3421
38506,813350551283911,10834,2,3453,3421
38513,813350551785526,195937,2,3453,3421
38520,813350552202401,9791,2,3453,3421
38535,813350552638130,199583,2,3453,3421
38548,813350553000578,9271,2,3453,3421
38565,813350553464224,222968,2,3453,3421
38576,813350553879692,13021,2,3453,3421
38587,813350554397401,190469,2,3453,3421
38596,813350554774797,9739,2,3453,3421
38605,813350555232713,244427,2,3453,3421
38612,813350555649328,10573,2,3453,3421
38625,813350556112557,288490,2,3453,3421
38637,813350556649797,11927,2,3453,3421
38652,813350557076255,191250,2,3453,3421
38662,813350557445630,14635,2,3453,3421
38677,813350557860630,201562,2,3453,3421
38684,813350558245682,13854,2,3453,3421
38690,813350558716567,201250,2,3453,3421
38695,813350559120526,11510,2,3453,3421
38701,813350559600630,208229,2,3453,3421
38710,813350560000526,12708,2,3453,3421
38718,813350560474380,216979,2,3453,3421
38723,813350560879172,12864,2,3453,3421
38729,813350561342349,218646,2,3453,3421
38734,813350561736307,10729,2,3453,3421
38741,813350562241151,201875,2,3453,3421
38746,813350562639484,11511,2,3453,3421
38752,813350563110786,198750,2,3453,3421
38757,813350563561672,12395,2,3453,3421
38763,813350563979380,415000,2,3453,3421
38776,813350564592349,15781,2,3453,3421
38782,813350565113390,225417,2,3453,3421
38787,813350565569067,13178,2,3453,3421
38793,813350566056567,210782,2,3453,3421
38798,813350566476932,12500,2,3453,3421
38804,813350566959849,219427,2,3453,3421
38809,813350567368390,16042,2,3453,3421
38816,813350567884067,211875,2,3453,3421
38826,813350568311620,55677,2,3453,3421
38833,813350568804692,200053,2,3453,3421
38838,813350569202557,11302,2,3453,3421
38847,813350569648495,193541,2,3453,3421
38858,813350570050995,11562,2,3453,3421
38869,813350570506776,194791,2,3453,3421
38877,813350570889797,11458,2,3453,3421
38885,813350571387974,204375,2,3453,3421
38891,813350571776151,10052,2,3453,3421
38900,813350572344953,225989,2,3453,3421
38911,813350572736099,11093,2,3453,3421
38919,813350573183859,185938,2,3453,3421
38928,813350573561359,24011,2,3453,3421
38936,813350574168755,263177,2,3453,3421
38943,813350574618703,12552,2,3453,3421
38951,813350575131828,218333,2,3453,3421
38956,813350575558026,12344,2,3453,3421
38962,813350576036620,261406,2,3453,3421
38969,813350576498182,10677,2,3453,3421
38977,813350576951567,238750,2,3453,3421
38982,813350577364745,11718,2,3453,3421
38991,813350577825838,216459,2,3453,3421
38996,813350578223338,11771,2,3453,3421
39002,813350578715317,206459,2,3453,3421
39007,813350579150578,11458,2,3453,3421
39013,813350579646359,258333,2,3453,3421
39018,813350580099328,10989,2,3453,3421
39031,813350580679953,216146,2,3453,3421
39036,813350581100630,11719,2,3453,3421
39042,813350581565630,209062,2,3453,3421
39047,813350581967349,11458,2,3453,3421
39053,813350582462088,208802,2,3453,3421
39058,813350582870630,11198,2,3453,3421
39064,813350583355109,208854,2,3453,3421
39069,813350583742192,11355,2,3453,3421
39077,813350584302609,215990,2,3453,3421
39084,813350584739432,13594,2,3453,3421
39090,813350585207713,207396,2,3453,3421
39095,813350585614953,11667,2,3453,3421
39101,813350586088547,199583,2,3453,3421
39111,813350586487349,9948,2,3453,3421
39117,813350586979328,209010,2,3453,3421
39122,813350587416567,16094,2,3453,3421
39128,813350587870474,292187,2,3453,3421
39135,813350588297297,11875,2,3453,3421
39155,813350588930890,203125,2,3453,3421
39160,813350589352297,10781,2,3453,3421
39166,813350589815526,199062,2,3453,3421
39171,813350590209224,10885,2,3453,3421
39177,813350590698963,201875,2,3453,3421
39182,813350591100526,10937,2,3453,3421
39188,813350591551724,215000,2,3453,3421
39193,813350591954797,10104,2,3453,3421
39203,813350592458495,209322,2,3453,3421
39209,813350592860474,11562,2,3453,3421
39219,813350593288286,193177,2,3453,3421
39232,813350593664328,11354,2,3453,3421
39244,813350594110265,184115,2,3453,3421
39256,813350594473286,9844,2,3453,3421
39268,813350594906984,187604,2,3453,3421
39274,813350595286932,11042,2,3453,3421
39280,813350595811203,226094,2,3453,3421
39287,813350596292922,9218,2,3453,3421
39300,813350596772453,226406,2,3453,3421
39306,813350597173234,11563,2,3453,3421
39310,813350597847453,193489,2,3453,3421
39318,813350598238286,10781,2,3453,3421
39325,813350598749067,199532,2,3453,3421
39330,813350599143442,10313,2,3453,3421
39337,813350599618599,201823,2,3453,3421
39342,813350600019588,11042,2,3453,3421
39349,813350600497401,182864,2,3453,3421
39354,813350600870005,11302,2,3453,3421
39361,813350601307453,184323,2,3453,3421
39366,813350601673703,9635,2,3453,3421
39375,813350602109536,188438,2,3453,3421
39381,813350602486151,10208,2,3453,3421
39387,813350602945838,192709,2,3453,3421
39394,813350603345526,10521,2,3453,3421
39400,813350603793755,188646,2,3453,3421
39407,813350604206151,9791,2,3453,3421
39417,813350604633182,192708,2,3453,3421
39425,813350605003599,9843,2,3453,3421
39437,813350605441620,181666,2,3453,3421
39449,813350605801255,9427,2,3453,3421
39463,813350606249536,187604,2,3453,3421
39468,813350606631047,8645,2,3453,3421
39479,813350607162505,300625,3,3453,3421
39483,813350607526203,23125,3,3453,3421
39489,813350607751932,36354,3,3453,3421
39504,813350608174640,199740,2,3453,3421
39518,813350608634953,20000,2,3453,3421
39536,813350609098390,255105,3,3453,3421
39550,813350609539432,12188,3,3453,3421
39566,813350609981880,286302,4,3453,3421
39576,813350610413599,26093,3,3453,3421
39583,813350610868338,291667,4,3453,3421
39590,813350611301672,36145,3,3453,3421
39597,813350611832557,212396,2,3453,3421
39611,813350612371567,10157,2,3453,3421
39621,813350612825578,203594,2,3453,3421
39626,813350613233807,10990,2,3453,3421
39632,813350613709328,196354,2,3453,3421
39637,813350614116620,12552,2,3453,3421
39643,813350614598338,210886,2,3453,3421
39648,813350615010995,10208,2,3453,3421
39656,813350615451047,197395,2,3453,3421
39661,813350615824172,12135,2,3453,3421
39677,813350616396099,198385,2,3453,3421
39682,813350616794536,12552,2,3453,3421
39686,813350617272140,212240,2,3453,3421
39695,813350617720890,11250,2,3453,3421
39707,813350618371203,195208,2,3453,3421
39713,813350618766411,10886,2,3453,3421
39721,813350619308182,201250,2,3453,3421
39727,813350619706880,13802,2,3453,3421
39740,813350620283755,196146,2,3453,3421
39753,813350620677817,10990,2,3453,3421
39763,813350621134588,192188,2,3453,3421
39772,813350621528859,10573,2,3453,3421
39783,813350621982713,197032,2,3453,3421
39794,813350622385734,13750,2,3453,3421
39801,813350622867453,249323,2,3453,3421
39807,813350623316151,22500,2,3453,3421
39815,813350623795109,215625,2,3453,3421
39822,813350624241099,10312,2,3453,3421
39831,813350624684692,202396,2,3453,3421
39836,813350625065370,10937,2,3453,3421
39846,813350625533755,199948,2,3453,3421
39854,813350625923963,11407,2,3453,3421
39863,813350626371255,231510,2,3453,3421
39869,813350626816672,10937,2,3453,3421
39875,813350627270734,248438,2,3453,3421
39880,813350627687609,13177,2,3453,3421
39888,813350628312192,196094,2,3453,3421
39896,813350628698703,12448,2,3453,3421
39901,813350629198026,193854,2,3453,3421
39907,813350629603234,13125,2,3453,3421
39914,813350630127505,225104,2,3453,3421
39920,813350630551984,23073,2,3453,3421
39929,813350631069849,212812,2,3453,3421
39935,813350631488755,11667,2,3453,3421
39941,813350631975057,256198,2,3453,3421
39952,813350632425838,10052,2,3453,3421
39960,813350632909276,221406,2,3453,3421
39967,813350633338547,11354,2,3453,3421
39974,813350633931307,196146,2,3453,3421
39979,813350634330474,10833,2,3453,3421
39985,813350634780057,206146,2,3453,3421
39990,813350635179224,11771,2,3453,3421
39996,813350635728286,197292,2,3453,3421
40001,813350636118182,59948,2,3453,3421
40015,813350636624015,194688,2,3453,3421
40021,813350637023495,12031,2,3453,3421
40028,813350637489380,220104,2,3453,3421
40042,813350637961724,16562,2,3453,3421
40060,813350638402349,280416,2,3453,3421
40077,813350638868599,9948,2,3453,3421
40085,813350639319067,229896,2,3453,3421
40092,813350639733807,22500,2,3453,3421
40102,813350640248130,207760,2,3453,3421
40112,813350640652817,11823,2,3453,3421
40118,813350641122349,217291,2,3453,3421
40123,813350641570890,10313,2,3453,3421
40131,813350642107765,199375,2,3453,3421
40136,813350642511724,13281,2,3453,3421
40143,813350642972036,219896,2,3453,3421
40149,813350643410682,11354,2,3453,3421
40155,813350643862557,191979,2,3453,3421
40162,813350644327088,10573,2,3453,3421
40169,813350644798286,187396,2,3453,3421
40176,813350645176047,9791,2,3453,3421
40184,813350645636672,194375,2,3453,3421
40189,813350646039276,11406,2,3453,3421
40195,813350646500265,208750,2,3453,3421
40200,813350646906932,11458,2,3453,3421
40206,813350647343599,193698,2,3453,3421
40211,813350647718026,10000,2,3453,3421
40219,813350648208495,188489,2,3453,3421
40228,813350648589224,9010,2,3453,3421
40241,813350649052870,189531,2,3453,3421
40247,813350649435370,11979,2,3453,3421
40259,813350649882974,195260,2,3453,3421
40268,813350650270786,10834,2,3453,3421
40274,813350650720786,187188,2,3453,3421
40279,813350651096567,9844,2,3453,3421
40287,813350651565057,180938,2,3453,3421
40295,813350651928859,11719,2,3453,3421
40309,813350652375838,185157,2,3453,3421
40320,813350652727974,10573,2,3453,3421
40336,813350653176359,206979,2,3453,3421
40346,813350653578911,9323,2,3453,3421
40354,813350654022870,202812,2,3453,3421
40364,813350654409380,10260,2,3453,3421
40377,813350654865890,189896,2,3453,3421
40383,813350655264953,9687,2,3453,3421
40389,813350655734953,201198,2,3453,3421
40394,813350656158703,11823,2,3453,3421
40400,813350656633130,192448,2,3453,3421
40405,813350657018338,11146,2,3453,3421
40411,813350657473651,224271,2,3453,3421
40416,813350657893390,13802,2,3453,3421
40423,813350658396620,177500,2,3453,3421
40432,813350658763234,12604,2,3453,3421
40441,813350659211620,251093,2,3453,3421
40446,813350659645630,11615,2,3453,3421
40452,813350660159380,190000,2,3453,3421
40458,813350660541828,12344,2,3453,3421
40465,813350660971411,199740,2,3453,3421
40470,813350661351463,11354,2,3453,3421
40482,813350661809745,172968,2,3453,3421
40493,813350662167713,11302,2,3453,3421
40499,813350662647453,198177,2,3453,3421
40504,813350663041359,11823,2,3453,3421
40510,813350663499536,191094,2,3453,3421
40517,813350663909953,11094,2,3453,3421
40523,813350664369015,186823,2,3453,3421
40528,813350664735942,10938,2,3453,3421
40534,813350665207609,197552,2,3453,3421
40541,813350665601359,11250,2,3453,3421
40548,813350666034588,190729,2,3453,3421
40553,813350666410578,11042,2,3453,3421
40559,813350666882140,187657,2,3453,3421
40566,813350667296359,23125,2,3453,3421
40575,813350667791255,219323,2,3453,3421
40582,813350668312453,12917,2,3453,3421
40589,813350668717765,213855,2,3453,3421
40594,813350669113807,11875,2,3453,3421
40600,813350669571724,196458,2,3453,3421
40605,813350669968651,10885,2,3453,3421
40611,813350670419953,196979,2,3453,3421
40616,813350670812609,11615,2,3453,3421
40624,813350671241463,197813,2,3453,3421
40629,813350671616255,12187,2,3453,3421
40635,813350672087192,245261,2,3453,3421
40642,813350672627349,23646,4,3453,3421
40647,813350672976932,252813,4,3453,3421
40652,813350673436203,16510,4,3453,3421
40659,813350673897453,285885,3,3453,3421
40664,813350674335109,28229,4,3453,3421
40671,813350674776776,246979,3,3453,3421
40676,813350675180474,26302,4,3453,3421
40683,813350675660317,240678,3,3453,3421
40688,813350676057297,25781,4,3453,3421
40697,813350676534536,264792,3,3453,3421
40702,813350676955630,28281,4,3453,3421
40709,813350677411203,235417,3,3453,3421
40716,813350677819797,26458,4,3453,3421
40723,813350678266880,238229,3,3453,3421
40732,813350678674953,27187,4,3453,3421
40739,813350679105942,240678,3,3453,3421
40744,813350679509849,29062,4,3453,3421
40751,813350679969536,320313,3,3453,3421
40758,813350680441099,25468,4,3453,3421
40766,813350680846151,237031,3,3453,3421
40775,813350681231411,24948,4,3453,3421
40788,813350681646359,230521,3,3453,3421
40795,813350682051880,24583,4,3453,3421
40803,813350682441828,235312,3,3453,3421
40811,813350682822140,25000,4,3453,3421
40824,813350683247453,313489,2,3453,3421
40842,813350683780682,13750,2,3453,3421
40852,813350684395370,212187,2,3453,3421
40857,813350684794588,14063,2,3453,3421
40864,813350685294015,204219,2,3453,3421
40869,813350685707088,10365,2,3453,3421
40875,813350686161828,197187,2,3453,3421
40880,813350686570786,11146,2,3453,3421
40886,813350687037245,198385,2,3453,3421
40892,813350687428078,10781,2,3453,3421
40899,813350687867922,237291,2,3453,3421
40904,813350688311203,17239,2,3453,3421
40912,813350688785995,197552,2,3453,3421
40917,813350689179432,12135,2,3453,3421
40923,813350689637765,197084,2,3453,3421
40928,813350690037870,11145,2,3453,3421
40934,813350690475474,201146,2,3453,3421
40939,813350690885630,10990,2,3453,3421
40945,813350691393338,219271,2,3453,3421
40950,813350691812140,10886,2,3453,3421
40958,813350692302297,193229,2,3453,3421
40965,813350692681776,10885,2,3453,3421
40972,813350693137140,196875,2,3453,3421
40977,813350693524432,10469,2,3453,3421
40983,813350693941567,198594,2,3453,3421
40988,813350694323130,12656,2,3453,3421
40994,813350694781203,204062,2,3453,3421
40999,813350695161776,13333,2,3453,3421
41005,813350695604797,195052,2,3453,3421
41010,813350695999067,13907,2,3453,3421
41016,813350696466515,192292,2,3453,3421
41021,813350696843807,12500,2,3453,3421
41027,813350697280890,213855,2,3453,3421
41032,813350697688495,11770,2,3453,3421
41038,813350698119276,194062,2,3453,3421
41043,813350698495265,11875,2,3453,3421
41049,813350698945317,203542,2,3453,3421
41054,813350699341203,12239,2,3453,3421
41060,813350699912974,250937,2,3453,3421
41067,813350700323442,19844,2,3453,3421
41074,813350700793182,198542,2,3453,3421
41079,813350701189901,12031,2,3453,3421
41085,813350701671099,197500,2,3453,3421
41090,813350702067609,10938,2,3453,3421
41096,813350702534380,229115,2,3453,3421
41101,813350702957349,12187,2,3453,3421
41107,813350703423442,197084,2,3453,3421
41115,813350703809432,11354,2,3453,3421
41125,813350704281984,199115,2,3453,3421
41130,813350704690942,12188,2,3453,3421
41136,813350705136828,197396,2,3453,3421
41144,813350705512661,10990,2,3453,3421
41154,813350705986724,196250,2,3453,3421
41161,813350706377297,12708,2,3453,3421
41167,813350706870734,191146,2,3453,3421
41172,813350707270630,11458,2,3453,3421
41178,813350707787297,192708,2,3453,3421
41184,813350708215995,53385,2,3453,3421
41193,813350708623338,191407,2,3453,3421
41198,813350709002453,10989,2,3453,3421
41204,813350709467297,179843,2,3453,3421
41210,813350709843755,10729,2,3453,3421
41220,813350710269484,196771,2,3453,3421
41228,813350710652817,10782,2,3453,3421
41238,813350711087817,191303,2,3453,3421
41252,813350711444692,12865,2,3453,3421
41267,813350711847505,199948,2,3453,3421
41278,813350712240005,11510,2,3453,3421
41294,813350712649536,182709,2,3453,3421
41312,813350712996567,10365,2,3453,3421
41325,813350713433026,200208,2,3453,3421
41334,813350713830161,11823,2,3453,3421
41340,813350714283026,189583,2,3453,3421
41349,813350714653130,11771,2,3453,3421
41355,813350715093026,188541,2,3453,3421
41360,813350715530213,10052,2,3453,3421
41366,813350716008286,273959,2,3453,3421
41375,813350716457661,13177,2,3453,3421
41381,813350716892557,227083,2,3453,3421
41386,813350717288755,14010,2,3453,3421
41395,813350717773078,180937,2,3453,3421
41401,813350718161463,11667,2,3453,3421
41408,813350718616151,176979,2,3453,3421
41416,813350718982401,10677,2,3453,3421
41423,813350719442765,185886,2,3453,3421
41428,813350719813651,9323,2,3453,3421
41436,813350720275682,192083,2,3453,3421
41446,813350720648442,9740,2,3453,3421
41456,813350721080265,191823,2,3453,3421
41468,813350721455370,12395,2,3453,3421
41474,813350721878026,188437,2,3453,3421
41479,813350722257505,12344,2,3453,3421
41485,813350722717817,198178,2,3453,3421
41490,813350723100370,11666,2,3453,3421
41498,813350723531828,190521,2,3453,3421
41503,813350723902609,11458,2,3453,3421
41514,813350724454432,219323,2,3453,3421
41519,813350724859276,11458,2,3453,3421
41525,813350725301047,194739,2,3453,3421
41530,813350725682401,13646,2,3453,3421
41536,813350726095995,213281,2,3453,3421
41541,813350726512609,11511,2,3453,3421
41547,813350726970474,192708,2,3453,3421
41552,813350727352349,10416,2,3453,3421
41558,813350727785786,198490,2,3453,3421
41564,813350728197609,10365,2,3453,3421
41577,813350728641932,189844,2,3453,3421
41582,813350729017349,10312,2,3453,3421
41588,813350729427245,188958,2,3453,3421
41593,813350729780995,12135,2,3453,3421
41600,813350730266255,194375,2,3453,3421
41605,813350730654224,12343,2,3453,3421
41611,813350731052349,189271,2,3453,3421
41616,813350731447192,18490,2,3453,3421
41622,813350731894745,273906,2,3453,3421
41630,813350732299588,14219,2,3453,3421
41637,813350732776828,199635,2,3453,3421
41642,813350733167245,13645,2,3453,3421
41648,813350733618807,210104,2,3453,3421
41655,813350734012088,13021,2,3453,3421
41665,813350734480005,200677,2,3453,3421
41670,813350734882245,11770,2,3453,3421
41676,813350735337661,216823,2,3453,3421
41681,813350735770786,12813,2,3453,3421
41689,813350736269588,193594,2,3453,3421
41696,813350736657192,11928,2,3453,3421
41702,813350737108755,188698,2,3453,3421
41707,813350737477297,11562,2,3453,3421
41713,813350737890682,188490,2,3453,3421
41718,813350738266463,10521,2,3453,3421
41724,813350738696047,201823,2,3453,3421
41729,813350739071151,10989,2,3453,3421
41736,813350739537245,200729,2,3453,3421
41741,813350739939067,14428,2,3453,3421
41749,813350740481411,203229,2,3453,3421
41754,813350740876411,10000,2,3453,3421
41760,813350741288651,190781,2,3453,3421
41765,813350741668963,11042,2,3453,3421
41771,813350742082192,183803,2,3453,3421
41777,813350742443963,11302,2,3453,3421
41783,813350742886359,198281,2,3453,3421
41789,813350743271724,12083,2,3453,3421
41797,813350743704276,188854,2,3453,3421
41802,813350744100161,10729,2,3453,3421
41808,813350744594172,193437,2,3453,3421
41813,813350744974536,12292,2,3453,3421
41819,813350745391724,188750,2,3453,3421
41824,813350745753859,10990,2,3453,3421
41830,813350746217974,222968,2,3453,3421
41835,813350746627505,12396,2,3453,3421
41841,813350747017036,193177,2,3453,3421
41846,813350747410942,17136,2,3453,3421
41852,813350747841619,214323,2,3453,3421
41859,813350748332244,10573,2,3453,3421
41865,813350748764797,202864,2,3453,3421
41872,813350749150213,12604,2,3453,3421
41878,813350749628390,517657,2,3453,3421
41889,813350750415994,16042,2,3453,3421
41892,813350750791151,127396,2,3453,3421
41896,813350751645890,160209,2,3453,3421
41900,813350752026515,22448,2,3453,3421
41909,813350752527036,495417,4,3453,3421
41916,813350753336099,21458,3,3453,3421
41923,813350753719744,247865,3,3453,3421
41930,813350754233547,23541,4,3453,3421
41939,813350754613755,204792,4,3453,3421
41944,813350755006984,344271,4,3453,3421
41948,813350755810786,26146,4,3453,3421
41954,813350756250786,310990,4,3453,3421
41964,813350756868911,23438,4,3453,3421
41968,813350757243703,277291,4,3453,3421
41974,813350757810265,22188,4,3453,3421
41978,813350758142609,152917,4,3453,3421
41992,813350759205786,183021,4,3453,3421
42000,813350759660890,20782,4,3453,3421
42010,813350760011880,319687,4,3453,3421
42026,813350760625213,24063,4,3453,3421
42030,813350760993651,252083,4,3453,3421
42036,813350761530838,20313,4,3453,3421
42042,813350761870213,311406,4,3453,3421
42060,813350762623026,20781,3,3453,3421
42064,813350762890682,284531,3,3453,3421
42069,813350763487817,21355,3,3453,3421
42074,813350763882869,277188,3,3453,3421
42081,813350764407088,31406,4,3453,3421
42086,813350764809797,252864,3,3453,3421
42092,813350765322349,22135,3,3453,3421
42096,813350765666307,236250,3,3453,3421
42102,813350766177453,21823,3,3453,3421
42106,813350766548442,235313,3,3453,3421
42112,813350767040682,22969,3,3453,3421
42116,813350767396672,231510,3,3453,3421
42122,813350767883026,21927,3,3453,3421
42126,813350768274484,246198,3,3453,3421
42132,813350768778703,23802,3,3453,3421
42136,813350769110786,230261,3,3453,3421
42142,813350769600265,22084,3,3453,3421
42146,813350769954797,231822,3,3453,3421
42154,813350770450682,21302,3,3453,3421
42160,813350770783338,236302,3,3453,3421
42166,813350771271724,20885,3,3453,3421
42170,813350771675422,315937,3,3453,3421
42184,813350772753547,9583,2,3453,3421
25695,813349902220266,37343,4,3454,3421
35676,813350362157922,53646,3,3454,3421
42182,813350772725630,26146,4,3454,3421
34493,813350303430422,15469,2,3460,3421
42250,813350776793651,15416,3,3460,3421
42344,813350783800005,47760,0,3460,3421
23888,813349828659589,171354,3,3468,3421
23891,813349828903964,185364,4,3468,3421
23927,813349830201203,275104,4,3468,3421
23947,813349831156359,286719,4,3468,3421
23963,813349832081932,282605,4,3468,3421
23977,813349833072714,249739,4,3468,3421
23988,813349833940526,265938,4,3468,3421
24002,813349834807818,283698,4,3468,3421
24022,813349835915057,403282,4,3468,3421
24059,813349836970214,296458,4,3468,3421
24100,813349837963078,236250,4,3468,3421
24130,813349838857662,249635,4,3468,3421
24146,813349839758495,219010,4,3468,3421
24159,813349840612766,236979,4,3468,3421
24176,813349841481620,258958,4,3468,3421
24188,813349842351568,223802,4,3468,3421
24205,813349843142453,251250,4,3468,3421
24242,813349844114901,297865,2,3468,3421
24274,813349845060318,253177,4,3468,3421
24309,813349846186620,16823,3,3468,3421
24313,813349846317609,37657,4,3468,3421
24315,813349846408443,271771,3,3468,3421
24336,813349847513287,312604,3,3468,3421
24362,813349848554328,272344,3,3468,3421
24375,813349849459276,274011,3,3468,3421
24388,813349850314068,273281,3,3468,3421
24401,813349851229693,307187,3,3468,3421
24429,813349852320787,237343,3,3468,3421
24459,813349853326880,300938,3,3468,3421
24497,813349854811203,235156,3,3468,3421
24520,813349855722453,269896,3,3468,3421
24542,813349856637297,236615,3,3468,3421
24559,813349857415995,234375,3,3468,3421
24573,813349858200734,227865,3,3468,3421
24585,813349858989276,223906,3,3468,3421
24600,813349859799745,216614,3,3468,3421
24622,813349860779224,224844,3,3468,3421
24643,813349861646932,244480,3,3468,3421
24667,813349862459432,260730,3,3468,3421
24698,813349863336307,259219,3,3468,3421
24718,813349864210057,265052,3,3468,3421
24740,813349865080682,225209,3,3468,3421
24756,813349865868078,251771,3,3468,3421
24770,813349866714484,236459,3,3468,3421
24784,813349867492609,256928,3,3468,3421
24804,813349868665682,261615,3,3468,3421
24820,813349869668859,271667,3,3468,3421
24840,813349870624432,304480,4,3468,3421
24870,813349871626828,264584,4,3468,3421
24881,813349871903964,70260,2,3468,3421
24920,813349873169172,317969,3,3468,3421
24936,813349874148651,283906,3,3468,3421
24952,813349875052349,281146,3,3468,3421
24967,813349875916307,319896,3,3468,3421
24992,813349876813859,293542,3,3468,3421
25024,813349877859068,253437,3,3468,3421
25074,813349879420005,270677,3,3468,3421
25106,813349880278911,250000,3,3468,3421
25140,813349881253391,255000,3,3468,3421
25175,813349882289432,372761,3,3468,3421
25246,813349883714172,253385,3,3468,3421
25267,813349884732453,302240,3,3468,3421
25288,813349885633964,223906,3,3468,3421
25319,813349886662609,211771,3,3468,3421
25353,813349887585005,222917,3,3468,3421
25390,813349888449380,251042,3,3468,3421
25411,813349889368964,216406,3,3468,3421
25425,813349890180578,209115,3,3468,3421
25439,813349890921047,208437,3,3468,3421
25457,813349891717818,230000,3,3468,3421
25473,813349892515370,220052,3,3468,3421
25488,813349893375109,204063,3,3468,3421
25519,813349894368911,200261,3,3468,3421
25557,813349895283911,327032,4,3468,3421
25583,813349896277766,286979,4,3468,3421
25617,813349897145161,288282,4,3468,3421
25632,813349898085839,245781,4,3468,3421
25644,813349898988911,251198,4,3468,3421
25661,813349900041828,360625,4,3468,3421
25678,813349901133026,128854,4,3468,3421
25684,813349901482297,146875,4,3468,3421
25700,813349902398703,126719,4,3468,3421
25704,813349902704328,140156,4,3468,3421
25748,813349904164953,125938,4,3468,3421
25755,813349904394745,84375,4,3468,3421
25779,813349905001516,108177,4,3468,3421
25784,813349905122089,69791,4,3468,3421
25810,813349905930995,273333,3,3468,3421
25835,813349906934172,274739,3,3468,3421
25864,813349907997974,328698,3,3468,3421
25903,813349909088339,307812,4,3468,3421
25929,813349910156568,236354,3,3468,3421
25973,813349911504068,97708,4,3468,3421
25987,813349911807505,150469,4,3468,3421
26029,813349913012141,232187,4,3468,3421
26077,813349913987922,267917,4,3468,3421
26103,813349914975474,261198,4,3468,3421
26132,813349915909328,314271,4,3468,3421
26173,813349916944172,244792,4,3468,3421
26196,813349917867818,219323,4,3468,3421
26232,813349918851568,255052,3,3468,3421
26281,813349920650161,295313,3,3468,3421
26303,813349921629589,299635,3,3468,3421
26324,813349922628807,243282,3,3468,3421
26336,813349923493599,267656,3,3468,3421
26368,813349924550370,214166,3,3468,3421
26385,813349925371099,236562,3,3468,3421
26413,813349926209953,217813,3,3468,3421
26454,813349927102661,247709,3,3468,3421
26482,813349928232453,234427,3,3468,3421
26525,813349929288286,223282,3,3468,3421
26548,813349930156932,230938,3,3468,3421
26564,813349931075161,284063,3,3468,3421
26577,813349932106724,247708,3,3468,3421
26602,813349933052609,268230,3,3468,3421
26616,813349934068286,217865,3,3468,3421
26631,813349934991932,220469,3,3468,3421
26656,813349935821932,269584,3,3468,3421
26704,813349937067609,59167,2,3468,3421
26709,813349937143547,251927,3,3468,3421
26750,813349938104641,250937,3,3468,3421
26768,813349939003130,242448,3,3468,3421
26796,813349940220630,297344,3,3468,3421
26819,813349941226099,243854,3,3468,3421
26831,813349942132818,234791,3,3468,3421
26845,813349943056255,237292,3,3468,3421
26865,813349943893391,248750,3,3468,3421
26904,813349944916828,260261,3,3468,3421
26940,813349945906828,250573,3,3468,3421
26965,813349946992922,341094,3,3468,3421
26984,813349948038182,287448,3,3468,3421
27006,813349948998703,235781,3,3468,3421
27020,813349949873339,257864,3,3468,3421
27038,813349951055995,223125,3,3468,3421
27061,813349951984432,263125,3,3468,3421
27104,813349953383026,291771,2,3468,3421
27139,813349954354432,257448,2,3468,3421
27161,813349955403703,291875,3,3468,3421
27185,813349956466724,238906,3,3468,3421
27197,813349957450943,254271,3,3468,3421
27209,813349958413599,251094,3,3468,3421
27220,813349959333391,250729,3,3468,3421
27249,813349960271411,249428,3,3468,3421
27299,813349961674901,281771,3,3468,3421
27329,813349962754901,293438,3,3468,3421
27353,813349963828755,328490,4,3468,3421
27375,813349964871255,234792,4,3468,3421
27393,813349965783286,223178,4,3468,3421
27408,813349966730526,237969,4,3468,3421
27420,813349967636568,258125,4,3468,3421
27443,813349968530734,236667,4,3468,3421
27467,813349969421411,282448,3,3468,3421
27506,813349970646828,322708,6,3468,3421
27527,813349971675057,253959,6,3468,3421
27551,813349972691411,211928,6,3468,3421
27574,813349973548964,240104,6,3468,3421
27586,813349974460891,212239,6,3468,3421
27598,813349975349589,210781,6,3468,3421
27611,813349976274953,194583,6,3468,3421
27642,813349977156724,251094,3,3468,3421
27682,813349978427453,40990,3,3468,3421
27687,813349978529328,301354,5,3468,3421
27703,813349979538234,208021,5,3468,3421
27719,813349980432557,220573,5,3468,3421
27742,813349981303391,240000,5,3468,3421
27763,813349982166099,203906,5,3468,3421
27784,813349983050474,267552,5,3468,3421
27813,813349983990891,262395,5,3468,3421
27843,813349984873651,278125,4,3468,3421
27885,813349985855057,246823,4,3468,3421
27923,813349987007766,237760,4,3468,3421
27943,813349988011464,260885,4,3468,3421
27969,813349989002193,246093,4,3468,3421
27985,813349989977089,239218,4,3468,3421
27999,813349990933755,252761,4,3468,3421
28010,813349991844276,243542,4,3468,3421
28035,813349992910839,260833,6,3468,3421
28066,813349993920214,174427,6,3468,3421
28070,813349994113964,108333,5,3468,3421
28075,813349994259589,89114,3,3468,3421
28102,813349994952245,273958,6,3468,3421
28117,813349995978443,366979,4,3468,3421
28134,813349997040734,334792,4,3468,3421
28159,813349998137245,241458,4,3468,3421
28171,813349999077401,256563,4,3468,3421
28185,813350000014693,248802,4,3468,3421
28194,813350000297193,57968,3,3468,3421
28200,813350000933286,283282,6,3468,3421
28222,813350002066880,313334,3,3468,3421
28269,813350003513286,282761,4,3468,3421
28306,813350004742141,284791,4,3468,3421
28335,813350005791099,277969,4,3468,3421
28359,813350006779068,239739,4,3468,3421
28387,813350007724693,230260,4,3468,3421
28418,813350008689224,231094,4,3468,3421
28444,813350009588130,231511,4,3468,3421
28471,813350010663911,225678,4,3468,3421
28504,813350011780109,290834,4,3468,3421
28539,813350012813443,241666,3,3468,3421
28560,813350013778859,224480,3,3468,3421
28574,813350014694432,316615,6,3468,3421
28589,813350015739849,221198,6,3468,3421
28604,813350016659693,219843,6,3468,3421
28617,813350017529641,214427,6,3468,3421
28641,813350018462089,295052,4,3468,3421
28674,813350019803286,229532,4,3468,3421
28708,813350020899068,282291,4,3468,3421
28731,813350021812974,267135,4,3468,3421
28752,813350022784536,232032,4,3468,3421
28764,813350023699328,249948,4,3468,3421
28789,813350024982818,255781,4,3468,3421
28802,813350025987505,283906,3,3468,3421
28824,813350026926620,280364,4,3468,3421
28859,813350028194380,29323,6,3468,3421
28867,813350028375526,365000,5,3468,3421
28894,813350029523234,253438,3,3468,3421
28910,813350030532609,210521,3,3468,3421
28932,813350031398026,229479,3,3468,3421
28946,813350032288130,220417,3,3468,3421
28958,813350033174901,227708,3,3468,3421
28974,813350034016724,230729,3,3468,3421
28993,813350034902766,249270,3,3468,3421
29020,813350035913026,326510,4,3468,3421
29067,813350037248495,270469,4,3468,3421
29092,813350038220891,316198,4,3468,3421
29110,813350039218599,250417,4,3468,3421
29123,813350040102661,227188,4,3468,3421
29137,813350041005161,246042,4,3468,3421
29150,813350041902974,251823,4,3468,3421
29165,813350042814484,231980,4,3468,3421
29196,813350044069276,250521,4,3468,3421
29246,813350045427297,235573,4,3468,3421
29269,813350046317557,214792,4,3468,3421
29288,813350047255526,265313,4,3468,3421
29318,813350048299016,271770,4,3468,3421
29358,813350049197766,272864,6,3468,3421
29395,813350050449328,261667,3,3468,3421
29407,813350050730266,111718,4,3468,3421
29557,813350054765422,254583,4,3468,3421
29662,813350056927870,29791,3,3468,3421
29672,813350057147714,139114,3,3468,3421
29692,813350057741411,18542,3,3468,3421
29697,813350057853078,85156,3,3468,3421
29725,813350058506203,23490,3,3468,3421
29730,813350058575682,59479,3,3468,3421
29733,813350058648547,65573,3,3468,3421
29767,813350059917870,327083,4,3468,3421
29801,813350061507297,53594,3,3468,3421
29804,813350061662349,252552,4,3468,3421
29856,813350062941776,249635,3,3468,3421
29909,813350064262297,223125,3,3468,3421
29953,813350065273599,245104,3,3468,3421
30003,813350066291516,32864,6,3468,3421
30005,813350066365266,265885,6,3468,3421
30046,813350067404172,211562,6,3468,3421
30056,813350067802401,127969,4,3468,3421
30079,813350068445995,275677,3,3468,3421
30111,813350069355630,230313,3,3468,3421
30138,813350070251568,278541,3,3468,3421
30163,813350071156359,263959,6,3468,3421
30201,813350072313234,267969,6,3468,3421
30247,813350073577557,288594,4,3468,3421
30289,813350074689641,299114,4,3468,3421
30321,813350075739589,253177,4,3468,3421
30369,813350076720995,10521,4,3468,3421
30377,813350077020734,53750,4,3468,3421
30380,813350077165057,288021,3,3468,3421
30429,813350078443443,264791,4,3468,3421
30454,813350079419224,334948,4,3468,3421
30480,813350080487089,243593,4,3468,3421
30511,813350081412193,231250,4,3468,3421
30531,813350082296776,245521,4,3468,3421
30543,813350083215786,272344,4,3468,3421
30558,813350084085995,228750,4,3468,3421
30603,813350085462141,253645,3,3468,3421
30643,813350086378130,270417,6,3468,3421
30663,813350087295839,291718,6,3468,3421
30677,813350088294745,232552,6,3468,3421
30689,813350089165630,223021,6,3468,3421
30703,813350090036984,209427,6,3468,3421
30715,813350090856099,202135,6,3468,3421
30729,813350091738859,212136,6,3468,3421
30761,813350092620370,225573,6,3468,3421
30778,813350093507818,216823,6,3468,3421
30790,813350094335734,214427,6,3468,3421
30809,813350095173599,240104,6,3468,3421
30821,813350096018078,239740,6,3468,3421
30838,813350096900266,296510,3,3468,3421
30850,813350097906620,263281,3,3468,3421
30868,813350098746568,334479,2,3468,3421
30880,813350099722453,296042,3,3468,3421
30907,813350100784120,297552,3,3468,3421
30934,813350101728391,292291,4,3468,3421
30955,813350102638391,255729,3,3468,3421
30967,813350103501359,262084,4,3468,3421
30981,813350104375786,254792,3,3468,3421
30995,813350105222193,266093,4,3468,3421
31007,813350106111463,273178,3,3468,3421
31019,813350106982818,262552,4,3468,3421
31033,813350107915474,284479,3,3468,3421
31053,813350108911411,331615,4,3468,3421
31068,813350110051047,290937,3,3468,3421
31082,813350110991776,263594,3,3468,3421
31094,813350111828338,241459,3,3468,3421
31117,813350112673599,235937,3,3468,3421
31129,813350113488495,235104,3,3468,3421
31141,813350114299276,245729,3,3468,3421
31159,813350115121620,277500,3,3468,3421
31171,813350116016463,268750,3,3468,3421
31189,813350116938807,235156,3,3468,3421
31204,813350117772401,235573,3,3468,3421
31230,813350118572557,228854,3,3468,3421
31260,813350119371099,230833,3,3468,3421
31290,813350120238443,249166,3,3468,3421
31310,813350121044224,235417,3,3468,3421
31326,813350121834328,263438,3,3468,3421
31363,813350122738182,234844,3,3468,3421
31398,813350123653859,232761,3,3468,3421
31425,813350124568755,250000,3,3468,3421
31437,813350125389588,238803,3,3468,3421
31449,813350126190578,232083,3,3468,3421
31461,813350127000474,234427,3,3468,3421
31475,813350127947141,253906,3,3468,3421
31487,813350128767557,261875,3,3468,3421
31513,813350129572088,237448,3,3468,3421
31525,813350130389588,228646,3,3468,3421
31537,813350131189276,276979,3,3468,3421
31548,813350132124849,269948,3,3468,3421
31566,813350133013547,262344,3,3468,3421
31579,813350133882088,288438,6,3468,3421
31598,813350134778130,228958,6,3468,3421
31611,813350135627453,226823,6,3468,3421
31626,813350136491568,224270,6,3468,3421
31639,813350137324276,217448,6,3468,3421
31656,813350138151411,241823,6,3468,3421
31668,813350139003078,223646,6,3468,3421
31680,813350139890422,264166,6,3468,3421
31702,813350140761984,236823,6,3468,3421
31715,813350141723338,334219,6,3468,3421
31729,813350142675109,283229,6,3468,3421
31741,813350143633338,263386,6,3468,3421
31762,813350144581828,247188,6,3468,3421
31781,813350145465005,250729,6,3468,3421
31801,813350146331672,245521,6,3468,3421
31815,813350147197661,318542,6,3468,3421
31827,813350148108078,254063,6,3468,3421
31845,813350148954380,242292,6,3468,3421
31861,813350149788443,249791,6,3468,3421
31875,813350150620526,247448,6,3468,3421
31887,813350151441672,260156,6,3468,3421
31899,813350152294901,248750,6,3468,3421
31911,813350153128182,245938,6,3468,3421
31923,813350153936047,243333,6,3468,3421
31935,813350154788130,251719,6,3468,3421
31947,813350155710318,484739,6,3468,3421
31975,813350156799849,362708,3,3468,3421
32021,813350158101047,305312,3,3468,3421
32036,813350159213234,298907,3,3468,3421
32055,813350160285474,305156,3,3468,3421
32071,813350161352974,298229,3,3468,3421
32083,813350162376724,313177,3,3468,3421
32095,813350163460630,375104,3,3468,3421
32115,813350164709224,329323,3,3468,3421
32128,813350165843651,360469,3,3468,3421
32141,813350166981255,330469,3,3468,3421
32159,813350168171463,386146,3,3468,3421
32179,813350169155630,257031,3,3468,3421
32191,813350170046411,253073,3,3468,3421
32205,813350170924068,260677,3,3468,3421
32217,813350171852609,355886,3,3468,3421
32236,813350172898911,296771,3,3468,3421
32261,813350173848703,281354,3,3468,3421
32274,813350174784641,273125,3,3468,3421
32287,813350175687922,319062,3,3468,3421
32301,813350176828859,277709,3,3468,3421
32317,813350177785838,280261,3,3468,3421
32330,813350178732401,271615,3,3468,3421
32342,813350179775057,330209,3,3468,3421
32358,813350180949745,351354,3,3468,3421
32372,813350182116099,345260,3,3468,3421
32384,813350183291984,337344,3,3468,3421
32400,813350184472297,366302,3,3468,3421
32415,813350185677141,336510,3,3468,3421
32431,813350186835526,341146,3,3468,3421
32476,813350188295682,365729,3,3468,3421
32504,813350189488078,423438,3,3468,3421
32534,813350190813599,406823,3,3468,3421
32562,813350192087401,395000,3,3468,3421
32593,813350193242401,379531,3,3468,3421
32621,813350194486203,382813,3,3468,3421
32643,813350195713755,356458,3,3468,3421
32665,813350196958807,371146,3,3468,3421
32690,813350198167974,398854,3,3468,3421
32708,813350199452974,381406,3,3468,3421
32721,813350200755838,351928,3,3468,3421
32735,813350201875422,328541,3,3468,3421
32750,813350202985474,359114,3,3468,3421
32781,813350204314849,327083,3,3468,3421
32802,813350205371932,315625,3,3468,3421
32826,813350206366620,287916,3,3468,3421
32864,813350207339693,299270,3,3468,3421
32909,813350208477453,335521,3,3468,3421
32920,813350209573963,348698,3,3468,3421
32935,813350210693338,345261,3,3468,3421
32946,813350211815266,398906,3,3468,3421
32966,813350213079224,350833,3,3468,3421
32979,813350214219588,364636,3,3468,3421
32990,813350215315526,377604,3,3468,3421
33003,813350216539901,350885,3,3468,3421
33016,813350217655526,332135,3,3468,3421
33027,813350218861516,352604,3,3468,3421
33046,813350220051463,401250,3,3468,3421
33073,813350221174484,348334,3,3468,3421
33093,813350222309328,309271,3,3468,3421
33109,813350223406620,345000,3,3468,3421
33122,813350224496463,319011,3,3468,3421
33133,813350225588859,322240,3,3468,3421
33148,813350226601099,317031,3,3468,3421
33179,813350227710838,293230,3,3468,3421
33208,813350228755005,295886,3,3468,3421
33224,813350229777870,298489,3,3468,3421
33241,813350230760057,322917,3,3468,3421
33252,813350232054849,367239,3,3468,3421
33263,813350233073182,303281,3,3468,3421
33280,813350234087088,309636,3,3468,3421
33293,813350235118182,436771,4,3468,3421
33321,813350236750213,337969,4,3468,3421
33335,813350237978807,355677,4,3468,3421
33348,813350239031255,354219,4,3468,3421
33362,813350240074380,316667,4,3468,3421
33381,813350241032088,269480,4,3468,3421
33401,813350242017349,287344,4,3468,3421
33421,813350242851099,261354,4,3468,3421
33454,813350243757141,324791,4,3468,3421
33487,813350244917036,372032,3,3468,3421
33508,813350246168599,317656,3,3468,3421
33523,813350247182193,316041,3,3468,3421
33537,813350248122974,268125,3,3468,3421
33559,813350249111776,341615,3,3468,3421
33571,813350250090786,278386,3,3468,3421
33583,813350251054641,264166,3,3468,3421
33596,813350252055578,316615,3,3468,3421
33616,813350253065786,289584,3,3468,3421
33636,813350254002297,310312,3,3468,3421
33647,813350254943443,289114,3,3468,3421
33660,813350255860995,319583,3,3468,3421
33678,813350256792713,257240,3,3468,3421
33695,813350257700995,275104,3,3468,3421
33726,813350258656984,289427,3,3468,3421
33750,813350259626620,308854,3,3468,3421
33777,813350260834536,297396,3,3468,3421
33793,813350261748130,270781,3,3468,3421
33811,813350262645422,270469,3,3468,3421
33825,813350263546880,290625,3,3468,3421
33846,813350264500370,289687,3,3468,3421
33859,813350265406255,290417,3,3468,3421
33870,813350266318547,254271,3,3468,3421
33884,813350267261307,324167,3,3468,3421
33901,813350268303391,256354,3,3468,3421
33918,813350269189588,282448,3,3468,3421
33936,813350270086568,268385,3,3468,3421
33952,813350271000266,286510,3,3468,3421
33963,813350271920891,328750,3,3468,3421
33974,813350272829536,266667,3,3468,3421
33988,813350273751984,291979,3,3468,3421
34010,813350274625266,292656,3,3468,3421
34026,813350275541776,264792,3,3468,3421
34041,813350276540057,274375,3,3468,3421
34053,813350277430578,290313,3,3468,3421
34065,813350278305891,290260,3,3468,3421
34081,813350279234068,275729,3,3468,3421
34097,813350280156099,281198,3,3468,3421
34116,813350281043338,284636,3,3468,3421
34128,813350281928338,266146,3,3468,3421
34140,813350282853443,273854,3,3468,3421
34151,813350283756620,297864,3,3468,3421
34171,813350284770266,278906,3,3468,3421
34182,813350285686932,273490,3,3468,3421
34195,813350286577713,277448,3,3468,3421
34217,813350287450786,263802,3,3468,3421
34243,813350288397193,289427,3,3468,3421
34261,813350289330943,280989,3,3468,3421
34278,813350290205682,286146,3,3468,3421
34289,813350291161307,287448,3,3468,3421
34300,813350292072818,341823,3,3468,3421
34316,813350293022713,302136,3,3468,3421
34328,813350293945422,267552,3,3468,3421
34339,813350294838391,276979,3,3468,3421
34354,813350295704484,255886,3,3468,3421
34375,813350296621672,269323,3,3468,3421
34393,813350297555318,312135,3,3468,3421
34410,813350298482088,282396,3,3468,3421
34422,813350299462297,351979,4,3468,3421
34440,813350300746516,286875,2,3468,3421
34458,813350301723495,285573,4,3468,3421
34474,813350302712922,275833,4,3468,3421
34499,813350303661047,297396,2,3468,3421
34521,813350304667141,254322,2,3468,3421
34535,813350305592036,239011,2,3468,3421
34547,813350306437661,244480,2,3468,3421
34559,813350307319849,287396,2,3468,3421
34571,813350308276099,252917,2,3468,3421
34604,813350309151411,238594,2,3468,3421
34636,813350309967297,232239,2,3468,3421
34678,813350310804953,243594,2,3468,3421
34690,813350311703078,237500,2,3468,3421
34708,813350312605422,269843,2,3468,3421
34720,813350313517505,233281,2,3468,3421
34732,813350314397088,233855,2,3468,3421
34747,813350315350682,309063,4,3468,3421
34764,813350316423443,321979,4,3468,3421
34783,813350317396880,300833,4,3468,3421
34795,813350318346620,278073,4,3468,3421
34834,813350319367870,302448,4,3468,3421
34848,813350320312193,290520,4,3468,3421
34862,813350321285161,291667,4,3468,3421
34875,813350322216099,295260,4,3468,3421
34886,813350323178130,351667,4,3468,3421
34899,813350324213338,260730,4,3468,3421
34913,813350325192922,302552,4,3468,3421
34930,813350326118703,273021,4,3468,3421
34942,813350327083182,299792,4,3468,3421
34954,813350328019276,327656,4,3468,3421
34979,813350328955005,301771,4,3468,3421
34996,813350329876984,267136,4,3468,3421
35009,813350331019588,285209,4,3468,3421
35025,813350332012609,368438,4,3468,3421
35038,813350333002088,272136,4,3468,3421
35050,813350333947505,286823,4,3468,3421
35061,813350334840109,285417,4,3468,3421
35072,813350335754745,284114,4,3468,3421
35092,813350336882661,293386,4,3468,3421
35111,813350337870890,320313,4,3468,3421
35126,813350338822088,288125,4,3468,3421
35144,813350339791724,294791,4,3468,3421
35167,813350340715890,279792,4,3468,3421
35179,813350341597245,260625,4,3468,3421
35196,813350342496724,262656,4,3468,3421
35212,813350343367557,249219,4,3468,3421
35241,813350344297505,240104,4,3468,3421
35269,813350345208807,292656,4,3468,3421
35302,813350346064901,264479,4,3468,3421
35330,813350346980109,277188,4,3468,3421
35349,813350347894120,334479,4,3468,3421
35379,813350348856568,264270,4,3468,3421
35406,813350349695734,261979,4,3468,3421
35437,813350350527140,295469,4,3468,3421
35465,813350351462193,291979,4,3468,3421
35488,813350352394588,285469,4,3468,3421
35506,813350353373859,269792,4,3468,3421
35529,813350354255213,268750,4,3468,3421
35553,813350355144120,275312,4,3468,3421
35568,813350356032974,385364,4,3468,3421
35585,813350357022401,283594,4,3468,3421
35599,813350357881932,283646,4,3468,3421
35618,813350358707922,245573,4,3468,3421
35635,813350359551047,284427,4,3468,3421
35649,813350360482297,286771,4,3468,3421
35663,813350361341568,302187,2,3468,3421
35682,813350362395786,274479,4,3468,3421
35697,813350363319068,336197,4,3468,3421
35712,813350364397922,253646,4,3468,3421
35723,813350365236515,251042,4,3468,3421
35738,813350366052453,287760,4,3468,3421
35749,813350366918963,285052,4,3468,3421
35761,813350367876515,299219,2,3468,3421
35779,813350368849484,328698,3,3468,3421
35795,813350369797974,292135,3,3468,3421
35806,813350370695995,287760,3,3468,3421
35817,813350371669640,322969,3,3468,3421
35833,813350372770057,310625,3,3468,3421
35844,813350373728078,305000,3,3468,3421
35855,813350374677453,299948,3,3468,3421
35867,813350375634068,301041,3,3468,3421
35887,813350376619953,321771,3,3468,3421
35914,813350377499536,291250,3,3468,3421
35929,813350378382870,323281,4,3468,3421
35941,813350379538234,315156,4,3468,3421
35973,813350380629745,262500,4,3468,3421
35992,813350381518547,277291,4,3468,3421
36002,813350382426151,276250,4,3468,3421
36012,813350383366307,286563,3,3468,3421
36027,813350384329432,269844,3,3468,3421
36044,813350385247505,292604,4,3468,3421
36054,813350386164328,279479,4,3468,3421
36066,813350387084953,258802,4,3468,3421
36076,813350388079901,413594,3,3468,3421
36091,813350389192713,272292,4,3468,3421
36105,813350390098911,282552,4,3468,3421
36115,813350391033182,309583,3,3468,3421
36125,813350391971568,330989,4,3468,3421
36144,813350392948078,286302,4,3468,3421
36154,813350393879536,288542,3,3468,3421
36165,813350394906151,285417,4,3468,3421
36175,813350395885265,319115,4,3468,3421
36189,813350396973651,329948,3,3468,3421
36199,813350397926151,293333,4,3468,3421
36209,813350398973807,263333,3,3468,3421
36223,813350399866724,292291,3,3468,3421
36241,813350400795786,268177,3,3468,3421
36255,813350401726307,295521,4,3468,3421
36265,813350402741984,279844,4,3468,3421
36275,813350403692505,295885,3,3468,3421
36298,813350404799380,267240,4,3468,3421
36308,813350405802609,300521,3,3468,3421
36324,813350406720161,270000,4,3468,3421
36347,813350407749745,252031,4,3468,3421
36375,813350408669849,283489,3,3468,3421
36396,813350409593130,296406,4,3468,3421
36406,813350410487713,268594,4,3468,3421
36416,813350411421203,271823,4,3468,3421
36429,813350412413234,257552,4,3468,3421
36440,813350413294328,264635,4,3468,3421
36451,813350414278443,260312,4,3468,3421
36462,813350415160734,262552,4,3468,3421
36473,813350416011463,285209,4,3468,3421
36497,813350416873599,275573,4,3468,3421
36519,813350417754693,251875,4,3468,3421
36547,813350418616672,268437,4,3468,3421
36558,813350419486463,265000,4,3468,3421
36581,813350420471724,282239,4,3468,3421
36592,813350421380630,293229,4,3468,3421
36603,813350422244224,251666,4,3468,3421
36615,813350423151828,285000,4,3468,3421
36626,813350423988234,300104,4,3468,3421
36653,813350424942922,297916,4,3468,3421
36668,813350425918963,320730,4,3468,3421
36681,813350426915474,296666,4,3468,3421
36692,813350427902036,316459,4,3468,3421
36707,813350428919276,266146,4,3468,3421
36718,813350429817297,277083,4,3468,3421
36737,813350430697661,291354,4,3468,3421
36753,813350431583443,274270,4,3468,3421
36776,813350432498547,275052,4,3468,3421
36797,813350433387453,265469,4,3468,3421
36817,813350434241568,266302,4,3468,3421
36833,813350435081359,291042,4,3468,3421
36844,813350436052505,389323,4,3468,3421
36865,813350437124224,270729,4,3468,3421
36890,813350438192453,277083,4,3468,3421
36904,813350439085109,283854,4,3468,3421
36915,813350439978026,333802,4,3468,3421
36927,813350440906203,297292,4,3468,3421
36945,813350441806515,328282,2,3468,3421
36962,813350442813130,243646,2,3468,3421
36974,813350443804172,299635,2,3468,3421
36998,813350444869953,305260,2,3468,3421
37011,813350445962505,302865,2,3468,3421
37026,813350447048078,283958,2,3468,3421
37038,813350448125161,290834,2,3468,3421
37054,813350449197401,286614,2,3468,3421
37074,813350450256307,285833,2,3468,3421
37086,813350451348026,375208,2,3468,3421
37100,813350452765630,374479,2,3468,3421
37112,813350454130630,372813,2,3468,3421
37124,813350455476620,370260,2,3468,3421
37136,813350456962713,379688,2,3468,3421
37148,813350458292140,422657,2,3468,3421
37159,813350459660943,365520,2,3468,3421
37174,813350461180057,430208,4,3468,3421
37186,813350462613755,440781,4,3468,3421
37197,813350463973651,463073,4,3468,3421
37210,813350465315109,414219,4,3468,3421
37221,813350466616151,400208,4,3468,3421
37232,813350467910786,493386,4,3468,3421
37250,813350469235838,397709,4,3468,3421
37263,813350470570265,415938,4,3468,3421
37279,813350471910995,443802,4,3468,3421
37290,813350473248026,434531,4,3468,3421
37302,813350474638859,401615,4,3468,3421
37315,813350475922557,513333,4,3468,3421
37333,813350477360526,422552,4,3468,3421
37344,813350478763807,435469,4,3468,3421
37356,813350480217557,526458,3,3468,3421
37368,813350481770422,470104,3,3468,3421
37381,813350483146984,414636,3,3468,3421
37395,813350484634588,416302,3,3468,3421
37409,813350486028651,413333,3,3468,3421
37422,813350487315630,459896,3,3468,3421
37436,813350488640109,400573,3,3468,3421
37447,813350489905161,412500,3,3468,3421
37458,813350491177713,381615,3,3468,3421
37474,813350492506828,365000,3,3468,3421
37491,813350493713755,183490,4,3468,3421
37494,813350494006307,217917,3,3468,3421
37503,813350494904797,381614,3,3468,3421
37514,813350496182609,369323,3,3468,3421
37525,813350497359745,371458,3,3468,3421
37536,813350498556568,364062,3,3468,3421
37548,813350499792245,437708,3,3468,3421
37567,813350500968026,344583,3,3468,3421
37581,813350501961776,338177,4,3468,3421
37592,813350502980370,299114,4,3468,3421
37606,813350503958026,354531,4,3468,3421
37624,813350504986672,298854,4,3468,3421
37648,813350505986255,308333,4,3468,3421
37665,813350506994380,292917,4,3468,3421
37688,813350508042765,402761,3,3468,3421
37716,813350509162453,296406,3,3468,3421
37734,813350510152245,364270,3,3468,3421
37753,813350511214745,374791,4,3468,3421
37763,813350512406255,354583,3,3468,3421
37776,813350513456203,308281,4,3468,3421
37787,813350514448495,328385,3,3468,3421
37798,813350515469172,302604,4,3468,3421
37811,813350516725213,289323,4,3468,3421
37825,813350517671568,305000,4,3468,3421
37836,813350518572557,287708,4,3468,3421
37853,813350519509484,277552,4,3468,3421
37864,813350520439432,275261,4,3468,3421
37879,813350521333182,262917,4,3468,3421
37890,813350522183338,296302,4,3468,3421
37901,813350523072401,247760,4,3468,3421
37916,813350524007505,347865,4,3468,3421
37936,813350524973911,360938,3,3468,3421
37951,813350525942245,265937,3,3468,3421
37964,813350526782401,286719,3,3468,3421
37981,813350527639276,259219,3,3468,3421
38010,813350528553130,290781,3,3468,3421
38037,813350529501880,282604,3,3468,3421
38069,813350530411620,293333,3,3468,3421
38098,813350531299484,379636,3,3468,3421
38126,813350532428859,316094,3,3468,3421
38151,813350533438390,301615,3,3468,3421
38177,813350534368390,303125,3,3468,3421
38198,813350535366828,331198,3,3468,3421
38211,813350536312765,298594,3,3468,3421
38228,813350537434745,287916,3,3468,3421
38250,813350538382974,314114,3,3468,3421
38270,813350539308442,306094,3,3468,3421
38286,813350540287192,263542,3,3468,3421
38309,813350541131828,270104,3,3468,3421
38322,813350542003963,308854,3,3468,3421
38335,813350542851255,256302,3,3468,3421
38356,813350543674745,268958,3,3468,3421
38387,813350544636776,265573,3,3468,3421
38412,813350545467817,257605,3,3468,3421
38428,813350546338495,311458,3,3468,3421
38442,813350547211255,332448,3,3468,3421
38455,813350548214276,279271,3,3468,3421
38480,813350549218651,315625,3,3468,3421
38492,813350550220317,276355,3,3468,3421
38503,813350551047974,300156,3,3468,3421
38516,813350551968130,292083,3,3468,3421
38540,813350552820890,243125,3,3468,3421
38571,813350553674120,289166,3,3468,3421
38590,813350554573234,258073,3,3468,3421
38609,813350555434588,284584,3,3468,3421
38629,813350556383286,329427,3,3468,3421
38655,813350557250474,252187,3,3468,3421
38680,813350558043078,266719,3,3468,3421
38692,813350558900734,288177,3,3468,3421
38704,813350559782349,291562,3,3468,3421
38720,813350560668338,267396,3,3468,3421
38731,813350561541463,245313,3,3468,3421
38743,813350562427922,278802,3,3468,3421
38754,813350563290370,325729,3,3468,3421
38767,813350564368182,291719,3,3468,3421
38784,813350565320838,321511,3,3468,3421
38795,813350566248338,309532,3,3468,3421
38806,813350567158286,263021,3,3468,3421
38820,813350568077557,291563,3,3468,3421
38835,813350568990057,280156,3,3468,3421
38852,813350569822140,285365,3,3468,3421
38873,813350570682922,269739,3,3468,3421
38887,813350571576047,259583,3,3468,3421
38907,813350572536203,261250,3,3468,3421
38925,813350573353703,271875,3,3468,3421
38940,813350574400995,287291,3,3468,3421
38953,813350575332713,290729,3,3468,3421
38966,813350576277609,279688,3,3468,3421
38979,813350577167661,254896,3,3468,3421
38993,813350578022297,278489,3,3468,3421
39004,813350578906672,292968,3,3468,3421
39015,813350579880005,323385,3,3468,3421
39033,813350580879380,283594,3,3468,3421
39044,813350581756880,270833,3,3468,3421
39055,813350582653755,274427,3,3468,3421
39066,813350583544328,246667,3,3468,3421
39081,813350584501620,316406,3,3468,3421
39092,813350585393390,289792,3,3468,3421
39107,813350586269380,285208,3,3468,3421
39119,813350587171359,321823,3,3468,3421
39131,813350588104849,268073,3,3468,3421
39157,813350589110838,304688,3,3468,3421
39168,813350589997557,274010,3,3468,3421
39179,813350590884224,275677,3,3468,3421
39190,813350591748963,271094,3,3468,3421
39205,813350592648703,286354,3,3468,3421
39224,813350593463547,260312,3,3468,3421
39248,813350594278338,258177,3,3468,3421
39271,813350595075265,276146,3,3468,3421
39282,813350596018182,326927,3,3468,3421
39304,813350596978026,263177,3,3468,3421
39313,813350598021776,280469,3,3468,3421
39327,813350598931984,275104,3,3468,3421
39339,813350599805995,291770,3,3468,3421
39351,813350600666151,266614,3,3468,3421
39363,813350601474380,263437,3,3468,3421
39378,813350602280734,266458,3,3468,3421
39389,813350603124640,300677,3,3468,3421
39403,813350603965734,293281,3,3468,3421
39420,813350604810474,255208,3,3468,3421
39441,813350605608859,250365,3,3468,3421
39465,813350606420526,297344,3,3468,3421
39474,813350606991307,720208,2,3468,3421
39476,813350607069432,83438,4,3470,3421
39482,813350607463130,63073,3,3470,3421
39510,813350608353026,338750,3,3470,3421
39543,813350609330630,259635,2,3470,3421
39570,813350610234276,228906,2,3470,3421
39585,813350611125995,245416,2,3470,3421
39600,813350612024901,404010,3,3470,3421
39623,813350613007349,288854,3,3470,3421
39634,813350613889901,292604,3,3470,3421
39645,813350614789953,285156,3,3470,3421
39658,813350615624797,255312,3,3470,3421
39679,813350616578807,299896,3,3470,3421
39692,813350617468859,330469,4,3470,3421
39710,813350618544380,281094,4,3470,3421
39724,813350619488547,288437,4,3470,3421
39747,813350620462557,280000,4,3470,3421
39768,813350621312349,295104,4,3470,3421
39788,813350622161567,286146,4,3470,3421
39804,813350623102192,267709,4,3470,3421
39817,813350623993286,307031,4,3470,3421
39833,813350624867505,265885,4,3470,3421
39848,813350625710578,270312,4,3470,3421
39866,813350626580682,297760,4,3470,3421
39877,813350627477557,271250,4,3470,3421
39893,813350628487505,265052,4,3470,3421
39904,813350629372505,295208,3,3470,3421
39917,813350630337974,285208,3,3470,3421
39932,813350631259849,302187,3,3470,3421
39944,813350632212505,284010,3,3470,3421
39964,813350633113234,288958,4,3470,3421
39976,813350634106567,286250,4,3470,3421
39987,813350634971203,277969,4,3470,3421
39998,813350635907192,330157,4,3470,3421
40017,813350636802713,284375,4,3470,3421
40033,813350637695526,273125,4,3470,3421
40069,813350638657036,276927,4,3470,3421
40089,813350639531307,263438,4,3470,3421
40107,813350640438286,276667,4,3470,3421
40121,813350641324640,307032,4,3470,3421
40133,813350642291307,275365,4,3470,3421
40146,813350643171515,312292,4,3470,3421
40157,813350644035370,355312,4,3470,3421
40171,813350644967140,283959,4,3470,3421
40186,813350645809067,301459,4,3470,3421
40197,813350646691099,292864,4,3470,3421
40208,813350647519120,261822,4,3470,3421
40224,813350648380890,272657,4,3470,3421
40244,813350649227349,277291,4,3470,3421
40261,813350650061151,275677,4,3470,3421
40276,813350650889328,274271,4,3470,3421
40290,813350651729692,255782,4,3470,3421
40314,813350652542140,240886,4,3470,3421
40341,813350653365734,271198,4,3470,3421
40358,813350654207192,264063,4,3470,3421
40380,813350655039953,292760,4,3470,3421
40391,813350655918755,304167,4,3470,3421
40402,813350656809276,276094,4,3470,3421
40413,813350657679640,278177,4,3470,3421
40427,813350658557713,268386,4,3470,3421
40443,813350659420786,292865,4,3470,3421
40455,813350660331672,280573,4,3470,3421
40467,813350661153807,255885,4,3470,3421
40489,813350661965474,275104,4,3470,3421
40501,813350662827245,282760,4,3470,3421
40513,813350663674797,302395,4,3470,3421
40525,813350664535942,258386,4,3470,3421
40537,813350665390995,273541,4,3470,3421
40550,813350666209172,274323,4,3470,3421
40561,813350667052140,296355,4,3470,3421
40577,813350667993182,370938,4,3470,3421
40591,813350668911359,269636,4,3470,3421
40602,813350669750265,277969,4,3470,3421
40613,813350670601099,283958,4,3470,3421
40626,813350671419953,263229,4,3470,3421
40637,813350672313442,313907,4,3470,3421
40649,813350673206255,280781,2,3470,3421
40661,813350674146515,235782,2,3470,3421
40673,813350674995734,239479,2,3470,3421
40685,813350675875578,267656,2,3470,3421
40699,813350676767557,234219,2,3470,3421
40712,813350677621099,250416,2,3470,3421
40729,813350678479015,247084,2,3470,3421
40741,813350679322297,232239,2,3470,3421
40753,813350680263703,219844,2,3470,3421
40770,813350681059432,216615,2,3470,3421
40791,813350681853547,240156,2,3470,3421
40806,813350682655161,213177,2,3470,3421
40831,813350683535422,312812,4,3470,3421
40854,813350684587140,262344,4,3470,3421
40866,813350685479588,293698,4,3470,3421
40877,813350686340526,292500,4,3470,3421
40888,813350687217192,286355,4,3470,3421
40901,813350688083026,296771,4,3470,3421
40914,813350688964172,284427,4,3470,3421
40925,813350689817505,289062,4,3470,3421
40936,813350690656724,292291,4,3470,3421
40947,813350691593442,287084,4,3470,3421
40961,813350692476776,265104,4,3470,3421
40974,813350693316515,263855,4,3470,3421
40985,813350694120942,252240,4,3470,3421
40996,813350694965890,256042,4,3470,3421
41007,813350695784328,279114,4,3470,3421
41018,813350696639745,268645,4,3470,3421
41029,813350697480474,282083,4,3470,3421
41040,813350698293651,260104,4,3470,3421
41051,813350699131463,270157,4,3470,3421
41062,813350700103338,285521,4,3470,3421
41076,813350700974484,281563,4,3470,3421
41087,813350701853338,280886,4,3470,3421
41098,813350702743286,276563,4,3470,3421
41110,813350703604849,265989,4,3470,3421
41127,813350704462609,294792,4,3470,3421
41139,813350705313130,259323,4,3470,3421
41158,813350706163442,300834,4,3470,3421
41169,813350707045057,286615,4,3470,3421
41180,813350707962192,348594,4,3470,3421
41195,813350708795838,268490,4,3470,3421
41206,813350709633963,269636,4,3470,3421
41223,813350710450422,261458,4,3470,3421
41242,813350711264380,235260,4,3470,3421
41272,813350712030161,265573,4,3470,3421
41300,813350712812661,246667,4,3470,3421
41328,813350713613599,275625,4,3470,3421
41346,813350714452557,269167,4,3470,3421
41357,813350715264536,315417,4,3470,3421
41371,813350716263286,246875,4,3470,3421
41383,813350717097401,239583,4,3470,3421
41398,813350717937765,287136,4,3470,3421
41413,813350718774849,283646,4,3470,3421
41425,813350719611047,259010,4,3470,3421
41439,813350720451828,258698,4,3470,3421
41464,813350721254640,261250,4,3470,3421
41476,813350722047297,271406,4,3470,3421
41487,813350722896463,281823,4,3470,3421
41500,813350723702036,245156,4,3470,3421
41516,813350724655109,264792,4,3470,3421
41527,813350725478078,266302,4,3470,3421
41538,813350726291984,287031,4,3470,3421
41549,813350727145578,268177,4,3470,3421
41560,813350727966463,290052,4,3470,3421
41579,813350728814328,261094,4,3470,3421
41590,813350729596880,231250,4,3470,3421
41602,813350730442036,268334,4,3470,3421
41613,813350731223338,304948,4,3470,3421
41624,813350732107349,257812,4,3470,3421
41639,813350732957870,282864,4,3470,3421
41652,813350733807974,271823,4,3470,3421
41667,813350734665213,296302,4,3470,3421
41678,813350735533442,315261,4,3470,3421
41693,813350736445942,268959,4,3470,3421
41704,813350737278807,261771,4,3470,3421
41715,813350738062765,261875,4,3470,3421
41726,813350738874692,245834,4,3470,3421
41738,813350739723026,282708,4,3470,3421
41751,813350740666620,268541,4,3470,3421
41762,813350741462349,284062,4,3470,3421
41774,813350742246672,255000,4,3470,3421
41786,813350743068703,265937,4,3470,3421
41799,813350743876984,311719,4,3470,3421
41810,813350744771515,262500,4,3470,3421
41821,813350745560995,255572,4,3470,3421
41832,813350746422349,262396,4,3470,3421
41843,813350747189172,316406,4,3470,3421
41854,813350748035109,365781,4,3470,3421
41869,813350748948130,264948,4,3470,3421
41884,813350750146047,269947,2,3470,3421
41897,813350751786776,308854,3,3470,3421
41913,813350752997869,338230,3,3470,3421
41927,813350753944744,288803,4,3470,3421
41945,813350755326151,504635,3,3470,3421
41960,813350756532192,331407,3,3470,3421
41970,813350757498338,298021,3,3470,3421
41994,813350759365161,283073,3,3470,3421
42017,813350760310942,313802,3,3470,3421
42032,813350761225890,293698,3,3470,3421
42044,813350762090057,285990,3,3470,3421
42055,813350762409849,213177,3,3470,3421
42066,813350763155474,339687,4,3470,3421
42076,813350764108547,298541,4,3470,3421
42088,813350765041307,267552,4,3470,3421
42098,813350765881776,294062,4,3470,3421
42108,813350766763234,264583,4,3470,3421
42118,813350767605838,265729,4,3470,3421
42128,813350768498911,272344,4,3470,3421
42138,813350769322036,266667,4,3470,3421
42148,813350770168442,271667,4,3470,3421
42162,813350770995942,264636,4,3470,3421
42173,813350771991359,310156,3,3470,3421
42189,813350773000161,296719,4,3470,3421
42203,813350773910994,283959,3,3470,3421
42216,813350774790682,268385,3,3470,3421
42228,813350775812453,255104,3,3470,3421
42251,813350776795682,288021,2,3470,3421
42263,813350777704015,285104,4,3470,3421
42275,813350778594432,279635,4,3470,3421
42288,813350779474536,283125,3,3470,3421
42302,813350780329484,290573,3,3470,3421
42312,813350781167661,264948,3,3470,3421
42322,813350781989067,258959,3,3470,3421
42332,813350782799380,265573,3,3470,3421
42342,813350783695838,283334,4,3470,3421
42359,813350784553338,280625,4,3470,3421
42369,813350785411463,283438,4,3470,3421
42379,813350786284692,282084,3,3470,3421
42390,813350787181047,316406,4,3470,3421
42401,813350788111932,254792,4,3470,3421
42416,813350788944015,287865,4,3470,3421
42429,813350789767661,281406,3,3470,3421
42444,813350790631567,274323,3,3470,3421
42455,813350791490526,254271,3,3470,3421
42474,813350792304432,250729,3,3470,3421
42490,813350793105786,291250,3,3470,3421
42511,813350793953234,262396,3,3470,3421
42531,813350794789692,272292,3,3470,3421
42542,813350795673651,270989,3,3470,3421
42558,813350796555161,270000,3,3470,3421
42569,813350797384432,272969,3,3470,3421
42580,813350798207609,286458,3,3470,3421
42591,813350799069224,269114,3,3470,3421
42602,813350799918078,289896,3,3470,3421
42619,813350800749067,263334,3,3470,3421
42630,813350801573599,265573,3,3470,3421
42641,813350802418859,267708,3,3470,3421
42653,813350803287297,370260,4,3470,3421
42669,813350804430109,311875,4,3470,3421
42681,813350805358599,245364,4,3470,3421
39470,813350606693859,336198,4,3471,3421
39488,813350607748338,42709,2,3471,3421
23869,813349828021984,253021,3,3473,3421
23878,813349828319641,158541,3,3473,3421
23885,813349828504849,166042,2,3473,3421
23893,813349829030995,11927,2,3473,3421
23920,813349829989745,229114,2,3473,3421
23934,813349830414224,9427,2,3473,3421
23943,813349830977505,199792,2,3473,3421
23951,813349831368078,9271,2,3473,3421
23961,813349831894484,204271,2,3473,3421
23969,813349832340266,16614,2,3473,3421
23975,813349832855057,244532,2,3473,3421
23980,813349833263599,12917,2,3473,3421
23986,813349833742297,214635,2,3473,3421
23991,813349834145943,10989,2,3473,3421
23998,813349834638026,184688,2,3473,3421
24004,813349835030578,11042,2,3473,3421
24020,813349835710839,230000,2,3473,3421
24031,813349836247193,27656,6,3473,3421
24055,813349836734589,238541,6,3473,3421
24061,813349836995005,47761,5,3473,3421
24067,813349837173130,31511,2,3473,3421
24091,813349837730474,242448,3,3473,3421
24112,813349838146828,18073,2,3473,3421
24128,813349838658964,216458,2,3473,3421
24133,813349839055005,10209,2,3473,3421
24141,813349839567089,206770,2,3473,3421
24150,813349839931151,12344,2,3473,3421
24157,813349840432974,196042,2,3473,3421
24162,813349840784693,10625,2,3473,3421
24173,813349841307193,191771,2,3473,3421
24179,813349841691359,9532,2,3473,3421
24186,813349842159224,205885,2,3473,3421
24191,813349842525839,9895,2,3473,3421
24201,813349842965682,190209,2,3473,3421
24208,813349843310734,12605,2,3473,3421
24237,813349843884432,267448,4,3473,3421
24249,813349844366464,9062,4,3473,3421
24267,813349844850005,225157,2,3473,3421
24280,813349845313495,15885,4,3473,3421
24289,813349845780891,160573,3,3473,3421
24297,813349846037505,39063,4,3473,3421
24301,813349846095422,159740,2,3473,3421
24319,813349846656151,15000,2,3473,3421
24334,813349847320370,209375,2,3473,3421
24339,813349847748495,10260,2,3473,3421
24352,813349848317766,260000,4,3473,3421
24366,813349848763912,9218,2,3473,3421
24373,813349849273964,201823,2,3473,3421
24378,813349849674953,9271,2,3473,3421
24386,813349850131932,197500,2,3473,3421
24391,813349850520370,10364,2,3473,3421
24397,813349851003547,200052,2,3473,3421
24407,813349851477662,9583,2,3473,3421
24421,813349852153495,181094,2,3473,3421
24435,813349852515474,9375,2,3473,3421
24452,813349853122297,218958,2,3473,3421
24467,813349853572297,9323,2,3473,3421
24494,813349854629432,199688,2,3473,3421
24505,813349854993391,9218,2,3473,3421
24518,813349855533912,203333,2,3473,3421
24523,813349855934953,9427,2,3473,3421
24535,813349856446516,203646,2,3473,3421
24550,813349856827766,9114,2,3473,3421
24557,813349857229797,202969,2,3473,3421
24562,813349857599693,9687,2,3473,3421
24571,813349858008547,209271,2,3473,3421
24576,813349858383182,11407,2,3473,3421
24583,813349858786776,219896,2,3473,3421
24588,813349859168443,9583,2,3473,3421
24596,813349859617141,199010,2,3473,3421
24603,813349859971099,9531,2,3473,3421
24618,813349860593182,199896,2,3473,3421
24625,813349860950734,9115,2,3473,3421
24639,813349861455526,209115,2,3473,3421
24652,813349861831359,11303,2,3473,3421
24662,813349862292609,180209,2,3473,3421
24676,813349862661880,51250,2,3473,3421
24692,813349863107974,251146,4,3473,3421
24703,813349863523287,11510,2,3473,3421
24715,813349863993651,282969,2,3473,3421
24723,813349864413547,12760,2,3473,3421
24733,813349864900214,197968,2,3473,3421
24744,813349865260943,9062,2,3473,3421
24754,813349865680839,203489,2,3473,3421
24759,813349866072714,9479,2,3473,3421
24768,813349866464589,277760,2,3473,3421
24773,813349866900839,10677,2,3473,3421
24780,813349867302714,204687,2,3473,3421
24787,813349867673026,10938,2,3473,3421
24797,813349868500474,181979,2,3473,3421
24808,813349868859484,10209,2,3473,3421
24818,813349869492349,189740,2,3473,3421
24823,813349869879953,10573,2,3473,3421
24835,813349870440787,198489,2,3473,3421
24848,813349870928912,18333,4,3473,3421
24864,813349871401359,247344,2,3473,3421
24877,813349871886464,17500,2,3473,3421
24917,813349872960214,228750,2,3473,3421
24924,813349873451932,10052,2,3473,3421
24934,813349873967401,197344,2,3473,3421
24942,813349874366359,9636,2,3473,3421
24948,813349874874901,192604,2,3473,3421
24955,813349875275161,9428,2,3473,3421
24962,813349875733547,197604,2,3473,3421
24973,813349876168182,10104,2,3473,3421
24986,813349876650734,179427,2,3473,3421
25003,813349877026099,9375,2,3473,3421
25021,813349877682141,189479,2,3473,3421
25032,813349878043182,8282,2,3473,3421
25066,813349879129432,311927,2,3473,3421
25082,813349879632766,9531,2,3473,3421
25099,813349880088703,203386,2,3473,3421
25115,813349880466724,7865,2,3473,3421
25135,813349881066880,203594,2,3473,3421
25148,813349881453911,9740,2,3473,3421
25169,813349882103078,216563,2,3473,3421
25191,813349882596932,32136,2,3473,3421
25237,813349883480943,259948,2,3473,3421
25251,813349883914797,10052,2,3473,3421
25262,813349884516620,233541,2,3473,3421
25270,813349884968182,11094,2,3473,3421
25284,813349885469432,179323,2,3473,3421
25293,813349885813755,8542,2,3473,3421
25310,813349886477193,191927,2,3473,3421
25328,813349886825526,8177,2,3473,3421
25349,813349887402245,200677,2,3473,3421
25361,813349887753182,8125,2,3473,3421
25379,813349888278443,186614,2,3473,3421
25402,813349888639276,8854,2,3473,3421
25409,813349889166255,215469,2,3473,3421
25414,813349889540943,8593,2,3473,3421
25423,813349889990318,205989,2,3473,3421
25430,813349890346151,9635,2,3473,3421
25437,813349890746203,190313,2,3473,3421
25445,813349891082766,9010,2,3473,3421
25455,813349891543130,191979,2,3473,3421
25460,813349891901828,8594,2,3473,3421
25471,813349892323859,205417,2,3473,3421
25476,813349892687661,8125,2,3473,3421
25486,813349893198755,189479,2,3473,3421
25496,813349893534693,8333,2,3473,3421
25517,813349894188911,192188,2,3473,3421
25526,813349894524276,8802,2,3473,3421
25550,813349895108443,193177,2,3473,3421
25563,813349895550109,8594,2,3473,3421
25575,813349896054328,238906,2,3473,3421
25593,813349896499224,8437,2,3473,3421
25608,813349896961411,199740,2,3473,3421
25622,813349897378078,23854,3,3473,3421
25630,813349897873391,232500,2,3473,3421
25635,813349898278234,10782,2,3473,3421
25642,813349898800891,206145,2,3473,3421
25647,813349899181932,9896,2,3473,3421
25658,813349899781359,278073,2,3473,3421
25668,813349900351516,11302,2,3473,3421
25675,813349900907818,243802,2,3473,3421
25693,813349902089484,42917,2,3473,3421
25697,813349902301568,13750,4,3473,3421
25963,813349911284016,220052,4,3473,3421
26002,813349912194120,23541,4,3473,3421
26019,813349912796724,215417,4,3473,3421
26048,813349913339693,29010,3,3473,3421
26071,813349913783807,227917,3,3473,3421
26080,813349914196047,18542,2,3473,3421
26094,813349914758859,246250,2,3473,3421
26111,813349915185474,24792,2,3473,3421
26129,813349915713859,216875,2,3473,3421
26140,813349916106099,32812,2,3473,3421
26165,813349916772870,183073,2,3473,3421
26179,813349917135578,8281,2,3473,3421
26189,813349917649328,236406,3,3473,3421
26203,813349918028182,19688,6,3473,3421
26221,813349918578286,273282,3,3473,3421
26239,813349919106620,22708,3,3473,3421
26274,813349920380630,46198,6,3473,3421
26276,813349920465214,201927,6,3473,3421
26289,813349920945839,19427,5,3473,3421
26297,813349921401932,245990,5,3473,3421
26313,813349921872245,9166,5,3473,3421
26320,813349922444328,199792,5,3473,3421
26327,813349922813286,10521,5,3473,3421
26334,813349923328286,182448,5,3473,3421
26339,813349923682297,9635,5,3473,3421
26359,813349924371047,197187,5,3473,3421
26371,813349924716568,9323,5,3473,3421
26382,813349925190734,196459,5,3473,3421
26390,813349925549276,10677,5,3473,3421
26403,813349926031672,195573,5,3473,3421
26429,813349926505005,17761,6,3473,3421
26450,813349926897349,226615,6,3473,3421
26456,813349927146984,14740,5,3473,3421
26458,813349927295474,22500,5,3473,3421
26474,813349927884484,117448,6,3473,3421
26477,813349928026151,165990,5,3473,3421
26481,813349928211203,45938,6,3473,3421
26486,813349928293182,39167,6,3473,3421
26499,813349928589849,17448,6,3473,3421
26520,813349929081359,224427,6,3473,3421
26534,813349929562505,16875,6,3473,3421
26543,813349929984224,190260,6,3473,3421
26556,813349930442089,18229,6,3473,3421
26562,813349930890891,204583,6,3473,3421
26567,813349931286151,22188,2,3473,3421
26575,813349931863495,305625,2,3473,3421
26582,813349932289901,13385,2,3473,3421
26600,813349932859224,216458,2,3473,3421
26605,813349933226932,11667,2,3473,3421
26614,813349933878651,212031,2,3473,3421
26619,813349934233859,11407,2,3473,3421
26629,813349934803182,208177,2,3473,3421
26637,813349935163547,10729,2,3473,3421
26649,813349935642922,197187,2,3473,3421
26662,813349936008859,10886,2,3473,3421
26683,813349936683599,40729,2,3473,3421
26688,813349936775786,291823,2,3473,3421
26716,813349937336984,11719,2,3473,3421
26739,813349937924172,197448,2,3473,3421
26756,813349938296359,12813,2,3473,3421
26766,813349938824797,195937,2,3473,3421
26770,813349939177974,12396,2,3473,3421
26789,813349939985839,254947,2,3473,3421
26808,813349940464328,11458,2,3473,3421
26815,813349941028026,218750,2,3473,3421
26822,813349941416620,11875,2,3473,3421
26829,813349941930318,224635,2,3473,3421
26834,813349942310057,15729,2,3473,3421
26841,813349942869797,206198,2,3473,3421
26849,813349943232922,11406,2,3473,3421
26863,813349943717870,193750,2,3473,3421
26869,813349944062141,11250,2,3473,3421
26895,813349944735214,190989,2,3473,3421
26914,813349945159484,12552,2,3473,3421
26936,813349945709016,212812,2,3473,3421
26946,813349946092141,11927,2,3473,3421
26963,813349946810839,198854,2,3473,3421
26970,813349947267557,10365,2,3473,3421
26977,813349947852089,204427,2,3473,3421
26996,813349948265682,11094,2,3473,3421
27004,813349948815318,202343,2,3473,3421
27009,813349949176203,11302,2,3473,3421
27017,813349949672766,257916,2,3473,3421
27023,813349950070734,12500,2,3473,3421
27036,813349950867609,209219,2,3473,3421
27042,813349951228078,10000,2,3473,3421
27057,813349951807245,193906,2,3473,3421
27071,813349952247557,22865,3,3473,3421
27093,813349953148286,238125,3,3473,3421
27118,813349953591464,29479,6,3473,3421
27133,813349954134224,237708,3,3473,3421
27142,813349954611880,32292,2,3473,3421
27159,813349955166411,279896,2,3473,3421
27164,813349955635578,16563,2,3473,3421
27174,813349956277141,215364,2,3473,3421
27188,813349956654953,13125,2,3473,3421
27195,813349957230682,240261,2,3473,3421
27200,813349957651568,14218,2,3473,3421
27207,813349958220891,214895,2,3473,3421
27212,813349958605005,13334,2,3473,3421
27218,813349959113234,240105,2,3473,3421
27224,813349959523182,13907,2,3473,3421
27237,813349960036099,253802,2,3473,3421
27255,813349960441099,12448,2,3473,3421
27287,813349961404016,95677,3,3473,3421
27291,813349961516984,179688,4,3473,3421
27311,813349961956672,25156,3,3473,3421
27326,813349962560474,211406,4,3473,3421
27335,813349963048339,25885,3,3473,3421
27346,813349963622661,224740,3,3473,3421
27357,813349964054276,22708,6,3473,3421
27373,813349964674849,215260,3,3473,3421
27378,813349965052036,20157,6,3473,3421
27391,813349965586568,214479,3,3473,3421
27398,813349965955526,21354,6,3473,3421
27406,813349966538807,209688,3,3473,3421
27411,813349966899641,28229,6,3473,3421
27418,813349967435474,220417,3,3473,3421
27424,813349967836828,20833,6,3473,3421
27437,813349968345422,202500,3,3473,3421
27449,813349968767401,41458,4,3473,3421
27462,813349969235578,200833,4,3473,3421
27474,813349969640422,18489,6,3473,3421
27502,813349970464953,203490,3,3473,3421
27514,813349970906516,8802,3,3473,3421
27525,813349971469901,219375,3,3473,3421
27530,813349971875943,8229,3,3473,3421
27543,813349972440266,272083,4,3473,3421
27558,813349972850995,19219,3,3473,3421
27571,813349973355005,213490,4,3473,3421
27577,813349973737505,19531,3,3473,3421
27584,813349974261099,219531,4,3473,3421
27589,813349974623182,20104,3,3473,3421
27596,813349975161620,210104,4,3473,3421
27601,813349975511672,20625,3,3473,3421
27608,813349976029901,263333,4,3473,3421
27617,813349976424380,18021,3,3473,3421
27636,813349976966828,215208,4,3473,3421
27650,813349977345734,19480,6,3473,3421
27676,813349978247089,197500,4,3473,3421
27689,813349978749068,29323,6,3473,3421
27700,813349979280214,285208,3,3473,3421
27708,813349979698443,16406,3,3473,3421
27715,813349980217609,279792,3,3473,3421
27723,813349980602349,8646,3,3473,3421
27737,813349981133703,244583,3,3473,3421
27749,813349981492349,11198,3,3473,3421
27759,813349981996724,185469,3,3473,3421
27770,813349982325109,8802,3,3473,3421
27780,813349982843339,230781,3,3473,3421
27793,813349983267141,43854,3,3473,3421
27807,813349983816568,189791,3,3473,3421
27822,813349984200578,8281,3,3473,3421
27837,813349984690370,203802,3,3473,3421
27855,813349985151776,34167,4,3473,3421
27877,813349985678547,194635,3,3473,3421
27890,813349986044224,19531,6,3473,3421
27919,813349986809484,218959,3,3473,3421
27928,813349987190057,20886,6,3473,3421
27940,813349987807089,227083,6,3473,3421
27951,813349988257453,13333,6,3473,3421
27966,813349988794380,231094,6,3473,3421
27972,813349989193807,11407,6,3473,3421
27981,813349989758182,235521,6,3473,3421
27988,813349990162089,10000,6,3473,3421
27997,813349990762453,186458,6,3473,3421
28002,813349991126255,12292,6,3473,3421
28008,813349991664797,194896,6,3473,3421
28013,813349992034120,10000,6,3473,3421
28028,813349992623026,312552,3,3473,3421
28039,813349993171672,27760,6,3473,3421
28059,813349993724849,210469,4,3473,3421
28074,813349994230891,28698,3,3473,3421
28087,813349994707766,218281,3,3473,3421
28106,813349995226203,36094,6,3473,3421
28115,813349995769693,247448,6,3473,3421
28121,813349996202349,31042,6,3473,3421
28132,813349996835526,228750,3,3473,3421
28140,813349997303339,31770,6,3473,3421
28156,813349997943339,217239,3,3473,3421
28162,813349998324797,20521,6,3473,3421
28169,813349998888859,208073,3,3473,3421
28174,813349999274536,19688,6,3473,3421
28181,813349999837818,201823,3,3473,3421
28190,813350000214224,20625,6,3473,3421
28198,813350000722401,236563,3,3473,3421
28205,813350001216568,33281,6,3473,3421
28218,813350001834745,232135,3,3473,3421
28232,813350002400526,27656,6,3473,3421
28261,813350003313964,218750,3,3473,3421
28276,813350003796047,16354,4,3473,3421
28301,813350004526828,235625,3,3473,3421
28315,813350004962505,20781,6,3473,3421
28330,813350005586359,226667,6,3473,3421
28341,813350006003182,7813,6,3473,3421
28354,813350006560839,233645,6,3473,3421
28368,813350006963807,9584,6,3473,3421
28381,813350007518495,223906,3,3473,3421
28397,813350007901464,19218,6,3473,3421
28414,813350008494641,213333,3,3473,3421
28424,813350008854745,28125,6,3473,3421
28441,813350009385891,218750,3,3473,3421
28448,813350009767036,19323,6,3473,3421
28467,813350010451672,227448,3,3473,3421
28477,813350010832714,20885,6,3473,3421
28493,813350011579797,237292,3,3473,3421
28513,813350012070943,27396,4,3473,3421
28536,813350012621880,218490,4,3473,3421
28544,813350013006151,19479,4,3473,3421
28558,813350013560682,242136,4,3473,3421
28563,813350013949849,8906,4,3473,3421
28572,813350014506203,237865,3,3473,3421
28580,813350014945474,8646,3,3473,3421
28587,813350015518755,237344,3,3473,3421
28592,813350015910161,11407,3,3473,3421
28601,813350016473078,200573,3,3473,3421
28608,813350016830682,9323,3,3473,3421
28615,813350017349120,196146,3,3473,3421
28621,813350017693964,8645,3,3473,3421
28636,813350018292870,209479,3,3473,3421
28647,813350018687453,20208,6,3473,3421
28667,813350019548026,269427,3,3473,3421
28682,813350019984380,11927,5,3473,3421
28686,813350020028286,38646,6,3473,3421
28702,813350020648234,260938,3,3473,3421
28719,813350021211516,33489,3,3473,3421
28728,813350021636307,198282,3,3473,3421
28736,813350022017661,23125,6,3473,3421
28748,813350022584953,215938,3,3473,3421
28755,813350022962036,20313,6,3473,3421
28762,813350023506099,209844,3,3473,3421
28769,813350023872661,50209,6,3473,3421
28787,813350024747453,259583,6,3473,3421
28792,813350025176151,22917,3,3473,3421
28799,813350025785682,221302,4,3473,3421
28806,813350026211359,9219,4,3473,3421
28818,813350026726099,219427,3,3473,3421
28831,813350027206984,18282,4,3473,3421
28848,813350027960370,311041,4,3473,3421
28877,813350028740526,15052,5,3473,3421
28892,813350029289068,261250,5,3473,3421
28900,813350029718703,8438,5,3473,3421
28908,813350030350370,198594,5,3473,3421
28916,813350030695630,9219,5,3473,3421
28930,813350031218130,198386,5,3473,3421
28935,813350031579797,9479,5,3473,3421
28942,813350032101932,199740,5,3473,3421
28949,813350032457089,8489,5,3473,3421
28956,813350032984120,206666,5,3473,3421
28961,813350033349172,9792,5,3473,3421
28971,813350033843182,187761,5,3473,3421
28977,813350034225318,12396,5,3473,3421
28987,813350034700891,220625,4,3473,3421
29001,813350035152036,37709,3,3473,3421
29014,813350035727401,202448,3,3473,3421
29026,813350036125839,45937,6,3473,3421
29061,813350037047141,266562,6,3473,3421
29072,813350037431151,33906,6,3473,3421
29087,813350038043078,193802,6,3473,3421
29097,813350038410734,10625,6,3473,3421
29108,813350039044484,189063,6,3473,3421
29113,813350039401984,11980,6,3473,3421
29119,813350039937557,198282,6,3473,3421
29128,813350040276672,9792,6,3473,3421
29135,813350040841255,179844,6,3473,3421
29142,813350041190266,9635,6,3473,3421
29148,813350041721516,198073,6,3473,3421
29153,813350042099901,11354,6,3473,3421
29161,813350042656776,174427,6,3473,3421
29169,813350042993391,8645,6,3473,3421
29192,813350043858339,233281,3,3473,3421
29207,813350044297870,19531,6,3473,3421
29240,813350045185786,261250,3,3473,3421
29252,813350045607661,20782,6,3473,3421
29265,813350046127297,211562,3,3473,3421
29275,813350046480839,21458,6,3473,3421
29283,813350047041516,233229,3,3473,3421
29293,813350047431047,18802,6,3473,3421
29313,813350048078182,241198,6,3473,3421
29327,813350048570786,14532,4,3473,3421
29350,813350048992922,260781,4,3473,3421
29363,813350049415214,26406,5,3473,3421
29366,813350049450943,7708,5,3473,3421
29391,813350050230786,218542,3,3473,3421
29414,813350050841984,45834,4,3473,3421
29546,813350054337297,222083,4,3473,3421
29554,813350054630214,135208,4,3473,3421
29563,813350054991724,20156,3,3473,3421
29594,813350055714797,39271,4,3473,3421
29634,813350056404172,77760,3,3473,3421
29639,813350056542870,157031,3,3473,3421
29652,813350056746255,91979,3,3473,3421
29735,813350058714120,36927,3,3473,3421
29762,813350059638391,309479,3,3473,3421
29778,813350060456411,30782,4,3473,3421
29787,813350061085318,243229,3,3473,3421
29815,813350061914901,62448,4,3473,3421
29852,813350062719016,242239,4,3473,3421
29863,813350063191411,22813,3,3473,3421
29895,813350063921984,302136,3,3473,3421
29918,813350064485422,19062,3,3473,3421
29945,813350065057766,238541,4,3473,3421
29964,813350065518703,20573,3,3473,3421
29998,813350066080057,292240,4,3473,3421
30011,813350066579953,23438,3,3473,3421
30036,813350067166203,288958,3,3473,3421
30059,813350067930370,20521,4,3473,3421
30070,813350068250474,215156,4,3473,3421
30088,813350068721672,31823,3,3473,3421
30108,813350069179120,194948,4,3473,3421
30118,813350069606724,21250,3,3473,3421
30135,813350070061568,208177,4,3473,3421
30144,813350070443807,30209,6,3473,3421
30157,813350070969172,223177,3,3473,3421
30166,813350071420318,35625,6,3473,3421
30187,813350071914797,163542,3,3473,3421
30195,813350072225734,110625,3,3473,3421
30213,813350072581203,15469,6,3473,3421
30239,813350073355943,266666,3,3473,3421
30252,813350073866151,41094,4,3473,3421
30279,813350074456984,253334,5,3473,3421
30300,813350074988755,17500,4,3473,3421
30313,813350075504901,254948,6,3473,3421
30348,813350076339901,27500,6,3473,3421
30370,813350076731516,289218,4,3473,3421
30389,813350077453078,69167,3,3473,3421
30424,813350078219328,246094,3,3473,3421
30437,813350078708234,23021,4,3473,3421
30452,813350079223443,211771,3,3473,3421
30457,813350079654589,36093,6,3473,3421
30470,813350080245422,246354,3,3473,3421
30488,813350080670578,19323,6,3473,3421
30509,813350081205161,226719,3,3473,3421
30514,813350081590526,19323,6,3473,3421
30522,813350082104589,210729,3,3473,3421
30534,813350082486203,18542,6,3473,3421
30541,813350083018651,215781,3,3473,3421
30546,813350083398495,50937,6,3473,3421
30556,813350083887297,247500,3,3473,3421
30572,813350084317922,35625,5,3473,3421
30589,813350084925005,82761,5,3473,3421
30595,813350085113755,78073,5,3473,3421
30601,813350085283495,200416,4,3473,3421
30612,813350085715786,20000,3,3473,3421
30631,813350086142245,290469,4,3473,3421
30651,813350086686464,18333,3,3473,3421
30661,813350087096672,217812,3,3473,3421
30666,813350087526099,20573,4,3473,3421
30673,813350088062766,252395,3,3473,3421
30680,813350088476568,19218,4,3473,3421
30687,813350088960734,222188,3,3473,3421
30692,813350089340005,19011,4,3473,3421
30700,813350089832193,224739,3,3473,3421
30706,813350090200995,18646,4,3473,3421
30713,813350090659641,215000,3,3473,3421
30719,813350091015266,18125,4,3473,3421
30727,813350091498495,259219,3,3473,3421
30733,813350091908286,18438,4,3473,3421
30755,813350092438182,205209,3,3473,3421
30764,813350092798443,18645,4,3473,3421
30774,813350093286411,240417,3,3473,3421
30781,813350093674849,19531,4,3473,3421
30788,813350094136099,218958,3,3473,3421
30793,813350094504016,19010,4,3473,3421
30807,813350094975109,217969,3,3473,3421
30812,813350095359693,19739,4,3473,3421
30819,813350095816411,223802,3,3473,3421
30827,813350096207349,18489,4,3473,3421
30835,813350096683807,241042,6,3473,3421
30841,813350097138807,9323,6,3473,3421
30848,813350097641307,288386,4,3473,3421
30853,813350098108807,20781,6,3473,3421
30864,813350098556359,209948,3,3473,3421
30871,813350098991568,34479,6,3473,3421
30878,813350099488026,253177,2,3473,3421
30883,813350099950422,9896,2,3473,3421
30903,813350100569797,237187,4,3473,3421
30912,813350100979328,10677,4,3473,3421
30926,813350101514224,230937,3,3473,3421
30944,813350101962505,9844,3,3473,3421
30953,813350102431099,224219,4,3473,3421
30958,813350102841516,9218,4,3473,3421
30965,813350103280891,237447,3,3473,3421
30970,813350103707870,9427,3,3473,3421
30978,813350104169068,223489,4,3473,3421
30984,813350104576984,8750,4,3473,3421
30991,813350105015578,221615,3,3473,3421
30998,813350105432193,9375,3,3473,3421
31005,813350105905786,221407,4,3473,3421
31010,813350106327713,9532,4,3473,3421
31017,813350106779797,219479,3,3473,3421
31022,813350107193495,9114,3,3473,3421
31030,813350107675578,254948,4,3473,3421
31039,813350108148547,17552,4,3473,3421
31051,813350108674536,260625,6,3473,3421
31056,813350109243026,30937,4,3473,3421
31063,813350109821776,248125,4,3473,3421
31073,813350110274953,15729,6,3473,3421
31080,813350110770422,243177,4,3473,3421
31085,813350111194120,20625,6,3473,3421
31092,813350111611724,237448,4,3473,3421
31097,813350112011932,19531,6,3473,3421
31115,813350112468078,227813,4,3473,3421
31120,813350112854016,19843,6,3473,3421
31127,813350113262193,246198,4,3473,3421
31132,813350113664016,19739,6,3473,3421
31139,813350114084797,231823,4,3473,3421
31146,813350114490734,19323,6,3473,3421
31157,813350114897609,244532,4,3473,3421
31162,813350115314016,19791,6,3473,3421
31169,813350115803495,231510,4,3473,3421
31176,813350116220161,18698,6,3473,3421
31185,813350116721828,237656,6,3473,3421
31192,813350117127401,10104,6,3473,3421
31200,813350117561620,230000,4,3473,3421
31211,813350117949693,20520,6,3473,3421
31226,813350118357818,234687,4,3473,3421
31237,813350118749432,21302,6,3473,3421
31255,813350119164536,225677,4,3473,3421
31267,813350119547818,20729,6,3473,3421
31284,813350119939693,305625,4,3473,3421
31296,813350120430734,20365,6,3473,3421
31307,813350120823807,242292,4,3473,3421
31315,813350121329068,18489,4,3473,3421
31322,813350121647297,203854,4,3473,3421
31330,813350122040786,22813,6,3473,3421
31356,813350122515734,242448,4,3473,3421
31369,813350122920266,20468,6,3473,3421
31390,813350123456203,213177,4,3473,3421
31408,813350123835526,20156,6,3473,3421
31423,813350124286255,301875,4,3473,3421
31428,813350124760578,19635,6,3473,3421
31435,813350125179693,231354,4,3473,3421
31440,813350125568911,20000,6,3473,3421
31447,813350125989016,222447,4,3473,3421
31452,813350126369536,18802,6,3473,3421
31459,813350126792713,229636,4,3473,3421
31464,813350127176880,20208,6,3473,3421
31472,813350127598703,367188,4,3473,3421
31478,813350128150474,19531,6,3473,3421
31485,813350128552141,232916,4,3473,3421
31490,813350128976568,18333,6,3473,3421
31511,813350129365995,224427,4,3473,3421
31516,813350129751776,20260,6,3473,3421
31523,813350130173547,236198,4,3473,3421
31528,813350130564224,20573,6,3473,3421
31535,813350130981307,227344,4,3473,3421
31540,813350131377297,45364,6,3473,3421
31546,813350131864016,331302,6,3473,3421
31552,813350132336047,33541,6,3473,3421
31564,813350132791411,246250,4,3473,3421
31569,813350133217922,21823,6,3473,3421
31577,813350133664693,245416,4,3473,3421
31583,813350134103807,22031,3,3473,3421
31593,813350134570891,227447,4,3473,3421
31602,813350134958547,21302,3,3473,3421
31609,813350135402505,247344,4,3473,3421
31614,813350135807088,21719,3,3473,3421
31624,813350136283026,227760,4,3473,3421
31629,813350136670474,23073,3,3473,3421
31636,813350137119120,225364,4,3473,3421
31644,813350137498755,21511,3,3473,3421
31654,813350137947088,226094,4,3473,3421
31659,813350138341151,22917,3,3473,3421
31666,813350138774693,252083,4,3473,3421
31671,813350139183130,22813,3,3473,3421
31678,813350139682505,230052,4,3473,3421
31683,813350140068026,24323,3,3473,3421
31699,813350140518963,270834,4,3473,3421
31705,813350140950005,23490,3,3473,3421
31713,813350141468443,288489,2,3473,3421
31721,813350142022141,22708,3,3473,3421
31726,813350142430786,272448,3,3473,3421
31732,813350142906984,28334,4,3473,3421
31739,813350143388755,270052,3,3473,3421
31744,813350143839588,24532,4,3473,3421
31755,813350144361568,245052,3,3473,3421
31767,813350144780891,23437,4,3473,3421
31777,813350145251463,237865,3,3473,3421
31785,813350145663599,22552,4,3473,3421
31796,813350146117036,238282,3,3473,3421
31806,813350146522922,22083,4,3473,3421
31813,813350146967453,256615,3,3473,3421
31818,813350147449172,20052,4,3473,3421
31825,813350147875057,294740,3,3473,3421
31831,813350148306932,21146,2,3473,3421
31843,813350148735474,244687,2,3473,3421
31848,813350149146516,13541,2,3473,3421
31859,813350149595943,215260,2,3473,3421
31866,813350149988859,11146,2,3473,3421
31873,813350150412818,229583,2,3473,3421
31878,813350150817088,10886,2,3473,3421
31885,813350151248911,211875,2,3473,3421
31890,813350151651932,11563,2,3473,3421
31897,813350152076255,238594,2,3473,3421
31902,813350152490526,13281,2,3473,3421
31909,813350152930943,218073,2,3473,3421
31914,813350153323859,12188,2,3473,3421
31921,813350153742713,214323,2,3473,3421
31926,813350154126411,11250,2,3473,3421
31933,813350154566047,243333,2,3473,3421
31938,813350154981151,12656,2,3473,3421
31945,813350155415943,321250,2,3473,3421
31950,813350155961620,13489,2,3473,3421
31962,813350156537818,291823,2,3473,3421
31983,813350157077713,11355,2,3473,3421
32010,813350157831880,291146,2,3473,3421
32027,813350158338130,13854,2,3473,3421
32034,813350158917609,297604,2,3473,3421
32044,813350159444745,12604,2,3473,3421
32051,813350159982818,323802,2,3473,3421
32058,813350160523078,16823,2,3473,3421
32065,813350161103495,268333,2,3473,3421
32074,813350161579224,13437,2,3473,3421
32081,813350162129328,270990,2,3473,3421
32086,813350162620161,12448,2,3473,3421
32093,813350163157818,360104,2,3473,3421
32098,813350163753651,20156,2,3473,3421
32108,813350164416203,315885,2,3473,3421
32119,813350164964016,14322,2,3473,3421
32126,813350165568391,296562,2,3473,3421
32131,813350166099380,13646,2,3473,3421
32139,813350166664276,355781,4,3473,3421
32147,813350167229328,23542,2,3473,3421
32156,813350167846984,350313,2,3473,3421
32163,813350168488234,16250,2,3473,3421
32176,813350168932245,245781,2,3473,3421
32182,813350169356516,12343,2,3473,3421
32189,813350169823755,244479,2,3473,3421
32194,813350170246620,11823,2,3473,3421
32201,813350170707297,239583,2,3473,3421
32208,813350171126776,12344,2,3473,3421
32215,813350171606203,268021,2,3473,3421
32220,813350172080786,14636,2,3473,3421
32232,813350172645630,273333,2,3473,3421
32243,813350173126255,15052,2,3473,3421
32256,813350173607713,260886,2,3473,3421
32264,813350174068130,12917,2,3473,3421
32271,813350174558182,245729,2,3473,3421
32278,813350174998703,12813,2,3473,3421
32285,813350175461984,245677,2,3473,3421
32291,813350175939588,52500,6,3473,3421
32297,813350176540266,319062,4,3473,3421
32304,813350177042818,19062,2,3473,3421
32314,813350177549432,254063,2,3473,3421
32320,813350178004953,11146,2,3473,3421
32328,813350178503651,247135,2,3473,3421
32333,813350178944953,12448,2,3473,3421
32340,813350179429641,369166,2,3473,3421
32345,813350180027036,14480,2,3473,3421
32356,813350180662401,313958,2,3473,3421
32361,813350181215995,14375,2,3473,3421
32370,813350181791255,350365,2,3473,3421
32375,813350182383755,18594,2,3473,3421
32382,813350183003182,314792,2,3473,3421
32387,813350183551516,16041,2,3473,3421
32394,813350184179484,315990,2,3473,3421
32405,813350184758703,17292,2,3473,3421
32413,813350185389536,310573,2,3473,3421
32418,813350185938078,16250,2,3473,3421
32426,813350186540578,321563,2,3473,3421
32439,813350187083911,55052,2,3473,3421
32467,813350187918963,412865,2,3473,3421
32483,813350188583182,13281,2,3473,3421
32497,813350189234380,278073,2,3473,3421
32511,813350189809536,18282,2,3473,3421
32530,813350190524797,314531,2,3473,3421
32542,813350191130630,12656,2,3473,3421
32558,813350191797766,336614,2,3473,3421
32568,813350192393755,13906,2,3473,3421
32585,813350192994588,272813,2,3473,3421
32600,813350193537818,14843,2,3473,3421
32614,813350194229484,284167,2,3473,3421
32625,813350194768234,15834,2,3473,3421
32639,813350195424745,318125,2,3473,3421
32647,813350195995109,13542,2,3473,3421
32663,813350196694276,289062,2,3473,3421
32671,813350197244328,13594,2,3473,3421
32685,813350197888599,297187,2,3473,3421
32700,813350198474641,13697,2,3473,3421
32706,813350199183130,292813,2,3473,3421
32711,813350199741099,13958,2,3473,3421
32719,813350200491620,376093,2,3473,3421
32727,813350201026151,11771,2,3473,3421
32733,813350201640266,258645,2,3473,3421
32738,813350202126932,12813,2,3473,3421
32746,813350202742088,265261,2,3473,3421
32758,813350203266099,58229,2,3473,3421
32775,813350204028547,310208,2,3473,3421
32791,813350204567870,10573,2,3473,3421
32800,813350205147922,242031,2,3473,3421
32806,813350205622036,14011,2,3473,3421
32821,813350206151516,234739,2,3473,3421
32834,813350206586932,11146,2,3473,3421
32850,813350207122557,239115,2,3473,3421
32876,813350207556984,11302,2,3473,3421
32902,813350208231411,263542,2,3473,3421
32912,813350208738338,17240,2,3473,3421
32918,813350209339432,257813,2,3473,3421
32926,813350209844849,12864,2,3473,3421
32933,813350210457557,254896,2,3473,3421
32938,813350210943234,14167,2,3473,3421
32944,813350211559901,277917,2,3473,3421
32949,813350212066724,12448,2,3473,3421
32964,813350212804588,298438,2,3473,3421
32970,813350213338130,13333,2,3473,3421
32977,813350213968807,272500,2,3473,3421
32982,813350214492766,14635,2,3473,3421
32988,813350215080422,258073,2,3473,3421
32993,813350215609797,12500,2,3473,3421
33001,813350216301568,260000,2,3473,3421
33006,813350216817870,12968,2,3473,3421
33014,813350217393547,281771,2,3473,3421
33019,813350217907401,12760,2,3473,3421
33025,813350218611463,266980,2,3473,3421
33030,813350219120474,11354,2,3473,3421
33040,813350219822505,249167,2,3473,3421
33053,813350220380057,12865,2,3473,3421
33066,813350220952818,240937,2,3473,3421
33078,813350221437349,12500,2,3473,3421
33089,813350222068547,257916,2,3473,3421
33099,813350222543547,13802,2,3473,3421
33107,813350223164432,263386,2,3473,3421
33112,813350223660318,11770,2,3473,3421
33120,813350224263234,255261,2,3473,3421
33125,813350224732609,12865,2,3473,3421
33131,813350225363078,241198,2,3473,3421
33136,813350225838234,11875,2,3473,3421
33143,813350226378807,243281,2,3473,3421
33154,813350226846880,14167,2,3473,3421
33172,813350227501932,227761,2,3473,3421
33189,813350227936984,11459,2,3473,3421
33204,813350228553859,222240,2,3473,3421
33212,813350228977505,12031,2,3473,3421
33222,813350229563963,233646,2,3473,3421
33229,813350230000161,10209,2,3473,3421
33238,813350230558859,219323,2,3473,3421
33243,813350230988234,14792,2,3473,3421
33250,813350231794276,280573,2,3473,3421
33255,813350232354484,11667,2,3473,3421
33261,813350232859536,238021,2,3473,3421
33267,813350233298078,12708,2,3473,3421
33278,813350233880161,223907,2,3473,3421
33283,813350234319849,11979,2,3473,3421
33289,813350234858963,283594,2,3473,3421
33299,813350235431724,21979,2,3473,3421
33314,813350236530318,245573,2,3473,3421
33326,813350237010161,11719,2,3473,3421
33333,813350237725786,267969,2,3473,3421
33339,813350238244745,13281,2,3473,3421
33346,813350238821047,228437,2,3473,3421
33353,813350239306516,10885,2,3473,3421
33359,813350239877036,217865,2,3473,3421
33369,813350240325005,13594,2,3473,3421
33379,813350240811411,239740,2,3473,3421
33386,813350241237974,9427,2,3473,3421
33397,813350241819745,213229,2,3473,3421
33406,813350242226359,8959,2,3473,3421
33415,813350242669276,197708,2,3473,3421
33428,813350243052349,10156,2,3473,3421
33443,813350243562453,210260,2,3473,3421
33461,813350244008807,12084,2,3473,3421
33481,813350244664693,274583,2,3473,3421
33494,813350245180838,10990,2,3473,3421
33505,813350245960578,231302,2,3473,3421
33512,813350246406516,11406,2,3473,3421
33520,813350246981828,215885,2,3473,3421
33528,813350247415630,10521,2,3473,3421
33535,813350247912661,253386,2,3473,3421
33542,813350248330734,10938,2,3473,3421
33557,813350248902036,226511,2,3473,3421
33562,813350249375161,11146,2,3473,3421
33568,813350249891828,220417,2,3473,3421
33575,813350250311359,11823,2,3473,3421
33581,813350250819797,257239,2,3473,3421
33587,813350251257245,12239,2,3473,3421
33594,813350251852297,223854,2,3473,3421
33602,813350252308443,10573,2,3473,3421
33612,813350252879484,202240,2,3473,3421
33622,813350253282349,9427,2,3473,3421
33633,813350253803286,210365,2,3473,3421
33639,813350254245109,12292,2,3473,3421
33645,813350254738651,221562,2,3473,3421
33650,813350255159641,9218,2,3473,3421
33658,813350255673026,207812,2,3473,3421
33663,813350256082974,12396,2,3473,3421
33676,813350256595370,216354,2,3473,3421
33682,813350256982401,10208,2,3473,3421
33691,813350257466255,250208,2,3473,3421
33704,813350257913651,10521,2,3473,3421
33721,813350258455318,216875,2,3473,3421
33730,813350258877713,10417,2,3473,3421
33743,813350259398234,248542,2,3473,3421
33755,813350259866047,12760,2,3473,3421
33775,813350260618182,232813,2,3473,3421
33780,813350261061828,10521,2,3473,3421
33790,813350261559068,203698,2,3473,3421
33798,813350261951620,12656,2,3473,3421
33807,813350262460161,204896,2,3473,3421
33815,813350262853338,10625,2,3473,3421
33823,813350263338547,223906,2,3473,3421
33828,813350263761411,12865,2,3473,3421
33839,813350264315318,204635,2,3473,3421
33849,813350264722349,10260,2,3473,3421
33856,813350265220266,202239,2,3473,3421
33862,813350265628286,8959,2,3473,3421
33868,813350266128391,211302,2,3473,3421
33873,813350266514432,10209,2,3473,3421
33881,813350267036516,242239,2,3473,3421
33887,813350267527870,11406,2,3473,3421
33893,813350268024068,297916,2,3473,3421
33910,813350268502609,10261,2,3473,3421
33916,813350268999641,211666,2,3473,3421
33921,813350269406620,11614,2,3473,3421
33932,813350269902193,200364,2,3473,3421
33944,813350270288703,10833,2,3473,3421
33950,813350270792297,223854,2,3473,3421
33955,813350271224172,11823,2,3473,3421
33961,813350271726203,210052,2,3473,3421
33966,813350272176828,13073,2,3473,3421
33972,813350272643130,208021,2,3473,3421
33977,813350273033443,12291,2,3473,3421
33985,813350273543703,221927,2,3473,3421
33992,813350273975109,12969,2,3473,3421
34004,813350274447505,196511,2,3473,3421
34018,813350274839536,10469,2,3473,3421
34024,813350275328807,232604,2,3473,3421
34029,813350275747193,11354,2,3473,3421
34039,813350276350578,205365,2,3473,3421
34044,813350276754016,11979,2,3473,3421
34051,813350277241099,207344,2,3473,3421
34057,813350277642974,10156,2,3473,3421
34063,813350278126411,198750,2,3473,3421
34069,813350278532766,11250,2,3473,3421
34078,813350279021307,231563,2,3473,3421
34084,813350279443182,11459,2,3473,3421
34093,813350279935891,241354,2,3473,3421
34102,813350280372453,10833,2,3473,3421
34111,813350280856724,203958,2,3473,3421
34120,813350281261151,10417,2,3473,3421
34126,813350281742453,207344,2,3473,3421
34131,813350282127453,10469,2,3473,3421
34138,813350282624380,245573,2,3473,3421
34143,813350283066880,13021,2,3473,3421
34149,813350283568286,205677,2,3473,3421
34154,813350283990838,10053,2,3473,3421
34167,813350284588338,199480,2,3473,3421
34174,813350284987922,9739,2,3473,3421
34180,813350285501568,204010,2,3473,3421
34185,813350285887922,12864,2,3473,3421
34192,813350286393443,205625,2,3473,3421
34201,813350286795213,10573,2,3473,3421
34211,813350287258547,209844,2,3473,3421
34223,813350287652870,9896,2,3473,3421
34239,813350288201984,211146,2,3473,3421
34249,813350288616516,10781,2,3473,3421
34259,813350289126932,220209,2,3473,3421
34264,813350289544849,9375,2,3473,3421
34272,813350290020995,203125,2,3473,3421
34281,813350290432088,11511,2,3473,3421
34287,813350290954641,228645,2,3473,3421
34292,813350291396359,12657,2,3473,3421
34298,813350291875161,216771,2,3473,3421
34307,813350292348286,13021,2,3473,3421
34314,813350292830318,210208,2,3473,3421
34319,813350293265370,12552,2,3473,3421
34326,813350293757609,208386,2,3473,3421
34331,813350294142401,11615,2,3473,3421
34337,813350294634641,219583,2,3473,3421
34342,813350295059849,9739,2,3473,3421
34350,813350295517609,208334,2,3473,3421
34359,813350295908078,9635,2,3473,3421
34371,813350296434588,210469,2,3473,3421
34381,813350296813963,9688,2,3473,3421
34391,813350297352609,219636,2,3473,3421
34396,813350297796880,12031,2,3473,3421
34407,813350298293963,205417,2,3473,3421
34413,813350298704016,8958,2,3473,3421
34419,813350299176672,318646,2,3473,3421
34424,813350299725891,12447,2,3473,3421
34437,813350300541255,205261,2,3473,3421
34444,813350301033391,16250,2,3473,3421
34453,813350301522609,218646,2,3473,3421
34462,813350301950526,20000,2,3473,3421
34472,813350302456463,283438,3,3473,3421
34478,813350302988755,41979,4,3473,3421
34491,813350303410266,273750,4,3473,3421
34509,813350303902245,10260,4,3473,3421
34519,813350304419953,275781,3,3473,3421
34524,813350304873859,25677,4,3473,3421
34531,813350305347713,269792,3,3473,3421
34538,813350305782349,26719,4,3473,3421
34545,813350306213391,247447,3,3473,3421
34550,813350306632401,24948,4,3473,3421
34557,813350307074693,270885,3,3473,3421
34562,813350307560734,24271,4,3473,3421
34569,813350308003338,299480,3,3473,3421
34579,813350308483443,21666,4,3473,3421
34596,813350308932297,241927,3,3473,3421
34611,813350309342922,22500,4,3473,3421
34625,813350309756255,235417,3,3473,3421
34644,813350310149745,20573,4,3473,3421
34668,813350310592713,237396,3,3473,3421
34681,813350311002401,23906,4,3473,3421
34688,813350311465318,262812,3,3473,3421
34693,813350311894432,23906,4,3473,3421
34706,813350312384640,245521,3,3473,3421
34711,813350312815734,23646,4,3473,3421
34718,813350313295786,247709,3,3473,3421
34723,813350313705370,24062,4,3473,3421
34730,813350314175890,246771,3,3473,3421
34735,813350314584640,22761,4,3473,3421
34744,813350315041515,336771,3,3473,3421
34751,813350315588703,18906,2,3473,3421
34757,813350316077245,369270,2,3473,3421
34769,813350316665838,12552,2,3473,3421
34780,813350317190786,232292,2,3473,3421
34786,813350317643338,14063,2,3473,3421
34793,813350318144276,223385,2,3473,3421
34798,813350318565526,12864,2,3473,3421
34828,813350319156411,231094,2,3473,3421
34838,813350319603443,14010,2,3473,3421
34844,813350320089120,241354,2,3473,3421
34854,813350320528495,11823,2,3473,3421
34860,813350321059797,243646,2,3473,3421
34865,813350321508807,12031,2,3473,3421
34872,813350322015318,226718,2,3473,3421
34878,813350322442974,13958,2,3473,3421
34884,813350322975057,221719,2,3473,3421
34889,813350323437922,17031,2,3473,3421
34895,813350323928859,329011,2,3473,3421
34904,813350324416463,17709,2,3473,3421
34911,813350324992297,218646,2,3473,3421
34917,813350325416776,12708,2,3473,3421
34928,813350325916463,225834,2,3473,3421
34933,813350326330578,16719,2,3473,3421
34940,813350326880995,219687,2,3473,3421
34945,813350327313443,12708,2,3473,3421
34951,813350327809015,228282,2,3473,3421
34960,813350328277193,11979,2,3473,3421
34975,813350328761307,212813,2,3473,3421
34983,813350329183286,12500,2,3473,3421
34992,813350329679901,219114,2,3473,3421
35001,813350330070265,13282,2,3473,3421
35005,813350330821880,201302,2,3473,3421
35013,813350331241151,11667,2,3473,3421
35021,813350331784484,249323,2,3473,3421
35030,813350332317818,10520,2,3473,3421
35036,813350332796515,225573,2,3473,3421
35041,813350333219224,12760,2,3473,3421
35048,813350333745057,221979,2,3473,3421
35053,813350334161880,12031,2,3473,3421
35059,813350334638130,222344,2,3473,3421
35064,813350335056984,12344,2,3473,3421
35070,813350335557088,213698,2,3473,3421
35075,813350335969432,11458,2,3473,3421
35087,813350336676880,222188,2,3473,3421
35096,813350337111984,12292,2,3473,3421
35109,813350337663286,225052,2,3473,3421
35117,813350338121880,11458,2,3473,3421
35124,813350338616776,222552,2,3473,3421
35131,813350339036515,22188,2,3473,3421
35142,813350339590265,218073,2,3473,3421
35147,813350340017974,12656,2,3473,3421
35163,813350340502922,230260,2,3473,3421
35170,813350340927661,14532,2,3473,3421
35176,813350341407557,208594,2,3473,3421
35188,813350341796203,10104,2,3473,3421
35194,813350342308911,208386,2,3473,3421
35201,813350342700890,11146,2,3473,3421
35208,813350343179432,207031,2,3473,3421
35216,813350343562609,13490,2,3473,3421
35229,813350344039380,281406,2,3473,3421
35248,813350344488495,10833,2,3473,3421
35264,813350345017922,208906,2,3473,3421
35280,813350345416203,10469,2,3473,3421
35293,813350345871411,214063,2,3473,3421
35309,813350346261099,11406,2,3473,3421
35322,813350346790422,205885,2,3473,3421
35335,813350347191203,10312,2,3473,3421
35347,813350347704276,207083,2,3473,3421
35356,813350348157505,12604,2,3473,3421
35373,813350348634015,241042,2,3473,3421
35384,813350349059224,12656,2,3473,3421
35399,813350349514588,199063,2,3473,3421
35413,813350349891515,10938,2,3473,3421
35431,813350350347974,318750,2,3473,3421
35443,813350350759797,13541,2,3473,3421
35460,813350351234901,235677,2,3473,3421
35471,813350351685995,11198,2,3473,3421
35482,813350352186411,226302,2,3473,3421
35497,813350352618599,13021,2,3473,3421
35504,813350353154380,241042,2,3473,3421
35511,813350353574120,13229,2,3473,3421
35522,813350354065057,209636,2,3473,3421
35537,813350354456724,12500,2,3473,3421
35550,813350354941984,222084,2,3473,3421
35558,813350355393234,17917,2,3473,3421
35564,813350355826463,227865,2,3473,3421
35574,813350356341203,11458,2,3473,3421
35582,813350356831411,210834,2,3473,3421
35588,813350357241880,11510,2,3473,3421
35597,813350357696515,204011,2,3473,3421
35603,813350358079745,10104,2,3473,3421
35613,813350358529224,198906,2,3473,3421
35623,813350358894693,9843,2,3473,3421
35631,813350359356776,245052,2,3473,3421
35639,813350359770838,9323,2,3473,3421
35647,813350360283182,226406,2,3473,3421
35653,813350360680161,10782,2,3473,3421
35660,813350361115422,282656,4,3473,3421
35678,813350362211568,44322,3,3473,3421
39487,813350607711515,36823,2,3473,3421
42180,813350772659015,360938,3,3473,3421
42192,813350773296880,19323,4,3473,3421
42198,813350773674849,254531,4,3473,3421
42206,813350774194953,21302,3,3473,3421
42211,813350774583390,207292,3,3473,3421
42220,813350775002505,24896,2,3473,3421
42226,813350775577557,263281,2,3473,3421
42231,813350776008026,17239,2,3473,3421
42243,813350776550213,267969,4,3473,3421
42256,813350777083703,15937,2,3473,3421
42261,813350777476672,247812,2,3473,3421
42266,813350777934015,23854,2,3473,3421
42273,813350778364901,272396,3,3473,3421
42278,813350778838963,22552,2,3473,3421
42286,813350779239276,268281,4,3473,3421
42292,813350779774380,24896,4,3473,3421
42296,813350780111984,248229,4,3473,3421
42306,813350780636724,24166,4,3473,3421
42310,813350780962765,221407,4,3473,3421
42316,813350781449588,27865,4,3473,3421
42320,813350781782349,227552,4,3473,3421
42326,813350782264224,22708,4,3473,3421
42330,813350782593703,227656,4,3473,3421
42335,813350783064953,21979,3,3473,3421
42340,813350783460057,255781,3,3473,3421
42348,813350783992244,22605,3,3473,3421
42357,813350784351411,227500,3,3473,3421
42363,813350784846203,28281,3,3473,3421
42367,813350785210265,222865,3,3473,3421
42372,813350785694901,19271,4,3473,3421
42377,813350786075317,233490,4,3473,3421
42382,813350786566776,27031,3,3473,3421
42388,813350786966724,235625,3,3473,3421
42393,813350787423494,18594,2,3473,3421
42399,813350787865890,315365,2,3473,3421
42407,813350788305422,12500,2,3473,3421
42414,813350788752609,212552,2,3473,3421
42419,813350789171203,10364,2,3473,3421
42426,813350789590578,198489,2,3473,3421
42435,813350789983703,11614,2,3473,3421
42442,813350790450213,197761,2,3473,3421
42447,813350790846828,15052,2,3473,3421
42453,813350791300369,206823,2,3473,3421
42459,813350791696515,11198,2,3473,3421
42469,813350792109588,214844,2,3473,3421
42479,813350792501567,14427,2,3473,3421
42488,813350792933494,188803,2,3473,3421
42494,813350793340422,11718,2,3473,3421
42507,813350793781567,186771,2,3473,3421
42516,813350794160578,10000,2,3473,3421
42526,813350794616255,192031,2,3473,3421
42534,813350794997765,11927,2,3473,3421
42540,813350795460838,231094,2,3473,3421
42545,813350795888234,10885,2,3473,3421
42554,813350796390265,183594,2,3473,3421
42561,813350796761567,12396,2,3473,3421
42567,813350797207140,195573,2,3473,3421
42572,813350797596776,10885,2,3473,3421
42578,813350798029901,196614,2,3473,3421
42583,813350798429224,12083,2,3473,3421
42589,813350798879172,207187,2,3473,3421
42594,813350799279276,11510,2,3473,3421
42600,813350799737505,199010,2,3473,3421
42606,813350800153807,11823,2,3473,3421
42617,813350800574224,190625,2,3473,3421
42622,813350800951672,10312,2,3473,3421
42628,813350801404640,185469,2,3473,3421
42633,813350801778390,11250,2,3473,3421
42639,813350802211255,225521,2,3473,3421
42644,813350802632661,10521,2,3473,3421
42650,813350803069744,239375,2,3473,3421
42656,813350803589484,17135,2,3473,3421
42663,813350804224172,226927,2,3473,3421
42673,813350804674328,13646,2,3473,3421
42679,813350805181463,193750,2,3473,3421
42684,813350805556203,10364,2,3473,3421
